video,frame,risk_label,count_total,area_frac,bottom_y_norm,center_x_dist,count_in_roi_all,max_area_in_roi_all,max_bottom_y_in_roi_all,fps
flipped_part_004.mp4,0,1,3,0.0309971438023192,0.8055393854777019,0.033469080041956,3,0.0309971438023192,0.8055393854777019,59.96002664890073
flipped_part_004.mp4,1,1,4,0.0312718576845428,0.8057233810424804,0.0357686925817418,4,0.0312718576845428,0.8057233810424804,59.96002664890073
flipped_part_004.mp4,2,1,3,0.0317682628950821,0.8058825174967448,0.0381381282099971,3,0.0317682628950821,0.8058825174967448,59.96002664890073
flipped_part_004.mp4,3,1,3,0.0329419425285703,0.8077423731486003,0.0432557000054253,3,0.0329419425285703,0.8077423731486003,59.96002664890073
flipped_part_004.mp4,4,1,3,0.0337368234464277,0.8091957092285156,0.0472245958116319,3,0.0337368234464277,0.8091957092285156,59.96002664890073
flipped_part_004.mp4,5,1,4,0.0349420530428638,0.8108592987060547,0.0510796158402054,4,0.0349420530428638,0.8108592987060547,59.96002664890073
flipped_part_004.mp4,6,1,4,0.0359184496725598,0.812023417154948,0.0565056694878472,4,0.0359184496725598,0.812023417154948,59.96002664890073
flipped_part_004.mp4,7,1,3,0.0367095010404699,0.8135632197062175,0.0592339127152054,3,0.0367095010404699,0.8135632197062175,59.96002664890073
flipped_part_004.mp4,8,1,4,0.0367781205340806,0.8133593241373698,0.0642384847005208,4,0.0367781205340806,0.8133593241373698,59.96002664890073
flipped_part_004.mp4,9,1,3,0.0375831573601092,0.8144847869873046,0.0685082047073929,3,0.0375831573601092,0.8144847869873046,59.96002664890073
flipped_part_004.mp4,10,1,4,0.0381246288997041,0.8166368484497071,0.0729659751609519,4,0.0381246288997041,0.8166368484497071,59.96002664890073
flipped_part_004.mp4,11,1,4,0.0394114748346651,0.8195805231730143,0.0772931416829427,4,0.0394114748346651,0.8195805231730143,59.96002664890073
flipped_part_004.mp4,12,1,3,0.0394247745384173,0.8206672668457031,0.0808054323549623,3,0.0394247745384173,0.8206672668457031,59.96002664890073
flipped_part_004.mp4,13,1,3,0.0398157076885884,0.8212931315104167,0.0845240275065104,3,0.0398157076885884,0.8212931315104167,59.96002664890073
flipped_part_004.mp4,14,1,4,0.040979697421814,0.8220361709594727,0.0898966471354166,4,0.040979697421814,0.8220361709594727,59.96002664890073
flipped_part_004.mp4,15,1,4,0.0412781220797936,0.8209910074869792,0.0959136680320457,4,0.0412781220797936,0.8209910074869792,59.96002664890073
flipped_part_004.mp4,16,1,4,0.0435093120991304,0.8251049677530925,0.1021904839409722,4,0.0435093120991304,0.8251049677530925,59.96002664890073
flipped_part_004.mp4,17,1,4,0.0441029427222006,0.8258354822794597,0.1077271920663339,4,0.0441029427222006,0.8258354822794597,59.96002664890073
flipped_part_004.mp4,18,1,4,0.0445392990126964,0.8263994216918945,0.1100474039713541,4,0.0445392990126964,0.8263994216918945,59.96002664890073
flipped_part_004.mp4,19,1,3,0.0452648134265877,0.8264247894287109,0.1167590388545283,3,0.0452648134265877,0.8264247894287109,59.96002664890073
flipped_part_004.mp4,20,1,4,0.0460747109641831,0.8272066752115885,0.1208401997884114,4,0.0460747109641831,0.8272066752115885,59.96002664890073
flipped_part_004.mp4,21,1,4,0.0476401734233971,0.8298389434814453,0.1254031428584346,4,0.0476401734233971,0.8298389434814453,59.96002664890073
flipped_part_004.mp4,22,1,4,0.0486341145256301,0.8310310999552409,0.1333045111762152,4,0.0486341145256301,0.8310310999552409,59.96002664890073
flipped_part_004.mp4,23,1,4,0.0495071969027048,0.8326324462890625,0.1386144002278646,4,0.0495071969027048,0.8326324462890625,59.96002664890073
flipped_part_004.mp4,24,1,4,0.0497603979301089,0.8330951690673828,0.142476823594835,4,0.0497603979301089,0.8330951690673828,59.96002664890073
flipped_part_004.mp4,25,1,4,0.0506181556520244,0.8352364222208659,0.1495703520598235,4,0.0506181556520244,0.8352364222208659,59.96002664890073
flipped_part_004.mp4,26,1,5,0.0509517129670388,0.8367879867553711,0.1565292358398437,5,0.0509517129670388,0.8367879867553711,59.96002664890073
flipped_part_004.mp4,27,1,4,0.0521541655009194,0.8389670054117838,0.1637988620334201,4,0.0521541655009194,0.8389670054117838,59.96002664890073
flipped_part_004.mp4,28,1,6,0.0532687389794385,0.8413315455118815,0.1712915773744936,6,0.0532687389794385,0.8413315455118815,59.96002664890073
flipped_part_004.mp4,29,1,5,0.0549989122525935,0.8428461074829101,0.1753922921639901,5,0.0549989122525935,0.8428461074829101,59.96002664890073
flipped_part_004.mp4,30,1,6,0.056958579603589,0.8456911087036133,0.1855334811740451,6,0.056958579603589,0.8456911087036133,59.96002664890073
flipped_part_004.mp4,31,1,4,0.057764386649085,0.8470111846923828,0.1912027147081163,4,0.057764386649085,0.8470111846923828,59.96002664890073
flipped_part_004.mp4,32,1,5,0.0586537394682872,0.8483111063639323,0.1947931925455729,5,0.0586537394682872,0.8483111063639323,59.96002664890073
flipped_part_004.mp4,33,1,4,0.0597541825662052,0.8493156433105469,0.2006255820945457,4,0.0597541825662052,0.8493156433105469,59.96002664890073
flipped_part_004.mp4,34,1,4,0.0614658514200709,0.8494694391886394,0.2115336100260416,4,0.0614658514200709,0.8494694391886394,59.96002664890073
flipped_part_004.mp4,35,1,3,0.0624125022104837,0.8500904083251953,0.2173824734157986,3,0.0624125022104837,0.8500904083251953,59.96002664890073
flipped_part_004.mp4,36,1,4,0.0652033533074912,0.8531534830729167,0.2217336866590711,4,0.0652033533074912,0.8531534830729167,59.96002664890073
flipped_part_004.mp4,37,1,2,0.0655692217493197,0.8530718485514323,0.2312225341796875,2,0.0655692217493197,0.8530718485514323,59.96002664890073
flipped_part_004.mp4,38,1,2,0.0661000706406129,0.8531784057617188,0.2361538357204861,2,0.0661000706406129,0.8531784057617188,59.96002664890073
flipped_part_004.mp4,39,1,3,0.0681567684961245,0.8566265741984049,0.2451476768211082,3,0.0681567684961245,0.8566265741984049,59.96002664890073
flipped_part_004.mp4,40,1,2,0.0702894200282699,0.859840456644694,0.253703279848452,2,0.0702894200282699,0.859840456644694,59.96002664890073
flipped_part_004.mp4,41,1,2,0.0726500606116907,0.8628336588541666,0.2619644730179398,2,0.0726500606116907,0.8628336588541666,59.96002664890073
flipped_part_004.mp4,42,1,2,0.0742620435530423,0.8648096720377604,0.2710038926866319,2,0.0742620435530423,0.8648096720377604,59.96002664890073
flipped_part_004.mp4,43,1,2,0.0762126697160096,0.8671702067057292,0.2781361897786458,2,0.0762126697160096,0.8671702067057292,59.96002664890073
flipped_part_004.mp4,44,1,2,0.0777483823564317,0.8677894592285156,0.2869459364149305,2,0.0777483823564317,0.8677894592285156,59.96002664890073
flipped_part_004.mp4,45,1,5,0.0791834114153472,0.869789187113444,0.2925189548068576,5,0.0791834114153472,0.869789187113444,59.96002664890073
flipped_part_004.mp4,46,1,6,0.0814803076800739,0.8720827102661133,0.299052400942202,6,0.0814803076800739,0.8720827102661133,59.96002664890073
flipped_part_004.mp4,47,1,5,0.0836744222295237,0.8745058695475261,0.3092898898654513,5,0.0836744222295237,0.8745058695475261,59.96002664890073
flipped_part_004.mp4,48,1,5,0.0874740919732074,0.87616392771403,0.3140299479166666,5,0.0874740919732074,0.87616392771403,59.96002664890073
flipped_part_004.mp4,49,1,6,0.0894928852333342,0.8774581909179687,0.3233722262912326,6,0.0894928852333342,0.8774581909179687,59.96002664890073
flipped_part_004.mp4,50,1,6,0.091859711512063,0.8804439544677735,0.3333474053276909,6,0.091859711512063,0.8804439544677735,59.96002664890073
flipped_part_004.mp4,51,1,5,0.0952433870567862,0.885441780090332,0.3445090964988426,5,0.0952433870567862,0.885441780090332,59.96002664890073
flipped_part_004.mp4,52,1,4,0.0981338002224219,0.8885974884033203,0.3535478379991319,4,0.0981338002224219,0.8885974884033203,59.96002664890073
flipped_part_004.mp4,53,1,4,0.1001344865897165,0.8908699035644532,0.3630355834960937,4,0.1001344865897165,0.8908699035644532,59.96002664890073
flipped_part_004.mp4,54,1,4,0.1027522906383361,0.8931264877319336,0.3706278483072917,4,0.1027522906383361,0.8931264877319336,59.96002664890073
flipped_part_004.mp4,55,1,4,0.1067909648134136,0.8971521377563476,0.3817756087691695,4,0.1067909648134136,0.8971521377563476,59.96002664890073
flipped_part_004.mp4,56,1,4,0.1097340857172291,0.8996052424112956,0.3927767718279803,4,0.1097340857172291,0.8996052424112956,59.96002664890073
flipped_part_004.mp4,57,1,5,0.1141547237978087,0.902715555826823,0.4058854562264901,5,0.1141547237978087,0.902715555826823,59.96002664890073
flipped_part_004.mp4,58,1,6,0.1165652209319954,0.9049536387125652,0.4167424519856771,6,0.1165652209319954,0.9049536387125652,59.96002664890073
flipped_part_004.mp4,59,1,5,0.120009380854475,0.9074534098307292,0.429605554651331,5,0.120009380854475,0.9074534098307292,59.96002664890073
flipped_part_004.mp4,60,1,6,0.1235016317409463,0.9109012603759764,0.436371753833912,6,0.1235016317409463,0.9109012603759764,59.96002664890073
flipped_part_004.mp4,61,1,5,0.1263077740678757,0.9143681208292644,0.4403949313693576,5,0.1263077740678757,0.9143681208292644,59.96002664890073
flipped_part_004.mp4,62,1,5,0.1308441718075644,0.9208893458048504,0.4382156372070312,5,0.1308441718075644,0.9208893458048504,59.96002664890073
flipped_part_004.mp4,63,1,5,0.1338850223185727,0.9264093399047852,0.4397215666594328,5,0.1338850223185727,0.9264093399047852,59.96002664890073
flipped_part_004.mp4,64,1,5,0.1382981736492365,0.9307035446166992,0.4349957501446759,5,0.1382981736492365,0.9307035446166992,59.96002664890073
flipped_part_004.mp4,65,1,5,0.1387144043841787,0.9323257446289064,0.4392271253797743,5,0.1387144043841787,0.9323257446289064,59.96002664890073
flipped_part_004.mp4,66,1,4,0.1409788614393996,0.938102912902832,0.4444914358633536,4,0.1409788614393996,0.938102912902832,59.96002664890073
flipped_part_004.mp4,67,1,5,0.1439168191931848,0.9434364318847656,0.4451628225821036,5,0.1439168191931848,0.9434364318847656,59.96002664890073
flipped_part_004.mp4,68,1,4,0.1456294380517404,0.947170066833496,0.4469195048014323,4,0.1456294380517404,0.947170066833496,59.96002664890073
flipped_part_004.mp4,69,1,4,0.1465029745267411,0.9515904108683269,0.4523645471643518,4,0.1465029745267411,0.9515904108683269,59.96002664890073
flipped_part_004.mp4,70,1,3,0.148636722592292,0.9570053736368817,0.4546547218605324,3,0.148636722592292,0.9570053736368817,59.96002664890073
flipped_part_004.mp4,71,1,4,0.1504097491269931,0.9613028208414712,0.45623779296875,4,0.1504097491269931,0.9613028208414712,59.96002664890073
flipped_part_004.mp4,72,1,4,0.1540681961961349,0.9707324981689454,0.459128655327691,4,0.1540681961961349,0.9707324981689454,59.96002664890073
flipped_part_004.mp4,73,1,4,0.1551054807535062,0.9743896484375,0.4603922526041666,4,0.1551054807535062,0.9743896484375,59.96002664890073
flipped_part_004.mp4,74,1,4,0.1582217767074083,0.9824081420898436,0.4643242730034722,4,0.1582217767074083,0.9824081420898436,59.96002664890073
flipped_part_004.mp4,75,1,4,0.1618373931768507,0.9896896362304688,0.4666599697536892,4,0.1618373931768507,0.9896896362304688,59.96002664890073
flipped_part_004.mp4,76,1,4,0.1602476334416618,0.9887691497802734,0.4711030748155382,4,0.1602476334416618,0.9887691497802734,59.96002664890073
flipped_part_004.mp4,77,1,4,0.1629466207535006,0.9962245941162108,0.4735068992332176,4,0.1629466207535006,0.9962245941162108,59.96002664890073
flipped_part_004.mp4,78,1,4,0.1634536464503293,0.9985549926757812,0.4759659943757234,4,0.1634536464503293,0.9985549926757812,59.96002664890073
flipped_part_004.mp4,79,1,4,0.1644271059682338,0.9994330088297526,0.4751787538881655,4,0.1644271059682338,0.9994330088297526,59.96002664890073
flipped_part_004.mp4,80,1,3,0.1645940928160174,0.9994955062866212,0.4801213582356771,3,0.1645940928160174,0.9994955062866212,59.96002664890073
flipped_part_004.mp4,81,1,3,0.1645910020492881,0.999589157104492,0.4816529450593171,3,0.1645910020492881,0.999589157104492,59.96002664890073
flipped_part_004.mp4,82,1,3,0.1631072760374216,0.999604606628418,0.4828419438114872,3,0.1631072760374216,0.999604606628418,59.96002664890073
flipped_part_004.mp4,83,1,3,0.1623192613040575,0.9996395111083984,0.4843153776945891,3,0.1623192613040575,0.9996395111083984,59.96002664890073
flipped_part_004.mp4,84,1,3,0.1621085839510074,0.9995601654052736,0.4862844396520544,3,0.1621085839510074,0.9995601654052736,59.96002664890073
flipped_part_004.mp4,85,1,3,0.1609339638973621,0.9992884318033854,0.4880522551359953,3,0.1609339638973621,0.9992884318033854,59.96002664890073
flipped_part_004.mp4,86,1,3,0.1607415912672877,0.999272918701172,0.4902070787217882,3,0.1607415912672877,0.999272918701172,59.96002664890073
flipped_part_004.mp4,87,1,3,0.1604311049833066,0.9994470596313476,0.4918674045138889,3,0.1604311049833066,0.9994470596313476,59.96002664890073
flipped_part_004.mp4,88,1,3,0.1591208901841633,0.9994548797607422,0.4942058987087673,3,0.1591208901841633,0.9994548797607422,59.96002664890073
flipped_part_004.mp4,89,1,3,0.1580051869554064,0.9994367599487304,0.4988875212492766,3,0.1580051869554064,0.9994367599487304,59.96002664890073
flipped_part_004.mp4,90,1,3,0.1575422807918814,0.9993644714355469,0.4985227796766493,3,0.1575422807918814,0.9993644714355469,59.96002664890073
flipped_part_004.mp4,91,1,3,0.1566345138661563,0.9993921915690104,0.501318359375,3,0.1566345138661563,0.9993921915690104,59.96002664890073
flipped_part_004.mp4,92,1,3,0.1556280906279183,0.9993255615234377,0.503526136610243,3,0.1556280906279183,0.9993255615234377,59.96002664890073
flipped_part_004.mp4,93,1,3,0.1549212162442401,0.999413553873698,0.5073031955295139,3,0.1549212162442401,0.999413553873698,59.96002664890073
flipped_part_004.mp4,94,1,3,0.1538704993302451,0.9993902206420898,0.5089895742910879,3,0.1538704993302451,0.9993902206420898,59.96002664890073
flipped_part_004.mp4,95,1,3,0.1518512346262987,0.99947509765625,0.5161888405128762,3,0.1518512346262987,0.99947509765625,59.96002664890073
flipped_part_004.mp4,96,1,3,0.1524623050543955,0.9994209289550782,0.5158880728262442,3,0.1524623050543955,0.9994209289550782,59.96002664890073
flipped_part_004.mp4,97,1,3,0.1521817413537064,0.99940611521403,0.515493322301794,3,0.1521817413537064,0.99940611521403,59.96002664890073
flipped_part_004.mp4,98,1,3,0.1510449962981511,0.9993583679199218,0.5192274305555555,3,0.1510449962981511,0.9993583679199218,59.96002664890073
flipped_part_004.mp4,99,1,3,0.1495227439512023,0.9994340896606444,0.5230224044234665,3,0.1495227439512023,0.9994340896606444,59.96002664890073
flipped_part_004.mp4,100,1,3,0.147650271641194,0.9994258880615234,0.5249057345920138,3,0.147650271641194,0.9994258880615234,59.96002664890073
flipped_part_004.mp4,101,1,3,0.1466487893582692,0.9994850158691406,0.5264464201750578,3,0.1466487893582692,0.9994850158691406,59.96002664890073
flipped_part_004.mp4,102,1,3,0.1458602451968343,0.9995061874389648,0.5286475287543403,3,0.1458602451968343,0.9995061874389648,59.96002664890073
flipped_part_004.mp4,103,1,3,0.1453739711604107,0.9994903564453124,0.5319629245334201,3,0.1453739711604107,0.9994903564453124,59.96002664890073
flipped_part_004.mp4,104,1,3,0.1452031216865698,0.9994701385498048,0.5346677426938657,3,0.1452031216865698,0.9994701385498048,59.96002664890073
flipped_part_004.mp4,105,1,3,0.1448842326049257,0.9996021906534832,0.5361039338288484,3,0.1448842326049257,0.9996021906534832,59.96002664890073
flipped_part_004.mp4,106,1,3,0.1435471083888357,0.9994564056396484,0.5376837271231192,3,0.1435471083888357,0.9994564056396484,59.96002664890073
flipped_part_004.mp4,107,1,3,0.1435963528200065,0.9997110366821288,0.540238274468316,3,0.1435963528200065,0.9997110366821288,59.96002664890073
flipped_part_004.mp4,108,1,3,0.1431858835638397,0.9996126174926758,0.540960693359375,3,0.1431858835638397,0.9996126174926758,59.96002664890073
flipped_part_004.mp4,109,1,3,0.1433743342075225,0.9997799555460612,0.5427566528320312,3,0.1433743342075225,0.9997799555460612,59.96002664890073
flipped_part_004.mp4,110,1,3,0.1420351281103622,0.9994443893432616,0.546276346842448,3,0.1420351281103622,0.9994443893432616,59.96002664890073
flipped_part_004.mp4,111,1,3,0.139099803647906,0.9997055053710936,0.5519198947482639,3,0.139099803647906,0.9997055053710936,59.96002664890073
flipped_part_004.mp4,112,1,3,0.1385071794801128,0.9983642578125,0.5545281869393808,3,0.1385071794801128,0.9983642578125,59.96002664890073
flipped_part_004.mp4,113,1,3,0.1371219594547356,0.9993038177490234,0.556757891619647,3,0.1371219594547356,0.9993038177490234,59.96002664890073
flipped_part_004.mp4,114,1,3,0.137247480772925,0.999188232421875,0.5586506596317997,3,0.137247480772925,0.999188232421875,59.96002664890073
flipped_part_004.mp4,115,1,3,0.1355954931292217,0.9992022196451824,0.562237548828125,3,0.1355954931292217,0.9992022196451824,59.96002664890073
flipped_part_004.mp4,116,1,3,0.1336993924993375,0.9994356155395508,0.5655846489800347,3,0.1336993924993375,0.9994356155395508,59.96002664890073
flipped_part_004.mp4,117,1,3,0.1328879805349667,0.9991729736328124,0.5709048235857929,3,0.1328879805349667,0.9991729736328124,59.96002664890073
flipped_part_004.mp4,118,1,3,0.1317224062604752,0.9992036819458008,0.5756968180338542,3,0.1317224062604752,0.9992036819458008,59.96002664890073
flipped_part_004.mp4,119,1,4,0.1312201123183627,0.9993364334106444,0.5783083315248843,4,0.1312201123183627,0.9993364334106444,59.96002664890073
flipped_part_004.mp4,120,0,4,0.1309131497660375,0.9994514465332032,0.5781010380497685,4,0.1309131497660375,0.9994514465332032,59.96002664890073
flipped_part_004.mp4,121,0,3,0.1305434083458277,0.999473762512207,0.5821671662507234,3,0.1305434083458277,0.999473762512207,59.96002664890073
flipped_part_004.mp4,122,0,4,0.1300661845278874,0.9994302749633788,0.5841067843967014,4,0.1300661845278874,0.9994302749633788,59.96002664890073
flipped_part_004.mp4,123,0,3,0.1298330674571363,0.999308967590332,0.5869421499746817,3,0.1298330674571363,0.999308967590332,59.96002664890073
flipped_part_004.mp4,124,0,3,0.128279388344963,0.9992970148722332,0.5917652836552373,3,0.128279388344963,0.9992970148722332,59.96002664890073
flipped_part_004.mp4,125,0,4,0.1250943302790624,0.9992630004882812,0.5951440316659433,3,0.1250943302790624,0.9992630004882812,59.96002664890073
flipped_part_004.mp4,126,0,4,0.1235642377558785,0.9992498397827148,0.5966789528175637,3,0.1235642377558785,0.9992498397827148,59.96002664890073
flipped_part_004.mp4,127,0,5,0.1208121272964247,0.9992887496948242,0.6001142148618345,3,0.0075298074277169,0.7289879480997722,59.96002664890073
flipped_part_004.mp4,128,0,4,0.1185732512504155,0.99928035736084,0.6058742381908275,2,0.0074153163447691,0.7289696375528971,59.96002664890073
flipped_part_004.mp4,129,0,4,0.1173036057660305,0.9993066787719728,0.6079568933557581,2,0.0076044713432202,0.7290915171305339,59.96002664890073
flipped_part_004.mp4,130,0,4,0.1150534156725431,0.999363136291504,0.6150593510380498,2,0.0077029696674112,0.7293148040771484,59.96002664890073
flipped_part_004.mp4,131,0,4,0.114179643625415,0.999394416809082,0.6178384286385995,2,0.0077478704552049,0.7293211619059244,59.96002664890073
flipped_part_004.mp4,132,0,4,0.1117564983662062,0.9993844985961914,0.6218532986111112,2,0.0079551718154538,0.729438845316569,59.96002664890073
flipped_part_004.mp4,133,0,4,0.110055460165798,0.999357032775879,0.6243361861617477,2,0.0079338044883183,0.7294738133748372,59.96002664890073
flipped_part_004.mp4,134,0,4,0.1086595616882873,0.999392318725586,0.6274485270182292,2,0.0080110959876846,0.7300001780192057,59.96002664890073
flipped_part_004.mp4,135,0,4,0.1061382322385907,0.999380111694336,0.6318080195674189,2,0.0081599931217109,0.7306711196899414,59.96002664890073
flipped_part_004.mp4,136,0,4,0.1031834083627392,0.999375343322754,0.6381344265407987,2,0.0082687688490194,0.7304587046305339,59.96002664890073
flipped_part_004.mp4,137,0,4,0.1016462323052757,0.99937801361084,0.6441606309678819,2,0.008367113158747,0.730746078491211,59.96002664890073
flipped_part_004.mp4,138,0,4,0.0998175571714657,0.9993629455566406,0.6486086810076678,2,0.0082816783839371,0.7308599472045898,59.96002664890073
flipped_part_004.mp4,139,0,4,0.0980450802634004,0.9993841171264648,0.6541408962673612,2,0.0084162631491199,0.7313561121622721,59.96002664890073
flipped_part_004.mp4,140,0,4,0.0961510084207273,0.9993270874023438,0.6613984284577547,2,0.0084176256422263,0.7318676630655925,59.96002664890073
flipped_part_004.mp4,141,0,4,0.0939719132803643,0.999517059326172,0.666686616120515,2,0.008399999832812,0.732373046875,59.96002664890073
flipped_part_004.mp4,142,0,4,0.0931209006346762,0.9995773315429688,0.669549560546875,2,0.0085527928220215,0.7327836990356446,59.96002664890073
flipped_part_004.mp4,143,0,4,0.0919276074529625,0.9995931625366212,0.6737377025462963,2,0.0087208187179122,0.7330282847086589,59.96002664890073
flipped_part_004.mp4,144,0,4,0.0901903453297348,0.9993046442667644,0.6795609650788483,2,0.0087337478467573,0.7330835342407227,59.96002664890073
flipped_part_004.mp4,145,0,4,0.088073724647197,0.9994709014892578,0.6854740284107349,2,0.0088454782206243,0.7333430608113607,59.96002664890073
flipped_part_004.mp4,146,0,4,0.0863696425565285,0.999427858988444,0.690598890516493,2,0.009039616646866,0.7339682261149089,59.96002664890073
flipped_part_004.mp4,147,0,4,0.0847484457328553,0.9993984858194987,0.6944291856553819,2,0.0092480158237855,0.734067153930664,59.96002664890073
flipped_part_004.mp4,148,0,4,0.0810049116640584,0.9993885040283204,0.7041052924262152,2,0.0093942468326228,0.7350160598754882,59.96002664890073
flipped_part_004.mp4,149,0,4,0.0791158557346918,0.9993648529052734,0.7101784035011575,2,0.0094914626754837,0.7352179209391276,59.96002664890073
flipped_part_004.mp4,150,0,4,0.0769227087794678,0.9994491577148438,0.7171898170753762,2,0.0096714326900352,0.7353923797607422,59.96002664890073
flipped_part_004.mp4,151,0,4,0.0735189759485527,0.9994381586710612,0.7245292946144387,2,0.0096746064999024,0.7356970469156902,59.96002664890073
flipped_part_004.mp4,152,0,4,0.070063043673333,0.9994064331054688,0.7336274323640046,2,0.0098006987147123,0.7356859842936198,59.96002664890073
flipped_part_004.mp4,153,0,4,0.0694590709808593,0.9992517471313476,0.7374094645182292,2,0.0099399438048648,0.7359575271606446,59.96002664890073
flipped_part_004.mp4,154,0,4,0.0662354176139881,0.9993465423583984,0.7455681129738136,2,0.0101645160023192,0.7364410400390625,59.96002664890073
flipped_part_004.mp4,155,0,4,0.0636090756644262,0.9993677139282228,0.7525819001374421,2,0.0101108289099,0.736692237854004,59.96002664890073
flipped_part_004.mp4,156,0,4,0.0605639498788298,0.9995601654052736,0.7604745935510706,2,0.0103557700353364,0.7371437072753906,59.96002664890073
flipped_part_004.mp4,157,0,4,0.055788500914695,0.999570147196452,0.7710124828197338,2,0.0103828332769787,0.7377186457316081,59.96002664890073
flipped_part_004.mp4,158,0,4,0.0531974406234695,0.999656867980957,0.777859440556279,2,0.0104155783138358,0.7380453745524088,59.96002664890073
flipped_part_004.mp4,159,0,4,0.0508004278767233,0.9996965408325196,0.7855170355902777,2,0.010806167465516,0.7385854721069336,59.96002664890073
flipped_part_004.mp4,160,0,4,0.0476116857594051,0.9996774673461916,0.794774486400463,2,0.0107870118938282,0.7389175415039062,59.96002664890073
flipped_part_004.mp4,161,0,4,0.0446716253092745,0.9994142532348632,0.8032818264431424,2,0.0108223610434732,0.7394091924031575,59.96002664890073
flipped_part_004.mp4,162,0,4,0.0409269586805847,0.9994192123413086,0.8176780983253762,2,0.0112233532703392,0.7397242228190104,59.96002664890073
flipped_part_004.mp4,163,0,4,0.0388068843344593,0.9994840621948242,0.8244916562680845,2,0.0112284750123055,0.7402732849121094,59.96002664890073
flipped_part_004.mp4,164,0,4,0.0361388720726568,0.9996864318847656,0.8373493335865162,2,0.0111020918388493,0.7405218760172526,59.96002664890073
flipped_part_004.mp4,165,0,4,0.0332753255229908,0.9999512354532878,0.8476433082863136,2,0.0115148409640554,0.7406856536865234,59.96002664890073
flipped_part_004.mp4,166,0,4,0.0300536294215514,0.9993179321289064,0.8595180935329861,2,0.0113539946265806,0.7407912572224935,59.96002664890073
flipped_part_004.mp4,167,0,4,0.0272463191197689,0.9996564865112304,0.8712893450701679,2,0.0113014803656066,0.7413854598999023,59.96002664890073
flipped_part_004.mp4,168,0,4,0.0262820611717567,0.8080286661783854,0.7920088591399016,2,0.0114799057008349,0.7417311350504557,59.96002664890073
flipped_part_004.mp4,169,0,5,0.0263625391821928,0.8086885452270508,0.7947858457212095,2,0.0115106207340701,0.7422653198242187,59.96002664890073
flipped_part_004.mp4,170,0,5,0.0268685084618455,0.8138648986816406,0.796263744212963,2,0.0115415056281145,0.742559814453125,59.96002664890073
flipped_part_004.mp4,171,0,3,0.0266645982335494,0.8151211420694987,0.7995989764178241,2,0.0117721919217836,0.7428929011027018,59.96002664890073
flipped_part_004.mp4,172,0,3,0.0280329938686918,0.826498285929362,0.8043699476453993,2,0.0120913754158472,0.743152936299642,59.96002664890073
flipped_part_004.mp4,173,0,3,0.0281216517706612,0.8284180323282878,0.8069752445927373,2,0.0122241115074297,0.7436051686604818,59.96002664890073
flipped_part_004.mp4,174,0,3,0.0271970861888473,0.8257351557413737,0.8098428796838831,2,0.0125933750852494,0.7444732666015625,59.96002664890073
flipped_part_004.mp4,175,0,3,0.0253963536956062,0.8181297302246093,0.8132381863064236,2,0.0125708843919629,0.7452060063680013,59.96002664890073
flipped_part_004.mp4,176,0,3,0.0253280390473082,0.8210914611816407,0.8182736997251158,2,0.0126779519481998,0.745738665262858,59.96002664890073
flipped_part_004.mp4,177,0,3,0.0251714003756448,0.8225084940592448,0.8212919447157118,2,0.0132053966146971,0.7461617151896159,59.96002664890073
flipped_part_004.mp4,178,0,3,0.0249664101710422,0.8233816146850585,0.8251147234881365,2,0.0134773640244707,0.7465925216674805,59.96002664890073
flipped_part_004.mp4,179,0,3,0.0243917558521692,0.8223594665527344,0.8284496731228299,2,0.0135466717419869,0.7466264088948568,59.96002664890073
flipped_part_004.mp4,180,0,3,0.0241964699400489,0.8250093460083008,0.8317972253870081,2,0.0136006994219496,0.7469822565714518,59.96002664890073
flipped_part_004.mp4,181,0,3,0.0242116170267884,0.8267409006754557,0.8333387586805555,2,0.0139184328955727,0.7468569437662761,59.96002664890073
flipped_part_004.mp4,182,0,3,0.0237629342095978,0.8290411631266276,0.8363842434353299,2,0.014651508527685,0.7477523803710937,59.96002664890073
flipped_part_004.mp4,183,0,3,0.0233644295045473,0.8297431945800782,0.8393640588831018,2,0.0146413033396432,0.7484771728515625,59.96002664890073
flipped_part_004.mp4,184,0,3,0.0230646190127461,0.8306082407633464,0.8429531521267362,2,0.0147835364138397,0.7490273157755534,59.96002664890073
flipped_part_004.mp4,185,0,3,0.0224191646141547,0.8311913172403972,0.8479647601092303,2,0.0147457774933341,0.749255116780599,59.96002664890073
flipped_part_004.mp4,186,0,3,0.0217457196460627,0.8309423446655273,0.8516153406213831,2,0.0147090010239346,0.7499663670857747,59.96002664890073
flipped_part_004.mp4,187,0,3,0.0211080483400965,0.8314336776733399,0.8558569448965567,2,0.0148272594195549,0.7498642603556315,59.96002664890073
flipped_part_004.mp4,188,0,3,0.0203296436074608,0.8318714141845703,0.8608803643120659,2,0.0150507989818773,0.7502451578776042,59.96002664890073
flipped_part_004.mp4,189,0,3,0.0203953172091429,0.8338541030883789,0.8637055573640047,2,0.0150221608120935,0.7508860270182292,59.96002664890073
flipped_part_004.mp4,190,0,3,0.0199847442468119,0.836170768737793,0.8672637374312789,2,0.0154947876018316,0.7515911102294922,59.96002664890073
flipped_part_004.mp4,191,0,3,0.019560788180679,0.8374666213989258,0.8720136854383681,2,0.0157517588196356,0.7517363230387369,59.96002664890073
flipped_part_004.mp4,192,0,4,0.018623402539438,0.8374359766642253,0.8770535504376447,3,0.016741487307364,0.7526817957560221,59.96002664890073
flipped_part_004.mp4,193,0,3,0.018036251263736,0.8375188827514648,0.8810322514286748,2,0.0165599222312556,0.7529466629028321,59.96002664890073
flipped_part_004.mp4,194,0,3,0.0174007730397473,0.8381168365478515,0.8847829182942708,2,0.0166219066240052,0.7538218180338542,59.96002664890073
flipped_part_004.mp4,195,0,3,0.0170366328989513,0.7542734781901042,0.3122058444552951,2,0.0170366328989513,0.7542734781901042,59.96002664890073
flipped_part_004.mp4,196,0,3,0.0169151849637273,0.754899533589681,0.3148501360857928,2,0.0169151849637273,0.754899533589681,59.96002664890073
flipped_part_004.mp4,197,0,3,0.0172291350365547,0.7552880605061849,0.3194747359664351,2,0.0172291350365547,0.7552880605061849,59.96002664890073
flipped_part_004.mp4,198,0,3,0.0174398581271654,0.7555039087931316,0.3237612688982928,2,0.0174398581271654,0.7555039087931316,59.96002664890073
flipped_part_004.mp4,199,0,3,0.0174887422947601,0.7558124542236329,0.3266328034577546,2,0.0174887422947601,0.7558124542236329,59.96002664890073
flipped_part_004.mp4,200,0,3,0.0178550179208913,0.756550661722819,0.3296808878580729,2,0.0178550179208913,0.756550661722819,59.96002664890073
flipped_part_004.mp4,201,0,3,0.0180033602902808,0.756732432047526,0.3318980464228877,2,0.0180033602902808,0.756732432047526,59.96002664890073
flipped_part_004.mp4,202,0,3,0.0184013554905498,0.7576241175333659,0.3357779608832465,2,0.0184013554905498,0.7576241175333659,59.96002664890073
flipped_part_004.mp4,203,0,3,0.0186003250804302,0.7579943339029948,0.3395289103190104,2,0.0186003250804302,0.7579943339029948,59.96002664890073
flipped_part_004.mp4,204,0,3,0.0189478581989533,0.7585709253946941,0.342738116229022,2,0.0189478581989533,0.7585709253946941,59.96002664890073
flipped_part_004.mp4,205,0,3,0.0188315342361521,0.7583317438761393,0.3451470269097222,2,0.0188315342361521,0.7583317438761393,59.96002664890073
flipped_part_004.mp4,206,0,3,0.01943247535483,0.7593284606933594,0.3489093921802662,2,0.01943247535483,0.7593284606933594,59.96002664890073
flipped_part_004.mp4,207,0,3,0.0196637349988062,0.7604147593180338,0.3508018776222512,2,0.0196637349988062,0.7604147593180338,59.96002664890073
flipped_part_004.mp4,208,0,3,0.0199849826090697,0.7609062194824219,0.354088959870515,2,0.0199849826090697,0.7609062194824219,59.96002664890073
flipped_part_004.mp4,209,0,3,0.020125184144773,0.7609888712565104,0.3578928629557291,2,0.020125184144773,0.7609888712565104,59.96002664890073
flipped_part_004.mp4,210,0,3,0.0204002036231233,0.7614400863647461,0.3626783582899305,2,0.0204002036231233,0.7614400863647461,59.96002664890073
flipped_part_004.mp4,211,0,3,0.020594226480979,0.7620519638061524,0.3660894888418692,2,0.020594226480979,0.7620519638061524,59.96002664890073
flipped_part_004.mp4,212,0,3,0.0209259808219805,0.7629412333170573,0.3719332659686053,2,0.0209259808219805,0.7629412333170573,59.96002664890073
flipped_part_004.mp4,213,0,3,0.021439939606676,0.7640039443969726,0.3759701199001736,2,0.021439939606676,0.7640039443969726,59.96002664890073
flipped_part_004.mp4,214,0,2,0.0217484096604446,0.7646791458129882,0.3787429809570312,2,0.0217484096604446,0.7646791458129882,59.96002664890073
flipped_part_004.mp4,215,0,2,0.0222694726906613,0.7659093856811523,0.3826161702473958,2,0.0222694726906613,0.7659093856811523,59.96002664890073
flipped_part_004.mp4,216,0,2,0.0225329569698294,0.7664596557617187,0.3865752608687789,2,0.0225329569698294,0.7664596557617187,59.96002664890073
flipped_part_004.mp4,217,0,2,0.0229279635903852,0.7669273376464844,0.3884666725441261,2,0.0229279635903852,0.7669273376464844,59.96002664890073
flipped_part_004.mp4,218,0,2,0.0234456885462794,0.7674991607666015,0.3924237851743345,2,0.0234456885462794,0.7674991607666015,59.96002664890073
flipped_part_004.mp4,219,0,2,0.0238355422957101,0.7677892684936524,0.3972306993272569,2,0.0238355422957101,0.7677892684936524,59.96002664890073
flipped_part_004.mp4,220,0,2,0.0242360323270744,0.7680639266967774,0.4005621450918692,2,0.0242360323270744,0.7680639266967774,59.96002664890073
flipped_part_004.mp4,221,0,2,0.0245368054993579,0.7682516733805339,0.4031092325846354,2,0.0245368054993579,0.7682516733805339,59.96002664890073
flipped_part_004.mp4,222,0,2,0.0246934678982749,0.7685670852661133,0.4065422340675637,2,0.0246934678982749,0.7685670852661133,59.96002664890073
flipped_part_004.mp4,223,0,2,0.0250800919317299,0.7689211527506511,0.4100649798357928,2,0.0250800919317299,0.7689211527506511,59.96002664890073
flipped_part_004.mp4,224,0,2,0.0255746280919993,0.769358762105306,0.4163458930121528,2,0.0255746280919993,0.769358762105306,59.96002664890073
flipped_part_004.mp4,225,0,2,0.0258400423571583,0.7702124277750652,0.4204818725585937,2,0.0258400423571583,0.7702124277750652,59.96002664890073
flipped_part_004.mp4,226,0,2,0.0265890752116683,0.771152114868164,0.425958251953125,2,0.0265890752116683,0.771152114868164,59.96002664890073
flipped_part_004.mp4,227,0,2,0.0270127190238175,0.7720245997111003,0.4314853244357639,2,0.0270127190238175,0.7720245997111003,59.96002664890073
flipped_part_004.mp4,228,0,2,0.0273733099473045,0.7725000381469727,0.4356470743815104,2,0.0273733099473045,0.7725000381469727,59.96002664890073
flipped_part_004.mp4,229,0,2,0.0281075124075869,0.7735761642456055,0.4406575520833333,2,0.0281075124075869,0.7735761642456055,59.96002664890073
flipped_part_004.mp4,230,0,2,0.0285454095987693,0.7742176055908203,0.4447463989257812,2,0.0285454095987693,0.7742176055908203,59.96002664890073
flipped_part_004.mp4,231,0,2,0.0289665872900513,0.7751253128051758,0.4455325091326678,2,0.0289665872900513,0.7751253128051758,59.96002664890073
flipped_part_004.mp4,232,0,2,0.0293846095207414,0.7753018697102865,0.4531494140625,2,0.0293846095207414,0.7753018697102865,59.96002664890073
flipped_part_004.mp4,233,0,2,0.0302169733608779,0.7763862609863281,0.4595828021014178,2,0.0302169733608779,0.7763862609863281,59.96002664890073
flipped_part_004.mp4,234,0,2,0.0306080098636448,0.7767772674560547,0.4632317437065972,2,0.0306080098636448,0.7767772674560547,59.96002664890073
flipped_part_004.mp4,235,0,2,0.0309896324889628,0.7788016001383463,0.4675600970232928,2,0.0309896324889628,0.7788016001383463,59.96002664890073
flipped_part_004.mp4,236,0,2,0.0311722393396646,0.7794944763183593,0.4709483959056713,2,0.0311722393396646,0.7794944763183593,59.96002664890073
flipped_part_004.mp4,237,0,2,0.0317158733903326,0.7799810409545899,0.4764768247251157,2,0.0317158733903326,0.7799810409545899,59.96002664890073
flipped_part_004.mp4,238,0,2,0.0328050980936839,0.7808638254801432,0.4812141701027199,2,0.0328050980936839,0.7808638254801432,59.96002664890073
flipped_part_004.mp4,239,0,2,0.0332433196448686,0.7815298716227214,0.4878907945421007,2,0.0332433196448686,0.7815298716227214,59.96002664890073
flipped_part_004.mp4,240,0,2,0.0345418983404265,0.7829944610595703,0.4887879548249421,2,0.0345418983404265,0.7829944610595703,59.96002664890073
flipped_part_004.mp4,241,0,2,0.0353859640362551,0.7843123118082682,0.4956586484555845,2,0.0353859640362551,0.7843123118082682,59.96002664890073
flipped_part_004.mp4,242,0,2,0.035960988453654,0.7859457015991211,0.5005601105866608,2,0.035960988453654,0.7859457015991211,59.96002664890073
flipped_part_004.mp4,243,0,2,0.0369064312344805,0.7862833658854167,0.5077520864981192,2,0.0369064312344805,0.7862833658854167,59.96002664890073
flipped_part_004.mp4,244,0,2,0.0372796011102144,0.787089729309082,0.5140601264105903,2,0.0372796011102144,0.787089729309082,59.96002664890073
flipped_part_004.mp4,245,0,2,0.037675923047225,0.7876652399698894,0.5189787122938369,2,0.037675923047225,0.7876652399698894,59.96002664890073
flipped_part_004.mp4,246,0,2,0.038006315379397,0.7884182612101237,0.5253817522967303,2,0.038006315379397,0.7884182612101237,59.96002664890073
flipped_part_004.mp4,247,0,2,0.038413266884163,0.7893489837646485,0.5310898957429109,2,0.038413266884163,0.7893489837646485,59.96002664890073
flipped_part_004.mp4,248,0,2,0.0392716568807372,0.790743891398112,0.538649664984809,2,0.0392716568807372,0.790743891398112,59.96002664890073
flipped_part_004.mp4,249,0,2,0.040142340793326,0.7917172114054362,0.5425804985894097,2,0.040142340793326,0.7917172114054362,59.96002664890073
flipped_part_004.mp4,250,0,2,0.0410923156785429,0.7927242279052734,0.5488073843496817,2,0.0410923156785429,0.7927242279052734,59.96002664890073
flipped_part_004.mp4,251,0,2,0.0420483548002084,0.794400978088379,0.5593660707826967,2,0.0420483548002084,0.794400978088379,59.96002664890073
flipped_part_004.mp4,252,0,2,0.0430849482283573,0.7949607849121094,0.5673978452329282,2,0.0430849482283573,0.7949607849121094,59.96002664890073
flipped_part_004.mp4,253,0,2,0.0438823357620276,0.7966779708862305,0.5755479600694444,2,0.0438823357620276,0.7966779708862305,59.96002664890073
flipped_part_004.mp4,254,0,2,0.0447859544439577,0.7980792999267579,0.5793856020326967,2,0.0447859544439577,0.7980792999267579,59.96002664890073
flipped_part_004.mp4,255,0,2,0.0458770549477417,0.7985781351725261,0.5862570303457755,2,0.0458770549477417,0.7985781351725261,59.96002664890073
flipped_part_004.mp4,256,0,2,0.0463462109839181,0.7988549550374349,0.5929505524811921,2,0.0463462109839181,0.7988549550374349,59.96002664890073
flipped_part_004.mp4,257,0,2,0.0470823866866218,0.7995115280151367,0.598575281213831,2,0.0470823866866218,0.7995115280151367,59.96002664890073
flipped_part_004.mp4,258,0,3,0.0479000643142111,0.7996988932291667,0.6072180853949652,2,0.0107816327237567,0.7307737986246745,59.96002664890073
flipped_part_004.mp4,259,0,3,0.0492390683098239,0.8011240005493164,0.6159121478045428,2,0.0107994000467793,0.7310585021972656,59.96002664890073
flipped_part_004.mp4,260,0,3,0.0496468405999217,0.8020465850830079,0.6197569670500579,2,0.0109670150303928,0.7310932795206706,59.96002664890073
flipped_part_004.mp4,261,0,3,0.0497385106570113,0.8022722244262696,0.6214684380425347,2,0.0111255149644016,0.7313204447428385,59.96002664890073
flipped_part_004.mp4,262,0,3,0.0496846693952317,0.8031686782836914,0.6234118991427952,2,0.0112355788889517,0.731324577331543,59.96002664890073
flipped_part_004.mp4,263,0,3,0.0499087772464069,0.8046700159708658,0.6251749674479167,2,0.0114042169535187,0.7319406509399414,59.96002664890073
flipped_part_004.mp4,264,0,3,0.0500642996509365,0.8061788558959961,0.6285572758427372,2,0.0115017093696062,0.7319389979044596,59.96002664890073
flipped_part_004.mp4,265,0,3,0.0504660167608246,0.8084674835205078,0.6317130759910301,2,0.0116566056618466,0.7323361714680989,59.96002664890073
flipped_part_004.mp4,266,0,3,0.0510721838575167,0.8106497446695964,0.6328501383463542,2,0.0117190535657519,0.7326955795288086,59.96002664890073
flipped_part_004.mp4,267,0,3,0.0514123881338552,0.8120210647583008,0.6335030449761285,2,0.0118386851951018,0.7329715728759766,59.96002664890073
flipped_part_004.mp4,268,0,3,0.0511717548390151,0.8131183624267578,0.6362762451171875,2,0.0121491549805957,0.7334024429321289,59.96002664890073
flipped_part_004.mp4,269,0,3,0.0512777323608666,0.8147466659545899,0.6405509101019965,2,0.0123893932194052,0.7335337320963542,59.96002664890073
flipped_part_004.mp4,270,0,3,0.0516712298864472,0.8173916498819987,0.6432193332248264,2,0.0124946176627418,0.7336893081665039,59.96002664890073
flipped_part_004.mp4,271,0,3,0.0520543051491646,0.8188457489013672,0.6463390774197049,2,0.0128579472894183,0.7341379801432292,59.96002664890073
flipped_part_004.mp4,272,0,2,0.0521374939742856,0.8201958338419596,0.6486696031358506,1,0.0128484748150178,0.7340570449829101,59.96002664890073
flipped_part_004.mp4,273,0,2,0.0521770422530136,0.8210016886393229,0.6520981965241609,1,0.0129479512579241,0.7339107513427734,59.96002664890073
flipped_part_004.mp4,274,0,2,0.0522047298464904,0.8231205622355143,0.6555734705041956,1,0.0130182789764647,0.7345129648844401,59.96002664890073
flipped_part_004.mp4,275,0,2,0.0524297014903384,0.8244106928507487,0.6571702180085359,1,0.0130845588136516,0.7347254435221354,59.96002664890073
flipped_part_004.mp4,276,0,2,0.0526584200047202,0.8262701670328776,0.658847893608941,1,0.0132897231114268,0.735400390625,59.96002664890073
flipped_part_004.mp4,277,0,3,0.0531367504827924,0.8291227340698242,0.6611586394133391,2,0.0135577800141932,0.7363195419311523,59.96002664890073
flipped_part_004.mp4,278,0,3,0.0533693791097633,0.8319137573242188,0.6638268364800347,2,0.0135333500506466,0.736544418334961,59.96002664890073
flipped_part_004.mp4,279,0,3,0.0536481661751814,0.8333017985026042,0.6655351426866319,2,0.0136581679768493,0.736758804321289,59.96002664890073
flipped_part_004.mp4,280,0,3,0.0539958583669633,0.8342613220214844,0.6679017808702257,2,0.0139487224263171,0.7375588099161784,59.96002664890073
flipped_part_004.mp4,281,0,3,0.0540038840700354,0.8347553888956706,0.6712187590422454,2,0.014222373701729,0.7381076812744141,59.96002664890073
flipped_part_004.mp4,282,0,3,0.0541205964758086,0.8367411295572916,0.6757809109157986,2,0.0145388232251193,0.7384140014648437,59.96002664890073
flipped_part_004.mp4,283,0,3,0.0537761709058404,0.8372151056925455,0.6775968198423032,2,0.0145386630535574,0.7385695775349935,59.96002664890073
flipped_part_004.mp4,284,0,3,0.0535013794399694,0.8374172210693359,0.6794226752387152,2,0.0147607371741226,0.7393377304077149,59.96002664890073
flipped_part_004.mp4,285,0,3,0.0528231282930398,0.8381742477416992,0.6837527804904514,2,0.0149146893472277,0.7398224512736002,59.96002664890073
flipped_part_004.mp4,286,0,3,0.0528538660986426,0.8395818710327149,0.6870105319552952,2,0.0153999163684425,0.7404878616333008,59.96002664890073
flipped_part_004.mp4,287,0,3,0.0529826210033045,0.8405234018961588,0.6882127549913194,2,0.0155361606180667,0.7409368515014648,59.96002664890073
flipped_part_004.mp4,288,0,3,0.052943524344462,0.8405626296997071,0.6881258929217303,2,0.0154804041008227,0.7408754348754882,59.96002664890073
flipped_part_004.mp4,289,0,3,0.0519894796090536,0.8418657302856445,0.69121172869647,2,0.0156698589354238,0.7412117004394532,59.96002664890073
flipped_part_004.mp4,290,0,3,0.0517150950684919,0.8431632995605469,0.6952720924660012,2,0.0158038531638643,0.7412832895914714,59.96002664890073
flipped_part_004.mp4,291,0,3,0.0511217980723207,0.8440683364868165,0.6991251627604167,2,0.0159797185103956,0.742138926188151,59.96002664890073
flipped_part_004.mp4,292,0,3,0.0508768987155844,0.845250129699707,0.7028245148835359,2,0.0163342645923451,0.7424610137939454,59.96002664890073
flipped_part_004.mp4,293,0,3,0.0507563886349089,0.8460261027018229,0.7055690624095775,2,0.0165032615892414,0.74274107615153,59.96002664890073
flipped_part_004.mp4,294,0,3,0.0513783953463684,0.8485389709472656,0.7067284478081597,2,0.0168765204356276,0.7431955337524414,59.96002664890073
flipped_part_004.mp4,295,0,3,0.051288789335662,0.8493750254313152,0.7081623783817997,2,0.0170497553504537,0.7436185836791992,59.96002664890073
flipped_part_004.mp4,296,0,3,0.0506163111986825,0.8496547698974609,0.7122840033637152,2,0.0170987993745021,0.7436122894287109,59.96002664890073
flipped_part_004.mp4,297,0,3,0.0485874567293191,0.8457527160644531,0.7168681957103588,2,0.0172855569263575,0.7437573115030924,59.96002664890073
flipped_part_004.mp4,298,0,3,0.0465174990363367,0.8401178359985352,0.7192798190646701,2,0.0175810774809064,0.7440471649169922,59.96002664890073
flipped_part_004.mp4,299,0,3,0.0463849941360581,0.8417685190836589,0.7244692767107929,2,0.0178221107189569,0.7448314666748047,59.96002664890073
flipped_part_004.mp4,300,0,3,0.0447205589688383,0.8381140391031902,0.7308116771556713,2,0.0182097743830861,0.7455148696899414,59.96002664890073
flipped_part_004.mp4,301,0,3,0.0421652222344871,0.8297840118408203,0.7348878648546007,2,0.0185646244842145,0.7463171641031902,59.96002664890073
flipped_part_004.mp4,302,0,3,0.0427560806877833,0.834130859375,0.738203599717882,2,0.0188036402705647,0.7466829935709636,59.96002664890073
flipped_part_004.mp4,303,0,3,0.0419371866820779,0.8329796473185221,0.7412033646195023,2,0.0188445434330967,0.7470056533813476,59.96002664890073
flipped_part_004.mp4,304,0,3,0.0414815016738699,0.8330875396728515,0.7438880072699653,2,0.0190442300995669,0.7473498026529948,59.96002664890073
flipped_part_004.mp4,305,0,3,0.0404669826664102,0.8326019922892253,0.7489677146629051,2,0.0191996574145741,0.7475090662638346,59.96002664890073
flipped_part_004.mp4,306,0,3,0.0387289807879664,0.8289726257324219,0.7511952152958623,2,0.0197594380184697,0.7484464645385742,59.96002664890073
flipped_part_004.mp4,307,0,3,0.0395906721398393,0.8337313334147135,0.7561872129087095,2,0.020133941530043,0.7493093490600586,59.96002664890073
flipped_part_004.mp4,308,0,3,0.0382009822965806,0.8310972849527994,0.7581047905815972,2,0.0203772706600526,0.7494608561197916,59.96002664890073
flipped_part_004.mp4,309,0,3,0.0379554274850913,0.833233896891276,0.7634355333116319,2,0.0206192644817444,0.7495428085327148,59.96002664890073
flipped_part_004.mp4,310,0,3,0.0371712255869836,0.8321795145670573,0.7679399278428819,2,0.0207522958681996,0.7507354736328125,59.96002664890073
flipped_part_004.mp4,311,0,3,0.0357407210133775,0.8317106246948243,0.7760433055736401,2,0.0209734314965963,0.7509366989135742,59.96002664890073
flipped_part_004.mp4,312,0,3,0.0346100638760253,0.8295742670694987,0.7790345933702257,2,0.0214886211397242,0.7515005747477214,59.96002664890073
flipped_part_004.mp4,313,0,3,0.0343934870772437,0.8309452692667644,0.7816662823712385,2,0.0216117398788143,0.7513280868530273,59.96002664890073
flipped_part_004.mp4,314,0,3,0.0326645041965767,0.8253243128458659,0.7852016307689526,2,0.0218143163933375,0.7515132904052735,59.96002664890073
flipped_part_004.mp4,315,0,3,0.0316165350435767,0.8235605239868165,0.7900816175672744,2,0.0222955386921239,0.7524026870727539,59.96002664890073
flipped_part_004.mp4,316,0,4,0.0314360083930875,0.8272497812906902,0.7984252364547164,2,0.0226410044805271,0.7528523127237956,59.96002664890073
flipped_part_004.mp4,317,0,3,0.0307160106836818,0.8257427851359049,0.798775397406684,2,0.0232584401761091,0.7539911270141602,59.96002664890073
flipped_part_004.mp4,318,0,3,0.0299168268668129,0.8246131896972656,0.8036990695529513,2,0.0235193510820052,0.7544273376464844,59.96002664890073
flipped_part_004.mp4,319,0,3,0.0293908406448705,0.8244125366210937,0.80789794921875,2,0.0236573835303985,0.7544304529825846,59.96002664890073
flipped_part_004.mp4,320,0,3,0.0280049656987776,0.8235787073771159,0.8146509241174769,2,0.0243759861863149,0.755552101135254,59.96002664890073
flipped_part_004.mp4,321,0,3,0.0273252052636235,0.8237707138061523,0.8187906335901332,2,0.024350551524211,0.7565276463826497,59.96002664890073
flipped_part_004.mp4,322,0,3,0.0263430009630543,0.8230096817016601,0.8242644133391204,2,0.0250139087738245,0.7574438095092774,59.96002664890073
flipped_part_004.mp4,323,0,3,0.0264904632339976,0.8242436091105143,0.8298383359555845,2,0.0257846657328223,0.7578474680582682,59.96002664890073
flipped_part_004.mp4,324,0,3,0.0263813149278144,0.7584320068359375,0.0708422908076533,2,0.0263813149278144,0.7584320068359375,59.96002664890073
flipped_part_004.mp4,325,0,3,0.0265190711867978,0.7590944925944011,0.0673563639322916,2,0.0265190711867978,0.7590944925944011,59.96002664890073
flipped_part_004.mp4,326,0,3,0.0271857978860175,0.7603132247924804,0.062273520010489,2,0.0271857978860175,0.7603132247924804,59.96002664890073
flipped_part_004.mp4,327,0,3,0.0275705300017337,0.7604458491007487,0.056907484266493,2,0.0275705300017337,0.7604458491007487,59.96002664890073
flipped_part_004.mp4,328,0,3,0.0278111937807665,0.7616054534912109,0.0543129814995659,2,0.0278111937807665,0.7616054534912109,59.96002664890073
flipped_part_004.mp4,329,0,3,0.0282871087051333,0.7620730717976888,0.0484402126736111,2,0.0282871087051333,0.7620730717976888,59.96002664890073
flipped_part_004.mp4,330,0,3,0.0287681327403212,0.7627228418986003,0.0435219093605324,2,0.0287681327403212,0.7627228418986003,59.96002664890073
flipped_part_004.mp4,331,0,3,0.0294002037648331,0.7637303034464519,0.0405410766601562,2,0.0294002037648331,0.7637303034464519,59.96002664890073
flipped_part_004.mp4,332,0,3,0.0299370217597526,0.7642570495605469,0.0346359818070023,2,0.0299370217597526,0.7642570495605469,59.96002664890073
flipped_part_004.mp4,333,0,3,0.0310424447602902,0.7654970169067383,0.0301032172309027,2,0.0310424447602902,0.7654970169067383,59.96002664890073
flipped_part_004.mp4,334,0,3,0.0316361369214931,0.7664495468139648,0.0222595497413917,2,0.0316361369214931,0.7664495468139648,59.96002664890073
flipped_part_004.mp4,335,0,3,0.0324457554342559,0.7679377237955729,0.017545262089482,2,0.0324457554342559,0.7679377237955729,59.96002664890073
flipped_part_004.mp4,336,0,3,0.0327822126725934,0.7681118647257487,0.0127405802408854,2,0.0327822126725934,0.7681118647257487,59.96002664890073
flipped_part_004.mp4,337,0,3,0.0336559536280401,0.7688044865926107,0.0093572263364438,2,0.0336559536280401,0.7688044865926107,59.96002664890073
flipped_part_004.mp4,338,0,3,0.0340114265098236,0.7693424860636393,0.0013861762152777,2,0.0340114265098236,0.7693424860636393,59.96002664890073
flipped_part_004.mp4,339,0,3,0.0348534356981959,0.7705860773722331,0.0028798703794126,2,0.0348534356981959,0.7705860773722331,59.96002664890073
flipped_part_004.mp4,340,0,4,0.0367741154364948,0.7728559494018554,0.0082184968171296,3,0.0367741154364948,0.7728559494018554,59.96002664890073
flipped_part_004.mp4,341,0,3,0.0372360645248328,0.7731595993041992,0.0120518719708478,2,0.0372360645248328,0.7731595993041992,59.96002664890073
flipped_part_004.mp4,342,0,3,0.0378439832613932,0.7737960815429688,0.017236328125,2,0.0378439832613932,0.7737960815429688,59.96002664890073
flipped_part_004.mp4,343,0,3,0.0382228758953796,0.7747822443644206,0.0236248440212673,2,0.0382228758953796,0.7747822443644206,59.96002664890073
flipped_part_004.mp4,344,0,2,0.0386825637272516,0.775230598449707,0.0317416438349971,2,0.0386825637272516,0.775230598449707,59.96002664890073
flipped_part_004.mp4,345,0,2,0.0396699629640594,0.7774560928344727,0.0389119183575665,2,0.0396699629640594,0.7774560928344727,59.96002664890073
flipped_part_004.mp4,346,0,2,0.040532453735359,0.7781717300415039,0.0442669903790509,2,0.040532453735359,0.7781717300415039,59.96002664890073
flipped_part_004.mp4,347,0,2,0.0416806928149333,0.779767100016276,0.0528027287235966,2,0.0416806928149333,0.779767100016276,59.96002664890073
flipped_part_004.mp4,348,0,2,0.0426053418621584,0.7811756769816081,0.0615074722855179,2,0.0426053418621584,0.7811756769816081,59.96002664890073
flipped_part_004.mp4,349,0,2,0.043584161380778,0.7820884704589843,0.0670330471462673,2,0.043584161380778,0.7820884704589843,59.96002664890073
flipped_part_004.mp4,350,0,2,0.0446060411205204,0.7836485544840495,0.0748058742947048,2,0.0446060411205204,0.7836485544840495,59.96002664890073
flipped_part_004.mp4,351,0,2,0.0457827099275891,0.7850077311197917,0.0813807169596354,2,0.0457827099275891,0.7850077311197917,59.96002664890073
flipped_part_004.mp4,352,0,2,0.0461336127652773,0.7856245040893555,0.0867624070909288,2,0.0461336127652773,0.7856245040893555,59.96002664890073
flipped_part_004.mp4,353,0,2,0.0469808620049648,0.7865845998128255,0.0920533921983507,2,0.0469808620049648,0.7865845998128255,59.96002664890073
flipped_part_004.mp4,354,0,2,0.0489813500886296,0.7882373174031575,0.1004053469057436,2,0.0489813500886296,0.7882373174031575,59.96002664890073
flipped_part_004.mp4,355,0,2,0.0502686038221549,0.789541498819987,0.1077573140462239,2,0.0502686038221549,0.789541498819987,59.96002664890073
flipped_part_004.mp4,356,0,2,0.0514962871697476,0.7904769897460937,0.1129246747052228,2,0.0514962871697476,0.7904769897460937,59.96002664890073
flipped_part_004.mp4,357,0,2,0.0526824708680915,0.7913138071695963,0.118518575032552,2,0.0526824708680915,0.7913138071695963,59.96002664890073
flipped_part_004.mp4,358,0,2,0.0539160035661673,0.7935398737589519,0.131383231834129,2,0.0539160035661673,0.7935398737589519,59.96002664890073
flipped_part_004.mp4,359,0,2,0.0550302157349263,0.7954561233520507,0.1377312271683304,2,0.0550302157349263,0.7954561233520507,59.96002664890073
flipped_part_004.mp4,360,1,2,0.0558624139956535,0.7970409393310547,0.143591562906901,2,0.0558624139956535,0.7970409393310547,59.96002664890073
flipped_part_004.mp4,361,1,2,0.0578322823340487,0.7974052429199219,0.1519503275553385,2,0.0578322823340487,0.7974052429199219,59.96002664890073
flipped_part_004.mp4,362,1,2,0.0600328019914669,0.7994627634684245,0.1596993057816116,2,0.0600328019914669,0.7994627634684245,59.96002664890073
flipped_part_004.mp4,363,1,2,0.0612488563376892,0.8013160705566407,0.1664165920681423,2,0.0612488563376892,0.8013160705566407,59.96002664890073
flipped_part_004.mp4,364,1,2,0.0633341647748279,0.8038322448730468,0.173824225531684,2,0.0633341647748279,0.8038322448730468,59.96002664890073
flipped_part_004.mp4,365,1,2,0.0654998107054012,0.8054932276407878,0.1845820109049479,2,0.0654998107054012,0.8054932276407878,59.96002664890073
flipped_part_004.mp4,366,1,2,0.0672595547137704,0.807899538675944,0.1920713636610243,2,0.0672595547137704,0.807899538675944,59.96002664890073
flipped_part_004.mp4,367,1,2,0.0684557622438296,0.8096450805664063,0.2001056247287326,2,0.0684557622438296,0.8096450805664063,59.96002664890073
flipped_part_004.mp4,368,1,2,0.0709661581160617,0.8107969284057617,0.2121112399631076,2,0.0709661581160617,0.8107969284057617,59.96002664890073
flipped_part_004.mp4,369,1,2,0.0726753421771098,0.8123987197875977,0.2187035454644097,2,0.0726753421771098,0.8123987197875977,59.96002664890073
flipped_part_004.mp4,370,1,2,0.0747026058317472,0.8155521392822266,0.2246863471137152,2,0.0747026058317472,0.8155521392822266,59.96002664890073
flipped_part_004.mp4,371,1,2,0.0762293172621543,0.8164278666178385,0.236867438422309,2,0.0762293172621543,0.8164278666178385,59.96002664890073
flipped_part_004.mp4,372,1,2,0.0793548178891392,0.8204736709594727,0.243757007740162,2,0.0793548178891392,0.8204736709594727,59.96002664890073
flipped_part_004.mp4,373,1,2,0.0810944289696635,0.822308349609375,0.2570914374457465,2,0.0810944289696635,0.822308349609375,59.96002664890073
flipped_part_004.mp4,374,1,2,0.0848436726664658,0.8272719065348307,0.266453382703993,2,0.0848436726664658,0.8272719065348307,59.96002664890073
flipped_part_004.mp4,375,1,2,0.0867270416136936,0.8298235575358073,0.2733531245478877,2,0.0867270416136936,0.8298235575358073,59.96002664890073
flipped_part_004.mp4,376,1,2,0.0891316166946831,0.8285999298095703,0.2865878352412471,2,0.0891316166946831,0.8285999298095703,59.96002664890073
flipped_part_004.mp4,377,1,2,0.090318271682934,0.8289716720581055,0.2989055774830005,2,0.090318271682934,0.8289716720581055,59.96002664890073
flipped_part_004.mp4,378,1,2,0.0921042843242132,0.828243637084961,0.3080807156032986,2,0.0921042843242132,0.828243637084961,59.96002664890073
flipped_part_004.mp4,379,1,2,0.0964066672983527,0.8328695297241211,0.3182390001085069,2,0.0964066672983527,0.8328695297241211,59.96002664890073
flipped_part_004.mp4,380,1,2,0.100839253151951,0.8391615549723307,0.3279630872938368,2,0.100839253151951,0.8391615549723307,59.96002664890073
flipped_part_004.mp4,381,1,2,0.1057524698643433,0.8446159998575846,0.3380406415020978,2,0.1057524698643433,0.8446159998575846,59.96002664890073
flipped_part_004.mp4,382,1,2,0.109545066720667,0.8488687515258789,0.3507800349482783,2,0.109545066720667,0.8488687515258789,59.96002664890073
flipped_part_004.mp4,383,1,2,0.1141636709838331,0.8525993982950847,0.3634658530906394,2,0.1141636709838331,0.8525993982950847,59.96002664890073
flipped_part_004.mp4,384,1,2,0.117839967647645,0.8551893870035807,0.372768317328559,2,0.117839967647645,0.8551893870035807,59.96002664890073
flipped_part_004.mp4,385,1,2,0.1226270996577416,0.8581579844156901,0.392018805609809,2,0.1226270996577416,0.8581579844156901,59.96002664890073
flipped_part_004.mp4,386,1,2,0.1248793945389075,0.8583109537760417,0.4025052388509114,2,0.1248793945389075,0.8583109537760417,59.96002664890073
flipped_part_004.mp4,387,1,2,0.1289020469839063,0.8623175303141276,0.4165197584364149,2,0.1289020469839063,0.8623175303141276,59.96002664890073
flipped_part_004.mp4,388,1,2,0.1320962561139521,0.8647576014200846,0.4273672880949797,2,0.1320962561139521,0.8647576014200846,59.96002664890073
flipped_part_004.mp4,389,1,2,0.1351504962527542,0.8700033187866211,0.4315644158257378,2,0.1351504962527542,0.8700033187866211,59.96002664890073
flipped_part_004.mp4,390,1,2,0.1371345833712257,0.8747064590454101,0.4340549045138889,2,0.1371345833712257,0.8747064590454101,59.96002664890073
flipped_part_004.mp4,391,1,2,0.139195796314905,0.8789777755737305,0.4358947188765914,2,0.139195796314905,0.8789777755737305,59.96002664890073
flipped_part_004.mp4,392,1,2,0.1382752740643573,0.8786011377970377,0.4390238726580584,2,0.1382752740643573,0.8786011377970377,59.96002664890073
flipped_part_004.mp4,393,1,2,0.1404648642936566,0.8831473032633463,0.4400705973307292,2,0.1404648642936566,0.8831473032633463,59.96002664890073
flipped_part_004.mp4,394,1,2,0.1438600617423071,0.8887762069702149,0.4405607435438368,2,0.1438600617423071,0.8887762069702149,59.96002664890073
flipped_part_004.mp4,395,1,2,0.1465233042740685,0.8950485229492188,0.4428958468967013,2,0.1465233042740685,0.8950485229492188,59.96002664890073
flipped_part_004.mp4,396,1,2,0.1501168442103597,0.9017127990722656,0.4436998155381944,2,0.1501168442103597,0.9017127990722656,59.96002664890073
flipped_part_004.mp4,397,1,2,0.1516753695055215,0.9045637766520184,0.444275156656901,2,0.1516753695055215,0.9045637766520184,59.96002664890073
flipped_part_004.mp4,398,1,2,0.1553283555151817,0.9123266220092774,0.4453970167371961,2,0.1553283555151817,0.9123266220092774,59.96002664890073
flipped_part_004.mp4,399,1,2,0.1580961485402238,0.9171037673950196,0.447082773844401,2,0.1580961485402238,0.9171037673950196,59.96002664890073
flipped_part_004.mp4,400,1,2,0.1599717532989625,0.9222755432128906,0.4479918585883246,2,0.1599717532989625,0.9222755432128906,59.96002664890073
flipped_part_004.mp4,401,1,2,0.1643930658246972,0.9285991668701172,0.4466323852539062,2,0.1643930658246972,0.9285991668701172,59.96002664890073
flipped_part_004.mp4,402,1,2,0.1678605820752973,0.9357290903727212,0.4479186446578414,2,0.1678605820752973,0.9357290903727212,59.96002664890073
flipped_part_004.mp4,403,1,2,0.1710693518112465,0.9448984781901042,0.4547251383463541,2,0.1710693518112465,0.9448984781901042,59.96002664890073
flipped_part_004.mp4,404,1,3,0.1730664412235915,0.9511990229288736,0.4595512672706887,3,0.1730664412235915,0.9511990229288736,59.96002664890073
flipped_part_004.mp4,405,1,2,0.1776373386055153,0.960886828104655,0.4608083089192708,2,0.1776373386055153,0.960886828104655,59.96002664890073
flipped_part_004.mp4,406,1,2,0.1834642533916242,0.9713770548502604,0.4618013170030381,2,0.1834642533916242,0.9713770548502604,59.96002664890073
flipped_part_004.mp4,407,1,3,0.186246184727578,0.97826296488444,0.4640189276801215,3,0.186246184727578,0.97826296488444,59.96002664890073
flipped_part_004.mp4,408,1,3,0.1958121181225417,0.9981043497721356,0.4665362887912326,3,0.1958121181225417,0.9981043497721356,59.96002664890073
flipped_part_004.mp4,409,1,3,0.1961597798831321,0.9991830825805664,0.4673585679796007,3,0.1961597798831321,0.9991830825805664,59.96002664890073
flipped_part_004.mp4,410,1,2,0.1950365161281661,0.9999373118082684,0.4716140747070312,2,0.1950365161281661,0.9999373118082684,59.96002664890073
flipped_part_004.mp4,411,1,2,0.1946964307591163,0.9999156951904296,0.4732852511935764,2,0.1946964307591163,0.9999156951904296,59.96002664890073
flipped_part_004.mp4,412,1,2,0.1941887601060156,0.999851417541504,0.4765176843713831,2,0.1941887601060156,0.999851417541504,59.96002664890073
flipped_part_004.mp4,413,1,2,0.1932941482681134,0.9993515650431316,0.4792960272894965,2,0.1932941482681134,0.9993515650431316,59.96002664890073
flipped_part_004.mp4,414,1,2,0.1919581003064134,0.9990584055582682,0.4815434773763021,2,0.1919581003064134,0.9990584055582682,59.96002664890073
flipped_part_004.mp4,415,1,2,0.1905771691855517,0.9989883422851562,0.4852461638274016,2,0.1905771691855517,0.9989883422851562,59.96002664890073
flipped_part_004.mp4,416,1,2,0.190625414464157,0.9992046991984048,0.4863532172309028,2,0.190625414464157,0.9992046991984048,59.96002664890073
flipped_part_004.mp4,417,1,2,0.1899637593718189,0.9989168802897136,0.4885080408166956,2,0.1899637593718189,0.9989168802897136,59.96002664890073
flipped_part_004.mp4,418,1,2,0.1894649198114941,0.9989777247111002,0.490114113136574,2,0.1894649198114941,0.9989777247111002,59.96002664890073
flipped_part_004.mp4,419,1,2,0.188676250630524,0.9989416122436524,0.4921330769856771,2,0.188676250630524,0.9989416122436524,59.96002664890073
flipped_part_004.mp4,420,0,2,0.1876107381028123,0.999181048075358,0.49619140625,2,0.1876107381028123,0.999181048075358,59.96002664890073
flipped_part_004.mp4,421,0,2,0.1874128793860802,0.9996860504150392,0.4964452672887731,2,0.1874128793860802,0.9996860504150392,59.96002664890073
flipped_part_004.mp4,422,0,2,0.187035826236943,0.9995742797851562,0.4976541589807581,2,0.187035826236943,0.9995742797851562,59.96002664890073
flipped_part_004.mp4,423,0,2,0.1860488333511683,0.9989721298217772,0.5023508142541956,2,0.1860488333511683,0.9989721298217772,59.96002664890073
flipped_part_004.mp4,424,0,2,0.1849086584413372,0.999489974975586,0.5037866663049768,2,0.1849086584413372,0.999489974975586,59.96002664890073
flipped_part_004.mp4,425,0,2,0.1839751185265076,0.9985054016113282,0.5063732005931713,2,0.1839751185265076,0.9985054016113282,59.96002664890073
flipped_part_004.mp4,426,0,2,0.183269016502438,0.9990446090698242,0.5081349690755208,2,0.183269016502438,0.9990446090698242,59.96002664890073
flipped_part_004.mp4,427,0,3,0.1822059978816347,0.999208641052246,0.5089714898003472,3,0.1822059978816347,0.999208641052246,59.96002664890073
flipped_part_004.mp4,428,0,3,0.1818132758168697,0.9995449701944988,0.5116576583297164,3,0.1818132758168697,0.9995449701944988,59.96002664890073
flipped_part_004.mp4,429,0,2,0.1808760703769857,0.9994680404663084,0.5140267831307871,2,0.1808760703769857,0.9994680404663084,59.96002664890073
flipped_part_004.mp4,430,0,2,0.1795879088464892,0.9992874145507812,0.5172176219798901,2,0.1795879088464892,0.9992874145507812,59.96002664890073
flipped_part_004.mp4,431,0,2,0.1780488637303804,0.999066162109375,0.5210633454499422,2,0.1780488637303804,0.999066162109375,59.96002664890073
flipped_part_004.mp4,432,0,2,0.1765590374216575,0.9988639831542968,0.5240098176179109,2,0.1765590374216575,0.9988639831542968,59.96002664890073
flipped_part_004.mp4,433,0,2,0.1758434990287383,0.9988271713256835,0.5274545740198207,2,0.1758434990287383,0.9988271713256835,59.96002664890073
flipped_part_004.mp4,434,0,2,0.1748782218878881,0.9987449645996094,0.5293066519278067,2,0.1748782218878881,0.9987449645996094,59.96002664890073
flipped_part_004.mp4,435,0,3,0.1749355320420323,0.9987077713012696,0.5318705240885416,3,0.1749355320420323,0.9987077713012696,59.96002664890073
flipped_part_004.mp4,436,0,3,0.1740058864199306,0.9986172358194988,0.5335031580041956,3,0.1740058864199306,0.9986172358194988,59.96002664890073
flipped_part_004.mp4,437,0,3,0.1714532448531503,0.9986827850341796,0.5409631234628183,3,0.1714532448531503,0.9986827850341796,59.96002664890073
flipped_part_004.mp4,438,0,3,0.1695962550308279,0.99859987894694,0.5472136320891203,3,0.1695962550308279,0.99859987894694,59.96002664890073
flipped_part_004.mp4,439,0,4,0.1674296646290329,0.999110476175944,0.5515130502206308,4,0.1674296646290329,0.999110476175944,59.96002664890073
flipped_part_004.mp4,440,0,3,0.1663882309795008,0.9985637664794922,0.5523615519205729,3,0.1663882309795008,0.9985637664794922,59.96002664890073
flipped_part_004.mp4,441,0,3,0.1650328574088484,0.9985060373942056,0.5560244524920428,3,0.1650328574088484,0.9985060373942056,59.96002664890073
flipped_part_004.mp4,442,0,3,0.1636126950625502,0.9983568827311198,0.5596336082175926,3,0.1636126950625502,0.9983568827311198,59.96002664890073
flipped_part_004.mp4,443,0,3,0.1624596121963178,0.998395538330078,0.565540059407552,3,0.1624596121963178,0.998395538330078,59.96002664890073
flipped_part_004.mp4,444,0,3,0.1604372733441414,0.998346710205078,0.5704559326171875,3,0.1604372733441414,0.998346710205078,59.96002664890073
flipped_part_004.mp4,445,0,3,0.1588499191924239,0.9984210968017578,0.5728682906539352,3,0.1588499191924239,0.9984210968017578,59.96002664890073
flipped_part_004.mp4,446,0,3,0.1575306653942881,0.9985164642333983,0.5771971525969328,3,0.1575306653942881,0.9985164642333983,59.96002664890073
flipped_part_004.mp4,447,0,4,0.1543297807944731,0.9987785339355468,0.5836621319806135,4,0.1543297807944731,0.9987785339355468,59.96002664890073
flipped_part_004.mp4,448,0,4,0.1527236047968984,0.9989521662394206,0.5896805939850984,4,0.1527236047968984,0.9989521662394206,59.96002664890073
flipped_part_004.mp4,449,0,4,0.1505416393774147,0.9989776611328124,0.595025634765625,4,0.1505416393774147,0.9989776611328124,59.96002664890073
flipped_part_004.mp4,450,0,4,0.1478262786187783,0.9986652374267578,0.5993641040943287,4,0.1478262786187783,0.9986652374267578,59.96002664890073
flipped_part_004.mp4,451,0,3,0.1456775715597905,0.9993808746337892,0.604196619104456,2,0.0181353016885825,0.721528689066569,59.96002664890073
flipped_part_004.mp4,452,0,3,0.1433883548248559,0.9993619918823242,0.609676671911169,2,0.018236588108363,0.7220312754313151,59.96002664890073
flipped_part_004.mp4,453,0,3,0.1405953659500422,0.9993751525878908,0.6149778578016493,2,0.0190679938912809,0.723477554321289,59.96002664890073
flipped_part_004.mp4,454,0,3,0.1368211486085783,0.9991899490356444,0.6200792100694444,2,0.0193294902182727,0.7242059707641602,59.96002664890073
flipped_part_004.mp4,455,0,3,0.1363165245472919,0.998516082763672,0.626821447301794,2,0.0197241292697274,0.724941635131836,59.96002664890073
flipped_part_004.mp4,456,0,3,0.1322110514745388,0.999272918701172,0.6346872400354456,2,0.0201622430475739,0.7263189315795898,59.96002664890073
flipped_part_004.mp4,457,0,3,0.1305914886161271,0.9993881861368816,0.6400689019097222,2,0.0202467916826113,0.7271236419677735,59.96002664890073
flipped_part_004.mp4,458,0,3,0.1288893442408125,0.9987432479858398,0.6451839305736401,2,0.0204077980541289,0.7278039932250977,59.96002664890073
flipped_part_004.mp4,459,0,3,0.1255783377240489,0.9987842559814452,0.6542409826208044,2,0.0208740909945239,0.7284326553344727,59.96002664890073
flipped_part_004.mp4,460,0,3,0.1219923389444334,0.9986095428466796,0.6607699924045138,2,0.0214268577956439,0.7290439605712891,59.96002664890073
flipped_part_004.mp4,461,0,3,0.1191714594280347,0.9984870910644532,0.669126609519676,2,0.0217387814295836,0.7297338485717774,59.96002664890073
flipped_part_004.mp4,462,0,3,0.1185009164947809,0.999007034301758,0.6791142216435185,2,0.0222810718198565,0.730504862467448,59.96002664890073
flipped_part_004.mp4,463,0,3,0.1146899962034593,0.9990678787231444,0.6873660617404513,2,0.0224835814162873,0.7306074778238932,59.96002664890073
flipped_part_004.mp4,464,0,3,0.1102223742760381,0.9985190073649088,0.6950117323133681,2,0.0229256806477981,0.7309772491455078,59.96002664890073
flipped_part_004.mp4,465,0,3,0.1061301440748358,0.9986324310302734,0.7086960969147859,2,0.0233503045256962,0.7319189071655273,59.96002664890073
flipped_part_004.mp4,466,0,3,0.1019498877905425,0.9982700347900392,0.7184328997576678,2,0.0239251514551385,0.733470598856608,59.96002664890073
flipped_part_004.mp4,467,0,3,0.0981139879698295,0.9983116149902344,0.7291742960611979,2,0.0245528210109073,0.734626579284668,59.96002664890073
flipped_part_004.mp4,468,0,3,0.0946350902539496,0.9995607376098632,0.736830308702257,2,0.024928145632331,0.7356726328531901,59.96002664890073
flipped_part_004.mp4,469,0,3,0.0888381206544323,0.9994064331054688,0.7512729220920139,2,0.0257026802734069,0.7372032165527344,59.96002664890073
flipped_part_004.mp4,470,0,3,0.0832600244348092,0.999361801147461,0.7631109167028356,2,0.0260032198437127,0.7376899719238281,59.96002664890073
flipped_part_004.mp4,471,0,3,0.0762762468742827,0.9994216918945312,0.7758945041232639,2,0.0267665330730206,0.7380823135375977,59.96002664890073
flipped_part_004.mp4,472,0,3,0.0732702863848923,0.9995068232218424,0.7893809000651042,2,0.0271074188179422,0.7388033548990885,59.96002664890073
flipped_part_004.mp4,473,0,3,0.0659552697653675,0.999545669555664,0.8047407362196181,2,0.0272094810677151,0.739246940612793,59.96002664890073
flipped_part_004.mp4,474,0,3,0.0591607761918136,0.999666976928711,0.8179612901475695,2,0.0278488698484984,0.7405738830566406,59.96002664890073
flipped_part_004.mp4,475,0,3,0.0500267353161082,0.9995122909545898,0.8358194986979167,2,0.0284908745249332,0.7413325627644857,59.96002664890073
flipped_part_004.mp4,476,0,4,0.0406498853089525,0.9997764587402344,0.8553591692889179,3,0.0293398439434693,0.7426731745402019,59.96002664890073
flipped_part_004.mp4,477,0,4,0.0342614204935833,0.9993218104044596,0.8720422815393518,3,0.0307312725336804,0.7452599207560221,59.96002664890073
flipped_part_004.mp4,478,0,3,0.0309367181088439,0.7452597300211589,0.0394000300654658,2,0.0309367181088439,0.7452597300211589,59.96002664890073
flipped_part_004.mp4,479,0,3,0.0314381614804733,0.7457174301147461,0.0445972583912037,2,0.0314381614804733,0.7457174301147461,59.96002664890073
flipped_part_004.mp4,480,1,2,0.032431987479633,0.7478075663248698,0.0472667270236545,2,0.032431987479633,0.7478075663248698,59.96002664890073
flipped_part_004.mp4,481,1,2,0.0326021406987651,0.7482194900512695,0.0550504896375868,2,0.0326021406987651,0.7482194900512695,59.96002664890073
flipped_part_004.mp4,482,1,2,0.0330152188845134,0.7486957550048828,0.0594790705928096,2,0.0330152188845134,0.7486957550048828,59.96002664890073
flipped_part_004.mp4,483,1,2,0.0335287855798809,0.7490596771240234,0.0645092999493634,2,0.0335287855798809,0.7490596771240234,59.96002664890073
flipped_part_004.mp4,484,1,2,0.0341052485850458,0.7499374389648438,0.0690450032552083,2,0.0341052485850458,0.7499374389648438,59.96002664890073
flipped_part_004.mp4,485,1,2,0.0341123914835043,0.7499189376831055,0.0689356203432436,2,0.0341123914835043,0.7499189376831055,59.96002664890073
flipped_part_004.mp4,486,1,2,0.0352455202323552,0.7515913645426432,0.0733004817256221,2,0.0352455202323552,0.7515913645426432,59.96002664890073
flipped_part_004.mp4,487,1,2,0.036176605549559,0.7537878036499024,0.0811644377531828,2,0.036176605549559,0.7537878036499024,59.96002664890073
flipped_part_004.mp4,488,1,2,0.0374915703840088,0.7546920776367188,0.0870162963867187,2,0.0374915703840088,0.7546920776367188,59.96002664890073
flipped_part_004.mp4,489,1,2,0.0379687822028602,0.7562633514404297,0.090495780662254,2,0.0379687822028602,0.7562633514404297,59.96002664890073
flipped_part_004.mp4,490,1,2,0.0389253714720177,0.757696024576823,0.095246011239511,2,0.0389253714720177,0.757696024576823,59.96002664890073
flipped_part_004.mp4,491,1,2,0.0398671854750783,0.7589092890421549,0.1032367282443576,2,0.0398671854750783,0.7589092890421549,59.96002664890073
flipped_part_004.mp4,492,1,2,0.0413603607172065,0.7612232208251953,0.1099107247811776,2,0.0413603607172065,0.7612232208251953,59.96002664890073
flipped_part_004.mp4,493,1,2,0.0421966318379984,0.7623916625976562,0.1161271837022569,2,0.0421966318379984,0.7623916625976562,59.96002664890073
flipped_part_004.mp4,494,1,2,0.0428895639837072,0.7631940205891927,0.1209299723307291,2,0.0428895639837072,0.7631940205891927,59.96002664890073
flipped_part_004.mp4,495,1,2,0.0436139201680715,0.7635709762573242,0.1280804669415509,2,0.0436139201680715,0.7635709762573242,59.96002664890073
flipped_part_004.mp4,496,1,2,0.0447840879661358,0.7649420420328776,0.1319934986255787,2,0.0447840879661358,0.7649420420328776,59.96002664890073
flipped_part_004.mp4,497,1,2,0.0460831657579681,0.7662428538004558,0.1400602552625868,2,0.0460831657579681,0.7662428538004558,59.96002664890073
flipped_part_004.mp4,498,1,2,0.0469781577121466,0.7673126856486002,0.1484918947573061,2,0.0469781577121466,0.7673126856486002,59.96002664890073
flipped_part_004.mp4,499,1,2,0.0479858859603161,0.7687702178955078,0.1554034480342158,2,0.0479858859603161,0.7687702178955078,59.96002664890073
flipped_part_004.mp4,500,1,2,0.0485882135972173,0.7684282302856446,0.161702897813585,2,0.0485882135972173,0.7684282302856446,59.96002664890073
flipped_part_004.mp4,501,1,2,0.0496925979388632,0.7700909932454427,0.1693819681803385,2,0.0496925979388632,0.7700909932454427,59.96002664890073
flipped_part_004.mp4,502,1,2,0.0510813842292366,0.7717065811157227,0.1791653668438946,2,0.0510813842292366,0.7717065811157227,59.96002664890073
flipped_part_004.mp4,503,1,2,0.0525834480230696,0.7739986419677735,0.184318372938368,2,0.0525834480230696,0.7739986419677735,59.96002664890073
flipped_part_004.mp4,504,1,2,0.0546930275059788,0.777979024251302,0.1966418796115451,2,0.0546930275059788,0.777979024251302,59.96002664890073
flipped_part_004.mp4,505,1,2,0.0554160848347237,0.7778970718383789,0.2019324408637152,2,0.0554160848347237,0.7778970718383789,59.96002664890073
flipped_part_004.mp4,506,1,2,0.0568731110413662,0.7793053309122722,0.2126661512586805,2,0.0568731110413662,0.7793053309122722,59.96002664890073
flipped_part_004.mp4,507,1,2,0.0571847101622013,0.7770454406738281,0.2195117244014033,2,0.0571847101622013,0.7770454406738281,59.96002664890073
flipped_part_004.mp4,508,1,2,0.0600342549888106,0.7814072291056315,0.2304480658637152,2,0.0600342549888106,0.7814072291056315,59.96002664890073
flipped_part_004.mp4,509,1,2,0.0630038113844434,0.7868564605712891,0.2359887017144097,2,0.0630038113844434,0.7868564605712891,59.96002664890073
flipped_part_004.mp4,510,1,2,0.0652159034459381,0.7889904657999675,0.2468598824960214,2,0.0652159034459381,0.7889904657999675,59.96002664890073
flipped_part_004.mp4,511,1,2,0.0661597684587648,0.7873881657918295,0.2540076926902488,2,0.0661597684587648,0.7873881657918295,59.96002664890073
flipped_part_004.mp4,512,1,2,0.068464542726805,0.7908784866333007,0.2617190890842014,2,0.068464542726805,0.7908784866333007,59.96002664890073
flipped_part_004.mp4,513,1,2,0.0703908420287404,0.791818364461263,0.2728697035047743,2,0.0703908420287404,0.791818364461263,59.96002664890073
flipped_part_004.mp4,514,1,2,0.0730785981971227,0.7946853637695312,0.279038831922743,2,0.0730785981971227,0.7946853637695312,59.96002664890073
flipped_part_004.mp4,515,1,2,0.0784762090435115,0.8010180155436198,0.2939732586895978,2,0.0784762090435115,0.8010180155436198,59.96002664890073
flipped_part_004.mp4,516,1,2,0.0801221322610307,0.8008408228556315,0.3023188838252315,2,0.0801221322610307,0.8008408228556315,59.96002664890073
flipped_part_004.mp4,517,1,2,0.0819320382995539,0.80179443359375,0.3120629204644097,2,0.0819320382995539,0.80179443359375,59.96002664890073
flipped_part_004.mp4,518,1,2,0.0819553973650909,0.802815310160319,0.3346373664008246,2,0.0819553973650909,0.802815310160319,59.96002664890073
flipped_part_004.mp4,519,1,2,0.0845520371143033,0.8070046106974283,0.3443976508246528,2,0.0845520371143033,0.8070046106974283,59.96002664890073
flipped_part_004.mp4,520,1,2,0.0880684657305203,0.809965705871582,0.3614403618706597,2,0.0880684657305203,0.809965705871582,59.96002664890073
flipped_part_004.mp4,521,1,2,0.0924396510733497,0.8134225845336914,0.3792320816605179,2,0.0924396510733497,0.8134225845336914,59.96002664890073
flipped_part_004.mp4,522,1,2,0.0950036212488905,0.8161396026611328,0.3893293027524594,2,0.0950036212488905,0.8161396026611328,59.96002664890073
flipped_part_004.mp4,523,1,2,0.0981878837954718,0.8186651229858398,0.4019546508789062,2,0.0981878837954718,0.8186651229858398,59.96002664890073
flipped_part_004.mp4,524,1,2,0.1027974278382801,0.8228363037109375,0.4194368150499132,2,0.1027974278382801,0.8228363037109375,59.96002664890073
flipped_part_004.mp4,525,1,2,0.10731239060632,0.8259735107421875,0.4368248833550347,2,0.10731239060632,0.8259735107421875,59.96002664890073
flipped_part_004.mp4,526,1,2,0.1099277540897418,0.8287296295166016,0.4484986764413339,2,0.1099277540897418,0.8287296295166016,59.96002664890073
flipped_part_004.mp4,527,1,2,0.1128767599918797,0.832760238647461,0.4523358945493345,2,0.1128767599918797,0.832760238647461,59.96002664890073
flipped_part_004.mp4,528,1,2,0.113590162541562,0.8364217758178711,0.4580003526475694,2,0.113590162541562,0.8364217758178711,59.96002664890073
flipped_part_004.mp4,529,1,2,0.1161717403387431,0.8424314498901367,0.4619098239474826,2,0.1161717403387431,0.8424314498901367,59.96002664890073
flipped_part_004.mp4,530,1,2,0.1175985593116018,0.846621322631836,0.4619153623227719,2,0.1175985593116018,0.846621322631836,59.96002664890073
flipped_part_004.mp4,531,1,2,0.1207290456712265,0.852928352355957,0.4638577779134115,2,0.1207290456712265,0.852928352355957,59.96002664890073
flipped_part_004.mp4,532,1,2,0.1230225864734233,0.8576061884562175,0.4657677544487847,2,0.1230225864734233,0.8576061884562175,59.96002664890073
flipped_part_004.mp4,533,1,2,0.1244909084973501,0.8618049621582031,0.4673298588505498,2,0.1244909084973501,0.8618049621582031,59.96002664890073
flipped_part_004.mp4,534,1,2,0.1270720596148425,0.8652132670084636,0.46866700914171,2,0.1270720596148425,0.8652132670084636,59.96002664890073
flipped_part_004.mp4,535,1,2,0.1287828782549196,0.8715887705485026,0.4762891416196469,2,0.1287828782549196,0.8715887705485026,59.96002664890073
flipped_part_004.mp4,536,1,2,0.1301892420331326,0.8776327133178711,0.4817423502604167,2,0.1301892420331326,0.8776327133178711,59.96002664890073
flipped_part_004.mp4,537,1,2,0.1341564244469757,0.8863105773925781,0.4850564462167245,2,0.1341564244469757,0.8863105773925781,59.96002664890073
flipped_part_004.mp4,538,1,2,0.1375883031432103,0.893250846862793,0.4860646565755208,2,0.1375883031432103,0.893250846862793,59.96002664890073
flipped_part_004.mp4,539,1,2,0.1400800429036651,0.8991434097290039,0.4873604103370949,2,0.1400800429036651,0.8991434097290039,59.96002664890073
flipped_part_004.mp4,540,0,2,0.1447243969333875,0.9092905044555664,0.4905459933810764,2,0.1447243969333875,0.9092905044555664,59.96002664890073
flipped_part_004.mp4,541,0,2,0.1477228145994659,0.9158939997355144,0.4926813196252893,2,0.1477228145994659,0.9158939997355144,59.96002664890073
flipped_part_004.mp4,542,0,2,0.1489371752778188,0.921641985575358,0.4982588591399016,2,0.1489371752778188,0.921641985575358,59.96002664890073
flipped_part_004.mp4,543,0,2,0.1526031365275008,0.9305893580118816,0.5002595689561632,2,0.1526031365275008,0.9305893580118816,59.96002664890073
flipped_part_004.mp4,544,0,2,0.1545603386322208,0.9370360056559244,0.5043687043366609,2,0.1545603386322208,0.9370360056559244,59.96002664890073
flipped_part_004.mp4,545,0,2,0.1582514135580816,0.9458824157714844,0.5063729180230034,2,0.1582514135580816,0.9458824157714844,59.96002664890073
flipped_part_004.mp4,546,0,2,0.162136942019893,0.9549285888671876,0.5082553439670139,2,0.162136942019893,0.9549285888671876,59.96002664890073
flipped_part_004.mp4,547,0,2,0.1642366262916281,0.9619782129923504,0.5121171174225984,2,0.1642366262916281,0.9619782129923504,59.96002664890073
flipped_part_004.mp4,548,0,2,0.1677849277159246,0.971291732788086,0.5153262103045428,2,0.1677849277159246,0.971291732788086,59.96002664890073
flipped_part_004.mp4,549,0,2,0.170095236891292,0.9793066024780274,0.5189644707573785,2,0.170095236891292,0.9793066024780274,59.96002664890073
flipped_part_004.mp4,550,0,2,0.1736690684770885,0.994603411356608,0.5277961448386863,2,0.1736690684770885,0.994603411356608,59.96002664890073
flipped_part_004.mp4,551,0,2,0.1748586389515549,0.9979021708170572,0.530238624855324,2,0.1748586389515549,0.9979021708170572,59.96002664890073
flipped_part_004.mp4,552,0,2,0.1740572609033228,0.997849464416504,0.5317186143663194,2,0.1740572609033228,0.997849464416504,59.96002664890073
flipped_part_004.mp4,553,0,2,0.173904387858347,0.9987045288085936,0.5346597177010995,2,0.173904387858347,0.9987045288085936,59.96002664890073
flipped_part_004.mp4,554,0,2,0.1732260226662684,0.9984873453776042,0.5355561433015046,2,0.1732260226662684,0.9984873453776042,59.96002664890073
flipped_part_004.mp4,555,0,2,0.1716956522111367,0.9984769821166992,0.5398627387152778,2,0.1716956522111367,0.9984769821166992,59.96002664890073
flipped_part_004.mp4,556,0,2,0.1680075010230777,0.9977840423583983,0.549903643572772,2,0.1680075010230777,0.9977840423583983,59.96002664890073
flipped_part_004.mp4,557,0,2,0.1652352149537577,0.9966133117675782,0.555649255823206,2,0.1652352149537577,0.9966133117675782,59.96002664890073
flipped_part_004.mp4,558,0,2,0.1624217492058718,0.9959075927734377,0.5611751980251736,2,0.1624217492058718,0.9959075927734377,59.96002664890073
flipped_part_004.mp4,559,0,2,0.1604992641111006,0.9954076766967772,0.565430987322772,2,0.1604992641111006,0.9954076766967772,59.96002664890073
flipped_part_004.mp4,560,0,2,0.1552125750536409,0.9873464584350586,0.5708430537471065,2,0.1552125750536409,0.9873464584350586,59.96002664890073
flipped_part_004.mp4,561,0,2,0.1454009405480853,0.9665459314982096,0.5729158754701967,2,0.1454009405480853,0.9665459314982096,59.96002664890073
flipped_part_004.mp4,562,0,2,0.1448586477293348,0.9688684463500976,0.5783504344798901,2,0.1448586477293348,0.9688684463500976,59.96002664890073
flipped_part_004.mp4,563,0,2,0.1434407230121669,0.9703746795654296,0.5830722950122974,2,0.1434407230121669,0.9703746795654296,59.96002664890073
flipped_part_004.mp4,564,0,2,0.1404218985139677,0.970410410563151,0.5915707058376736,2,0.1404218985139677,0.970410410563151,59.96002664890073
flipped_part_004.mp4,565,0,2,0.1368244730145922,0.966800308227539,0.5972870438187211,2,0.1368244730145922,0.966800308227539,59.96002664890073
flipped_part_004.mp4,566,0,2,0.1348466547207589,0.966380500793457,0.604652178729022,1,0.0100984235159207,0.6987513860066732,59.96002664890073
flipped_part_004.mp4,567,0,2,0.1337651810157371,0.9653809229532878,0.6072418212890625,1,0.0102318125720894,0.6997643788655599,59.96002664890073
flipped_part_004.mp4,568,0,2,0.131593480561903,0.9670692443847656,0.6156311600296586,1,0.0104411975728106,0.7006237030029296,59.96002664890073
flipped_part_004.mp4,569,0,2,0.1304113493937378,0.9671597162882488,0.6198377821180555,1,0.0105351917308224,0.7011768341064453,59.96002664890073
flipped_part_004.mp4,570,0,2,0.1283495584842576,0.9658226013183594,0.6252668592664931,1,0.0105967144101547,0.7005980173746745,59.96002664890073
flipped_part_004.mp4,571,0,2,0.1246438510066622,0.9645168940226236,0.6345076949508102,1,0.0106612326284973,0.7006914138793945,59.96002664890073
flipped_part_004.mp4,572,0,2,0.1216005026069857,0.9629392623901368,0.6421903257016782,1,0.010731908736634,0.7009307861328125,59.96002664890073
flipped_part_004.mp4,573,0,2,0.1199427464976906,0.966161028544108,0.6486719767252604,1,0.0108820149243843,0.7015947977701823,59.96002664890073
flipped_part_004.mp4,574,0,2,0.1175925932912857,0.9666308085123698,0.6558792679398148,1,0.0110038089410712,0.7021605173746744,59.96002664890073
flipped_part_004.mp4,575,0,2,0.1153028222316168,0.967349624633789,0.6633790192780671,1,0.0110293130199338,0.7020104090372722,59.96002664890073
flipped_part_004.mp4,576,0,2,0.1125597340051827,0.9680248260498048,0.6710370664243345,1,0.0110416397002861,0.7029560089111329,59.96002664890073
flipped_part_004.mp4,577,0,2,0.1090580838999098,0.9665934244791666,0.6791249593098958,1,0.0110209871602785,0.7033910751342773,59.96002664890073
flipped_part_004.mp4,578,0,2,0.1060641296312678,0.9658363342285156,0.6861334906684028,1,0.0109912862228951,0.7031621932983398,59.96002664890073
flipped_part_004.mp4,579,0,2,0.1039337253256235,0.9647146860758464,0.6920966254340277,1,0.0112058187646713,0.7038193384806315,59.96002664890073
flipped_part_004.mp4,580,0,2,0.1002572529600361,0.9638715744018554,0.7038315384476274,1,0.0111273221963913,0.7037613550821941,59.96002664890073
flipped_part_004.mp4,581,0,2,0.09622482663378,0.9628519694010416,0.7136416399920428,1,0.0111964409268155,0.7043266296386719,59.96002664890073
flipped_part_004.mp4,582,0,2,0.0941217655793298,0.9654127756754556,0.7220879448784723,1,0.0112613433606262,0.7040571848551432,59.96002664890073
flipped_part_004.mp4,583,0,2,0.0908049722181426,0.9673301696777344,0.7340976291232639,1,0.0111758349348994,0.7040351231892904,59.96002664890073
flipped_part_004.mp4,584,0,2,0.0881259616029148,0.9722021102905274,0.7444749055085359,1,0.0115261630569067,0.7047085444132487,59.96002664890073
flipped_part_004.mp4,585,0,2,0.0855812707872785,0.9792229334513346,0.7568693938078703,1,0.0118040278940846,0.7054426193237304,59.96002664890073
flipped_part_004.mp4,586,0,2,0.0849177522437336,0.9929620742797852,0.7686075846354167,1,0.0115406875364607,0.7045155207316081,59.96002664890073
flipped_part_004.mp4,587,0,2,0.0816229274607893,0.9976802825927734,0.7794776068793403,1,0.0116615899273892,0.7049336115519206,59.96002664890073
flipped_part_004.mp4,588,0,2,0.0763625739297519,0.9981819152832032,0.7927422417534722,1,0.0117548153297738,0.7053131103515625,59.96002664890073
flipped_part_004.mp4,589,0,2,0.0719976722631448,0.9990150451660156,0.8047902425130208,1,0.0116921631928912,0.7053901036580403,59.96002664890073
flipped_part_004.mp4,590,0,2,0.0682566509256139,0.9999870300292968,0.8140658908420139,1,0.0120115787888026,0.7066964467366537,59.96002664890073
flipped_part_004.mp4,591,0,2,0.0600388867142868,0.9989575068155924,0.8332495795355903,1,0.0120409944534993,0.707067362467448,59.96002664890073
flipped_part_004.mp4,592,0,2,0.0544784034820515,0.9977598826090496,0.8441739682798033,1,0.0121140870023058,0.7076583862304687,59.96002664890073
flipped_part_004.mp4,593,0,2,0.0474566497312237,0.99702205657959,0.8607381184895834,1,0.012228972382533,0.708404541015625,59.96002664890073
flipped_part_004.mp4,594,0,2,0.0407035669332577,0.9953285217285156,0.8791619194878473,1,0.0124965352977031,0.7091936111450196,59.96002664890073
flipped_part_004.mp4,595,0,2,0.0315226977024253,0.9896141052246094,0.8981285942925348,1,0.0125606324596446,0.708905283610026,59.96002664890073
flipped_part_004.mp4,596,0,2,0.0199651886761421,0.9415666580200196,0.9180036756727432,1,0.0127756116701844,0.7092516581217448,59.96002664890073
flipped_part_004.mp4,597,0,1,0.0129175384042972,0.7097848892211914,0.035399090802228,1,0.0129175384042972,0.7097848892211914,59.96002664890073
flipped_part_004.mp4,598,0,1,0.0129534730254844,0.7105133056640625,0.0378393950285734,1,0.0129534730254844,0.7105133056640625,59.96002664890073
flipped_part_004.mp4,599,0,1,0.0129602141954226,0.7110385894775391,0.037767509177879,1,0.0129602141954226,0.7110385894775391,59.96002664890073
flipped_part_004.mp4,600,0,1,0.0129548835187839,0.7113787333170573,0.0418641832139757,1,0.0129548835187839,0.7113787333170573,59.96002664890073
flipped_part_004.mp4,601,0,1,0.013016691648065,0.7115724563598633,0.0434824625651041,1,0.013016691648065,0.7115724563598633,59.96002664890073
flipped_part_004.mp4,602,0,1,0.0129855002874413,0.7114765803019206,0.0465193289297598,1,0.0129855002874413,0.7114765803019206,59.96002664890073
flipped_part_004.mp4,603,0,1,0.0134042261366123,0.7123893102010092,0.0472891348379629,1,0.0134042261366123,0.7123893102010092,59.96002664890073
flipped_part_004.mp4,604,0,1,0.0130973457789514,0.7120426177978516,0.0490484167028356,1,0.0130973457789514,0.7120426177978516,59.96002664890073
flipped_part_004.mp4,605,0,1,0.0131243203309606,0.7121765772501628,0.0509871871383101,1,0.0131243203309606,0.7121765772501628,59.96002664890073
flipped_part_004.mp4,606,0,1,0.0131141851161697,0.7123384475708008,0.0528216891818576,1,0.0131141851161697,0.7123384475708008,59.96002664890073
flipped_part_004.mp4,607,0,1,0.0133838628614224,0.712749735514323,0.0547144289369936,1,0.0133838628614224,0.712749735514323,59.96002664890073
flipped_part_004.mp4,608,0,1,0.0133442668301156,0.7127418518066406,0.057299154776114,1,0.0133442668301156,0.7127418518066406,59.96002664890073
flipped_part_004.mp4,609,0,1,0.0134776346915905,0.7133401870727539,0.0603303414803964,1,0.0134776346915905,0.7133401870727539,59.96002664890073
flipped_part_004.mp4,610,0,5,0.0122798933057304,0.8161811828613281,0.830501076027199,4,0.004591002173504,0.7775453567504883,59.96002664890073
flipped_part_004.mp4,611,0,6,0.0125968916750193,0.8176212946573893,0.8290970978913483,5,0.0044808844007827,0.7776346842447917,59.96002664890073
flipped_part_004.mp4,612,0,6,0.0132097400930554,0.8198049545288086,0.8283975671838831,5,0.0046265291641854,0.7775297164916992,59.96002664890073
flipped_part_004.mp4,613,0,5,0.0132065123758123,0.8205343882242838,0.8276336669921875,4,0.0046862445454785,0.7781447092692058,59.96002664890073
flipped_part_004.mp4,614,0,5,0.0134608066418635,0.8215012232462565,0.8256662439416956,4,0.0048705167647373,0.7780685424804688,59.96002664890073
flipped_part_004.mp4,615,0,5,0.0136476268186621,0.8225094477335612,0.8244340684678819,4,0.0047168425448601,0.7778772354125977,59.96002664890073
flipped_part_004.mp4,616,0,5,0.0140940994974894,0.8252492904663086,0.8242663913302951,4,0.004806495157148,0.7781901041666667,59.96002664890073
flipped_part_004.mp4,617,0,5,0.0142135407828027,0.8257696151733398,0.8223385281032987,4,0.0049081211756156,0.7785271326700847,59.96002664890073
flipped_part_004.mp4,618,0,7,0.0148194631254717,0.828127924601237,0.8194179393627026,6,0.0048026806595993,0.7782544453938802,59.96002664890073
flipped_part_004.mp4,619,0,6,0.0148990122860413,0.8293720245361328,0.8188908894856771,5,0.0047318164920822,0.7787252426147461,59.96002664890073
flipped_part_004.mp4,620,0,6,0.0153101035992019,0.8314689636230469,0.8168039957682292,5,0.0047343799062461,0.7787883122762044,59.96002664890073
flipped_part_004.mp4,621,0,6,0.0156512518456266,0.832713762919108,0.8145529287832755,5,0.0048142837141468,0.7790191014607747,59.96002664890073
flipped_part_004.mp4,622,0,5,0.0158360474658763,0.8341569900512695,0.8131564104998553,4,0.0046854864533762,0.7789040247599284,59.96002664890073
flipped_part_004.mp4,623,0,6,0.0159641891845644,0.8338598887125651,0.8110354388201678,5,0.0047533003732355,0.778823725382487,59.96002664890073
flipped_part_004.mp4,624,0,6,0.0159638924824927,0.8346563339233398,0.8126142713758681,5,0.0047970815445296,0.7791165669759115,59.96002664890073
flipped_part_004.mp4,625,0,5,0.0161937124749076,0.8359759012858073,0.8123946578414352,4,0.005009717934407,0.7801326751708985,59.96002664890073
flipped_part_004.mp4,626,0,6,0.016504231022576,0.8375499725341797,0.8112881130642361,5,0.0049888907927648,0.7804197311401367,59.96002664890073
flipped_part_004.mp4,627,0,5,0.0166054296525221,0.8382497787475586,0.811503431532118,4,0.0049171776696069,0.7806068420410156,59.96002664890073
flipped_part_004.mp4,628,0,7,0.0168682944118498,0.8400163650512695,0.8117068255389178,6,0.0049748684698715,0.7805080413818359,59.96002664890073
flipped_part_004.mp4,629,0,5,0.0171204299294105,0.8417861938476563,0.8119313557942708,4,0.0050458413989852,0.7805509567260742,59.96002664890073
flipped_part_004.mp4,630,0,7,0.0171349582434085,0.8425613403320312,0.8115691008391204,6,0.0051721996529765,0.7809503555297852,59.96002664890073
flipped_part_004.mp4,631,0,7,0.0171214421164498,0.8422939300537109,0.8117877536349827,6,0.0050100483326888,0.7803154627482096,59.96002664890073
flipped_part_004.mp4,632,0,6,0.0173923253462891,0.8441839218139648,0.8128461484555844,5,0.0051548480610492,0.7805617014567058,59.96002664890073
flipped_part_004.mp4,633,0,6,0.0173465531250177,0.844703483581543,0.813484870062934,5,0.0051193749208188,0.7804758071899414,59.96002664890073
flipped_part_004.mp4,634,0,7,0.0172503363490384,0.8459358215332031,0.8154366387261285,6,0.0051346594688804,0.7801027297973633,59.96002664890073
flipped_part_004.mp4,635,0,6,0.0171315120032522,0.8462200164794922,0.8161810980902777,5,0.0051086373407936,0.7805368423461914,59.96002664890073
flipped_part_004.mp4,636,0,5,0.0169823663700896,0.8480876922607422,0.8202416879159433,4,0.0051133994442083,0.7798530578613281,59.96002664890073
flipped_part_004.mp4,637,0,5,0.0166228835907316,0.8479241053263347,0.8230593080873843,4,0.0051707796259627,0.7800264994303385,59.96002664890073
flipped_part_004.mp4,638,0,6,0.0163887217318363,0.8476486206054688,0.8257711339879918,5,0.0051998607090596,0.7800727844238281,59.96002664890073
flipped_part_004.mp4,639,0,6,0.0163270318771807,0.8480257034301758,0.8276299935800058,5,0.0051319233628735,0.7797653198242187,59.96002664890073
flipped_part_004.mp4,640,0,5,0.0159559834339436,0.846836535135905,0.8301328870985243,4,0.0050832755035177,0.7795403162638347,59.96002664890073
flipped_part_004.mp4,641,0,6,0.0151151210924662,0.8429935455322266,0.8335238986545139,5,0.0052023161117297,0.7797949473063152,59.96002664890073
flipped_part_004.mp4,642,0,6,0.0145336694569171,0.8403024673461914,0.8377924036096643,5,0.0053338663691955,0.7797264099121094,59.96002664890073
flipped_part_004.mp4,643,0,5,0.0136302816104445,0.8389086405436198,0.8429530956127026,4,0.0055552015942844,0.7802466074625651,59.96002664890073
flipped_part_004.mp4,644,0,5,0.0133472829353801,0.8379055658976237,0.8454287493670428,4,0.0055373906548872,0.7807039260864258,59.96002664890073
flipped_part_004.mp4,645,0,5,0.0126360903273733,0.8370519638061523,0.851614323368779,4,0.0053241666945784,0.7796454747517904,59.96002664890073
flipped_part_004.mp4,646,0,5,0.0121497114015316,0.8355600357055664,0.8552581221969039,4,0.0053498678121077,0.7790503819783529,59.96002664890073
flipped_part_004.mp4,647,0,5,0.0113032051645374,0.8339668909708658,0.8642720540364583,4,0.0055288467003912,0.7795485814412435,59.96002664890073
flipped_part_004.mp4,648,0,5,0.0109648241943293,0.8324934005737304,0.8687665586118345,4,0.0055498736328445,0.7791709899902344,59.96002664890073
flipped_part_004.mp4,649,0,5,0.0103514093913879,0.8301869074503581,0.8735883924696181,4,0.0054874462417411,0.7786930720011394,59.96002664890073
flipped_part_004.mp4,650,0,5,0.0098852372099645,0.8306035995483398,0.8804056803385417,4,0.0055676435687605,0.778331438700358,59.96002664890073
flipped_part_004.mp4,651,0,5,0.0093439949754004,0.8293450037638347,0.8880094174985532,4,0.0055897461856646,0.7780426025390625,59.96002664890073
flipped_part_004.mp4,652,0,6,0.0088278210098944,0.8280768076578776,0.8948091860170717,5,0.0054885314256642,0.7774661382039388,59.96002664890073
flipped_part_004.mp4,653,0,6,0.0080199704038763,0.8261558532714843,0.9013507984302662,5,0.0056196907835575,0.7764070510864258,59.96002664890073
flipped_part_004.mp4,654,0,5,0.0076198320521507,0.8275707880655925,0.9087365044487848,4,0.0053562120200432,0.774638557434082,59.96002664890073
flipped_part_004.mp4,655,0,5,0.0067704383047142,0.8260562896728516,0.9185794406467014,4,0.0057474664843175,0.7751911799112956,59.96002664890073
flipped_part_004.mp4,656,0,5,0.0059398282971556,0.8250829696655273,0.9282079060872396,4,0.0058228582195847,0.7754908243815104,59.96002664890073
flipped_part_004.mp4,657,0,6,0.0058531462324511,0.7745868682861328,0.1857959323459201,5,0.0058531462324511,0.7745868682861328,59.96002664890073
flipped_part_004.mp4,658,0,5,0.0058520319742254,0.7733610153198243,0.1913198965567129,4,0.0058520319742254,0.7733610153198243,59.96002664890073
flipped_part_004.mp4,659,0,5,0.0056663604624379,0.7723644256591797,0.1977187545211227,4,0.0056663604624379,0.7723644256591797,59.96002664890073
flipped_part_004.mp4,660,0,5,0.005678619854842,0.7713480631510417,0.2039959942853009,4,0.005678619854842,0.7713480631510417,59.96002664890073
flipped_part_004.mp4,661,0,6,0.0058982934970602,0.7713603337605794,0.2138848763925057,5,0.0058982934970602,0.7713603337605794,59.96002664890073
flipped_part_004.mp4,662,0,4,0.0055412630816162,0.7691778818766276,0.2198087339048032,4,0.0055412630816162,0.7691778818766276,59.96002664890073
flipped_part_004.mp4,663,0,4,0.0057773763773406,0.7683644612630208,0.2284938670970775,4,0.0057773763773406,0.7683644612630208,59.96002664890073
flipped_part_004.mp4,664,0,5,0.005954718437602,0.7683708190917968,0.2370061803747106,5,0.005954718437602,0.7683708190917968,59.96002664890073
flipped_part_004.mp4,665,0,4,0.0057707461900038,0.7669387817382812,0.2413619995117187,4,0.0057707461900038,0.7669387817382812,59.96002664890073
flipped_part_004.mp4,666,0,4,0.0056798321813025,0.7656560262044271,0.2437970761899595,4,0.0056798321813025,0.7656560262044271,59.96002664890073
flipped_part_004.mp4,667,0,4,0.0060108962459748,0.7670478820800781,0.2532944855866609,4,0.0060108962459748,0.7670478820800781,59.96002664890073
flipped_part_004.mp4,668,0,4,0.0058506260201748,0.7663527806599935,0.2604444715711805,4,0.0058506260201748,0.7663527806599935,59.96002664890073
flipped_part_004.mp4,669,0,4,0.0057907109827889,0.7650509516398112,0.2650634765625,4,0.0057907109827889,0.7650509516398112,59.96002664890073
flipped_part_004.mp4,670,0,4,0.0060287752900312,0.7647538503011068,0.2729619909215856,4,0.0060287752900312,0.7647538503011068,59.96002664890073
flipped_part_004.mp4,671,0,4,0.0061165314225622,0.765217399597168,0.2767673633716724,4,0.0061165314225622,0.765217399597168,59.96002664890073
flipped_part_004.mp4,672,0,4,0.0062304857846659,0.7644580841064453,0.2836439344618056,4,0.0062304857846659,0.7644580841064453,59.96002664890073
flipped_part_004.mp4,673,0,4,0.0065036024207883,0.7657466888427734,0.2901669537579572,4,0.0065036024207883,0.7657466888427734,59.96002664890073
flipped_part_004.mp4,674,0,4,0.0059496849785015,0.7641976038614909,0.3022902312102141,4,0.0059496849785015,0.7641976038614909,59.96002664890073
flipped_part_004.mp4,675,0,4,0.0067368243601608,0.7650709788004557,0.2971856576425057,4,0.0067368243601608,0.7650709788004557,59.96002664890073
flipped_part_004.mp4,676,0,4,0.0068547708232366,0.7645519256591797,0.3017777054398148,4,0.0068547708232366,0.7645519256591797,59.96002664890073
flipped_part_004.mp4,677,0,5,0.0066818575298465,0.7642549514770508,0.3098915382667824,5,0.0066818575298465,0.7642549514770508,59.96002664890073
flipped_part_004.mp4,678,0,4,0.0068508034939683,0.7641756057739257,0.3132327044451678,4,0.0068508034939683,0.7641756057739257,59.96002664890073
flipped_part_004.mp4,679,0,6,0.0068749995029928,0.7639232635498047,0.3168574580439814,6,0.0068749995029928,0.7639232635498047,59.96002664890073
flipped_part_004.mp4,680,0,4,0.0067057058221932,0.7631928126017252,0.3188796997070312,4,0.0067057058221932,0.7631928126017252,59.96002664890073
flipped_part_004.mp4,681,0,5,0.0068623901975203,0.7622861862182617,0.3222615559895833,5,0.0068623901975203,0.7622861862182617,59.96002664890073
flipped_part_004.mp4,682,0,6,0.0070390012260112,0.7629730224609375,0.3267154269748263,6,0.0070390012260112,0.7629730224609375,59.96002664890073
flipped_part_004.mp4,683,0,4,0.0071699504576584,0.7626935958862304,0.3293407864040799,4,0.0071699504576584,0.7626935958862304,59.96002664890073
flipped_part_004.mp4,684,0,4,0.0072691579705052,0.762447738647461,0.3321870026765046,4,0.0072691579705052,0.762447738647461,59.96002664890073
flipped_part_004.mp4,685,0,5,0.0072502366107073,0.7625640869140625,0.3353208753797743,5,0.0072502366107073,0.7625640869140625,59.96002664890073
flipped_part_004.mp4,686,0,4,0.007305777132925,0.7620495478312175,0.3375394467954282,4,0.007305777132925,0.7620495478312175,59.96002664890073
flipped_part_004.mp4,687,0,4,0.0074511518786132,0.7621344884236654,0.3394977710865162,4,0.0074511518786132,0.7621344884236654,59.96002664890073
flipped_part_004.mp4,688,0,5,0.0075222819513227,0.7618141174316406,0.342436839916088,5,0.0075222819513227,0.7618141174316406,59.96002664890073
flipped_part_004.mp4,689,0,4,0.0076199534593184,0.762213389078776,0.343746496129919,4,0.0076199534593184,0.762213389078776,59.96002664890073
flipped_part_004.mp4,690,0,4,0.0077111383762288,0.7622856140136719,0.3454198766637731,4,0.0077111383762288,0.7622856140136719,59.96002664890073
flipped_part_004.mp4,691,0,5,0.0077303207820471,0.7623218536376953,0.3461483425564236,5,0.0077303207820471,0.7623218536376953,59.96002664890073
flipped_part_004.mp4,692,0,5,0.0078594488755765,0.7625395456949869,0.3470630787037037,5,0.0078594488755765,0.7625395456949869,59.96002664890073
flipped_part_004.mp4,693,0,5,0.0079317501862533,0.7626335144042968,0.3471594916449653,5,0.0079317501862533,0.7626335144042968,59.96002664890073
flipped_part_004.mp4,694,0,4,0.0080246479576166,0.7631038665771485,0.3489007455331308,4,0.0080246479576166,0.7631038665771485,59.96002664890073
flipped_part_004.mp4,695,0,4,0.0081780042789048,0.7633967717488607,0.349387953016493,4,0.0081780042789048,0.7633967717488607,59.96002664890073
flipped_part_004.mp4,696,0,4,0.0082807480223709,0.7633900324503581,0.3499715169270833,4,0.0082807480223709,0.7633900324503581,59.96002664890073
flipped_part_004.mp4,697,0,4,0.0083424930332694,0.763826052347819,0.3498076827437789,4,0.0083424930332694,0.763826052347819,59.96002664890073
flipped_part_004.mp4,698,0,4,0.0084245399277467,0.7640438079833984,0.3496880990487558,4,0.0084245399277467,0.7640438079833984,59.96002664890073
flipped_part_004.mp4,699,0,4,0.0085927794424868,0.7645668029785156,0.3497317843967014,4,0.0085927794424868,0.7645668029785156,59.96002664890073
flipped_part_004.mp4,700,0,4,0.0087378964301509,0.7647550582885743,0.3513537371600115,4,0.0087378964301509,0.7647550582885743,59.96002664890073
flipped_part_004.mp4,701,0,4,0.0087893888165773,0.7649007797241211,0.3516996595594618,4,0.0087893888165773,0.7649007797241211,59.96002664890073
flipped_part_004.mp4,702,0,4,0.0089631918360073,0.7653389612833659,0.3527856332284433,4,0.0089631918360073,0.7653389612833659,59.96002664890073
flipped_part_004.mp4,703,0,4,0.0089784745366548,0.7661460240681967,0.3504759611906828,4,0.0089784745366548,0.7661460240681967,59.96002664890073
flipped_part_004.mp4,704,0,4,0.009243546156342,0.7661081314086914,0.3496133874963831,4,0.009243546156342,0.7661081314086914,59.96002664890073
flipped_part_004.mp4,705,0,4,0.0093997348133362,0.7663017272949219,0.3510951289424189,4,0.0093997348133362,0.7663017272949219,59.96002664890073
flipped_part_004.mp4,706,0,4,0.009601432657973,0.7667678833007813,0.3512717918113426,4,0.009601432657973,0.7667678833007813,59.96002664890073
flipped_part_004.mp4,707,0,4,0.0094433416948757,0.7663012186686198,0.3553117540147569,4,0.0094433416948757,0.7663012186686198,59.96002664890073
flipped_part_004.mp4,708,0,4,0.0098673045231003,0.7679910659790039,0.353162525318287,4,0.0098673045231003,0.7679910659790039,59.96002664890073
flipped_part_004.mp4,709,0,4,0.0102979760619604,0.7700037638346354,0.3553140145760995,4,0.0102979760619604,0.7700037638346354,59.96002664890073
flipped_part_004.mp4,710,0,4,0.0098487733699558,0.7668085734049479,0.3564079567238136,4,0.0098487733699558,0.7668085734049479,59.96002664890073
flipped_part_004.mp4,711,0,4,0.0105251640744326,0.770741081237793,0.3576301857277199,4,0.0105251640744326,0.770741081237793,59.96002664890073
flipped_part_004.mp4,712,0,4,0.0096914143080357,0.7675256729125977,0.3634821008752893,4,0.0096914143080357,0.7675256729125977,59.96002664890073
flipped_part_004.mp4,713,0,4,0.0097597628055761,0.7672442118326823,0.3620968288845486,4,0.0097597628055761,0.7672442118326823,59.96002664890073
flipped_part_004.mp4,714,0,4,0.0109896540472659,0.7717668533325195,0.360774004900897,4,0.0109896540472659,0.7717668533325195,59.96002664890073
flipped_part_004.mp4,715,0,4,0.011447108423946,0.7732954025268555,0.3626179447880497,4,0.011447108423946,0.7732954025268555,59.96002664890073
flipped_part_004.mp4,716,0,4,0.0114936066514605,0.7734615325927734,0.3635234691478587,4,0.0114936066514605,0.7734615325927734,59.96002664890073
flipped_part_004.mp4,717,0,4,0.0116028101070292,0.7742697397867838,0.3660029093424479,4,0.0116028101070292,0.7742697397867838,59.96002664890073
flipped_part_004.mp4,718,0,4,0.0114257043563864,0.7746999104817708,0.3672410187897859,4,0.0114257043563864,0.7746999104817708,59.96002664890073
flipped_part_004.mp4,719,0,4,0.0116889696777798,0.7752205530802408,0.368879473650897,4,0.0116889696777798,0.7752205530802408,59.96002664890073
flipped_part_004.mp4,720,0,4,0.0119913957798336,0.7759986877441406,0.3726533677842882,4,0.0119913957798336,0.7759986877441406,59.96002664890073
flipped_part_004.mp4,721,0,4,0.0119170707149896,0.7769229888916016,0.3764656914605034,4,0.0119170707149896,0.7769229888916016,59.96002664890073
flipped_part_004.mp4,722,0,5,0.0119598093685797,0.7771871566772461,0.3797300550672743,4,0.0119598093685797,0.7771871566772461,59.96002664890073
flipped_part_004.mp4,723,0,5,0.0118122526377232,0.7779577255249024,0.384629652235243,5,0.0118122526377232,0.7779577255249024,59.96002664890073
flipped_part_004.mp4,724,0,6,0.0122463372706746,0.7785441080729166,0.3870608859592014,6,0.0122463372706746,0.7785441080729166,59.96002664890073
flipped_part_004.mp4,725,0,4,0.0126688189741675,0.7787564595540365,0.3877217045536748,4,0.0126688189741675,0.7787564595540365,59.96002664890073
flipped_part_004.mp4,726,0,6,0.0129544601921224,0.7793663660685222,0.3921435885959201,6,0.0129544601921224,0.7793663660685222,59.96002664890073
flipped_part_004.mp4,727,0,7,0.0128896710226157,0.7786446253458659,0.3939056396484375,7,0.0128896710226157,0.7786446253458659,59.96002664890073
flipped_part_004.mp4,728,0,6,0.0126761889987392,0.7794260660807292,0.4024922123661748,6,0.0126761889987392,0.7794260660807292,59.96002664890073
flipped_part_004.mp4,729,0,7,0.0124102878036124,0.7790477752685547,0.4127083107277199,7,0.0124102878036124,0.7790477752685547,59.96002664890073
flipped_part_004.mp4,730,0,6,0.0126238772999365,0.780458132425944,0.420983491120515,6,0.0126238772999365,0.780458132425944,59.96002664890073
flipped_part_004.mp4,731,0,7,0.0129704493613206,0.7821421941121419,0.4271921793619792,6,0.0129704493613206,0.7821421941121419,59.96002664890073
flipped_part_004.mp4,732,0,5,0.0124339100032941,0.7822320938110352,0.4251642862955729,5,0.0124339100032941,0.7822320938110352,59.96002664890073
flipped_part_004.mp4,733,0,5,0.0113845966230534,0.7797403335571289,0.4171270864981192,5,0.0113845966230534,0.7797403335571289,59.96002664890073
flipped_part_004.mp4,734,0,6,0.0114463989021842,0.7809118270874024,0.4172789962203414,6,0.0114463989021842,0.7809118270874024,59.96002664890073
flipped_part_004.mp4,735,0,6,0.0107652011245954,0.7786037445068359,0.4132252445927373,6,0.0107652011245954,0.7786037445068359,59.96002664890073
flipped_part_004.mp4,736,0,5,0.0106215400178377,0.7766319274902344,0.4082746152524595,5,0.0106215400178377,0.7766319274902344,59.96002664890073
flipped_part_004.mp4,737,0,5,0.0099203466309053,0.7771422068277994,0.3980074847186053,5,0.0099203466309053,0.7771422068277994,59.96002664890073
flipped_part_004.mp4,738,0,6,0.0143078410454715,0.7823362986246745,0.4694220648871527,6,0.0143078410454715,0.7823362986246745,59.96002664890073
flipped_part_004.mp4,739,0,6,0.0150913981498969,0.786082649230957,0.46627768057364,6,0.0150913981498969,0.786082649230957,59.96002664890073
flipped_part_004.mp4,740,0,7,0.0167165495920926,0.7928485870361328,0.4804614031756365,7,0.0167165495920926,0.7928485870361328,59.96002664890073
flipped_part_004.mp4,741,0,7,0.0169980187104859,0.7914002100626628,0.480608226634838,7,0.0169980187104859,0.7921119689941406,59.96002664890073
flipped_part_004.mp4,742,0,5,0.016827933651684,0.7920626322428386,0.4930868643301505,5,0.016827933651684,0.7920626322428386,59.96002664890073
flipped_part_004.mp4,743,0,5,0.0170654255588306,0.7925594965616862,0.4961931016710069,5,0.0170654255588306,0.7925594965616862,59.96002664890073
flipped_part_004.mp4,744,0,4,0.0169912281552226,0.7929528554280599,0.506938001844618,4,0.0169912281552226,0.7929528554280599,59.96002664890073
flipped_part_004.mp4,745,0,5,0.0169388390835417,0.7925254185994466,0.5151480780707465,5,0.0169388390835417,0.7925254185994466,59.96002664890073
flipped_part_004.mp4,746,0,5,0.0172361174501323,0.793354606628418,0.522024479618779,5,0.0172361174501323,0.793354606628418,59.96002664890073
flipped_part_004.mp4,747,0,5,0.0176382659109852,0.7937037785847981,0.5293772379557292,5,0.0176382659109852,0.7937037785847981,59.96002664890073
flipped_part_004.mp4,748,0,5,0.017706457170813,0.7944634119669597,0.5426903618706598,5,0.017706457170813,0.7944634119669597,59.96002664890073
flipped_part_004.mp4,749,0,5,0.0184251079984716,0.7942508061726888,0.5499876234266493,5,0.0184251079984716,0.7942508061726888,59.96002664890073
flipped_part_004.mp4,750,0,5,0.0190910890989471,0.797155253092448,0.5588492499457465,5,0.0190910890989471,0.797155253092448,59.96002664890073
flipped_part_004.mp4,751,0,5,0.020070583898158,0.7969929377237955,0.5578924673574942,5,0.020070583898158,0.7969929377237955,59.96002664890073
flipped_part_004.mp4,752,0,5,0.0203645030038508,0.7956879933675131,0.5566131591796875,4,0.0203645030038508,0.7956879933675131,59.96002664890073
flipped_part_004.mp4,753,0,5,0.0169723229834602,0.7995525995890299,0.6274637858072917,4,0.0024630979732157,0.7461494445800781,59.96002664890073
flipped_part_004.mp4,754,0,4,0.0224428670091502,0.7992404937744141,0.5727735731336806,4,0.0224428670091502,0.7992404937744141,59.96002664890073
flipped_part_004.mp4,755,0,5,0.0205319441470783,0.8011784235636393,0.6150961416739005,4,0.0040686423517763,0.7509195327758789,59.96002664890073
flipped_part_004.mp4,756,0,4,0.0218456119240727,0.8028202056884766,0.6196872287326389,3,0.0016370803608906,0.7267702102661133,59.96002664890073
flipped_part_004.mp4,757,0,5,0.0226245587396745,0.8041893641153971,0.6242172241210937,4,0.0043554220691375,0.7590799967447917,59.96002664890073
flipped_part_004.mp4,758,0,4,0.0226583199802553,0.8034202575683593,0.6267518785264757,3,0.0016140658931463,0.726717758178711,59.96002664890073
flipped_part_004.mp4,759,0,5,0.0223950126608488,0.8047752380371094,0.6302632649739583,4,0.0036071716239072,0.7506208419799805,59.96002664890073
flipped_part_004.mp4,760,0,5,0.0235918899161172,0.8052769343058268,0.6283099139178241,4,0.0040206088250852,0.7532684961954753,59.96002664890073
flipped_part_004.mp4,761,0,5,0.0249949618217062,0.8057155609130859,0.6530659428349248,4,0.0046533214545989,0.754426383972168,59.96002664890073
flipped_part_004.mp4,762,0,5,0.0259972141025355,0.8089064280192058,0.6584423489040798,4,0.0039381822998337,0.7530600865681966,59.96002664890073
flipped_part_004.mp4,763,0,6,0.0275755937852146,0.8125856399536133,0.6684994167751737,4,0.0039089739657356,0.7533591588338217,59.96002664890073
flipped_part_004.mp4,764,0,6,0.028500619944563,0.8142780939737956,0.6849581683123553,4,0.0038184312305572,0.7531325022379557,59.96002664890073
flipped_part_004.mp4,765,0,6,0.0134439615282462,0.8153870264689128,0.7989966498480903,5,0.0134003760923709,0.7968957265218098,59.96002664890073
flipped_part_004.mp4,766,0,7,0.0210603051490033,0.8024627685546875,0.6546331900137442,5,0.0123711313450864,0.7943180084228516,59.96002664890073
flipped_part_004.mp4,767,0,6,0.0151310398484821,0.8155903498331706,0.8134341204607928,5,0.0107262835321792,0.7909884134928385,59.96002664890073
flipped_part_004.mp4,768,0,6,0.0272946837866523,0.8148624420166015,0.7063486735026042,4,0.0043747168216699,0.754315185546875,59.96002664890073
flipped_part_004.mp4,769,0,6,0.027395711722525,0.8165901819864909,0.7092602199978298,4,0.0045173014500027,0.7533824284871419,59.96002664890073
flipped_part_004.mp4,770,0,6,0.0266484767796161,0.8164272308349609,0.7126044379340277,4,0.0047357925117938,0.7535572687784831,59.96002664890073
flipped_part_004.mp4,771,0,5,0.0269151210565016,0.8187120437622071,0.7167790730794271,4,0.0046529417015456,0.753134282430013,59.96002664890073
flipped_part_004.mp4,772,0,5,0.025479891357827,0.8142719268798828,0.720941670735677,4,0.0045719877586816,0.7528833389282227,59.96002664890073
flipped_part_004.mp4,773,0,5,0.0256428947700309,0.814876937866211,0.7222246523256655,4,0.0045467792576204,0.7528219858805338,59.96002664890073
flipped_part_004.mp4,774,0,5,0.0265398177238005,0.8197040557861328,0.7229291562680845,4,0.004538812857548,0.7530005137125652,59.96002664890073
flipped_part_004.mp4,775,0,5,0.0274491830609838,0.8236139297485352,0.7297169438114872,4,0.0049668499100435,0.7533750534057617,59.96002664890073
flipped_part_004.mp4,776,0,5,0.0271918298584447,0.8233362833658854,0.7329483032226562,4,0.0054560946581747,0.7539719899495443,59.96002664890073
flipped_part_004.mp4,777,0,5,0.0282616976612351,0.8281508127848307,0.7348607381184896,4,0.0053457556971504,0.7542193094889323,59.96002664890073
flipped_part_004.mp4,778,0,5,0.027697918765221,0.8300188064575196,0.7459757486979167,4,0.0054137409541592,0.754295539855957,59.96002664890073
flipped_part_004.mp4,779,0,5,0.0266390328003197,0.8297859827677408,0.7505496554904514,4,0.0050937156348178,0.7549082438151041,59.96002664890073
flipped_part_004.mp4,780,0,5,0.025498203952566,0.8285354614257813,0.7579589278609664,4,0.0047727792172615,0.7542439142862956,59.96002664890073
flipped_part_004.mp4,781,0,5,0.0266431723372079,0.8317855834960938,0.7553959599247685,4,0.0046503066466215,0.7551998774210612,59.96002664890073
flipped_part_004.mp4,782,0,5,0.0271753240786679,0.8342353820800781,0.7542101824725116,4,0.0043433362928529,0.755462646484375,59.96002664890073
flipped_part_004.mp4,783,0,5,0.0269622835124351,0.8350131988525391,0.7575137668185764,4,0.0042031897775207,0.7566581090291341,59.96002664890073
flipped_part_004.mp4,784,0,5,0.0266792975413544,0.8363733291625977,0.7613565515588832,4,0.0037690323152842,0.7563620885213216,59.96002664890073
flipped_part_004.mp4,785,0,6,0.0262971896644614,0.8388216018676757,0.7687479089807581,5,0.0050343271983028,0.7579310735066732,59.96002664890073
flipped_part_004.mp4,786,0,7,0.0254214185000186,0.8399580637613933,0.7760393495912905,6,0.0030476808926323,0.7609776178995769,59.96002664890073
flipped_part_004.mp4,787,0,6,0.025424520838614,0.8402369181315105,0.7793640701859086,5,0.0027492686320329,0.76163756052653,59.96002664890073
flipped_part_004.mp4,788,0,8,0.0243350217135243,0.8397993087768555,0.7880928887261285,7,0.0039623780074611,0.7638188044230143,59.96002664890073
flipped_part_004.mp4,789,0,7,0.0239868708808595,0.8406826655069987,0.7934258355034722,6,0.0064399383918175,0.7625875473022461,59.96002664890073
flipped_part_004.mp4,790,0,5,0.0238930207812572,0.8393011728922526,0.7916543466073496,4,0.0070592189987655,0.762641716003418,59.96002664890073
flipped_part_004.mp4,791,0,6,0.0249219208947249,0.8388264338175456,0.7809465761537905,5,0.006733082401398,0.7615865707397461,59.96002664890073
flipped_part_004.mp4,792,0,6,0.0231855236673885,0.836630121866862,0.7892207958080151,5,0.0069362891856494,0.7633038202921549,59.96002664890073
flipped_part_004.mp4,793,0,6,0.0214896244083151,0.8354443232218425,0.7994054723668982,5,0.0070382091625058,0.763380495707194,59.96002664890073
flipped_part_004.mp4,794,0,5,0.0206631397387051,0.8357025146484375,0.8051943743670428,4,0.0074339894060136,0.7644006729125976,59.96002664890073
flipped_part_004.mp4,795,0,5,0.0197548073574176,0.8344250361124674,0.8112419976128472,4,0.0074656875241823,0.7640459696451823,59.96002664890073
flipped_part_004.mp4,796,0,6,0.0181798030461477,0.8316230773925781,0.8204370569299768,5,0.0076177303828687,0.765067990620931,59.96002664890073
flipped_part_004.mp4,797,0,5,0.017021823760911,0.8309093475341797,0.8289614642107929,4,0.0075339573179371,0.766316032409668,59.96002664890073
flipped_part_004.mp4,798,0,6,0.0166170748038631,0.8295765558878581,0.8326985677083333,5,0.0077494808545775,0.7668108622233073,59.96002664890073
flipped_part_004.mp4,799,0,5,0.015855008098074,0.8294551849365235,0.840148530183015,4,0.008196778502962,0.767219607035319,59.96002664890073
flipped_part_004.mp4,800,0,6,0.0155186817730578,0.8308586756388346,0.845394445348669,5,0.0085059641923591,0.7675537109375,59.96002664890073
flipped_part_004.mp4,801,0,7,0.0155478478502482,0.834570566813151,0.8505011664496528,6,0.0083712845301272,0.765286636352539,59.96002664890073
flipped_part_004.mp4,802,0,7,0.015145477463903,0.8350004196166992,0.8537586918583623,6,0.0084090407781323,0.7660579045613607,59.96002664890073
flipped_part_004.mp4,803,0,7,0.013897967075334,0.8346062342325846,0.8630845811631944,6,0.0084504461646752,0.7668605168660482,59.96002664890073
flipped_part_004.mp4,804,0,5,0.0136111854721955,0.8372393290201823,0.8693897953739873,4,0.0085088736750185,0.7669240951538085,59.96002664890073
flipped_part_004.mp4,805,0,5,0.0130849907085023,0.8384328842163086,0.8742947048611112,4,0.0088705170524513,0.7689358393351237,59.96002664890073
flipped_part_004.mp4,806,0,5,0.0122026070140957,0.8389429092407227,0.8797691627785011,4,0.0091680399353046,0.7691569010416667,59.96002664890073
flipped_part_004.mp4,807,0,5,0.0114649806400821,0.839028803507487,0.8875555532949942,4,0.0092697806702926,0.7695465723673502,59.96002664890073
flipped_part_004.mp4,808,0,5,0.010866173974696,0.8393795649210612,0.8940920794451678,4,0.0093950247215279,0.7697563171386719,59.96002664890073
flipped_part_004.mp4,809,0,5,0.0095705379651468,0.769963264465332,0.4944969459816261,4,0.0095705379651468,0.769963264465332,59.96002664890073
flipped_part_004.mp4,810,0,4,0.0096756071725394,0.7704409281412761,0.496498786078559,3,0.0096756071725394,0.7704409281412761,59.96002664890073
flipped_part_004.mp4,811,0,4,0.0096899360689955,0.7707443873087565,0.5005823206018518,3,0.0096899360689955,0.7707443873087565,59.96002664890073
flipped_part_004.mp4,812,0,5,0.0097074775359942,0.7710490544637044,0.5020951447663484,4,0.0097074775359942,0.7710490544637044,59.96002664890073
flipped_part_004.mp4,813,0,5,0.0096758474597461,0.771087646484375,0.5064205028392651,4,0.0096758474597461,0.771087646484375,59.96002664890073
flipped_part_004.mp4,814,0,4,0.0098356446255153,0.7715454737345377,0.5082441541883681,3,0.0098356446255153,0.7715454737345377,59.96002664890073
flipped_part_004.mp4,815,0,4,0.0099168427406887,0.7719332377115885,0.5116444340458622,3,0.0099168427406887,0.7719332377115885,59.96002664890073
flipped_part_004.mp4,816,0,4,0.0099922221312644,0.7721251805623373,0.5140480324074074,3,0.0099922221312644,0.7721251805623373,59.96002664890073
flipped_part_004.mp4,817,0,4,0.0099957697784864,0.7718731562296549,0.514827247902199,3,0.0099957697784864,0.7718731562296549,59.96002664890073
flipped_part_004.mp4,818,0,3,0.0101430441443032,0.7726654052734375,0.5177659776475695,3,0.0101430441443032,0.7726654052734375,59.96002664890073
flipped_part_004.mp4,819,0,3,0.0101048395042178,0.7729227701822917,0.5208014594184027,3,0.0101048395042178,0.7729227701822917,59.96002664890073
flipped_part_004.mp4,820,0,4,0.0103014752804301,0.7735322952270508,0.5227895100911458,4,0.0103014752804301,0.7735322952270508,59.96002664890073
flipped_part_004.mp4,821,0,3,0.0104264532852297,0.773690668741862,0.5254665798611111,3,0.0104264532852297,0.773690668741862,59.96002664890073
flipped_part_004.mp4,822,0,3,0.010451282041613,0.7740904490152994,0.5291703965928819,3,0.010451282041613,0.7740904490152994,59.96002664890073
flipped_part_004.mp4,823,0,4,0.0105473539766562,0.7741962432861328,0.5305777655707465,4,0.0105473539766562,0.7741962432861328,59.96002664890073
flipped_part_004.mp4,824,0,5,0.0106659053037098,0.774616559346517,0.5328689010054977,5,0.0106659053037098,0.774616559346517,59.96002664890073
flipped_part_004.mp4,825,0,5,0.0107513327121355,0.7749608357747396,0.534831068250868,5,0.0107513327121355,0.7749608357747396,59.96002664890073
flipped_part_004.mp4,826,0,5,0.0107390082234309,0.7753122329711915,0.535542466905382,5,0.0107390082234309,0.7753122329711915,59.96002664890073
flipped_part_004.mp4,827,0,5,0.0107322787061437,0.775184694925944,0.5376614040798611,5,0.0107322787061437,0.775184694925944,59.96002664890073
flipped_part_004.mp4,828,0,4,0.0109145181434211,0.7756298065185547,0.5408966064453125,4,0.0109145181434211,0.7756298065185547,59.96002664890073
flipped_part_004.mp4,829,0,4,0.0110128070615852,0.7759075164794922,0.5431481255425348,4,0.0110128070615852,0.7759075164794922,59.96002664890073
flipped_part_004.mp4,830,0,4,0.0110631670692237,0.7760602951049804,0.5450942993164063,4,0.0110631670692237,0.7760602951049804,59.96002664890073
flipped_part_004.mp4,831,0,4,0.0111161067779175,0.7763324737548828,0.5466078016493056,4,0.0111161067779175,0.7763324737548828,59.96002664890073
flipped_part_004.mp4,832,0,4,0.0113794049686597,0.7771589279174804,0.5483489990234375,4,0.0113794049686597,0.7771589279174804,59.96002664890073
flipped_part_004.mp4,833,0,4,0.0115592634025961,0.7778495788574219,0.5493730333116319,4,0.0115592634025961,0.7778495788574219,59.96002664890073
flipped_part_004.mp4,834,0,6,0.0116949931838704,0.7778194427490235,0.5520433213975694,6,0.0116949931838704,0.7778194427490235,59.96002664890073
flipped_part_004.mp4,835,0,6,0.0116974277390141,0.7776365280151367,0.5542725739655672,6,0.0116974277390141,0.7776365280151367,59.96002664890073
flipped_part_004.mp4,836,0,6,0.0117741420304971,0.7778783798217773,0.556074693467882,6,0.0117741420304971,0.7778783798217773,59.96002664890073
flipped_part_004.mp4,837,0,6,0.0118620150152128,0.7782571156819661,0.5569366455078125,6,0.0118620150152128,0.7782571156819661,59.96002664890073
flipped_part_004.mp4,838,0,7,0.0119119692764555,0.7784365336100261,0.5580569797092014,7,0.0119119692764555,0.7784365336100261,59.96002664890073
flipped_part_004.mp4,839,0,7,0.0120232157739034,0.7787258783976237,0.5602769639756945,7,0.0120232157739034,0.7787258783976237,59.96002664890073
flipped_part_004.mp4,840,0,7,0.0120793428744137,0.7795220057169596,0.5652449996383102,7,0.0120793428744137,0.7795220057169596,59.96002664890073
flipped_part_004.mp4,841,0,5,0.0121157959009266,0.7798036575317383,0.5658604939778645,5,0.0121157959009266,0.7798036575317383,59.96002664890073
flipped_part_004.mp4,842,0,5,0.0123196532594954,0.78017578125,0.567169189453125,5,0.0123196532594954,0.78017578125,59.96002664890073
flipped_part_004.mp4,843,0,5,0.0125014188639923,0.7796888987223307,0.5704267713758681,5,0.0125014188639923,0.7796888987223307,59.96002664890073
flipped_part_004.mp4,844,0,5,0.0125238279643882,0.7798126856486003,0.5720604790581597,5,0.0125238279643882,0.7798126856486003,59.96002664890073
flipped_part_004.mp4,845,0,5,0.0124819420442994,0.7800697326660156,0.572889879014757,5,0.0124819420442994,0.7800697326660156,59.96002664890073
flipped_part_004.mp4,846,0,5,0.0127321554301306,0.7803415934244792,0.5776017930772569,5,0.0127321554301306,0.7803415934244792,59.96002664890073
flipped_part_004.mp4,847,0,5,0.0129312060618152,0.7812055587768555,0.57900390625,5,0.0129312060618152,0.7812055587768555,59.96002664890073
flipped_part_004.mp4,848,0,5,0.0132956036285031,0.7819362640380859,0.5822146945529514,5,0.0132956036285031,0.7819362640380859,59.96002664890073
flipped_part_004.mp4,849,0,5,0.0135512024393149,0.7823276519775391,0.5855973985460069,5,0.0135512024393149,0.7823276519775391,59.96002664890073
flipped_part_004.mp4,850,0,5,0.0137698544923397,0.7828085581461589,0.587261962890625,5,0.0137698544923397,0.7828085581461589,59.96002664890073
flipped_part_004.mp4,851,0,5,0.0140077758920853,0.7832215627034506,0.5905084680627893,5,0.0140077758920853,0.7832215627034506,59.96002664890073
flipped_part_004.mp4,852,0,6,0.0140937544693696,0.7833388646443685,0.5927396421079283,6,0.0140937544693696,0.7833388646443685,59.96002664890073
flipped_part_004.mp4,853,0,7,0.0141573623367757,0.784069569905599,0.5947679307725694,7,0.0141573623367757,0.784069569905599,59.96002664890073
flipped_part_004.mp4,854,0,6,0.0141962937805995,0.7846748352050781,0.5965072631835937,6,0.0141962937805995,0.7846748352050781,59.96002664890073
flipped_part_004.mp4,855,0,5,0.0143880771102461,0.7854456583658854,0.5998552110460069,5,0.0143880771102461,0.7854456583658854,59.96002664890073
flipped_part_004.mp4,856,0,5,0.0145458402024814,0.7861706415812174,0.6020770602756076,4,0.001911430941222,0.7337804794311523,59.96002664890073
flipped_part_004.mp4,857,0,4,0.0146075464229754,0.786191749572754,0.6048495822482639,3,0.0018610324986285,0.7326356887817382,59.96002664890073
flipped_part_004.mp4,858,0,4,0.0146171732470651,0.7868698755900065,0.606459723578559,3,0.0019518167367399,0.7329725901285807,59.96002664890073
flipped_part_004.mp4,859,0,5,0.0147954529917721,0.7875219980875651,0.6111487494574652,4,0.001741852444815,0.7341309229532877,59.96002664890073
flipped_part_004.mp4,860,0,4,0.0151875211806165,0.7884191513061524,0.616047442400897,3,0.0019028570650455,0.7336838404337566,59.96002664890073
flipped_part_004.mp4,861,0,7,0.0154674538856812,0.7891648610432943,0.6178582085503472,6,0.0018525929926868,0.7343313217163085,59.96002664890073
flipped_part_004.mp4,862,0,5,0.0159568612137809,0.7895725250244141,0.6210574679904514,4,0.0019608807453833,0.7333014170328777,59.96002664890073
flipped_part_004.mp4,863,0,6,0.0158303780458906,0.7908205032348633,0.6230888649269387,5,0.0020821422099888,0.7342487335205078,59.96002664890073
flipped_part_004.mp4,864,0,4,0.0160948351272856,0.7908291498819987,0.6266649034288194,3,0.0020650979471058,0.7340939203898112,59.96002664890073
flipped_part_004.mp4,865,0,4,0.0162546649808064,0.7910022099812826,0.6295681423611111,3,0.0020869185452519,0.7338716506958007,59.96002664890073
flipped_part_004.mp4,866,0,6,0.0163086712043797,0.7912235260009766,0.6331203319408275,5,0.0020684894128507,0.7339996973673503,59.96002664890073
flipped_part_004.mp4,867,0,6,0.0167590466256822,0.791395632425944,0.6380228678385417,5,0.0021226410417067,0.7341333389282226,59.96002664890073
flipped_part_004.mp4,868,0,6,0.0170984877580647,0.7917029062906901,0.6434370252821181,5,0.0016725140946154,0.73407408396403,59.96002664890073
flipped_part_004.mp4,869,0,5,0.0173538184683356,0.7921884536743165,0.6492164894386574,4,0.0021200036242576,0.7345654169718424,59.96002664890073
flipped_part_004.mp4,870,0,6,0.0176169594460063,0.7923316955566406,0.6522572835286459,5,0.0022386975254307,0.7346445083618164,59.96002664890073
flipped_part_004.mp4,871,0,4,0.0177249904609763,0.7927290598551432,0.6578655666775174,3,0.0018950881697593,0.7153444290161133,59.96002664890073
flipped_part_004.mp4,872,0,4,0.01806631063234,0.7935785293579102,0.6607516818576389,3,0.0020510223389148,0.7343392054239909,59.96002664890073
flipped_part_004.mp4,873,0,6,0.0183198750595976,0.7943771998087565,0.6636216905381944,5,0.0021888788522833,0.734309196472168,59.96002664890073
flipped_part_004.mp4,874,0,5,0.018814297088452,0.7951883316040039,0.6687017935293692,4,0.0021241542526533,0.7339600245157878,59.96002664890073
flipped_part_004.mp4,875,0,6,0.0192502801062935,0.7962125778198242,0.6711399784794561,5,0.0023739458901184,0.7340343475341797,59.96002664890073
flipped_part_004.mp4,876,0,5,0.0195891103195745,0.7968546549479166,0.6746825606734664,4,0.0022664970938058,0.7341946283976237,59.96002664890073
flipped_part_004.mp4,877,0,5,0.0197396240241173,0.7969319025675455,0.6796864262333623,4,0.002328969343985,0.7338448206583659,59.96002664890073
flipped_part_004.mp4,878,0,5,0.0198117194561874,0.797771135965983,0.6876351815682871,4,0.0024303350292676,0.7338352839152018,59.96002664890073
flipped_part_004.mp4,879,0,6,0.0196513616938156,0.7980201085408528,0.6897938481083623,5,0.0022767629801981,0.7338677088419596,59.96002664890073
flipped_part_004.mp4,880,0,6,0.0196351014038858,0.7981698989868165,0.6953362358940972,5,0.0021574437712843,0.7343255360921224,59.96002664890073
flipped_part_004.mp4,881,0,5,0.0200460648746229,0.7986335754394531,0.6992451985677083,4,0.0020522456588999,0.7332462946573893,59.96002664890073
flipped_part_004.mp4,882,0,6,0.0203558759410818,0.7983652114868164,0.7044931482385706,5,0.0020944243700122,0.73450133005778,59.96002664890073
flipped_part_004.mp4,883,0,6,0.0206049616454186,0.7985731760660807,0.7093744348596643,5,0.0019256472340669,0.7350559234619141,59.96002664890073
flipped_part_004.mp4,884,0,6,0.0207942545925767,0.7988859812418619,0.7170572916666667,5,0.0017629778891569,0.7350010553995768,59.96002664890073
flipped_part_004.mp4,885,0,6,0.0213197053718936,0.799510637919108,0.7243333039460359,5,0.001842903760154,0.735593605041504,59.96002664890073
flipped_part_004.mp4,886,0,6,0.0218999136798083,0.8003047943115235,0.730174085828993,5,0.0022127751163426,0.7356417973836263,59.96002664890073
flipped_part_004.mp4,887,0,4,0.022232864568661,0.8007906595865886,0.7337348655418113,3,0.002179714805329,0.7358128229777018,59.96002664890073
flipped_part_004.mp4,888,0,6,0.0224988494796626,0.801551628112793,0.7374884711371528,5,0.002311158728747,0.7359991073608398,59.96002664890073
flipped_part_004.mp4,889,0,6,0.0224872765061445,0.8023680369059245,0.7383438110351562,5,0.00228509184484,0.7357811609903971,59.96002664890073
flipped_part_004.mp4,890,0,6,0.0224508938227599,0.8026002883911133,0.7404463026258681,5,0.0020895242234271,0.7358921051025391,59.96002664890073
flipped_part_004.mp4,891,0,6,0.0222933673195398,0.802487564086914,0.7435229831271701,5,0.0023956938003539,0.7354227701822916,59.96002664890073
flipped_part_004.mp4,892,0,6,0.022388719709189,0.8032341639200846,0.744883558485243,5,0.002420089779523,0.7352001190185546,59.96002664890073
flipped_part_004.mp4,893,0,7,0.0222222940773159,0.8033512751261394,0.7464250352647569,6,0.0024408670911442,0.7352598826090495,59.96002664890073
flipped_part_004.mp4,894,0,7,0.0222226152093621,0.8038257598876953,0.7493635954680267,6,0.0025151764844863,0.7351847330729167,59.96002664890073
flipped_part_004.mp4,895,0,6,0.0222909140894706,0.8040274302164714,0.7506345960828993,5,0.0025913013235513,0.7355103810628255,59.96002664890073
flipped_part_004.mp4,896,0,7,0.0217507353431493,0.8035470962524414,0.7535912407769098,6,0.0026866632510468,0.7358098983764648,59.96002664890073
flipped_part_004.mp4,897,0,6,0.021346473861227,0.8031504313151042,0.7570697360568577,5,0.0022938933251296,0.7354914983113606,59.96002664890073
flipped_part_004.mp4,898,0,5,0.0211156795737204,0.8028074264526367,0.7583545260959201,4,0.0026328685178197,0.7354429244995118,59.96002664890073
flipped_part_004.mp4,899,0,4,0.0212748513272014,0.8034852981567383,0.7595874362521702,3,0.0026553110111207,0.7353598276774088,59.96002664890073
flipped_part_004.mp4,900,0,4,0.0209137930187905,0.8027629852294922,0.7601043701171875,3,0.0026568822427631,0.7354808807373047,59.96002664890073
flipped_part_004.mp4,901,0,4,0.0210030185668168,0.8031137466430665,0.7622831556532118,3,0.0027242317114723,0.7359586715698242,59.96002664890073
flipped_part_004.mp4,902,0,4,0.0207883564235978,0.8039857864379882,0.7663652208116319,3,0.0026938161854761,0.7359850565592448,59.96002664890073
flipped_part_004.mp4,903,0,4,0.0209338258425769,0.8047189712524414,0.7677241007486979,3,0.0026441241089789,0.7361380259195963,59.96002664890073
flipped_part_004.mp4,904,0,5,0.0210999644754338,0.8054706573486328,0.7677393595377604,4,0.0024891252681845,0.7363342920939128,59.96002664890073
flipped_part_004.mp4,905,0,5,0.021209880828133,0.8062533060709636,0.7683498806423611,4,0.0024048116402506,0.7363540649414062,59.96002664890073
flipped_part_004.mp4,906,0,5,0.0209841458660832,0.8062551498413086,0.7697783858687789,4,0.0021510179626667,0.7362588882446289,59.96002664890073
flipped_part_004.mp4,907,0,5,0.0206908483958492,0.8068100611368815,0.7745856391059027,4,0.002041116762363,0.7359079360961914,59.96002664890073
flipped_part_004.mp4,908,0,6,0.0204019794530913,0.806851577758789,0.7783650151005498,5,0.0020818865577328,0.7358891169230143,59.96002664890073
flipped_part_004.mp4,909,0,5,0.0202470645355815,0.8077342987060547,0.7808050650137442,4,0.0022906360637761,0.7357275009155273,59.96002664890073
flipped_part_004.mp4,910,0,6,0.0204266818016724,0.8088071823120118,0.7825272736725983,5,0.0023424783314112,0.7355985641479492,59.96002664890073
flipped_part_004.mp4,911,0,5,0.0202977846790842,0.8093093872070313,0.783927239312066,4,0.0023117829625994,0.7357232411702473,59.96002664890073
flipped_part_004.mp4,912,0,5,0.0200937618777647,0.809698486328125,0.7865556504991319,4,0.0022842960642797,0.7357706069946289,59.96002664890073
flipped_part_004.mp4,913,0,5,0.020134516294153,0.8105009078979493,0.7898976643880208,4,0.0024219751978015,0.7359987258911133,59.96002664890073
flipped_part_004.mp4,914,0,5,0.0201502440519592,0.8105026880900065,0.7898657339590567,4,0.0024101671343687,0.7360309600830078,59.96002664890073
flipped_part_004.mp4,915,0,4,0.0198816323138695,0.8111599604288737,0.7924251980251736,3,0.0024751721255274,0.7361397425333659,59.96002664890073
flipped_part_004.mp4,916,0,4,0.0197319484864797,0.8111972808837891,0.7943579214590567,3,0.002426215629891,0.7360940297444661,59.96002664890073
flipped_part_004.mp4,917,0,4,0.0195873773402216,0.8123918533325195,0.7983154862015336,3,0.0026851303924383,0.7366703669230144,59.96002664890073
flipped_part_004.mp4,918,0,5,0.0194313367711017,0.8123161315917968,0.7992167154947917,4,0.0026047816905527,0.7366411844889323,59.96002664890073
flipped_part_004.mp4,919,0,4,0.0188513882325625,0.8121963500976562,0.8036304050021701,3,0.0026435628270458,0.7366032282511393,59.96002664890073
flipped_part_004.mp4,920,0,4,0.0190011406225191,0.8122810363769531,0.8053909301757812,3,0.0026627249282319,0.7365152359008789,59.96002664890073
flipped_part_004.mp4,921,0,4,0.018906967203689,0.8122973124186198,0.8067421807183159,3,0.0027579114683127,0.7367001215616862,59.96002664890073
flipped_part_004.mp4,922,0,5,0.0180098132643615,0.8110586802164713,0.8114672625506366,4,0.0027658030115654,0.7359898885091146,59.96002664890073
flipped_part_004.mp4,923,0,6,0.0177246475693041,0.8109402338663737,0.8145673398618345,5,0.0029572820059817,0.7360512415568033,59.96002664890073
flipped_part_004.mp4,924,0,6,0.0169438632863737,0.8099054336547852,0.8196220680519387,5,0.0030629361607134,0.7367243448893229,59.96002664890073
flipped_part_004.mp4,925,0,7,0.0162953062058012,0.8088909149169922,0.824219654224537,6,0.0029830569358805,0.7361577987670899,59.96002664890073
flipped_part_004.mp4,926,0,6,0.0157089401012678,0.8061992645263671,0.8264817414460359,5,0.0030000481887394,0.7362089157104492,59.96002664890073
flipped_part_004.mp4,927,0,4,0.0154774650051883,0.8065895080566406,0.8297076755099826,3,0.0029086721653584,0.7361795425415039,59.96002664890073
flipped_part_004.mp4,928,0,4,0.0152702401011332,0.8060192108154297,0.8316995691370082,3,0.0030075673725029,0.736798095703125,59.96002664890073
flipped_part_004.mp4,929,0,4,0.0149566739883933,0.8047712961832683,0.8317477190936053,3,0.0030492767509354,0.7360564549763997,59.96002664890073
flipped_part_004.mp4,930,0,4,0.01468369033179,0.8060558954874675,0.8351476598668981,3,0.0030867697779817,0.7360673904418945,59.96002664890073
flipped_part_004.mp4,931,0,5,0.0141254694511493,0.8057134628295899,0.8419379340277777,4,0.0031940080799711,0.7367195129394531,59.96002664890073
flipped_part_004.mp4,932,0,5,0.0138452429261653,0.8053188959757487,0.8457936604817708,4,0.0029975658730513,0.7366648991902669,59.96002664890073
flipped_part_004.mp4,933,0,5,0.0133330539495606,0.8033615748087565,0.8505978054470487,4,0.0034056386581074,0.7367490768432617,59.96002664890073
flipped_part_004.mp4,934,0,5,0.0125935640330943,0.8031980514526367,0.8543789333767361,4,0.0034084481729358,0.7366896947224935,59.96002664890073
flipped_part_004.mp4,935,0,5,0.0125772943429183,0.8038796106974284,0.8567792539243345,4,0.0033852589373795,0.7366361618041992,59.96002664890073
flipped_part_004.mp4,936,0,5,0.0118910639084923,0.8039810180664062,0.8628454702871817,4,0.0033880946646698,0.7364686965942383,59.96002664890073
flipped_part_004.mp4,937,0,5,0.0115072723173674,0.8033056894938151,0.8666876898871527,4,0.0034436863448354,0.7366124471028646,59.96002664890073
flipped_part_004.mp4,938,0,5,0.0110881977508931,0.8028042475382487,0.8686787923177083,4,0.0035031275139071,0.736605453491211,59.96002664890073
flipped_part_004.mp4,939,0,5,0.0105793806335229,0.8025129318237305,0.8747347796404803,4,0.0035215146500612,0.7365933100382487,59.96002664890073
flipped_part_004.mp4,940,0,4,0.0103966407516912,0.8026582717895507,0.8777536462854456,3,0.0035450767087523,0.7364822387695312,59.96002664890073
flipped_part_004.mp4,941,0,4,0.0096375608064354,0.8014414469401042,0.8835862901475694,3,0.0035112920465892,0.7362793604532878,59.96002664890073
flipped_part_004.mp4,942,0,5,0.0090605865106889,0.802301025390625,0.888060223614728,4,0.0034133750065531,0.7360385894775391,59.96002664890073
flipped_part_004.mp4,943,0,4,0.0091641435501838,0.803559684753418,0.8913864700882523,3,0.0034266514672587,0.7360509872436524,59.96002664890073
flipped_part_004.mp4,944,0,4,0.0085228721661648,0.8031818389892578,0.8987128363715278,3,0.003355278891993,0.7357158660888672,59.96002664890073
flipped_part_004.mp4,945,0,5,0.0084264324641036,0.8037025451660156,0.901718591760706,4,0.0033349991286242,0.7358837763468424,59.96002664890073
flipped_part_004.mp4,946,0,3,0.0080573533823998,0.8047577540079752,0.9089669121636283,2,0.0034224024023785,0.7359333038330078,59.96002664890073
flipped_part_004.mp4,947,0,2,0.0077823281990519,0.8056231180826823,0.9147345648871528,1,0.0034329660623054,0.7359512329101563,59.96002664890073
flipped_part_004.mp4,948,0,2,0.0074455408563759,0.8067102432250977,0.9192852444118924,1,0.0035977227613329,0.735841941833496,59.96002664890073
flipped_part_004.mp4,949,0,3,0.0069901401325801,0.8063180923461915,0.9240446302625868,2,0.0036546160414474,0.7360361099243165,59.96002664890073
flipped_part_004.mp4,950,0,3,0.0064647558440143,0.8060894012451172,0.928814584237558,2,0.0035514544152344,0.7357946395874023,59.96002664890073
flipped_part_004.mp4,951,0,3,0.0059367763338916,0.8065341949462891,0.9351377699110244,2,0.0033759736604999,0.7356744766235351,59.96002664890073
flipped_part_004.mp4,952,0,3,0.0053329630064157,0.8075714747111002,0.9414615207248264,2,0.0032676262229272,0.7354931513468425,59.96002664890073
flipped_part_004.mp4,953,0,3,0.0048319112468743,0.8034051895141602,0.9456666734483506,2,0.0031794494043613,0.7354926427205404,59.96002664890073
flipped_part_004.mp4,954,0,3,0.0040202040755172,0.805363655090332,0.953093578197338,2,0.0034065752671449,0.7356026331583659,59.96002664890073
flipped_part_004.mp4,955,0,3,0.0034859204734675,0.7357931137084961,0.0073069254557291,2,0.0034859204734675,0.7357931137084961,59.96002664890073
flipped_part_004.mp4,956,0,3,0.0031972276423551,0.7359764099121093,0.0014628375018084,2,0.0031972276423551,0.7359764099121093,59.96002664890073
flipped_part_004.mp4,957,0,3,0.0033582374350872,0.7361967086791992,0.0011292916757089,2,0.0033582374350872,0.7361967086791992,59.96002664890073
flipped_part_004.mp4,958,0,2,0.0037232510944581,0.7362555821736654,0.0033428898564091,2,0.0037232510944581,0.7362555821736654,59.96002664890073
flipped_part_004.mp4,959,0,2,0.0037549891458022,0.7358610153198242,0.0017352634006076,2,0.0037549891458022,0.7358610153198242,59.96002664890073
flipped_part_004.mp4,960,0,2,0.0039153878901507,0.7362984339396159,0.0003015588831018,2,0.0039153878901507,0.7362984339396159,59.96002664890073
flipped_part_004.mp4,961,0,2,0.0039233886132435,0.7360759099324544,0.0016821684660734,2,0.0039233886132435,0.7360759099324544,59.96002664890073
flipped_part_004.mp4,962,0,2,0.0035549187804227,0.7359776178995768,0.0099832040292245,2,0.0035549187804227,0.7359776178995768,59.96002664890073
flipped_part_004.mp4,963,0,2,0.0036426608586528,0.7358442306518554,0.0112506442599826,2,0.0036426608586528,0.7358442306518554,59.96002664890073
flipped_part_004.mp4,964,0,2,0.0034842905745932,0.7359359105428059,0.0173866837112991,2,0.0034842905745932,0.7359359105428059,59.96002664890073
flipped_part_004.mp4,965,0,3,0.0036644847456503,0.7360576629638672,0.0180670561613859,3,0.0036644847456503,0.7360576629638672,59.96002664890073
flipped_part_004.mp4,966,0,3,0.0036385723963138,0.7360940933227539,0.0200337445294415,3,0.0036385723963138,0.7360940933227539,59.96002664890073
flipped_part_004.mp4,967,0,3,0.0037221887745545,0.7358864466349284,0.0226897910789207,3,0.0037221887745545,0.7358864466349284,59.96002664890073
flipped_part_004.mp4,968,0,3,0.0038154082747613,0.7361211776733398,0.0214951126663773,3,0.0038154082747613,0.7361211776733398,59.96002664890073
flipped_part_004.mp4,969,0,3,0.0037932816420553,0.7360491434733073,0.02292155513057,3,0.0037932816420553,0.7360491434733073,59.96002664890073
flipped_part_004.mp4,970,0,3,0.003811864868147,0.7361238479614258,0.0262689095956307,3,0.003811864868147,0.7361238479614258,59.96002664890073
flipped_part_004.mp4,971,0,3,0.0039349756541519,0.7363112131754558,0.0263378567165798,3,0.0039349756541519,0.7363112131754558,59.96002664890073
flipped_part_004.mp4,972,0,1,0.0041031177223851,0.7363178888956706,0.0264037803367332,1,0.0041031177223851,0.7363178888956706,59.96002664890073
flipped_part_004.mp4,973,0,1,0.0041200819748031,0.7365276336669921,0.0277265478063512,1,0.0041200819748031,0.7365276336669921,59.96002664890073
flipped_part_004.mp4,974,0,1,0.0039087026702084,0.736789321899414,0.0337534586588541,1,0.0039087026702084,0.736789321899414,59.96002664890073
flipped_part_004.mp4,975,0,2,0.004014999743538,0.7367422103881835,0.0320366753472222,2,0.004014999743538,0.7367422103881835,59.96002664890073
flipped_part_004.mp4,976,0,2,0.0040996985747996,0.7369950612386068,0.0343739827473958,2,0.0040996985747996,0.7369950612386068,59.96002664890073
flipped_part_004.mp4,977,0,2,0.0039282727239575,0.7367961883544922,0.0406469274450231,2,0.0039282727239575,0.7367961883544922,59.96002664890073
flipped_part_004.mp4,978,0,3,0.0039958715251105,0.7367037455240886,0.040351500334563,3,0.0039958715251105,0.7367037455240886,59.96002664890073
flipped_part_004.mp4,979,0,3,0.0038833121558289,0.7367584228515625,0.0469477900752314,3,0.0038833121558289,0.7367584228515625,59.96002664890073
flipped_part_004.mp4,980,0,3,0.0039700412583382,0.7367102305094401,0.0466306898328993,3,0.0039700412583382,0.7367102305094401,59.96002664890073
flipped_part_004.mp4,981,0,3,0.0044044740905034,0.736775016784668,0.041924003318504,3,0.0044044740905034,0.736775016784668,59.96002664890073
flipped_part_004.mp4,982,0,3,0.0044715521453569,0.7368204752604167,0.0443111843532986,3,0.0044715521453569,0.7368204752604167,59.96002664890073
flipped_part_004.mp4,983,0,1,0.0046333140380792,0.7369922637939453,0.0456733138472945,1,0.0046333140380792,0.7369922637939453,59.96002664890073
flipped_part_004.mp4,984,0,1,0.0048411106554677,0.7374492645263672,0.0487982573332609,1,0.0048411106554677,0.7374492645263672,59.96002664890073
flipped_part_004.mp4,985,0,1,0.0049287387999356,0.7376182556152344,0.0507353040907118,1,0.0049287387999356,0.7376182556152344,59.96002664890073
flipped_part_004.mp4,986,0,1,0.004892664821301,0.7375484466552734,0.0520914713541666,1,0.004892664821301,0.7375484466552734,59.96002664890073
flipped_part_004.mp4,987,0,1,0.0048132067183097,0.7374663670857747,0.054253104881004,1,0.0048132067183097,0.7374663670857747,59.96002664890073
flipped_part_004.mp4,988,0,2,0.0047927818477605,0.7374139785766601,0.0552729006166811,1,0.0047927818477605,0.7374139785766601,59.96002664890073
flipped_part_004.mp4,989,0,1,0.0048463550827431,0.7374361038208008,0.0560242546929253,1,0.0048463550827431,0.7374361038208008,59.96002664890073
flipped_part_004.mp4,990,0,1,0.0048436398284684,0.737397829691569,0.0574543988263165,1,0.0048436398284684,0.737397829691569,59.96002664890073
flipped_part_004.mp4,991,0,2,0.0048531677158381,0.7376623153686523,0.0604934692382812,2,0.0048531677158381,0.7376623153686523,59.96002664890073
flipped_part_004.mp4,992,0,2,0.0048989714734489,0.7376739501953125,0.0618707162362557,2,0.0048989714734489,0.7376739501953125,59.96002664890073
flipped_part_004.mp4,993,0,2,0.0049445952137466,0.7377005894978841,0.0647043298791956,2,0.0049445952137466,0.7377005894978841,59.96002664890073
flipped_part_004.mp4,994,0,2,0.0049574987759438,0.7374600728352865,0.0682189376265914,2,0.0049574987759438,0.7374600728352865,59.96002664890073
flipped_part_004.mp4,995,0,3,0.0050007774399515,0.7372623443603515,0.0710904721860532,3,0.0050007774399515,0.7372623443603515,59.96002664890073
flipped_part_004.mp4,996,0,3,0.0050853584980359,0.7370802561442057,0.0722200181749131,3,0.0050853584980359,0.7370802561442057,59.96002664890073
flipped_part_004.mp4,997,0,4,0.0051939373226681,0.7371807734171549,0.0727097122757523,3,0.0051939373226681,0.7371807734171549,59.96002664890073
flipped_part_004.mp4,998,0,3,0.0051096329213275,0.7368873596191406,0.0757464938693576,3,0.0051096329213275,0.7368873596191406,59.96002664890073
flipped_part_004.mp4,999,0,2,0.0052446251353831,0.7374802271525065,0.0770358050311053,2,0.0052446251353831,0.7374802271525065,59.96002664890073
flipped_part_004.mp4,1000,0,2,0.0053896661476594,0.7382278442382812,0.0777197378653067,2,0.0053896661476594,0.7382278442382812,59.96002664890073
flipped_part_004.mp4,1001,0,3,0.0054406690183181,0.738543701171875,0.0816931830512152,3,0.0054406690183181,0.738543701171875,59.96002664890073
flipped_part_004.mp4,1002,0,3,0.0054985532269958,0.7382137298583984,0.0853780675817418,3,0.0054985532269958,0.7382137298583984,59.96002664890073
flipped_part_004.mp4,1003,0,3,0.0055337421188596,0.7389584223429362,0.0872029622395833,3,0.0055337421188596,0.7389584223429362,59.96002664890073
flipped_part_004.mp4,1004,0,3,0.0055890633871119,0.7381809234619141,0.0895697134512442,3,0.0055890633871119,0.7381809234619141,59.96002664890073
flipped_part_004.mp4,1005,0,4,0.0055454737788682,0.7382400512695313,0.0921022203233506,4,0.0055454737788682,0.7382400512695313,59.96002664890073
flipped_part_004.mp4,1006,0,3,0.0055155219044536,0.7383876164754232,0.0928234524197048,3,0.0055155219044536,0.7383876164754232,59.96002664890073
flipped_part_004.mp4,1007,0,3,0.005620522485535,0.7394517262776693,0.0961893152307581,3,0.005620522485535,0.7394517262776693,59.96002664890073
flipped_part_004.mp4,1008,0,4,0.0056059860300997,0.7393884658813477,0.0986077202690972,3,0.0056059860300997,0.7393884658813477,59.96002664890073
flipped_part_004.mp4,1009,0,4,0.0058899419717231,0.7400266647338867,0.1038578739872685,3,0.0058899419717231,0.7400266647338867,59.96002664890073
flipped_part_004.mp4,1010,0,4,0.0058930658424894,0.7400477091471355,0.1073165328414351,3,0.0058930658424894,0.7400477091471355,59.96002664890073
flipped_part_004.mp4,1011,0,3,0.0060578248827045,0.7406639734903971,0.1095148157190393,3,0.0060578248827045,0.7406639734903971,59.96002664890073
flipped_part_004.mp4,1012,0,3,0.0060931168645361,0.7408075332641602,0.1106656674985532,2,0.0060931168645361,0.7408075332641602,59.96002664890073
flipped_part_004.mp4,1013,0,4,0.0060640558755646,0.7406391143798828,0.1112084282769097,2,0.0060640558755646,0.7406391143798828,59.96002664890073
flipped_part_004.mp4,1014,0,4,0.0061947869173147,0.7411430358886719,0.1155303955078125,2,0.0061947869173147,0.7411430358886719,59.96002664890073
flipped_part_004.mp4,1015,0,6,0.0062001167005251,0.7411577224731445,0.1170927259657118,2,0.0062001167005251,0.7411577224731445,59.96002664890073
flipped_part_004.mp4,1016,0,5,0.0062782917008735,0.7409313201904297,0.1202278984917534,3,0.0062782917008735,0.7409313201904297,59.96002664890073
flipped_part_004.mp4,1017,0,5,0.0062298981215119,0.7402482986450195,0.1247577243381076,3,0.0062298981215119,0.7402482986450195,59.96002664890073
flipped_part_004.mp4,1018,0,6,0.0061504040058935,0.7403872172037761,0.1256834242078993,3,0.0061504040058935,0.7403872172037761,59.96002664890073
flipped_part_004.mp4,1019,0,7,0.0061174868626727,0.7402999877929688,0.1284220377604166,3,0.0061174868626727,0.7402999877929688,59.96002664890073
flipped_part_004.mp4,1020,0,7,0.006304589958939,0.7403236389160156,0.1320768003110532,3,0.006304589958939,0.7403236389160156,59.96002664890073
flipped_part_004.mp4,1021,0,5,0.0063000726493838,0.7400318145751953,0.1349630285192418,3,0.0063000726493838,0.7400318145751953,59.96002664890073
flipped_part_004.mp4,1022,0,3,0.0064155698538309,0.7403568267822266,0.1391630949797453,1,0.0064155698538309,0.7403568267822266,59.96002664890073
flipped_part_004.mp4,1023,0,3,0.0066359211613113,0.7407034556070964,0.1437004937065972,1,0.0066359211613113,0.7407034556070964,59.96002664890073
flipped_part_004.mp4,1024,0,3,0.006682927287119,0.7408880233764649,0.1445307978877315,1,0.006682927287119,0.7408880233764649,59.96002664890073
flipped_part_004.mp4,1025,0,3,0.0067000554352071,0.7409084955851237,0.1476585670753761,1,0.0067000554352071,0.7409084955851237,59.96002664890073
flipped_part_004.mp4,1026,0,3,0.0067959743070726,0.7408819198608398,0.1501801667390046,1,0.0067959743070726,0.7408819198608398,59.96002664890073
flipped_part_004.mp4,1027,0,4,0.0068074973631883,0.7409622828165691,0.1525932594581886,1,0.0068074973631883,0.7409622828165691,59.96002664890073
flipped_part_004.mp4,1028,0,5,0.0068747821057008,0.7408353805541992,0.1582717330367476,2,0.0068747821057008,0.7408353805541992,59.96002664890073
flipped_part_004.mp4,1029,0,3,0.0068722568743396,0.7412101745605468,0.1608998616536458,2,0.0068722568743396,0.7412101745605468,59.96002664890073
flipped_part_004.mp4,1030,0,3,0.006889771829204,0.7412174860636394,0.1612418280707465,2,0.006889771829204,0.7412174860636394,59.96002664890073
flipped_part_004.mp4,1031,0,3,0.0068809327812805,0.7410476684570313,0.1646197848849826,2,0.0068809327812805,0.7410476684570313,59.96002664890073
flipped_part_004.mp4,1032,0,3,0.0070813839001736,0.7411551157633464,0.1685021294487847,2,0.0070813839001736,0.7411551157633464,59.96002664890073
flipped_part_004.mp4,1033,0,2,0.0072065404658335,0.741735331217448,0.1727554886429398,1,0.0072065404658335,0.741735331217448,59.96002664890073
flipped_part_004.mp4,1034,0,2,0.0074094595735314,0.7419600168863932,0.1741027266890914,1,0.0074094595735314,0.7419600168863932,59.96002664890073
flipped_part_004.mp4,1035,0,2,0.0074384134599326,0.7413195292154948,0.1782610292787905,1,0.0074384134599326,0.7413195292154948,59.96002664890073
flipped_part_004.mp4,1036,0,4,0.0074600350345811,0.7416131337483723,0.1811112580475983,2,0.0074600350345811,0.7416131337483723,59.96002664890073
flipped_part_004.mp4,1037,0,5,0.0075000036816345,0.7423765182495117,0.1806932237413194,3,0.0075000036816345,0.7423765182495117,59.96002664890073
flipped_part_004.mp4,1038,0,3,0.0076365515364321,0.7424188613891601,0.1853680080837673,2,0.0076365515364321,0.7424188613891601,59.96002664890073
flipped_part_004.mp4,1039,0,4,0.0080997280281232,0.7424267450968425,0.1976493552879051,2,0.0080997280281232,0.7424267450968425,59.96002664890073
flipped_part_004.mp4,1040,0,4,0.0078295360821626,0.7417917251586914,0.1953248200593171,2,0.0078295360821626,0.7417917251586914,59.96002664890073
flipped_part_004.mp4,1041,0,5,0.0081372693632183,0.742915153503418,0.1998296667028356,3,0.0081372693632183,0.742915153503418,59.96002664890073
flipped_part_004.mp4,1042,0,3,0.008099136063441,0.7429089228312175,0.2010928683810764,1,0.008099136063441,0.7429089228312175,59.96002664890073
flipped_part_004.mp4,1043,0,2,0.0083248201301206,0.7434238433837891,0.2017309118200231,1,0.0083248201301206,0.7434238433837891,59.96002664890073
flipped_part_004.mp4,1044,0,2,0.0083117646171659,0.7432287851969401,0.2053239610460069,1,0.0083117646171659,0.7432287851969401,59.96002664890073
flipped_part_004.mp4,1045,0,3,0.0083961682427346,0.7436756769816081,0.2067585132740162,1,0.0083961682427346,0.7436756769816081,59.96002664890073
flipped_part_004.mp4,1046,0,2,0.0086453060138349,0.7448580423990886,0.2082720721209491,1,0.0086453060138349,0.7448580423990886,59.96002664890073
flipped_part_004.mp4,1047,0,2,0.0086952327482221,0.7453785578409831,0.211540956850405,1,0.0086952327482221,0.7453785578409831,59.96002664890073
flipped_part_004.mp4,1048,0,2,0.0088348557447682,0.7458969116210937,0.2134623774775752,1,0.0088348557447682,0.7458969116210937,59.96002664890073
flipped_part_004.mp4,1049,0,2,0.0090054740304023,0.7458923975626628,0.2173903853804976,1,0.0090054740304023,0.7458923975626628,59.96002664890073
flipped_part_004.mp4,1050,0,1,0.0091167657368781,0.7453015645345052,0.2207362422236689,1,0.0091167657368781,0.7453015645345052,59.96002664890073
flipped_part_004.mp4,1051,0,1,0.0094371395112075,0.7463029861450196,0.2259644684968171,1,0.0094371395112075,0.7463029861450196,59.96002664890073
flipped_part_004.mp4,1052,0,1,0.0092344901128672,0.7455118815104167,0.228572365089699,1,0.0092344901128672,0.7455118815104167,59.96002664890073
flipped_part_004.mp4,1053,0,3,0.009621980885334,0.746566899617513,0.2305645978009259,2,0.009621980885334,0.746566899617513,59.96002664890073
flipped_part_004.mp4,1054,0,3,0.0093662195088109,0.7456838607788085,0.2344503897207754,2,0.0093662195088109,0.7456838607788085,59.96002664890073
flipped_part_004.mp4,1055,0,3,0.0094435183189731,0.7457991282145182,0.236816914876302,2,0.0094435183189731,0.7457991282145182,59.96002664890073
flipped_part_004.mp4,1056,0,3,0.0096828342703196,0.7464769999186198,0.2391382288049768,2,0.0096828342703196,0.7464769999186198,59.96002664890073
flipped_part_004.mp4,1057,0,4,0.0099329685690463,0.746984354654948,0.2429126315646701,2,0.0099329685690463,0.746984354654948,59.96002664890073
flipped_part_004.mp4,1058,0,3,0.009989468461006,0.746780268351237,0.2462921142578125,2,0.009989468461006,0.746780268351237,59.96002664890073
flipped_part_004.mp4,1059,0,5,0.0102063007085881,0.7474920908610027,0.250937737358941,3,0.0102063007085881,0.7474920908610027,59.96002664890073
flipped_part_004.mp4,1060,0,6,0.0103252859746054,0.748106575012207,0.2555130570023148,4,0.0103252859746054,0.748106575012207,59.96002664890073
flipped_part_004.mp4,1061,0,6,0.010610968718538,0.7485910415649414,0.2614189995659722,4,0.010610968718538,0.7485910415649414,59.96002664890073
flipped_part_004.mp4,1062,0,5,0.010574244195854,0.7481573104858399,0.2652422869646991,3,0.010574244195854,0.7481573104858399,59.96002664890073
flipped_part_004.mp4,1063,0,5,0.0109198492392897,0.7492302576700847,0.2703053792317708,3,0.0109198492392897,0.7492302576700847,59.96002664890073
flipped_part_004.mp4,1064,0,6,0.0109970105214678,0.7495288213094076,0.2741532502350984,5,0.0109970105214678,0.7495288213094076,59.96002664890073
flipped_part_004.mp4,1065,0,5,0.0111165401548862,0.7499085108439127,0.27865561026114,4,0.0111165401548862,0.7499085108439127,59.96002664890073
flipped_part_004.mp4,1066,0,4,0.011558575165389,0.7511023203531901,0.2850969102647569,3,0.011558575165389,0.7511023203531901,59.96002664890073
flipped_part_004.mp4,1067,0,3,0.0118605621684239,0.7517141342163086,0.2899013943142361,2,0.0118605621684239,0.7517141342163086,59.96002664890073
flipped_part_004.mp4,1068,0,3,0.0120895677701754,0.7520872116088867,0.2920822708695023,2,0.0120895677701754,0.7520872116088867,59.96002664890073
flipped_part_004.mp4,1069,0,3,0.012246400296895,0.7520824432373047,0.2983371310763889,2,0.012246400296895,0.7520824432373047,59.96002664890073
flipped_part_004.mp4,1070,0,3,0.0124716431959596,0.7523608525594075,0.3038884480794271,2,0.0124716431959596,0.7523608525594075,59.96002664890073
flipped_part_004.mp4,1071,0,3,0.0125093045324319,0.7520341873168945,0.308531415020978,2,0.0125093045324319,0.7520341873168945,59.96002664890073
flipped_part_004.mp4,1072,0,3,0.0126693940857377,0.7524747848510742,0.3147545143410011,3,0.0126693940857377,0.7524747848510742,59.96002664890073
flipped_part_004.mp4,1073,0,4,0.012985377321591,0.7530721664428711,0.3218874896014178,3,0.012985377321591,0.7530721664428711,59.96002664890073
flipped_part_004.mp4,1074,0,4,0.0130551252119605,0.753010368347168,0.3260145399305555,3,0.0130551252119605,0.753010368347168,59.96002664890073
flipped_part_004.mp4,1075,0,4,0.0133540958738821,0.7533554077148438,0.3337595056604456,3,0.0133540958738821,0.7533554077148438,59.96002664890073
flipped_part_004.mp4,1076,0,3,0.0134602161660829,0.7538614273071289,0.3405004995840567,2,0.0134602161660829,0.7538614273071289,59.96002664890073
flipped_part_004.mp4,1077,0,3,0.0137714763609606,0.7539478302001953,0.3483182553891782,2,0.0137714763609606,0.7539478302001953,59.96002664890073
flipped_part_004.mp4,1078,0,4,0.0138271677178434,0.7545761744181315,0.3532985545970775,3,0.0138271677178434,0.7545761744181315,59.96002664890073
flipped_part_004.mp4,1079,0,4,0.0139747299570848,0.7543909072875976,0.3590403238932291,3,0.0139747299570848,0.7543909072875976,59.96002664890073
flipped_part_004.mp4,1080,0,6,0.0142743292141757,0.7551095962524415,0.3639441596137153,5,0.0142743292141757,0.7551095962524415,59.96002664890073
flipped_part_004.mp4,1081,0,7,0.0146115472695479,0.7554524103800456,0.3701317116066261,6,0.0146115472695479,0.7554524103800456,59.96002664890073
flipped_part_004.mp4,1082,0,6,0.0145977566934393,0.7554783503214518,0.3804585209599248,5,0.0145977566934393,0.7554783503214518,59.96002664890073
flipped_part_004.mp4,1083,0,6,0.0150297759349794,0.756925392150879,0.3869494402850115,5,0.0150297759349794,0.756925392150879,59.96002664890073
flipped_part_004.mp4,1084,0,6,0.0151694295427296,0.7571380615234375,0.3961849636501736,5,0.0151694295427296,0.7571380615234375,59.96002664890073
flipped_part_004.mp4,1085,0,4,0.0156136079482341,0.7577820460001627,0.403614581072772,3,0.0156136079482341,0.7577820460001627,59.96002664890073
flipped_part_004.mp4,1086,0,4,0.0159808885600391,0.7585756301879882,0.4090918646918403,3,0.0159808885600391,0.7585756301879882,59.96002664890073
flipped_part_004.mp4,1087,0,3,0.016453682880674,0.758003298441569,0.4164506135163484,2,0.016453682880674,0.758003298441569,59.96002664890073
flipped_part_004.mp4,1088,0,2,0.0170920739197862,0.7600374221801758,0.4235670301649306,2,0.0170920739197862,0.7600374221801758,59.96002664890073
flipped_part_004.mp4,1089,0,2,0.0178205992450239,0.7610883712768555,0.4297317504882812,2,0.0178205992450239,0.7610883712768555,59.96002664890073
flipped_part_004.mp4,1090,0,2,0.0180026652411712,0.7627363204956055,0.4363173873336227,2,0.0180026652411712,0.7627363204956055,59.96002664890073
flipped_part_004.mp4,1091,0,2,0.0181605080556538,0.7631403605143229,0.4414168746383102,2,0.0181605080556538,0.7631403605143229,59.96002664890073
flipped_part_004.mp4,1092,0,3,0.018863730347463,0.7632589975992838,0.4524033723054109,3,0.018863730347463,0.7632589975992838,59.96002664890073
flipped_part_004.mp4,1093,0,3,0.0194528679199477,0.7644811630249023,0.4572207415545428,3,0.0194528679199477,0.7644811630249023,59.96002664890073
flipped_part_004.mp4,1094,0,3,0.019828570327092,0.7663614908854167,0.4653234976309317,3,0.019828570327092,0.7663614908854167,59.96002664890073
flipped_part_004.mp4,1095,0,4,0.0200895453146141,0.7661182403564453,0.473184656213831,3,0.0200895453146141,0.7661182403564453,59.96002664890073
flipped_part_004.mp4,1096,0,4,0.0203630114629373,0.7667745590209961,0.4868894788953993,3,0.0203630114629373,0.7667745590209961,59.96002664890073
flipped_part_004.mp4,1097,0,4,0.0204250431183673,0.7671950022379558,0.4922309027777777,3,0.0204250431183673,0.7671950022379558,59.96002664890073
flipped_part_004.mp4,1098,0,2,0.0206997321280047,0.7676937739054362,0.5005581325954861,2,0.0206997321280047,0.7676937739054362,59.96002664890073
flipped_part_004.mp4,1099,0,2,0.0214357799295275,0.7692492167154948,0.5089619954427084,2,0.0214357799295275,0.7692492167154948,59.96002664890073
flipped_part_004.mp4,1100,0,3,0.0221130685777299,0.770068613688151,0.5169226187246817,2,0.0221130685777299,0.770068613688151,59.96002664890073
flipped_part_004.mp4,1101,0,3,0.0227325334295164,0.770895258585612,0.5237338595920139,2,0.0227325334295164,0.770895258585612,59.96002664890073
flipped_part_004.mp4,1102,0,2,0.0226653350059253,0.7710831324259441,0.5364668104383681,2,0.0226653350059253,0.7710831324259441,59.96002664890073
flipped_part_004.mp4,1103,0,2,0.0234456085988009,0.7724781036376953,0.5471930609809028,2,0.0234456085988009,0.7724781036376953,59.96002664890073
flipped_part_004.mp4,1104,0,3,0.0241228473551692,0.7744525909423828,0.5539805094401041,2,0.0241228473551692,0.7744525909423828,59.96002664890073
flipped_part_004.mp4,1105,0,3,0.0246963945594522,0.7766098658243815,0.5616020485206886,2,0.0246963945594522,0.7766098658243815,59.96002664890073
flipped_part_004.mp4,1106,0,3,0.025596712573509,0.7778919855753581,0.5679117838541666,2,0.025596712573509,0.7778919855753581,59.96002664890073
flipped_part_004.mp4,1107,0,3,0.0262923256903175,0.7782299677530925,0.5770414564344618,2,0.0262923256903175,0.7782299677530925,59.96002664890073
flipped_part_004.mp4,1108,0,3,0.026390639001178,0.7790337244669596,0.5871788307472512,2,0.026390639001178,0.7790337244669596,59.96002664890073
flipped_part_004.mp4,1109,0,3,0.0267038150704401,0.7785913467407226,0.5975378530996817,2,0.0267038150704401,0.7785913467407226,59.96002664890073
flipped_part_004.mp4,1110,0,3,0.0280902215579731,0.7812864303588867,0.6075575086805556,1,0.0009286342939594,0.6964828491210937,59.96002664890073
flipped_part_004.mp4,1111,0,3,0.0287004993060017,0.782451883951823,0.6176079078956886,1,0.0009611679833809,0.6966102600097657,59.96002664890073
flipped_part_004.mp4,1112,0,3,0.0289599843003088,0.7837080001831055,0.6272708468967014,1,0.0009982452018259,0.6970441818237305,59.96002664890073
flipped_part_004.mp4,1113,0,3,0.0303160628666713,0.7850040435791016,0.6375123200593171,1,0.0010272737213785,0.6973974227905273,59.96002664890073
flipped_part_004.mp4,1114,0,3,0.0304248801808456,0.7845771789550782,0.6446988706235532,1,0.0010207844873851,0.6975187301635742,59.96002664890073
flipped_part_004.mp4,1115,0,2,0.0320368376550807,0.7869946161905924,0.6592527601453994,1,0.0009949581432414,0.6974422454833984,59.96002664890073
flipped_part_004.mp4,1116,0,3,0.0321648338753773,0.7879339218139648,0.6652158949110243,2,0.0009464510688849,0.6970064798990886,59.96002664890073
flipped_part_004.mp4,1117,0,3,0.0328320044012636,0.7909338633219402,0.6686833134403936,2,0.0009573488410225,0.6973373413085937,59.96002664890073
flipped_part_004.mp4,1118,0,4,0.0330795812085745,0.7929405212402344,0.6715457492404514,3,0.0010125731711741,0.6979555130004883,59.96002664890073
flipped_part_004.mp4,1119,0,3,0.0327257833750789,0.793336296081543,0.675521002875434,2,0.0010563927085604,0.6984949747721354,59.96002664890073
flipped_part_004.mp4,1120,0,4,0.0331298757762178,0.7958229700724284,0.6778513025354456,2,0.0010404018466942,0.698771858215332,59.96002664890073
flipped_part_004.mp4,1121,0,2,0.0333997206527015,0.797157351175944,0.6799608018663195,1,0.0008177199759908,0.6980042139689128,59.96002664890073
flipped_part_004.mp4,1122,0,4,0.0333554200787761,0.7975897471110026,0.6809730247214988,2,0.0008205328030938,0.6977855682373046,59.96002664890073
flipped_part_004.mp4,1123,0,4,0.033758281724424,0.798776117960612,0.683142994068287,2,0.0008656937399387,0.6978621164957682,59.96002664890073
flipped_part_004.mp4,1124,0,3,0.0339577532174492,0.8008732477823893,0.684659661187066,1,0.0009090056049387,0.6980889638264974,59.96002664890073
flipped_part_004.mp4,1125,0,3,0.033261544809211,0.800784683227539,0.6872291847511575,2,0.0009308759845077,0.6985069274902344,59.96002664890073
flipped_part_004.mp4,1126,0,3,0.0337630829003561,0.8028849283854167,0.6911474722403067,2,0.0010303323408556,0.6991360982259115,59.96002664890073
flipped_part_004.mp4,1127,0,3,0.0330409047725024,0.8030605951944987,0.6956742463288483,2,0.0010530264055382,0.6990965525309245,59.96002664890073
flipped_part_004.mp4,1128,0,2,0.032849708330576,0.8040399551391602,0.6992628309461806,1,0.0011267695051005,0.6990342458089193,59.96002664890073
flipped_part_004.mp4,1129,0,2,0.0332715090819638,0.8050718943277995,0.7006217108832465,1,0.0011168372933752,0.6990358352661132,59.96002664890073
flipped_part_004.mp4,1130,0,3,0.0337143982515489,0.8073490142822266,0.7012818513093171,2,0.0012579701845728,0.6994354248046875,59.96002664890073
flipped_part_004.mp4,1131,0,2,0.0336255326540493,0.8089359283447266,0.7045470626265914,1,0.0011677882604352,0.6994501749674479,59.96002664890073
flipped_part_004.mp4,1132,0,2,0.0334880578834175,0.8115782419840495,0.7093624538845487,1,0.001247058247423,0.6994318644205729,59.96002664890073
flipped_part_004.mp4,1133,0,2,0.032755657611695,0.8113028208414713,0.7124077125831887,1,0.0012224826908237,0.6994396209716797,59.96002664890073
flipped_part_004.mp4,1134,0,2,0.0337574255644964,0.8164311091105143,0.7148324471932871,1,0.0012592307808517,0.6993826548258464,59.96002664890073
flipped_part_004.mp4,1135,0,3,0.0330148191052204,0.8166654586791993,0.7226655748155382,2,0.0016535901866154,0.7093677520751953,59.96002664890073
flipped_part_004.mp4,1136,0,3,0.032790287449542,0.8164691925048828,0.7255113389756944,2,0.0016608246751517,0.7093009312947591,59.96002664890073
flipped_part_004.mp4,1137,0,3,0.0317060017279194,0.8147379557291666,0.7283376057942709,2,0.0016061775057567,0.7091947555541992,59.96002664890073
flipped_part_004.mp4,1138,0,2,0.0319199868524447,0.8187490463256836,0.7314615885416667,1,0.0012127947961238,0.6995033264160156,59.96002664890073
flipped_part_004.mp4,1139,0,2,0.0321211938241914,0.8201578776041667,0.734357989275897,1,0.0011355775931992,0.6995876948038737,59.96002664890073
flipped_part_004.mp4,1140,0,2,0.0324068864668363,0.8224210739135742,0.7380705656828703,1,0.0011042996677052,0.6996942520141601,59.96002664890073
flipped_part_004.mp4,1141,0,2,0.0316946663711375,0.8228893915812174,0.7445326063368055,1,0.0011526032650726,0.6998023351033529,59.96002664890073
flipped_part_004.mp4,1142,0,2,0.0305590346850739,0.821393076578776,0.7469187418619792,1,0.0010876093801602,0.6996046702067057,59.96002664890073
flipped_part_004.mp4,1143,0,3,0.0297159637240326,0.820664660135905,0.7523078635886863,2,0.0013987412296787,0.6996697743733724,59.96002664890073
flipped_part_004.mp4,1144,0,3,0.0292446792848267,0.8205831527709961,0.7554436012550637,2,0.0010991162331225,0.7002408981323243,59.96002664890073
flipped_part_004.mp4,1145,0,2,0.0285788328355367,0.8198171615600586,0.7582204182942708,1,0.0011135580016006,0.7004871368408203,59.96002664890073
flipped_part_004.mp4,1146,0,2,0.0275213747335753,0.8196962992350261,0.7662373860677083,1,0.0011596234536005,0.7007703145345052,59.96002664890073
flipped_part_004.mp4,1147,0,5,0.0268107176106423,0.8183556238810221,0.7695509168836806,4,0.0013230133242905,0.7007663726806641,59.96002664890073
flipped_part_004.mp4,1148,0,2,0.0261575851085837,0.818585459391276,0.775447365089699,1,0.0013014926285702,0.7006359100341797,59.96002664890073
flipped_part_004.mp4,1149,0,3,0.0252385064953489,0.8182636896769205,0.7808489199037905,2,0.0021828199692148,0.7228630065917969,59.96002664890073
flipped_part_004.mp4,1150,0,3,0.0228074533890079,0.8110586802164713,0.7892852783203125,2,0.001249394302722,0.7013420104980469,59.96002664890073
flipped_part_004.mp4,1151,0,4,0.0226509021902111,0.8120307922363281,0.7918303313078704,3,0.0013467190674984,0.7017183303833008,59.96002664890073
flipped_part_004.mp4,1152,0,2,0.0221108937970388,0.8126108169555664,0.7970982869466146,1,0.0014182372483493,0.701901626586914,59.96002664890073
flipped_part_004.mp4,1153,0,2,0.0214469918827411,0.8129344940185547,0.8025594640661169,1,0.0014377862558467,0.7019289016723633,59.96002664890073
flipped_part_004.mp4,1154,0,2,0.0213028994397501,0.8159823099772135,0.8100884331597222,1,0.0015463942676864,0.7019933700561524,59.96002664890073
flipped_part_004.mp4,1155,0,3,0.020229294815659,0.8151285807291667,0.8155880963360822,2,0.0015771075513071,0.7018715540568033,59.96002664890073
flipped_part_004.mp4,1156,0,3,0.0194457770001652,0.8150857925415039,0.8217870076497396,2,0.0016295288139426,0.7017618815104166,59.96002664890073
flipped_part_004.mp4,1157,0,3,0.0187616358398291,0.8149794260660808,0.8277909455475984,2,0.0016392384586894,0.7018047332763672,59.96002664890073
flipped_part_004.mp4,1158,0,2,0.0178988386537336,0.8159914016723633,0.8365230984157986,1,0.0015726483088251,0.7018986384073893,59.96002664890073
flipped_part_004.mp4,1159,0,2,0.017106253042304,0.8165231704711914,0.8445593374746817,1,0.0015895534368206,0.7021855036417644,59.96002664890073
flipped_part_004.mp4,1160,0,2,0.0162591054092842,0.8169844309488933,0.8493221706814236,1,0.0015732762332481,0.7024605433146159,59.96002664890073
flipped_part_004.mp4,1161,0,2,0.0155640037214659,0.8190287272135417,0.857789894386574,1,0.0015352591195389,0.7023930231730143,59.96002664890073
flipped_part_004.mp4,1162,0,2,0.0148422122642111,0.822251574198405,0.8653441817672164,1,0.0015033286216849,0.7026487350463867,59.96002664890073
flipped_part_004.mp4,1163,0,2,0.0140375741083321,0.8239920298258464,0.871511784306279,1,0.0014811961153625,0.7028414408365885,59.96002664890073
flipped_part_004.mp4,1164,0,2,0.0130310140716567,0.8248823165893555,0.8812659369574652,1,0.0014232693001395,0.7030283610026041,59.96002664890073
flipped_part_004.mp4,1165,0,2,0.0120454701641574,0.8261562983194987,0.8898824055989584,1,0.0014928843165398,0.7031181335449219,59.96002664890073
flipped_part_004.mp4,1166,0,2,0.0108163491984467,0.8268644332885742,0.8985174673574942,1,0.0015816201000901,0.7031768798828125,59.96002664890073
flipped_part_004.mp4,1167,0,3,0.0098974182722654,0.8272431055704753,0.9069369280779804,2,0.0015577682382879,0.7032946268717448,59.96002664890073
flipped_part_004.mp4,1168,0,2,0.008744717879777,0.8280674616495768,0.9155290391710068,1,0.0015484896100436,0.703318468729655,59.96002664890073
flipped_part_004.mp4,1169,0,3,0.0077883176162787,0.8278414408365885,0.923630212854456,2,0.0033249701725758,0.7241078058878581,59.96002664890073
flipped_part_004.mp4,1170,0,2,0.0050256222766539,0.8072855631510417,0.9360383775499131,1,0.0016740556648734,0.7034574508666992,59.96002664890073
flipped_part_004.mp4,1171,0,2,0.0040513701277086,0.805441157023112,0.9474421183268228,1,0.0017478050136317,0.7034816741943359,59.96002664890073
flipped_part_004.mp4,1172,0,3,0.003145749275551,0.8065513610839844,0.9553906476056134,2,0.0031394538015592,0.7231058756510417,59.96002664890073
flipped_part_004.mp4,1173,0,2,0.0022162930745657,0.8039177576700847,0.9654268617983216,1,0.0018080793648227,0.7037492752075195,59.96002664890073
flipped_part_004.mp4,1174,0,4,0.0043345046601542,0.7237270991007487,0.4424195466218171,4,0.0043345046601542,0.7237270991007487,59.96002664890073
flipped_part_004.mp4,1175,0,3,0.0030494120230044,0.723367182413737,0.4485497368706597,3,0.0030494120230044,0.723367182413737,59.96002664890073
flipped_part_004.mp4,1176,0,1,0.0019393785462792,0.7035151163736979,0.2182362874348958,1,0.0019393785462792,0.7035151163736979,59.96002664890073
flipped_part_004.mp4,1177,0,1,0.0018216030010888,0.7034369150797526,0.2183205498589409,1,0.0018216030010888,0.7034369150797526,59.96002664890073
flipped_part_004.mp4,1178,0,1,0.001750887156393,0.703439203898112,0.2172310158058449,1,0.001750887156393,0.703439203898112,59.96002664890073
flipped_part_004.mp4,1179,0,1,0.0017947388415793,0.7034719467163086,0.2163238525390625,1,0.0017947388415793,0.7034719467163086,59.96002664890073
flipped_part_004.mp4,1180,0,1,0.0017325286862453,0.7034080505371094,0.2148874918619791,1,0.0017325286862453,0.7034080505371094,59.96002664890073
flipped_part_004.mp4,1181,0,2,0.0034296246004265,0.7229639689127604,0.4228207058376736,2,0.0034296246004265,0.7229639689127604,59.96002664890073
flipped_part_004.mp4,1182,0,2,0.0025814938994719,0.7223633448282878,0.4293801201714409,2,0.0025814938994719,0.7223633448282878,59.96002664890073
flipped_part_004.mp4,1183,0,1,0.0017546977908932,0.7036108652750651,0.2158259073893229,1,0.0017546977908932,0.7036108652750651,59.96002664890073
flipped_part_004.mp4,1184,0,1,0.0017761155776679,0.7037441889444987,0.2155436197916666,1,0.0017761155776679,0.7037441889444987,59.96002664890073
flipped_part_004.mp4,1185,0,3,0.0018201000988483,0.7039316177368165,0.2139411078559027,3,0.0018201000988483,0.7226155598958334,59.96002664890073
flipped_part_004.mp4,1186,0,1,0.0018290563448358,0.7039797465006511,0.2133845011393229,1,0.0018290563448358,0.7039797465006511,59.96002664890073
flipped_part_004.mp4,1187,0,1,0.001810311233448,0.7040338516235352,0.2131943596733941,1,0.001810311233448,0.7040338516235352,59.96002664890073
flipped_part_004.mp4,1188,0,4,0.0017907184280381,0.7039419174194336,0.2123717696578414,4,0.0017907184280381,0.7222386042277018,59.96002664890073
flipped_part_004.mp4,1189,0,4,0.0018444295727682,0.7041998545328776,0.2113516913519965,4,0.0018444295727682,0.722450065612793,59.96002664890073
flipped_part_004.mp4,1190,0,4,0.0019634055278341,0.7046835581461589,0.2144471910264757,4,0.0019634055278341,0.7221471786499023,59.96002664890073
flipped_part_004.mp4,1191,0,3,0.0020155423893205,0.7046030680338542,0.2141796535915798,3,0.0020155423893205,0.7049446105957031,59.96002664890073
flipped_part_004.mp4,1192,0,3,0.0020775934946626,0.7045679092407227,0.2142251756456163,3,0.0020775934946626,0.7050447463989258,59.96002664890073
flipped_part_004.mp4,1193,0,3,0.002080508651173,0.7046133677164713,0.2129594590928819,3,0.002080508651173,0.7050299326578776,59.96002664890073
flipped_part_004.mp4,1194,0,3,0.0019491959440832,0.703729248046875,0.2103125113028067,3,0.0019491959440832,0.7217350641886393,59.96002664890073
flipped_part_004.mp4,1195,0,2,0.0019274025727645,0.7038692474365235,0.2103517320421007,2,0.0019274025727645,0.7050366083780925,59.96002664890073
flipped_part_004.mp4,1196,0,3,0.0019673451513032,0.7041816711425781,0.208624521891276,3,0.0019673451513032,0.7221989313761393,59.96002664890073
flipped_part_004.mp4,1197,0,4,0.0022278657745725,0.704655647277832,0.2069612291124132,4,0.0022278657745725,0.7213174819946289,59.96002664890073
flipped_part_004.mp4,1198,0,4,0.001603421833198,0.7047792434692383,0.2248343573676215,4,0.001603421833198,0.7198994318644206,59.96002664890073
flipped_part_004.mp4,1199,0,3,0.001975433774135,0.7049466451009114,0.2092663235134548,3,0.001975433774135,0.7049466451009114,59.96002664890073
flipped_part_004.mp4,1200,0,2,0.0017968078896605,0.7038650512695312,0.2001658121744791,2,0.0017968078896605,0.70506591796875,59.96002664890073
flipped_part_004.mp4,1201,0,2,0.0020156953665449,0.7038911819458008,0.2041450500488281,2,0.0020156953665449,0.7050847371419271,59.96002664890073
flipped_part_004.mp4,1202,0,3,0.0021476893407654,0.7047439575195312,0.2029312133789062,3,0.0021476893407654,0.7202326456705729,59.96002664890073
flipped_part_004.mp4,1203,0,3,0.0021955971927188,0.7050474166870118,0.2030382227014612,3,0.0021955971927188,0.720561408996582,59.96002664890073
flipped_part_004.mp4,1204,0,1,0.0021923984047801,0.7053590138753255,0.2040408664279513,1,0.0021923984047801,0.7053590138753255,59.96002664890073
flipped_part_004.mp4,1205,0,2,0.0022144877143566,0.7055047988891602,0.2039930555555555,2,0.0022144877143566,0.7057925542195638,59.96002664890073
flipped_part_004.mp4,1206,0,1,0.001967970880877,0.7044214248657227,0.2039338005913628,1,0.001967970880877,0.7044214248657227,59.96002664890073
flipped_part_004.mp4,1207,0,1,0.0020785140020759,0.7046276092529297,0.2037765502929687,1,0.0020785140020759,0.7046276092529297,59.96002664890073
flipped_part_004.mp4,1208,0,1,0.0020785326096746,0.7043491999308268,0.1988093058268229,1,0.0020785326096746,0.7043491999308268,59.96002664890073
flipped_part_004.mp4,1209,0,1,0.0019086641498789,0.7041487375895182,0.1977623833550347,1,0.0019086641498789,0.7041487375895182,59.96002664890073
flipped_part_004.mp4,1210,0,1,0.0019699741120846,0.7043628692626953,0.1930433485243055,1,0.0019699741120846,0.7043628692626953,59.96002664890073
flipped_part_004.mp4,1211,0,1,0.0021842240913408,0.7046192169189454,0.1913608127170138,1,0.0021842240913408,0.7046192169189454,59.96002664890073
flipped_part_004.mp4,1212,0,1,0.0021536777828522,0.7047780990600586,0.191796225088614,1,0.0021536777828522,0.7047780990600586,59.96002664890073
flipped_part_004.mp4,1213,0,2,0.0020786507011507,0.7047068277994791,0.1892055935329861,2,0.0020786507011507,0.7065443674723307,59.96002664890073
flipped_part_004.mp4,1214,0,2,0.0021077530874592,0.704487419128418,0.1885964570222077,2,0.0021077530874592,0.7064502080281575,59.96002664890073
flipped_part_004.mp4,1215,0,2,0.0020705944674813,0.7044672648111979,0.1857730441623264,2,0.0020705944674813,0.7065943400065104,59.96002664890073
flipped_part_004.mp4,1216,0,1,0.0020529964115013,0.7046880722045898,0.1800643355758102,1,0.0020529964115013,0.7046880722045898,59.96002664890073
flipped_part_004.mp4,1217,0,1,0.0015830983405855,0.7044962565104167,0.1601078739872685,1,0.0015830983405855,0.7044962565104167,59.96002664890073
flipped_part_004.mp4,1218,0,2,0.0022626829620761,0.704837417602539,0.1795681423611111,2,0.0022626829620761,0.7065555572509765,59.96002664890073
flipped_part_004.mp4,1219,0,2,0.0019286114053102,0.7042662302652994,0.1719109429253472,2,0.0019286114053102,0.7066104253133138,59.96002664890073
flipped_part_004.mp4,1220,0,3,0.0027737980521784,0.7066515604654948,0.1916909111870659,3,0.0027737980521784,0.7069696426391602,59.96002664890073
flipped_part_004.mp4,1221,0,2,0.0013396784540964,0.7038929621378581,0.1377183702256944,2,0.0013396784540964,0.7069869995117187,59.96002664890073
flipped_part_004.mp4,1222,0,3,0.0021597217381511,0.7065349578857422,0.1885297139485677,3,0.0021597217381511,0.7068824768066406,59.96002664890073
flipped_part_004.mp4,1223,0,3,0.0024789289174077,0.7067476272583008,0.1793209782353154,3,0.0024789289174077,0.7068310419718424,59.96002664890073
flipped_part_004.mp4,1224,0,3,0.0025680346513399,0.7067590713500976,0.1755839029947916,3,0.0025680346513399,0.7067590713500976,59.96002664890073
flipped_part_004.mp4,1225,0,3,0.0023463841494716,0.7062723159790039,0.179923587375217,3,0.0023463841494716,0.706356430053711,59.96002664890073
flipped_part_004.mp4,1226,0,3,0.0026986329133958,0.7062925974527995,0.1703605086715133,3,0.0026986329133958,0.7063758850097657,59.96002664890073
flipped_part_004.mp4,1227,0,2,0.0031137006174065,0.7063902537027995,0.1571564850983796,2,0.0031137006174065,0.706488037109375,59.96002664890073
flipped_part_004.mp4,1228,0,1,0.001477708039359,0.7057636896769206,0.1054333439579716,1,0.001477708039359,0.7057636896769206,59.96002664890073
flipped_part_004.mp4,1229,0,1,0.0014063510526223,0.7056429545084636,0.1023246199996383,1,0.0014063510526223,0.7056429545084636,59.96002664890073
flipped_part_004.mp4,1230,0,2,0.0014131254653868,0.7048702239990234,0.1016021163375289,2,0.0014131254653868,0.7058504740397136,59.96002664890073
flipped_part_004.mp4,1231,0,2,0.0013488980186822,0.7043352127075195,0.0984061347113715,2,0.0013488980186822,0.7058247248331706,59.96002664890073
flipped_part_004.mp4,1232,0,2,0.0012368539338543,0.7060291290283203,0.2145373874240451,2,0.0012368539338543,0.7060291290283203,59.96002664890073
flipped_part_004.mp4,1233,0,2,0.0012785846580906,0.7062790552775066,0.2133106938114872,2,0.0012785846580906,0.7062790552775066,59.96002664890073
flipped_part_004.mp4,1234,0,2,0.0013329389668878,0.7045619328816731,0.086042813901548,2,0.0013329389668878,0.7066336313883463,59.96002664890073
flipped_part_004.mp4,1235,0,4,0.0015083623460345,0.7055149078369141,0.0858438279893663,4,0.0015083623460345,0.715512466430664,59.96002664890073
flipped_part_004.mp4,1236,0,1,0.0014379434780857,0.7047791163126628,0.0830022458676938,1,0.0014379434780857,0.7047791163126628,59.96002664890073
flipped_part_004.mp4,1237,0,3,0.002751951397707,0.7066444396972656,0.1407667371961805,3,0.002751951397707,0.7066444396972656,59.96002664890073
flipped_part_004.mp4,1238,0,2,0.0012783805186498,0.7062200546264649,0.1996892293294271,2,0.0012783805186498,0.7062200546264649,59.96002664890073
flipped_part_004.mp4,1239,0,2,0.001293389709856,0.7040824890136719,0.0702048690230758,2,0.001293389709856,0.7063222249348958,59.96002664890073
flipped_part_004.mp4,1240,0,2,0.0013557582851111,0.7051814397176107,0.0628138224283854,2,0.0013557582851111,0.706117820739746,59.96002664890073
flipped_part_004.mp4,1241,0,2,0.0013597945150643,0.7048158009847005,0.064447530110677,2,0.0013597945150643,0.7060122807820638,59.96002664890073
flipped_part_004.mp4,1242,0,2,0.001563038268733,0.7053288777669271,0.0602507132071035,2,0.001563038268733,0.706370989481608,59.96002664890073
flipped_part_004.mp4,1243,0,2,0.0014140381031244,0.7038063685099284,0.0582015708640769,2,0.0014140381031244,0.7066209793090821,59.96002664890073
flipped_part_004.mp4,1244,0,2,0.0013706954563773,0.7063362121582031,0.1848609076605902,2,0.0013706954563773,0.7063362121582031,59.96002664890073
flipped_part_004.mp4,1245,0,2,0.0013961999983466,0.7064177831013997,0.1839463127983941,2,0.0013961999983466,0.7064177831013997,59.96002664890073
flipped_part_004.mp4,1246,0,2,0.0014013068571997,0.7062544504801432,0.1823387428566261,2,0.0014013068571997,0.7062544504801432,59.96002664890073
flipped_part_004.mp4,1247,0,3,0.0020348052196722,0.7229476928710937,0.6171725802951389,2,0.0013443709145455,0.705864143371582,59.96002664890073
flipped_part_004.mp4,1248,0,2,0.0013842774141165,0.7055706024169922,0.1789932250976562,2,0.0013842774141165,0.7055706024169922,59.96002664890073
flipped_part_004.mp4,1249,0,2,0.0014640188240446,0.7058328628540039,0.174420166015625,2,0.0014640188240446,0.7058328628540039,59.96002664890073
flipped_part_004.mp4,1250,0,2,0.0014280446953381,0.7059216817220052,0.1714764065212673,2,0.0014280446953381,0.7059216817220052,59.96002664890073
flipped_part_004.mp4,1251,0,3,0.001867973874323,0.7219009399414062,0.6107715182834201,2,0.0014851419255137,0.7060501734415691,59.96002664890073
flipped_part_004.mp4,1252,0,4,0.001742712850553,0.7211898803710938,0.6142656114366319,3,0.0015681888186372,0.7060411453247071,59.96002664890073
flipped_part_004.mp4,1253,0,2,0.001503858499701,0.7057859420776367,0.1615052964952257,2,0.001503858499701,0.7057859420776367,59.96002664890073
flipped_part_004.mp4,1254,0,2,0.0015471160028634,0.7054616928100585,0.1575412326388889,2,0.0015471160028634,0.7054616928100585,59.96002664890073
flipped_part_004.mp4,1255,0,2,0.0015463738885268,0.7051079432169597,0.1512689661096643,2,0.0015463738885268,0.7051079432169597,59.96002664890073
flipped_part_004.mp4,1256,0,3,0.001587320444976,0.7058684031168619,0.1533859252929687,3,0.001587320444976,0.7058684031168619,59.96002664890073
flipped_part_004.mp4,1257,0,3,0.0017087209103758,0.7064725875854492,0.1523691813151041,3,0.0017087209103758,0.7064725875854492,59.96002664890073
flipped_part_004.mp4,1258,0,2,0.0015904821825582,0.7053454081217448,0.1517974005805121,2,0.0015904821825582,0.7053454081217448,59.96002664890073
flipped_part_004.mp4,1259,0,2,0.0014983046526322,0.7051960627237955,0.1513721042209201,2,0.0014983046526322,0.7051960627237955,59.96002664890073
flipped_part_004.mp4,1260,0,2,0.0015610945728366,0.7058343887329102,0.1487769232855902,2,0.0015610945728366,0.7058343887329102,59.96002664890073
flipped_part_004.mp4,1261,0,2,0.0015652115655312,0.7059384028116862,0.1480844568323206,2,0.0015652115655312,0.7059384028116862,59.96002664890073
flipped_part_004.mp4,1262,0,2,0.001615374402738,0.7054668426513672,0.1478147153501157,2,0.001615374402738,0.7054668426513672,59.96002664890073
flipped_part_004.mp4,1263,0,1,0.0016609960066637,0.70619322458903,0.1463784111870659,1,0.0016609960066637,0.70619322458903,59.96002664890073
flipped_part_004.mp4,1264,0,1,0.0016947986036151,0.7054955164591471,0.144429694281684,1,0.0016947986036151,0.7054955164591471,59.96002664890073
flipped_part_004.mp4,1265,0,1,0.0016115798257912,0.7049456278483073,0.1411902533637152,1,0.0016115798257912,0.7049456278483073,59.96002664890073
flipped_part_004.mp4,1266,0,1,0.0016420388413179,0.7050573984781902,0.1373452928331163,1,0.0016420388413179,0.7050573984781902,59.96002664890073
flipped_part_004.mp4,1267,0,2,0.0016214082792349,0.7051441192626953,0.1354311907732928,2,0.0016214082792349,0.7051441192626953,59.96002664890073
flipped_part_004.mp4,1268,0,1,0.0017132829553156,0.706082534790039,0.1316027323404948,1,0.0017132829553156,0.706082534790039,59.96002664890073
flipped_part_004.mp4,1269,0,1,0.0017473653043271,0.7055149714152018,0.1298816257052951,1,0.0017473653043271,0.7055149714152018,59.96002664890073
flipped_part_004.mp4,1270,0,1,0.001728778364292,0.7055168151855469,0.1295401679144965,1,0.001728778364292,0.7055168151855469,59.96002664890073
flipped_part_004.mp4,1271,0,1,0.0016534991992779,0.7055584589640299,0.1244845920138889,1,0.0016534991992779,0.7055584589640299,59.96002664890073
flipped_part_004.mp4,1272,0,1,0.0018110766808968,0.7057167053222656,0.1232374403211805,1,0.0018110766808968,0.7057167053222656,59.96002664890073
flipped_part_004.mp4,1273,0,2,0.0016855324532176,0.7053005854288737,0.1183216801396122,2,0.0016855324532176,0.7053005854288737,59.96002664890073
flipped_part_004.mp4,1274,0,2,0.0017384330366226,0.7050039927164714,0.1184540925202546,2,0.0017384330366226,0.7050039927164714,59.96002664890073
flipped_part_004.mp4,1275,0,2,0.0016263844351928,0.7050569534301758,0.1098830894187644,2,0.0016263844351928,0.7050569534301758,59.96002664890073
flipped_part_004.mp4,1276,0,2,0.0018364328525947,0.7058510462443034,0.1100560506184895,2,0.0018364328525947,0.7058510462443034,59.96002664890073
flipped_part_004.mp4,1277,0,2,0.0018198913013951,0.7056800206502278,0.1063834578902633,2,0.0018198913013951,0.7056800206502278,59.96002664890073
flipped_part_004.mp4,1278,0,3,0.0019012042761379,0.7060094833374023,0.1058179502133969,3,0.0019012042761379,0.7060094833374023,59.96002664890073
flipped_part_004.mp4,1279,0,2,0.0018727133380188,0.7058019002278646,0.1040695190429687,2,0.0018727133380188,0.7058019002278646,59.96002664890073
flipped_part_004.mp4,1280,0,1,0.0017540063707727,0.7058251063028972,0.1013979028772424,1,0.0017540063707727,0.7058251063028972,59.96002664890073
flipped_part_004.mp4,1281,0,3,0.0018401860313908,0.7062602996826172,0.0993059228967737,3,0.0018401860313908,0.7062602996826172,59.96002664890073
flipped_part_004.mp4,1282,0,3,0.0017642586893958,0.7054890314737956,0.0968184011953848,3,0.0017642586893958,0.7054890314737956,59.96002664890073
flipped_part_004.mp4,1283,0,2,0.0019269972070469,0.7057465235392253,0.0916129218207465,2,0.0019269972070469,0.7057465235392253,59.96002664890073
flipped_part_004.mp4,1284,0,1,0.0020091421446543,0.7057907104492187,0.086714200620298,1,0.0020091421446543,0.7057907104492187,59.96002664890073
flipped_part_004.mp4,1285,0,3,0.0020718738851913,0.7057657241821289,0.0842576768663194,3,0.0020718738851913,0.7057657241821289,59.96002664890073
flipped_part_004.mp4,1286,0,2,0.0020109336578106,0.7061517715454102,0.0817366988570601,2,0.0020109336578106,0.7061517715454102,59.96002664890073
flipped_part_004.mp4,1287,0,2,0.0019985126771778,0.7059122721354166,0.0822799400047019,2,0.0019985126771778,0.7059122721354166,59.96002664890073
flipped_part_004.mp4,1288,0,2,0.0018601207153794,0.7050411224365234,0.0755984836154513,2,0.0018601207153794,0.7050411224365234,59.96002664890073
flipped_part_004.mp4,1289,0,3,0.0018416162894573,0.704997698465983,0.0708150510434751,3,0.0018416162894573,0.704997698465983,59.96002664890073
flipped_part_004.mp4,1290,0,3,0.00195616655789,0.7047568003336588,0.0695207383897569,3,0.00195616655789,0.7047568003336588,59.96002664890073
flipped_part_004.mp4,1291,0,2,0.0019544414409513,0.7050888697306316,0.0656329684787326,2,0.0019544414409513,0.7050888697306316,59.96002664890073
flipped_part_004.mp4,1292,0,2,0.0019163258782322,0.7045810699462891,0.0630887349446614,2,0.0019163258782322,0.7045810699462891,59.96002664890073
flipped_part_004.mp4,1293,0,2,0.0020139406805187,0.7045574824015299,0.0599034909848813,2,0.0020139406805187,0.7045574824015299,59.96002664890073
flipped_part_004.mp4,1294,0,1,0.0020324940957167,0.704238764444987,0.056783209906684,1,0.0020324940957167,0.704238764444987,59.96002664890073
flipped_part_004.mp4,1295,0,3,0.0017619890551604,0.7042507807413737,0.0548526905201099,3,0.0017619890551604,0.7042507807413737,59.96002664890073
flipped_part_004.mp4,1296,0,3,0.0023472081731866,0.7047409693400065,0.0484502721715856,3,0.0023472081731866,0.7047409693400065,59.96002664890073
flipped_part_004.mp4,1297,0,2,0.0023163978366776,0.7044838587443034,0.041923353407118,2,0.0023163978366776,0.7044838587443034,59.96002664890073
flipped_part_004.mp4,1298,0,2,0.0022561394035518,0.7045354843139648,0.0477883232964409,2,0.0022561394035518,0.7045354843139648,59.96002664890073
flipped_part_004.mp4,1299,0,2,0.002044818290451,0.7040451685587565,0.0381835089789496,2,0.002044818290451,0.7040451685587565,59.96002664890073
flipped_part_004.mp4,1300,0,2,0.0019410797136812,0.7040669759114583,0.0396742361563223,2,0.0019410797136812,0.7040669759114583,59.96002664890073
flipped_part_004.mp4,1301,0,2,0.0019279246216131,0.7037047068277995,0.0352285879629629,2,0.0019279246216131,0.7037047068277995,59.96002664890073
flipped_part_004.mp4,1302,0,2,0.0018438991720958,0.7032859802246094,0.0262641341597945,2,0.0018438991720958,0.7032859802246094,59.96002664890073
flipped_part_004.mp4,1303,0,2,0.0021106987020714,0.7042236328125,0.0256406713415075,2,0.0021106987020714,0.7042236328125,59.96002664890073
flipped_part_004.mp4,1304,0,1,0.0020714699346582,0.7040300369262695,0.0164847762496383,1,0.0020714699346582,0.7040300369262695,59.96002664890073
flipped_part_004.mp4,1305,0,2,0.0022746054042255,0.704243532816569,0.0151401378490306,2,0.0022746054042255,0.704243532816569,59.96002664890073
flipped_part_004.mp4,1306,0,1,0.0021804866715575,0.7038360595703125,0.0130355269820601,1,0.0021804866715575,0.7038360595703125,59.96002664890073
flipped_part_004.mp4,1307,0,1,0.0021246318197033,0.7036999384562175,0.0065792507595486,1,0.0021246318197033,0.7036999384562175,59.96002664890073
flipped_part_004.mp4,1308,0,2,0.002190472180249,0.7038244883219401,0.0019758718985098,2,0.002190472180249,0.7038244883219401,59.96002664890073
flipped_part_004.mp4,1309,0,1,0.0023905168818439,0.7040249506632487,0.0008387247721354,1,0.0023905168818439,0.7040249506632487,59.96002664890073
flipped_part_004.mp4,1310,0,1,0.0022311497071415,0.7035510381062825,5.207768192997685e-05,1,0.0022311497071415,0.7035510381062825,59.96002664890073
flipped_part_004.mp4,1311,0,2,0.0022705990696767,0.7035238901774089,0.0011496367277922,2,0.0022705990696767,0.7035238901774089,59.96002664890073
flipped_part_004.mp4,1312,0,1,0.0019579814812459,0.7025711059570312,0.0067670751501012,1,0.0019579814812459,0.7025711059570312,59.96002664890073
flipped_part_004.mp4,1313,0,1,0.0018504200644976,0.7026514053344727,0.0118134957772714,1,0.0018504200644976,0.7026514053344727,59.96002664890073
flipped_part_004.mp4,1314,0,2,0.0019693270671457,0.7032971064249675,0.0124192697030526,2,0.0019693270671457,0.7032971064249675,59.96002664890073
flipped_part_004.mp4,1315,0,2,0.0019489428090821,0.7035728454589844,0.0150539539478443,2,0.0019489428090821,0.7035728454589844,59.96002664890073
flipped_part_004.mp4,1316,0,2,0.0020564810938581,0.7037971496582032,0.0172052454065393,2,0.0020564810938581,0.7037971496582032,59.96002664890073
flipped_part_004.mp4,1317,0,1,0.0020887564241679,0.7038542429606119,0.0160061306423611,1,0.0020887564241679,0.7038542429606119,59.96002664890073
flipped_part_004.mp4,1318,0,1,0.0020258805521815,0.7036635080973307,0.0176021999782986,1,0.0020258805521815,0.7036635080973307,59.96002664890073
flipped_part_004.mp4,1319,0,2,0.0022362378302097,0.7039326349894206,0.0184802302607783,2,0.0022362378302097,0.7039326349894206,59.96002664890073
flipped_part_004.mp4,1320,0,2,0.0022368049859694,0.7036900202433268,0.0193101105866608,2,0.0022368049859694,0.7036900202433268,59.96002664890073
flipped_part_004.mp4,1321,0,1,0.0023085308674166,0.7034544626871745,0.0194286770290798,1,0.0023085308674166,0.7034544626871745,59.96002664890073
flipped_part_004.mp4,1322,0,2,0.0024954567985777,0.7030389785766602,0.0189359876844618,2,0.0024954567985777,0.7030389785766602,59.96002664890073
flipped_part_004.mp4,1323,0,2,0.0025400839894859,0.703114128112793,0.0185136300546151,2,0.0025400839894859,0.703114128112793,59.96002664890073
flipped_part_004.mp4,1324,0,2,0.0024657639875173,0.7031417846679687,0.0224703470865885,1,0.0024657639875173,0.7031417846679687,59.96002664890073
flipped_part_004.mp4,1325,0,2,0.0026047956760157,0.7030291239420573,0.0218470255533854,1,0.0026047956760157,0.7030291239420573,59.96002664890073
flipped_part_004.mp4,1326,0,1,0.0025229399140193,0.7026300430297852,0.0244270324707031,1,0.0025229399140193,0.7026300430297852,59.96002664890073
flipped_part_004.mp4,1327,0,1,0.0024484755822211,0.7027889887491862,0.027240498860677,1,0.0024484755822211,0.7027889887491862,59.96002664890073
flipped_part_004.mp4,1328,0,2,0.0024575088088893,0.7029325485229492,0.0277109216760706,1,0.0024575088088893,0.7029325485229492,59.96002664890073
flipped_part_004.mp4,1329,0,2,0.0024133396178001,0.7031728744506835,0.0281437626591435,1,0.0024133396178001,0.7031728744506835,59.96002664890073
flipped_part_004.mp4,1330,0,1,0.0024095536529461,0.7032892227172851,0.0277525160047743,1,0.0024095536529461,0.7032892227172851,59.96002664890073
flipped_part_004.mp4,1331,0,1,0.0027225885570249,0.7037249247233073,0.0175912927698206,1,0.0027225885570249,0.7037249247233073,59.96002664890073
flipped_part_004.mp4,1332,0,2,0.0025006472315663,0.703773307800293,0.0239198755334924,1,0.0025006472315663,0.703773307800293,59.96002664890073
flipped_part_004.mp4,1333,0,2,0.0028007256748646,0.7040437698364258,0.0168947007921006,2,0.0028007256748646,0.7040437698364258,59.96002664890073
flipped_part_004.mp4,1334,0,2,0.0028089371029636,0.7042521158854167,0.0176810370551215,2,0.0028089371029636,0.7042521158854167,59.96002664890073
flipped_part_004.mp4,1335,0,1,0.0028791924844079,0.7044787724812825,0.0152682551631221,1,0.0028791924844079,0.7044787724812825,59.96002664890073
flipped_part_004.mp4,1336,0,1,0.0029327378273592,0.7046985626220703,0.0135862562391493,1,0.0029327378273592,0.7046985626220703,59.96002664890073
flipped_part_004.mp4,1337,0,1,0.002874648644356,0.7048704147338867,0.0122163560655381,1,0.002874648644356,0.7048704147338867,59.96002664890073
flipped_part_004.mp4,1338,0,1,0.0026450338204287,0.7050636291503907,0.012205335828993,1,0.0026450338204287,0.7050636291503907,59.96002664890073
flipped_part_004.mp4,1339,0,2,0.002801715953586,0.7052713394165039,0.0044915093315972,2,0.002801715953586,0.7052713394165039,59.96002664890073
flipped_part_004.mp4,1340,0,2,0.0041962658135323,0.7198408126831055,0.6690673828125,1,0.0027857130106659,0.7052551905314127,59.96002664890073
flipped_part_004.mp4,1341,0,3,0.0036413990607899,0.7178264617919922,0.6537000868055556,1,0.0029953300507946,0.7063969294230144,59.96002664890073
flipped_part_004.mp4,1342,0,2,0.0030691821951714,0.7060806910196941,0.0032289575647424,2,0.0030691821951714,0.7060806910196941,59.96002664890073
flipped_part_004.mp4,1343,0,1,0.0029234105229045,0.7058740615844726,0.0052420722113715,1,0.0029234105229045,0.7058740615844726,59.96002664890073
flipped_part_004.mp4,1344,0,2,0.0029233753807658,0.7061365127563477,0.0085948802806712,2,0.0029233753807658,0.7061365127563477,59.96002664890073
flipped_part_004.mp4,1345,0,1,0.0030825386301256,0.7069392522176107,0.0113883407027633,1,0.0030825386301256,0.7069392522176107,59.96002664890073
flipped_part_004.mp4,1346,0,2,0.0031459056694681,0.7070859909057617,0.0191738552517361,2,0.0031459056694681,0.7070859909057617,59.96002664890073
flipped_part_004.mp4,1347,0,2,0.0031697439686265,0.7072515487670898,0.0258663601345486,2,0.0031697439686265,0.7072515487670898,59.96002664890073
flipped_part_004.mp4,1348,0,2,0.0032574711284488,0.707165781656901,0.0285178573043258,2,0.0032574711284488,0.707165781656901,59.96002664890073
flipped_part_004.mp4,1349,0,2,0.0032649409006504,0.7073915481567383,0.0293298791956018,2,0.0032649409006504,0.7073915481567383,59.96002664890073
flipped_part_004.mp4,1350,0,3,0.0040171632065256,0.7195685704549154,0.583969568323206,3,0.0040171632065256,0.7195685704549154,59.96002664890073
flipped_part_004.mp4,1351,0,3,0.0038740433332148,0.7208347320556641,0.5774102105034722,3,0.0038740433332148,0.7208347320556641,59.96002664890073
flipped_part_004.mp4,1352,0,2,0.0032926855848119,0.7087347030639648,0.030293952094184,2,0.0032926855848119,0.7087347030639648,59.96002664890073
flipped_part_004.mp4,1353,0,1,0.0034304632534909,0.7087453842163086,0.0374011852123119,1,0.0034304632534909,0.7087453842163086,59.96002664890073
flipped_part_004.mp4,1354,0,1,0.0034010371828885,0.7090705871582031,0.037471036557798,1,0.0034010371828885,0.7090705871582031,59.96002664890073
flipped_part_004.mp4,1355,0,1,0.0033837270388741,0.709367307027181,0.0399640966344762,1,0.0033837270388741,0.709367307027181,59.96002664890073
flipped_part_004.mp4,1356,0,1,0.0034771878913872,0.7095584869384766,0.0397383795844184,1,0.0034771878913872,0.7095584869384766,59.96002664890073
flipped_part_004.mp4,1357,0,2,0.0034841038046417,0.7097896575927735,0.0408397250705295,1,0.0034841038046417,0.7097896575927735,59.96002664890073
flipped_part_004.mp4,1358,0,1,0.0034911147567133,0.7100701014200846,0.0414430123788339,1,0.0034911147567133,0.7100701014200846,59.96002664890073
flipped_part_004.mp4,1359,0,1,0.0035401329997694,0.7099997202555338,0.0413720024956597,1,0.0035401329997694,0.7099997202555338,59.96002664890073
flipped_part_004.mp4,1360,0,3,0.0035673749919967,0.7111576080322266,0.0412624500415943,3,0.0035673749919967,0.7111576080322266,59.96002664890073
flipped_part_004.mp4,1361,0,2,0.0036184968323343,0.7103575388590495,0.0402302212185329,2,0.0036184968323343,0.7103575388590495,59.96002664890073
flipped_part_004.mp4,1362,0,1,0.0036862076745752,0.7103918711344401,0.0380481578685619,1,0.0036862076745752,0.7103918711344401,59.96002664890073
flipped_part_004.mp4,1363,0,2,0.0037070358520496,0.7103872299194336,0.0376853377730758,2,0.0037070358520496,0.7103872299194336,59.96002664890073
flipped_part_004.mp4,1364,0,2,0.0037136203104617,0.7102234522501628,0.0375378361454716,2,0.0037136203104617,0.7102234522501628,59.96002664890073
flipped_part_004.mp4,1365,0,2,0.0037656273647807,0.7102082570393881,0.0353107311107494,2,0.0037656273647807,0.7102082570393881,59.96002664890073
flipped_part_004.mp4,1366,0,2,0.0037080854977506,0.7098320643107097,0.0344833374023437,2,0.0037080854977506,0.7098320643107097,59.96002664890073
flipped_part_004.mp4,1367,0,2,0.0036975737655302,0.7095959345499675,0.0345193085847077,2,0.0036975737655302,0.7095959345499675,59.96002664890073
flipped_part_004.mp4,1368,0,2,0.0038692409784157,0.7110885620117188,0.0292573716905381,2,0.0038692409784157,0.7110885620117188,59.96002664890073
flipped_part_004.mp4,1369,0,2,0.0039776625893334,0.7114260355631511,0.0271187958893952,2,0.0039776625893334,0.7114260355631511,59.96002664890073
flipped_part_004.mp4,1370,0,2,0.0040387652508798,0.7114912668863932,0.0249764336480034,2,0.0040387652508798,0.7114912668863932,59.96002664890073
flipped_part_004.mp4,1371,0,2,0.0041704720997249,0.711555290222168,0.0235263683177806,2,0.0041704720997249,0.711555290222168,59.96002664890073
flipped_part_004.mp4,1372,0,2,0.0041717931092285,0.7114686965942383,0.0201047544126157,2,0.0041717931092285,0.7114686965942383,59.96002664890073
flipped_part_004.mp4,1373,0,2,0.0042573690648876,0.7111881891886394,0.0184260050455729,2,0.0042573690648876,0.7111881891886394,59.96002664890073
flipped_part_004.mp4,1374,0,2,0.0041862803299061,0.7106418609619141,0.0173687122486255,2,0.0041862803299061,0.7106418609619141,59.96002664890073
flipped_part_004.mp4,1375,0,2,0.0041737157559233,0.7104124069213867,0.0134084348325376,2,0.0041737157559233,0.7104124069213867,59.96002664890073
flipped_part_004.mp4,1376,0,2,0.0041843006891657,0.7102202733357748,0.0115926389341001,2,0.0041843006891657,0.7102202733357748,59.96002664890073
flipped_part_004.mp4,1377,0,2,0.0041929351089322,0.7099285125732422,0.0081685666684751,2,0.0041929351089322,0.7099285125732422,59.96002664890073
flipped_part_004.mp4,1378,0,2,0.004531969299057,0.7116234461466472,0.0051419858579282,2,0.004531969299057,0.7116234461466472,59.96002664890073
flipped_part_004.mp4,1379,0,2,0.0047380316830139,0.7112462997436524,0.0027483057092737,2,0.0047380316830139,0.7112462997436524,59.96002664890073
flipped_part_004.mp4,1380,0,2,0.0047822136305007,0.7112575531005859,0.0005291126392505,2,0.0047822136305007,0.7112575531005859,59.96002664890073
flipped_part_004.mp4,1381,0,2,0.0048745757415114,0.7113531112670899,0.0019687228732638,2,0.0048745757415114,0.7113531112670899,59.96002664890073
flipped_part_004.mp4,1382,0,2,0.0048790264310729,0.7118669509887695,0.007244873046875,2,0.0048790264310729,0.7118669509887695,59.96002664890073
flipped_part_004.mp4,1383,0,2,0.004882247871978,0.7120348612467448,0.008038838704427,2,0.004882247871978,0.7120348612467448,59.96002664890073
flipped_part_004.mp4,1384,0,2,0.0048710907367058,0.7119925181070964,0.0117430510344328,2,0.0048710907367058,0.7119925181070964,59.96002664890073
flipped_part_004.mp4,1385,0,2,0.0050167086220527,0.7122217814127604,0.0146400169089988,2,0.0050167086220527,0.7122217814127604,59.96002664890073
flipped_part_004.mp4,1386,0,2,0.0049498830169613,0.7122898737589518,0.0170292889630353,2,0.0049498830169613,0.7122898737589518,59.96002664890073
flipped_part_004.mp4,1387,0,2,0.0049448469226222,0.7125421524047851,0.0189401979799623,2,0.0049448469226222,0.7125421524047851,59.96002664890073
flipped_part_004.mp4,1388,0,2,0.0049261251861268,0.7125524520874024,0.020662604437934,2,0.0049261251861268,0.7125524520874024,59.96002664890073
flipped_part_004.mp4,1389,0,2,0.0049733457890882,0.7124489466349284,0.0230288470232928,2,0.0049733457890882,0.7124489466349284,59.96002664890073
flipped_part_004.mp4,1390,0,2,0.0050204471556612,0.7124141693115235,0.0254026624891493,2,0.0050204471556612,0.7124141693115235,59.96002664890073
flipped_part_004.mp4,1391,0,2,0.0051491872800074,0.7129563013712565,0.0294195669668692,2,0.0051491872800074,0.7129563013712565,59.96002664890073
flipped_part_004.mp4,1392,0,2,0.0051314584517321,0.7127231597900391,0.0322416517469618,2,0.0051314584517321,0.7127231597900391,59.96002664890073
flipped_part_004.mp4,1393,0,2,0.0051423015631735,0.7124525705973307,0.0336623015227141,2,0.0051423015631735,0.7124525705973307,59.96002664890073
flipped_part_004.mp4,1394,0,2,0.0051670290793602,0.7124031702677409,0.0341590033637152,2,0.0051670290793602,0.7124031702677409,59.96002664890073
flipped_part_004.mp4,1395,0,2,0.0052160007626689,0.7124977747599284,0.035632832845052,2,0.0052160007626689,0.7124977747599284,59.96002664890073
flipped_part_004.mp4,1396,0,2,0.005163606303675,0.7120651880900065,0.0366045351381655,2,0.005163606303675,0.7120651880900065,59.96002664890073
flipped_part_004.mp4,1397,0,2,0.0054678009630879,0.7147574106852214,0.039449225531684,2,0.0054678009630879,0.7147574106852214,59.96002664890073
flipped_part_004.mp4,1398,0,2,0.0056645931656627,0.7154167175292969,0.0419257835105613,2,0.0056645931656627,0.7154167175292969,59.96002664890073
flipped_part_004.mp4,1399,0,2,0.0057086070128274,0.7157160441080729,0.0442345230667679,2,0.0057086070128274,0.7157160441080729,59.96002664890073
flipped_part_004.mp4,1400,0,2,0.0057510088375204,0.7159013112386068,0.0472955209237557,2,0.0057510088375204,0.7159013112386068,59.96002664890073
flipped_part_004.mp4,1401,0,2,0.0058846824402981,0.71539732615153,0.0474231013545283,2,0.0058846824402981,0.71539732615153,59.96002664890073
flipped_part_004.mp4,1402,0,2,0.0058841408253647,0.7154748916625977,0.0494830661349826,2,0.0058841408253647,0.7154748916625977,59.96002664890073
flipped_part_004.mp4,1403,0,2,0.0060191159236785,0.7160444895426432,0.0535266169795283,2,0.0060191159236785,0.7160444895426432,59.96002664890073
flipped_part_004.mp4,1404,0,2,0.0059275095747499,0.7158590316772461,0.0556138780381944,2,0.0059275095747499,0.7158590316772461,59.96002664890073
flipped_part_004.mp4,1405,0,2,0.0061474568187259,0.7166229883829752,0.0589784127694589,2,0.0061474568187259,0.7166229883829752,59.96002664890073
flipped_part_004.mp4,1406,0,2,0.0063300356758725,0.716615867614746,0.0652021054868344,2,0.0063300356758725,0.716615867614746,59.96002664890073
flipped_part_004.mp4,1407,0,2,0.0063395587015677,0.7170309066772461,0.0679434599699797,2,0.0063395587015677,0.7170309066772461,59.96002664890073
flipped_part_004.mp4,1408,0,2,0.0063297812249274,0.7177581787109375,0.0680814954969618,2,0.0063297812249274,0.7177581787109375,59.96002664890073
flipped_part_004.mp4,1409,0,2,0.0064340025816043,0.7182121276855469,0.0720362910517939,2,0.0064340025816043,0.7182121276855469,59.96002664890073
flipped_part_004.mp4,1410,0,2,0.0065455695969285,0.718496576944987,0.0794918484157986,2,0.0065455695969285,0.718496576944987,59.96002664890073
flipped_part_004.mp4,1411,0,2,0.0064923709281432,0.7186012268066406,0.0843311451099537,2,0.0064923709281432,0.7186012268066406,59.96002664890073
flipped_part_004.mp4,1412,0,2,0.0065686032187659,0.7191038131713867,0.0876173231336805,2,0.0065686032187659,0.7191038131713867,59.96002664890073
flipped_part_004.mp4,1413,0,2,0.006610819016142,0.7190879821777344,0.0893011022497106,2,0.006610819016142,0.7190879821777344,59.96002664890073
flipped_part_004.mp4,1414,0,2,0.0066735990353562,0.7193522771199544,0.0922426011827256,2,0.0066735990353562,0.7193522771199544,59.96002664890073
flipped_part_004.mp4,1415,0,2,0.0068639171405165,0.7195216496785481,0.0952807956271701,2,0.0068639171405165,0.7195216496785481,59.96002664890073
flipped_part_004.mp4,1416,0,2,0.0069758253579493,0.7198149363199869,0.0997790866427951,2,0.0069758253579493,0.7198149363199869,59.96002664890073
flipped_part_004.mp4,1417,0,2,0.0071218151678503,0.7190069198608399,0.1035138165509259,2,0.0071218151678503,0.7190069198608399,59.96002664890073
flipped_part_004.mp4,1418,0,2,0.0069032583901813,0.7189937591552734,0.1085784346969039,2,0.0069032583901813,0.7189937591552734,59.96002664890073
flipped_part_004.mp4,1419,0,3,0.0072997487032855,0.7201276779174804,0.1098788226092303,3,0.0072997487032855,0.7201276779174804,59.96002664890073
flipped_part_004.mp4,1420,0,2,0.0072970544268415,0.7199590682983399,0.1149749190719039,2,0.0072970544268415,0.7199590682983399,59.96002664890073
flipped_part_004.mp4,1421,0,2,0.0075355564678708,0.7205469131469726,0.1198384602864583,2,0.0075355564678708,0.7205469131469726,59.96002664890073
flipped_part_004.mp4,1422,0,2,0.0075762128812421,0.7204147974650065,0.1234977439597801,2,0.0075762128812421,0.7204147974650065,59.96002664890073
flipped_part_004.mp4,1423,0,2,0.0076329986933786,0.7211917877197266,0.1284146344220196,2,0.0076329986933786,0.7211917877197266,59.96002664890073
flipped_part_004.mp4,1424,0,2,0.0077589954572613,0.7217838287353515,0.1319233647099247,2,0.0077589954572613,0.7217838287353515,59.96002664890073
flipped_part_004.mp4,1425,0,2,0.0076800032902974,0.7214991251627604,0.1373942057291666,2,0.0076800032902974,0.7214991251627604,59.96002664890073
flipped_part_004.mp4,1426,0,2,0.0080063189143159,0.7218994776407878,0.1421396891276041,2,0.0080063189143159,0.7218994776407878,59.96002664890073
flipped_part_004.mp4,1427,0,2,0.0082431585983916,0.7227689743041992,0.1475396050347222,2,0.0082431585983916,0.7227689743041992,59.96002664890073
flipped_part_004.mp4,1428,0,2,0.0083116820799962,0.7232870101928711,0.152039082845052,2,0.0083116820799962,0.7232870101928711,59.96002664890073
flipped_part_004.mp4,1429,0,2,0.0084613766133164,0.7232776006062825,0.156317138671875,2,0.0084613766133164,0.7232776006062825,59.96002664890073
flipped_part_004.mp4,1430,0,2,0.0085123166519527,0.7234015146891276,0.160347267433449,2,0.0085123166519527,0.7234015146891276,59.96002664890073
flipped_part_004.mp4,1431,0,2,0.0086630058138204,0.7238370895385742,0.1654916833948206,2,0.0086630058138204,0.7238370895385742,59.96002664890073
flipped_part_004.mp4,1432,0,2,0.0085887130031672,0.7253185272216797,0.1721053512008102,2,0.0085887130031672,0.7253185272216797,59.96002664890073
flipped_part_004.mp4,1433,0,3,0.0085188234946043,0.7256412506103516,0.177508544921875,2,0.0085188234946043,0.7256412506103516,59.96002664890073
flipped_part_004.mp4,1434,0,2,0.0085223683295124,0.7260078430175781,0.1824626781322338,2,0.0085223683295124,0.7260078430175781,59.96002664890073
flipped_part_004.mp4,1435,0,2,0.0086355366250952,0.7266190846761068,0.1895705046477141,2,0.0086355366250952,0.7266190846761068,59.96002664890073
flipped_part_004.mp4,1436,0,2,0.009055616405288,0.7264778137207031,0.1931552463107639,2,0.009055616405288,0.7264778137207031,59.96002664890073
flipped_part_004.mp4,1437,0,2,0.0092213078905802,0.7273016611735026,0.1977040608723958,2,0.0092213078905802,0.7273016611735026,59.96002664890073
flipped_part_004.mp4,1438,0,3,0.0090225286421762,0.7271320343017578,0.2027030662254051,2,0.0090225286421762,0.7271320343017578,59.96002664890073
flipped_part_004.mp4,1439,0,2,0.0091998005180115,0.7275909423828125,0.2076140792281539,2,0.0091998005180115,0.7275909423828125,59.96002664890073
flipped_part_004.mp4,1440,1,3,0.0092296677113964,0.7274574915568034,0.2152369746455439,3,0.0092296677113964,0.7274574915568034,59.96002664890073
flipped_part_004.mp4,1441,1,2,0.009679972397862,0.727880859375,0.2222596345124421,2,0.009679972397862,0.727880859375,59.96002664890073
flipped_part_004.mp4,1442,1,2,0.009859438277339,0.7281778971354167,0.2278273405852141,2,0.009859438277339,0.7281778971354167,59.96002664890073
flipped_part_004.mp4,1443,1,3,0.009846927485142,0.7283396402994792,0.2320810388635706,3,0.009846927485142,0.7283396402994792,59.96002664890073
flipped_part_004.mp4,1444,1,2,0.0096386374785409,0.7277498245239258,0.2371016890914352,2,0.0096386374785409,0.7277498245239258,59.96002664890073
flipped_part_004.mp4,1445,1,2,0.0098793531447235,0.7280789057413737,0.2418600576895254,2,0.0098793531447235,0.7280789057413737,59.96002664890073
flipped_part_004.mp4,1446,1,2,0.0100078478319294,0.7282313028971354,0.2477160418475116,2,0.0100078478319294,0.7282313028971354,59.96002664890073
flipped_part_004.mp4,1447,1,2,0.0103720364447023,0.7287743250528972,0.2552584612811053,2,0.0103720364447023,0.7287743250528972,59.96002664890073
flipped_part_004.mp4,1448,1,2,0.0106375643358721,0.7293943405151367,0.2619384765625,2,0.0106375643358721,0.7293943405151367,59.96002664890073
flipped_part_004.mp4,1449,1,2,0.0109039413363401,0.7309672037760416,0.2667783949110243,2,0.0109039413363401,0.7309672037760416,59.96002664890073
flipped_part_004.mp4,1450,1,2,0.0109457468575823,0.7308270136515299,0.2709937201605902,2,0.0109457468575823,0.7308270136515299,59.96002664890073
flipped_part_004.mp4,1451,1,2,0.011262811817869,0.7316836039225261,0.2760988023546007,2,0.011262811817869,0.7316836039225261,59.96002664890073
flipped_part_004.mp4,1452,1,2,0.0115745738695841,0.7322404861450196,0.2809748331705729,2,0.0115745738695841,0.7322404861450196,59.96002664890073
flipped_part_004.mp4,1453,1,3,0.0115748306683963,0.7325048446655273,0.2893157958984375,3,0.0115748306683963,0.7325048446655273,59.96002664890073
flipped_part_004.mp4,1454,1,2,0.0119756463587206,0.732481575012207,0.2963021172417535,2,0.0119756463587206,0.732481575012207,59.96002664890073
flipped_part_004.mp4,1455,1,3,0.0118148709288733,0.7333042780558269,0.300465167010272,3,0.0118148709288733,0.7333042780558269,59.96002664890073
flipped_part_004.mp4,1456,1,2,0.0121368147352606,0.7345138549804687,0.3027197378653067,2,0.0121368147352606,0.7345138549804687,59.96002664890073
flipped_part_004.mp4,1457,1,3,0.0123203833866864,0.7336790084838867,0.3091930813259548,3,0.0123203833866864,0.7336790084838867,59.96002664890073
flipped_part_004.mp4,1458,1,3,0.0121272450737025,0.7339710871378581,0.3158087271231192,3,0.0121272450737025,0.7339710871378581,59.96002664890073
flipped_part_004.mp4,1459,1,3,0.0124961512698791,0.7348890940348307,0.3228444417317708,3,0.0124961512698791,0.7348890940348307,59.96002664890073
flipped_part_004.mp4,1460,1,2,0.0130545972480386,0.7359176635742187,0.3302585177951389,2,0.0130545972480386,0.7359176635742187,59.96002664890073
flipped_part_004.mp4,1461,1,2,0.0133637577916185,0.7372702916463216,0.3361863878038194,2,0.0133637577916185,0.7372702916463216,59.96002664890073
flipped_part_004.mp4,1462,1,3,0.0135860349532837,0.7379375457763672,0.3397821497034143,2,0.0135860349532837,0.7379375457763672,59.96002664890073
flipped_part_004.mp4,1463,1,3,0.0136831015666636,0.7378269831339518,0.3474254466869212,2,0.0136831015666636,0.7378269831339518,59.96002664890073
flipped_part_004.mp4,1464,1,4,0.0138145994965452,0.7383317947387695,0.3523031729239004,3,0.0138145994965452,0.7383317947387695,59.96002664890073
flipped_part_004.mp4,1465,1,4,0.0144233260953721,0.7396114349365235,0.3587225454824942,3,0.0144233260953721,0.7396114349365235,59.96002664890073
flipped_part_004.mp4,1466,1,3,0.0145738001511846,0.739986801147461,0.3648552788628472,2,0.0145738001511846,0.739986801147461,59.96002664890073
flipped_part_004.mp4,1467,1,4,0.0149635958683319,0.998859977722168,0.9239074141890914,2,0.01471060975569,0.7410743077596028,59.96002664890073
flipped_part_004.mp4,1468,1,3,0.0148771265506123,0.7415791193644206,0.3745625813802083,2,0.0148771265506123,0.7415791193644206,59.96002664890073
flipped_part_004.mp4,1469,1,4,0.0282135084255908,0.9993324915568034,0.8818366156684028,2,0.0153962858736459,0.7424251556396484,59.96002664890073
flipped_part_004.mp4,1470,1,3,0.0332615800808546,0.9994491577148438,0.8635654025607639,2,0.015811396410928,0.7428247451782226,59.96002664890073
flipped_part_004.mp4,1471,1,4,0.0385834993811663,0.999380111694336,0.8436078106915509,3,0.0161964188402311,0.7430561701456706,59.96002664890073
flipped_part_004.mp4,1472,1,3,0.0434004234934346,0.9992120742797852,0.8261731183087384,2,0.0163191704000281,0.7441068649291992,59.96002664890073
flipped_part_004.mp4,1473,1,4,0.0487672945374894,0.9993963877360026,0.808965555826823,2,0.0168873114307643,0.7451775232950847,59.96002664890073
flipped_part_004.mp4,1474,1,4,0.0534634391012325,0.9994983673095704,0.7943054764359085,2,0.0172536473912704,0.7458415985107422,59.96002664890073
flipped_part_004.mp4,1475,1,4,0.059022395025887,0.999418830871582,0.7786939832899306,3,0.0177826718978273,0.7471190134684245,59.96002664890073
flipped_part_004.mp4,1476,1,5,0.0641934065993323,0.9994707743326824,0.7652237503616898,3,0.0179601275223992,0.7473477045694987,59.96002664890073
flipped_part_004.mp4,1477,1,3,0.0689433737837761,0.9992895126342772,0.7536631831416377,2,0.0182107193950839,0.7472127914428711,59.96002664890073
flipped_part_004.mp4,1478,1,3,0.0744324694742034,0.9977941513061525,0.7400458441840277,2,0.0182599861361517,0.7468530654907226,59.96002664890073
flipped_part_004.mp4,1479,1,3,0.0783680892292658,0.99937744140625,0.7288198400426794,2,0.018364571947572,0.7468079884847005,59.96002664890073
flipped_part_004.mp4,1480,1,3,0.083717397822859,0.9979427337646484,0.715346837926794,2,0.0184086576701331,0.7458648045857748,59.96002664890073
flipped_part_004.mp4,1481,1,3,0.0877431448766879,0.9986064910888672,0.7066140068901909,2,0.0188285009384465,0.7455794016520182,59.96002664890073
flipped_part_004.mp4,1482,1,3,0.0916259093638897,0.9983341852823894,0.6942060682508681,2,0.0186782739839206,0.7447719573974609,59.96002664890073
flipped_part_004.mp4,1483,1,3,0.0950101608883145,0.9980012893676756,0.6876894915545428,2,0.0175458426553652,0.7447882334391276,59.96002664890073
flipped_part_004.mp4,1484,1,3,0.0991532118233024,0.997959327697754,0.6759153578016494,2,0.0164131530133696,0.7424631754557292,59.96002664890073
flipped_part_004.mp4,1485,1,3,0.1021250215713272,0.998150634765625,0.6688862553349247,2,0.0156149495097795,0.7390799204508464,59.96002664890073
flipped_part_004.mp4,1486,1,3,0.1059785036370158,0.9991857528686524,0.6582655164930555,2,0.0148459997712375,0.7375507354736328,59.96002664890073
flipped_part_004.mp4,1487,1,3,0.1097211110263985,0.9991241455078124,0.6497428046332465,2,0.0128234427392211,0.7348789850870768,59.96002664890073
flipped_part_004.mp4,1488,1,3,0.112841586111398,0.999126434326172,0.6438014842845775,2,0.0128599488662762,0.7340616226196289,59.96002664890073
flipped_part_004.mp4,1489,1,3,0.1161588532003332,0.9992412567138672,0.6306351273148149,2,0.0125736244033194,0.7327198028564453,59.96002664890073
flipped_part_004.mp4,1490,1,3,0.1178560235568848,0.9988925933837892,0.6283825909649884,2,0.0132965540287033,0.73251953125,59.96002664890073
flipped_part_004.mp4,1491,1,3,0.1196305359081856,0.9990554809570312,0.6228954739040798,2,0.013501268984918,0.7337456385294596,59.96002664890073
flipped_part_004.mp4,1492,1,3,0.1237423385749571,0.9985773086547852,0.6140804714626736,2,0.0119094323482002,0.7352377573649088,59.96002664890073
flipped_part_004.mp4,1493,1,3,0.1259777981615632,0.9990209579467774,0.6055314240632234,2,0.0109839143769931,0.730990473429362,59.96002664890073
flipped_part_004.mp4,1494,1,3,0.1271802229690365,0.9991037368774414,0.5999365912543403,3,0.1271802229690365,0.9991037368774414,59.96002664890073
flipped_part_004.mp4,1495,1,3,0.1295629765631424,0.9992414474487304,0.5949630172164352,3,0.1295629765631424,0.9992414474487304,59.96002664890073
flipped_part_004.mp4,1496,1,3,0.1323834017248979,0.9994211832682292,0.5896230061848958,3,0.1323834017248979,0.9994211832682292,59.96002664890073
flipped_part_004.mp4,1497,1,2,0.1346512593469082,0.9993385314941406,0.5834676106770833,2,0.1346512593469082,0.9993385314941406,59.96002664890073
flipped_part_004.mp4,1498,1,2,0.1568176762189035,0.9997451782226564,0.517873693395544,2,0.1568176762189035,0.9997451782226564,59.96002664890073
flipped_part_004.mp4,1499,1,2,0.1624101841152878,1.0,0.4997711181640625,2,0.1624101841152878,1.0,59.96002664890073
flipped_part_004.mp4,1500,0,3,0.1637998331861173,1.0,0.4939870763708044,3,0.1637998331861173,1.0,59.96002664890073
flipped_part_004.mp4,1501,0,3,0.1682673930837255,1.0,0.4810316297743056,3,0.1682673930837255,1.0,59.96002664890073
flipped_part_004.mp4,1502,0,3,0.1735210737545922,1.0,0.4667551676432291,3,0.1735210737545922,1.0,59.96002664890073
flipped_part_004.mp4,1503,0,3,0.1797482584504896,0.9992538452148436,0.4469836199725115,3,0.1797482584504896,0.9992538452148436,59.96002664890073
flipped_part_004.mp4,1504,0,2,0.1793741533899447,0.999883270263672,0.4479324340820312,2,0.1793741533899447,0.999883270263672,59.96002664890073
flipped_part_004.mp4,1505,0,2,0.1703243090771138,0.9998668670654296,0.4745668764467592,2,0.1703243090771138,0.9998668670654296,59.96002664890073
flipped_part_004.mp4,1506,0,3,0.1582724825776596,1.0,0.5138556586371528,3,0.1582724825776596,1.0,59.96002664890073
flipped_part_004.mp4,1507,0,2,0.1623259364976547,0.9993667602539062,0.5042012532552084,2,0.1623259364976547,0.9993667602539062,59.96002664890073
flipped_part_004.mp4,1508,0,2,0.1550466300963307,0.999638557434082,0.5254519427264178,2,0.1550466300963307,0.999638557434082,59.96002664890073
flipped_part_004.mp4,1509,0,2,0.1580754465376311,0.999623743693034,0.5178961294668692,2,0.1580754465376311,0.999623743693034,59.96002664890073
flipped_part_004.mp4,1510,0,2,0.1594988547121088,0.9996967315673828,0.5149242259837963,2,0.1594988547121088,0.9996967315673828,59.96002664890073
flipped_part_004.mp4,1511,0,2,0.1604297669867972,0.9995447158813476,0.510539471661603,2,0.1604297669867972,0.9995447158813476,59.96002664890073
flipped_part_004.mp4,1512,0,2,0.1643780569882235,0.9996698379516602,0.5020547372323495,2,0.1643780569882235,0.9996698379516602,59.96002664890073
flipped_part_004.mp4,1513,0,2,0.17293743584346,0.999941062927246,0.4754510385018808,2,0.17293743584346,0.999941062927246,59.96002664890073
flipped_part_004.mp4,1514,0,2,0.1694008089056781,0.9993408203125,0.4850170559353298,2,0.1694008089056781,0.9993408203125,59.96002664890073
flipped_part_004.mp4,1515,0,2,0.1711509011697921,0.999662971496582,0.4815567581741898,2,0.1711509011697921,0.999662971496582,59.96002664890073
flipped_part_004.mp4,1516,0,2,0.1688222694217175,0.9995882034301756,0.4885821872287326,2,0.1688222694217175,0.9995882034301756,59.96002664890073
flipped_part_004.mp4,1517,0,2,0.1704920976059252,0.9996607462565104,0.4826317116066261,2,0.1704920976059252,0.9996607462565104,59.96002664890073
flipped_part_004.mp4,1518,0,2,0.1703024015311341,0.9993106842041016,0.4836354008427372,2,0.1703024015311341,0.9993106842041016,59.96002664890073
flipped_part_004.mp4,1519,0,2,0.1713739451627501,0.9993733088175456,0.48007162588614,2,0.1713739451627501,0.9993733088175456,59.96002664890073
flipped_part_004.mp4,1520,0,2,0.1727843483111226,0.9994248072306317,0.475211023401331,2,0.1727843483111226,0.9994248072306317,59.96002664890073
flipped_part_004.mp4,1521,0,3,0.1753398188158516,0.9995204925537108,0.469852136682581,3,0.1753398188158516,0.9995204925537108,59.96002664890073
flipped_part_004.mp4,1522,0,2,0.1757629297607733,0.999496841430664,0.4682154337565104,2,0.1757629297607733,0.999496841430664,59.96002664890073
flipped_part_004.mp4,1523,0,2,0.185407850972034,0.999791145324707,0.4417523136845341,2,0.185407850972034,0.999791145324707,59.96002664890073
flipped_part_004.mp4,1524,0,3,0.1815981502738317,0.9997360229492188,0.4526000411422164,3,0.1815981502738317,0.9997360229492188,59.96002664890073
flipped_part_004.mp4,1525,0,3,0.1819433402073466,0.999827257792155,0.4517321551287616,3,0.1819433402073466,0.999827257792155,59.96002664890073
flipped_part_004.mp4,1526,0,4,0.1852317143777866,0.9998811721801758,0.4417989377622251,3,0.1852317143777866,0.9998811721801758,59.96002664890073
flipped_part_004.mp4,1527,0,4,0.1834484016617083,0.9998146057128906,0.4479565090603298,3,0.1834484016617083,0.9998146057128906,59.96002664890073
flipped_part_004.mp4,1528,0,4,0.182685606504092,0.9997692108154296,0.4492808024088541,3,0.182685606504092,0.9997692108154296,59.96002664890073
flipped_part_004.mp4,1529,0,4,0.1827971744496608,0.9993097305297852,0.4483964142975983,3,0.1827971744496608,0.9993097305297852,59.96002664890073
flipped_part_004.mp4,1530,0,5,0.179730151761086,0.9910566329956054,0.4450427020037615,4,0.179730151761086,0.9910566329956054,59.96002664890073
flipped_part_004.mp4,1531,0,5,0.1726932292499394,0.9773356119791666,0.44346273916739,4,0.1726932292499394,0.9773356119791666,59.96002664890073
flipped_part_004.mp4,1532,0,5,0.1677984922565519,0.9685333887736004,0.4429835284197772,4,0.1677984922565519,0.9685333887736004,59.96002664890073
flipped_part_004.mp4,1533,0,5,0.1627924704994272,0.9590463638305664,0.4408584312156394,4,0.1627924704994272,0.9590463638305664,59.96002664890073
flipped_part_004.mp4,1534,0,5,0.1594006982579594,0.9500033060709636,0.4369842529296875,4,0.1594006982579594,0.9500033060709636,59.96002664890073
flipped_part_004.mp4,1535,0,5,0.1557105839124415,0.9417715072631836,0.4318583170572916,4,0.1557105839124415,0.9417715072631836,59.96002664890073
flipped_part_004.mp4,1536,0,5,0.1508618981023405,0.9321672439575196,0.4333290382667824,4,0.1508618981023405,0.9321672439575196,59.96002664890073
flipped_part_004.mp4,1537,0,5,0.1472913665658065,0.9252447764078776,0.4306367662217882,4,0.1472913665658065,0.9252447764078776,59.96002664890073
flipped_part_004.mp4,1538,0,3,0.1450658630808193,0.9182767868041992,0.4256289446795428,2,0.1450658630808193,0.9182767868041992,59.96002664890073
flipped_part_004.mp4,1539,0,4,0.141881162914926,0.9123812357584636,0.4209118313259549,3,0.141881162914926,0.9123812357584636,59.96002664890073
flipped_part_004.mp4,1540,0,3,0.1388894296385115,0.9064366022745768,0.4195104810926649,2,0.1388894296385115,0.9064366022745768,59.96002664890073
flipped_part_004.mp4,1541,0,3,0.1348033887109314,0.8987115859985352,0.4181299845377604,2,0.1348033887109314,0.8987115859985352,59.96002664890073
flipped_part_004.mp4,1542,0,4,0.131596407760064,0.8943251291910808,0.4151589852792245,2,0.131596407760064,0.8943251291910808,59.96002664890073
flipped_part_004.mp4,1543,0,4,0.1230874268569477,0.8863213221232097,0.3953244809751157,2,0.1230874268569477,0.8863213221232097,59.96002664890073
flipped_part_004.mp4,1544,0,4,0.1187552249404338,0.8805597305297852,0.3823452702275029,2,0.1187552249404338,0.8805597305297852,59.96002664890073
flipped_part_004.mp4,1545,0,5,0.11446310451327,0.8757343928019206,0.3724608527289496,4,0.11446310451327,0.8757343928019206,59.96002664890073
flipped_part_004.mp4,1546,0,4,0.109689721169432,0.8712059656778971,0.3530522381817853,3,0.109689721169432,0.8712059656778971,59.96002664890073
flipped_part_004.mp4,1547,0,4,0.1053137400977146,0.8666061401367188,0.3358284561722366,3,0.1053137400977146,0.8666061401367188,59.96002664890073
flipped_part_004.mp4,1548,0,4,0.1012727540589953,0.8622271219889323,0.3231807850025318,3,0.1012727540589953,0.8622271219889323,59.96002664890073
flipped_part_004.mp4,1549,0,5,0.0971247903082985,0.8574359893798829,0.3099748399522569,4,0.0971247903082985,0.8574359893798829,59.96002664890073
flipped_part_004.mp4,1550,0,5,0.0948561658219356,0.8545965194702149,0.3002695719401042,4,0.0948561658219356,0.8545965194702149,59.96002664890073
flipped_part_004.mp4,1551,0,5,0.0906391491065733,0.8502138773600261,0.2862543741861979,4,0.0906391491065733,0.8502138773600261,59.96002664890073
flipped_part_004.mp4,1552,0,5,0.0870504327928561,0.8466848373413086,0.2726752387152777,4,0.0870504327928561,0.8466848373413086,59.96002664890073
flipped_part_004.mp4,1553,0,5,0.0827454133958334,0.8439567565917969,0.2580651742440683,4,0.0827454133958334,0.8439567565917969,59.96002664890073
flipped_part_004.mp4,1554,0,5,0.0805106205162883,0.8416833877563477,0.2494633709942853,4,0.0805106205162883,0.8416833877563477,59.96002664890073
flipped_part_004.mp4,1555,0,5,0.0786063664271043,0.8405750274658204,0.2378270467122396,3,0.0786063664271043,0.8405750274658204,59.96002664890073
flipped_part_004.mp4,1556,0,4,0.0759113519031692,0.8363691965738932,0.2278851544415509,3,0.0759113519031692,0.8363691965738932,59.96002664890073
flipped_part_004.mp4,1557,0,3,0.0727717439468445,0.832247797648112,0.2201086256239149,2,0.0727717439468445,0.832247797648112,59.96002664890073
flipped_part_004.mp4,1558,0,3,0.0697765092011023,0.8276316324869791,0.2085517035590277,2,0.0697765092011023,0.8276316324869791,59.96002664890073
flipped_part_004.mp4,1559,0,4,0.0676797000772354,0.8252660751342773,0.1991534762912326,3,0.0676797000772354,0.8252660751342773,59.96002664890073
flipped_part_004.mp4,1560,1,4,0.0654984022397548,0.8232683181762696,0.1860936482747396,3,0.0654984022397548,0.8232683181762696,59.96002664890073
flipped_part_004.mp4,1561,1,3,0.064041628166063,0.8197107315063477,0.1800248887803819,3,0.064041628166063,0.8197107315063477,59.96002664890073
flipped_part_004.mp4,1562,1,3,0.0618649269947113,0.8182571411132813,0.1671772992169415,3,0.0618649269947113,0.8182571411132813,59.96002664890073
flipped_part_004.mp4,1563,1,2,0.0592372380581218,0.8149606704711914,0.1584316677517361,2,0.0592372380581218,0.8149606704711914,59.96002664890073
flipped_part_004.mp4,1564,1,2,0.0578984835405652,0.8133087793986002,0.1492671542697482,2,0.0578984835405652,0.8133087793986002,59.96002664890073
flipped_part_004.mp4,1565,1,2,0.0559950823669054,0.8105260848999023,0.1414991590711805,2,0.0559950823669054,0.8105260848999023,59.96002664890073
flipped_part_004.mp4,1566,1,2,0.0547959014216299,0.8094395319620769,0.1335604349772135,2,0.0547959014216299,0.8094395319620769,59.96002664890073
flipped_part_004.mp4,1567,1,2,0.0530689877554929,0.8074671427408854,0.1252688937717014,2,0.0530689877554929,0.8074671427408854,59.96002664890073
flipped_part_004.mp4,1568,1,2,0.0515735892825371,0.8054318110148112,0.1178371005588107,2,0.0515735892825371,0.8054318110148112,59.96002664890073
flipped_part_004.mp4,1569,1,2,0.0502783574193826,0.8041164398193359,0.1106792591236255,2,0.0502783574193826,0.8041164398193359,59.96002664890073
flipped_part_004.mp4,1570,1,2,0.0484576688549714,0.8019890467325846,0.1026440090603298,2,0.0484576688549714,0.8019890467325846,59.96002664890073
flipped_part_004.mp4,1571,1,2,0.047297291756641,0.7995321909586589,0.099463144938151,2,0.047297291756641,0.7995321909586589,59.96002664890073
flipped_part_004.mp4,1572,1,3,0.0466922497690689,0.7996514002482097,0.0917046440972222,3,0.0466922497690689,0.7996514002482097,59.96002664890073
flipped_part_004.mp4,1573,1,1,0.0459331942000749,0.7985410690307617,0.0862364027235243,1,0.0459331942000749,0.7985410690307617,59.96002664890073
flipped_part_004.mp4,1574,1,2,0.0446644990214715,0.7963202158610027,0.0785760667588975,1,0.0446644990214715,0.7963202158610027,59.96002664890073
flipped_part_004.mp4,1575,1,1,0.0434299406019092,0.7928740183512369,0.0688113459834346,1,0.0434299406019092,0.7928740183512369,59.96002664890073
flipped_part_004.mp4,1576,1,2,0.0433535175970906,0.792475700378418,0.0680606135615596,2,0.0433535175970906,0.792475700378418,59.96002664890073
flipped_part_004.mp4,1577,1,2,0.0420099657386944,0.7908821105957031,0.0630644904242621,2,0.0420099657386944,0.7908821105957031,59.96002664890073
flipped_part_004.mp4,1578,1,2,0.0409443022523191,0.7887423197428386,0.0554200914171006,2,0.0409443022523191,0.7887423197428386,59.96002664890073
flipped_part_004.mp4,1579,1,2,0.0406817590962681,0.7887177149454753,0.0465072631835937,2,0.0406817590962681,0.7887177149454753,59.96002664890073
flipped_part_004.mp4,1580,1,2,0.0393585468976137,0.7857574462890625,0.0426250881618923,2,0.0393585468976137,0.7857574462890625,59.96002664890073
flipped_part_004.mp4,1581,1,2,0.037433305771297,0.7827335993448893,0.0380143907335069,2,0.037433305771297,0.7827335993448893,59.96002664890073
flipped_part_004.mp4,1582,1,3,0.0479092688259832,1.0,0.850332189489294,2,0.0371030785209667,0.7828842798868815,59.96002664890073
flipped_part_004.mp4,1583,1,3,0.0553489097930853,0.9993356704711914,0.8318919994212963,2,0.0368262486379804,0.7823627471923829,59.96002664890073
flipped_part_004.mp4,1584,1,3,0.0628349777807792,0.9998554229736328,0.8161890665690105,2,0.0354426903913626,0.7797599792480469,59.96002664890073
flipped_part_004.mp4,1585,1,3,0.0677885855828199,1.0,0.7980030201099537,2,0.0346636800278415,0.7777484893798828,59.96002664890073
flipped_part_004.mp4,1586,1,3,0.0735707354789418,0.9979799270629884,0.7836971706814236,2,0.0339818068300761,0.7765179316202799,59.96002664890073
flipped_part_004.mp4,1587,1,3,0.0789528086055846,0.9979278564453123,0.7724837691695602,2,0.0334416262993666,0.7760320663452148,59.96002664890073
flipped_part_004.mp4,1588,1,3,0.0860742050818064,0.997516695658366,0.7576388888888889,2,0.0329864127804628,0.7750599543253581,59.96002664890073
flipped_part_004.mp4,1589,1,3,0.0925987865379041,0.997834841410319,0.7430977715386284,2,0.0326881708159904,0.7757575988769532,59.96002664890073
flipped_part_004.mp4,1590,1,3,0.0966227733743855,0.9976455688476562,0.7336571022316262,2,0.03124036988689,0.7719682693481446,59.96002664890073
flipped_part_004.mp4,1591,1,3,0.1020675932507772,0.9980552673339844,0.7191491586190683,2,0.0305672429684717,0.7710376739501953,59.96002664890073
flipped_part_004.mp4,1592,1,3,0.1062033645915626,0.999516487121582,0.7060571741174768,2,0.0299021950341602,0.7693107604980469,59.96002664890073
flipped_part_004.mp4,1593,1,3,0.1096546689371785,0.9998179117838542,0.696337890625,2,0.0294601930031785,0.7691335678100586,59.96002664890073
flipped_part_004.mp4,1594,1,3,0.1133760961145162,0.9987730026245116,0.6856730143229167,2,0.02813604086105,0.7640419642130534,59.96002664890073
flipped_part_004.mp4,1595,1,3,0.117466703071841,0.99915828704834,0.6776438395182292,2,0.0274805924930842,0.7636391321818033,59.96002664890073
flipped_part_004.mp4,1596,1,4,0.1210602198324286,0.9991817474365234,0.6664712976526331,2,0.027058198913119,0.7631223678588868,59.96002664890073
flipped_part_004.mp4,1597,1,4,0.1241277094652522,0.999070167541504,0.6585913198965567,2,0.0269588280854643,0.7625313440958659,59.96002664890073
flipped_part_004.mp4,1598,1,3,0.1276261343628586,0.9991299311319988,0.649624577275029,2,0.02677048186162,0.7615166346232096,59.96002664890073
flipped_part_004.mp4,1599,1,3,0.1304444967492168,0.99911314646403,0.6417998702437789,2,0.0256181389221384,0.7600898742675781,59.96002664890073
flipped_part_004.mp4,1600,1,3,0.1328475535430738,0.99896240234375,0.6352225974754051,2,0.0260191859650917,0.7601390838623047,59.96002664890073
flipped_part_004.mp4,1601,1,3,0.1363341634262017,0.9996740341186524,0.6286163330078125,2,0.0248021494734397,0.7578909556070964,59.96002664890073
flipped_part_004.mp4,1602,1,3,0.1384041223890596,0.9988910675048828,0.6225036055953415,2,0.0246017020450542,0.758334223429362,59.96002664890073
flipped_part_004.mp4,1603,1,3,0.1409666542927475,0.9989168167114256,0.6138996265552662,2,0.0242491429789354,0.7568367004394532,59.96002664890073
flipped_part_004.mp4,1604,1,3,0.1438486607265399,0.99902712504069,0.6054767184787326,2,0.023681797740119,0.7562980651855469,59.96002664890073
flipped_part_004.mp4,1605,1,3,0.1451169324692131,0.998280143737793,0.5995424623842592,3,0.1451169324692131,0.998280143737793,59.96002664890073
flipped_part_004.mp4,1606,1,3,0.14631105135629,0.9982063293457032,0.5959436487268519,3,0.14631105135629,0.9982063293457032,59.96002664890073
flipped_part_004.mp4,1607,1,3,0.149977310828981,0.9982603073120118,0.5870991459599247,3,0.149977310828981,0.9982603073120118,59.96002664890073
flipped_part_004.mp4,1608,1,3,0.152761542877814,0.998684310913086,0.5814912584092882,3,0.152761542877814,0.998684310913086,59.96002664890073
flipped_part_004.mp4,1609,1,3,0.1542775012552738,0.9985675811767578,0.5769486038773148,3,0.1542775012552738,0.9985675811767578,59.96002664890073
flipped_part_004.mp4,1610,1,3,0.1556980568863003,0.9979490915934244,0.5722535309968171,3,0.1556980568863003,0.9979490915934244,59.96002664890073
flipped_part_004.mp4,1611,1,3,0.1591091571403969,0.9987181345621744,0.5631867020218461,3,0.1591091571403969,0.9987181345621744,59.96002664890073
flipped_part_004.mp4,1612,1,3,0.1603081032067047,0.9990068435668944,0.5588066383644387,3,0.1603081032067047,0.9990068435668944,59.96002664890073
flipped_part_004.mp4,1613,1,3,0.1616578447580751,0.9987005233764648,0.5544908311631944,3,0.1616578447580751,0.9987005233764648,59.96002664890073
flipped_part_004.mp4,1614,1,3,0.1612083576234808,0.9978923797607422,0.5504353276005498,3,0.1612083576234808,0.9978923797607422,59.96002664890073
flipped_part_004.mp4,1615,1,3,0.1636221064496311,0.9980182647705078,0.5445218686704283,3,0.1636221064496311,0.9980182647705078,59.96002664890073
flipped_part_004.mp4,1616,1,3,0.1651143246635587,0.998373794555664,0.5408035278320312,3,0.1651143246635587,0.998373794555664,59.96002664890073
flipped_part_004.mp4,1617,1,3,0.1650889009271244,0.9964040756225586,0.5359508938259548,3,0.1650889009271244,0.9964040756225586,59.96002664890073
flipped_part_004.mp4,1618,1,3,0.1664320589678633,0.9982213973999025,0.5324089332863137,3,0.1664320589678633,0.9982213973999025,59.96002664890073
flipped_part_004.mp4,1619,1,3,0.167446310595842,0.997944450378418,0.5295405635127315,3,0.167446310595842,0.997944450378418,59.96002664890073
flipped_part_004.mp4,1620,0,3,0.1691130872326687,0.9983537673950196,0.5253074928566261,3,0.1691130872326687,0.9983537673950196,59.96002664890073
flipped_part_004.mp4,1621,0,2,0.1715879060401844,0.999157969156901,0.5224534211335359,2,0.1715879060401844,0.999157969156901,59.96002664890073
flipped_part_004.mp4,1622,0,2,0.1731351423204048,0.9992816925048827,0.5172500610351562,2,0.1731351423204048,0.9992816925048827,59.96002664890073
flipped_part_004.mp4,1623,0,2,0.1740685196829468,0.9993677139282228,0.5137526900679977,2,0.1740685196829468,0.9993677139282228,59.96002664890073
flipped_part_004.mp4,1624,0,2,0.1747795035369028,0.9988340377807616,0.5111005429868345,2,0.1747795035369028,0.9988340377807616,59.96002664890073
flipped_part_004.mp4,1625,0,2,0.1750487551951664,0.99925963083903,0.5096925523546006,2,0.1750487551951664,0.99925963083903,59.96002664890073
flipped_part_004.mp4,1626,0,2,0.1758843650649457,0.9992477416992188,0.5091874299225984,2,0.1758843650649457,0.9992477416992188,59.96002664890073
flipped_part_004.mp4,1627,0,2,0.1769112626175154,0.9975675582885742,0.5028029830367476,2,0.1769112626175154,0.9975675582885742,59.96002664890073
flipped_part_004.mp4,1628,0,3,0.1793199069655707,0.9985475540161132,0.4988337764033564,3,0.1793199069655707,0.9985475540161132,59.96002664890073
flipped_part_004.mp4,1629,0,3,0.179057309091505,0.9987564086914062,0.4983370180483217,3,0.179057309091505,0.9987564086914062,59.96002664890073
flipped_part_004.mp4,1630,0,3,0.1793977544722212,0.9990589141845704,0.4962844848632812,3,0.1793977544722212,0.9990589141845704,59.96002664890073
flipped_part_004.mp4,1631,0,2,0.1807256047642807,0.99929625193278,0.4932204635054977,2,0.1807256047642807,0.99929625193278,59.96002664890073
flipped_part_004.mp4,1632,0,2,0.1816473088619898,0.9989944458007812,0.4902042530201099,2,0.1816473088619898,0.9989944458007812,59.96002664890073
flipped_part_004.mp4,1633,0,2,0.1828968339596219,0.9993495941162108,0.4877586082175926,2,0.1828968339596219,0.9993495941162108,59.96002664890073
flipped_part_004.mp4,1634,0,2,0.1842233849715234,0.999166742960612,0.4836127387152777,2,0.1842233849715234,0.999166742960612,59.96002664890073
flipped_part_004.mp4,1635,0,2,0.1847781752589637,0.9992365519205728,0.480932221589265,2,0.1847781752589637,0.9992365519205728,59.96002664890073
flipped_part_004.mp4,1636,0,2,0.1855002085354903,0.9987810770670572,0.4801059864185474,2,0.1855002085354903,0.9987810770670572,59.96002664890073
flipped_part_004.mp4,1637,0,2,0.1806025476335586,0.9884742736816406,0.4782621595594618,2,0.1806025476335586,0.9884742736816406,59.96002664890073
flipped_part_004.mp4,1638,0,2,0.1769438950943057,0.9788610458374024,0.4751840662073206,2,0.1769438950943057,0.9788610458374024,59.96002664890073
flipped_part_004.mp4,1639,0,2,0.1711934852304855,0.9683185577392578,0.4735937330457899,2,0.1711934852304855,0.9683185577392578,59.96002664890073
flipped_part_004.mp4,1640,0,2,0.1678431559766371,0.9599737803141276,0.4695714314778645,2,0.1678431559766371,0.9599737803141276,59.96002664890073
flipped_part_004.mp4,1641,0,2,0.1637895366907954,0.9508407592773438,0.4653092278374566,2,0.1637895366907954,0.9508407592773438,59.96002664890073
flipped_part_004.mp4,1642,0,2,0.1600184940346419,0.9440733591715494,0.4653619554307726,2,0.1600184940346419,0.9440733591715494,59.96002664890073
flipped_part_004.mp4,1643,0,2,0.1556397210986081,0.9358107248942056,0.4646377563476562,2,0.1556397210986081,0.9358107248942056,59.96002664890073
flipped_part_004.mp4,1644,0,2,0.1518265225599235,0.9289100646972656,0.462489997016059,2,0.1518265225599235,0.9289100646972656,59.96002664890073
flipped_part_004.mp4,1645,0,2,0.1487443823606655,0.9222812652587892,0.4609575059678819,2,0.1487443823606655,0.9222812652587892,59.96002664890073
flipped_part_004.mp4,1646,0,2,0.146001569857062,0.9150734583536784,0.4592029147677951,2,0.146001569857062,0.9150734583536784,59.96002664890073
flipped_part_004.mp4,1647,0,2,0.1428444045372479,0.9092533747355144,0.4581119113498264,2,0.1428444045372479,0.9092533747355144,59.96002664890073
flipped_part_004.mp4,1648,0,3,0.1401364526471459,0.9038782119750975,0.4564874719690393,2,0.1401364526471459,0.9038782119750975,59.96002664890073
flipped_part_004.mp4,1649,0,2,0.1359254793974105,0.8971548716227213,0.4542560718677662,2,0.1359254793974105,0.8971548716227213,59.96002664890073
flipped_part_004.mp4,1650,0,2,0.1341043850047087,0.893313980102539,0.4528008072464554,2,0.1341043850047087,0.893313980102539,59.96002664890073
flipped_part_004.mp4,1651,0,3,0.132391206502895,0.8896481196085612,0.4519574483235677,2,0.132391206502895,0.8896481196085612,59.96002664890073
flipped_part_004.mp4,1652,0,3,0.1300177748760217,0.8849937438964843,0.449869226526331,2,0.1300177748760217,0.8849937438964843,59.96002664890073
flipped_part_004.mp4,1653,0,2,0.127342945159843,0.8804250717163086,0.4478385925292968,2,0.127342945159843,0.8804250717163086,59.96002664890073
flipped_part_004.mp4,1654,0,2,0.1254670875382151,0.8759431838989258,0.4459553753888166,2,0.1254670875382151,0.8759431838989258,59.96002664890073
flipped_part_004.mp4,1655,0,2,0.1234524262964906,0.8716497421264648,0.4445046884042245,2,0.1234524262964906,0.8716497421264648,59.96002664890073
flipped_part_004.mp4,1656,0,2,0.1202757314282482,0.8664961496988932,0.4393008196795428,2,0.1202757314282482,0.8664961496988932,59.96002664890073
flipped_part_004.mp4,1657,0,2,0.1183662626233934,0.8655750274658203,0.4362953468605324,2,0.1183662626233934,0.8655750274658203,59.96002664890073
flipped_part_004.mp4,1658,0,2,0.1144655243872182,0.8626703262329102,0.4235618308738426,2,0.1144655243872182,0.8626703262329102,59.96002664890073
flipped_part_004.mp4,1659,0,2,0.1104370385059155,0.8581581115722656,0.4158962673611111,2,0.1104370385059155,0.8581581115722656,59.96002664890073
flipped_part_004.mp4,1660,0,2,0.1053957632433189,0.8538774490356446,0.4011360168457031,2,0.1053957632433189,0.8538774490356446,59.96002664890073
flipped_part_004.mp4,1661,0,2,0.1017538375914025,0.8517203013102214,0.3875597070764612,2,0.1017538375914025,0.8517203013102214,59.96002664890073
flipped_part_004.mp4,1662,0,2,0.0992073566388528,0.8492069880167643,0.3771484092429832,2,0.0992073566388528,0.8492069880167643,59.96002664890073
flipped_part_004.mp4,1663,0,3,0.0950835174391384,0.8438274383544921,0.3639346935130931,2,0.0950835174391384,0.8438274383544921,59.96002664890073
flipped_part_004.mp4,1664,0,2,0.0920474061843318,0.8411399841308593,0.3533732096354167,2,0.0920474061843318,0.8411399841308593,59.96002664890073
flipped_part_004.mp4,1665,0,2,0.0880206751753576,0.8370663324991862,0.3441981562861689,2,0.0880206751753576,0.8370663324991862,59.96002664890073
flipped_part_004.mp4,1666,0,3,0.0850538356036535,0.8356007258097331,0.3309644628454137,2,0.0850538356036535,0.8356007258097331,59.96002664890073
flipped_part_004.mp4,1667,0,3,0.0829054377134889,0.8337457656860352,0.3241415235731337,2,0.0829054377134889,0.8337457656860352,59.96002664890073
flipped_part_004.mp4,1668,0,2,0.0811307348363765,0.831401252746582,0.3137687683105469,2,0.0811307348363765,0.831401252746582,59.96002664890073
flipped_part_004.mp4,1669,0,2,0.0779708218140553,0.827882957458496,0.3014248318142361,2,0.0779708218140553,0.827882957458496,59.96002664890073
flipped_part_004.mp4,1670,0,2,0.0750573808172204,0.8256387710571289,0.2921737670898437,2,0.0750573808172204,0.8256387710571289,59.96002664890073
flipped_part_004.mp4,1671,0,2,0.0721426024477114,0.8229068756103516,0.2814376831054687,2,0.0721426024477114,0.8229068756103516,59.96002664890073
flipped_part_004.mp4,1672,0,2,0.0704894922807418,0.8214515686035156,0.277044423421224,2,0.0704894922807418,0.8214515686035156,59.96002664890073
flipped_part_004.mp4,1673,0,2,0.0683568213581424,0.8192157745361328,0.270261722140842,2,0.0683568213581424,0.8192157745361328,59.96002664890073
flipped_part_004.mp4,1674,0,2,0.0664460147732245,0.8169272104899089,0.2631649158619068,2,0.0664460147732245,0.8169272104899089,59.96002664890073
flipped_part_004.mp4,1675,0,2,0.0649720499183828,0.8155708948771159,0.2525536996346932,2,0.0649720499183828,0.8155708948771159,59.96002664890073
flipped_part_004.mp4,1676,0,2,0.0632520121268505,0.8136465708414714,0.2424918280707465,2,0.0632520121268505,0.8136465708414714,59.96002664890073
flipped_part_004.mp4,1677,0,3,0.0612583095725499,0.810845947265625,0.2368872465910735,2,0.0612583095725499,0.810845947265625,59.96002664890073
flipped_part_004.mp4,1678,0,2,0.0596517614799086,0.8091553370157878,0.2300923665364583,2,0.0596517614799086,0.8091553370157878,59.96002664890073
flipped_part_004.mp4,1679,0,2,0.0582501623773085,0.8074195861816407,0.2229983577021846,2,0.0582501623773085,0.8074195861816407,59.96002664890073
flipped_part_004.mp4,1680,0,2,0.0563301890612476,0.8049265543619791,0.216103278266059,2,0.0563301890612476,0.8049265543619791,59.96002664890073
flipped_part_004.mp4,1681,0,2,0.0547239692527283,0.8033336639404297,0.2100804646809896,2,0.0547239692527283,0.8033336639404297,59.96002664890073
flipped_part_004.mp4,1682,0,2,0.0537730048762104,0.8023028055826823,0.206411545364945,2,0.0537730048762104,0.8023028055826823,59.96002664890073
flipped_part_004.mp4,1683,0,2,0.0521866831273493,0.8008655548095703,0.1988105773925781,2,0.0521866831273493,0.8008655548095703,59.96002664890073
flipped_part_004.mp4,1684,0,2,0.0511209263471149,0.8000871658325195,0.1935382419162326,2,0.0511209263471149,0.8000871658325195,59.96002664890073
flipped_part_004.mp4,1685,0,2,0.0494430243560216,0.79762388865153,0.1871170043945312,2,0.0494430243560216,0.79762388865153,59.96002664890073
flipped_part_004.mp4,1686,0,2,0.047570612308967,0.7951270421346028,0.1810987401891637,2,0.047570612308967,0.7951270421346028,59.96002664890073
flipped_part_004.mp4,1687,0,2,0.0463018190740452,0.7935009002685547,0.1750217013888889,2,0.0463018190740452,0.7935009002685547,59.96002664890073
flipped_part_004.mp4,1688,0,2,0.0450064922383944,0.7914841969807943,0.1704331857186776,2,0.0450064922383944,0.7914841969807943,59.96002664890073
flipped_part_004.mp4,1689,0,2,0.0444206521588515,0.7902999877929687,0.1660135904947916,2,0.0444206521588515,0.7902999877929687,59.96002664890073
flipped_part_004.mp4,1690,0,2,0.0438494364386941,0.789498774210612,0.160137939453125,2,0.0438494364386941,0.789498774210612,59.96002664890073
flipped_part_004.mp4,1691,0,2,0.042637075077143,0.788082504272461,0.1550181070963541,2,0.042637075077143,0.788082504272461,59.96002664890073
flipped_part_004.mp4,1692,0,2,0.0412868115892863,0.786472765604655,0.1463733814380787,2,0.0412868115892863,0.786472765604655,59.96002664890073
flipped_part_004.mp4,1693,0,2,0.040186506551173,0.7852449417114258,0.140024905734592,2,0.040186506551173,0.7852449417114258,59.96002664890073
flipped_part_004.mp4,1694,0,2,0.0389758199060452,0.7837059020996093,0.1344718085394965,2,0.0389758199060452,0.7837059020996093,59.96002664890073
flipped_part_004.mp4,1695,0,2,0.0381816571566741,0.7821468989054362,0.1293775770399305,2,0.0381816571566741,0.7821468989054362,59.96002664890073
flipped_part_004.mp4,1696,0,2,0.0374833250137183,0.7812255859375,0.1251972339771412,2,0.0374833250137183,0.7812255859375,59.96002664890073
flipped_part_004.mp4,1697,0,2,0.0368364050906772,0.7806355158487955,0.1187896728515625,2,0.0368364050906772,0.7806355158487955,59.96002664890073
flipped_part_004.mp4,1698,0,2,0.0359587339433104,0.7793733596801757,0.1126764933268229,2,0.0359587339433104,0.7793733596801757,59.96002664890073
flipped_part_004.mp4,1699,0,2,0.0354516118573277,0.7785679499308268,0.1092306349012586,2,0.0354516118573277,0.7785679499308268,59.96002664890073
flipped_part_004.mp4,1700,0,3,0.0346988146207661,0.7772026697794596,0.1060520313404224,3,0.0346988146207661,0.7772026697794596,59.96002664890073
flipped_part_004.mp4,1701,0,3,0.0342178766776945,0.7763938903808594,0.1020225242332175,3,0.0342178766776945,0.7763938903808594,59.96002664890073
flipped_part_004.mp4,1702,0,2,0.0333772452699971,0.7749979654947917,0.0957896762424045,2,0.0333772452699971,0.7749979654947917,59.96002664890073
flipped_part_004.mp4,1703,0,3,0.0327315436586407,0.7739739100138346,0.0920751783582899,3,0.0327315436586407,0.7739739100138346,59.96002664890073
flipped_part_004.mp4,1704,0,4,0.0316208187080014,0.7725385665893555,0.085340514006438,3,0.0316208187080014,0.7725385665893555,59.96002664890073
flipped_part_004.mp4,1705,0,5,0.030915210788592,0.7708452224731446,0.0802574722855179,4,0.030915210788592,0.7708452224731446,59.96002664890073
flipped_part_004.mp4,1706,0,5,0.0306531867850679,0.7699146270751953,0.0759954947012442,5,0.0306531867850679,0.7699146270751953,59.96002664890073
flipped_part_004.mp4,1707,0,5,0.0303015140728395,0.7687784830729166,0.0724101313838252,5,0.0303015140728395,0.7687784830729166,59.96002664890073
flipped_part_004.mp4,1708,0,4,0.0293259906458357,0.7675065994262695,0.0660478379991319,4,0.0293259906458357,0.7675065994262695,59.96002664890073
flipped_part_004.mp4,1709,0,3,0.0289309287020781,0.7665191650390625,0.0632611592610677,3,0.0289309287020781,0.7665191650390625,59.96002664890073
flipped_part_004.mp4,1710,0,3,0.0284962316806842,0.7659772872924805,0.0592571682400173,3,0.0284962316806842,0.7659772872924805,59.96002664890073
flipped_part_004.mp4,1711,0,3,0.0277927257368854,0.7649194717407226,0.05328044184932,3,0.0277927257368854,0.7649194717407226,59.96002664890073
flipped_part_004.mp4,1712,0,4,0.0272243095310922,0.7634940465291341,0.0509769015842013,3,0.0272243095310922,0.7634940465291341,59.96002664890073
flipped_part_004.mp4,1713,0,3,0.0267632875124507,0.7630501429239909,0.0459112944426359,3,0.0267632875124507,0.7630501429239909,59.96002664890073
flipped_part_004.mp4,1714,0,3,0.0262068293859354,0.7623295466105143,0.0403243735984519,3,0.0262068293859354,0.7623295466105143,59.96002664890073
flipped_part_004.mp4,1715,0,4,0.0254419082082879,0.762605349222819,0.0414609838415075,3,0.0254419082082879,0.762605349222819,59.96002664890073
flipped_part_004.mp4,1716,0,5,0.0253694010062113,0.7611096064249675,0.0351924472384982,3,0.0253694010062113,0.7611096064249675,59.96002664890073
flipped_part_004.mp4,1717,0,3,0.0248806020262094,0.7599779764811198,0.0313287240487557,3,0.0248806020262094,0.7599779764811198,59.96002664890073
flipped_part_004.mp4,1718,0,3,0.0243330571620996,0.7590147018432617,0.0273483276367187,3,0.0243330571620996,0.7590147018432617,59.96002664890073
flipped_part_004.mp4,1719,0,3,0.024217307322623,0.7588331222534179,0.0248975683141637,3,0.024217307322623,0.7588331222534179,59.96002664890073
flipped_part_004.mp4,1720,0,3,0.0234303326876316,0.7572231292724609,0.0207355640552662,3,0.0234303326876316,0.7572231292724609,59.96002664890073
flipped_part_004.mp4,1721,0,3,0.0226659082059524,0.7557755788167317,0.017027113172743,3,0.0226659082059524,0.7557755788167317,59.96002664890073
flipped_part_004.mp4,1722,0,3,0.0221249286870811,0.7542289733886719,0.0141634340639467,3,0.0221249286870811,0.7542289733886719,59.96002664890073
flipped_part_004.mp4,1723,0,3,0.021786251542955,0.7533480326334635,0.0064022205494068,3,0.021786251542955,0.7533480326334635,59.96002664890073
flipped_part_004.mp4,1724,0,3,0.0212575893231055,0.7530447642008463,0.0012601216634114,3,0.0212575893231055,0.7530447642008463,59.96002664890073
flipped_part_004.mp4,1725,0,3,0.0210673784839282,0.7527940750122071,0.0015175430862991,3,0.0210673784839282,0.7527940750122071,59.96002664890073
flipped_part_004.mp4,1726,0,3,0.021013318897632,0.7521760940551758,0.0034497013798466,3,0.021013318897632,0.7521760940551758,59.96002664890073
flipped_part_004.mp4,1727,0,3,0.0204666488322308,0.750845209757487,0.008154155589916,3,0.0204666488322308,0.750845209757487,59.96002664890073
flipped_part_004.mp4,1728,0,3,0.0201747117410209,0.7504722595214843,0.0109443099410445,3,0.0201747117410209,0.7504722595214843,59.96002664890073
flipped_part_004.mp4,1729,0,4,0.0198146853882429,0.7495414733886718,0.012621929027416,4,0.0198146853882429,0.7497861862182618,59.96002664890073
flipped_part_004.mp4,1730,0,3,0.0197063555277418,0.748558235168457,0.3684831407335069,3,0.0197063555277418,0.7491804122924804,59.96002664890073
flipped_part_004.mp4,1731,0,3,0.0197824713478244,0.7494121551513672,0.3796030680338542,3,0.0197824713478244,0.7494121551513672,59.96002664890073
flipped_part_004.mp4,1732,0,3,0.02049066050502,0.7503376642862956,0.3893744574652777,3,0.02049066050502,0.7503376642862956,59.96002664890073
flipped_part_004.mp4,1733,0,3,0.0210347660744446,0.7508158365885417,0.3955975002712674,3,0.0210347660744446,0.7508158365885417,59.96002664890073
flipped_part_004.mp4,1734,0,3,0.0219657461372359,0.7521259943644206,0.4029994823314525,3,0.0219657461372359,0.7521259943644206,59.96002664890073
flipped_part_004.mp4,1735,0,3,0.0226590249566167,0.7533115386962891,0.4109472769278067,3,0.0226590249566167,0.7533115386962891,59.96002664890073
flipped_part_004.mp4,1736,0,3,0.02345830614242,0.7544603983561198,0.4189873024269386,3,0.02345830614242,0.7544603983561198,59.96002664890073
flipped_part_004.mp4,1737,0,4,0.0241287967144334,0.7553424835205078,0.4296759146231192,3,0.0241287967144334,0.7553424835205078,59.96002664890073
flipped_part_004.mp4,1738,0,3,0.0250248275563353,0.7572076797485352,0.4427463107638889,3,0.0250248275563353,0.7572076797485352,59.96002664890073
flipped_part_004.mp4,1739,0,3,0.0257615647983146,0.7579399744669596,0.4527187206127025,3,0.0257615647983146,0.7579399744669596,59.96002664890073
flipped_part_004.mp4,1740,0,3,0.0268941241601714,0.7587118148803711,0.4662624782986111,3,0.0268941241601714,0.7587118148803711,59.96002664890073
flipped_part_004.mp4,1741,0,4,0.027489787028092,0.7607577641805013,0.4717406661422164,3,0.027489787028092,0.7607577641805013,59.96002664890073
flipped_part_004.mp4,1742,0,4,0.0285650103264035,0.7623058954874674,0.4847691853841145,3,0.0285650103264035,0.7623058954874674,59.96002664890073
flipped_part_004.mp4,1743,0,4,0.02963047240795,0.764187749226888,0.4961370962637442,3,0.02963047240795,0.764187749226888,59.96002664890073
flipped_part_004.mp4,1744,0,4,0.0310996699046033,0.7653608322143555,0.5101988050672743,3,0.0310996699046033,0.7653608322143555,59.96002664890073
flipped_part_004.mp4,1745,0,4,0.0321781794349037,0.7674816767374675,0.5224290070710359,3,0.0321781794349037,0.7674816767374675,59.96002664890073
flipped_part_004.mp4,1746,0,4,0.0330227882807742,0.7682383219401042,0.5367227624963831,3,0.0330227882807742,0.7682383219401042,59.96002664890073
flipped_part_004.mp4,1747,0,3,0.0342895565827752,0.7691778182983399,0.550544512713397,3,0.0342895565827752,0.7691778182983399,59.96002664890073
flipped_part_004.mp4,1748,0,3,0.0356200140944565,0.7717531840006511,0.5639352869104456,3,0.0356200140944565,0.7717531840006511,59.96002664890073
flipped_part_004.mp4,1749,0,3,0.037887579352957,0.7739377975463867,0.58134765625,3,0.037887579352957,0.7739377975463867,59.96002664890073
flipped_part_004.mp4,1750,0,3,0.0387246053060516,0.7751636505126953,0.5923244900173611,3,0.0387246053060516,0.7751636505126953,59.96002664890073
flipped_part_004.mp4,1751,0,4,0.0406399796071733,0.7774157206217448,0.6091888992874711,2,0.0140874911558003,0.7348197301228842,59.96002664890073
flipped_part_004.mp4,1752,0,3,0.042649371437599,0.7803789774576823,0.6274081194842304,2,0.0139409296411839,0.7341381708780924,59.96002664890073
flipped_part_004.mp4,1753,0,4,0.0435002565639378,0.782550048828125,0.6375418768988715,3,0.0137216021132189,0.7329807917277018,59.96002664890073
flipped_part_004.mp4,1754,0,5,0.0436921879207646,0.7843696594238281,0.6415418836805555,3,0.0134445879737743,0.7318326314290364,59.96002664890073
flipped_part_004.mp4,1755,0,4,0.0434050647345699,0.785340690612793,0.6458926730685763,3,0.0133197232368251,0.7318556467692058,59.96002664890073
flipped_part_004.mp4,1756,0,3,0.0437265514740167,0.7880399703979493,0.6513376306604456,2,0.0127624802573215,0.7301973342895508,59.96002664890073
flipped_part_004.mp4,1757,0,4,0.0443572504259106,0.7917888005574544,0.6559510972764757,3,0.0126123048154831,0.7301443099975586,59.96002664890073
flipped_part_004.mp4,1758,0,4,0.0444706738916769,0.793417231241862,0.6599646674262153,3,0.0123489285881967,0.7294902165730794,59.96002664890073
flipped_part_004.mp4,1759,0,3,0.0443713934184914,0.7946384429931641,0.6635796440972223,2,0.0120514584571787,0.7288336435953776,59.96002664890073
flipped_part_004.mp4,1760,0,3,0.0442805438208678,0.7965459823608398,0.6687272813585069,2,0.0120997805573602,0.728360939025879,59.96002664890073
flipped_part_004.mp4,1761,0,3,0.0447271497936647,0.8005581537882487,0.6754653930664063,2,0.0120497229102572,0.7273063659667969,59.96002664890073
flipped_part_004.mp4,1762,0,3,0.0450832919413827,0.8022873560587566,0.679682696307147,2,0.0117429163363218,0.7274544397989909,59.96002664890073
flipped_part_004.mp4,1763,0,3,0.0450331057805171,0.8061973571777343,0.6836697048611111,2,0.0118588762068086,0.7272768020629883,59.96002664890073
flipped_part_004.mp4,1764,0,4,0.0450329181457938,0.8091711044311524,0.6885551735206886,2,0.0115894317572625,0.7266920725504558,59.96002664890073
flipped_part_004.mp4,1765,0,4,0.0454728320585585,0.813572374979655,0.6965644553855613,2,0.0113737636899653,0.7260672251383463,59.96002664890073
flipped_part_004.mp4,1766,0,4,0.0452320264779134,0.8155935287475586,0.7010251645688658,2,0.0113259405841408,0.7267464319864909,59.96002664890073
flipped_part_004.mp4,1767,0,4,0.0455921939587117,0.8183761596679687,0.7060475667317708,2,0.0110937430756166,0.7255119959513346,59.96002664890073
flipped_part_004.mp4,1768,0,5,0.0445751780820299,0.8195951461791993,0.7132611875180845,3,0.0108824730735634,0.7249743143717448,59.96002664890073
flipped_part_004.mp4,1769,0,3,0.0444276603382011,0.8226531982421875,0.7203620062934027,2,0.0108296743151821,0.7250432968139648,59.96002664890073
flipped_part_004.mp4,1770,0,3,0.0438992718384704,0.8244462966918945,0.7297824435763889,2,0.0107609215251854,0.7247892379760742,59.96002664890073
flipped_part_004.mp4,1771,0,3,0.0411973896447711,0.8198033014933268,0.7378487481011284,2,0.010313324694208,0.7244657516479492,59.96002664890073
flipped_part_004.mp4,1772,0,3,0.0383504168465906,0.8123631159464518,0.7433482982494213,2,0.010532832298689,0.7242041269938151,59.96002664890073
flipped_part_004.mp4,1773,0,4,0.0359549297133523,0.8082079569498698,0.7500019214771412,2,0.0102281135075544,0.7235916137695313,59.96002664890073
flipped_part_004.mp4,1774,0,4,0.0327135637661235,0.7997875213623047,0.7589944910120081,2,0.0105437954861338,0.7229317982991537,59.96002664890073
flipped_part_004.mp4,1775,0,4,0.0314094000847156,0.7976179122924805,0.7650445443612558,2,0.0098668258637189,0.721865463256836,59.96002664890073
flipped_part_004.mp4,1776,0,4,0.0304003477793756,0.7988000869750976,0.7751468234592014,2,0.009610301522496,0.7207592646280925,59.96002664890073
flipped_part_004.mp4,1777,0,3,0.0287395003460632,0.7968559900919596,0.7839082505967881,2,0.0097897886739897,0.7197453180948893,59.96002664890073
flipped_part_004.mp4,1778,0,3,0.0273802782821305,0.7961864471435547,0.7905696727611401,2,0.0092273354900492,0.7199270884195964,59.96002664890073
flipped_part_004.mp4,1779,0,3,0.0267513411555922,0.8008983612060547,0.8018389101381656,2,0.0093672404641337,0.7196556091308594,59.96002664890073
flipped_part_004.mp4,1780,0,3,0.0262489839016106,0.8017697016398112,0.8075249000831887,2,0.0094104497459031,0.7190547943115234,59.96002664890073
flipped_part_004.mp4,1781,0,3,0.025273979001662,0.8060240427652995,0.8198127464011863,2,0.0093437310893528,0.7186857223510742,59.96002664890073
flipped_part_004.mp4,1782,0,3,0.0238288206980818,0.805380121866862,0.8277309276439525,2,0.0093812811622585,0.7185688654581706,59.96002664890073
flipped_part_004.mp4,1783,0,3,0.0227296774069179,0.809002685546875,0.841059649432147,2,0.0089657289888903,0.717907969156901,59.96002664890073
flipped_part_004.mp4,1784,0,3,0.02138864251232,0.812032953898112,0.8519528424298322,2,0.0088716240607081,0.7164609909057618,59.96002664890073
flipped_part_004.mp4,1785,0,3,0.0198715914712671,0.815832010904948,0.8649803444191262,2,0.0088271964584257,0.7159912745157878,59.96002664890073
flipped_part_004.mp4,1786,0,3,0.0184718966070148,0.81885986328125,0.8777126736111112,2,0.0080441187666211,0.7161914825439453,59.96002664890073
flipped_part_004.mp4,1787,0,3,0.0163205575178532,0.8210468928019206,0.8892254299587674,2,0.0087315254916837,0.7158787409464519,59.96002664890073
flipped_part_004.mp4,1788,0,3,0.0146764785255072,0.8224178949991862,0.9035415649414062,2,0.0087287164248118,0.7156669616699218,59.96002664890073
flipped_part_004.mp4,1789,0,3,0.0127576376519088,0.8266661326090495,0.9165618896484377,2,0.0089259423690209,0.715377680460612,59.96002664890073
flipped_part_004.mp4,1790,0,3,0.0099776258891344,0.8261614481608073,0.9295705159505208,2,0.0084057340270481,0.7148008982340495,59.96002664890073
flipped_part_004.mp4,1791,0,3,0.0081707264031542,0.7146051406860352,0.1995800442165798,2,0.0081707264031542,0.7146051406860352,59.96002664890073
flipped_part_004.mp4,1792,0,3,0.008761462501829,0.7148336410522461,0.2103221469455295,2,0.008761462501829,0.7148336410522461,59.96002664890073
flipped_part_004.mp4,1793,0,2,0.0083110313695484,0.7133965174357096,0.2091732449001736,2,0.0083110313695484,0.7133965174357096,59.96002664890073
flipped_part_004.mp4,1794,0,2,0.0084521900939311,0.7124382019042969,0.2128929420753761,2,0.0084521900939311,0.7124382019042969,59.96002664890073
flipped_part_004.mp4,1795,0,2,0.0082090317226862,0.7123573303222657,0.2145215352376302,2,0.0082090317226862,0.7123573303222657,59.96002664890073
flipped_part_004.mp4,1796,0,2,0.0082388182781384,0.7120344797770183,0.2187469764992042,2,0.0082388182781384,0.7120344797770183,59.96002664890073
flipped_part_004.mp4,1797,0,2,0.008120716913254,0.7115143458048503,0.2157862345377604,2,0.008120716913254,0.7115143458048503,59.96002664890073
flipped_part_004.mp4,1798,0,2,0.0078189727896824,0.711387825012207,0.2151451958550347,2,0.0078189727896824,0.711387825012207,59.96002664890073
flipped_part_004.mp4,1799,0,2,0.0075539365038275,0.7109100341796875,0.2164616337528935,2,0.0075539365038275,0.7109100341796875,59.96002664890073
flipped_part_004.mp4,1800,0,2,0.0075858609008719,0.7107833862304688,0.2181732177734375,2,0.0075858609008719,0.7107833862304688,59.96002664890073
flipped_part_004.mp4,1801,0,2,0.0075962204970225,0.7102888743082683,0.2220084296332465,2,0.0075962204970225,0.7102888743082683,59.96002664890073
flipped_part_004.mp4,1802,0,3,0.0074414438381791,0.7103424072265625,0.2233595106336805,3,0.0074414438381791,0.7103424072265625,59.96002664890073
flipped_part_004.mp4,1803,0,3,0.0073572340485407,0.7092329661051432,0.2259377373589409,3,0.0073572340485407,0.7092329661051432,59.96002664890073
flipped_part_004.mp4,1804,0,3,0.0076416443766168,0.7099876403808594,0.2311433580186632,3,0.0076416443766168,0.7099876403808594,59.96002664890073
flipped_part_004.mp4,1805,0,3,0.0073945654060958,0.7084557215372721,0.2339096069335937,3,0.0073945654060958,0.7084557215372721,59.96002664890073
flipped_part_004.mp4,1806,0,3,0.0075533501372868,0.7081602096557618,0.2381166528772424,3,0.0075533501372868,0.7081602096557618,59.96002664890073
flipped_part_004.mp4,1807,0,3,0.0075089283924791,0.7083454132080078,0.2397337171766493,3,0.0075089283924791,0.7083454132080078,59.96002664890073
flipped_part_004.mp4,1808,0,4,0.0073074427256263,0.7077051798502604,0.239457278781467,4,0.0073074427256263,0.7077051798502604,59.96002664890073
flipped_part_004.mp4,1809,0,4,0.0071374413296494,0.7073719024658203,0.2403166029188368,4,0.0071374413296494,0.7073719024658203,59.96002664890073
flipped_part_004.mp4,1810,0,3,0.0073146189334026,0.7070103327433268,0.242236328125,3,0.0073146189334026,0.7070103327433268,59.96002664890073
flipped_part_004.mp4,1811,0,3,0.0071834830367394,0.7066694895426432,0.2410317314995659,3,0.0071834830367394,0.7066694895426432,59.96002664890073
flipped_part_004.mp4,1812,0,3,0.0068385315752432,0.7062845230102539,0.2402640448676215,3,0.0068385315752432,0.7062845230102539,59.96002664890073
flipped_part_004.mp4,1813,0,3,0.0064718297318419,0.706019401550293,0.2362620883517795,3,0.0064718297318419,0.706019401550293,59.96002664890073
flipped_part_004.mp4,1814,0,3,0.0069148482779726,0.7056615829467774,0.243470538104022,3,0.0069148482779726,0.7056615829467774,59.96002664890073
flipped_part_004.mp4,1815,0,3,0.0066818719741422,0.7055198669433593,0.2412947760687934,3,0.0066818719741422,0.7055198669433593,59.96002664890073
flipped_part_004.mp4,1816,0,3,0.0065210044961228,0.7053719838460286,0.2426154242621527,3,0.0065210044961228,0.7053719838460286,59.96002664890073
flipped_part_004.mp4,1817,0,3,0.0064627820354265,0.7048115412394206,0.2406210440176504,3,0.0064627820354265,0.7048115412394206,59.96002664890073
flipped_part_004.mp4,1818,0,3,0.0065086215280462,0.7044361114501954,0.2419096204969618,3,0.0065086215280462,0.7044361114501954,59.96002664890073
flipped_part_004.mp4,1819,0,3,0.0061266431423266,0.7037428538004558,0.2394397311740451,3,0.0061266431423266,0.7037428538004558,59.96002664890073
flipped_part_004.mp4,1820,0,3,0.006049149185031,0.7037516276041667,0.2389412773980034,3,0.006049149185031,0.7037516276041667,59.96002664890073
flipped_part_004.mp4,1821,0,3,0.0055853852038207,0.7034376780192058,0.2391582912868923,3,0.0055853852038207,0.7034376780192058,59.96002664890073
flipped_part_004.mp4,1822,0,3,0.0058260154579248,0.7031181971232097,0.2368440416124131,3,0.0058260154579248,0.7031181971232097,59.96002664890073
flipped_part_004.mp4,1823,0,3,0.0057708187149708,0.7026436487833659,0.2373652140299479,3,0.0057708187149708,0.7026436487833659,59.96002664890073
flipped_part_004.mp4,1824,0,3,0.0057281593294141,0.7022053400675455,0.241585456000434,3,0.0057281593294141,0.7022053400675455,59.96002664890073
flipped_part_004.mp4,1825,0,3,0.0055708256750195,0.7020470301310221,0.2403184678819444,3,0.0055708256750195,0.7020470301310221,59.96002664890073
flipped_part_004.mp4,1826,0,3,0.005492732366741,0.7015543619791667,0.2413184271918402,3,0.005492732366741,0.7015543619791667,59.96002664890073
flipped_part_004.mp4,1827,0,3,0.0054695053663454,0.700970458984375,0.2414521959092881,3,0.0054695053663454,0.700970458984375,59.96002664890073
flipped_part_004.mp4,1828,0,3,0.0054646216228138,0.7004915237426758,0.2434603373209635,3,0.0054646216228138,0.7004915237426758,59.96002664890073
flipped_part_004.mp4,1829,0,3,0.0052657070046148,0.7001503626505534,0.2430894639756944,3,0.0052657070046148,0.7001503626505534,59.96002664890073
flipped_part_004.mp4,1830,0,3,0.0052998675207156,0.700454839070638,0.2451359219021267,3,0.0052998675207156,0.700454839070638,59.96002664890073
flipped_part_004.mp4,1831,0,3,0.0052340180950704,0.6992079416910807,0.2460408528645833,3,0.0052340180950704,0.6992079416910807,59.96002664890073
flipped_part_004.mp4,1832,0,3,0.0051066633881095,0.6993036905924479,0.2434863620334201,3,0.0051066633881095,0.6993036905924479,59.96002664890073
flipped_part_004.mp4,1833,0,3,0.0051946672503254,0.6986255645751953,0.2450917561848958,3,0.0051946672503254,0.6986255645751953,59.96002664890073
flipped_part_004.mp4,1834,0,3,0.0050276694790227,0.6988930384318034,0.2434463500976562,3,0.0050276694790227,0.6988930384318034,59.96002664890073
flipped_part_004.mp4,1835,0,2,0.0050307491547492,0.6984247207641602,0.2445999145507812,2,0.0050307491547492,0.6984247207641602,59.96002664890073
flipped_part_004.mp4,1836,0,3,0.0049526818207879,0.6980866114298503,0.2439220852322048,3,0.0049526818207879,0.6980866114298503,59.96002664890073
flipped_part_004.mp4,1837,0,3,0.0049105712096206,0.6979848861694335,0.242743428548177,3,0.0049105712096206,0.6979848861694335,59.96002664890073
flipped_part_004.mp4,1838,0,3,0.0049191819971828,0.6975114822387696,0.2437053539134838,3,0.0049191819971828,0.6975114822387696,59.96002664890073
flipped_part_004.mp4,1839,0,3,0.0048489781178283,0.6969486236572265,0.2443289862738715,3,0.0048489781178283,0.6969486236572265,59.96002664890073
flipped_part_004.mp4,1840,0,3,0.0048585329204797,0.6966011683146159,0.2453825208875868,3,0.0048585329204797,0.6966011683146159,59.96002664890073
flipped_part_004.mp4,1841,0,3,0.0046904306098197,0.6960229873657227,0.243224702058015,3,0.0046904306098197,0.6960229873657227,59.96002664890073
flipped_part_004.mp4,1842,0,3,0.004763014432198,0.695812479654948,0.2454308403862847,3,0.004763014432198,0.695812479654948,59.96002664890073
flipped_part_004.mp4,1843,0,3,0.0046496208189314,0.6947294871012369,0.2524408976236979,3,0.0046496208189314,0.6947294871012369,59.96002664890073
flipped_part_004.mp4,1844,0,3,0.004883520753291,0.6946702321370443,0.2534367879231771,3,0.004883520753291,0.6946702321370443,59.96002664890073
flipped_part_004.mp4,1845,0,3,0.0046718639382635,0.6948176701863606,0.2511521516022859,3,0.0046718639382635,0.6948176701863606,59.96002664890073
flipped_part_004.mp4,1846,0,3,0.0045605406796999,0.6946534474690755,0.2506198459201388,3,0.0045605406796999,0.6946534474690755,59.96002664890073
flipped_part_004.mp4,1847,0,2,0.0044506627344526,0.6944243748982747,0.2531639946831597,2,0.0044506627344526,0.6944243748982747,59.96002664890073
flipped_part_004.mp4,1848,0,3,0.0044275972976012,0.694232177734375,0.2532574123806423,3,0.0044275972976012,0.694232177734375,59.96002664890073
flipped_part_004.mp4,1849,0,2,0.0044509656017611,0.6941015879313152,0.0194669370298032,2,0.0044509656017611,0.6941015879313152,59.96002664890073
flipped_part_004.mp4,1850,0,2,0.0047668534453475,0.6947690327962239,0.0144660101996527,2,0.0047668534453475,0.6947690327962239,59.96002664890073
flipped_part_004.mp4,1851,0,2,0.0047851306232041,0.6954780578613281,0.0135437294288917,2,0.0047851306232041,0.6954780578613281,59.96002664890073
flipped_part_004.mp4,1852,0,2,0.0048386875880263,0.6953802108764648,0.0101320337366174,2,0.0048386875880263,0.6953802108764648,59.96002664890073
flipped_part_004.mp4,1853,0,2,0.0049024112200519,0.6952433268229167,0.0077914767795138,2,0.0049024112200519,0.6952433268229167,59.96002664890073
flipped_part_004.mp4,1854,0,2,0.0049911800009431,0.6956939697265625,0.0032984415690104,2,0.0049911800009431,0.6956939697265625,59.96002664890073
flipped_part_004.mp4,1855,0,2,0.0051563694228326,0.6968093236287435,0.0019742612485532,2,0.0051563694228326,0.6968093236287435,59.96002664890073
flipped_part_004.mp4,1856,0,2,0.0053618632616578,0.6974411010742188,0.006072998046875,2,0.0053618632616578,0.6974411010742188,59.96002664890073
flipped_part_004.mp4,1857,0,2,0.0053361254144692,0.6975233078002929,0.0087392171223958,2,0.0053361254144692,0.6975233078002929,59.96002664890073
flipped_part_004.mp4,1858,0,2,0.0054578561469464,0.6983171463012695,0.0115588435420283,2,0.0054578561469464,0.6983171463012695,59.96002664890073
flipped_part_004.mp4,1859,0,2,0.0054743825121751,0.6978958129882813,0.0153413278085214,2,0.0054743825121751,0.6978958129882813,59.96002664890073
flipped_part_004.mp4,1860,0,2,0.005512772394577,0.6987181345621745,0.0189883761935763,2,0.005512772394577,0.6987181345621745,59.96002664890073
flipped_part_004.mp4,1861,0,2,0.0056595883927204,0.6998318990071615,0.0221708509657118,2,0.0056595883927204,0.6998318990071615,59.96002664890073
flipped_part_004.mp4,1862,0,2,0.0058292063777237,0.7002531051635742,0.0285730715151186,2,0.0058292063777237,0.7002531051635742,59.96002664890073
flipped_part_004.mp4,1863,0,2,0.0060753660180327,0.7011758804321289,0.0308739273636429,2,0.0060753660180327,0.7011758804321289,59.96002664890073
flipped_part_004.mp4,1864,0,2,0.0061833467264336,0.7013503392537435,0.0354188707139756,2,0.0061833467264336,0.7013503392537435,59.96002664890073
flipped_part_004.mp4,1865,0,2,0.0062549204342904,0.702092170715332,0.0388161270706741,2,0.0062549204342904,0.702092170715332,59.96002664890073
flipped_part_004.mp4,1866,0,2,0.0062758515175018,0.702200190226237,0.0421555130570023,2,0.0062758515175018,0.702200190226237,59.96002664890073
flipped_part_004.mp4,1867,0,2,0.0064395580554264,0.7022034962972005,0.0443369264955873,2,0.0064395580554264,0.7022034962972005,59.96002664890073
flipped_part_004.mp4,1868,0,2,0.0063849606011838,0.702626355489095,0.053162129720052,2,0.0063849606011838,0.702626355489095,59.96002664890073
flipped_part_004.mp4,1869,0,2,0.0065253872827775,0.7028097152709961,0.0589110480414496,2,0.0065253872827775,0.7028097152709961,59.96002664890073
flipped_part_004.mp4,1870,0,2,0.0064265761827118,0.7025681177775065,0.0633382726598669,2,0.0064265761827118,0.7025681177775065,59.96002664890073
flipped_part_004.mp4,1871,0,2,0.0066654700152489,0.7031959533691406,0.0677523860224971,2,0.0066654700152489,0.7031959533691406,59.96002664890073
flipped_part_004.mp4,1872,0,2,0.0069369683032467,0.7031181335449219,0.0714152018229166,2,0.0069369683032467,0.7031181335449219,59.96002664890073
flipped_part_004.mp4,1873,0,2,0.0071135403642471,0.7045585632324218,0.0749480918601707,2,0.0071135403642471,0.7045585632324218,59.96002664890073
flipped_part_004.mp4,1874,0,2,0.0070818919761618,0.7044888814290364,0.0767358285409432,2,0.0070818919761618,0.7044888814290364,59.96002664890073
flipped_part_004.mp4,1875,0,2,0.007242619585595,0.7049039840698242,0.0841701366283275,2,0.007242619585595,0.7049039840698242,59.96002664890073
flipped_part_004.mp4,1876,0,2,0.0075334682525997,0.7051714579264323,0.0906753540039062,2,0.0075334682525997,0.7051714579264323,59.96002664890073
flipped_part_004.mp4,1877,0,2,0.0077916197357181,0.706227175394694,0.0961961534288194,2,0.0077916197357181,0.706227175394694,59.96002664890073
flipped_part_004.mp4,1878,0,2,0.0078068277974653,0.705982780456543,0.0999585186993634,2,0.0078068277974653,0.705982780456543,59.96002664890073
flipped_part_004.mp4,1879,0,3,0.0077720632241754,0.7055935541788737,0.104041827166522,3,0.0077720632241754,0.7055935541788737,59.96002664890073
flipped_part_004.mp4,1880,0,3,0.0080903012271543,0.7070385615030924,0.1061451664677372,3,0.0080903012271543,0.7070385615030924,59.96002664890073
flipped_part_004.mp4,1881,0,2,0.0082725628597351,0.7076019287109375,0.1108270715784143,2,0.0082725628597351,0.7076019287109375,59.96002664890073
flipped_part_004.mp4,1882,0,2,0.0083001433486545,0.7074926376342774,0.1160660920319733,2,0.0083001433486545,0.7074926376342774,59.96002664890073
flipped_part_004.mp4,1883,0,2,0.0084068724005461,0.7076139450073242,0.1231353194625289,2,0.0084068724005461,0.7076139450073242,59.96002664890073
flipped_part_004.mp4,1884,0,2,0.0086952277293635,0.7089373270670573,0.1244975902416088,2,0.0086952277293635,0.7089373270670573,59.96002664890073
flipped_part_004.mp4,1885,0,2,0.0088578573420548,0.7093902587890625,0.1318264996563946,2,0.0088578573420548,0.7093902587890625,59.96002664890073
flipped_part_004.mp4,1886,0,2,0.009129673965314,0.7102697372436524,0.1388184724030671,2,0.009129673965314,0.7102697372436524,59.96002664890073
flipped_part_004.mp4,1887,0,2,0.0093158012056395,0.7115303039550781,0.143037697120949,2,0.0093158012056395,0.7115303039550781,59.96002664890073
flipped_part_004.mp4,1888,0,2,0.0092463828809343,0.711653200785319,0.1494354248046875,2,0.0092463828809343,0.711653200785319,59.96002664890073
flipped_part_004.mp4,1889,0,2,0.009526485503539,0.7125239054361979,0.1552555225513599,2,0.009526485503539,0.7125239054361979,59.96002664890073
flipped_part_004.mp4,1890,0,2,0.0100204813089846,0.713484255472819,0.1607838383427372,2,0.0100204813089846,0.713484255472819,59.96002664890073
flipped_part_004.mp4,1891,0,2,0.0103266701348022,0.71442076365153,0.1654657434534143,2,0.0103266701348022,0.71442076365153,59.96002664890073
flipped_part_004.mp4,1892,0,2,0.0106199494668463,0.7152681986490885,0.1702694363064236,2,0.0106199494668463,0.7152681986490885,59.96002664890073
flipped_part_004.mp4,1893,0,2,0.0109055439880502,0.7166134516398112,0.1764854713722511,2,0.0109055439880502,0.7166134516398112,59.96002664890073
flipped_part_004.mp4,1894,0,2,0.0107644417067058,0.7166654586791992,0.184881591796875,2,0.0107644417067058,0.7166654586791992,59.96002664890073
flipped_part_004.mp4,1895,0,2,0.0111474081894266,0.7170293807983399,0.1895523071289062,2,0.0111474081894266,0.7170293807983399,59.96002664890073
flipped_part_004.mp4,1896,0,2,0.0115141167081633,0.7178209940592448,0.1950763843677662,2,0.0115141167081633,0.7178209940592448,59.96002664890073
flipped_part_004.mp4,1897,0,2,0.0116744898757315,0.7177220026652018,0.2015521579318576,2,0.0116744898757315,0.7177220026652018,59.96002664890073
flipped_part_004.mp4,1898,0,2,0.0118778044672863,0.7174524307250977,0.2070871423791956,2,0.0118778044672863,0.7174524307250977,59.96002664890073
flipped_part_004.mp4,1899,0,2,0.0119928688117781,0.7184795379638672,0.2114292286060474,2,0.0119928688117781,0.7184795379638672,59.96002664890073
flipped_part_004.mp4,1900,0,2,0.0124621280789142,0.7200765609741211,0.2186224478262442,2,0.0124621280789142,0.7200765609741211,59.96002664890073
flipped_part_004.mp4,1901,0,2,0.0126083514155039,0.7200091679890951,0.2258747807255497,2,0.0126083514155039,0.7200091679890951,59.96002664890073
flipped_part_004.mp4,1902,0,2,0.0129515489269397,0.7205230077107747,0.2331086900499132,2,0.0129515489269397,0.7205230077107747,59.96002664890073
flipped_part_004.mp4,1903,0,2,0.0132278187720199,0.7211990356445312,0.2387448346173321,2,0.0132278187720199,0.7211990356445312,59.96002664890073
flipped_part_004.mp4,1904,0,2,0.0137139516299084,0.7234859466552734,0.2446260805483217,2,0.0137139516299084,0.7234859466552734,59.96002664890073
flipped_part_004.mp4,1905,0,2,0.0142983420216478,0.7247596740722656,0.2543034871419271,2,0.0142983420216478,0.7247596740722656,59.96002664890073
flipped_part_004.mp4,1906,0,2,0.0145237231140749,0.7249225616455078,0.259133063422309,2,0.0145237231140749,0.7249225616455078,59.96002664890073
flipped_part_004.mp4,1907,0,2,0.0150528720998346,0.7256393432617188,0.2677784107349537,2,0.0150528720998346,0.7256393432617188,59.96002664890073
flipped_part_004.mp4,1908,0,2,0.0156326530015104,0.7276917775472005,0.2772948653609664,2,0.0156326530015104,0.7276917775472005,59.96002664890073
flipped_part_004.mp4,1909,0,2,0.015730375633478,0.7279673258463542,0.282874834979022,2,0.015730375633478,0.7279673258463542,59.96002664890073
flipped_part_004.mp4,1910,0,2,0.0160358824115246,0.7285924911499023,0.2907580340350115,2,0.0160358824115246,0.7285924911499023,59.96002664890073
flipped_part_004.mp4,1911,0,2,0.0163515509369339,0.7292823791503906,0.2987091629593461,2,0.0163515509369339,0.7292823791503906,59.96002664890073
flipped_part_004.mp4,1912,0,2,0.0166097122358365,0.7293922424316406,0.3080439814814815,2,0.0166097122358365,0.7293922424316406,59.96002664890073
flipped_part_004.mp4,1913,0,2,0.0169977345176179,0.7306282043457031,0.3151419745551215,2,0.0169977345176179,0.7306282043457031,59.96002664890073
flipped_part_004.mp4,1914,0,2,0.0173851337281478,0.7314476648966471,0.3264074254918981,2,0.0173851337281478,0.7314476648966471,59.96002664890073
flipped_part_004.mp4,1915,0,2,0.0179561310840115,0.7323532740275065,0.3358435736762152,2,0.0179561310840115,0.7323532740275065,59.96002664890073
flipped_part_004.mp4,1916,0,2,0.0179720680614614,0.7324276606241862,0.341575848614728,2,0.0179720680614614,0.7324276606241862,59.96002664890073
flipped_part_004.mp4,1917,0,2,0.0187154608109267,0.7335875193277995,0.3513120863172743,2,0.0187154608109267,0.7335875193277995,59.96002664890073
flipped_part_004.mp4,1918,0,2,0.0193744638731974,0.7357427597045898,0.357112799750434,2,0.0193744638731974,0.7357427597045898,59.96002664890073
flipped_part_004.mp4,1919,0,2,0.0203158677224807,0.7373826980590821,0.367274249041522,2,0.0203158677224807,0.7373826980590821,59.96002664890073
flipped_part_004.mp4,1920,0,2,0.0208884777010987,0.7385128657023112,0.3786132247359664,2,0.0208884777010987,0.7385128657023112,59.96002664890073
flipped_part_004.mp4,1921,0,2,0.0217513542514535,0.7410998026529948,0.3866386696144386,2,0.0217513542514535,0.7410998026529948,59.96002664890073
flipped_part_004.mp4,1922,0,2,0.0229014644940616,0.742001469930013,0.3983945493344907,2,0.0229014644940616,0.742001469930013,59.96002664890073
flipped_part_004.mp4,1923,0,2,0.0232527696872474,0.7427715301513672,0.4070322672526041,2,0.0232527696872474,0.7427715301513672,59.96002664890073
flipped_part_004.mp4,1924,0,2,0.0237337777313465,0.7432163874308269,0.4179736102068865,2,0.0237337777313465,0.7432163874308269,59.96002664890073
flipped_part_004.mp4,1925,0,2,0.0247249026860744,0.7448780695597331,0.4311372545030382,2,0.0247249026860744,0.7448780695597331,59.96002664890073
flipped_part_004.mp4,1926,0,2,0.0253259186923969,0.7464497248331706,0.4396912751374421,2,0.0253259186923969,0.7464497248331706,59.96002664890073
flipped_part_004.mp4,1927,0,3,0.0264546661822694,0.7479254404703776,0.4538184271918403,3,0.0264546661822694,0.7479254404703776,59.96002664890073
flipped_part_004.mp4,1928,0,2,0.0273168586443838,0.7492859522501628,0.4647768938982928,2,0.0273168586443838,0.7492859522501628,59.96002664890073
flipped_part_004.mp4,1929,0,2,0.0281076184437498,0.750425910949707,0.4738016199182581,2,0.0281076184437498,0.750425910949707,59.96002664890073
flipped_part_004.mp4,1930,0,3,0.0291059357995658,0.7519423802693684,0.4874460290979456,2,0.0291059357995658,0.7519423802693684,59.96002664890073
flipped_part_004.mp4,1931,0,3,0.0305033052517683,0.7551525115966797,0.4990846421983507,2,0.0305033052517683,0.7551525115966797,59.96002664890073
flipped_part_004.mp4,1932,0,4,0.0307998549921637,0.7548533121744792,0.5091616595232928,3,0.0307998549921637,0.7548533121744792,59.96002664890073
flipped_part_004.mp4,1933,0,3,0.0320805188093584,0.7564011255900065,0.5268377798574942,2,0.0320805188093584,0.7564011255900065,59.96002664890073
flipped_part_004.mp4,1934,0,2,0.0327102959908639,0.7576291402180989,0.5419075294777199,2,0.0327102959908639,0.7576291402180989,59.96002664890073
flipped_part_004.mp4,1935,0,2,0.0347915387654211,0.7602413177490235,0.5574117024739583,2,0.0347915387654211,0.7602413177490235,59.96002664890073
flipped_part_004.mp4,1936,0,2,0.0350782984537848,0.7610827128092448,0.5708393238208912,2,0.0350782984537848,0.7610827128092448,59.96002664890073
flipped_part_004.mp4,1937,0,2,0.0372577866157236,0.7637976328531901,0.5879919546621817,2,0.0372577866157236,0.7637976328531901,59.96002664890073
flipped_part_004.mp4,1938,0,2,0.0387472832075824,0.7664375305175781,0.5999588012695313,2,0.0387472832075824,0.7664375305175781,59.96002664890073
flipped_part_004.mp4,1939,0,3,0.039696262346388,0.7672196706136067,0.6151673493561921,2,0.0025691933476547,0.6841980616251627,59.96002664890073
flipped_part_004.mp4,1940,0,3,0.0420772576588206,0.7697640736897786,0.6311423972800926,2,0.0025822106010552,0.6837401707967122,59.96002664890073
flipped_part_004.mp4,1941,0,3,0.0427669960773085,0.772015380859375,0.6384793316876447,2,0.0025777965021552,0.6837343215942383,59.96002664890073
flipped_part_004.mp4,1942,0,3,0.0424577746098899,0.7721298853556315,0.6419703165690104,2,0.002587258137064,0.6839019775390625,59.96002664890073
flipped_part_004.mp4,1943,0,3,0.0424462242194244,0.7742956797281901,0.6505194769965278,2,0.0025263508243046,0.6838592529296875,59.96002664890073
flipped_part_004.mp4,1944,0,3,0.0414197508694264,0.7737539291381836,0.6562532778139467,2,0.0025412608878104,0.6842821121215821,59.96002664890073
flipped_part_004.mp4,1945,0,3,0.0418283876081437,0.7761322657267252,0.6598034894024885,2,0.0025237591602005,0.6842533747355143,59.96002664890073
flipped_part_004.mp4,1946,0,3,0.0412910378415153,0.7761825561523438,0.6641523007993345,2,0.0025386982505895,0.6843664805094402,59.96002664890073
flipped_part_004.mp4,1947,0,3,0.0419164265698378,0.7802338282267253,0.6714045206705729,2,0.0025308338651181,0.6845141092936198,59.96002664890073
flipped_part_004.mp4,1948,0,3,0.0415964764707799,0.7815752665201823,0.6769383748372396,2,0.0025273856543073,0.684576416015625,59.96002664890073
flipped_part_004.mp4,1949,0,3,0.0425712025961493,0.7871452331542969,0.681252204047309,2,0.0024975761233158,0.6846551895141602,59.96002664890073
flipped_part_004.mp4,1950,0,3,0.0422441480911543,0.7874786376953125,0.6851392957899306,2,0.0024415534992133,0.6845441818237304,59.96002664890073
flipped_part_004.mp4,1951,0,3,0.0415016704529989,0.7887430191040039,0.6931140475802952,2,0.0024259696524596,0.6844332377115886,59.96002664890073
flipped_part_004.mp4,1952,0,3,0.0416952165439336,0.7902273178100586,0.695293680826823,2,0.0024623281056281,0.6847400665283203,59.96002664890073
flipped_part_004.mp4,1953,0,3,0.0419598510071389,0.7944978713989258,0.7016216701931424,2,0.002402082792121,0.6845287958780925,59.96002664890073
flipped_part_004.mp4,1954,0,3,0.0417384032073379,0.79807554880778,0.7108189900716145,2,0.0023321584515765,0.6844127655029297,59.96002664890073
flipped_part_004.mp4,1955,0,3,0.0412785161040826,0.7988846460978191,0.7151065402560763,2,0.0022518598757354,0.6844063440958659,59.96002664890073
flipped_part_004.mp4,1956,0,3,0.0406922307252965,0.8000154495239258,0.7178064982096354,2,0.0022129334395382,0.684283701578776,59.96002664890073
flipped_part_004.mp4,1957,0,3,0.0394596935592571,0.8014963150024415,0.7307297318070023,2,0.0021683194021655,0.6841254552205404,59.96002664890073
flipped_part_004.mp4,1958,0,3,0.0386465492982591,0.8023603439331055,0.7370211565936053,2,0.0021728799166157,0.6841074625651041,59.96002664890073
flipped_part_004.mp4,1959,0,3,0.0358740647157861,0.7947338104248047,0.7411924008969908,2,0.0022031264821998,0.6840301513671875,59.96002664890073
flipped_part_004.mp4,1960,0,3,0.034013306674832,0.7914691925048828,0.7497517903645833,2,0.0021715594319296,0.683963394165039,59.96002664890073
flipped_part_004.mp4,1961,0,3,0.0296284539304906,0.7776487350463868,0.7547658284505209,2,0.0021436605845735,0.6840106964111328,59.96002664890073
flipped_part_004.mp4,1962,0,3,0.0286045957356691,0.7770959854125976,0.7634003815827546,2,0.0020798519443983,0.683867073059082,59.96002664890073
flipped_part_004.mp4,1963,0,3,0.0277246732648927,0.7770963668823242,0.7710241812246817,2,0.0020760915291612,0.6836378097534179,59.96002664890073
flipped_part_004.mp4,1964,0,3,0.0280316571836765,0.7837605158487956,0.7803761234989872,2,0.0020770491294873,0.6837203343709309,59.96002664890073
flipped_part_004.mp4,1965,0,3,0.0260728530884565,0.7807336807250976,0.7899069892035591,2,0.0021032369730366,0.6837969462076823,59.96002664890073
flipped_part_004.mp4,1966,0,3,0.0249112219188828,0.7804141998291015,0.7972137451171875,2,0.0020671123582104,0.683989143371582,59.96002664890073
flipped_part_004.mp4,1967,0,3,0.0236030335002902,0.7802169799804688,0.8077029192889178,2,0.0020426146559331,0.6842267990112305,59.96002664890073
flipped_part_004.mp4,1968,0,3,0.023034327550932,0.7843273798624675,0.8166608457212094,2,0.0021059676153042,0.6843986511230469,59.96002664890073
flipped_part_004.mp4,1969,0,3,0.0224986963988286,0.7864284515380859,0.8242266054506655,2,0.0021074531201156,0.6843031565348308,59.96002664890073
flipped_part_004.mp4,1970,0,3,0.0214350857802977,0.7873448689778646,0.8353147153501157,2,0.0021206509735849,0.684664535522461,59.96002664890073
flipped_part_004.mp4,1971,0,3,0.0206811055550093,0.7902477900187175,0.8435724329065394,2,0.0020081124667841,0.6844379425048828,59.96002664890073
flipped_part_004.mp4,1972,0,3,0.0192076037091384,0.793602180480957,0.8576080322265625,2,0.0020066497559633,0.6844011306762695,59.96002664890073
flipped_part_004.mp4,1973,0,3,0.0182041309851963,0.7960625330607096,0.8678005077220775,2,0.0020098253164474,0.6844841003417969,59.96002664890073
flipped_part_004.mp4,1974,0,4,0.0166186044881994,0.7971649169921875,0.8789403844762731,2,0.002163373447628,0.6859043757120769,59.96002664890073
flipped_part_004.mp4,1975,0,3,0.014412262686327,0.7965852737426757,0.8902807730215567,2,0.0021690422127721,0.6859601974487305,59.96002664890073
flipped_part_004.mp4,1976,0,3,0.0131713584196081,0.7995246251424154,0.9052899395978008,2,0.0021851062134373,0.6858835856119792,59.96002664890073
flipped_part_004.mp4,1977,0,3,0.0119051616773099,0.8007300059000652,0.916518317328559,2,0.0021488347724813,0.6858965555826823,59.96002664890073
flipped_part_004.mp4,1978,0,3,0.0093385000957641,0.796476173400879,0.9290069580078124,2,0.0020678284941068,0.6857705434163411,59.96002664890073
flipped_part_004.mp4,1979,0,4,0.0067377809283573,0.7837596893310547,0.94234540020978,2,0.0019450498791914,0.6850832621256511,59.96002664890073
flipped_part_004.mp4,1980,0,4,0.0043252440831727,0.772970453898112,0.9572679307725694,2,0.0019787218956938,0.6854047775268555,59.96002664890073
flipped_part_004.mp4,1981,0,2,0.0021253880176421,0.685909652709961,0.2877129448784722,2,0.0021253880176421,0.685909652709961,59.96002664890073
flipped_part_004.mp4,1982,0,2,0.0021266840228215,0.6858234405517578,0.287316498933015,2,0.0021266840228215,0.6858234405517578,59.96002664890073
flipped_part_004.mp4,1983,0,2,0.0021422116276678,0.6857975006103516,0.2877133122196904,2,0.0021422116276678,0.6859427134195963,59.96002664890073
flipped_part_004.mp4,1984,0,3,0.0034472450086872,0.7006490707397461,0.7958357069227431,2,0.0021562660623749,0.6860755920410156,59.96002664890073
flipped_part_004.mp4,1985,0,2,0.0021700925138914,0.6860507965087891,0.1306348164876302,2,0.0021700925138914,0.6863958994547527,59.96002664890073
flipped_part_004.mp4,1986,0,2,0.0021616798309777,0.6864404678344727,0.2878058822066696,2,0.0021616798309777,0.6864404678344727,59.96002664890073
flipped_part_004.mp4,1987,0,2,0.0021177210529438,0.6864473978678386,0.2858686093930845,2,0.0021177210529438,0.6864473978678386,59.96002664890073
flipped_part_004.mp4,1988,0,2,0.0021479765962188,0.6864375432332357,0.1249543366608796,2,0.0021479765962188,0.6864659627278645,59.96002664890073
flipped_part_004.mp4,1989,0,2,0.0021499641901054,0.6866567611694336,0.2879216512044271,2,0.0021499641901054,0.6867080688476562,59.96002664890073
flipped_part_004.mp4,1990,0,2,0.0021137246067519,0.6866555531819661,0.2868662516276041,2,0.0021137246067519,0.6866555531819661,59.96002664890073
flipped_part_004.mp4,1991,0,2,0.0020711678562737,0.686650276184082,0.2858472188313802,2,0.0020711678562737,0.6866810480753581,59.96002664890073
flipped_part_004.mp4,1992,0,2,0.0020761083454514,0.6866477330525717,0.2850012885199652,2,0.0020761083454514,0.6867683410644532,59.96002664890073
flipped_part_004.mp4,1993,0,2,0.0020341451135108,0.6867977778116862,0.1084023652253327,2,0.0020341451135108,0.6867977778116862,59.96002664890073
flipped_part_004.mp4,1994,0,2,0.0020833265919484,0.6868649164835612,0.1076750013563368,2,0.0020833265919484,0.6868649164835612,59.96002664890073
flipped_part_004.mp4,1995,0,2,0.0021170563622788,0.6870353698730469,0.1078250178584346,2,0.0021170563622788,0.6870353698730469,59.96002664890073
flipped_part_004.mp4,1996,0,2,0.0021576493047177,0.6872393290201823,0.106878662109375,2,0.0021576493047177,0.6872393290201823,59.96002664890073
flipped_part_004.mp4,1997,0,2,0.0022233662717755,0.6875249862670898,0.1050277709960937,2,0.0022233662717755,0.6875249862670898,59.96002664890073
flipped_part_004.mp4,1998,0,2,0.0022987356425599,0.687721061706543,0.1023503056278935,2,0.0022987356425599,0.687721061706543,59.96002664890073
flipped_part_004.mp4,1999,0,2,0.0022281284016854,0.6880006790161133,0.100731771963614,2,0.0022281284016854,0.6880006790161133,59.96002664890073
flipped_part_004.mp4,2000,0,2,0.0023128764032056,0.6888722101847331,0.0974897879141348,2,0.0023128764032056,0.6888722101847331,59.96002664890073
flipped_part_004.mp4,2001,0,2,0.0022419203900628,0.6898707707722982,0.0934075249565972,2,0.0022419203900628,0.6898707707722982,59.96002664890073
flipped_part_004.mp4,2002,0,2,0.0023546567556008,0.6900753021240235,0.0926052517361111,2,0.0023546567556008,0.6900753021240235,59.96002664890073
flipped_part_004.mp4,2003,0,2,0.002408089848468,0.6901226043701172,0.0917402761953848,2,0.002408089848468,0.6901226043701172,59.96002664890073
flipped_part_004.mp4,2004,0,2,0.0025279009916185,0.6903190612792969,0.0872328299063223,2,0.0025279009916185,0.6903190612792969,59.96002664890073
flipped_part_004.mp4,2005,0,2,0.0026186345598964,0.6905920028686523,0.0834595009132667,2,0.0026186345598964,0.6905920028686523,59.96002664890073
flipped_part_004.mp4,2006,0,2,0.0026446544067261,0.6909151077270508,0.0793472290039062,2,0.0026446544067261,0.6909151077270508,59.96002664890073
flipped_part_004.mp4,2007,0,2,0.002525343158292,0.6912783940633138,0.0759565847891348,2,0.002525343158292,0.6912783940633138,59.96002664890073
flipped_part_004.mp4,2008,0,2,0.0026142472386062,0.6918089548746745,0.0785378350151909,2,0.0026142472386062,0.6918089548746745,59.96002664890073
flipped_part_004.mp4,2009,0,2,0.0026456448702245,0.6922685623168945,0.0754557291666666,2,0.0026456448702245,0.6922685623168945,59.96002664890073
flipped_part_004.mp4,2010,0,2,0.0026306671804438,0.6925437927246094,0.0732757568359375,2,0.0026306671804438,0.6925437927246094,59.96002664890073
flipped_part_004.mp4,2011,0,2,0.0026590314712343,0.6924840927124023,0.0707079004358362,2,0.0026590314712343,0.6924840927124023,59.96002664890073
flipped_part_004.mp4,2012,0,2,0.002635718647189,0.6926486968994141,0.0683972111454716,2,0.002635718647189,0.6926486968994141,59.96002664890073
flipped_part_004.mp4,2013,0,2,0.0025667947707794,0.6929875055948893,0.0650506761338975,2,0.0025667947707794,0.6929875055948893,59.96002664890073
flipped_part_004.mp4,2014,0,2,0.0027085468169523,0.6934963862101237,0.0617526866771556,2,0.0027085468169523,0.6934963862101237,59.96002664890073
flipped_part_004.mp4,2015,0,3,0.0040259240706951,0.7076462427775065,0.8764745641637731,2,0.0026719372832384,0.6934216817220052,59.96002664890073
flipped_part_004.mp4,2016,0,3,0.00394618217303,0.706898562113444,0.8691999647352431,2,0.0026341273198924,0.6935729344685873,59.96002664890073
flipped_part_004.mp4,2017,0,3,0.0037376051970447,0.7051504135131836,0.864276914243345,2,0.0026404782758618,0.6935848871866862,59.96002664890073
flipped_part_004.mp4,2018,0,3,0.0033586288217662,0.7035131454467773,0.8639217800564236,2,0.0027921418198308,0.6941118876139323,59.96002664890073
flipped_part_004.mp4,2019,0,3,0.0033129052727923,0.7043261210123698,0.8606861820927373,2,0.0029085696441944,0.6942785898844401,59.96002664890073
flipped_part_004.mp4,2020,0,3,0.00345083752439,0.7060832977294922,0.8593202379014757,2,0.0028658391760243,0.6944626490275065,59.96002664890073
flipped_part_004.mp4,2021,0,3,0.003398032564922,0.7060782114664713,0.8598818743670428,2,0.0027676071528414,0.6946276346842448,59.96002664890073
flipped_part_004.mp4,2022,0,3,0.0035405484773218,0.7066864013671875,0.852740478515625,2,0.0027014711247951,0.6947439829508464,59.96002664890073
flipped_part_004.mp4,2023,0,3,0.0033835384706293,0.7058650334676106,0.8520572238498264,2,0.0027775347364755,0.694847297668457,59.96002664890073
flipped_part_004.mp4,2024,0,3,0.0033773160287226,0.7058246612548829,0.8484974613896122,2,0.0027932931549622,0.6949765523274739,59.96002664890073
flipped_part_004.mp4,2025,0,3,0.0033430013503451,0.7056648890177409,0.8469571714048032,2,0.0028758537280265,0.695141092936198,59.96002664890073
flipped_part_004.mp4,2026,0,3,0.0035219610821783,0.704907480875651,0.8477587664568865,2,0.0029119119300351,0.6954210281372071,59.96002664890073
flipped_part_004.mp4,2027,0,3,0.003221766749274,0.7045415242513021,0.8454703436957465,2,0.0030176955966507,0.6957942962646484,59.96002664890073
flipped_part_004.mp4,2028,0,2,0.0030222302902849,0.6959641138712566,0.019272557011357,2,0.0030222302902849,0.6959641138712566,59.96002664890073
flipped_part_004.mp4,2029,0,2,0.003010964971165,0.6964303334554036,0.0163426717122395,2,0.003010964971165,0.6964303334554036,59.96002664890073
flipped_part_004.mp4,2030,0,2,0.0029886763526829,0.6970333735148112,0.0097752606427228,2,0.0029886763526829,0.6970333735148112,59.96002664890073
flipped_part_004.mp4,2031,0,2,0.0030933232358002,0.6978068033854167,0.0080112315990306,2,0.0030933232358002,0.6978068033854167,59.96002664890073
flipped_part_004.mp4,2032,0,2,0.0031542412131966,0.6985985438028971,0.0022809346516927,2,0.0031542412131966,0.6985985438028971,59.96002664890073
flipped_part_004.mp4,2033,0,2,0.0033106498940981,0.6988222122192382,0.0015879878291377,2,0.0033106498940981,0.6988222122192382,59.96002664890073
flipped_part_004.mp4,2034,0,2,0.0033658287406577,0.6987209955851237,0.0005159731264467,2,0.0033658287406577,0.6987209955851237,59.96002664890073
flipped_part_004.mp4,2035,0,2,0.0033979736068027,0.6989540100097656,0.0023633038556134,2,0.0033979736068027,0.6989540100097656,59.96002664890073
flipped_part_004.mp4,2036,0,2,0.0034468124317128,0.6993309020996094,0.0073989585593894,2,0.0034468124317128,0.6993309020996094,59.96002664890073
flipped_part_004.mp4,2037,0,2,0.0034840892683779,0.6998467127482096,0.010278828938802,2,0.0034840892683779,0.6998467127482096,59.96002664890073
flipped_part_004.mp4,2038,0,2,0.0034658770926061,0.7002953211466472,0.014970878318504,2,0.0034658770926061,0.7002953211466472,59.96002664890073
flipped_part_004.mp4,2039,0,2,0.0034962121447056,0.7003608067830404,0.0169950697157118,2,0.0034962121447056,0.7003608067830404,59.96002664890073
flipped_part_004.mp4,2040,0,2,0.0035673843665238,0.7007072448730469,0.0209063777217158,2,0.0035673843665238,0.7007072448730469,59.96002664890073
flipped_part_004.mp4,2041,0,2,0.0036719628663612,0.7008440653483073,0.0241013986093026,2,0.0036719628663612,0.7008440653483073,59.96002664890073
flipped_part_004.mp4,2042,0,2,0.0038001163057439,0.7008663813273112,0.0274636162651909,2,0.0038001163057439,0.7008663813273112,59.96002664890073
flipped_part_004.mp4,2043,0,2,0.0037106014061363,0.7011419296264648,0.0302671361852575,2,0.0037106014061363,0.7011419296264648,59.96002664890073
flipped_part_004.mp4,2044,0,2,0.0037031339777361,0.7014527002970378,0.0319343284324363,2,0.0037031339777361,0.7014527002970378,59.96002664890073
flipped_part_004.mp4,2045,0,2,0.0038246163379517,0.7019107818603516,0.0343967579029224,2,0.0038246163379517,0.7019107818603516,59.96002664890073
flipped_part_004.mp4,2046,0,2,0.0038432224033318,0.7022633234659831,0.0361358360007957,2,0.0038432224033318,0.7022633234659831,59.96002664890073
flipped_part_004.mp4,2047,0,2,0.0039526989897907,0.7023632685343425,0.0382798088921441,2,0.0039526989897907,0.7023632685343425,59.96002664890073
flipped_part_004.mp4,2048,0,2,0.0039980384772126,0.702631950378418,0.0468354401765046,2,0.0039980384772126,0.702631950378418,59.96002664890073
flipped_part_004.mp4,2049,0,2,0.0040581018624059,0.7027304331461589,0.048587488245081,2,0.0040581018624059,0.7027304331461589,59.96002664890073
flipped_part_004.mp4,2050,0,2,0.0040095030236989,0.7027413050333658,0.051908704969618,2,0.0040095030236989,0.7027413050333658,59.96002664890073
flipped_part_004.mp4,2051,0,3,0.0040260431612195,0.7030275344848633,0.0550456294307002,2,0.0040260431612195,0.7030275344848633,59.96002664890073
flipped_part_004.mp4,2052,0,2,0.0040821230315486,0.7032342910766601,0.0576028894495081,2,0.0040821230315486,0.7032342910766601,59.96002664890073
flipped_part_004.mp4,2053,0,2,0.004106161314897,0.7034644444783529,0.0626022338867187,2,0.004106161314897,0.7034644444783529,59.96002664890073
flipped_part_004.mp4,2054,0,2,0.0042557884701441,0.7043294906616211,0.066340919777199,2,0.0042557884701441,0.7043294906616211,59.96002664890073
flipped_part_004.mp4,2055,0,2,0.0043355933265519,0.7046064376831055,0.0708716498480902,2,0.0043355933265519,0.7046064376831055,59.96002664890073
flipped_part_004.mp4,2056,0,2,0.0044195514524795,0.7049455642700195,0.0749990957754629,2,0.0044195514524795,0.7049455642700195,59.96002664890073
flipped_part_004.mp4,2057,0,2,0.0043604338027099,0.7053352991739908,0.0792275887948495,2,0.0043604338027099,0.7053352991739908,59.96002664890073
flipped_part_004.mp4,2058,0,2,0.0045500965296135,0.7059871673583984,0.0815791377314814,2,0.0045500965296135,0.7059871673583984,59.96002664890073
flipped_part_004.mp4,2059,0,2,0.00449276668136,0.7061201095581054,0.0871929027416087,2,0.00449276668136,0.7061201095581054,59.96002664890073
flipped_part_004.mp4,2060,0,2,0.004556849830745,0.7061691919962565,0.0906541047272858,2,0.004556849830745,0.7061691919962565,59.96002664890073
flipped_part_004.mp4,2061,0,2,0.0045801671576595,0.7062908808390299,0.0939903541847511,2,0.0045801671576595,0.7062908808390299,59.96002664890073
flipped_part_004.mp4,2062,0,2,0.0046437556316959,0.7061300913492838,0.0979242960611979,2,0.0046437556316959,0.7061300913492838,59.96002664890073
flipped_part_004.mp4,2063,0,2,0.0045608038491465,0.7058235168457031,0.1024715847439236,2,0.0045608038491465,0.7058235168457031,59.96002664890073
flipped_part_004.mp4,2064,0,2,0.0048482965131471,0.7062747319539388,0.1098327071578414,2,0.0048482965131471,0.7062747319539388,59.96002664890073
flipped_part_004.mp4,2065,0,2,0.0049445894495066,0.7065498987833659,0.1156819661458333,2,0.0049445894495066,0.7065498987833659,59.96002664890073
flipped_part_004.mp4,2066,0,2,0.0048001805309602,0.7071315765380859,0.115464613172743,2,0.0048001805309602,0.7071315765380859,59.96002664890073
flipped_part_004.mp4,2067,0,2,0.0048067437132596,0.7071810404459635,0.1165347063982928,2,0.0048067437132596,0.7071810404459635,59.96002664890073
flipped_part_004.mp4,2068,0,2,0.00481457568372,0.7074365615844727,0.1191157023111979,2,0.00481457568372,0.7074365615844727,59.96002664890073
flipped_part_004.mp4,2069,0,2,0.0049992737942375,0.7075372695922851,0.1232200905128761,2,0.0049992737942375,0.7075372695922851,59.96002664890073
flipped_part_004.mp4,2070,0,2,0.0050527219980722,0.7077672958374024,0.1281057852285879,2,0.0050527219980722,0.7077672958374024,59.96002664890073
flipped_part_004.mp4,2071,0,2,0.0050172885892881,0.7074761072794596,0.1314672964590567,2,0.0050172885892881,0.7074761072794596,59.96002664890073
flipped_part_004.mp4,2072,0,2,0.0052216436644947,0.7078364690144857,0.1346155237268518,2,0.0052216436644947,0.7078364690144857,59.96002664890073
flipped_part_004.mp4,2073,0,2,0.0052751997295719,0.7083958307902019,0.1409518206561053,2,0.0052751997295719,0.7083958307902019,59.96002664890073
flipped_part_004.mp4,2074,0,2,0.0054360479529714,0.7088156382242838,0.1462948269314236,2,0.0054360479529714,0.7088156382242838,59.96002664890073
flipped_part_004.mp4,2075,0,2,0.005627798702723,0.7101401011149089,0.1486562093098958,2,0.005627798702723,0.7101401011149089,59.96002664890073
flipped_part_004.mp4,2076,0,2,0.0055009386215479,0.7091925303141277,0.1523025512695312,2,0.0055009386215479,0.7091925303141277,59.96002664890073
flipped_part_004.mp4,2077,0,2,0.0054367960931267,0.710569190979004,0.1558780246310764,2,0.0054367960931267,0.710569190979004,59.96002664890073
flipped_part_004.mp4,2078,0,2,0.0055488971827435,0.7106257120768229,0.1616946185076678,2,0.0055488971827435,0.7106257120768229,59.96002664890073
flipped_part_004.mp4,2079,0,2,0.0056240054606287,0.7109661102294922,0.1645781340422453,2,0.0056240054606287,0.7109661102294922,59.96002664890073
flipped_part_004.mp4,2080,0,2,0.0056768696105616,0.7113136927286784,0.1696686921296296,2,0.0056768696105616,0.7113136927286784,59.96002664890073
flipped_part_004.mp4,2081,0,2,0.0058873933527178,0.7115047454833985,0.173536060474537,2,0.0058873933527178,0.7115047454833985,59.96002664890073
flipped_part_004.mp4,2082,0,2,0.0061535643588285,0.7119717915852865,0.1818301730685763,2,0.0061535643588285,0.7119717915852865,59.96002664890073
flipped_part_004.mp4,2083,0,2,0.0060423657505048,0.7118602752685547,0.1853606612594039,2,0.0060423657505048,0.7118602752685547,59.96002664890073
flipped_part_004.mp4,2084,0,2,0.0061035143602122,0.7119369506835938,0.1888514200846354,2,0.0061035143602122,0.7119369506835938,59.96002664890073
flipped_part_004.mp4,2085,0,2,0.0061310440528905,0.7122460047403971,0.1903248539677372,2,0.0061310440528905,0.7122460047403971,59.96002664890073
flipped_part_004.mp4,2086,0,2,0.0063364188535854,0.7128089904785156,0.1949297304506655,2,0.0063364188535854,0.7128089904785156,59.96002664890073
flipped_part_004.mp4,2087,0,2,0.0063179119482757,0.7138471603393555,0.1959434226707176,2,0.0063179119482757,0.7138471603393555,59.96002664890073
flipped_part_004.mp4,2088,0,2,0.0064231266934722,0.7142876307169597,0.1979419284396701,2,0.0064231266934722,0.7142876307169597,59.96002664890073
flipped_part_004.mp4,2089,0,2,0.0064613016713539,0.7148565292358399,0.2018491391782407,2,0.0064613016713539,0.7148565292358399,59.96002664890073
flipped_part_004.mp4,2090,0,2,0.0066684318884896,0.7157417297363281,0.2091571949146412,2,0.0066684318884896,0.7157417297363281,59.96002664890073
flipped_part_004.mp4,2091,0,2,0.0070281546530356,0.7160272598266602,0.2151368317780671,2,0.0070281546530356,0.7160272598266602,59.96002664890073
flipped_part_004.mp4,2092,0,2,0.0070611470641085,0.7160053253173828,0.220460792824074,2,0.0070611470641085,0.7160053253173828,59.96002664890073
flipped_part_004.mp4,2093,0,2,0.0069836476463307,0.7159325917561848,0.2256874367042824,2,0.0069836476463307,0.7159325917561848,59.96002664890073
flipped_part_004.mp4,2094,0,3,0.0070574951754598,0.7160425186157227,0.2277200204354745,2,0.0070574951754598,0.7160425186157227,59.96002664890073
flipped_part_004.mp4,2095,0,2,0.0071834892840598,0.7162088394165039,0.2317493580005787,2,0.0071834892840598,0.7162088394165039,59.96002664890073
flipped_part_004.mp4,2096,0,2,0.0073226495197956,0.7165261586507161,0.2353013780381944,2,0.0073226495197956,0.7165261586507161,59.96002664890073
flipped_part_004.mp4,2097,0,3,0.007309708390083,0.7170529047648112,0.2375629566333912,2,0.007309708390083,0.7170529047648112,59.96002664890073
flipped_part_004.mp4,2098,0,2,0.0075733250771493,0.7177527109781902,0.2424554895471643,2,0.0075733250771493,0.7177527109781902,59.96002664890073
flipped_part_004.mp4,2099,0,3,0.0077040740230263,0.7179218928019205,0.25154379385489,2,0.0077040740230263,0.7179218928019205,59.96002664890073
flipped_part_004.mp4,2100,0,2,0.0076662896973343,0.7175378163655599,0.2560797232168692,2,0.0076662896973343,0.7175378163655599,59.96002664890073
flipped_part_004.mp4,2101,0,3,0.0077800268482813,0.7181616465250651,0.2619797318070023,2,0.0077800268482813,0.7181616465250651,59.96002664890073
flipped_part_004.mp4,2102,0,3,0.0077387167684112,0.7181379318237304,0.2672785441080729,2,0.0077387167684112,0.7181379318237304,59.96002664890073
flipped_part_004.mp4,2103,0,2,0.0077628968015778,0.718273417154948,0.2712517632378472,2,0.0077628968015778,0.718273417154948,59.96002664890073
flipped_part_004.mp4,2104,0,2,0.007841771057186,0.7187231063842774,0.2740442346643518,2,0.007841771057186,0.7187231063842774,59.96002664890073
flipped_part_004.mp4,2105,0,2,0.0080063177086412,0.7190580368041992,0.2813538727936921,2,0.0080063177086412,0.7190580368041992,59.96002664890073
flipped_part_004.mp4,2106,0,3,0.0085267210969403,0.7203936258951823,0.2872905024775752,2,0.0085267210969403,0.7203936258951823,59.96002664890073
flipped_part_004.mp4,2107,0,2,0.0086547190019498,0.7208200454711914,0.2918191415292245,2,0.0086547190019498,0.7208200454711914,59.96002664890073
flipped_part_004.mp4,2108,0,2,0.0087238645976744,0.7208000183105469,0.296365412959346,2,0.0087238645976744,0.7208000183105469,59.96002664890073
flipped_part_004.mp4,2109,0,2,0.0089949335119712,0.7213287989298502,0.3011664496527778,2,0.0089949335119712,0.7213287989298502,59.96002664890073
flipped_part_004.mp4,2110,0,2,0.0090512296630186,0.7212654113769531,0.3056992707429108,2,0.0090512296630186,0.7212654113769531,59.96002664890073
flipped_part_004.mp4,2111,0,2,0.0092115414635433,0.7216725031534831,0.3086541069878472,2,0.0092115414635433,0.7216725031534831,59.96002664890073
flipped_part_004.mp4,2112,0,2,0.009133847488556,0.7222129821777343,0.3166523686161748,2,0.009133847488556,0.7222129821777343,59.96002664890073
flipped_part_004.mp4,2113,0,2,0.0091770140163134,0.7221208572387695,0.3198910183376736,2,0.0091770140163134,0.7221208572387695,59.96002664890073
flipped_part_004.mp4,2114,0,2,0.0091435933927035,0.7224048614501953,0.3241885149920428,2,0.0091435933927035,0.7224048614501953,59.96002664890073
flipped_part_004.mp4,2115,0,2,0.0093393048086134,0.7224394480387369,0.3293689869068287,2,0.0093393048086134,0.7224394480387369,59.96002664890073
flipped_part_004.mp4,2116,0,2,0.00968480677871,0.7236631393432618,0.33630941885489,2,0.00968480677871,0.7236631393432618,59.96002664890073
flipped_part_004.mp4,2117,0,2,0.0098934799917818,0.7238878885904948,0.3418759946469907,2,0.0098934799917818,0.7238878885904948,59.96002664890073
flipped_part_004.mp4,2118,0,2,0.0099952374287251,0.7244628270467123,0.3463489108615451,2,0.0099952374287251,0.7244628270467123,59.96002664890073
flipped_part_004.mp4,2119,0,2,0.0102001229053389,0.7248198191324869,0.3482645670572916,2,0.0102001229053389,0.7248198191324869,59.96002664890073
flipped_part_004.mp4,2120,0,2,0.0102901949968051,0.7248480478922527,0.3546443232783565,2,0.0102901949968051,0.7248480478922527,59.96002664890073
flipped_part_004.mp4,2121,0,2,0.0104397966172028,0.7252065658569335,0.3595296223958333,2,0.0104397966172028,0.7252065658569335,59.96002664890073
flipped_part_004.mp4,2122,0,2,0.0107802076483494,0.7265533447265625,0.3649494877567997,2,0.0107802076483494,0.7265533447265625,59.96002664890073
flipped_part_004.mp4,2123,0,2,0.0109742315914869,0.7269069671630859,0.3701931423611111,2,0.0109742315914869,0.7269069671630859,59.96002664890073
flipped_part_004.mp4,2124,0,2,0.0111151837584286,0.7278721491495769,0.3736609564887153,2,0.0111151837584286,0.7278721491495769,59.96002664890073
flipped_part_004.mp4,2125,0,2,0.0116246157850966,0.7289490381876628,0.3801996301721643,2,0.0116246157850966,0.7289490381876628,59.96002664890073
flipped_part_004.mp4,2126,0,2,0.011911479764148,0.7297650019327799,0.3912004258897569,2,0.011911479764148,0.7297650019327799,59.96002664890073
flipped_part_004.mp4,2127,0,2,0.0120215241971891,0.7295358022054036,0.3971860532407407,2,0.0120215241971891,0.7295358022054036,59.96002664890073
flipped_part_004.mp4,2128,0,3,0.0122624081535333,0.7302606582641602,0.401007080078125,3,0.0122624081535333,0.7302606582641602,59.96002664890073
flipped_part_004.mp4,2129,0,2,0.012414957370374,0.7308162689208985,0.4066388730649595,2,0.012414957370374,0.7308162689208985,59.96002664890073
flipped_part_004.mp4,2130,0,2,0.0125280210096389,0.7317394256591797,0.4101267496744791,2,0.0125280210096389,0.7317394256591797,59.96002664890073
flipped_part_004.mp4,2131,0,2,0.0125013295933927,0.7319416046142578,0.4139719080041956,2,0.0125013295933927,0.7319416046142578,59.96002664890073
flipped_part_004.mp4,2132,0,2,0.0129838141745292,0.7331568400065104,0.4196785820855034,2,0.0129838141745292,0.7331568400065104,59.96002664890073
flipped_part_004.mp4,2133,0,2,0.0131880177192269,0.7340836842854818,0.4248194376627604,2,0.0131880177192269,0.7340836842854818,59.96002664890073
flipped_part_004.mp4,2134,0,2,0.0134760057829165,0.7348861694335938,0.4309449372468171,2,0.0134760057829165,0.7348861694335938,59.96002664890073
flipped_part_004.mp4,2135,0,2,0.0137935429234251,0.7351439158121745,0.4359818635163484,2,0.0137935429234251,0.7351439158121745,59.96002664890073
flipped_part_004.mp4,2136,0,2,0.0142433390907733,0.7367085138956706,0.4415085969147859,2,0.0142433390907733,0.7367085138956706,59.96002664890073
flipped_part_004.mp4,2137,0,2,0.0144606754851863,0.7364155451456705,0.4483545373987268,2,0.0144606754851863,0.7364155451456705,59.96002664890073
flipped_part_004.mp4,2138,0,2,0.0148238044195265,0.7377924601236979,0.4519191600658275,2,0.0148238044195265,0.7377924601236979,59.96002664890073
flipped_part_004.mp4,2139,0,3,0.0150027444530537,0.7388702392578125,0.4600290934244792,2,0.0150027444530537,0.7388702392578125,59.96002664890073
flipped_part_004.mp4,2140,0,2,0.015552134665432,0.7406766891479493,0.4651282416449653,2,0.015552134665432,0.7406766891479493,59.96002664890073
flipped_part_004.mp4,2141,0,2,0.0158769202198729,0.740771484375,0.470281982421875,2,0.0158769202198729,0.740771484375,59.96002664890073
flipped_part_004.mp4,2142,0,3,0.0161147670199473,0.7418306350708008,0.4742909749348958,2,0.0161147670199473,0.7418306350708008,59.96002664890073
flipped_part_004.mp4,2143,0,2,0.0166955775673354,0.7429794311523438,0.4799624407732928,2,0.0166955775673354,0.7429794311523438,59.96002664890073
flipped_part_004.mp4,2144,0,2,0.0173187660485725,0.7440138498942057,0.4907544736508969,2,0.0173187660485725,0.7440138498942057,59.96002664890073
flipped_part_004.mp4,2145,0,2,0.0177276526515682,0.7451571146647136,0.4959251686378761,2,0.0177276526515682,0.7451571146647136,59.96002664890073
flipped_part_004.mp4,2146,0,2,0.0182796027142063,0.746167246500651,0.5009810836226852,2,0.0182796027142063,0.746167246500651,59.96002664890073
flipped_part_004.mp4,2147,0,2,0.0186976409483597,0.7471998850504558,0.5024496572989005,2,0.0186976409483597,0.7471998850504558,59.96002664890073
flipped_part_004.mp4,2148,0,2,0.0192845159544958,0.7479761759440104,0.5078629670319734,2,0.0192845159544958,0.7479761759440104,59.96002664890073
flipped_part_004.mp4,2149,0,2,0.0194714202619959,0.7489336649576823,0.5143031932689526,2,0.0194714202619959,0.7489336649576823,59.96002664890073
flipped_part_004.mp4,2150,0,2,0.0197850364416781,0.7495526631673177,0.5240271109121817,2,0.0197850364416781,0.7495526631673177,59.96002664890073
flipped_part_004.mp4,2151,0,2,0.0199864616906658,0.7494676589965821,0.5326571429217303,2,0.0199864616906658,0.7494676589965821,59.96002664890073
flipped_part_004.mp4,2152,0,3,0.0202459489475909,0.7512194315592448,0.534287855360243,3,0.0202459489475909,0.7512194315592448,59.96002664890073
flipped_part_004.mp4,2153,0,2,0.0210019113397963,0.7525887171427409,0.5403957225658276,2,0.0210019113397963,0.7525887171427409,59.96002664890073
flipped_part_004.mp4,2154,0,2,0.0217747825803235,0.7532646179199218,0.550348409016927,2,0.0217747825803235,0.7532646179199218,59.96002664890073
flipped_part_004.mp4,2155,0,3,0.0224583803525699,0.7544268290201823,0.554592838993779,2,0.0224583803525699,0.7544268290201823,59.96002664890073
flipped_part_004.mp4,2156,0,4,0.0231351348542698,0.7550226847330729,0.5628419664171007,2,0.0231351348542698,0.7550226847330729,59.96002664890073
flipped_part_004.mp4,2157,0,3,0.0235844915857348,0.7554899215698242,0.5703894155996817,2,0.0235844915857348,0.7554899215698242,59.96002664890073
flipped_part_004.mp4,2158,0,2,0.0244558140334211,0.758228874206543,0.5705386126482929,2,0.0244558140334211,0.758228874206543,59.96002664890073
flipped_part_004.mp4,2159,0,2,0.0250226485268622,0.759385363260905,0.5758987426757812,2,0.0250226485268622,0.759385363260905,59.96002664890073
flipped_part_004.mp4,2160,0,2,0.0255197339864551,0.7603120803833008,0.5845380995008681,2,0.0255197339864551,0.7603120803833008,59.96002664890073
flipped_part_004.mp4,2161,0,2,0.0262537239398807,0.7625778834025065,0.5891268694842303,2,0.0262537239398807,0.7625778834025065,59.96002664890073
flipped_part_004.mp4,2162,0,2,0.0268772933039279,0.7640839258829752,0.5990305017541956,2,0.0268772933039279,0.7640839258829752,59.96002664890073
flipped_part_004.mp4,2163,0,2,0.027593723013997,0.7648500442504883,0.6069105360243056,1,0.0016388298212809,0.6953205744425456,59.96002664890073
flipped_part_004.mp4,2164,0,3,0.028052799241171,0.7670236587524414,0.6138639662000868,1,0.0016485725379122,0.6954485575358073,59.96002664890073
flipped_part_004.mp4,2165,0,3,0.0288556572370213,0.7674549738566081,0.6256035698784722,1,0.0016328834929218,0.6957021713256836,59.96002664890073
flipped_part_004.mp4,2166,0,3,0.0298875395399712,0.7691208521525065,0.6348146226671006,1,0.0016108296002601,0.6958335876464844,59.96002664890073
flipped_part_004.mp4,2167,0,2,0.0302655281092975,0.7707700729370117,0.638664471661603,1,0.0016207820704612,0.6959524790445963,59.96002664890073
flipped_part_004.mp4,2168,0,3,0.0309534111160448,0.7714665730794271,0.644975111219618,1,0.0016227270366141,0.696019172668457,59.96002664890073
flipped_part_004.mp4,2169,0,3,0.0327767365410303,0.7755953470865885,0.654047535083912,1,0.0016174774433979,0.6959723154703776,59.96002664890073
flipped_part_004.mp4,2170,0,2,0.0333663896001073,0.776161003112793,0.6612742106119792,1,0.0016355498036298,0.6960622787475585,59.96002664890073
flipped_part_004.mp4,2171,0,3,0.0350302413424166,0.7781561533610026,0.6726572672526042,1,0.0016652705316664,0.6959768295288086,59.96002664890073
flipped_part_004.mp4,2172,0,3,0.0357997558553082,0.7795743942260742,0.6780976472077547,1,0.0016770105850042,0.6959753036499023,59.96002664890073
flipped_part_004.mp4,2173,0,3,0.0363136192170413,0.7806874593098958,0.6807146425600406,1,0.0016909546871169,0.696125602722168,59.96002664890073
flipped_part_004.mp4,2174,0,2,0.0365416620162863,0.7815431594848633,0.6834758052119503,1,0.0016173554284291,0.695834732055664,59.96002664890073
flipped_part_004.mp4,2175,0,2,0.0363260353370828,0.7824247360229493,0.6869798448350695,1,0.0015641958146901,0.6956688563028971,59.96002664890073
flipped_part_004.mp4,2176,0,2,0.036426475406689,0.7844889322916667,0.6868832058376736,1,0.001506953496072,0.6954978942871094,59.96002664890073
flipped_part_004.mp4,2177,0,2,0.0366389176086522,0.7852802912394206,0.6883992513020833,1,0.0014967326715122,0.6955738703409831,59.96002664890073
flipped_part_004.mp4,2178,0,2,0.0371435630189565,0.7882761637369792,0.6898384941948785,1,0.0015058282991931,0.6956435521443685,59.96002664890073
flipped_part_004.mp4,2179,0,3,0.0377868046140712,0.7909706751505534,0.6933103773328994,1,0.0015411874353432,0.6956091562906901,59.96002664890073
flipped_part_004.mp4,2180,0,2,0.0382153070998093,0.7918682098388672,0.6924374050564236,1,0.0016028716710085,0.6956693649291992,59.96002664890073
flipped_part_004.mp4,2181,0,2,0.0381480045327133,0.7922950744628906,0.6916140521014178,1,0.0016336926906337,0.6957256317138671,59.96002664890073
flipped_part_004.mp4,2182,0,3,0.0376154599651474,0.7921442031860352,0.6927740591543692,2,0.0016826917674323,0.6965326309204102,59.96002664890073
flipped_part_004.mp4,2183,0,3,0.0383228481873973,0.7951732635498047,0.6965027985749421,2,0.001670580997062,0.6965458552042644,59.96002664890073
flipped_part_004.mp4,2184,0,4,0.0365493877875269,0.7932821273803711,0.7037146109121817,2,0.0016584975630394,0.6964559555053711,59.96002664890073
flipped_part_004.mp4,2185,0,3,0.0371183262998238,0.7952053705851237,0.7039445665147569,2,0.0015996733250762,0.6963042577107748,59.96002664890073
flipped_part_004.mp4,2186,0,4,0.0375090576112011,0.7966049194335938,0.7051070601851852,2,0.0015926903749982,0.6963495254516602,59.96002664890073
flipped_part_004.mp4,2187,0,3,0.0381856082897219,0.8004777908325196,0.7061225043402778,1,0.0015774933929787,0.6964499155680338,59.96002664890073
flipped_part_004.mp4,2188,0,4,0.0390832232562307,0.8024038950602214,0.704630872938368,2,0.001571210593274,0.696682357788086,59.96002664890073
flipped_part_004.mp4,2189,0,4,0.0395858797741864,0.8049673716227214,0.7054579558195891,2,0.0015779554463612,0.6967268625895182,59.96002664890073
flipped_part_004.mp4,2190,0,4,0.0394503721041729,0.8052530288696289,0.706635821307147,2,0.0015900414694247,0.6968852996826171,59.96002664890073
flipped_part_004.mp4,2191,0,3,0.039622983359764,0.8075033187866211,0.7069691410771123,2,0.0015666402296959,0.6969361623128255,59.96002664890073
flipped_part_004.mp4,2192,0,2,0.0416446722850324,0.8144190470377605,0.7092915287724247,1,0.0014811686892062,0.6964879989624023,59.96002664890073
flipped_part_004.mp4,2193,0,2,0.0409843332072099,0.8143385569254558,0.7139892578125,1,0.0014658910063897,0.696383539835612,59.96002664890073
flipped_part_004.mp4,2194,0,3,0.0421296688099391,0.8190239588419597,0.7176242404513888,1,0.0014653653406572,0.6965032577514648,59.96002664890073
flipped_part_004.mp4,2195,0,3,0.0418551197019405,0.8199528376261394,0.7199737548828125,1,0.0015385263254521,0.6975544611612956,59.96002664890073
flipped_part_004.mp4,2196,0,3,0.0420520214131353,0.8225458145141602,0.7202819259078415,1,0.0015301023270607,0.6976068496704102,59.96002664890073
flipped_part_004.mp4,2197,0,3,0.0425490769746937,0.8270015716552734,0.7212514241536458,1,0.0014588524336297,0.6971864700317383,59.96002664890073
flipped_part_004.mp4,2198,0,3,0.0434448866869637,0.8293848037719727,0.7221451935944734,1,0.0013914691689794,0.6970396041870117,59.96002664890073
flipped_part_004.mp4,2199,0,4,0.0434457333521762,0.8336458206176758,0.7261281331380208,1,0.001370820503518,0.6970020294189453,59.96002664890073
flipped_part_004.mp4,2200,0,4,0.044022068924581,0.836436144510905,0.7269463433159722,2,0.0012785437734338,0.6969941457112631,59.96002664890073
flipped_part_004.mp4,2201,0,3,0.0445083081915853,0.8391297022501628,0.7282693933557581,1,0.0014647191699219,0.6977603912353516,59.96002664890073
flipped_part_004.mp4,2202,0,4,0.0447722363508777,0.8415838241577148,0.7313242029260706,2,0.0014417703619714,0.6986085891723632,59.96002664890073
flipped_part_004.mp4,2203,0,4,0.0450169455169421,0.8432142257690429,0.7328385529694734,2,0.0014313415251294,0.6992703119913737,59.96002664890073
flipped_part_004.mp4,2204,0,3,0.0453524871135596,0.8449260711669921,0.733868408203125,1,0.001455929968506,0.6983070373535156,59.96002664890073
flipped_part_004.mp4,2205,0,4,0.045038501796457,0.8449461619059245,0.7366559629087095,2,0.0013644385947231,0.6987510681152344,59.96002664890073
flipped_part_004.mp4,2206,0,4,0.0457993296800069,0.850213623046875,0.7399535567672164,2,0.0013502176678351,0.6991401672363281,59.96002664890073
flipped_part_004.mp4,2207,0,4,0.0460102907007805,0.8515174865722657,0.7397764417860243,2,0.001434453264255,0.6995016098022461,59.96002664890073
flipped_part_004.mp4,2208,0,4,0.0462482566190711,0.8537035624186198,0.7418583622685185,3,0.001635960789836,0.6991870880126954,59.96002664890073
flipped_part_004.mp4,2209,0,3,0.0449997942037104,0.8511804580688477,0.7449562355324074,2,0.0009719112086185,0.6990104675292969,59.96002664890073
flipped_part_004.mp4,2210,0,3,0.0434754188397265,0.8459243774414062,0.7452246206778067,2,0.0008365627266768,0.6992307662963867,59.96002664890073
flipped_part_004.mp4,2211,0,4,0.0421661947227591,0.8422029495239258,0.747944810655382,3,0.001532390357432,0.6995012919108073,59.96002664890073
flipped_part_004.mp4,2212,0,3,0.0401730411756966,0.8362987518310547,0.7513586538809317,2,0.0008145507300893,0.6997648874918619,59.96002664890073
flipped_part_004.mp4,2213,0,3,0.0400400639123593,0.8369723002115885,0.7531541047272858,2,0.0007628584849464,0.6996734619140625,59.96002664890073
flipped_part_004.mp4,2214,0,4,0.040149552032871,0.837923812866211,0.7537342777958622,3,0.0013143244769728,0.7000577290852864,59.96002664890073
flipped_part_004.mp4,2215,0,4,0.0396605203598543,0.8375633239746094,0.756039372196904,3,0.0014822686230763,0.7001722971598308,59.96002664890073
flipped_part_004.mp4,2216,0,3,0.0401764249273886,0.8406696319580078,0.7572079128689236,2,0.0008619044576361,0.6989380518595377,59.96002664890073
flipped_part_004.mp4,2217,0,3,0.0394948634495894,0.8403647104899089,0.7607523035120081,2,0.0007728255899564,0.699490737915039,59.96002664890073
flipped_part_004.mp4,2218,0,5,0.0400029002509351,0.8412506103515625,0.7638559412073206,3,0.001511520424392,0.7010276794433594,59.96002664890073
flipped_part_004.mp4,2219,0,5,0.0393981335831146,0.8414984385172526,0.7664174962926794,3,0.0011017541229699,0.7003904342651367,59.96002664890073
flipped_part_004.mp4,2220,0,5,0.0394417662972032,0.8450976053873698,0.7696035879629629,3,0.0010225035064676,0.6996934890747071,59.96002664890073
flipped_part_004.mp4,2221,0,4,0.0382758197834374,0.8431144714355469,0.7718044139720776,3,0.0014712772284811,0.7009025573730469,59.96002664890073
flipped_part_004.mp4,2222,0,4,0.0381789915501657,0.8431013107299805,0.7723931206597222,3,0.0011871455166018,0.6998904546101888,59.96002664890073
flipped_part_004.mp4,2223,0,4,0.0378151402848716,0.844856325785319,0.776087725604022,3,0.0014481620089564,0.7012628555297852,59.96002664890073
flipped_part_004.mp4,2224,0,3,0.0376599751835413,0.846377182006836,0.7800550672743055,2,0.0015262939342776,0.7008318583170573,59.96002664890073
flipped_part_004.mp4,2225,0,4,0.037310238177888,0.8485723495483398,0.7835150824652778,3,0.0011160470391041,0.7006404876708985,59.96002664890073
flipped_part_004.mp4,2226,0,3,0.0368516379994495,0.8495413462320963,0.7858896891276042,2,0.0008330892501463,0.7005562464396159,59.96002664890073
flipped_part_004.mp4,2227,0,4,0.036628553737537,0.8520669937133789,0.7900054931640625,3,0.0012730255078403,0.7006422678629557,59.96002664890073
flipped_part_004.mp4,2228,0,4,0.0364023863218284,0.8521633148193359,0.7917678267867477,3,0.0013963452560656,0.7007752100626627,59.96002664890073
flipped_part_004.mp4,2229,0,2,0.0360221114147376,0.852845573425293,0.7943430582682292,1,0.0007682730059928,0.698131815592448,59.96002664890073
flipped_part_004.mp4,2230,0,3,0.0361033252104082,0.8539107004801433,0.7963392469618056,2,0.0007300118141898,0.7004426956176758,59.96002664890073
flipped_part_004.mp4,2231,0,2,0.0358952991049995,0.8571564356486002,0.8015964084201389,1,0.0007723938208073,0.697939682006836,59.96002664890073
flipped_part_004.mp4,2232,0,2,0.0353179480715325,0.858595339457194,0.8054663198965567,1,0.0007425666388977,0.6985471725463868,59.96002664890073
flipped_part_004.mp4,2233,0,3,0.0352669673051288,0.8612061182657877,0.809599530255353,2,0.000711926557738,0.7003449122111003,59.96002664890073
flipped_part_004.mp4,2234,0,5,0.035080922836787,0.864984130859375,0.8145558675130208,4,0.0015278665625319,0.7011621475219727,59.96002664890073
flipped_part_004.mp4,2235,0,3,0.0343413598768637,0.868182373046875,0.8190290662977431,2,0.000756402048735,0.7006097793579101,59.96002664890073
flipped_part_004.mp4,2236,0,4,0.035071615619171,0.8731555938720703,0.8215664333767361,3,0.0011572608124374,0.7006324132283529,59.96002664890073
flipped_part_004.mp4,2237,0,4,0.0349950187071226,0.8731709162394206,0.8215457492404514,3,0.0012888712522625,0.7005405426025391,59.96002664890073
flipped_part_004.mp4,2238,0,4,0.0346757117684723,0.8769760767618815,0.8258229573567708,3,0.0008635201326493,0.7008155186971029,59.96002664890073
flipped_part_004.mp4,2239,0,3,0.0347341640440518,0.8816984176635743,0.8306263676396123,2,0.0007214332690637,0.7010185241699218,59.96002664890073
flipped_part_004.mp4,2240,0,4,0.0341161346214788,0.8844215393066406,0.8356825086805556,3,0.0010898992425063,0.7009869257609049,59.96002664890073
flipped_part_004.mp4,2241,0,3,0.0336334154241787,0.8891216913859049,0.8422583120840567,2,0.0007412112206414,0.7007374445597331,59.96002664890073
flipped_part_004.mp4,2242,0,4,0.03275183602759,0.8933923721313477,0.8454582496925637,3,0.0010236577006713,0.7009008407592774,59.96002664890073
flipped_part_004.mp4,2243,0,3,0.0320262272395969,0.8965564727783203,0.8531941731770833,2,0.0008141924489367,0.7001729965209961,59.96002664890073
flipped_part_004.mp4,2244,0,3,0.0310791097898294,0.8987637201944987,0.8595253273292824,2,0.000835882970369,0.6996461232503255,59.96002664890073
flipped_part_004.mp4,2245,0,3,0.0299037891505559,0.9030235290527344,0.8675714563440393,2,0.0007299762959703,0.6995206832885742,59.96002664890073
flipped_part_004.mp4,2246,0,3,0.0281651248103352,0.9053114573160808,0.8717413443106192,2,0.0008549773266228,0.6997560501098633,59.96002664890073
flipped_part_004.mp4,2247,0,2,0.0269814236706588,0.9065444946289064,0.8774993896484375,1,0.0006940012041013,0.6980461756388346,59.96002664890073
flipped_part_004.mp4,2248,0,3,0.0256379282529707,0.90334898630778,0.8866644965277778,2,0.000845473709126,0.6999879201253255,59.96002664890073
flipped_part_004.mp4,2249,0,2,0.0230568143100094,0.9011272430419922,0.89570883291739,1,0.0006514955091309,0.6970273335774739,59.96002664890073
flipped_part_004.mp4,2250,0,3,0.020398157890886,0.8906242370605468,0.9027223375108508,2,0.0009336344989154,0.7001165390014649,59.96002664890073
flipped_part_004.mp4,2251,0,3,0.0156661142853813,0.8609073638916016,0.9121579770688656,2,0.0009697049565147,0.7004831949869792,59.96002664890073
flipped_part_004.mp4,2252,0,3,0.0136997509660647,0.8584110260009765,0.9206803498444732,2,0.000871836587903,0.7012678782145182,59.96002664890073
flipped_part_004.mp4,2253,0,3,0.0121698824894782,0.8560836791992188,0.9278605708369504,2,0.0008813899896254,0.7012754440307617,59.96002664890073
flipped_part_004.mp4,2254,0,3,0.0103278849101237,0.8551721572875977,0.9402345445421006,2,0.0007186497781529,0.7001777648925781,59.96002664890073
flipped_part_004.mp4,2255,0,2,0.0008213523167392,0.7002651214599609,0.1207381637008101,2,0.0008213523167392,0.7002651214599609,59.96002664890073
flipped_part_004.mp4,2256,0,2,0.0008038034914837,0.7000883102416993,0.120707533094618,2,0.0008038034914837,0.7000883102416993,59.96002664890073
flipped_part_004.mp4,2257,0,2,0.0007253338660423,0.69983336130778,0.1244233873155381,2,0.0007253338660423,0.69983336130778,59.96002664890073
flipped_part_004.mp4,2258,0,2,0.0007874817791162,0.6998472849527995,0.1243082682291666,2,0.0007874817791162,0.6998472849527995,59.96002664890073
flipped_part_004.mp4,2259,0,2,0.0007030280887071,0.6998036066691081,0.1237791273328993,2,0.0007030280887071,0.6998036066691081,59.96002664890073
flipped_part_004.mp4,2260,0,2,0.0006834630715052,0.7000274658203125,0.1260792484989872,2,0.0006834630715052,0.7000274658203125,59.96002664890073
flipped_part_004.mp4,2261,0,2,0.0006393424535377,0.6998736063639323,0.1281317816840277,2,0.0006393424535377,0.6998736063639323,59.96002664890073
flipped_part_004.mp4,2262,0,2,0.0006285427430702,0.7001915613810221,0.126090183964482,2,0.0006285427430702,0.7001915613810221,59.96002664890073
flipped_part_004.mp4,2263,0,1,0.0007087845675091,0.6993435541788737,0.1386288960774739,1,0.0007087845675091,0.6993435541788737,59.96002664890073
flipped_part_004.mp4,2264,0,1,0.000838850803864,0.6990745544433594,0.1465460035536024,1,0.000838850803864,0.6990745544433594,59.96002664890073
flipped_part_004.mp4,2265,0,3,0.0008330104351625,0.6986249923706055,0.145605977376302,3,0.0008330104351625,0.6991044998168945,59.96002664890073
flipped_part_004.mp4,2266,0,2,0.0008578841541344,0.6988001505533854,0.1483864960847077,2,0.0008578841541344,0.6988001505533854,59.96002664890073
flipped_part_004.mp4,2267,0,2,0.0006928797203107,0.6948952356974284,0.2474686799225983,2,0.0006928797203107,0.6979693730672201,59.96002664890073
flipped_part_004.mp4,2268,0,2,0.0007523323991335,0.6981292724609375,0.1536451551649305,2,0.0007523323991335,0.6981292724609375,59.96002664890073
flipped_part_004.mp4,2269,0,2,0.0007281564227822,0.6984704971313477,0.1526111461498119,2,0.0007281564227822,0.6984704971313477,59.96002664890073
flipped_part_004.mp4,2270,0,1,0.0008183964304582,0.6987647374471029,0.156984625922309,1,0.0008183964304582,0.6987647374471029,59.96002664890073
flipped_part_004.mp4,2271,0,2,0.0007819255735375,0.6987749735514323,0.1606417620623553,2,0.0007819255735375,0.6987749735514323,59.96002664890073
flipped_part_004.mp4,2272,0,1,0.0008553425050599,0.6980686187744141,0.1647759331597222,1,0.0008553425050599,0.6980686187744141,59.96002664890073
flipped_part_004.mp4,2273,0,2,0.0006799426664818,0.6932512283325195,0.2652722676595052,2,0.0006799426664818,0.6978464126586914,59.96002664890073
flipped_part_004.mp4,2274,0,0,0.0,0.0,0.0,0,0.0,0.0,59.96002664890073
flipped_part_004.mp4,2275,0,0,0.0,0.0,0.0,0,0.0,0.0,59.96002664890073
flipped_part_004.mp4,2276,0,0,0.0,0.0,0.0,0,0.0,0.0,59.96002664890073
flipped_part_004.mp4,2277,0,1,0.000715480653388,0.6937994639078776,0.2784300062391493,1,0.000715480653388,0.6937994639078776,59.96002664890073
flipped_part_004.mp4,2278,0,1,0.0007160843974432,0.6929495493570964,0.2814545808015046,1,0.0007160843974432,0.6929495493570964,59.96002664890073
flipped_part_004.mp4,2279,0,1,0.0007169149021501,0.6924562454223633,0.2859209696451822,1,0.0007169149021501,0.6924562454223633,59.96002664890073
flipped_part_004.mp4,2280,0,1,0.000762692441074,0.6928237915039063,0.2896293074996383,1,0.000762692441074,0.6928237915039063,59.96002664890073
flipped_part_004.mp4,2281,0,2,0.0007255133627525,0.6920675913492839,0.2915383232964409,2,0.0007255133627525,0.6967514673868815,59.96002664890073
flipped_part_004.mp4,2282,0,0,0.0,0.0,0.0,0,0.0,0.0,59.96002664890073
flipped_part_004.mp4,2283,0,2,0.0007762448765505,0.6927351633707682,0.2940079583062066,2,0.0007762448765505,0.6961797714233399,59.96002664890073
flipped_part_004.mp4,2284,0,0,0.0,0.0,0.0,0,0.0,0.0,59.96002664890073
flipped_part_004.mp4,2285,0,1,0.0007390931971625,0.6913545608520508,0.3033267550998264,1,0.0007390931971625,0.6913545608520508,59.96002664890073
flipped_part_004.mp4,2286,0,0,0.0,0.0,0.0,0,0.0,0.0,59.96002664890073
flipped_part_004.mp4,2287,0,1,0.0006915496688775,0.6912052790323894,0.312156507703993,1,0.0006915496688775,0.6912052790323894,59.96002664890073
flipped_part_004.mp4,2288,0,1,0.0006226438927114,0.6902410507202148,0.314446880199291,1,0.0006226438927114,0.6902410507202148,59.96002664890073
flipped_part_004.mp4,2289,0,2,0.0006539640564652,0.6902381896972656,0.3168492635091146,2,0.0006539640564652,0.6952210108439127,59.96002664890073
flipped_part_004.mp4,2290,0,2,0.0006551985200429,0.6900084813435873,0.3173144305193865,2,0.0006551985200429,0.6952752431233724,59.96002664890073
flipped_part_004.mp4,2291,0,2,0.0006586162499324,0.6952589670817058,0.2154841105143229,2,0.0006586162499324,0.6952589670817058,59.96002664890073
flipped_part_004.mp4,2292,0,2,0.0006727906003814,0.6897434234619141,0.3273120738841869,2,0.0006727906003814,0.6954317728678385,59.96002664890073
flipped_part_004.mp4,2293,0,2,0.000629143501606,0.6951918919881185,0.215104505750868,2,0.000629143501606,0.6951918919881185,59.96002664890073
flipped_part_004.mp4,2294,0,2,0.0007255548632141,0.6953746795654296,0.2201798333062066,2,0.0007255548632141,0.6953746795654296,59.96002664890073
flipped_part_004.mp4,2295,0,2,0.0006933952526176,0.6953627268473307,0.2202689276801215,2,0.0006933952526176,0.6953627268473307,59.96002664890073
flipped_part_004.mp4,2296,0,2,0.0007128904413548,0.6955301920572917,0.2207897610134548,2,0.0007128904413548,0.6955301920572917,59.96002664890073
flipped_part_004.mp4,2297,0,2,0.0006631124715312,0.6951182047526042,0.2251725938585069,2,0.0006631124715312,0.6951182047526042,59.96002664890073
flipped_part_004.mp4,2298,0,1,0.0006380102859111,0.6905427932739258,0.3416269938151041,1,0.0006380102859111,0.6905427932739258,59.96002664890073
flipped_part_004.mp4,2299,0,1,0.00066931370573,0.6902107874552409,0.3488590664333767,1,0.00066931370573,0.6902107874552409,59.96002664890073
flipped_part_004.mp4,2300,0,2,0.0007459855493572,0.689866320292155,0.3506462379738136,2,0.0007459855493572,0.6942094802856446,59.96002664890073
flipped_part_004.mp4,2301,0,2,0.0007243647835113,0.6935742060343425,0.2503774007161458,2,0.0007243647835113,0.6935742060343425,59.96002664890073
flipped_part_004.mp4,2302,0,2,0.000972422539942,0.6933866500854492,0.255139668782552,2,0.000972422539942,0.6933866500854492,59.96002664890073
flipped_part_004.mp4,2303,0,2,0.0006767496097018,0.6891026178995768,0.3629569442183883,2,0.0006767496097018,0.6931523640950521,59.96002664890073
flipped_part_004.mp4,2304,0,1,0.000645534987432,0.6930590311686198,0.2519773695203993,1,0.000645534987432,0.6930590311686198,59.96002664890073
flipped_part_004.mp4,2305,0,2,0.0007154818946502,0.6894477844238281,0.3658344127513744,2,0.0007154818946502,0.6936175028483073,59.96002664890073
flipped_part_004.mp4,2306,0,2,0.0007005798760413,0.6885012308756511,0.3664552476671007,2,0.0007005798760413,0.693336550394694,59.96002664890073
flipped_part_004.mp4,2307,0,1,0.000623413747073,0.693243408203125,0.2521014743381076,1,0.000623413747073,0.693243408203125,59.96002664890073
flipped_part_004.mp4,2308,0,2,0.0006550278996992,0.6931143442789713,0.2566620720757378,2,0.0006550278996992,0.6931143442789713,59.96002664890073
flipped_part_004.mp4,2309,0,2,0.0006707575327406,0.6929025650024414,0.25753173828125,2,0.0006707575327406,0.6929025650024414,59.96002664890073
flipped_part_004.mp4,2310,0,2,0.0006563602710795,0.6926671981811523,0.2592826278121383,2,0.0006563602710795,0.6926671981811523,59.96002664890073
flipped_part_004.mp4,2311,0,2,0.000646848828937,0.6867811838785808,0.3828626562047887,2,0.000646848828937,0.6924837112426758,59.96002664890073
flipped_part_004.mp4,2312,0,1,0.000615137611021,0.6872125625610351,0.3867186652289496,1,0.000615137611021,0.6872125625610351,59.96002664890073
flipped_part_004.mp4,2313,0,1,0.0006418606424025,0.688403828938802,0.3896131444860388,1,0.0006418606424025,0.688403828938802,59.96002664890073
flipped_part_004.mp4,2314,0,2,0.000737478193413,0.6917032241821289,0.2795405069986979,2,0.000737478193413,0.6917032241821289,59.96002664890073
flipped_part_004.mp4,2315,0,2,0.0006451898304182,0.6881605784098307,0.3914266515661169,2,0.0006451898304182,0.6916868845621745,59.96002664890073
flipped_part_004.mp4,2316,0,2,0.0006707422446925,0.686800765991211,0.3962788899739583,2,0.0006707422446925,0.6919471104939778,59.96002664890073
flipped_part_004.mp4,2317,0,2,0.0007207299256212,0.686520004272461,0.4000012715657552,2,0.0007207299256212,0.6913040161132813,59.96002664890073
flipped_part_004.mp4,2318,0,2,0.0006234621887981,0.6857821146647135,0.4032803288212529,2,0.0006234621887981,0.6918514887491862,59.96002664890073
flipped_part_004.mp4,2319,0,2,0.0006191417368568,0.6859220504760742,0.4058831108940972,2,0.0006191417368568,0.6918004353841146,59.96002664890073
flipped_part_004.mp4,2320,0,2,0.0006069421167679,0.6859993616739909,0.4063885441532841,2,0.0006069421167679,0.691644032796224,59.96002664890073
flipped_part_004.mp4,2321,0,2,0.0005947227264631,0.6859587987263998,0.4091597663031684,2,0.0005947227264631,0.6913071950276692,59.96002664890073
flipped_part_004.mp4,2322,0,2,0.0005686343581499,0.6854536056518554,0.4105998851634838,2,0.0005686343581499,0.6912631988525391,59.96002664890073
flipped_part_004.mp4,2323,0,2,0.0005611205733213,0.6914190928141276,0.2956169976128472,2,0.0005611205733213,0.6914190928141276,59.96002664890073
flipped_part_004.mp4,2324,0,2,0.0005919548809308,0.6915316263834635,0.3015985276963975,2,0.0005919548809308,0.6915316263834635,59.96002664890073
flipped_part_004.mp4,2325,0,2,0.0006001205301274,0.691229248046875,0.30294189453125,2,0.0006001205301274,0.691229248046875,59.96002664890073
flipped_part_004.mp4,2326,0,2,0.0006403751477288,0.6911115010579427,0.3055204603407118,2,0.0006403751477288,0.6911115010579427,59.96002664890073
flipped_part_004.mp4,2327,0,2,0.0005593364114045,0.6914040247599283,0.3076429578993055,2,0.0005593364114045,0.6914040247599283,59.96002664890073
flipped_part_004.mp4,2328,0,2,0.0006017007367982,0.691187858581543,0.3126124064127604,2,0.0006017007367982,0.691187858581543,59.96002664890073
flipped_part_004.mp4,2329,0,1,0.0006023165542865,0.6865292231241862,0.4339609216760706,1,0.0006023165542865,0.6865292231241862,59.96002664890073
flipped_part_004.mp4,2330,0,2,0.0006163949491585,0.6899174372355144,0.3195871141221788,2,0.0006163949491585,0.6899174372355144,59.96002664890073
flipped_part_004.mp4,2331,0,2,0.0006133995996356,0.6900244394938151,0.3200569435402199,2,0.0006133995996356,0.6900244394938151,59.96002664890073
flipped_part_004.mp4,2332,0,1,0.0005814250824591,0.6900100708007812,0.3249610335738571,1,0.0005814250824591,0.6900100708007812,59.96002664890073
flipped_part_004.mp4,2333,0,2,0.0006864444484569,0.6851938883463542,0.4449064749258536,2,0.0006864444484569,0.6898846944173177,59.96002664890073
flipped_part_004.mp4,2334,0,2,0.0006424796234124,0.6843217849731446,0.4489571747956452,2,0.0006424796234124,0.6900309244791667,59.96002664890073
flipped_part_004.mp4,2335,0,2,0.0006033199894914,0.6903893152872721,0.327998125994647,2,0.0006033199894914,0.6903893152872721,59.96002664890073
flipped_part_004.mp4,2336,0,1,0.0005435305134462,0.6841318766276042,0.4558870668764467,1,0.0005435305134462,0.6841318766276042,59.96002664890073
flipped_part_004.mp4,2337,0,2,0.0006298758094716,0.6902267456054687,0.3336617363823784,2,0.0006298758094716,0.6902267456054687,59.96002664890073
flipped_part_004.mp4,2338,0,2,0.000530283369126,0.6841185251871745,0.4582694159613715,2,0.000530283369126,0.6902403513590495,59.96002664890073
flipped_part_004.mp4,2339,0,2,0.0006388420020488,0.6901063919067383,0.3402877807617187,2,0.0006388420020488,0.6901063919067383,59.96002664890073
flipped_part_004.mp4,2340,0,2,0.0005610117448183,0.6897833506266277,0.343053944905599,2,0.0005610117448183,0.6897833506266277,59.96002664890073
flipped_part_004.mp4,2341,0,2,0.0005851039684623,0.6901144027709961,0.3454056916413484,2,0.0005851039684623,0.6901144027709961,59.96002664890073
flipped_part_004.mp4,2342,0,2,0.0005644331544236,0.6844581604003906,0.4644305759006076,2,0.0005644331544236,0.6897560119628906,59.96002664890073
flipped_part_004.mp4,2343,0,2,0.0005952665997837,0.684154764811198,0.4686463250054253,2,0.0005952665997837,0.6897214889526367,59.96002664890073
flipped_part_004.mp4,2344,0,2,0.0005587746473611,0.6899026870727539,0.3511214362250434,2,0.0005587746473611,0.6899026870727539,59.96002664890073
flipped_part_004.mp4,2345,0,2,0.0005751585117616,0.6847646713256836,0.4755279823585793,2,0.0005751585117616,0.6898096720377604,59.96002664890073
flipped_part_004.mp4,2346,0,3,0.0022113285888917,0.735811424255371,0.7375193277994792,2,0.0005361139933423,0.6892993927001954,59.96002664890073
flipped_part_004.mp4,2347,0,2,0.0006162325737898,0.6889087677001953,0.3619413022641782,2,0.0006162325737898,0.6889087677001953,59.96002664890073
flipped_part_004.mp4,2348,0,2,0.0006110654226008,0.6894116083780925,0.3640177973994502,2,0.0006110654226008,0.6894116083780925,59.96002664890073
flipped_part_004.mp4,2349,0,2,0.0005751211007548,0.6894266764322917,0.3675786053692853,2,0.0005751211007548,0.6894266764322917,59.96002664890073
flipped_part_004.mp4,2350,0,2,0.0005474463781299,0.6842214584350585,0.4887336872242115,2,0.0005474463781299,0.6889471054077149,59.96002664890073
flipped_part_004.mp4,2351,0,2,0.0005793928236012,0.6843406677246093,0.494925633183232,2,0.0005793928236012,0.6890508651733398,59.96002664890073
flipped_part_004.mp4,2352,0,2,0.0005482154354103,0.6894746780395508,0.3731795416937934,2,0.0005482154354103,0.6894746780395508,59.96002664890073
flipped_part_004.mp4,2353,0,2,0.0005851577414432,0.6838439305623373,0.4977349175347222,2,0.0005851577414432,0.6891483306884766,59.96002664890073
flipped_part_004.mp4,2354,0,2,0.0005525120266247,0.6898855845133464,0.3791110003436053,2,0.0005525120266247,0.6898855845133464,59.96002664890073
flipped_part_004.mp4,2355,0,2,0.0005442994451085,0.6837047576904297,0.5016046029550058,2,0.0005442994451085,0.6896115620930989,59.96002664890073
flipped_part_004.mp4,2356,0,2,0.0005830227572005,0.6905743281046549,0.3852095709906684,2,0.0005830227572005,0.6905743281046549,59.96002664890073
flipped_part_004.mp4,2357,0,2,0.0005651320127071,0.6900081634521484,0.3863357543945312,2,0.0005651320127071,0.6900081634521484,59.96002664890073
flipped_part_004.mp4,2358,0,2,0.0005683325691885,0.6906086603800455,0.388244883219401,2,0.0005683325691885,0.6906086603800455,59.96002664890073
flipped_part_004.mp4,2359,0,2,0.0005637750789766,0.6900972366333008,0.3890291849772135,2,0.0005637750789766,0.6900972366333008,59.96002664890073
flipped_part_004.mp4,2360,0,2,0.0005916275491148,0.6904942194620768,0.3910638879846643,2,0.0005916275491148,0.6904942194620768,59.96002664890073
flipped_part_004.mp4,2361,0,2,0.0006319400047262,0.6906174341837565,0.3931490580240885,2,0.0006319400047262,0.6906174341837565,59.96002664890073
flipped_part_004.mp4,2362,0,2,0.0006860701932196,0.6909153620402019,0.3938259548611111,2,0.0006860701932196,0.6909153620402019,59.96002664890073
flipped_part_004.mp4,2363,0,2,0.0006495975521263,0.6909416198730469,0.3954932883933738,2,0.0006495975521263,0.6909416198730469,59.96002664890073
flipped_part_004.mp4,2364,0,3,0.0023636628499608,0.7382984161376953,0.6727910359700521,2,0.0006487822155274,0.6911809921264649,59.96002664890073
flipped_part_004.mp4,2365,0,2,0.000651545169401,0.6914266586303711,0.3974933482982494,2,0.000651545169401,0.6914266586303711,59.96002664890073
flipped_part_004.mp4,2366,0,2,0.0006588515273243,0.6917120615641276,0.3984178331163194,2,0.0006588515273243,0.6917120615641276,59.96002664890073
flipped_part_004.mp4,2367,0,2,0.0006078306553787,0.6918084462483723,0.3974342628761574,2,0.0006078306553787,0.6918084462483723,59.96002664890073
flipped_part_004.mp4,2368,0,3,0.0038923673879859,0.7433530807495117,0.645838702166522,2,0.0005801599957968,0.6917521158854166,59.96002664890073
flipped_part_004.mp4,2369,0,2,0.0005899345237089,0.6846216201782227,0.5193876478407118,2,0.0005899345237089,0.69163818359375,59.96002664890073
flipped_part_004.mp4,2370,0,2,0.0005792834630119,0.6846363067626953,0.5184034276891638,2,0.0005792834630119,0.6917064666748047,59.96002664890073
flipped_part_004.mp4,2371,0,2,0.0006103434980513,0.6846087137858073,0.5196994922779224,2,0.0006103434980513,0.6918935775756836,59.96002664890073
flipped_part_004.mp4,2372,0,2,0.0006191428717122,0.6846014658610026,0.5204653563322844,2,0.0006191428717122,0.6918432871500652,59.96002664890073
flipped_part_004.mp4,2373,0,2,0.0006407021072744,0.6848133087158204,0.5187347412109375,2,0.0006407021072744,0.6914283752441406,59.96002664890073
flipped_part_004.mp4,2374,0,2,0.000668556233868,0.6849203109741211,0.5144881071867766,2,0.000668556233868,0.6914977391560873,59.96002664890073
flipped_part_004.mp4,2375,0,2,0.0007257325516521,0.684598159790039,0.5132839768021195,2,0.0007257325516521,0.691656748453776,59.96002664890073
flipped_part_004.mp4,2376,0,2,0.0006314197341136,0.6840168635050455,0.5102423915156612,2,0.0006314197341136,0.6918781280517579,59.96002664890073
flipped_part_004.mp4,2377,0,1,0.0005066881250725,0.691883659362793,0.3829751756456163,1,0.0005066881250725,0.691883659362793,59.96002664890073
flipped_part_004.mp4,2378,0,1,0.0005136166662258,0.6920666376749675,0.3806645428692853,1,0.0005136166662258,0.6920666376749675,59.96002664890073
flipped_part_004.mp4,2379,0,1,0.0005270641975221,0.6919563929239909,0.3794373971444589,1,0.0005270641975221,0.6919563929239909,59.96002664890073
flipped_part_004.mp4,2380,0,1,0.000524115455035,0.6916653315226237,0.3787187929506655,1,0.000524115455035,0.6916653315226237,59.96002664890073
flipped_part_004.mp4,2381,0,1,0.0005680523044429,0.6917790095011394,0.3759785970052083,1,0.0005680523044429,0.6917790095011394,59.96002664890073
flipped_part_004.mp4,2382,0,2,0.0005690339653854,0.6915933609008789,0.3749123184769242,2,0.0005690339653854,0.6915933609008789,59.96002664890073
flipped_part_004.mp4,2383,0,2,0.0005828964456241,0.6917595545450846,0.3734929967809606,2,0.0005828964456241,0.6917595545450846,59.96002664890073
flipped_part_004.mp4,2384,0,1,0.0005716757562347,0.6920424143473307,0.3714564853244357,1,0.0005716757562347,0.6920424143473307,59.96002664890073
flipped_part_004.mp4,2385,0,2,0.000578082522843,0.6857794443766276,0.4952250162760416,2,0.000578082522843,0.6920523325602214,59.96002664890073
flipped_part_004.mp4,2386,0,3,0.0047039912020166,0.733248519897461,0.6333614773220486,2,0.0005767712663509,0.692314338684082,59.96002664890073
flipped_part_004.mp4,2387,0,2,0.0005973682618652,0.6925041198730468,0.3699712965223524,2,0.0005973682618652,0.6925041198730468,59.96002664890073
flipped_part_004.mp4,2388,0,1,0.0005765590487539,0.6923398971557617,0.3689715067545573,1,0.0005765590487539,0.6923398971557617,59.96002664890073
flipped_part_004.mp4,2389,0,1,0.0005779557386456,0.6921748479207357,0.3689148796929253,1,0.0005779557386456,0.6921748479207357,59.96002664890073
flipped_part_004.mp4,2390,0,2,0.0005755847356609,0.6927221934000651,0.3692563092267071,2,0.0005755847356609,0.6927221934000651,59.96002664890073
flipped_part_004.mp4,2391,0,2,0.0005899186028626,0.6929925918579102,0.3693383393464265,2,0.0005899186028626,0.6929925918579102,59.96002664890073
flipped_part_004.mp4,2392,0,2,0.0006107331036387,0.6931959788004557,0.3698490849247685,2,0.0006107331036387,0.6931959788004557,59.96002664890073
flipped_part_004.mp4,2393,0,2,0.00060678723383,0.6930317560831706,0.3702965912995515,2,0.00060678723383,0.6930317560831706,59.96002664890073
flipped_part_004.mp4,2394,0,2,0.0006048139164017,0.6929769515991211,0.3712375217013889,2,0.0006048139164017,0.6929769515991211,59.96002664890073
flipped_part_004.mp4,2395,0,1,0.0005741816405497,0.6862107594807942,0.4930107116699219,1,0.0005741816405497,0.6862107594807942,59.96002664890073
flipped_part_004.mp4,2396,0,1,0.000524281529037,0.6858736038208008,0.491476892541956,1,0.000524281529037,0.6858736038208008,59.96002664890073
flipped_part_004.mp4,2397,0,0,0.0,0.0,0.0,0,0.0,0.0,59.96002664890073
flipped_part_004.mp4,2398,0,1,0.0005579304280453,0.6930406570434571,0.374219258626302,1,0.0005579304280453,0.6930406570434571,59.96002664890073
flipped_part_004.mp4,2399,0,1,0.0005269970036655,0.6932079950968425,0.3732726203070746,1,0.0005269970036655,0.6932079950968425,59.96002664890073
flipped_part_004.mp4,2400,0,1,0.0005316092419282,0.6932910919189453,0.374921162923177,1,0.0005316092419282,0.6932910919189453,59.96002664890073
flipped_part_004.mp4,2401,0,2,0.0005486202150954,0.6932483673095703,0.3777713634349681,2,0.0005486202150954,0.6932483673095703,59.96002664890073
flipped_part_004.mp4,2402,0,1,0.0005560462305826,0.6935055414835612,0.3787624782986111,1,0.0005560462305826,0.6935055414835612,59.96002664890073
flipped_part_004.mp4,2403,0,2,0.0005783127312962,0.6934643427530924,0.3810584174262152,2,0.0005783127312962,0.6934643427530924,59.96002664890073
flipped_part_004.mp4,2404,0,2,0.0005871938979059,0.6863373438517253,0.5080379627369068,2,0.0005871938979059,0.6931021372477214,59.96002664890073
flipped_part_004.mp4,2405,0,2,0.0005816307221539,0.693733278910319,0.3878746880425347,2,0.0005816307221539,0.693733278910319,59.96002664890073
flipped_part_004.mp4,2406,0,1,0.0005944295937445,0.6939359664916992,0.3896481831868489,1,0.0005944295937445,0.6939359664916992,59.96002664890073
flipped_part_004.mp4,2407,0,2,0.0006688156071403,0.6942612965901692,0.3913004839861834,2,0.0006688156071403,0.6942612965901692,59.96002664890073
flipped_part_004.mp4,2408,0,1,0.0006188834870408,0.6942225138346354,0.3922035217285156,1,0.0006188834870408,0.6942225138346354,59.96002664890073
flipped_part_004.mp4,2409,0,2,0.0007128965932254,0.6940413157145182,0.3952134308991609,2,0.0007128965932254,0.6940413157145182,59.96002664890073
flipped_part_004.mp4,2410,0,2,0.0007710160934948,0.6946111043294271,0.4012354532877604,2,0.0007710160934948,0.6946111043294271,59.96002664890073
flipped_part_004.mp4,2411,0,1,0.0006913220007576,0.6940412521362305,0.4045046771014178,1,0.0006913220007576,0.6940412521362305,59.96002664890073
flipped_part_004.mp4,2412,0,1,0.0006144502056445,0.6949005126953125,0.4119539896647135,1,0.0006144502056445,0.6949005126953125,59.96002664890073
flipped_part_004.mp4,2413,0,1,0.0006626557215529,0.6945829391479492,0.4150726035789207,1,0.0006626557215529,0.6945829391479492,59.96002664890073
flipped_part_004.mp4,2414,0,1,0.0006014358864545,0.6941078186035157,0.4154789112232349,1,0.0006014358864545,0.6941078186035157,59.96002664890073
flipped_part_004.mp4,2415,0,2,0.0005690506775863,0.69405517578125,0.4216485765245226,2,0.0005690506775863,0.69405517578125,59.96002664890073
flipped_part_004.mp4,2416,0,2,0.0006927257518098,0.6945394515991211,0.4264858104564525,2,0.0006927257518098,0.6945394515991211,59.96002664890073
flipped_part_004.mp4,2417,0,2,0.0005837674180827,0.6945895512898763,0.4303677594220196,2,0.0005837674180827,0.6945895512898763,59.96002664890073
flipped_part_004.mp4,2418,0,3,0.0009086250915371,0.6947026570638021,0.4292796664767795,3,0.0009086250915371,0.6948788324991862,59.96002664890073
flipped_part_004.mp4,2419,0,2,0.0006256704019486,0.695332145690918,0.4342322455512152,2,0.0006256704019486,0.695332145690918,59.96002664890073
flipped_part_004.mp4,2420,0,0,0.0,0.0,0.0,0,0.0,0.0,59.96002664890073
flipped_part_004.mp4,2421,0,0,0.0,0.0,0.0,0,0.0,0.0,59.96002664890073
flipped_part_004.mp4,2422,0,1,0.000607902872914,0.68756103515625,0.5801484002007379,1,0.000607902872914,0.68756103515625,59.96002664890073
flipped_part_004.mp4,2423,0,2,0.0006463748930643,0.6876092910766601,0.5849024454752604,2,0.0006463748930643,0.6951182047526042,59.96002664890073
flipped_part_004.mp4,2424,0,1,0.0005832026320341,0.6954428354899088,0.4658500953956886,1,0.0005832026320341,0.6954428354899088,59.96002664890073
flipped_part_004.mp4,2425,0,1,0.0006926012195698,0.6957895914713542,0.474769620542173,1,0.0006926012195698,0.6957895914713542,59.96002664890073
flipped_part_004.mp4,2426,0,1,0.0006712472460262,0.6961517969767252,0.4788155167191117,1,0.0006712472460262,0.6961517969767252,59.96002664890073
flipped_part_004.mp4,2427,0,1,0.0006352398361303,0.6961973190307618,0.4820014105902778,1,0.0006352398361303,0.6961973190307618,59.96002664890073
flipped_part_004.mp4,2428,0,1,0.0005174398078492,0.6960939407348633,0.4853571856463397,1,0.0005174398078492,0.6960939407348633,59.96002664890073
flipped_part_004.mp4,2429,0,2,0.0010598302809618,0.6971792221069336,0.498614247639974,2,0.0010598302809618,0.6971792221069336,59.96002664890073
flipped_part_004.mp4,2430,0,1,0.0005123303235935,0.696368916829427,0.4935083601209852,1,0.0005123303235935,0.696368916829427,59.96002664890073
flipped_part_004.mp4,2431,0,1,0.0005645817688303,0.6961734771728516,0.5004936359546802,1,0.0005645817688303,0.6961734771728516,59.96002664890073
flipped_part_004.mp4,2432,0,1,0.0005662360878475,0.6957527160644531,0.5064235404685692,1,0.0005662360878475,0.6957527160644531,59.96002664890073
flipped_part_004.mp4,2433,0,1,0.0006460742073007,0.6971656799316406,0.5129889735469112,1,0.0006460742073007,0.6971656799316406,59.96002664890073
flipped_part_004.mp4,2434,0,2,0.0006910557979911,0.6905785242716471,0.6451871236165364,1,0.0005818590913258,0.698114013671875,59.96002664890073
flipped_part_004.mp4,2435,0,1,0.0006073358811759,0.6984254201253255,0.5236076354980469,1,0.0006073358811759,0.6984254201253255,59.96002664890073
flipped_part_004.mp4,2436,0,1,0.0005090417839205,0.6983308792114258,0.5258007897271051,1,0.0005090417839205,0.6983308792114258,59.96002664890073
flipped_part_004.mp4,2437,0,1,0.0004899672220441,0.6988076527913412,0.5287691328260634,1,0.0004899672220441,0.6988076527913412,59.96002664890073
flipped_part_004.mp4,2438,0,2,0.0006194569962099,0.6909631729125977,0.6694130791558159,1,0.0005453687112125,0.6993528366088867,59.96002664890073
flipped_part_004.mp4,2439,0,1,0.0006353880866259,0.6986372629801433,0.5436340473316333,1,0.0006353880866259,0.6986372629801433,59.96002664890073
flipped_part_004.mp4,2440,0,1,0.0006846174103945,0.6994081497192383,0.5490675184461805,1,0.0006846174103945,0.6994081497192383,59.96002664890073
flipped_part_004.mp4,2441,0,1,0.0006820308239063,0.6999745051066081,0.5528306466561776,1,0.0006820308239063,0.6999745051066081,59.96002664890073
flipped_part_004.mp4,2442,0,1,0.0006576536376168,0.7006951649983724,0.5563114731400102,1,0.0006576536376168,0.7006951649983724,59.96002664890073
flipped_part_004.mp4,2443,0,1,0.0007200494137295,0.7016337076822917,0.5607776217990451,1,0.0007200494137295,0.7016337076822917,59.96002664890073
flipped_part_004.mp4,2444,0,1,0.0006948321747283,0.7008373896280925,0.5667199028862847,1,0.0006948321747283,0.7008373896280925,59.96002664890073
flipped_part_004.mp4,2445,0,1,0.0006887388350797,0.7015568415323893,0.5707893371582031,1,0.0006887388350797,0.7015568415323893,59.96002664890073
flipped_part_004.mp4,2446,0,1,0.0006817201448225,0.7017403920491536,0.5729178534613715,1,0.0006817201448225,0.7017403920491536,59.96002664890073
flipped_part_004.mp4,2447,0,1,0.0007222607936516,0.7021947860717773,0.577339850531684,1,0.0007222607936516,0.7021947860717773,59.96002664890073
flipped_part_004.mp4,2448,0,1,0.0008265285491183,0.7023228327433269,0.583151372273763,1,0.0008265285491183,0.7023228327433269,59.96002664890073
flipped_part_004.mp4,2449,0,1,0.0007932182846303,0.7030094146728516,0.5888873206244575,1,0.0007932182846303,0.7030094146728516,59.96002664890073
flipped_part_004.mp4,2450,0,1,0.0007526236295234,0.7035395304361979,0.5913330925835504,1,0.0007526236295234,0.7035395304361979,59.96002664890073
flipped_part_004.mp4,2451,0,1,0.0006811760844559,0.7029799779256185,0.598465813530816,1,0.0006811760844559,0.7029799779256185,59.96002664890073
flipped_part_004.mp4,2452,0,2,0.0045070887220531,0.7751397450764974,0.8673756917317709,0,0.0,0.0,59.96002664890073
flipped_part_004.mp4,2453,0,3,0.0046251998541669,0.7749696731567383,0.8550670482494213,0,0.0,0.0,59.96002664890073
flipped_part_004.mp4,2454,0,1,0.0007460132675866,0.703683344523112,0.612451680501302,0,0.0,0.0,59.96002664890073
flipped_part_004.mp4,2455,0,1,0.0007131916679403,0.7038130442301432,0.6146172134964555,0,0.0,0.0,59.96002664890073
flipped_part_004.mp4,2456,0,1,0.0006798867708615,0.7040665308634441,0.6177751329210069,0,0.0,0.0,59.96002664890073
flipped_part_004.mp4,2457,0,1,0.0006458399027016,0.7040090560913086,0.6219090779622396,0,0.0,0.0,59.96002664890073
flipped_part_004.mp4,2458,0,0,0.0,0.0,0.0,0,0.0,0.0,59.96002664890073
flipped_part_004.mp4,2459,0,1,0.0006935320625375,0.7053812662760417,0.6306478288438585,0,0.0,0.0,59.96002664890073
flipped_part_004.mp4,2460,0,1,0.0007787980659243,0.7059209823608399,0.6369583129882812,0,0.0,0.0,59.96002664890073
flipped_part_004.mp4,2461,0,1,0.0008056354208383,0.7059669494628906,0.6403238084581163,0,0.0,0.0,59.96002664890073
flipped_part_004.mp4,2462,0,1,0.0007130155231506,0.7056209564208984,0.6425105624728733,0,0.0,0.0,59.96002664890073
flipped_part_004.mp4,2463,0,1,0.0008111305149375,0.7058886210123698,0.643937513563368,0,0.0,0.0,59.96002664890073
flipped_part_004.mp4,2464,0,2,0.000780514176901,0.706065559387207,0.6486537085639106,0,0.0,0.0,59.96002664890073
flipped_part_004.mp4,2465,0,1,0.0008233384393841,0.7061621348063151,0.6509801228841146,0,0.0,0.0,59.96002664890073
flipped_part_004.mp4,2466,0,2,0.0007162561085014,0.7057026545206706,0.6539738125271267,0,0.0,0.0,59.96002664890073
flipped_part_004.mp4,2467,0,2,0.0007647927529695,0.7062984466552734,0.6571148342556423,0,0.0,0.0,59.96002664890073
flipped_part_004.mp4,2468,0,1,0.0008072358053323,0.7071372350056966,0.6603488639548972,0,0.0,0.0,59.96002664890073
flipped_part_004.mp4,2469,0,1,0.0007818950332067,0.7065518061319987,0.6604702419704861,0,0.0,0.0,59.96002664890073
flipped_part_004.mp4,2470,0,2,0.0009081361470129,0.7083470662434895,0.6634644402398003,0,0.0,0.0,59.96002664890073
flipped_part_004.mp4,2471,0,1,0.0008226753197959,0.7072611490885417,0.6638513776991103,0,0.0,0.0,59.96002664890073
flipped_part_004.mp4,2472,0,2,0.0007566354150185,0.7071598052978516,0.6621486805103444,0,0.0,0.0,59.96002664890073
flipped_part_004.mp4,2473,0,2,0.0007519659134332,0.7071683883666993,0.6654395774558738,0,0.0,0.0,59.96002664890073
flipped_part_004.mp4,2474,0,2,0.0008091883880034,0.7076427459716796,0.6691855112711589,0,0.0,0.0,59.96002664890073
flipped_part_004.mp4,2475,0,2,0.0007984581579431,0.7078400293986002,0.6718227386474609,0,0.0,0.0,59.96002664890073
flipped_part_004.mp4,2476,0,2,0.0008306181669468,0.7076221466064453,0.6720502217610677,0,0.0,0.0,59.96002664890073
flipped_part_004.mp4,2477,0,2,0.0007959880314107,0.7072182337443034,0.6702735900878907,0,0.0,0.0,59.96002664890073
flipped_part_004.mp4,2478,0,2,0.0008201122270838,0.7071556727091471,0.6728353853578921,0,0.0,0.0,59.96002664890073
flipped_part_004.mp4,2479,0,2,0.0008321589167866,0.7071329116821289,0.6749771259449147,0,0.0,0.0,59.96002664890073
flipped_part_004.mp4,2480,0,2,0.0008294951771578,0.7073713938395182,0.6740056497079355,0,0.0,0.0,59.96002664890073
flipped_part_004.mp4,2481,0,1,0.0008372875420819,0.7075663884480794,0.6740070343017578,0,0.0,0.0,59.96002664890073
flipped_part_004.mp4,2482,0,1,0.0008308030975065,0.7076879501342773,0.6738059291133174,0,0.0,0.0,59.96002664890073
flipped_part_004.mp4,2483,0,1,0.0008133163774618,0.7075851440429688,0.6734091582121673,0,0.0,0.0,59.96002664890073
flipped_part_004.mp4,2484,0,1,0.0008647512358072,0.7079561233520508,0.6742588890923394,0,0.0,0.0,59.96002664890073
flipped_part_004.mp4,2485,0,1,0.0008923984112496,0.7081907908121745,0.6749617682562934,0,0.0,0.0,59.96002664890073
flipped_part_004.mp4,2486,0,1,0.0009028509100122,0.7082209269205729,0.6747628106011285,0,0.0,0.0,59.96002664890073
flipped_part_004.mp4,2487,0,1,0.0009733080397078,0.7083061854044597,0.674928382590965,0,0.0,0.0,59.96002664890073
flipped_part_004.mp4,2488,0,1,0.0009064799467995,0.7080581029256184,0.674409188164605,0,0.0,0.0,59.96002664890073
flipped_part_004.mp4,2489,0,1,0.0008135204704012,0.7077230453491211,0.6731996324327257,0,0.0,0.0,59.96002664890073
flipped_part_004.mp4,2490,0,1,0.0008035087453026,0.7075214385986328,0.6727366977267795,0,0.0,0.0,59.96002664890073
flipped_part_004.mp4,2491,0,1,0.0007718680952503,0.70743408203125,0.6706168421992549,0,0.0,0.0,59.96002664890073
flipped_part_004.mp4,2492,0,1,0.0008498801635869,0.7074583689371745,0.6694185610170718,0,0.0,0.0,59.96002664890073
flipped_part_004.mp4,2493,0,1,0.0008691544627719,0.7075578689575195,0.6673429701063368,0,0.0,0.0,59.96002664890073
flipped_part_004.mp4,2494,0,1,0.0008280369816822,0.7075725555419922,0.6648421393500434,0,0.0,0.0,59.96002664890073
flipped_part_004.mp4,2495,0,2,0.0009536662030344,0.8694752375284831,0.9357241524590386,0,0.0,0.0,59.96002664890073
flipped_part_004.mp4,2496,0,1,0.0008141920654883,0.7073192596435547,0.6643941243489583,0,0.0,0.0,59.96002664890073
flipped_part_004.mp4,2497,0,1,0.0009165910426721,0.7074131011962891,0.6605880737304688,0,0.0,0.0,59.96002664890073
flipped_part_004.mp4,2498,0,1,0.0009397769641105,0.7074546813964844,0.6581564161512586,0,0.0,0.0,59.96002664890073
flipped_part_004.mp4,2499,0,1,0.0008704763870628,0.7065933227539063,0.655138905843099,0,0.0,0.0,59.96002664890073
flipped_part_004.mp4,2500,0,1,0.0008744115716049,0.7069658279418946,0.65452880859375,0,0.0,0.0,59.96002664890073
flipped_part_004.mp4,2501,0,2,0.0008550537937224,0.7061580657958985,0.6485338422987196,0,0.0,0.0,59.96002664890073
flipped_part_004.mp4,2502,0,2,0.0008498834624414,0.7055854797363281,0.6469046416106048,0,0.0,0.0,59.96002664890073
flipped_part_004.mp4,2503,0,1,0.0008538567579671,0.7057342529296875,0.6416111840142145,0,0.0,0.0,59.96002664890073
flipped_part_004.mp4,2504,0,1,0.0008280397947129,0.7051087697347005,0.6420221964518229,0,0.0,0.0,59.96002664890073
flipped_part_004.mp4,2505,0,1,0.0008774650542181,0.7053220748901368,0.6361956278483073,0,0.0,0.0,59.96002664890073
flipped_part_004.mp4,2506,0,1,0.0008953417938351,0.7054128646850586,0.6335755242241754,0,0.0,0.0,59.96002664890073
flipped_part_004.mp4,2507,0,1,0.0009170010975503,0.7049427032470703,0.6333934360080296,0,0.0,0.0,59.96002664890073
flipped_part_004.mp4,2508,0,1,0.0008758423652681,0.7043626785278321,0.6272093031141494,0,0.0,0.0,59.96002664890073
flipped_part_004.mp4,2509,0,1,0.0008421632280159,0.7041527430216471,0.6196211920844183,0,0.0,0.0,59.96002664890073
flipped_part_004.mp4,2510,0,2,0.0010907485047937,0.7013691584269206,0.6156366701479311,0,0.0,0.0,59.96002664890073
flipped_part_004.mp4,2511,0,1,0.0009039218000058,0.7037899653116862,0.614569091796875,0,0.0,0.0,59.96002664890073
flipped_part_004.mp4,2512,0,1,0.0009352338859268,0.7045696258544922,0.6110038757324219,0,0.0,0.0,59.96002664890073
flipped_part_004.mp4,2513,0,1,0.0009017487117348,0.7035547256469726,0.6051506042480469,0,0.0,0.0,59.96002664890073
flipped_part_004.mp4,2514,0,1,0.0009480425022074,0.7033891677856445,0.6001109653049045,0,0.0,0.0,59.96002664890073
flipped_part_004.mp4,2515,0,2,0.000946585010555,0.7025396347045898,0.5950649685329861,1,0.000946585010555,0.7025396347045898,59.96002664890073
flipped_part_004.mp4,2516,0,1,0.0009996215001835,0.7024274826049804,0.5923459370930989,1,0.0009996215001835,0.7024274826049804,59.96002664890073
flipped_part_004.mp4,2517,0,1,0.0010698639561532,0.7036890665690104,0.5894672958939163,1,0.0010698639561532,0.7036890665690104,59.96002664890073
flipped_part_004.mp4,2518,0,2,0.0030677580900373,0.7325871149698894,0.4289604469581886,2,0.0030677580900373,0.7325871149698894,59.96002664890073
flipped_part_004.mp4,2519,0,1,0.0007925397192593,0.7011636734008789,0.5762446933322483,1,0.0007925397192593,0.7011636734008789,59.96002664890073
flipped_part_004.mp4,2520,0,2,0.0057742587361846,0.9995319366455078,0.8706587049696181,1,0.000821980390093,0.7004465738932292,59.96002664890073
flipped_part_004.mp4,2521,0,2,0.0076067113969475,0.9995534896850586,0.8573089034469039,1,0.0007835265552088,0.6999935150146485,59.96002664890073
flipped_part_004.mp4,2522,0,1,0.0007465053379106,0.699867057800293,0.5643373560022424,1,0.0007465053379106,0.699867057800293,59.96002664890073
flipped_part_004.mp4,2523,0,1,0.0007879415787627,0.6994925181070963,0.5596419440375434,1,0.0007879415787627,0.6994925181070963,59.96002664890073
flipped_part_004.mp4,2524,0,1,0.0008316615458763,0.6996110916137696,0.5548468695746528,1,0.0008316615458763,0.6996110916137696,59.96002664890073
flipped_part_004.mp4,2525,0,1,0.000858338144147,0.6991892496744792,0.548844160857024,1,0.000858338144147,0.6991892496744792,59.96002664890073
flipped_part_004.mp4,2526,0,1,0.0008318420051202,0.698301633199056,0.547143300374349,1,0.0008318420051202,0.698301633199056,59.96002664890073
flipped_part_004.mp4,2527,0,3,0.0028792541993122,0.7254246393839519,0.4226592452437789,2,0.0028792541993122,0.7254246393839519,59.96002664890073
flipped_part_004.mp4,2528,0,2,0.0030495349632757,0.7247862497965495,0.4186438101309317,2,0.0030495349632757,0.7247862497965495,59.96002664890073
flipped_part_004.mp4,2529,0,2,0.0028204274864832,0.7238500595092774,0.4219523111979166,2,0.0028204274864832,0.7238500595092774,59.96002664890073
flipped_part_004.mp4,2530,0,2,0.0026518848867272,0.7221686045328776,0.4232050577799479,2,0.0026518848867272,0.7221686045328776,59.96002664890073
flipped_part_004.mp4,2531,0,1,0.0009066003535904,0.6961018244425455,0.5274768546775536,1,0.0009066003535904,0.6961018244425455,59.96002664890073
flipped_part_004.mp4,2532,0,2,0.0026202965157507,0.7203148523966472,0.4219568888346354,2,0.0026202965157507,0.7203148523966472,59.96002664890073
flipped_part_004.mp4,2533,0,2,0.0023926572923341,0.7190142313639323,0.4229537398726852,2,0.0023926572923341,0.7190142313639323,59.96002664890073
flipped_part_004.mp4,2534,0,2,0.0025344640437267,0.7190281550089518,0.4215089586046007,2,0.0025344640437267,0.7190281550089518,59.96002664890073
flipped_part_004.mp4,2535,0,2,0.0025623349008728,0.7185354232788086,0.4204955489547164,2,0.0025623349008728,0.7185354232788086,59.96002664890073
flipped_part_004.mp4,2536,0,3,0.0025459916182121,0.7173885345458985,0.4200992160373263,2,0.0025459916182121,0.7173885345458985,59.96002664890073
flipped_part_004.mp4,2537,0,2,0.002497317557831,0.7166025161743164,0.4181078875506365,2,0.002497317557831,0.7166025161743164,59.96002664890073
flipped_part_004.mp4,2538,0,2,0.0027113062378096,0.7165178934733073,0.4187917073567708,2,0.0027113062378096,0.7165178934733073,59.96002664890073
flipped_part_004.mp4,2539,0,1,0.0009172155529499,0.693248176574707,0.4878646285445602,1,0.0009172155529499,0.693248176574707,59.96002664890073
flipped_part_004.mp4,2540,0,4,0.0034753460079082,0.7170658111572266,0.4133825796621817,3,0.0034753460079082,0.7170658111572266,59.96002664890073
flipped_part_004.mp4,2541,0,2,0.0009266540053903,0.6937453587849934,0.4836350476300275,1,0.0009266540053903,0.6937453587849934,59.96002664890073
flipped_part_004.mp4,2542,0,2,0.0025591698652931,0.7125377655029297,0.4149266560872396,2,0.0025591698652931,0.7125377655029297,59.96002664890073
flipped_part_004.mp4,2543,0,2,0.0029143182837287,0.7130956649780273,0.413185797797309,2,0.0029143182837287,0.7130956649780273,59.96002664890073
flipped_part_004.mp4,2544,0,1,0.0009397960925545,0.693605613708496,0.4674601519549334,1,0.0009397960925545,0.693605613708496,59.96002664890073
flipped_part_004.mp4,2545,0,1,0.0009754714993027,0.6931461334228516,0.4658699600784867,1,0.0009754714993027,0.6931461334228516,59.96002664890073
flipped_part_004.mp4,2546,0,1,0.0008491143770192,0.6913917541503907,0.4611425046567564,1,0.0008491143770192,0.6913917541503907,59.96002664890073
flipped_part_004.mp4,2547,0,2,0.0021334353386838,0.7071073532104493,0.4154025607638889,2,0.0021334353386838,0.7071073532104493,59.96002664890073
flipped_part_004.mp4,2548,0,1,0.0010191665014092,0.6912784576416016,0.4480252866391782,1,0.0010191665014092,0.6912784576416016,59.96002664890073
flipped_part_004.mp4,2549,0,1,0.0010293075232766,0.6915110270182292,0.4468074374728732,1,0.0010293075232766,0.6915110270182292,59.96002664890073
flipped_part_004.mp4,2550,0,2,0.0019639769554487,0.7045741399129232,0.4105634336118345,2,0.0019639769554487,0.7045741399129232,59.96002664890073
flipped_part_004.mp4,2551,0,1,0.0009292125620251,0.6891900380452474,0.4389016893174913,1,0.0009292125620251,0.6891900380452474,59.96002664890073
flipped_part_004.mp4,2552,0,1,0.0009826786492744,0.6895371119181315,0.4360662389684606,1,0.0009826786492744,0.6895371119181315,59.96002664890073
flipped_part_004.mp4,2553,0,1,0.0010079742661522,0.6905853271484375,0.4287038732458044,1,0.0010079742661522,0.6905853271484375,59.96002664890073
flipped_part_004.mp4,2554,0,1,0.0009282486409291,0.6890054702758789,0.4228726139775029,1,0.0009282486409291,0.6890054702758789,59.96002664890073
flipped_part_004.mp4,2555,0,1,0.0009394930056684,0.6884654998779297,0.419939281322338,1,0.0009394930056684,0.6884654998779297,59.96002664890073
flipped_part_004.mp4,2556,0,1,0.0009290507876056,0.6884522755940755,0.4175069455747251,1,0.0009290507876056,0.6884522755940755,59.96002664890073
flipped_part_004.mp4,2557,0,1,0.0009247648490202,0.6883354187011719,0.4120931837293837,1,0.0009247648490202,0.6883354187011719,59.96002664890073
flipped_part_004.mp4,2558,0,1,0.0008936802858726,0.6882761001586915,0.4068839461715133,1,0.0008936802858726,0.6882761001586915,59.96002664890073
flipped_part_004.mp4,2559,0,1,0.0009516260455064,0.6889254252115885,0.4022687276204427,1,0.0009516260455064,0.6889254252115885,59.96002664890073
flipped_part_004.mp4,2560,0,1,0.0008176206252149,0.687136713663737,0.3960277981228298,1,0.0008176206252149,0.687136713663737,59.96002664890073
flipped_part_004.mp4,2561,0,1,0.0008476767292045,0.6872152328491211,0.3882988541214554,1,0.0008476767292045,0.6872152328491211,59.96002664890073
flipped_part_004.mp4,2562,0,1,0.0008389799644646,0.6868223190307617,0.3864527667010272,1,0.0008389799644646,0.6868223190307617,59.96002664890073
flipped_part_004.mp4,2563,0,1,0.0007744133934977,0.6867866516113281,0.3840210526077836,1,0.0007744133934977,0.6867866516113281,59.96002664890073
flipped_part_004.mp4,2564,0,2,0.0009815898449677,0.6858217875162761,0.3787009910300926,2,0.0009815898449677,0.686250877380371,59.96002664890073
flipped_part_004.mp4,2565,0,2,0.0009846927654709,0.6851655960083007,0.3758960300021701,2,0.0009846927654709,0.6851655960083007,59.96002664890073
flipped_part_004.mp4,2566,0,1,0.0007820353267824,0.6848649342854818,0.3740116543240017,1,0.0007820353267824,0.6848649342854818,59.96002664890073
flipped_part_004.mp4,2567,0,1,0.0008859302049443,0.6844415028889974,0.3670208966290509,1,0.0008859302049443,0.6844415028889974,59.96002664890073
flipped_part_004.mp4,2568,0,1,0.0010759218672346,0.6845507303873698,0.3643000002260561,1,0.0010759218672346,0.6845507303873698,59.96002664890073
flipped_part_004.mp4,2569,0,0,0.0,0.0,0.0,0,0.0,0.0,59.96002664890073
flipped_part_004.mp4,2570,0,0,0.0,0.0,0.0,0,0.0,0.0,59.96002664890073
flipped_part_004.mp4,2571,0,1,0.0012219575689717,0.6835294723510742,0.349375491672092,1,0.0012219575689717,0.6835294723510742,59.96002664890073
flipped_part_004.mp4,2572,0,1,0.0011798109421862,0.6833957672119141,0.3447676199453848,1,0.0011798109421862,0.6833957672119141,59.96002664890073
flipped_part_004.mp4,2573,0,1,0.0010206544574261,0.6831818262736002,0.3357593395091869,1,0.0010206544574261,0.6831818262736002,59.96002664890073
flipped_part_004.mp4,2574,0,1,0.0009542674682355,0.6829282760620117,0.3316125092683015,1,0.0009542674682355,0.6829282760620117,59.96002664890073
flipped_part_004.mp4,2575,0,1,0.0010982121970327,0.6839120864868165,0.3303297537344473,1,0.0010982121970327,0.6839120864868165,59.96002664890073
flipped_part_004.mp4,2576,0,1,0.0011530470663759,0.6843131383260092,0.3267176592791522,1,0.0011530470663759,0.6843131383260092,59.96002664890073
flipped_part_004.mp4,2577,0,1,0.0011849526338348,0.6838476181030273,0.3241556238245081,1,0.0011849526338348,0.6838476181030273,59.96002664890073
flipped_part_004.mp4,2578,0,1,0.001008106918695,0.6844045003255208,0.3150014241536458,1,0.001008106918695,0.6844045003255208,59.96002664890073
flipped_part_004.mp4,2579,0,1,0.0010625524822777,0.6818347295125325,0.3137637103045428,1,0.0010625524822777,0.6818347295125325,59.96002664890073
flipped_part_004.mp4,2580,0,1,0.0010986307885711,0.6826227188110352,0.3108987596299913,1,0.0010986307885711,0.6826227188110352,59.96002664890073
flipped_part_004.mp4,2581,0,1,0.0010810036418196,0.6824707667032878,0.309364347104673,1,0.0010810036418196,0.6824707667032878,59.96002664890073
flipped_part_004.mp4,2582,0,1,0.0010704306304385,0.6824627558390299,0.3023379855685764,1,0.0010704306304385,0.6824627558390299,59.96002664890073
flipped_part_004.mp4,2583,0,1,0.0010543324766546,0.6813587188720703,0.2989794413248698,1,0.0010543324766546,0.6813587188720703,59.96002664890073
flipped_part_004.mp4,2584,0,1,0.0010765045211883,0.681658935546875,0.2919072469075521,1,0.0010765045211883,0.681658935546875,59.96002664890073
flipped_part_004.mp4,2585,0,1,0.0010608713930317,0.6812548319498698,0.2828380160861545,1,0.0010608713930317,0.6812548319498698,59.96002664890073
flipped_part_004.mp4,2586,0,1,0.0010310519066277,0.6817502975463867,0.2792809380425347,1,0.0010310519066277,0.6817502975463867,59.96002664890073
flipped_part_004.mp4,2587,0,1,0.0009011740390107,0.6808500289916992,0.2744638231065538,1,0.0009011740390107,0.6808500289916992,59.96002664890073
flipped_part_004.mp4,2588,0,1,0.0008130888414517,0.6810134887695313,0.2649371111834491,1,0.0008130888414517,0.6810134887695313,59.96002664890073
flipped_part_004.mp4,2589,0,1,0.0007469641002158,0.6809174219767252,0.2608979966905382,1,0.0007469641002158,0.6809174219767252,59.96002664890073
flipped_part_004.mp4,2590,0,1,0.0009502371607555,0.6801034927368164,0.2699437459309896,1,0.0009502371607555,0.6801034927368164,59.96002664890073
flipped_part_004.mp4,2591,0,1,0.0010781218253153,0.6809109369913737,0.2677435980902777,1,0.0010781218253153,0.6809109369913737,59.96002664890073
flipped_part_004.mp4,2592,0,1,0.0010688927015063,0.6806812286376953,0.2636853535970052,1,0.0010688927015063,0.6806812286376953,59.96002664890073
flipped_part_004.mp4,2593,0,1,0.0010696072022525,0.680209223429362,0.2605982462565104,1,0.0010696072022525,0.680209223429362,59.96002664890073
flipped_part_004.mp4,2594,0,1,0.0009696959675703,0.679994265238444,0.2535476684570312,1,0.0009696959675703,0.679994265238444,59.96002664890073
flipped_part_004.mp4,2595,0,1,0.0009713197216074,0.6794921875,0.2492906641077112,1,0.0009713197216074,0.6794921875,59.96002664890073
flipped_part_004.mp4,2596,0,1,0.000911676097506,0.6794001261393229,0.2439393220124421,1,0.000911676097506,0.6794001261393229,59.96002664890073
flipped_part_004.mp4,2597,0,1,0.0009370262810261,0.6786347071329752,0.2397237989637586,1,0.0009370262810261,0.6786347071329752,59.96002664890073
flipped_part_004.mp4,2598,0,1,0.0011107154576651,0.678379503885905,0.2439403957790798,1,0.0011107154576651,0.678379503885905,59.96002664890073
flipped_part_004.mp4,2599,0,1,0.0009185904233082,0.6783850351969402,0.2345601399739583,1,0.0009185904233082,0.6783850351969402,59.96002664890073
flipped_part_004.mp4,2600,0,1,0.0010017188598835,0.6791852951049805,0.234897952609592,1,0.0010017188598835,0.6791852951049805,59.96002664890073
flipped_part_004.mp4,2601,0,1,0.000975909895173,0.6793099721272786,0.2278659396701388,1,0.000975909895173,0.6793099721272786,59.96002664890073
flipped_part_004.mp4,2602,0,1,0.0009870294199532,0.6790025711059571,0.2226916842990451,1,0.0009870294199532,0.6790025711059571,59.96002664890073
flipped_part_004.mp4,2603,0,1,0.0010538263391936,0.678599993387858,0.2198038736979166,1,0.0010538263391936,0.678599993387858,59.96002664890073
flipped_part_004.mp4,2604,0,1,0.000989789626436,0.6790831247965495,0.2150383843315972,1,0.000989789626436,0.6790831247965495,59.96002664890073
flipped_part_004.mp4,2605,0,1,0.0010202467680695,0.6788859049479167,0.2140292980052806,1,0.0010202467680695,0.6788859049479167,59.96002664890073
flipped_part_004.mp4,2606,0,1,0.0010372068874615,0.6791628519694011,0.2099263509114583,1,0.0010372068874615,0.6791628519694011,59.96002664890073
flipped_part_004.mp4,2607,0,1,0.0010696643109743,0.679206911722819,0.2056628757052951,1,0.0010696643109743,0.679206911722819,59.96002664890073
flipped_part_004.mp4,2608,0,1,0.0010123112436849,0.6783413569132487,0.2037677341037326,1,0.0010123112436849,0.6783413569132487,59.96002664890073
flipped_part_004.mp4,2609,0,1,0.0010654248587713,0.6786563873291016,0.2018630981445312,1,0.0010654248587713,0.6786563873291016,59.96002664890073
flipped_part_004.mp4,2610,0,1,0.0009887918839619,0.6780270258585612,0.1987142774793837,1,0.0009887918839619,0.6780270258585612,59.96002664890073
flipped_part_004.mp4,2611,0,1,0.0010236864089879,0.677798334757487,0.1998950534396701,1,0.0010236864089879,0.677798334757487,59.96002664890073
flipped_part_004.mp4,2612,0,1,0.0009685634132862,0.6777897516886393,0.1966969807942708,1,0.0009685634132862,0.6777897516886393,59.96002664890073
flipped_part_004.mp4,2613,0,1,0.0010144789554437,0.6775633494059244,0.1960386488172743,1,0.0010144789554437,0.6775633494059244,59.96002664890073
flipped_part_004.mp4,2614,0,1,0.0010380988662331,0.6775236129760742,0.1943901062011718,1,0.0010380988662331,0.6775236129760742,59.96002664890073
flipped_part_004.mp4,2615,0,1,0.0010536806262583,0.6778141657511393,0.1915892141836661,1,0.0010536806262583,0.6778141657511393,59.96002664890073
flipped_part_004.mp4,2616,0,1,0.0011433634176177,0.6781668345133464,0.1884791056315104,1,0.0011433634176177,0.6781668345133464,59.96002664890073
flipped_part_004.mp4,2617,0,1,0.0011983306234469,0.6786237716674804,0.1853976779513889,1,0.0011983306234469,0.6786237716674804,59.96002664890073
flipped_part_004.mp4,2618,0,1,0.0012384328519369,0.6784063975016276,0.1821436846697772,1,0.0012384328519369,0.6784063975016276,59.96002664890073
flipped_part_004.mp4,2619,0,1,0.0011419255008998,0.6772003809611002,0.1768520779079861,1,0.0011419255008998,0.6772003809611002,59.96002664890073
flipped_part_004.mp4,2620,0,1,0.0010735383623115,0.676973533630371,0.1746977064344618,1,0.0010735383623115,0.676973533630371,59.96002664890073
flipped_part_004.mp4,2621,0,1,0.000936006561452,0.6768411636352539,0.1700778537326389,1,0.000936006561452,0.6768411636352539,59.96002664890073
flipped_part_004.mp4,2622,0,1,0.0010513459110451,0.6770517349243164,0.1699091593424479,1,0.0010513459110451,0.6770517349243164,59.96002664890073
flipped_part_004.mp4,2623,0,1,0.0009395659912843,0.6765661239624023,0.1670818752712673,1,0.0009395659912843,0.6765661239624023,59.96002664890073
flipped_part_004.mp4,2624,0,1,0.0009533954123132,0.6772975921630859,0.1643229449236834,1,0.0009533954123132,0.6772975921630859,59.96002664890073
flipped_part_004.mp4,2625,0,1,0.0009750016433988,0.6774258295694987,0.1620747884114583,1,0.0009750016433988,0.6774258295694987,59.96002664890073
flipped_part_004.mp4,2626,0,1,0.0009496003424283,0.6772991816202799,0.1598263210720486,1,0.0009496003424283,0.6772991816202799,59.96002664890073
flipped_part_004.mp4,2627,0,1,0.0009685426065374,0.6773685455322266,0.1571935865614149,1,0.0009685426065374,0.6773685455322266,59.96002664890073
flipped_part_004.mp4,2628,0,1,0.0010634159548984,0.6771537780761718,0.1579801206235532,1,0.0010634159548984,0.6771537780761718,59.96002664890073
flipped_part_004.mp4,2629,0,1,0.0009967292026892,0.676925786336263,0.1548112657335069,1,0.0009967292026892,0.676925786336263,59.96002664890073
flipped_part_004.mp4,2630,0,1,0.001040944329838,0.6772101084391277,0.1551399230957031,1,0.001040944329838,0.6772101084391277,59.96002664890073
flipped_part_004.mp4,2631,0,1,0.0010791523437364,0.6774419784545899,0.1537974039713541,1,0.0010791523437364,0.6774419784545899,59.96002664890073
flipped_part_004.mp4,2632,0,1,0.0010815374212042,0.677349853515625,0.1532792833116319,1,0.0010815374212042,0.677349853515625,59.96002664890073
flipped_part_004.mp4,2633,0,1,0.001143488391891,0.6774972915649414,0.1524137991446036,1,0.001143488391891,0.6774972915649414,59.96002664890073
flipped_part_004.mp4,2634,0,1,0.001117845461057,0.6772391001383463,0.1516988118489583,1,0.001117845461057,0.6772391001383463,59.96002664890073
flipped_part_004.mp4,2635,0,1,0.0011663823177999,0.6775323867797851,0.1493673819082754,1,0.0011663823177999,0.6775323867797851,59.96002664890073
flipped_part_004.mp4,2636,0,1,0.0011920238167685,0.6776123682657877,0.1475368923611111,1,0.0011920238167685,0.6776123682657877,59.96002664890073
flipped_part_004.mp4,2637,0,1,0.001203332502757,0.6772298812866211,0.145873627839265,1,0.001203332502757,0.6772298812866211,59.96002664890073
flipped_part_004.mp4,2638,0,1,0.0012503387629489,0.6773900985717773,0.1442947387695312,1,0.0012503387629489,0.6773900985717773,59.96002664890073
flipped_part_004.mp4,2639,0,1,0.0012692847956269,0.6776323954264323,0.1432912190755208,1,0.0012692847956269,0.6776323954264323,59.96002664890073
flipped_part_004.mp4,2640,0,1,0.0011607039060133,0.6771846771240234,0.1387537638346354,1,0.0011607039060133,0.6771846771240234,59.96002664890073
flipped_part_004.mp4,2641,0,1,0.0011210972041805,0.6768899917602539,0.134924825032552,1,0.0011210972041805,0.6768899917602539,59.96002664890073
flipped_part_004.mp4,2642,0,1,0.0011991406683551,0.6761658350626628,0.1398118760850694,1,0.0011991406683551,0.6761658350626628,59.96002664890073
flipped_part_004.mp4,2643,0,1,0.0011790005641523,0.6761819839477539,0.138700047245732,1,0.0011790005641523,0.6761819839477539,59.96002664890073
flipped_part_004.mp4,2644,0,1,0.0011649057626426,0.6764913558959961,0.1346690707736545,1,0.0011649057626426,0.6764913558959961,59.96002664890073
flipped_part_004.mp4,2645,0,1,0.0011088479271469,0.6764743804931641,0.1293407864040798,1,0.0011088479271469,0.6764743804931641,59.96002664890073
flipped_part_004.mp4,2646,0,1,0.0011734625373598,0.6765726725260417,0.1306913870352286,1,0.0011734625373598,0.6765726725260417,59.96002664890073
flipped_part_004.mp4,2647,0,1,0.0012212414979068,0.6769068400065105,0.1301258511013454,1,0.0012212414979068,0.6769068400065105,59.96002664890073
flipped_part_004.mp4,2648,0,1,0.001172764290952,0.6771996180216472,0.1280627215350115,1,0.001172764290952,0.6771996180216472,59.96002664890073
flipped_part_004.mp4,2649,0,1,0.0011113104899737,0.6774072647094727,0.1235953436957465,1,0.0011113104899737,0.6774072647094727,59.96002664890073
flipped_part_004.mp4,2650,0,1,0.0011887407700608,0.677691904703776,0.1228932698567708,1,0.0011887407700608,0.677691904703776,59.96002664890073
flipped_part_004.mp4,2651,0,1,0.001340373888961,0.6778149286905925,0.1242774115668402,1,0.001340373888961,0.6778149286905925,59.96002664890073
flipped_part_004.mp4,2652,0,1,0.001269581701296,0.6779321670532227,0.120542738172743,1,0.001269581701296,0.6779321670532227,59.96002664890073
flipped_part_004.mp4,2653,0,1,0.0011075859354362,0.6779468536376954,0.1144957648383246,1,0.0011075859354362,0.6779468536376954,59.96002664890073
flipped_part_004.mp4,2654,0,1,0.0010580284722123,0.6780477523803711,0.1127599080403645,1,0.0010580284722123,0.6780477523803711,59.96002664890073
flipped_part_004.mp4,2655,0,1,0.0011246849353752,0.678497314453125,0.1137310451931423,1,0.0011246849353752,0.678497314453125,59.96002664890073
flipped_part_004.mp4,2656,0,1,0.0011606557468379,0.678652000427246,0.1139868277090567,1,0.0011606557468379,0.678652000427246,59.96002664890073
flipped_part_004.mp4,2657,0,1,0.001222316896019,0.6786339441935222,0.1136333324291088,1,0.001222316896019,0.6786339441935222,59.96002664890073
flipped_part_004.mp4,2658,0,1,0.0011954090609732,0.6786152521769205,0.11190185546875,1,0.0011954090609732,0.6786152521769205,59.96002664890073
flipped_part_004.mp4,2659,0,1,0.0010760481157976,0.6785715103149415,0.1088936982331452,1,0.0010760481157976,0.6785715103149415,59.96002664890073
flipped_part_004.mp4,2660,0,1,0.0010328250727616,0.6784713745117188,0.1079423692491319,1,0.0010328250727616,0.6784713745117188,59.96002664890073
flipped_part_004.mp4,2661,0,1,0.0010817370852843,0.6789507548014323,0.1061122753002025,1,0.0010817370852843,0.6789507548014323,59.96002664890073
flipped_part_004.mp4,2662,0,1,0.0011321350686355,0.6792665481567383,0.1063484474464699,1,0.0011321350686355,0.6792665481567383,59.96002664890073
flipped_part_004.mp4,2663,0,1,0.0012050276696229,0.6787702560424804,0.1067534835250289,1,0.0012050276696229,0.6787702560424804,59.96002664890073
flipped_part_004.mp4,2664,0,1,0.0012130848678471,0.6785149256388346,0.106115581371166,1,0.0012130848678471,0.6785149256388346,59.96002664890073
flipped_part_004.mp4,2665,0,1,0.0011465788335448,0.6787314097086589,0.1032253971806279,1,0.0011465788335448,0.6787314097086589,59.96002664890073
flipped_part_004.mp4,2666,0,1,0.0011076262388572,0.6794193267822266,0.1028594405562789,1,0.0011076262388572,0.6794193267822266,59.96002664890073
flipped_part_004.mp4,2667,0,1,0.0010918770889596,0.6793578465779623,0.1017986721462673,1,0.0010918770889596,0.6793578465779623,59.96002664890073
flipped_part_004.mp4,2668,0,1,0.0010717656042025,0.6791561762491862,0.1007098445185908,1,0.0010717656042025,0.6791561762491862,59.96002664890073
flipped_part_004.mp4,2669,0,1,0.0010813062521844,0.67948424021403,0.1002324987340856,1,0.0010813062521844,0.67948424021403,59.96002664890073
flipped_part_004.mp4,2670,0,1,0.001081447981576,0.679690933227539,0.0994417261194299,1,0.001081447981576,0.679690933227539,59.96002664890073
flipped_part_004.mp4,2671,0,1,0.0011203523402434,0.6800339380900066,0.0991833439579716,1,0.0011203523402434,0.6800339380900066,59.96002664890073
flipped_part_004.mp4,2672,0,1,0.0011321735257903,0.6801576614379883,0.0980359112774884,1,0.0011321735257903,0.6801576614379883,59.96002664890073
flipped_part_004.mp4,2673,0,1,0.0011861712067516,0.6802883148193359,0.0995698999475549,1,0.0011861712067516,0.6802883148193359,59.96002664890073
flipped_part_004.mp4,2674,0,1,0.0011885353444085,0.680096689860026,0.099951030589916,1,0.0011885353444085,0.680096689860026,59.96002664890073
flipped_part_004.mp4,2675,0,1,0.001195837863445,0.6801273345947265,0.0991477683738425,1,0.001195837863445,0.6801273345947265,59.96002664890073
flipped_part_004.mp4,2676,0,1,0.0012479506376095,0.6805830637613932,0.0989702012803819,1,0.0012479506376095,0.6805830637613932,59.96002664890073
flipped_part_004.mp4,2677,0,1,0.0012372591987433,0.6806734085083008,0.0985921223958333,1,0.0012372591987433,0.6806734085083008,59.96002664890073
flipped_part_004.mp4,2678,0,1,0.0012052269775422,0.6808003107706706,0.0983412283438223,1,0.0012052269775422,0.6808003107706706,59.96002664890073
flipped_part_004.mp4,2679,0,1,0.001237621360633,0.6813276926676433,0.0987574542010272,1,0.001237621360633,0.6813276926676433,59.96002664890073
flipped_part_004.mp4,2680,0,1,0.0012623791450028,0.6820781071980794,0.0978150261773003,1,0.0012623791450028,0.6820781071980794,59.96002664890073
flipped_part_004.mp4,2681,0,1,0.001238604514866,0.6825065612792969,0.0967157151963975,1,0.001238604514866,0.6825065612792969,59.96002664890073
flipped_part_004.mp4,2682,0,1,0.0011657995184564,0.6820453643798828,0.097763513635706,1,0.0011657995184564,0.6820453643798828,59.96002664890073
flipped_part_004.mp4,2683,0,1,0.0011708878314001,0.682137934366862,0.0981827347366898,1,0.0011708878314001,0.682137934366862,59.96002664890073
flipped_part_004.mp4,2684,0,1,0.001178899622173,0.6817748387654622,0.0986116479944299,1,0.001178899622173,0.6817748387654622,59.96002664890073
flipped_part_004.mp4,2685,0,1,0.0012654314538532,0.6820633570353191,0.0987517180266203,1,0.0012654314538532,0.6820633570353191,59.96002664890073
flipped_part_004.mp4,2686,0,1,0.0012865853279234,0.682415771484375,0.0999793158637152,1,0.0012865853279234,0.682415771484375,59.96002664890073
flipped_part_004.mp4,2687,0,1,0.0013375054739622,0.682923698425293,0.1014512803819444,1,0.0013375054739622,0.682923698425293,59.96002664890073
flipped_part_004.mp4,2688,0,1,0.0013418027195762,0.6829500198364258,0.1017587449815538,1,0.0013418027195762,0.6829500198364258,59.96002664890073
flipped_part_004.mp4,2689,0,1,0.0013692660728055,0.6832973480224609,0.1023739284939236,1,0.0013692660728055,0.6832973480224609,59.96002664890073
flipped_part_004.mp4,2690,0,1,0.0013284320195412,0.6832174301147461,0.1033659193250868,1,0.0013284320195412,0.6832174301147461,59.96002664890073
flipped_part_004.mp4,2691,0,1,0.0013347806829066,0.6832128524780273,0.1023115652578848,1,0.0013347806829066,0.6832128524780273,59.96002664890073
flipped_part_004.mp4,2692,0,1,0.0012587050267029,0.6830631891886393,0.1015275743272569,1,0.0012587050267029,0.6830631891886393,59.96002664890073
flipped_part_004.mp4,2693,0,1,0.0012944491694495,0.6834903717041015,0.1003269336841724,1,0.0012944491694495,0.6834903717041015,59.96002664890073
flipped_part_004.mp4,2694,0,1,0.0013415031724488,0.6837348937988281,0.1006571451822916,1,0.0013415031724488,0.6837348937988281,59.96002664890073
flipped_part_004.mp4,2695,0,1,0.0013540901039043,0.6841009140014649,0.0998343856246383,1,0.0013540901039043,0.6841009140014649,59.96002664890073
flipped_part_004.mp4,2696,0,1,0.0013986905211048,0.6844438552856446,0.1004892137315538,1,0.0013986905211048,0.6844438552856446,59.96002664890073
flipped_part_004.mp4,2697,0,1,0.0013542659525733,0.684297243754069,0.0999586882414641,1,0.0013542659525733,0.684297243754069,59.96002664890073
flipped_part_004.mp4,2698,0,1,0.0013187058644931,0.6842079798380534,0.0993463869448061,1,0.0013187058644931,0.6842079798380534,59.96002664890073
flipped_part_004.mp4,2699,0,1,0.0014404120794939,0.6855131149291992,0.0990174187554253,1,0.0014404120794939,0.6855131149291992,59.96002664890073
flipped_part_004.mp4,2700,0,1,0.0014211595327166,0.6855932235717773,0.099127705891927,1,0.0014211595327166,0.6855932235717773,59.96002664890073
flipped_part_004.mp4,2701,0,1,0.0014420547423004,0.6857210159301758,0.100883314344618,1,0.0014420547423004,0.6857210159301758,59.96002664890073
flipped_part_004.mp4,2702,0,1,0.0014008755136509,0.6854332605997722,0.1024740996184172,1,0.0014008755136509,0.6854332605997722,59.96002664890073
flipped_part_004.mp4,2703,0,1,0.0014631036336154,0.6855208714803059,0.1050426907009548,1,0.0014631036336154,0.6855208714803059,59.96002664890073
flipped_part_004.mp4,2704,0,1,0.0014500191667832,0.6856136322021484,0.1055177759241174,1,0.0014500191667832,0.6856136322021484,59.96002664890073
flipped_part_004.mp4,2705,0,1,0.0014742505904804,0.6864447275797526,0.1041691250271267,1,0.0014742505904804,0.6864447275797526,59.96002664890073
flipped_part_004.mp4,2706,0,1,0.0014882237427324,0.6862936019897461,0.1049623560022424,1,0.0014882237427324,0.6862936019897461,59.96002664890073
flipped_part_004.mp4,2707,0,1,0.0015501857840637,0.6869304021199544,0.1045707985206886,1,0.0015501857840637,0.6869304021199544,59.96002664890073
flipped_part_004.mp4,2708,0,1,0.0015035560610704,0.6863658905029297,0.1043813069661458,1,0.0015035560610704,0.6863658905029297,59.96002664890073
flipped_part_004.mp4,2709,0,1,0.001561868570759,0.6868202845255534,0.1049562524866174,1,0.001561868570759,0.6868202845255534,59.96002664890073
flipped_part_004.mp4,2710,0,1,0.0016087172045674,0.6874563852945964,0.1058561819571035,1,0.0016087172045674,0.6874563852945964,59.96002664890073
flipped_part_004.mp4,2711,0,1,0.0015986074911456,0.687445068359375,0.1058325308340567,1,0.0015986074911456,0.687445068359375,59.96002664890073
flipped_part_004.mp4,2712,0,1,0.0016984878878546,0.6887203852335612,0.1054018373842592,1,0.0016984878878546,0.6887203852335612,59.96002664890073
flipped_part_004.mp4,2713,0,1,0.0016708024065721,0.687922477722168,0.106049092610677,1,0.0016708024065721,0.687922477722168,59.96002664890073
flipped_part_004.mp4,2714,0,1,0.0016260837632904,0.6881106694539388,0.106238301595052,1,0.0016260837632904,0.6881106694539388,59.96002664890073
flipped_part_004.mp4,2715,0,1,0.0015778080945245,0.6896366755167643,0.1062486154061776,1,0.0015778080945245,0.6896366755167643,59.96002664890073
flipped_part_004.mp4,2716,0,1,0.0015929103373006,0.6896169662475586,0.1051632351345486,1,0.0015929103373006,0.6896169662475586,59.96002664890073
flipped_part_004.mp4,2717,0,1,0.0016969854338507,0.6901948928833008,0.1057420801233362,1,0.0016969854338507,0.6901948928833008,59.96002664890073
flipped_part_004.mp4,2718,0,1,0.0017019793803531,0.6910544077555338,0.1059483846028645,1,0.0017019793803531,0.6910544077555338,59.96002664890073
flipped_part_004.mp4,2719,0,1,0.0017380327634519,0.691696039835612,0.1083124513979311,1,0.0017380327634519,0.691696039835612,59.96002664890073
flipped_part_004.mp4,2720,0,1,0.001659753509685,0.6917978286743164,0.1060809665256076,1,0.001659753509685,0.6917978286743164,59.96002664890073
flipped_part_004.mp4,2721,0,1,0.0014975162863337,0.6907642364501954,0.1053703025535301,1,0.0014975162863337,0.6907642364501954,59.96002664890073
flipped_part_004.mp4,2722,0,1,0.0013819214577476,0.6912124633789063,0.1019246419270833,1,0.0013819214577476,0.6912124633789063,59.96002664890073
flipped_part_004.mp4,2723,0,2,0.0016925817994504,0.692128054300944,0.1047818784360532,2,0.0016925817994504,0.6921845118204752,59.96002664890073
flipped_part_004.mp4,2724,0,1,0.0015513519918291,0.6926634470621745,0.1052317584002459,1,0.0015513519918291,0.6926634470621745,59.96002664890073
flipped_part_004.mp4,2725,0,1,0.0016577635500235,0.6924137751261393,0.1068496138961226,1,0.0016577635500235,0.6924137751261393,59.96002664890073
flipped_part_004.mp4,2726,0,1,0.0016825615656907,0.6925785064697265,0.1074424461082176,1,0.0016825615656907,0.6925785064697265,59.96002664890073
flipped_part_004.mp4,2727,0,1,0.0016617415509514,0.6927042007446289,0.1071497881854022,1,0.0016617415509514,0.6927042007446289,59.96002664890073
flipped_part_004.mp4,2728,0,1,0.0016460017852174,0.6931118647257487,0.1075090196397569,1,0.0016460017852174,0.6931118647257487,59.96002664890073
flipped_part_004.mp4,2729,0,1,0.0015694490717982,0.6935031890869141,0.1058371932418258,1,0.0015694490717982,0.6935031890869141,59.96002664890073
flipped_part_004.mp4,2730,0,1,0.0014358418226442,0.6943621317545573,0.1039814419216579,1,0.0014358418226442,0.6943621317545573,59.96002664890073
flipped_part_004.mp4,2731,0,1,0.0016207131133436,0.6947218577067057,0.1052205121075665,1,0.0016207131133436,0.6947218577067057,59.96002664890073
flipped_part_004.mp4,2732,0,1,0.0015957454529901,0.6947420120239258,0.1051394992404513,1,0.0015957454529901,0.6947420120239258,59.96002664890073
flipped_part_004.mp4,2733,0,1,0.0017237298146399,0.6952772776285807,0.1050506874367042,1,0.0017237298146399,0.6952772776285807,59.96002664890073
flipped_part_004.mp4,2734,0,1,0.0017681368173927,0.6964920043945313,0.1041222466362847,1,0.0017681368173927,0.6964920043945313,59.96002664890073
flipped_part_004.mp4,2735,0,1,0.0017893387177739,0.6965540568033854,0.1051562839084201,1,0.0017893387177739,0.6965540568033854,59.96002664890073
flipped_part_004.mp4,2736,0,1,0.001782815340514,0.6964823404947916,0.1055355778446903,1,0.001782815340514,0.6964823404947916,59.96002664890073
flipped_part_004.mp4,2737,0,1,0.0017837474285624,0.696624755859375,0.1055287679036458,1,0.0017837474285624,0.696624755859375,59.96002664890073
flipped_part_004.mp4,2738,0,1,0.0017838243387796,0.6970973968505859,0.1045688487865306,1,0.0017838243387796,0.6970973968505859,59.96002664890073
flipped_part_004.mp4,2739,0,1,0.0017388438160048,0.6970130284627278,0.1044065687391493,1,0.0017388438160048,0.6970130284627278,59.96002664890073
flipped_part_004.mp4,2740,0,1,0.001723863349018,0.6971722284952799,0.1030322604709201,1,0.001723863349018,0.6971722284952799,59.96002664890073
flipped_part_004.mp4,2741,0,1,0.0018104369089835,0.6971332550048828,0.1045472886827257,1,0.0018104369089835,0.6971332550048828,59.96002664890073
flipped_part_004.mp4,2742,0,1,0.0018629225319913,0.6975557963053386,0.1055216188783998,1,0.0018629225319913,0.6975557963053386,59.96002664890073
flipped_part_004.mp4,2743,0,1,0.0019344650417976,0.6983404159545898,0.1050961247196903,1,0.0019344650417976,0.6983404159545898,59.96002664890073
flipped_part_004.mp4,2744,0,1,0.00184090664994,0.6990962982177734,0.102576587818287,1,0.00184090664994,0.6990962982177734,59.96002664890073
flipped_part_004.mp4,2745,0,1,0.0017705914225101,0.69923521677653,0.1022651107222945,1,0.0017705914225101,0.69923521677653,59.96002664890073
flipped_part_004.mp4,2746,0,1,0.0017225516305727,0.6991902033487956,0.1024917037398726,1,0.0017225516305727,0.6991902033487956,59.96002664890073
flipped_part_004.mp4,2747,0,1,0.0018703966845171,0.699200439453125,0.1064885739926938,1,0.0018703966845171,0.699200439453125,59.96002664890073
flipped_part_004.mp4,2748,0,1,0.0018960768516828,0.6993141174316406,0.1079320554380063,1,0.0018960768516828,0.6993141174316406,59.96002664890073
flipped_part_004.mp4,2749,0,1,0.0019062580049244,0.6996113459269205,0.1084764268663194,1,0.0019062580049244,0.6996113459269205,59.96002664890073
flipped_part_004.mp4,2750,0,1,0.0019680580518759,0.6999460220336914,0.1071053116409866,1,0.0019680580518759,0.6999460220336914,59.96002664890073
flipped_part_004.mp4,2751,0,1,0.0019439098741578,0.7003889719645182,0.1053290755660445,1,0.0019439098741578,0.7003889719645182,59.96002664890073
flipped_part_004.mp4,2752,0,1,0.0019325574505808,0.7003229141235352,0.1053842897768373,1,0.0019325574505808,0.7003229141235352,59.96002664890073
flipped_part_004.mp4,2753,0,1,0.0019110307437949,0.7006961822509765,0.1057782491048177,1,0.0019110307437949,0.7006961822509765,59.96002664890073
flipped_part_004.mp4,2754,0,1,0.0019171204372671,0.7008790969848633,0.1064519528989438,1,0.0019171204372671,0.7008790969848633,59.96002664890073
flipped_part_004.mp4,2755,0,1,0.0019597538480108,0.7010358810424805,0.1060438650625723,1,0.0019597538480108,0.7010358810424805,59.96002664890073
flipped_part_004.mp4,2756,0,1,0.0019115863183536,0.7011833190917969,0.1050110145851417,1,0.0019115863183536,0.7011833190917969,59.96002664890073
flipped_part_004.mp4,2757,0,1,0.0018914190525538,0.701642100016276,0.1039350156430845,1,0.0018914190525538,0.701642100016276,59.96002664890073
flipped_part_004.mp4,2758,0,1,0.0019311621644603,0.7020439147949219,0.1030997664840133,1,0.0019311621644603,0.7020439147949219,59.96002664890073
flipped_part_004.mp4,2759,0,1,0.0019396892063216,0.7020184199015299,0.103069277162905,1,0.0019396892063216,0.7020184199015299,59.96002664890073
flipped_part_004.mp4,2760,1,1,0.0019726800383068,0.7021320343017579,0.1031982421875,1,0.0019726800383068,0.7021320343017579,59.96002664890073
flipped_part_004.mp4,2761,1,1,0.0020461111918902,0.7027203241984049,0.1043130097565827,1,0.0020461111918902,0.7027203241984049,59.96002664890073
flipped_part_004.mp4,2762,1,1,0.0020273408617261,0.7026632944742839,0.1031009532787181,1,0.0020273408617261,0.7026632944742839,59.96002664890073
flipped_part_004.mp4,2763,1,1,0.0020331324235788,0.7028079986572265,0.1032942312735098,1,0.0020331324235788,0.7028079986572265,59.96002664890073
flipped_part_004.mp4,2764,1,1,0.0020340202209671,0.7031426747639974,0.1032502350983796,1,0.0020340202209671,0.7031426747639974,59.96002664890073
flipped_part_004.mp4,2765,1,1,0.002029936074622,0.7035177866617839,0.1027637057834201,1,0.002029936074622,0.7035177866617839,59.96002664890073
flipped_part_004.mp4,2766,1,1,0.0019862033087109,0.7035042444864908,0.1022450199833622,1,0.0019862033087109,0.7035042444864908,59.96002664890073
flipped_part_004.mp4,2767,1,1,0.0020034435508811,0.7038400650024415,0.102803717719184,1,0.0020034435508811,0.7038400650024415,59.96002664890073
flipped_part_004.mp4,2768,1,1,0.0020719848714415,0.7043472290039062,0.1014913205747251,1,0.0020719848714415,0.7043472290039062,59.96002664890073
flipped_part_004.mp4,2769,1,1,0.0021271962881049,0.7044809341430665,0.100276862250434,1,0.0021271962881049,0.7044809341430665,59.96002664890073
flipped_part_004.mp4,2770,1,1,0.0021773912097894,0.704700215657552,0.1001545941388165,1,0.0021773912097894,0.704700215657552,59.96002664890073
flipped_part_004.mp4,2771,1,1,0.0021745551536851,0.7048530578613281,0.0997641951949508,1,0.0021745551536851,0.7048530578613281,59.96002664890073
flipped_part_004.mp4,2772,1,2,0.0021331179955234,0.704765510559082,0.0979412785282841,1,0.0021331179955234,0.704765510559082,59.96002664890073
flipped_part_004.mp4,2773,1,1,0.0020566282640599,0.7054314295450846,0.097041998969184,1,0.0020566282640599,0.7054314295450846,59.96002664890073
flipped_part_004.mp4,2774,1,2,0.0207801695077688,0.9799535751342774,0.9209693060980902,1,0.0020376881007299,0.7056562423706054,59.96002664890073
flipped_part_004.mp4,2775,1,2,0.0295433497677246,0.9916279474894206,0.8974087185329861,1,0.002081680258141,0.7057464599609375,59.96002664890073
flipped_part_004.mp4,2776,1,2,0.0378383396990506,0.995356051127116,0.8768903379087095,1,0.0021683191387758,0.7061165491739909,59.96002664890073
flipped_part_004.mp4,2777,1,2,0.0472643773207716,0.9987802505493164,0.8605271516022859,1,0.0022633735695853,0.706362533569336,59.96002664890073
flipped_part_004.mp4,2778,1,2,0.0537915077382543,0.9979048411051432,0.8421023898654514,1,0.0022924158529753,0.7066307703653971,59.96002664890073
flipped_part_004.mp4,2779,1,2,0.0608702670465896,0.9976961135864256,0.8232747395833333,1,0.0023062040921218,0.7068138122558594,59.96002664890073
flipped_part_004.mp4,2780,1,2,0.067385191019038,0.9996081034342448,0.8077773482711227,1,0.0023232572448506,0.7069341659545898,59.96002664890073
flipped_part_004.mp4,2781,1,2,0.0721071495675089,0.9971263885498048,0.7952609026873553,1,0.002355881438901,0.7071911493937174,59.96002664890073
flipped_part_004.mp4,2782,1,2,0.0779759412846006,0.999632453918457,0.7797291508427373,1,0.002339889056101,0.7073778788248698,59.96002664890073
flipped_part_004.mp4,2783,1,2,0.0834367091677268,0.9995787302652996,0.7654927006474248,1,0.0023279509452253,0.7075497945149739,59.96002664890073
flipped_part_004.mp4,2784,1,2,0.0887516634519367,0.999410311381022,0.7532236735026042,1,0.0022883928371115,0.7077583312988281,59.96002664890073
flipped_part_004.mp4,2785,1,2,0.0932082720490439,0.9992864608764648,0.7395571673357928,1,0.0022484171022603,0.707779057820638,59.96002664890073
flipped_part_004.mp4,2786,1,2,0.0968602097434254,0.9994550704956054,0.7288109108253762,1,0.0022247419246317,0.7075120290120442,59.96002664890073
flipped_part_004.mp4,2787,1,2,0.1012786876979387,0.9992425918579102,0.714784523292824,1,0.0022615580326506,0.7078006108601888,59.96002664890073
flipped_part_004.mp4,2788,1,2,0.1050512968467435,0.9992435455322266,0.704162202058015,1,0.0022958859604841,0.7083982467651367,59.96002664890073
flipped_part_004.mp4,2789,1,2,0.1106871854203442,0.9993049621582032,0.6932705349392361,1,0.0023396894687148,0.7085730234781901,59.96002664890073
flipped_part_004.mp4,2790,1,2,0.1155896225973912,0.9987810770670572,0.6844498245804398,1,0.0023661520778734,0.7088153839111329,59.96002664890073
flipped_part_004.mp4,2791,1,2,0.1189168387378514,0.9984533309936524,0.6735058819806135,1,0.0023701034220478,0.7091526031494141,59.96002664890073
flipped_part_004.mp4,2792,1,2,0.1218367594805902,0.998224639892578,0.6660554108796296,1,0.0023882385720692,0.7093426386515299,59.96002664890073
flipped_part_004.mp4,2793,1,2,0.1253308123375905,0.9988059997558594,0.6568378024631076,1,0.0023969162203785,0.7092483520507813,59.96002664890073
flipped_part_004.mp4,2794,1,2,0.1289046862026724,0.9990978876749674,0.6468688399703414,1,0.0024169198088013,0.7092475891113281,59.96002664890073
flipped_part_004.mp4,2795,1,2,0.1307459536061893,0.998935317993164,0.6403583102756076,1,0.0024129707889773,0.7090623855590821,59.96002664890073
flipped_part_004.mp4,2796,1,2,0.1333012761203227,0.9988664627075196,0.6348702889901621,1,0.0024663069608019,0.7092632293701172,59.96002664890073
flipped_part_004.mp4,2797,1,2,0.1360428595315898,0.9991308212280272,0.6278922186957465,1,0.0025242882374732,0.7096153259277344,59.96002664890073
flipped_part_004.mp4,2798,1,2,0.1384082094383071,0.9980401992797852,0.620604168927228,1,0.0025336895664481,0.7097828547159831,59.96002664890073
flipped_part_004.mp4,2799,1,2,0.1408836913081662,0.9969980239868164,0.6125389946831598,1,0.0024808027617486,0.7099156061808268,59.96002664890073
flipped_part_004.mp4,2800,1,2,0.1431392530241282,0.9974689483642578,0.6040514910662615,1,0.0025225331795809,0.7104321161905924,59.96002664890073
flipped_part_004.mp4,2801,1,2,0.1361571517523147,0.979738426208496,0.6000908180519386,1,0.0025959224739819,0.7110447565714518,59.96002664890073
flipped_part_004.mp4,2802,1,2,0.1465108123727475,0.998289934794108,0.593468842683015,2,0.1465108123727475,0.998289934794108,59.96002664890073
flipped_part_004.mp4,2803,1,2,0.1490886243712588,0.9971080780029296,0.5862263997395833,2,0.1490886243712588,0.9971080780029296,59.96002664890073
flipped_part_004.mp4,2804,1,2,0.1509198709666573,0.998857879638672,0.5822064435040509,2,0.1509198709666573,0.998857879638672,59.96002664890073
flipped_part_004.mp4,2805,1,2,0.1520823044186518,0.9989023208618164,0.57730062979239,2,0.1520823044186518,0.9989023208618164,59.96002664890073
flipped_part_004.mp4,2806,1,2,0.1536618665725432,0.998828379313151,0.5735655042860243,2,0.1536618665725432,0.998828379313151,59.96002664890073
flipped_part_004.mp4,2807,1,2,0.1564883772201978,0.9992809295654296,0.5655030992296007,2,0.1564883772201978,0.9992809295654296,59.96002664890073
flipped_part_004.mp4,2808,1,2,0.1680898899557845,0.9997172037760416,0.5328433566623264,2,0.1680898899557845,0.9997172037760416,59.96002664890073
flipped_part_004.mp4,2809,1,2,0.1598908422214056,0.9991413116455078,0.5537445068359375,2,0.1598908422214056,0.9991413116455078,59.96002664890073
flipped_part_004.mp4,2810,1,2,0.161182024653794,0.9995635986328124,0.552366355613426,2,0.161182024653794,0.9995635986328124,59.96002664890073
flipped_part_004.mp4,2811,1,2,0.1652460685219395,0.9994718551635742,0.5390984994393808,2,0.1652460685219395,0.9994718551635742,59.96002664890073
flipped_part_004.mp4,2812,1,2,0.1655552849043548,0.999409294128418,0.5370091756184896,2,0.1655552849043548,0.999409294128418,59.96002664890073
flipped_part_004.mp4,2813,1,2,0.1657029201733638,0.9994626998901368,0.5350342927155671,2,0.1657029201733638,0.9994626998901368,59.96002664890073
flipped_part_004.mp4,2814,1,2,0.1654972730670124,0.9984058380126952,0.532958984375,2,0.1654972730670124,0.9984058380126952,59.96002664890073
flipped_part_004.mp4,2815,1,2,0.1663760039903098,0.9986193339029948,0.5290482697663483,2,0.1663760039903098,0.9986193339029948,59.96002664890073
flipped_part_004.mp4,2816,1,2,0.1675712925626107,0.9987435022989908,0.5230480617947049,2,0.1675712925626107,0.9987435022989908,59.96002664890073
flipped_part_004.mp4,2817,1,2,0.1690669606988969,0.9987581888834636,0.518734684696904,2,0.1690669606988969,0.9987581888834636,59.96002664890073
flipped_part_004.mp4,2818,1,2,0.1699434891366399,0.998166275024414,0.5136494389286748,2,0.1699434891366399,0.998166275024414,59.96002664890073
flipped_part_004.mp4,2819,1,2,0.1704789205929221,0.998381233215332,0.5109297575774017,2,0.1704789205929221,0.998381233215332,59.96002664890073
flipped_part_004.mp4,2820,1,2,0.1712344220385421,0.9981708526611328,0.5089143541124131,2,0.1712344220385421,0.9981708526611328,59.96002664890073
flipped_part_004.mp4,2821,1,2,0.1726702924425617,0.998403549194336,0.5049604062680845,2,0.1726702924425617,0.998403549194336,59.96002664890073
flipped_part_004.mp4,2822,1,2,0.1739765369829493,0.998521868387858,0.5020497074833623,2,0.1739765369829493,0.998521868387858,59.96002664890073
flipped_part_004.mp4,2823,1,2,0.1755659295564207,0.9988929748535156,0.4988948115596064,2,0.1755659295564207,0.9988929748535156,59.96002664890073
flipped_part_004.mp4,2824,1,2,0.1760912107915565,0.9994165420532226,0.4966732449001736,2,0.1760912107915565,0.9994165420532226,59.96002664890073
flipped_part_004.mp4,2825,1,2,0.1780505289207212,0.9995830535888672,0.4919077555338542,2,0.1780505289207212,0.9995830535888672,59.96002664890073
flipped_part_004.mp4,2826,1,2,0.1788372416638217,1.0,0.4902376528139467,2,0.1788372416638217,1.0,59.96002664890073
flipped_part_004.mp4,2827,1,2,0.1798415242728236,1.0,0.4864909419307002,2,0.1798415242728236,1.0,59.96002664890073
flipped_part_004.mp4,2828,1,2,0.180411706572617,1.0,0.4848901819299768,2,0.180411706572617,1.0,59.96002664890073
flipped_part_004.mp4,2829,1,2,0.1779416878670842,0.9940931320190428,0.4836881849500868,2,0.1779416878670842,0.9940931320190428,59.96002664890073
flipped_part_004.mp4,2830,1,2,0.1752561716652794,0.9905864715576173,0.484206701208044,2,0.1752561716652794,0.9905864715576173,59.96002664890073
flipped_part_004.mp4,2831,1,2,0.1752499345853316,0.9871997833251952,0.4798609415690104,2,0.1752499345853316,0.9871997833251952,59.96002664890073
flipped_part_004.mp4,2832,1,2,0.1736093667801469,0.9778009414672852,0.4691619873046875,2,0.1736093667801469,0.9778009414672852,59.96002664890073
flipped_part_004.mp4,2833,1,2,0.1672589300536492,0.966085116068522,0.4682380676269531,2,0.1672589300536492,0.966085116068522,59.96002664890073
flipped_part_004.mp4,2834,1,2,0.161984091107058,0.9580116271972656,0.4695839210792824,2,0.161984091107058,0.9580116271972656,59.96002664890073
flipped_part_004.mp4,2835,1,2,0.1586429736477374,0.9501737594604492,0.4645389133029514,2,0.1586429736477374,0.9501737594604492,59.96002664890073
flipped_part_004.mp4,2836,1,2,0.153152365166073,0.9395846048990886,0.4617266619646991,2,0.153152365166073,0.9395846048990886,59.96002664890073
flipped_part_004.mp4,2837,1,2,0.1508326621016291,0.9321159362792968,0.4590688352231626,2,0.1508326621016291,0.9321159362792968,59.96002664890073
flipped_part_004.mp4,2838,1,2,0.1475465302135907,0.9229372024536132,0.4511539035373264,2,0.1475465302135907,0.9229372024536132,59.96002664890073
flipped_part_004.mp4,2839,1,2,0.1451123095322853,0.9164445877075196,0.4485223558213975,2,0.1451123095322853,0.9164445877075196,59.96002664890073
flipped_part_004.mp4,2840,1,2,0.1432047700595015,0.9106133143107096,0.4441835191514757,2,0.1432047700595015,0.9106133143107096,59.96002664890073
flipped_part_004.mp4,2841,1,2,0.1402016008607461,0.9067808151245116,0.4438455934877748,2,0.1402016008607461,0.9067808151245116,59.96002664890073
flipped_part_004.mp4,2842,1,2,0.1358276303127058,0.8997867584228516,0.4454147338867187,2,0.1358276303127058,0.8997867584228516,59.96002664890073
flipped_part_004.mp4,2843,1,2,0.1313403351801551,0.8925437927246094,0.4452463785807292,2,0.1313403351801551,0.8925437927246094,59.96002664890073
flipped_part_004.mp4,2844,1,2,0.1275431515696928,0.885846201578776,0.4447990700050636,2,0.1275431515696928,0.885846201578776,59.96002664890073
flipped_part_004.mp4,2845,1,3,0.1271913543325111,0.8833660125732422,0.4383834838867187,3,0.1271913543325111,0.8833660125732422,59.96002664890073
flipped_part_004.mp4,2846,1,3,0.1242236363314279,0.8792606989542643,0.43601320054796,3,0.1242236363314279,0.8792606989542643,59.96002664890073
flipped_part_004.mp4,2847,1,2,0.1184456265066627,0.873921267191569,0.4223913969816985,2,0.1184456265066627,0.873921267191569,59.96002664890073
flipped_part_004.mp4,2848,1,1,0.1132075823520103,0.8691085815429688,0.4103155065465856,1,0.1132075823520103,0.8691085815429688,59.96002664890073
flipped_part_004.mp4,2849,1,1,0.1073328066501481,0.8628246943155925,0.3947599622938368,1,0.1073328066501481,0.8628246943155925,59.96002664890073
flipped_part_004.mp4,2850,1,1,0.1027314771077973,0.8597314834594727,0.3799433107729311,1,0.1027314771077973,0.8597314834594727,59.96002664890073
flipped_part_004.mp4,2851,1,1,0.0985864067976352,0.8565969467163086,0.3666100113480179,1,0.0985864067976352,0.8565969467163086,59.96002664890073
flipped_part_004.mp4,2852,1,1,0.0965408153147695,0.8553761164347331,0.3520728217230903,1,0.0965408153147695,0.8553761164347331,59.96002664890073
flipped_part_004.mp4,2853,1,1,0.0932597896148217,0.8531054178873698,0.3392347547743055,1,0.0932597896148217,0.8531054178873698,59.96002664890073
flipped_part_004.mp4,2854,1,2,0.0920256239826105,0.8516165415445963,0.3256371109573929,1,0.0920256239826105,0.8516165415445963,59.96002664890073
flipped_part_004.mp4,2855,1,2,0.089729189275143,0.8509401321411133,0.3108534071180555,1,0.089729189275143,0.8509401321411133,59.96002664890073
flipped_part_004.mp4,2856,1,2,0.0875212349207787,0.8482357025146484,0.3050484551323785,1,0.0875212349207787,0.8482357025146484,59.96002664890073
flipped_part_004.mp4,2857,1,2,0.0814271231224713,0.8401699066162109,0.2902418065954137,1,0.0814271231224713,0.8401699066162109,59.96002664890073
flipped_part_004.mp4,2858,1,2,0.0786480249325837,0.8366031646728516,0.2795035185637297,1,0.0786480249325837,0.8366031646728516,59.96002664890073
flipped_part_004.mp4,2859,1,2,0.0758474768587944,0.834591293334961,0.2696680704752604,1,0.0758474768587944,0.834591293334961,59.96002664890073
flipped_part_004.mp4,2860,1,2,0.0735975226090953,0.8327215830485026,0.2609629313151042,1,0.0735975226090953,0.8327215830485026,59.96002664890073
flipped_part_004.mp4,2861,1,2,0.0691480543909064,0.8302715301513672,0.2414481268988715,1,0.0691480543909064,0.8302715301513672,59.96002664890073
flipped_part_004.mp4,2862,1,2,0.0754607270810649,0.9999805450439452,0.7840547349717882,1,0.0680202774815175,0.8289697647094727,59.96002664890073
flipped_part_004.mp4,2863,1,2,0.0816609388545017,0.9995623270670572,0.7691254792390047,1,0.0656854347436779,0.8274216334025065,59.96002664890073
flipped_part_004.mp4,2864,1,2,0.0882696499698795,0.9994037628173827,0.7531979031032986,1,0.0619736376471539,0.8227888743082682,59.96002664890073
flipped_part_004.mp4,2865,1,2,0.0923247747252591,0.9995250701904296,0.7408375492802373,1,0.0580357079938187,0.8178287506103515,59.96002664890073
flipped_part_004.mp4,2866,1,2,0.0962578313890844,0.9996923446655274,0.7317779541015625,1,0.0550566550411005,0.8144428888956706,59.96002664890073
flipped_part_004.mp4,2867,1,2,0.1012069226172752,0.9995841979980468,0.7186720106336806,1,0.0529264353452513,0.813621711730957,59.96002664890073
flipped_part_004.mp4,2868,1,2,0.105265794267686,0.9994321823120116,0.7052914654767072,1,0.0496033250110728,0.811363410949707,59.96002664890073
flipped_part_004.mp4,2869,1,2,0.1091343573299718,0.999458122253418,0.6944816871925636,1,0.048232280200938,0.8115697860717773,59.96002664890073
flipped_part_004.mp4,2870,1,2,0.1131250790669582,0.9995811462402344,0.6860866970486111,1,0.0463120834050749,0.8083988825480143,59.96002664890073
flipped_part_004.mp4,2871,1,2,0.1172005828693767,0.9995617548624676,0.6756812201605903,1,0.0444325826157108,0.80475279490153,59.96002664890073
flipped_part_004.mp4,2872,1,2,0.1211227753844771,0.999421755472819,0.6638212415907118,1,0.0438333048872839,0.80478941599528,59.96002664890073
flipped_part_004.mp4,2873,1,2,0.1251690738862035,0.999579620361328,0.6541125262225116,1,0.0426535997663935,0.8047011057535808,59.96002664890073
flipped_part_004.mp4,2874,1,2,0.1284688279712874,0.9995132446289062,0.6460133305302372,1,0.0415033360553692,0.802645492553711,59.96002664890073
flipped_part_004.mp4,2875,1,2,0.1312560620570244,0.999055290222168,0.6368590178313078,1,0.039664233988,0.802592658996582,59.96002664890073
flipped_part_004.mp4,2876,1,2,0.1335172551987408,0.9990781784057616,0.6297849867078993,1,0.037869237218563,0.7996374130249023,59.96002664890073
flipped_part_004.mp4,2877,1,2,0.1364520182553678,0.9989360809326172,0.6227853845666956,1,0.0369009030544354,0.7997725168863933,59.96002664890073
flipped_part_004.mp4,2878,1,2,0.1389689009437656,0.999229621887207,0.616465589735243,1,0.0355549110884398,0.7983920415242513,59.96002664890073
flipped_part_004.mp4,2879,1,2,0.141451388521398,0.999167251586914,0.6080460725007234,1,0.0334980068591701,0.794580078125,59.96002664890073
flipped_part_004.mp4,2880,1,2,0.14415407135465,0.999092165629069,0.600768647370515,1,0.0323432094586961,0.7940061569213868,59.96002664890073
flipped_part_004.mp4,2881,1,2,0.1458518843109939,0.9990970611572264,0.5954037701642072,2,0.1458518843109939,0.9990970611572264,59.96002664890073
flipped_part_004.mp4,2882,1,2,0.1482080436652284,0.9991779327392578,0.5885735405815973,2,0.1482080436652284,0.9991779327392578,59.96002664890073
flipped_part_004.mp4,2883,1,2,0.1504979710743107,0.999144172668457,0.5828527379918982,2,0.1504979710743107,0.999144172668457,59.96002664890073
flipped_part_004.mp4,2884,1,2,0.152063538223745,0.9991390228271484,0.5768338803891783,2,0.152063538223745,0.9991390228271484,59.96002664890073
flipped_part_004.mp4,2885,1,2,0.1536757902262939,0.9992010116577148,0.5722981770833333,2,0.1536757902262939,0.9992010116577148,59.96002664890073
flipped_part_004.mp4,2886,1,2,0.156184528584385,0.9991827646891276,0.5652931495949074,2,0.156184528584385,0.9991827646891276,59.96002664890073
flipped_part_004.mp4,2887,1,2,0.1581499023698658,0.9992023468017578,0.5592021800853588,2,0.1581499023698658,0.9992023468017578,59.96002664890073
flipped_part_004.mp4,2888,1,2,0.1586322759654528,0.9991596221923827,0.5543895015010127,2,0.1586322759654528,0.9991596221923827,59.96002664890073
flipped_part_004.mp4,2889,1,2,0.1598664568892369,0.9989805221557616,0.5498177987557871,2,0.1598664568892369,0.9989805221557616,59.96002664890073
flipped_part_004.mp4,2890,1,2,0.1621224303367651,0.9989473342895508,0.5421563042534723,2,0.1621224303367651,0.9989473342895508,59.96002664890073
flipped_part_004.mp4,2891,1,2,0.1623646559689358,0.9988815307617188,0.5386959499782986,2,0.1623646559689358,0.9988815307617188,59.96002664890073
flipped_part_004.mp4,2892,1,2,0.164445170861242,0.999018669128418,0.5342232598198785,2,0.164445170861242,0.999018669128418,59.96002664890073
flipped_part_004.mp4,2893,1,2,0.1655362639256162,0.9987226486206054,0.5296668723777488,2,0.1655362639256162,0.9987226486206054,59.96002664890073
flipped_part_004.mp4,2894,1,2,0.1664031447642224,0.9989355723063152,0.526255628797743,2,0.1664031447642224,0.9989355723063152,59.96002664890073
flipped_part_004.mp4,2895,1,2,0.1679241993596574,0.998598289489746,0.5226294058340567,2,0.1679241993596574,0.998598289489746,59.96002664890073
flipped_part_004.mp4,2896,1,2,0.169493483453795,0.9987695693969728,0.5182916711877894,2,0.169493483453795,0.9987695693969728,59.96002664890073
flipped_part_004.mp4,2897,1,2,0.1693031803436827,0.9990991592407228,0.5173430831344039,2,0.1693031803436827,0.9990991592407228,59.96002664890073
flipped_part_004.mp4,2898,1,2,0.169219253932695,0.9991081237792968,0.517362693504051,2,0.169219253932695,0.9991081237792968,59.96002664890073
flipped_part_004.mp4,2899,1,2,0.1699248043823711,0.9987512588500976,0.5137738263165509,2,0.1699248043823711,0.9987512588500976,59.96002664890073
flipped_part_004.mp4,2900,1,2,0.1717102733420648,0.998512331644694,0.5078752305772569,2,0.1717102733420648,0.998512331644694,59.96002664890073
flipped_part_004.mp4,2901,1,2,0.1720377320587997,0.9981414794921876,0.5048898767541956,2,0.1720377320587997,0.9981414794921876,59.96002664890073
flipped_part_004.mp4,2902,1,2,0.1735023065377026,0.9981680552164712,0.5024138274016203,2,0.1735023065377026,0.9981680552164712,59.96002664890073
flipped_part_004.mp4,2903,1,2,0.1749052630206979,0.9985736846923828,0.4997642799660011,2,0.1749052630206979,0.9985736846923828,59.96002664890073
flipped_part_004.mp4,2904,1,2,0.1758198422290216,0.9980472564697266,0.4973675198025173,2,0.1758198422290216,0.9980472564697266,59.96002664890073
flipped_part_004.mp4,2905,1,2,0.1771085051758743,0.9983430862426758,0.4941279658564815,2,0.1771085051758743,0.9983430862426758,59.96002664890073
flipped_part_004.mp4,2906,1,2,0.1783250023425128,0.9985052108764648,0.4890863489221643,2,0.1783250023425128,0.9985052108764648,59.96002664890073
flipped_part_004.mp4,2907,1,2,0.1795524605813746,0.9986261367797852,0.4857767740885416,2,0.1795524605813746,0.9986261367797852,59.96002664890073
flipped_part_004.mp4,2908,1,2,0.1793127728484708,0.9989240646362304,0.4832270869502315,2,0.1793127728484708,0.9989240646362304,59.96002664890073
flipped_part_004.mp4,2909,1,2,0.1799452590140195,0.9983150482177734,0.4801659478081597,2,0.1799452590140195,0.9983150482177734,59.96002664890073
flipped_part_004.mp4,2910,1,2,0.1805590135227733,0.9984676361083984,0.4787211100260417,2,0.1805590135227733,0.9984676361083984,59.96002664890073
flipped_part_004.mp4,2911,1,2,0.179830427918221,0.9981548309326173,0.4791032579210069,2,0.179830427918221,0.9981548309326173,59.96002664890073
flipped_part_004.mp4,2912,1,2,0.1795437096168946,0.9954825083414712,0.4747900503653067,2,0.1795437096168946,0.9954825083414712,59.96002664890073
flipped_part_004.mp4,2913,1,2,0.1685897711068941,0.9724836349487304,0.4703058030870226,2,0.1685897711068941,0.9724836349487304,59.96002664890073
flipped_part_004.mp4,2914,1,2,0.1629995025390828,0.9606637954711914,0.4679263927318431,2,0.1629995025390828,0.9606637954711914,59.96002664890073
flipped_part_004.mp4,2915,1,2,0.1586245877044146,0.9512014389038086,0.4640748765733506,2,0.1586245877044146,0.9512014389038086,59.96002664890073
flipped_part_004.mp4,2916,1,2,0.1545611490664251,0.9424993515014648,0.463158529776114,2,0.1545611490664251,0.9424993515014648,59.96002664890073
flipped_part_004.mp4,2917,1,2,0.1510728046313333,0.934746551513672,0.4609652483904803,2,0.1510728046313333,0.934746551513672,59.96002664890073
flipped_part_004.mp4,2918,1,2,0.1484631629572821,0.9287712097167968,0.4586361637821904,2,0.1484631629572821,0.9287712097167968,59.96002664890073
flipped_part_004.mp4,2919,1,2,0.143666227927412,0.9199838638305664,0.4574946085611979,2,0.143666227927412,0.9199838638305664,59.96002664890073
flipped_part_004.mp4,2920,1,2,0.1411939523665447,0.914247767130534,0.4551573859320746,2,0.1411939523665447,0.914247767130534,59.96002664890073
flipped_part_004.mp4,2921,1,2,0.1396046741789043,0.9069189071655274,0.4501255459255642,2,0.1396046741789043,0.9069189071655274,59.96002664890073
flipped_part_004.mp4,2922,1,2,0.1358864140036058,0.9036131540934244,0.451173429135923,2,0.1358864140036058,0.9036131540934244,59.96002664890073
flipped_part_004.mp4,2923,1,2,0.1334512849812062,0.8988929748535156,0.4487020987051505,2,0.1334512849812062,0.8988929748535156,59.96002664890073
flipped_part_004.mp4,2924,1,2,0.1314304020108344,0.892756462097168,0.444940185546875,2,0.1314304020108344,0.892756462097168,59.96002664890073
flipped_part_004.mp4,2925,1,2,0.1285860414295489,0.8873519897460938,0.4443277712221499,2,0.1285860414295489,0.8873519897460938,59.96002664890073
flipped_part_004.mp4,2926,1,2,0.1258821140294592,0.8830368041992187,0.4425516199182581,2,0.1258821140294592,0.8830368041992187,59.96002664890073
flipped_part_004.mp4,2927,1,2,0.1243941489212217,0.8803934733072917,0.4422773007993344,2,0.1243941489212217,0.8803934733072917,59.96002664890073
flipped_part_004.mp4,2928,1,2,0.1204870875086635,0.8774652481079102,0.4350229899088542,2,0.1204870875086635,0.8774652481079102,59.96002664890073
flipped_part_004.mp4,2929,1,2,0.1142680415990374,0.8718009948730469,0.4170144822862413,2,0.1142680415990374,0.8718009948730469,59.96002664890073
flipped_part_004.mp4,2930,1,2,0.1100145203035424,0.8668326059977214,0.4028973049587673,2,0.1100145203035424,0.8668326059977214,59.96002664890073
flipped_part_004.mp4,2931,1,2,0.1056156924472335,0.8648262023925781,0.3840557239673756,2,0.1056156924472335,0.8648262023925781,59.96002664890073
flipped_part_004.mp4,2932,1,2,0.1014509657808391,0.8608482996622722,0.3682102062084056,2,0.1014509657808391,0.8608482996622722,59.96002664890073
flipped_part_004.mp4,2933,1,3,0.0967535073340695,0.8547152201334636,0.3510186937120225,3,0.0967535073340695,0.856167221069336,59.96002664890073
flipped_part_004.mp4,2934,1,5,0.0933630340219921,0.852210807800293,0.3375226903844763,3,0.0933630340219921,0.854189936319987,59.96002664890073
flipped_part_004.mp4,2935,1,4,0.0907153006824955,0.850090217590332,0.3268706427680121,3,0.0907153006824955,0.8518264770507813,59.96002664890073
flipped_part_004.mp4,2936,1,3,0.0870966249289308,0.8459861755371094,0.3110611809624566,3,0.0870966249289308,0.8476811091105143,59.96002664890073
flipped_part_004.mp4,2937,1,3,0.0849683129280499,0.8446516036987305,0.3001617996780961,2,0.0849683129280499,0.8446516036987305,59.96002664890073
flipped_part_004.mp4,2938,1,3,0.080930717080935,0.8406379699707032,0.2854692247178819,2,0.080930717080935,0.8406379699707032,59.96002664890073
flipped_part_004.mp4,2939,1,3,0.0773741818048788,0.8384244918823243,0.2736058553059896,2,0.0773741818048788,0.8384244918823243,59.96002664890073
flipped_part_004.mp4,2940,1,3,0.0729510934056371,0.835437266031901,0.2543663024902344,2,0.0729510934056371,0.835437266031901,59.96002664890073
flipped_part_004.mp4,2941,1,3,0.0707455468595525,1.0,0.7899643509476273,2,0.0688393262798652,0.8305746078491211,59.96002664890073
flipped_part_004.mp4,2942,1,3,0.0756203285812969,0.999154535929362,0.7739779437029803,2,0.0669802110853035,0.8281085968017579,59.96002664890073
flipped_part_004.mp4,2943,1,3,0.0813239963804544,0.9995031356811525,0.7591934769241898,2,0.0635489836955093,0.824708366394043,59.96002664890073
flipped_part_004.mp4,2944,1,3,0.0867426590948727,0.999608039855957,0.7466983371310764,2,0.0627681896311696,0.8222259521484375,59.96002664890073
flipped_part_004.mp4,2945,1,3,0.0916329512683916,0.9996074676513672,0.7314932364004629,2,0.06048968307924,0.8207739512125651,59.96002664890073
flipped_part_004.mp4,2946,1,3,0.0974843191244872,0.9994058609008788,0.7216617160373264,2,0.0583397481326688,0.817811648050944,59.96002664890073
flipped_part_004.mp4,2947,1,3,0.1009982238614207,0.9995573043823244,0.7062078970449942,2,0.055262684088127,0.8160749435424804,59.96002664890073
flipped_part_004.mp4,2948,1,3,0.105832804157916,0.999529266357422,0.6951534695095486,2,0.0532301592432809,0.8148242950439453,59.96002664890073
flipped_part_004.mp4,2949,1,3,0.1090186433730155,0.9995018641153972,0.6854515923394098,2,0.0505918294147219,0.8115498224894205,59.96002664890073
flipped_part_004.mp4,2950,1,3,0.1120085244719909,0.999225616455078,0.676159159342448,2,0.0481771352662784,0.8084700266520183,59.96002664890073
flipped_part_004.mp4,2951,1,3,0.1157922019114657,0.9991443634033204,0.6644211945710359,2,0.0460814652875706,0.8066248575846354,59.96002664890073
flipped_part_004.mp4,2952,1,3,0.117560129252659,0.9992422103881836,0.6577164261429398,2,0.0445310599815275,0.8056051890055339,59.96002664890073
flipped_part_004.mp4,2953,1,3,0.1228500690716491,0.9990962982177736,0.6447905929000289,2,0.0428130179390751,0.8043129603068034,59.96002664890073
flipped_part_004.mp4,2954,1,3,0.1236904683471139,0.9988561630249024,0.6404310438368056,2,0.0415752535954945,0.8030619303385417,59.96002664890073
flipped_part_004.mp4,2955,1,3,0.1269382897741808,0.9989158630371092,0.6299570719401042,2,0.0397835886839311,0.8011882781982422,59.96002664890073
flipped_part_004.mp4,2956,1,3,0.1304199206212285,0.9990074157714844,0.6212175722475405,2,0.0384570152677285,0.8000437418619791,59.96002664890073
flipped_part_004.mp4,2957,1,3,0.1330362289345875,0.9990222930908204,0.612064841941551,2,0.0364369457919383,0.798365592956543,59.96002664890073
flipped_part_004.mp4,2958,1,3,0.1350509435480157,0.9988187789916992,0.6044861404984085,2,0.0359722558371104,0.7967666625976563,59.96002664890073
flipped_part_004.mp4,2959,1,3,0.1371736325155426,0.99906005859375,0.5973160355179398,3,0.1371736325155426,0.99906005859375,59.96002664890073
flipped_part_004.mp4,2960,1,3,0.1391711065710707,0.999072519938151,0.59298745614511,3,0.1391711065710707,0.999072519938151,59.96002664890073
flipped_part_004.mp4,2961,1,3,0.1414227415647977,0.9985149383544922,0.5868427983036748,3,0.1414227415647977,0.9985149383544922,59.96002664890073
flipped_part_004.mp4,2962,1,4,0.1433603789608201,0.9991585413614908,0.5781229654947917,3,0.1433603789608201,0.9991585413614908,59.96002664890073
flipped_part_004.mp4,2963,1,3,0.1458049291469312,0.9991384506225586,0.571880312319155,3,0.1458049291469312,0.9991384506225586,59.96002664890073
flipped_part_004.mp4,2964,1,3,0.1494370449634152,0.9988473892211914,0.5646477028175637,3,0.1494370449634152,0.9988473892211914,59.96002664890073
flipped_part_004.mp4,2965,1,3,0.1518494718951276,0.9993535995483398,0.5570798520688658,3,0.1518494718951276,0.9993535995483398,59.96002664890073
flipped_part_004.mp4,2966,1,3,0.1542676896199635,0.9993406295776368,0.5522023518880208,3,0.1542676896199635,0.9993406295776368,59.96002664890073
flipped_part_004.mp4,2967,1,3,0.1549683315205649,0.9984935760498048,0.5497525815610532,3,0.1549683315205649,0.9984935760498048,59.96002664890073
flipped_part_004.mp4,2968,1,3,0.1575246205123969,0.9992509841918944,0.5436726888020833,3,0.1575246205123969,0.9992509841918944,59.96002664890073
flipped_part_004.mp4,2969,1,4,0.1602093881717883,0.9992083231608072,0.5378124095775463,4,0.1602093881717883,0.9992083231608072,59.96002664890073
flipped_part_004.mp4,2970,1,4,0.1616960182117677,0.9993463516235352,0.5338390209056713,4,0.1616960182117677,0.9993463516235352,59.96002664890073
flipped_part_004.mp4,2971,1,4,0.1633599782987126,0.9993270874023438,0.5276432178638599,4,0.1633599782987126,0.9993270874023438,59.96002664890073
flipped_part_004.mp4,2972,1,3,0.1634164008389322,0.9991704940795898,0.5230458577473959,3,0.1634164008389322,0.9991704940795898,59.96002664890073
flipped_part_004.mp4,2973,1,4,0.1642755899830566,0.9991953531901042,0.5180005108868634,4,0.1642755899830566,0.9991953531901042,59.96002664890073
flipped_part_004.mp4,2974,1,4,0.1662183002097083,0.9993314743041992,0.5134027551721644,4,0.1662183002097083,0.9993314743041992,59.96002664890073
flipped_part_004.mp4,2975,1,3,0.1670063109622181,0.999323272705078,0.5100053575303819,3,0.1670063109622181,0.999323272705078,59.96002664890073
flipped_part_004.mp4,2976,1,3,0.1686379231628962,0.9991605758666992,0.506447516547309,3,0.1686379231628962,0.9991605758666992,59.96002664890073
flipped_part_004.mp4,2977,1,3,0.1693347622081637,0.9990502039591472,0.503751853660301,3,0.1693347622081637,0.9990502039591472,59.96002664890073
flipped_part_004.mp4,2978,1,3,0.1708492493544084,0.999079132080078,0.4996132179542824,3,0.1708492493544084,0.999079132080078,59.96002664890073
flipped_part_004.mp4,2979,1,3,0.1716258965471449,0.9991241455078124,0.4973561604817708,3,0.1716258965471449,0.9991241455078124,59.96002664890073
flipped_part_004.mp4,2980,1,3,0.1725132436770945,0.9991497039794922,0.4933993869357639,3,0.1725132436770945,0.9991497039794922,59.96002664890073
flipped_part_004.mp4,2981,1,3,0.1737059933350732,0.999163055419922,0.4892083062065972,3,0.1737059933350732,0.999163055419922,59.96002664890073
flipped_part_004.mp4,2982,1,3,0.1752062678952805,0.9991345087687176,0.4849599202473958,3,0.1752062678952805,0.9991345087687176,59.96002664890073
flipped_part_004.mp4,2983,1,3,0.175192651331434,0.999261474609375,0.4847981205692998,3,0.175192651331434,0.999261474609375,59.96002664890073
flipped_part_004.mp4,2984,1,3,0.1722366000474632,0.9927146911621094,0.4825916431568287,3,0.1722366000474632,0.9927146911621094,59.96002664890073
flipped_part_004.mp4,2985,1,3,0.1670723518650952,0.9813247680664062,0.4812790482132523,3,0.1670723518650952,0.9813247680664062,59.96002664890073
flipped_part_004.mp4,2986,1,3,0.1636576166143641,0.9712924957275392,0.4757068210177951,3,0.1636576166143641,0.9712924957275392,59.96002664890073
flipped_part_004.mp4,2987,1,3,0.1571405043562926,0.9579773585001627,0.4722693549262153,3,0.1571405043562926,0.9579773585001627,59.96002664890073
flipped_part_004.mp4,2988,1,3,0.1520528119916303,0.9486525217692058,0.4676787482367621,3,0.1520528119916303,0.9486525217692058,59.96002664890073
flipped_part_004.mp4,2989,1,4,0.1486013186214054,0.9405044555664064,0.4628706472891348,4,0.1486013186214054,0.9405044555664064,59.96002664890073
flipped_part_004.mp4,2990,1,4,0.1458708703645737,0.9349980036417644,0.4621942873354311,4,0.1458708703645737,0.9349980036417644,59.96002664890073
flipped_part_004.mp4,2991,1,5,0.1456023952628904,0.9327356974283856,0.4591194152832031,5,0.1456023952628904,0.9327356974283856,59.96002664890073
flipped_part_004.mp4,2992,1,3,0.143051782665062,0.9254772822062176,0.4567525510434751,3,0.143051782665062,0.9254772822062176,59.96002664890073
flipped_part_004.mp4,2993,1,3,0.1400127346335621,0.919110870361328,0.4549953601978443,3,0.1400127346335621,0.919110870361328,59.96002664890073
flipped_part_004.mp4,2994,1,4,0.1374052144826392,0.9133113861083983,0.4527039421929253,4,0.1374052144826392,0.9133113861083983,59.96002664890073
flipped_part_004.mp4,2995,1,4,0.1351848487822352,0.9071743011474608,0.448728123417607,4,0.1351848487822352,0.9071743011474608,59.96002664890073
flipped_part_004.mp4,2996,1,4,0.1323316541359182,0.9004746119181315,0.4458129317672164,4,0.1323316541359182,0.9004746119181315,59.96002664890073
flipped_part_004.mp4,2997,1,3,0.1291344194921193,0.8944313049316406,0.4441571553548177,3,0.1291344194921193,0.8944313049316406,59.96002664890073
flipped_part_004.mp4,2998,1,2,0.1273417677547453,0.8911766688028971,0.4439328511555989,2,0.1273417677547453,0.8911766688028971,59.96002664890073
flipped_part_004.mp4,2999,1,3,0.1217208227636163,0.8852713267008464,0.4292522854275173,3,0.1217208227636163,0.8852713267008464,59.96002664890073
flipped_part_004.mp4,3000,1,3,0.1167015321817203,0.8807195663452149,0.4144732439959491,3,0.1167015321817203,0.8807195663452149,59.96002664890073
flipped_part_004.mp4,3001,1,2,0.1113027683111701,0.8767805099487305,0.3965789229781539,2,0.1113027683111701,0.8767805099487305,59.96002664890073
flipped_part_004.mp4,3002,1,2,0.1061611388690276,0.8727109909057618,0.3831102441858362,2,0.1061611388690276,0.8727109909057618,59.96002664890073
flipped_part_004.mp4,3003,1,3,0.1013256837514927,0.8695489883422851,0.3677922566731771,3,0.1013256837514927,0.8695489883422851,59.96002664890073
flipped_part_004.mp4,3004,1,3,0.097964217015693,0.8666219711303711,0.3514370388454861,3,0.097964217015693,0.8666219711303711,59.96002664890073
flipped_part_004.mp4,3005,1,3,0.0935715544565701,0.8610901514689128,0.3332453127260561,3,0.0935715544565701,0.8610901514689128,59.96002664890073
flipped_part_004.mp4,3006,1,3,0.091600046764005,0.8581001281738281,0.3187523453323929,3,0.091600046764005,0.8581001281738281,59.96002664890073
flipped_part_004.mp4,3007,1,3,0.0875361289275288,0.8541322708129883,0.3068462513111256,3,0.0875361289275288,0.8541322708129883,59.96002664890073
flipped_part_004.mp4,3008,1,3,0.0840426897507212,0.8513542811075846,0.2906472947862413,3,0.0840426897507212,0.8513542811075846,59.96002664890073
flipped_part_004.mp4,3009,1,3,0.080241066100134,0.8477144241333008,0.2781218634711371,3,0.080241066100134,0.8477144241333008,59.96002664890073
flipped_part_004.mp4,3010,1,3,0.0781894739695956,0.8446329752604167,0.2687962567364728,3,0.0781894739695956,0.8446329752604167,59.96002664890073
flipped_part_004.mp4,3011,1,2,0.0749216507722869,0.8417402267456054,0.258589850531684,2,0.0749216507722869,0.8417402267456054,59.96002664890073
flipped_part_004.mp4,3012,1,2,0.0725389674577551,0.8397967020670573,0.2466617160373264,2,0.0725389674577551,0.8397967020670573,59.96002664890073
flipped_part_004.mp4,3013,1,3,0.0713719262350221,0.8379631678263346,0.2345293680826823,3,0.0713719262350221,0.8379631678263346,59.96002664890073
flipped_part_004.mp4,3014,1,2,0.068507282816078,0.8348245620727539,0.2231499283402054,2,0.068507282816078,0.8348245620727539,59.96002664890073
flipped_part_004.mp4,3015,1,3,0.0658547897342402,0.8329611460367838,0.2138891997160735,3,0.0658547897342402,0.8329611460367838,59.96002664890073
flipped_part_004.mp4,3016,1,3,0.0643045967960885,0.8307662963867187,0.2008115980360243,3,0.0643045967960885,0.8307662963867187,59.96002664890073
flipped_part_004.mp4,3017,1,2,0.0614084419607146,0.8282231012980144,0.1921846177842882,2,0.0614084419607146,0.8282231012980144,59.96002664890073
flipped_part_004.mp4,3018,1,3,0.0592126587921262,0.8259215037027995,0.184407721625434,3,0.0592126587921262,0.8259215037027995,59.96002664890073
flipped_part_004.mp4,3019,1,3,0.0576800645039528,0.8241910934448242,0.1735105726453993,3,0.0576800645039528,0.8241910934448242,59.96002664890073
flipped_part_004.mp4,3020,1,3,0.0569209492980088,0.8226249694824219,0.1644921196831597,3,0.0569209492980088,0.8226249694824219,59.96002664890073
flipped_part_004.mp4,3021,1,3,0.0545857014194027,0.8191099166870117,0.1552697075737847,3,0.0545857014194027,0.8191099166870117,59.96002664890073
flipped_part_004.mp4,3022,1,4,0.0523857353483312,0.8169816970825196,0.1448061342592592,3,0.0523857353483312,0.8169816970825196,59.96002664890073
flipped_part_004.mp4,3023,1,3,0.0510292262408054,0.8144003550211588,0.1393585205078125,3,0.0510292262408054,0.8144003550211588,59.96002664890073
flipped_part_004.mp4,3024,1,4,0.049752168020932,0.8130830764770508,0.1309719509548611,3,0.049752168020932,0.8130830764770508,59.96002664890073
flipped_part_004.mp4,3025,1,4,0.0564249419984601,0.9992780685424804,0.84076577645761,3,0.0475614887550559,0.8111785888671875,59.96002664890073
flipped_part_004.mp4,3026,1,6,0.0671439136231223,0.998288917541504,0.8172140615957755,5,0.0457406362358112,0.8099710464477539,59.96002664890073
flipped_part_004.mp4,3027,1,5,0.076138038854898,0.9985965728759766,0.7927084463614005,4,0.0444703663978887,0.8081116358439128,59.96002664890073
flipped_part_004.mp4,3028,1,5,0.0834692106979653,0.9982244491577148,0.7744001035337095,4,0.0437690954624364,0.8051047007242839,59.96002664890073
flipped_part_004.mp4,3029,1,4,0.0920752415465863,0.9983884811401368,0.7505023532443577,3,0.0423908672549037,0.8027519226074219,59.96002664890073
flipped_part_004.mp4,3030,1,4,0.0978594741389517,0.9987808227539062,0.7359701651114005,3,0.0406822368588634,0.8009752909342448,59.96002664890073
flipped_part_004.mp4,3031,1,3,0.1049604736501351,0.9987737655639648,0.7175265842013889,2,0.0398486098355432,0.7998539606730143,59.96002664890073
flipped_part_004.mp4,3032,1,3,0.1119378314380689,0.9991172790527344,0.7015834667064526,2,0.0391340607595824,0.7986835479736328,59.96002664890073
flipped_part_004.mp4,3033,1,3,0.1183292299920382,0.9991422653198242,0.686199951171875,2,0.0377801286582033,0.7967390060424805,59.96002664890073
flipped_part_004.mp4,3034,1,3,0.1235293803270906,0.9990877151489258,0.6736364293981482,2,0.0366259879556687,0.7948930740356446,59.96002664890073
flipped_part_004.mp4,3035,1,3,0.1278402243383849,0.9988396326700848,0.6589258264612269,2,0.0356433300104173,0.7938408533732096,59.96002664890073
flipped_part_004.mp4,3036,1,5,0.133301946214245,0.9987632751464844,0.6469663266782407,4,0.035334283519769,0.7916601181030274,59.96002664890073
flipped_part_004.mp4,3037,1,3,0.1364082364615643,0.9986742655436198,0.6368611088505498,2,0.0347276978617797,0.7900566736857096,59.96002664890073
flipped_part_004.mp4,3038,1,4,0.1407552209863206,0.9988693237304688,0.626093829119647,3,0.0335304567984227,0.7882825851440429,59.96002664890073
flipped_part_004.mp4,3039,1,4,0.1452514590435075,0.9986008326212564,0.614337949399595,3,0.0318030499832893,0.786319351196289,59.96002664890073
flipped_part_004.mp4,3040,1,3,0.1489274377768635,0.9985268274943034,0.6028986047815393,2,0.0312739757717699,0.786085573832194,59.96002664890073
flipped_part_004.mp4,3041,1,3,0.1516605884228031,0.9987970352172852,0.5959788004557292,3,0.1516605884228031,0.9987970352172852,59.96002664890073
flipped_part_004.mp4,3042,1,3,0.1551182148996654,0.9987934748331706,0.5875988995587385,3,0.1551182148996654,0.9987934748331706,59.96002664890073
flipped_part_004.mp4,3043,1,3,0.158449620485254,0.9990121841430664,0.5817209314416956,3,0.158449620485254,0.9990121841430664,59.96002664890073
flipped_part_004.mp4,3044,1,3,0.1602365919430007,0.9988878250122072,0.5739487259476274,3,0.1602365919430007,0.9988878250122072,59.96002664890073
flipped_part_004.mp4,3045,1,3,0.1639859378211743,0.9989215850830078,0.5633950692635995,3,0.1639859378211743,0.9989215850830078,59.96002664890073
flipped_part_004.mp4,3046,1,3,0.1667890541368009,0.9989503860473632,0.5571884720413773,3,0.1667890541368009,0.9989503860473632,59.96002664890073
flipped_part_004.mp4,3047,1,3,0.1670964529805739,0.9990617752075196,0.550362311469184,3,0.1670964529805739,0.9990617752075196,59.96002664890073
flipped_part_004.mp4,3048,1,3,0.1693493989025484,0.999134890238444,0.5471295957212094,3,0.1693493989025484,0.999134890238444,59.96002664890073
flipped_part_004.mp4,3049,1,3,0.1687198637719524,0.998664156595866,0.5395277235243056,3,0.1687198637719524,0.998664156595866,59.96002664890073
flipped_part_004.mp4,3050,1,3,0.1708108794829954,0.9989376068115234,0.5314384177879051,3,0.1708108794829954,0.9989376068115234,59.96002664890073
flipped_part_004.mp4,3051,1,3,0.1699248344103883,0.9988426208496094,0.5292306970666956,3,0.1699248344103883,0.9988426208496094,59.96002664890073
flipped_part_004.mp4,3052,1,3,0.17248541235678,0.9986072540283204,0.5225348013418692,3,0.17248541235678,0.9986072540283204,59.96002664890073
flipped_part_004.mp4,3053,1,3,0.1757817902550766,0.998866081237793,0.512812579119647,3,0.1757817902550766,0.998866081237793,59.96002664890073
flipped_part_004.mp4,3054,1,3,0.1766566264335738,0.9988933563232422,0.5097937124746817,3,0.1766566264335738,0.9988933563232422,59.96002664890073
flipped_part_004.mp4,3055,1,4,0.1785033351824731,0.999449602762858,0.5096133196795428,4,0.1785033351824731,0.999449602762858,59.96002664890073
flipped_part_004.mp4,3056,1,3,0.1800484644100328,0.999094009399414,0.5045341209129051,3,0.1800484644100328,0.999094009399414,59.96002664890073
flipped_part_004.mp4,3057,1,3,0.1823117932891128,0.999260711669922,0.4969459816261574,3,0.1823117932891128,0.999260711669922,59.96002664890073
flipped_part_004.mp4,3058,1,4,0.1834545074829243,0.9993915557861328,0.494003352412471,4,0.1834545074829243,0.9993915557861328,59.96002664890073
flipped_part_004.mp4,3059,1,3,0.1859929748591579,0.9997035980224608,0.487772454155816,3,0.1859929748591579,0.9997035980224608,59.96002664890073
flipped_part_004.mp4,3060,0,3,0.1831698032088267,0.999114990234375,0.4874579535590277,3,0.1831698032088267,0.999114990234375,59.96002664890073
flipped_part_004.mp4,3061,0,3,0.1840220320372113,0.9986713409423827,0.4843153776945891,3,0.1840220320372113,0.9986713409423827,59.96002664890073
flipped_part_004.mp4,3062,0,3,0.1853860087271055,0.9995111465454102,0.4798048231336805,3,0.1853860087271055,0.9995111465454102,59.96002664890073
flipped_part_004.mp4,3063,0,4,0.1857882883397461,0.9994948069254558,0.4775673760308159,4,0.1857882883397461,0.9994948069254558,59.96002664890073
flipped_part_004.mp4,3064,0,5,0.1861637117579165,0.999364153544108,0.4748318142361111,5,0.1861637117579165,0.999364153544108,59.96002664890073
flipped_part_004.mp4,3065,0,3,0.1879688623157562,0.9994276682535808,0.4702733357747395,3,0.1879688623157562,0.9994276682535808,59.96002664890073
flipped_part_004.mp4,3066,0,3,0.1894065225419116,0.999380111694336,0.4663803948296441,3,0.1894065225419116,0.999380111694336,59.96002664890073
flipped_part_004.mp4,3067,0,3,0.1908098208648799,0.9994791666666668,0.4614457872178819,3,0.1908098208648799,0.9994791666666668,59.96002664890073
flipped_part_004.mp4,3068,0,3,0.1907575492722874,0.9994710922241212,0.4602252536349826,3,0.1907575492722874,0.9994710922241212,59.96002664890073
flipped_part_004.mp4,3069,0,3,0.1922583142583212,0.9994770050048828,0.4555994104456018,3,0.1922583142583212,0.9994770050048828,59.96002664890073
flipped_part_004.mp4,3070,0,4,0.1945120149885446,0.9994850158691406,0.4497351187246817,4,0.1945120149885446,0.9994850158691406,59.96002664890073
flipped_part_004.mp4,3071,0,4,0.1941095816021616,0.9994901657104492,0.4481836107042101,4,0.1941095816021616,0.9994901657104492,59.96002664890073
flipped_part_004.mp4,3072,0,3,0.1947882622486536,0.9994672775268556,0.4457624929922598,3,0.1947882622486536,0.9994672775268556,59.96002664890073
flipped_part_004.mp4,3073,0,3,0.1952632985954255,0.99949893951416,0.4428622210467303,3,0.1952632985954255,0.99949893951416,59.96002664890073
flipped_part_004.mp4,3074,0,3,0.1961262990138062,0.9994131088256836,0.4404966001157407,3,0.1961262990138062,0.9994131088256836,59.96002664890073
flipped_part_004.mp4,3075,0,3,0.1966578582911299,0.999445343017578,0.4391932169596354,3,0.1966578582911299,0.999445343017578,59.96002664890073
flipped_part_004.mp4,3076,0,4,0.1977094063642316,0.9994333267211916,0.4360957675509982,4,0.1977094063642316,0.9994333267211916,59.96002664890073
flipped_part_004.mp4,3077,0,3,0.1994210526977743,0.9994344711303712,0.4315668741861979,3,0.1994210526977743,0.9994344711303712,59.96002664890073
flipped_part_004.mp4,3078,0,3,0.2007594394081712,0.9995019912719728,0.4278346591525607,3,0.2007594394081712,0.9995019912719728,59.96002664890073
flipped_part_004.mp4,3079,0,3,0.2014569755367443,0.9994924545288086,0.4260631985134548,3,0.2014569755367443,0.9994924545288086,59.96002664890073
flipped_part_004.mp4,3080,0,3,0.2019523184824114,0.999497413635254,0.4234903971354166,3,0.2019523184824114,0.999497413635254,59.96002664890073
flipped_part_004.mp4,3081,0,3,0.2030075737890729,0.9994402567545572,0.4202598571777344,3,0.2030075737890729,0.9994402567545572,59.96002664890073
flipped_part_004.mp4,3082,0,3,0.2038705938368698,0.999456787109375,0.4186108341923466,3,0.2038705938368698,0.999456787109375,59.96002664890073
flipped_part_004.mp4,3083,0,3,0.2047003721716141,0.9994534174601236,0.4166943020290798,3,0.2047003721716141,0.9994534174601236,59.96002664890073
flipped_part_004.mp4,3084,0,3,0.2043520193363225,0.9990667343139648,0.4162586070873119,3,0.2043520193363225,0.9990667343139648,59.96002664890073
flipped_part_004.mp4,3085,0,3,0.1977121468646348,0.985797882080078,0.4135100753219039,3,0.1977121468646348,0.985797882080078,59.96002664890073
flipped_part_004.mp4,3086,0,3,0.1921585327071456,0.9753853480021158,0.4110428986725983,3,0.1921585327071456,0.9753853480021158,59.96002664890073
flipped_part_004.mp4,3087,0,3,0.1860623588149125,0.9641042709350586,0.4088063557942708,3,0.1860623588149125,0.9641042709350586,59.96002664890073
flipped_part_004.mp4,3088,0,3,0.1798799213390642,0.9541834513346354,0.4082784016927083,3,0.1798799213390642,0.9541834513346354,59.96002664890073
flipped_part_004.mp4,3089,0,3,0.1727685714249188,0.943937873840332,0.4081122504340277,3,0.1727685714249188,0.943937873840332,59.96002664890073
flipped_part_004.mp4,3090,0,3,0.1663536128078165,0.933736483256022,0.4074515731246383,3,0.1663536128078165,0.933736483256022,59.96002664890073
flipped_part_004.mp4,3091,0,3,0.1617916226302622,0.9254486083984376,0.4059349060058593,3,0.1617916226302622,0.9254486083984376,59.96002664890073
flipped_part_004.mp4,3092,0,3,0.1588447317088354,0.9201301574707031,0.4044738486961082,3,0.1588447317088354,0.9201301574707031,59.96002664890073
flipped_part_004.mp4,3093,0,3,0.1558161367872122,0.912177276611328,0.3998475816514757,3,0.1558161367872122,0.912177276611328,59.96002664890073
flipped_part_004.mp4,3094,0,4,0.1509975430435992,0.904373041788737,0.3934888203938802,4,0.1509975430435992,0.904373041788737,59.96002664890073
flipped_part_004.mp4,3095,0,3,0.142283248003805,0.8976034164428711,0.3730684633608218,3,0.142283248003805,0.8976034164428711,59.96002664890073
flipped_part_004.mp4,3096,0,4,0.1357131558144896,0.8924938201904297,0.354282068323206,4,0.1357131558144896,0.8924938201904297,59.96002664890073
flipped_part_004.mp4,3097,0,3,0.1301304918678296,0.8880287170410156,0.3375612046983507,3,0.1301304918678296,0.8880287170410156,59.96002664890073
flipped_part_004.mp4,3098,0,3,0.1233692951010501,0.8816446304321289,0.3198641459147135,3,0.1233692951010501,0.8816446304321289,59.96002664890073
flipped_part_004.mp4,3099,0,3,0.1166123532280282,0.8744713465372721,0.3021374172634549,3,0.1166123532280282,0.8744713465372721,59.96002664890073
flipped_part_004.mp4,3100,0,3,0.111598080896656,0.869739023844401,0.2888171725802951,3,0.111598080896656,0.869739023844401,59.96002664890073
flipped_part_004.mp4,3101,0,3,0.1065481027635676,0.8659006118774414,0.2726563912850839,3,0.1065481027635676,0.8659006118774414,59.96002664890073
flipped_part_004.mp4,3102,0,3,0.1032175065954948,0.8631435394287109,0.2595922682020399,3,0.1032175065954948,0.8631435394287109,59.96002664890073
flipped_part_004.mp4,3103,0,4,0.0986425314727185,0.8585851669311524,0.2451095298484519,4,0.0986425314727185,0.8585851669311524,59.96002664890073
flipped_part_004.mp4,3104,0,3,0.0949541201015138,0.8552530924479167,0.2312638176812066,3,0.0949541201015138,0.8552530924479167,59.96002664890073
flipped_part_004.mp4,3105,0,3,0.0910815578039425,0.8505895614624024,0.2200236002604166,3,0.0910815578039425,0.8505895614624024,59.96002664890073
flipped_part_004.mp4,3106,0,3,0.0870813695173301,0.8469507217407226,0.2086017184787326,3,0.0870813695173301,0.8469507217407226,59.96002664890073
flipped_part_004.mp4,3107,0,4,0.0832698703480612,0.8429102579752604,0.1957514444986979,4,0.0832698703480612,0.8429102579752604,59.96002664890073
flipped_part_004.mp4,3108,0,5,0.0810013787593278,0.841703224182129,0.1841162787543402,5,0.0810013787593278,0.841703224182129,59.96002664890073
flipped_part_004.mp4,3109,0,4,0.077249867474117,0.8361729303995769,0.1720675998263889,4,0.077249867474117,0.8361729303995769,59.96002664890073
flipped_part_004.mp4,3110,0,4,0.0745321100862947,0.8339851379394532,0.1647828561288339,4,0.0745321100862947,0.8339851379394532,59.96002664890073
flipped_part_004.mp4,3111,0,2,0.0730992278258404,0.8302186965942383,0.16045817622432,2,0.0730992278258404,0.8302186965942383,59.96002664890073
flipped_part_004.mp4,3112,0,2,0.0725495597993291,0.8272858301798502,0.1621561686197916,2,0.0725495597993291,0.8272858301798502,59.96002664890073
flipped_part_004.mp4,3113,0,2,0.0713208530917095,0.8241304397583008,0.1583219740125868,2,0.0713208530917095,0.8241304397583008,59.96002664890073
flipped_part_004.mp4,3114,0,4,0.0668518410874552,0.8214075724283855,0.1369179619683159,4,0.0668518410874552,0.8214075724283855,59.96002664890073
flipped_part_004.mp4,3115,0,4,0.0645943988121871,0.8219911575317382,0.1192938062879774,4,0.0645943988121871,0.8219911575317382,59.96002664890073
flipped_part_004.mp4,3116,0,4,0.0623039705508724,0.8186504364013671,0.105157470703125,4,0.0623039705508724,0.8186504364013671,59.96002664890073
flipped_part_004.mp4,3117,0,4,0.0605222337681981,0.8179584503173828,0.0962127685546875,4,0.0605222337681981,0.8179584503173828,59.96002664890073
flipped_part_004.mp4,3118,0,6,0.0576702212938862,0.8142154693603516,0.0909316734031394,6,0.0576702212938862,0.8142154693603516,59.96002664890073
flipped_part_004.mp4,3119,0,5,0.0566288777157239,0.8134500503540039,0.0807694329155816,5,0.0566288777157239,0.8134500503540039,59.96002664890073
flipped_part_004.mp4,3120,0,5,0.0546786540846863,0.8111212412516277,0.0726730064109519,5,0.0546786540846863,0.8111212412516277,59.96002664890073
flipped_part_004.mp4,3121,0,4,0.0530415378024989,0.8086471557617188,0.0666789302119502,4,0.0530415378024989,0.8086471557617188,59.96002664890073
flipped_part_004.mp4,3122,0,4,0.0510061393240714,0.8056049346923828,0.0625037016691985,4,0.0510061393240714,0.8056049346923828,59.96002664890073
flipped_part_004.mp4,3123,0,5,0.0502498482213514,0.8051581064860026,0.0567355403193721,5,0.0502498482213514,0.8051581064860026,59.96002664890073
flipped_part_004.mp4,3124,0,5,0.0486887284633013,0.8034983317057292,0.0450363159179687,5,0.0486887284633013,0.8034983317057292,59.96002664890073
flipped_part_004.mp4,3125,0,6,0.0473806062558619,0.8031761805216472,0.0382055211950231,6,0.0473806062558619,0.8031761805216472,59.96002664890073
flipped_part_004.mp4,3126,0,6,0.0458936997811866,0.8022754669189454,0.0328186317726417,6,0.0458936997811866,0.8022754669189454,59.96002664890073
flipped_part_004.mp4,3127,0,5,0.0451265289539717,0.8008536020914714,0.0263125666865596,5,0.0451265289539717,0.8008536020914714,59.96002664890073
flipped_part_004.mp4,3128,0,6,0.0444507911355456,0.8008812586466472,0.0212026242856626,6,0.0444507911355456,0.8008812586466472,59.96002664890073
flipped_part_004.mp4,3129,0,6,0.0418234046733252,0.794321886698405,0.0156658596462673,6,0.0418234046733252,0.794321886698405,59.96002664890073
flipped_part_004.mp4,3130,0,4,0.0402082298532197,0.7907613754272461,0.0102585404007523,4,0.0402082298532197,0.7907613754272461,59.96002664890073
flipped_part_004.mp4,3131,0,5,0.0409148127493487,0.7936033248901367,0.006976826985677,5,0.0409148127493487,0.7936033248901367,59.96002664890073
flipped_part_004.mp4,3132,0,5,0.0394460243677948,0.7922243118286133,0.0015774479618778,5,0.0394460243677948,0.7922243118286133,59.96002664890073
flipped_part_004.mp4,3133,0,5,0.0385228441199729,0.7899061838785807,0.0051953068485966,5,0.0385228441199729,0.7899061838785807,59.96002664890073
flipped_part_004.mp4,3134,0,5,0.0371900044661338,0.788320795694987,0.0147286309136284,5,0.0371900044661338,0.788320795694987,59.96002664890073
flipped_part_004.mp4,3135,0,5,0.0359548232630815,0.7859052658081055,0.0202328434696903,5,0.0359548232630815,0.7859052658081055,59.96002664890073
flipped_part_004.mp4,3136,0,5,0.0354256444339989,0.7843846003214519,0.0252989027235243,5,0.0354256444339989,0.7843846003214519,59.96002664890073
flipped_part_004.mp4,3137,0,5,0.0336443841383457,0.7800167083740235,0.0300357677318431,5,0.0336443841383457,0.7800167083740235,59.96002664890073
flipped_part_004.mp4,3138,0,4,0.0325010581230917,0.7774372736612956,0.0330343740957754,4,0.0325010581230917,0.7786544799804688,59.96002664890073
flipped_part_004.mp4,3139,0,4,0.0320374920102767,0.7782842636108398,0.0371738009982638,4,0.0320374920102767,0.7798411051432291,59.96002664890073
flipped_part_004.mp4,3140,0,3,0.0315250326095459,0.7779972076416015,0.0417129516601562,3,0.0315250326095459,0.7797486623128255,59.96002664890073
flipped_part_004.mp4,3141,0,5,0.0312952635052648,0.7787965138753256,0.0455579969618055,5,0.0312952635052648,0.7801293055216472,59.96002664890073
flipped_part_004.mp4,3142,0,4,0.0304794467419183,0.7781651178995769,0.0517478377730758,4,0.0304794467419183,0.7815074920654297,59.96002664890073
flipped_part_004.mp4,3143,0,4,0.0300239341127841,0.7776524225870768,0.0563161496762876,4,0.0300239341127841,0.7822630564371745,59.96002664890073
flipped_part_004.mp4,3144,0,3,0.0297594258554939,0.7765584945678711,0.0609359741210937,3,0.0297594258554939,0.7827421824137369,59.96002664890073
flipped_part_004.mp4,3145,0,5,0.0292478146429898,0.7816825866699219,0.4349344889322916,5,0.0292478146429898,0.7816825866699219,59.96002664890073
flipped_part_004.mp4,3146,0,5,0.029976986181767,0.7823823928833008,0.4393979673032407,5,0.029976986181767,0.7823823928833008,59.96002664890073
flipped_part_004.mp4,3147,0,3,0.0302072254700275,0.7812055587768555,0.4384753191912616,3,0.0302072254700275,0.7812055587768555,59.96002664890073
flipped_part_004.mp4,3148,0,3,0.0309112041498775,0.7817026138305664,0.437016126844618,3,0.0309112041498775,0.7817026138305664,59.96002664890073
flipped_part_004.mp4,3149,0,2,0.0310938690151346,0.7818326950073242,0.4393313372576678,2,0.0310938690151346,0.7818326950073242,59.96002664890073
flipped_part_004.mp4,3150,0,3,0.0312683769570301,0.7823701858520508,0.4425201416015625,3,0.0312683769570301,0.7823701858520508,59.96002664890073
flipped_part_004.mp4,3151,0,4,0.0320782055956725,0.783204714457194,0.4432545979817708,4,0.0320782055956725,0.783204714457194,59.96002664890073
flipped_part_004.mp4,3152,0,3,0.0318289374780336,0.7835371653238933,0.4522453590675636,3,0.0318289374780336,0.7835371653238933,59.96002664890073
flipped_part_004.mp4,3153,0,2,0.0321159093001861,0.7843655904134115,0.4592355798791956,2,0.0321159093001861,0.7843655904134115,59.96002664890073
flipped_part_004.mp4,3154,0,2,0.0329913757178453,0.7857016245524089,0.4619828400788484,2,0.0329913757178453,0.7857016245524089,59.96002664890073
flipped_part_004.mp4,3155,0,2,0.0333643057167258,0.7863300323486329,0.464154561360677,2,0.0333643057167258,0.7863300323486329,59.96002664890073
flipped_part_004.mp4,3156,0,2,0.0336862425412012,0.7866924285888672,0.4652682269061053,2,0.0336862425412012,0.7866924285888672,59.96002664890073
flipped_part_004.mp4,3157,0,2,0.034727583570768,0.788165791829427,0.469256591796875,2,0.034727583570768,0.788165791829427,59.96002664890073
flipped_part_004.mp4,3158,0,2,0.0352515124244382,0.7896438598632812,0.4792644924587673,2,0.0352515124244382,0.7896438598632812,59.96002664890073
flipped_part_004.mp4,3159,0,2,0.0350887629684681,0.7889906565348307,0.4841295030381944,2,0.0350887629684681,0.7889906565348307,59.96002664890073
flipped_part_004.mp4,3160,0,2,0.0357854622920017,0.7896265665690104,0.483833086932147,2,0.0357854622920017,0.7896265665690104,59.96002664890073
flipped_part_004.mp4,3161,0,2,0.0362095285249718,0.7890387217203776,0.4882676866319444,2,0.0362095285249718,0.7890387217203776,59.96002664890073
flipped_part_004.mp4,3162,0,4,0.0372907891230554,0.7910070419311523,0.4932091606987847,4,0.0372907891230554,0.7910070419311523,59.96002664890073
flipped_part_004.mp4,3163,0,3,0.0370615656729528,0.7906662623087565,0.4998735215928819,3,0.0370615656729528,0.7906662623087565,59.96002664890073
flipped_part_004.mp4,3164,0,4,0.0366210803793445,0.7894877115885417,0.5031293515805845,4,0.0366210803793445,0.7894877115885417,59.96002664890073
flipped_part_004.mp4,3165,0,4,0.0382684805492236,0.7928396224975586,0.5094294230143229,4,0.0382684805492236,0.7928396224975586,59.96002664890073
flipped_part_004.mp4,3166,0,2,0.0387614126230646,0.7941583633422852,0.5157612553349248,2,0.0387614126230646,0.7941583633422852,59.96002664890073
flipped_part_004.mp4,3167,0,2,0.0389339574360443,0.7947475433349609,0.5241352787724247,2,0.0389339574360443,0.7947475433349609,59.96002664890073
flipped_part_004.mp4,3168,0,2,0.0398646171300465,0.7967132568359375,0.5299718221028645,2,0.0398646171300465,0.7967132568359375,59.96002664890073
flipped_part_004.mp4,3169,0,2,0.0400348705992413,0.7966081619262695,0.5342095269097222,2,0.0400348705992413,0.7966081619262695,59.96002664890073
flipped_part_004.mp4,3170,0,2,0.0401136368321668,0.7961826324462891,0.540746166087963,2,0.0401136368321668,0.7961826324462891,59.96002664890073
flipped_part_004.mp4,3171,0,3,0.0409086947766546,0.7966099421183268,0.5436781141493056,3,0.0409086947766546,0.7966099421183268,59.96002664890073
flipped_part_004.mp4,3172,0,3,0.0413506632163706,0.7965669631958008,0.5489080358434606,3,0.0413506632163706,0.7965669631958008,59.96002664890073
flipped_part_004.mp4,3173,0,4,0.0421567167456184,0.7980489730834961,0.5577267682110821,4,0.0421567167456184,0.7980489730834961,59.96002664890073
flipped_part_004.mp4,3174,0,4,0.0423617222376116,0.7982261657714844,0.5614740442346644,4,0.0423617222376116,0.7982261657714844,59.96002664890073
flipped_part_004.mp4,3175,0,4,0.0429828963545474,0.7992889404296875,0.5662892094364873,4,0.0429828963545474,0.7992889404296875,59.96002664890073
flipped_part_004.mp4,3176,0,4,0.0440155025031546,0.8004213333129883,0.573350355360243,4,0.0440155025031546,0.8004213333129883,59.96002664890073
flipped_part_004.mp4,3177,0,4,0.0443644523789407,0.7998533248901367,0.5765073988172743,4,0.0443644523789407,0.7998533248901367,59.96002664890073
flipped_part_004.mp4,3178,0,2,0.0447028080743621,0.8001158396402995,0.5833522655345775,2,0.0447028080743621,0.8001158396402995,59.96002664890073
flipped_part_004.mp4,3179,0,2,0.0447430904400405,0.7996426264444987,0.5865746392144098,2,0.0447430904400405,0.7996426264444987,59.96002664890073
flipped_part_004.mp4,3180,0,2,0.0454404459179689,0.7996857325236003,0.592463458025897,2,0.0454404459179689,0.7996857325236003,59.96002664890073
flipped_part_004.mp4,3181,0,4,0.0450490347222269,0.7993885040283203,0.6002063327365451,3,0.0148080654452658,0.7420892715454102,59.96002664890073
flipped_part_004.mp4,3182,0,3,0.0446498398330166,0.7995508829752604,0.6090983072916667,2,0.0146902035619725,0.7417671203613281,59.96002664890073
flipped_part_004.mp4,3183,0,2,0.0442936125028171,0.7979336420694987,0.6130070439091435,1,0.0145146293030605,0.7412788391113281,59.96002664890073
flipped_part_004.mp4,3184,0,2,0.0445495702609143,0.7981878280639648,0.6143649065936053,1,0.0141973138949779,0.7405950546264648,59.96002664890073
flipped_part_004.mp4,3185,0,5,0.0459060930905656,0.8016956965128581,0.6145317925347222,4,0.0140602031516997,0.740490976969401,59.96002664890073
flipped_part_004.mp4,3186,0,3,0.0465770095146446,0.8032819747924804,0.6165557296187789,2,0.0139138952668225,0.7399832407633463,59.96002664890073
flipped_part_004.mp4,3187,0,4,0.0457752096910607,0.8016867319742839,0.6201227258752894,3,0.0137072009359447,0.7389679590861002,59.96002664890073
flipped_part_004.mp4,3188,0,6,0.0454132448129153,0.8010625839233398,0.6200308905707466,5,0.0136352086982299,0.7382864634195964,59.96002664890073
flipped_part_004.mp4,3189,0,6,0.0445262508966994,0.7993419647216797,0.6217949761284722,5,0.013417218459977,0.7376457214355469,59.96002664890073
flipped_part_004.mp4,3190,0,4,0.0452010528389817,0.802454948425293,0.6267179701063368,3,0.0132055536556678,0.7371465682983398,59.96002664890073
flipped_part_004.mp4,3191,0,5,0.0451916371302299,0.8027828852335612,0.6273508707682292,4,0.0130493745841477,0.7364733378092448,59.96002664890073
flipped_part_004.mp4,3192,0,5,0.0454338617420634,0.8041666666666667,0.6294970477068865,4,0.0128919828886954,0.7358192443847656,59.96002664890073
flipped_part_004.mp4,3193,0,5,0.046884270432929,0.8079708099365235,0.6284561157226562,4,0.0125899083528202,0.7348360697428385,59.96002664890073
flipped_part_004.mp4,3194,0,5,0.0446847763568425,0.8041477203369141,0.6314459341543692,4,0.0123199565186546,0.7340852737426757,59.96002664890073
flipped_part_004.mp4,3195,0,2,0.0448366360965955,0.8046819686889648,0.6334809479890047,1,0.0120566705261201,0.7328890482584636,59.96002664890073
flipped_part_004.mp4,3196,0,2,0.0444421835615476,0.8047594706217448,0.6364993060076678,1,0.0117218997020541,0.7316858291625976,59.96002664890073
flipped_part_004.mp4,3197,0,2,0.0441196275913777,0.8054426829020183,0.6395070393880208,1,0.0116945803595525,0.7317432403564453,59.96002664890073
flipped_part_004.mp4,3198,0,2,0.0439833774241722,0.8065818786621094,0.6424350314670139,1,0.0115584465346398,0.731273078918457,59.96002664890073
flipped_part_004.mp4,3199,0,2,0.0446104953604474,0.807760492960612,0.6428371853298611,1,0.0112103897270284,0.7302227020263672,59.96002664890073
flipped_part_004.mp4,3200,0,2,0.0442847114927307,0.808050791422526,0.6464114718967013,1,0.0111459064043905,0.7297863642374675,59.96002664890073
flipped_part_004.mp4,3201,0,3,0.0444341924168919,0.8082979202270508,0.6463807847764756,2,0.0111763925455872,0.7297163009643555,59.96002664890073
flipped_part_004.mp4,3202,0,3,0.0449981922506251,0.8104923884073894,0.6475268893771702,2,0.011031255716915,0.7287771224975585,59.96002664890073
flipped_part_004.mp4,3203,0,3,0.0459721427766554,0.8134937286376953,0.6507045604564525,2,0.0109971382841845,0.7285575866699219,59.96002664890073
flipped_part_004.mp4,3204,0,3,0.0450203355153401,0.8116581598917644,0.6513888888888889,2,0.0109802175049934,0.7282022476196289,59.96002664890073
flipped_part_004.mp4,3205,0,3,0.0452281792801201,0.8145082473754883,0.6565217759874132,2,0.0108507857229495,0.7275328318277995,59.96002664890073
flipped_part_004.mp4,3206,0,3,0.0457327163051619,0.8164658228556315,0.656925286187066,2,0.0107583517588733,0.7275249481201171,59.96002664890073
flipped_part_004.mp4,3207,0,3,0.0466475762624759,0.8195583979288737,0.6591895209418402,2,0.010684103113308,0.7274492899576823,59.96002664890073
flipped_part_004.mp4,3208,0,4,0.0466679322414307,0.8199857711791992,0.6607662624782986,2,0.0105829429627758,0.7270678202311198,59.96002664890073
flipped_part_004.mp4,3209,0,2,0.0456250168549121,0.8172718048095703,0.6617268315067998,1,0.0105779594510925,0.7269504547119141,59.96002664890073
flipped_part_004.mp4,3210,0,3,0.0466423030949146,0.8210512161254883,0.6640241834852431,1,0.0104444954347046,0.7265309651692708,59.96002664890073
flipped_part_004.mp4,3211,0,2,0.0462570360085939,0.8211885452270508,0.6663609822591146,1,0.0102405870034047,0.7258804321289063,59.96002664890073
flipped_part_004.mp4,3212,0,2,0.0463283130725311,0.8214601516723633,0.6661853366427951,1,0.0101534534766364,0.7248598098754883,59.96002664890073
flipped_part_004.mp4,3213,0,2,0.0462119979778071,0.8219121932983399,0.6675750167281539,1,0.0101000859217795,0.7249046325683594,59.96002664890073
flipped_part_004.mp4,3214,0,2,0.0453514877693831,0.8220686594645182,0.6696169817889178,1,0.0099927164600618,0.7245090484619141,59.96002664890073
flipped_part_004.mp4,3215,0,2,0.0445958090771778,0.8214417139689127,0.6734912448459202,1,0.0098970399031855,0.7237541198730468,59.96002664890073
flipped_part_004.mp4,3216,0,2,0.0459794531148078,0.8250237147013346,0.6746531733760127,1,0.0100680378814286,0.7241371154785157,59.96002664890073
flipped_part_004.mp4,3217,0,2,0.046467920311304,0.8259599685668946,0.6749429208260995,1,0.0101473744821527,0.7237100601196289,59.96002664890073
flipped_part_004.mp4,3218,0,2,0.0462778951604721,0.8255148569742838,0.6757322523328994,1,0.009839558160715,0.721891212463379,59.96002664890073
flipped_part_004.mp4,3219,0,2,0.0464570687892329,0.8264565149943034,0.6778795030381944,1,0.0096707760594263,0.7208206812540691,59.96002664890073
flipped_part_004.mp4,3220,0,2,0.045780162254814,0.8276182810465494,0.685076904296875,1,0.0094001306073914,0.7201964060465494,59.96002664890073
flipped_part_004.mp4,3221,0,2,0.0452959815317687,0.8269546508789063,0.6872438218858506,1,0.0091439251241616,0.7200626373291016,59.96002664890073
flipped_part_004.mp4,3222,0,2,0.0443000671874162,0.8249144236246745,0.6890618218315973,1,0.0090484545540271,0.7199240366617838,59.96002664890073
flipped_part_004.mp4,3223,0,2,0.0450650505510081,0.8276090621948242,0.6898061116536458,1,0.0090660161623532,0.7195784886678059,59.96002664890073
flipped_part_004.mp4,3224,0,2,0.044977942552909,0.8286054611206055,0.691938951280382,1,0.0090092279394243,0.719143295288086,59.96002664890073
flipped_part_004.mp4,3225,0,2,0.0451900774360789,0.830129877726237,0.6928243001302083,1,0.0087252034933987,0.7182672500610352,59.96002664890073
flipped_part_004.mp4,3226,0,2,0.0451835733992306,0.8321146647135417,0.6962965223524306,1,0.0085591161205795,0.7179697036743165,59.96002664890073
flipped_part_004.mp4,3227,0,2,0.0444974651143463,0.8315704981486003,0.698880852593316,1,0.0085889657605568,0.7178782145182292,59.96002664890073
flipped_part_004.mp4,3228,0,2,0.0440798022905882,0.8312706629435221,0.7003624810112847,1,0.0085611699457513,0.7179363250732422,59.96002664890073
flipped_part_004.mp4,3229,0,2,0.0434382621198892,0.8309289932250976,0.7031641077112268,1,0.0084495303487832,0.7175364176432292,59.96002664890073
flipped_part_004.mp4,3230,0,2,0.0425606851754451,0.8304556528727214,0.7071794297960069,1,0.0080579430531684,0.7171009699503581,59.96002664890073
flipped_part_004.mp4,3231,0,2,0.0422961599671175,0.8304319381713867,0.7101768776222511,1,0.0080122439604019,0.7170311609903971,59.96002664890073
flipped_part_004.mp4,3232,0,2,0.042912002981304,0.8337642669677734,0.7120976200810185,1,0.0080205935214245,0.7167596817016602,59.96002664890073
flipped_part_004.mp4,3233,0,2,0.0428807329619303,0.8333070755004883,0.7114935980902778,1,0.0080857003410993,0.717060661315918,59.96002664890073
flipped_part_004.mp4,3234,0,2,0.0428292378281993,0.8340009689331055,0.7124714604130498,1,0.0080474205431528,0.7170492808024088,59.96002664890073
flipped_part_004.mp4,3235,0,2,0.042618987879976,0.8338336944580078,0.7137606585467303,1,0.0076586509284916,0.7168213526407877,59.96002664890073
flipped_part_004.mp4,3236,0,3,0.0424012642534935,0.833570925394694,0.7159101132993345,1,0.0075139808550011,0.7163654963175455,59.96002664890073
flipped_part_004.mp4,3237,0,2,0.0420255289784378,0.8321905771891276,0.717915118182147,1,0.0077327835378754,0.71611328125,59.96002664890073
flipped_part_004.mp4,3238,0,2,0.0407666548478624,0.8301979700724283,0.7229007297092014,1,0.0076490540474575,0.7159952799479167,59.96002664890073
flipped_part_004.mp4,3239,0,3,0.0396655083421824,0.8283586502075195,0.7272452460394965,1,0.007791440330782,0.7157660166422526,59.96002664890073
flipped_part_004.mp4,3240,0,3,0.0392847425673397,0.826977030436198,0.7299815425166377,1,0.0076717491646478,0.7150983174641927,59.96002664890073
flipped_part_004.mp4,3241,0,2,0.0382668530219018,0.8257982889811198,0.7351595843279803,1,0.0075141958929749,0.7146296819051107,59.96002664890073
flipped_part_004.mp4,3242,0,2,0.0378775184374535,0.8239187240600586,0.7329577975802951,1,0.0074647750053554,0.7143124262491862,59.96002664890073
flipped_part_004.mp4,3243,0,2,0.0373668428426349,0.8223171234130859,0.7332518966109665,1,0.0074931958859087,0.713601557413737,59.96002664890073
flipped_part_004.mp4,3244,0,3,0.0366244165134655,0.8218773523966472,0.7379335191514756,1,0.0072912802731001,0.7127433776855469,59.96002664890073
flipped_part_004.mp4,3245,0,3,0.0365109253511764,0.8211092631022135,0.7354142930772569,1,0.0071142604979319,0.711994743347168,59.96002664890073
flipped_part_004.mp4,3246,0,2,0.0363788193162892,0.8227303187052409,0.7402969925491898,1,0.0069592504063621,0.711610221862793,59.96002664890073
flipped_part_004.mp4,3247,0,2,0.0357381354975384,0.8217293421427408,0.7417886804651331,1,0.0067714867082637,0.7107692718505859,59.96002664890073
flipped_part_004.mp4,3248,0,2,0.0345561523223295,0.8194931030273438,0.7459667064525463,1,0.0066081054799724,0.7104335784912109,59.96002664890073
flipped_part_004.mp4,3249,0,3,0.0341984378025517,0.8195316314697265,0.7496662846317997,1,0.0066213165671959,0.7093997955322265,59.96002664890073
flipped_part_004.mp4,3250,0,2,0.0339132149198903,0.8195150375366211,0.7518741183810764,1,0.0066580570103057,0.7094439188639323,59.96002664890073
flipped_part_004.mp4,3251,0,3,0.0333879357153178,0.8195526758829753,0.7534273500795717,1,0.0065296500724798,0.7089019775390625,59.96002664890073
flipped_part_004.mp4,3252,0,2,0.0330962592916977,0.8186028162638347,0.7539218478732639,1,0.0064968567393952,0.7084471384684244,59.96002664890073
flipped_part_004.mp4,3253,0,2,0.0329782236137651,0.8195969263712565,0.7549566763418692,1,0.006332673166913,0.7079359690348307,59.96002664890073
flipped_part_004.mp4,3254,0,2,0.0325066656878873,0.8194891611735026,0.7575075502748843,1,0.0063389170676236,0.7069828669230144,59.96002664890073
flipped_part_004.mp4,3255,0,2,0.032151994569296,0.8190262476603191,0.761387351707176,1,0.0061291616161664,0.7064277013142903,59.96002664890073
flipped_part_004.mp4,3256,0,2,0.031602604475241,0.8185522079467773,0.7642492788809317,1,0.0060262705189072,0.7060845692952474,59.96002664890073
flipped_part_004.mp4,3257,0,2,0.0308105733391381,0.8173633575439453,0.7669721250180845,1,0.00603334758905,0.7056798299153646,59.96002664890073
flipped_part_004.mp4,3258,0,2,0.0308577985231898,0.8181524276733398,0.7693375764069734,1,0.0058990336651051,0.7051361083984375,59.96002664890073
flipped_part_004.mp4,3259,0,2,0.0306316567119749,0.8176094055175781,0.7714575308340567,1,0.0059929728006547,0.7050976435343425,59.96002664890073
flipped_part_004.mp4,3260,0,3,0.0303142619299857,0.8178569793701171,0.7728408248336227,1,0.0060876797162442,0.7051540374755859,59.96002664890073
flipped_part_004.mp4,3261,0,3,0.0304105140685059,0.8190630594889323,0.7739311500831887,1,0.0061043637851899,0.7048629760742188,59.96002664890073
flipped_part_004.mp4,3262,0,2,0.0299672052846074,0.8194334665934245,0.775862799750434,1,0.0060111279013411,0.7044736226399739,59.96002664890073
flipped_part_004.mp4,3263,0,3,0.0300221301389881,0.8200019836425781,0.7749584056712963,1,0.0060085128437451,0.7041906356811524,59.96002664890073
flipped_part_004.mp4,3264,0,3,0.0300804447968969,0.8205007553100586,0.7758765891746239,1,0.0060551701967294,0.7041824340820313,59.96002664890073
flipped_part_004.mp4,3265,0,5,0.0288617410306189,0.8198690414428711,0.7847352204499422,1,0.0060086034422501,0.7043806076049804,59.96002664890073
flipped_part_004.mp4,3266,0,4,0.0294057420323413,0.8210807800292969,0.7822580973307292,1,0.0057884615372555,0.7042793909708659,59.96002664890073
flipped_part_004.mp4,3267,0,4,0.0288834111490804,0.8202764511108398,0.7847576000072338,1,0.0057133012094224,0.7037740707397461,59.96002664890073
flipped_part_004.mp4,3268,0,5,0.0274498910360206,0.8179436365763346,0.7929200914171007,1,0.0056161752103071,0.7035860061645508,59.96002664890073
flipped_part_004.mp4,3269,0,4,0.0269874908805272,0.8183563232421875,0.7981747097439236,1,0.0055940581374064,0.7035162607828777,59.96002664890073
flipped_part_004.mp4,3270,0,3,0.0271999545374354,0.8191136042277019,0.795112383807147,1,0.0056398770515806,0.7036984125773112,59.96002664890073
flipped_part_004.mp4,3271,0,3,0.0269898789093389,0.8191886901855469,0.7957380506727431,1,0.0056979763328908,0.7035061518351237,59.96002664890073
flipped_part_004.mp4,3272,0,3,0.0265585884942104,0.818734614054362,0.7977718777126737,1,0.0057586835877737,0.703271484375,59.96002664890073
flipped_part_004.mp4,3273,0,3,0.0262446428306564,0.8179580688476562,0.7998558892144098,1,0.0055238678635214,0.7030349095662435,59.96002664890073
flipped_part_004.mp4,3274,0,3,0.0257733649848011,0.8156520843505859,0.8018914681893808,1,0.0049441748057789,0.7024971644083658,59.96002664890073
flipped_part_004.mp4,3275,0,3,0.0255300415582368,0.8161026000976562,0.8051883273654514,1,0.0049049480393296,0.7021809260050456,59.96002664890073
flipped_part_004.mp4,3276,0,3,0.0251083280368927,0.8165786743164063,0.8091020937319156,1,0.0050525147504069,0.7023521423339844,59.96002664890073
flipped_part_004.mp4,3277,0,3,0.0242117878370616,0.812669054667155,0.8104549831814236,1,0.0046548855125244,0.7015892664591471,59.96002664890073
flipped_part_004.mp4,3278,0,3,0.0242301587029942,0.8139553705851237,0.8125167846679687,1,0.004566628918983,0.7012577056884766,59.96002664890073
flipped_part_004.mp4,3279,0,3,0.0237133210262766,0.813329569498698,0.8155815972222222,1,0.0046187815302982,0.7009873072306315,59.96002664890073
flipped_part_004.mp4,3280,0,3,0.0232993853585018,0.8136217753092448,0.819195556640625,1,0.0044970076147001,0.7004669825236003,59.96002664890073
flipped_part_004.mp4,3281,0,3,0.0231035201072464,0.8131468454996745,0.8200030856662326,1,0.0043553705849464,0.7000807444254558,59.96002664890073
flipped_part_004.mp4,3282,0,3,0.0229837500820522,0.8135284423828125,0.8217292503074364,1,0.0047260977573265,0.69999205271403,59.96002664890073
flipped_part_004.mp4,3283,0,3,0.0225959395065782,0.8122989654541015,0.8230172051323785,1,0.0048117115759157,0.6997360229492188,59.96002664890073
flipped_part_004.mp4,3284,0,3,0.0225616366541039,0.814397684733073,0.8250231707537615,1,0.004597641513381,0.6994117101033529,59.96002664890073
flipped_part_004.mp4,3285,0,3,0.0225751952302532,0.8149071375528971,0.8256445425528067,1,0.004427821151481,0.6988376617431641,59.96002664890073
flipped_part_004.mp4,3286,0,3,0.0219531950671915,0.8139380137125651,0.8287446198640046,1,0.0044494984386094,0.698933474222819,59.96002664890073
flipped_part_004.mp4,3287,0,3,0.0215253672712478,0.8144344329833985,0.8321347271954572,1,0.0044235280229865,0.6987335840861003,59.96002664890073
flipped_part_004.mp4,3288,0,3,0.0211235221574315,0.8135009765625,0.8335984406647858,1,0.0046683036258521,0.698684565226237,59.96002664890073
flipped_part_004.mp4,3289,0,3,0.0208529585336886,0.8139366149902344,0.8366238064236111,1,0.0048803462132087,0.6984399795532227,59.96002664890073
flipped_part_004.mp4,3290,0,3,0.0205910622810565,0.8141143798828125,0.8386641890914351,1,0.0047261012401496,0.6975374221801758,59.96002664890073
flipped_part_004.mp4,3291,0,3,0.0203145244607003,0.815487289428711,0.8420149061414931,2,0.0107877160975476,0.7368902842203776,59.96002664890073
flipped_part_004.mp4,3292,0,3,0.0203398771019419,0.817442512512207,0.8441454852068866,1,0.0044287209570272,0.6968533833821614,59.96002664890073
flipped_part_004.mp4,3293,0,3,0.0202094209461399,0.8195581436157227,0.8469854849356192,1,0.0042850120088594,0.6968432108561198,59.96002664890073
flipped_part_004.mp4,3294,0,3,0.0195527136600058,0.8193050384521484,0.8500559488932292,1,0.0042322322390369,0.6966946919759115,59.96002664890073
flipped_part_004.mp4,3295,0,3,0.0193990630472803,0.8195017496744792,0.8517032199435763,1,0.0041562404807579,0.6966501235961914,59.96002664890073
flipped_part_004.mp4,3296,0,3,0.0195316792192565,0.8210316340128581,0.8536447595666956,2,0.0115618046952618,0.7346174240112304,59.96002664890073
flipped_part_004.mp4,3297,0,3,0.0192552961686548,0.821445083618164,0.8549288149233217,2,0.0122881720092846,0.7361334482828776,59.96002664890073
flipped_part_004.mp4,3298,0,3,0.0189318021892478,0.8221670786539713,0.8561829743561922,2,0.0124814742803573,0.7367555618286132,59.96002664890073
flipped_part_004.mp4,3299,0,3,0.0183674648484031,0.8219602584838868,0.8596931174949364,2,0.0125481630512189,0.7358797073364258,59.96002664890073
flipped_part_004.mp4,3300,1,3,0.0184355498506058,0.8234896341959635,0.8636437875253183,2,0.0124463257681647,0.7358723958333333,59.96002664890073
flipped_part_004.mp4,3301,1,3,0.0179172437203642,0.8240927378336589,0.8667983443648727,2,0.0123182884977561,0.7358517328898112,59.96002664890073
flipped_part_004.mp4,3302,1,3,0.0176547682289404,0.8239566802978515,0.868134844744647,2,0.0127115344736052,0.737149429321289,59.96002664890073
flipped_part_004.mp4,3303,1,3,0.0174106615329345,0.8241951624552409,0.8700381243670429,2,0.012870208333393,0.7372010548909506,59.96002664890073
flipped_part_004.mp4,3304,1,3,0.0171745161605563,0.824125862121582,0.871121159306279,2,0.01240162717767,0.7348500569661458,59.96002664890073
flipped_part_004.mp4,3305,1,3,0.016448452928424,0.8237899780273438,0.8761006108036747,2,0.0128217776506466,0.7356376647949219,59.96002664890073
flipped_part_004.mp4,3306,1,3,0.0159484908809126,0.8232424418131511,0.8773601390697338,2,0.0127817468277903,0.7351830164591472,59.96002664890073
flipped_part_004.mp4,3307,1,3,0.0152082731043143,0.8232133865356446,0.8799791124131945,2,0.0121062745087935,0.7339333216349284,59.96002664890073
flipped_part_004.mp4,3308,1,3,0.0148605156468369,0.8240476608276367,0.8821473863389757,2,0.0114129377572788,0.7314117431640625,59.96002664890073
flipped_part_004.mp4,3309,1,3,0.0143397225427475,0.82413330078125,0.8855230825918692,2,0.0113064228206187,0.7313859939575196,59.96002664890073
flipped_part_004.mp4,3310,1,3,0.0141648514639912,0.8254212061564128,0.8879672015154804,2,0.0106467187619354,0.7301870981852213,59.96002664890073
flipped_part_004.mp4,3311,1,3,0.0136245314687214,0.8265860239664714,0.8897582442672164,2,0.0110009191595851,0.7313730875651042,59.96002664890073
flipped_part_004.mp4,3312,1,3,0.0135216253743662,0.8265775680541992,0.8918207239221644,2,0.0109406243939884,0.7306280771891276,59.96002664890073
flipped_part_004.mp4,3313,1,3,0.0130306491555853,0.8272497177124023,0.8948513454861111,2,0.0108858809739144,0.7301338195800782,59.96002664890073
flipped_part_004.mp4,3314,1,3,0.0126367066376971,0.8267346064249674,0.8989267985026042,2,0.0108595360985405,0.7304064432779948,59.96002664890073
flipped_part_004.mp4,3315,1,3,0.0123820447176694,0.8273885726928711,0.9019205729166668,2,0.0104330757233159,0.7297662734985352,59.96002664890073
flipped_part_004.mp4,3316,1,3,0.0121535913945128,0.8273207346598307,0.9044348257559316,2,0.0104164008703406,0.729596201578776,59.96002664890073
flipped_part_004.mp4,3317,1,3,0.0116741050175968,0.8254171371459961,0.9081508495189524,2,0.0103001917817164,0.7293916702270508,59.96002664890073
flipped_part_004.mp4,3318,1,3,0.010972222928432,0.823915672302246,0.9104358814380789,2,0.0098712451953259,0.7271036148071289,59.96002664890073
flipped_part_004.mp4,3319,1,3,0.0106789603072684,0.8236019134521484,0.9132456461588542,2,0.0100216444334041,0.7283522288004557,59.96002664890073
flipped_part_004.mp4,3320,1,3,0.0099517381915615,0.7273754119873047,0.4805807608145254,2,0.0099517381915615,0.7273754119873047,59.96002664890073
flipped_part_004.mp4,3321,1,3,0.0098539998115544,0.7279022216796875,0.4769062748661747,2,0.0098539998115544,0.7279022216796875,59.96002664890073
flipped_part_004.mp4,3322,1,3,0.0095004368741582,0.7269453684488932,0.4735232883029514,2,0.0095004368741582,0.7269453684488932,59.96002664890073
flipped_part_004.mp4,3323,1,3,0.0093486962288605,0.7264408111572266,0.4647385773835358,2,0.0093486962288605,0.7264408111572266,59.96002664890073
flipped_part_004.mp4,3324,1,3,0.0094039058641287,0.7258788426717122,0.4610646000614872,2,0.0094039058641287,0.7258788426717122,59.96002664890073
flipped_part_004.mp4,3325,1,3,0.0091852383536752,0.7257024765014648,0.4544660780164931,2,0.0091852383536752,0.7257024765014648,59.96002664890073
flipped_part_004.mp4,3326,1,3,0.0092063960791198,0.7254238128662109,0.4505847507052951,2,0.0092063960791198,0.7254238128662109,59.96002664890073
flipped_part_004.mp4,3327,1,3,0.0092782015601362,0.72529722849528,0.4463955349392361,2,0.0092782015601362,0.72529722849528,59.96002664890073
flipped_part_004.mp4,3328,1,3,0.0090905793864577,0.7247688293457031,0.445299897370515,2,0.0090905793864577,0.7247688293457031,59.96002664890073
flipped_part_004.mp4,3329,1,3,0.0086991499918318,0.7245615641276042,0.4388413605866609,2,0.0086991499918318,0.7245615641276042,59.96002664890073
flipped_part_004.mp4,3330,1,3,0.0086078849103715,0.7242666244506836,0.4327495433666088,2,0.0086078849103715,0.7242666244506836,59.96002664890073
flipped_part_004.mp4,3331,1,3,0.0086060573588438,0.7241472244262696,0.4269476431387442,2,0.0086060573588438,0.7241472244262696,59.96002664890073
flipped_part_004.mp4,3332,1,3,0.008459334988341,0.722939936319987,0.424281989203559,2,0.008459334988341,0.722939936319987,59.96002664890073
flipped_part_004.mp4,3333,1,3,0.0084737917792086,0.7231320063273112,0.4219072129991319,2,0.0084737917792086,0.7231320063273112,59.96002664890073
flipped_part_004.mp4,3334,1,3,0.0084728401990637,0.722816276550293,0.41882895010489,2,0.0084728401990637,0.722816276550293,59.96002664890073
flipped_part_004.mp4,3335,1,2,0.0080617977096052,0.7218023935953776,0.4154200236002604,2,0.0080617977096052,0.7218023935953776,59.96002664890073
flipped_part_004.mp4,3336,1,2,0.007757715300411,0.7202348709106445,0.4101545545789931,2,0.007757715300411,0.7202348709106445,59.96002664890073
flipped_part_004.mp4,3337,1,2,0.0074861374706314,0.7186024347941081,0.4052705552842882,2,0.0074861374706314,0.7186024347941081,59.96002664890073
flipped_part_004.mp4,3338,1,2,0.0072485293485482,0.7184604644775391,0.4007951524522569,2,0.0072485293485482,0.7184604644775391,59.96002664890073
flipped_part_004.mp4,3339,1,2,0.0074276804203314,0.7193023681640625,0.3968261153609664,2,0.0074276804203314,0.7193023681640625,59.96002664890073
flipped_part_004.mp4,3340,1,2,0.0073935338068339,0.7188011169433594,0.3933913619429977,2,0.0073935338068339,0.7188011169433594,59.96002664890073
flipped_part_004.mp4,3341,1,3,0.0277122755135254,0.9957509994506836,0.8878048366970486,2,0.0072289089881815,0.7188180287679037,59.96002664890073
flipped_part_004.mp4,3342,1,3,0.0333468846021935,0.996630350748698,0.8675475509078414,2,0.0069209367134047,0.7182696024576823,59.96002664890073
flipped_part_004.mp4,3343,1,3,0.0392131899341216,0.999325180053711,0.8473600034360532,2,0.0068876706560668,0.7173252741495768,59.96002664890073
flipped_part_004.mp4,3344,1,3,0.0448214376818699,0.9987669626871744,0.8289589775933159,2,0.0068602508520254,0.7172391891479493,59.96002664890073
flipped_part_004.mp4,3345,1,3,0.0522216097544878,0.9993566513061524,0.81295166015625,2,0.0069264485197641,0.7172607421875,59.96002664890073
flipped_part_004.mp4,3346,1,3,0.0578953898185864,0.9993953704833984,0.7980822527850115,2,0.0071251390799686,0.7175343195597331,59.96002664890073
flipped_part_004.mp4,3347,1,3,0.0635850898040793,0.9988588333129884,0.7806144996925637,2,0.0068064737079354,0.7164476394653321,59.96002664890073
flipped_part_004.mp4,3348,1,3,0.0692727854118372,0.9994295120239258,0.7663926866319445,2,0.0066336421882819,0.7162660598754883,59.96002664890073
flipped_part_004.mp4,3349,1,3,0.0741626193397031,0.9993057250976562,0.7522640652126736,2,0.0066327127679121,0.7157855987548828,59.96002664890073
flipped_part_004.mp4,3350,1,3,0.0793651382629953,0.9992979685465496,0.7391851919668692,2,0.0066165329371061,0.7162010828653972,59.96002664890073
flipped_part_004.mp4,3351,1,3,0.0833686820630423,0.9995132446289062,0.7283572726779514,2,0.0065780218259681,0.7159052530924479,59.96002664890073
flipped_part_004.mp4,3352,1,3,0.0879716074889357,0.9994512557983398,0.7153970789026332,2,0.0063993444677907,0.7161415100097657,59.96002664890073
flipped_part_004.mp4,3353,1,3,0.0926278066005411,0.9994684219360352,0.7030045685944734,2,0.0062753631236005,0.715773073832194,59.96002664890073
flipped_part_004.mp4,3354,1,3,0.09638621908854,0.9992568969726564,0.6919321130823206,2,0.0064207680060644,0.7151798248291016,59.96002664890073
flipped_part_004.mp4,3355,1,3,0.0991532958459854,0.999272918701172,0.6841650503653067,2,0.0063450291511792,0.7154939651489258,59.96002664890073
flipped_part_004.mp4,3356,1,3,0.1028573924398881,0.999361228942871,0.6740271109121817,2,0.0063770980061963,0.7154606501261394,59.96002664890073
flipped_part_004.mp4,3357,1,3,0.1057430430022456,0.9995399475097656,0.6658292982313369,2,0.0063815779885044,0.7148996353149414,59.96002664890073
flipped_part_004.mp4,3358,1,3,0.1094507922702986,0.9995035807291668,0.6546984637225116,2,0.006184012791836,0.71492919921875,59.96002664890073
flipped_part_004.mp4,3359,1,3,0.1125132951668153,0.9993711471557616,0.6459116617838542,2,0.0060030899331064,0.7148279825846354,59.96002664890073
flipped_part_004.mp4,3360,1,3,0.1153092805832555,0.9993844985961914,0.639646629050926,2,0.0062145910720789,0.714748764038086,59.96002664890073
flipped_part_004.mp4,3361,1,3,0.1184844875688819,0.9992950439453124,0.6312105532045718,2,0.0060174470697529,0.7151755015055339,59.96002664890073
flipped_part_004.mp4,3362,1,3,0.1212430244809581,0.9992519378662108,0.6246937504521123,2,0.0053165916355081,0.7111288706461588,59.96002664890073
flipped_part_004.mp4,3363,1,3,0.1237813183203063,0.999345016479492,0.6174437911422165,2,0.0051860979784073,0.7110796610514323,59.96002664890073
flipped_part_004.mp4,3364,1,3,0.1269773793044603,0.999473762512207,0.6066160979094328,2,0.0049853184255577,0.7097883860270182,59.96002664890073
flipped_part_004.mp4,3365,1,3,0.1286383140770744,0.9995140075683594,0.6034513120298033,2,0.004829043635594,0.7091210047403972,59.96002664890073
flipped_part_004.mp4,3366,1,3,0.1301156755253481,0.99952449798584,0.5982527556242766,3,0.1301156755253481,0.99952449798584,59.96002664890073
flipped_part_004.mp4,3367,1,3,0.1327923523476002,0.9995763778686524,0.5913938169126157,3,0.1327923523476002,0.9995763778686524,59.96002664890073
flipped_part_004.mp4,3368,1,3,0.1351225242330398,0.9995975494384766,0.5840992680302373,3,0.1351225242330398,0.9995975494384766,59.96002664890073
flipped_part_004.mp4,3369,1,3,0.1373679525497977,0.9995325724283854,0.5788375854492187,3,0.1373679525497977,0.9995325724283854,59.96002664890073
flipped_part_004.mp4,3370,1,3,0.139852289381368,0.9995249430338542,0.5757694950810185,3,0.139852289381368,0.9995249430338542,59.96002664890073
flipped_part_004.mp4,3371,1,3,0.1422676329408703,0.9995353698730468,0.5687516389069733,3,0.1422676329408703,0.9995353698730468,59.96002664890073
flipped_part_004.mp4,3372,1,3,0.1439203381701372,0.9994535446166992,0.5626719156901042,3,0.1439203381701372,0.9994535446166992,59.96002664890073
flipped_part_004.mp4,3373,1,2,0.145101826844642,0.999392318725586,0.5586476078739873,2,0.145101826844642,0.999392318725586,59.96002664890073
flipped_part_004.mp4,3374,1,2,0.1477841459409898,0.9994916915893556,0.5538564611364294,2,0.1477841459409898,0.9994916915893556,59.96002664890073
flipped_part_004.mp4,3375,1,2,0.149359229618373,0.9994117736816406,0.5496602376302083,2,0.149359229618373,0.9994117736816406,59.96002664890073
flipped_part_004.mp4,3376,1,2,0.1533667927433271,0.9992243448893228,0.5429523609302662,2,0.1533667927433271,0.9992243448893228,59.96002664890073
flipped_part_004.mp4,3377,1,2,0.1532079246273497,0.9995014190673828,0.539450525354456,2,0.1532079246273497,0.9995014190673828,59.96002664890073
flipped_part_004.mp4,3378,1,2,0.153665644286666,0.9993059794108072,0.535965417932581,2,0.153665644286666,0.9993059794108072,59.96002664890073
flipped_part_004.mp4,3379,1,2,0.1548262091897885,0.9993368148803712,0.5326211999963831,2,0.1548262091897885,0.9993368148803712,59.96002664890073
flipped_part_004.mp4,3380,1,2,0.155654809948626,0.9992263793945312,0.5296239782262732,2,0.155654809948626,0.9992263793945312,59.96002664890073
flipped_part_004.mp4,3381,1,2,0.157765270222347,0.9991235733032228,0.52452963369864,2,0.157765270222347,0.9991235733032228,59.96002664890073
flipped_part_004.mp4,3382,1,2,0.1598971604474354,0.9992210388183592,0.5203772085684317,2,0.1598971604474354,0.9992210388183592,59.96002664890073
flipped_part_004.mp4,3383,1,2,0.1612014181118596,0.99932066599528,0.5162386858904803,2,0.1612014181118596,0.99932066599528,59.96002664890073
flipped_part_004.mp4,3384,1,2,0.1628140257298946,0.9992174784342448,0.5120790834780092,2,0.1628140257298946,0.9992174784342448,59.96002664890073
flipped_part_004.mp4,3385,1,2,0.1637398886057134,0.999216079711914,0.5077818693938079,2,0.1637398886057134,0.999216079711914,59.96002664890073
flipped_part_004.mp4,3386,1,2,0.1644218365166783,0.9991376876831056,0.505850163212529,2,0.1644218365166783,0.9991376876831056,59.96002664890073
flipped_part_004.mp4,3387,1,2,0.1659806979615758,0.9982332229614258,0.502461412217882,2,0.1659806979615758,0.9982332229614258,59.96002664890073
flipped_part_004.mp4,3388,1,2,0.167212309229833,0.9981733322143554,0.4987597430193866,2,0.167212309229833,0.9981733322143554,59.96002664890073
flipped_part_004.mp4,3389,1,2,0.1695522013560036,0.9979707717895508,0.49347494619864,2,0.1695522013560036,0.9979707717895508,59.96002664890073
flipped_part_004.mp4,3390,1,2,0.1685837715491976,0.9935235977172852,0.4903779771592882,2,0.1685837715491976,0.9935235977172852,59.96002664890073
flipped_part_004.mp4,3391,1,2,0.1625252679672795,0.9809675216674804,0.490129315411603,2,0.1625252679672795,0.9809675216674804,59.96002664890073
flipped_part_004.mp4,3392,1,2,0.1576261481825107,0.968313217163086,0.4855000813802083,2,0.1576261481825107,0.968313217163086,59.96002664890073
flipped_part_004.mp4,3393,1,2,0.1527417549435631,0.958525276184082,0.4829645792643229,2,0.1527417549435631,0.958525276184082,59.96002664890073
flipped_part_004.mp4,3394,1,2,0.1477599276334656,0.9473777770996094,0.4807920102719907,2,0.1477599276334656,0.9473777770996094,59.96002664890073
flipped_part_004.mp4,3395,1,2,0.1461044466630038,0.9419198989868164,0.4767589992947049,2,0.1461044466630038,0.9419198989868164,59.96002664890073
flipped_part_004.mp4,3396,1,2,0.1390262816548703,0.926866594950358,0.4733931647406684,2,0.1390262816548703,0.926866594950358,59.96002664890073
flipped_part_004.mp4,3397,1,2,0.1365623788685749,0.9199310938517252,0.4694212171766493,2,0.1365623788685749,0.9199310938517252,59.96002664890073
flipped_part_004.mp4,3398,1,2,0.1334831202347737,0.9127350489298502,0.4669435289171006,2,0.1334831202347737,0.9127350489298502,59.96002664890073
flipped_part_004.mp4,3399,1,2,0.1302162041044977,0.9074564615885417,0.4646637245460793,2,0.1302162041044977,0.9074564615885417,59.96002664890073
flipped_part_004.mp4,3400,1,2,0.1297819633840117,0.905918312072754,0.461269293891059,2,0.1297819633840117,0.905918312072754,59.96002664890073
flipped_part_004.mp4,3401,1,3,0.1213732483341462,0.8980848312377929,0.43809814453125,2,0.1213732483341462,0.8980848312377929,59.96002664890073
flipped_part_004.mp4,3402,1,3,0.1102788945211472,0.8890862147013346,0.4084606594509549,2,0.1102788945211472,0.8890862147013346,59.96002664890073
flipped_part_004.mp4,3403,1,3,0.1044299311919894,0.8846458435058594,0.3845455310962818,2,0.1044299311919894,0.8846458435058594,59.96002664890073
flipped_part_004.mp4,3404,1,3,0.0972848508611787,0.8760849634806315,0.3638234456380208,2,0.0972848508611787,0.8760849634806315,59.96002664890073
flipped_part_004.mp4,3405,1,3,0.0912450220179744,0.8709311167399089,0.3362279256184896,2,0.0912450220179744,0.8709311167399089,59.96002664890073
flipped_part_004.mp4,3406,1,3,0.0842263699336089,0.8637680053710938,0.3106969197591145,2,0.0842263699336089,0.8637680053710938,59.96002664890073
flipped_part_004.mp4,3407,1,3,0.0800865294762156,0.8606090545654297,0.291192881266276,2,0.0800865294762156,0.8606090545654297,59.96002664890073
flipped_part_004.mp4,3408,1,3,0.0752440494525944,0.8563059488932292,0.2742330763075087,2,0.0752440494525944,0.8563059488932292,59.96002664890073
flipped_part_004.mp4,3409,1,3,0.074321533401488,0.9985113143920898,0.7881673177083334,2,0.0708549521578243,0.8541741053263346,59.96002664890073
flipped_part_004.mp4,3410,1,3,0.0800422327393122,0.999672508239746,0.7767873128255208,2,0.0673682753409526,0.8506163279215495,59.96002664890073
flipped_part_004.mp4,3411,1,3,0.0864800229653418,0.9995906829833984,0.7597813924153646,2,0.0642675386735397,0.8490297317504882,59.96002664890073
flipped_part_004.mp4,3412,1,3,0.0909036870592131,0.997969436645508,0.7481657240125869,2,0.0612857677024051,0.8469779968261719,59.96002664890073
flipped_part_004.mp4,3413,1,3,0.0941058819848371,0.9995834350585936,0.7367045084635416,2,0.0610348020016465,0.8500420252482096,59.96002664890073
flipped_part_004.mp4,3414,1,3,0.0985978520330132,0.9995429992675782,0.7226283885814525,2,0.0542160604929948,0.8350662231445313,59.96002664890073
flipped_part_004.mp4,3415,1,3,0.1016242502814727,0.9994636535644532,0.7103177671079283,2,0.050755609938615,0.8293373107910156,59.96002664890073
flipped_part_004.mp4,3416,1,3,0.1064225567567282,0.999348513285319,0.6978749027958623,2,0.051822072948508,0.8321746826171875,59.96002664890073
flipped_part_004.mp4,3417,1,3,0.1085246848717172,0.9964232126871744,0.6888793380172165,2,0.0483179702806946,0.8302446365356445,59.96002664890073
flipped_part_004.mp4,3418,1,3,0.1141033767576381,0.9977270126342772,0.6756100124782987,2,0.046455959080561,0.8283838272094727,59.96002664890073
flipped_part_004.mp4,3419,1,3,0.1164688904595095,0.997849464416504,0.6689197116427952,2,0.0440384182747328,0.8209983825683593,59.96002664890073
flipped_part_004.mp4,3420,0,3,0.1206303509433874,0.9979913711547852,0.6573339956778067,2,0.0426726222392042,0.8232519149780273,59.96002664890073
flipped_part_004.mp4,3421,0,3,0.1230009487306449,0.9982439041137696,0.6504001758716724,2,0.0410685081723042,0.8197269439697266,59.96002664890073
flipped_part_004.mp4,3422,0,3,0.1259405955483089,0.9987148920694988,0.6434097290039062,2,0.0403952890610606,0.8188148498535156,59.96002664890073
flipped_part_004.mp4,3423,0,3,0.1294527209571916,0.9990411758422852,0.6337823373300058,2,0.0379248386169287,0.8126824061075847,59.96002664890073
flipped_part_004.mp4,3424,0,3,0.1314272436358388,0.9985000610351562,0.6250864664713541,2,0.0365901131529729,0.8111923853556315,59.96002664890073
flipped_part_004.mp4,3425,0,3,0.1358629136386163,0.9982710520426432,0.6132598311812789,2,0.0366368827892519,0.8135824839274088,59.96002664890073
flipped_part_004.mp4,3426,0,3,0.1373588459483451,0.9985201517740886,0.60924072265625,2,0.0342251358744181,0.807040023803711,59.96002664890073
flipped_part_004.mp4,3427,0,3,0.1405118136301947,0.9988627115885416,0.6010882342303241,2,0.0338357458391692,0.8077428817749024,59.96002664890073
flipped_part_004.mp4,3428,0,3,0.1426828223585228,0.9984600067138673,0.5936392890082465,3,0.1426828223585228,0.9984600067138673,59.96002664890073
flipped_part_004.mp4,3429,0,3,0.1454922980745323,0.999118995666504,0.5884501139322916,3,0.1454922980745323,0.999118995666504,59.96002664890073
flipped_part_004.mp4,3430,0,3,0.1473828942344213,0.9988685607910156,0.5820860120985243,3,0.1473828942344213,0.9988685607910156,59.96002664890073
flipped_part_004.mp4,3431,0,3,0.14976984158749,0.9990673065185548,0.5760919076425058,3,0.14976984158749,0.9990673065185548,59.96002664890073
flipped_part_004.mp4,3432,0,3,0.1527592502335621,0.9992366790771484,0.5672292638708044,3,0.1527592502335621,0.9992366790771484,59.96002664890073
flipped_part_004.mp4,3433,0,3,0.1552421934988362,0.999117914835612,0.5577246206778067,3,0.1552421934988362,0.999117914835612,59.96002664890073
flipped_part_004.mp4,3434,0,3,0.1556462595963643,0.9990660349527994,0.5564450864438657,3,0.1556462595963643,0.9990660349527994,59.96002664890073
flipped_part_004.mp4,3435,0,3,0.156968685298645,0.9991395950317384,0.555033704969618,3,0.156968685298645,0.9991395950317384,59.96002664890073
flipped_part_004.mp4,3436,0,3,0.1604832910727688,0.9991546630859376,0.5463893749095775,3,0.1604832910727688,0.9991546630859376,59.96002664890073
flipped_part_004.mp4,3437,0,3,0.1611496821126935,0.9991687774658204,0.5413140190972222,3,0.1611496821126935,0.9991687774658204,59.96002664890073
flipped_part_004.mp4,3438,0,3,0.1625759835346899,0.9992725372314452,0.5372214423285591,3,0.1625759835346899,0.9992725372314452,59.96002664890073
flipped_part_004.mp4,3439,0,3,0.162895435221435,0.9991727828979492,0.5339564005533854,3,0.162895435221435,0.9991727828979492,59.96002664890073
flipped_part_004.mp4,3440,0,3,0.1649632851709396,0.998524284362793,0.526907292118779,3,0.1649632851709396,0.998524284362793,59.96002664890073
flipped_part_004.mp4,3441,0,3,0.1657682353076395,0.999140230814616,0.5255779690212674,3,0.1657682353076395,0.999140230814616,59.96002664890073
flipped_part_004.mp4,3442,0,3,0.1676802597446712,0.998549461364746,0.5208759449146412,3,0.1676802597446712,0.998549461364746,59.96002664890073
flipped_part_004.mp4,3443,0,3,0.1684970939488805,0.9988335291544596,0.5182899192527488,3,0.1684970939488805,0.9988335291544596,59.96002664890073
flipped_part_004.mp4,3444,0,3,0.170537938495076,0.9988176981608072,0.5138098822699653,3,0.170537938495076,0.9988176981608072,59.96002664890073
flipped_part_004.mp4,3445,0,3,0.1727877515949593,0.9990345001220704,0.5075662683557581,3,0.1727877515949593,0.9990345001220704,59.96002664890073
flipped_part_004.mp4,3446,0,3,0.1737608474161889,0.9983346939086916,0.5038302951388889,3,0.1737608474161889,0.9983346939086916,59.96002664890073
flipped_part_004.mp4,3447,0,3,0.1747514574415981,0.9990922927856444,0.501416015625,3,0.1747514574415981,0.9990922927856444,59.96002664890073
flipped_part_004.mp4,3448,0,3,0.1762746108407736,0.9991323471069335,0.4972183227539062,3,0.1762746108407736,0.9991323471069335,59.96002664890073
flipped_part_004.mp4,3449,0,3,0.1767397538642399,0.99637451171875,0.4927722507052951,3,0.1767397538642399,0.99637451171875,59.96002664890073
flipped_part_004.mp4,3450,0,3,0.1727989649431159,0.9856534957885742,0.4896413167317708,3,0.1727989649431159,0.9856534957885742,59.96002664890073
flipped_part_004.mp4,3451,0,3,0.1675037504894943,0.9728678385416668,0.4842851426866319,3,0.1675037504894943,0.9728678385416668,59.96002664890073
flipped_part_004.mp4,3452,0,3,0.1619817067341258,0.9627092361450196,0.4838894314236111,3,0.1619817067341258,0.9627092361450196,59.96002664890073
flipped_part_004.mp4,3453,0,3,0.1584159535759439,0.9555231094360352,0.4807169596354166,3,0.1584159535759439,0.9555231094360352,59.96002664890073
flipped_part_004.mp4,3454,0,3,0.1549328897156994,0.945476786295573,0.4764299180772569,3,0.1549328897156994,0.945476786295573,59.96002664890073
flipped_part_004.mp4,3455,0,3,0.1503512810183621,0.9352118174235026,0.4715524744104456,3,0.1503512810183621,0.9352118174235026,59.96002664890073
flipped_part_004.mp4,3456,0,3,0.1475640376587344,0.9284894943237304,0.469624356870298,3,0.1475640376587344,0.9284894943237304,59.96002664890073
flipped_part_004.mp4,3457,0,3,0.1439128062234225,0.9197587966918944,0.4637091742621528,3,0.1439128062234225,0.9197587966918944,59.96002664890073
flipped_part_004.mp4,3458,0,3,0.1404707580124927,0.9130112330118816,0.461295262089482,3,0.1404707580124927,0.9130112330118816,59.96002664890073
flipped_part_004.mp4,3459,0,3,0.1371900996975697,0.905795160929362,0.4594388326009114,3,0.1371900996975697,0.905795160929362,59.96002664890073
flipped_part_004.mp4,3460,0,3,0.1345674917977238,0.9009079615275064,0.4580496893988715,3,0.1345674917977238,0.9009079615275064,59.96002664890073
flipped_part_004.mp4,3461,0,3,0.131288275233564,0.8919367472330729,0.4538349858036747,3,0.131288275233564,0.8919367472330729,59.96002664890073
flipped_part_004.mp4,3462,0,3,0.1275780683830035,0.8842297236124674,0.4481993498625579,3,0.1275780683830035,0.8842297236124674,59.96002664890073
flipped_part_004.mp4,3463,0,3,0.1262877104662496,0.8802582422892252,0.4475358751085069,3,0.1262877104662496,0.8802582422892252,59.96002664890073
flipped_part_004.mp4,3464,0,3,0.122372567532196,0.8744200388590495,0.4420233267324942,3,0.122372567532196,0.8744200388590495,59.96002664890073
flipped_part_004.mp4,3465,0,3,0.1163426778055001,0.8688392639160156,0.4249877364547164,3,0.1163426778055001,0.8688392639160156,59.96002664890073
flipped_part_004.mp4,3466,0,3,0.1128950647606042,0.8655012130737305,0.4126175774468316,3,0.1128950647606042,0.8655012130737305,59.96002664890073
flipped_part_004.mp4,3467,0,3,0.1064976149631709,0.8607483545939127,0.3932823181152344,3,0.1064976149631709,0.8607483545939127,59.96002664890073
flipped_part_004.mp4,3468,0,3,0.1022164134339739,0.8566165924072265,0.3757761637369791,3,0.1022164134339739,0.8566165924072265,59.96002664890073
flipped_part_004.mp4,3469,0,3,0.0984379369394572,0.8530130386352539,0.3619286713776765,3,0.0984379369394572,0.8530130386352539,59.96002664890073
flipped_part_004.mp4,3470,0,4,0.0934716866247105,0.8503721237182618,0.3509137188946759,4,0.0934716866247105,0.8503721237182618,59.96002664890073
flipped_part_004.mp4,3471,0,3,0.0911926849576789,0.8478190104166666,0.3309819256817853,3,0.0911926849576789,0.8478190104166666,59.96002664890073
flipped_part_004.mp4,3472,0,3,0.0864556763264139,0.8440126419067383,0.320307046395761,3,0.0864556763264139,0.8440126419067383,59.96002664890073
flipped_part_004.mp4,3473,0,3,0.0833929628472671,0.840721321105957,0.3025838216145833,3,0.0833929628472671,0.840721321105957,59.96002664890073
flipped_part_004.mp4,3474,0,3,0.0800583366438028,0.8359285354614258,0.2885712517632378,3,0.0800583366438028,0.8359285354614258,59.96002664890073
flipped_part_004.mp4,3475,0,3,0.0773098410521763,0.832127062479655,0.2769485473632812,3,0.0773098410521763,0.832127062479655,59.96002664890073
flipped_part_004.mp4,3476,0,3,0.0736039469567131,0.8287804285685222,0.2637703507034867,3,0.0736039469567131,0.8287804285685222,59.96002664890073
flipped_part_004.mp4,3477,0,3,0.071370965423153,0.8271814346313476,0.2546795315212674,3,0.071370965423153,0.8271814346313476,59.96002664890073
flipped_part_004.mp4,3478,0,3,0.0696678733814365,0.8254436492919922,0.242429690890842,3,0.0696678733814365,0.8254436492919922,59.96002664890073
flipped_part_004.mp4,3479,0,3,0.0679664646541803,0.8230877558390299,0.2286631266276041,3,0.0679664646541803,0.8230877558390299,59.96002664890073
flipped_part_004.mp4,3480,0,3,0.0645905046290459,0.8194278717041016,0.2173583984375,3,0.0645905046290459,0.8194278717041016,59.96002664890073
flipped_part_004.mp4,3481,0,3,0.0632656695474482,0.8191505432128906,0.2079033745659722,3,0.0632656695474482,0.8191505432128906,59.96002664890073
flipped_part_004.mp4,3482,0,3,0.060124704186899,0.8149911880493164,0.1986850032099971,3,0.060124704186899,0.8149911880493164,59.96002664890073
flipped_part_004.mp4,3483,0,3,0.0584326717891963,0.8127920150756835,0.1893973456488715,3,0.0584326717891963,0.8127920150756835,59.96002664890073
flipped_part_004.mp4,3484,0,3,0.0555788535753122,0.8095211029052735,0.1817373487684462,3,0.0555788535753122,0.8095211029052735,59.96002664890073
flipped_part_004.mp4,3485,0,3,0.054295159105192,0.8071586608886718,0.1752035918059172,3,0.054295159105192,0.8071586608886718,59.96002664890073
flipped_part_004.mp4,3486,0,3,0.0517448226840667,0.8043070475260417,0.1684475934063946,3,0.0517448226840667,0.8043070475260417,59.96002664890073
flipped_part_004.mp4,3487,0,3,0.0510541334229896,0.8033352533976237,0.1598535890932436,3,0.0510541334229896,0.8033352533976237,59.96002664890073
flipped_part_004.mp4,3488,0,3,0.0510456493068583,0.8034784317016601,0.1601646988480179,3,0.0510456493068583,0.8034784317016601,59.96002664890073
flipped_part_004.mp4,3489,0,3,0.0492100956055219,0.8016363779703776,0.1530550638834635,3,0.0492100956055219,0.8016363779703776,59.96002664890073
flipped_part_004.mp4,3490,0,3,0.0480513080221781,0.8021013259887695,0.1445732964409722,3,0.0480513080221781,0.8021013259887695,59.96002664890073
flipped_part_004.mp4,3491,0,3,0.0469403882662569,0.8001937866210938,0.1348179287380642,3,0.0469403882662569,0.8001937866210938,59.96002664890073
flipped_part_004.mp4,3492,0,3,0.0456022860849258,0.7976195653279622,0.1282870822482638,3,0.0456022860849258,0.7976195653279622,59.96002664890073
flipped_part_004.mp4,3493,0,3,0.044331892170691,0.7957529067993164,0.1207358183684172,3,0.044331892170691,0.7957529067993164,59.96002664890073
flipped_part_004.mp4,3494,0,3,0.0421408000888833,0.7920629501342773,0.1141315036349826,3,0.0421408000888833,0.7920629501342773,59.96002664890073
flipped_part_004.mp4,3495,0,3,0.0409712238010629,0.7909233093261718,0.1086818836353443,3,0.0409712238010629,0.7909233093261718,59.96002664890073
flipped_part_004.mp4,3496,0,3,0.0400886707721845,0.7904955546061198,0.0994077611852575,3,0.0400886707721845,0.7904955546061198,59.96002664890073
flipped_part_004.mp4,3497,0,3,0.0389469916012603,0.790132204691569,0.0949254353841145,3,0.0389469916012603,0.790132204691569,59.96002664890073
flipped_part_004.mp4,3498,0,3,0.038059854741247,0.788516616821289,0.0871622721354166,3,0.038059854741247,0.788516616821289,59.96002664890073
flipped_part_004.mp4,3499,0,3,0.0371345873163954,0.7867671966552734,0.087667253282335,3,0.0371345873163954,0.7867671966552734,59.96002664890073
flipped_part_004.mp4,3500,0,3,0.0358177275333825,0.7840691884358724,0.0791206359863281,3,0.0358177275333825,0.7840691884358724,59.96002664890073
flipped_part_004.mp4,3501,0,3,0.0352054650791817,0.7834569295247396,0.0725419503671151,3,0.0352054650791817,0.7834569295247396,59.96002664890073
flipped_part_004.mp4,3502,0,3,0.0339599372015297,0.7810773849487305,0.0695398683901186,3,0.0339599372015297,0.7810773849487305,59.96002664890073
flipped_part_004.mp4,3503,0,3,0.0329326251139152,0.7787020365397136,0.0624205977828414,3,0.0329326251139152,0.7787020365397136,59.96002664890073
flipped_part_004.mp4,3504,0,3,0.0322057121542942,0.7761854807535807,0.056305440266927,3,0.0322057121542942,0.7761854807535807,59.96002664890073
flipped_part_004.mp4,3505,0,3,0.0316691140360166,0.776125717163086,0.0522734747992621,3,0.0316691140360166,0.776125717163086,59.96002664890073
flipped_part_004.mp4,3506,0,3,0.0315345420424516,0.7762031555175781,0.0459576642071759,3,0.0315345420424516,0.7762031555175781,59.96002664890073
flipped_part_004.mp4,3507,0,3,0.0312245436628668,0.7753374099731445,0.0369004426179108,3,0.0312245436628668,0.7753374099731445,59.96002664890073
flipped_part_004.mp4,3508,0,3,0.0305972810073365,0.7743083953857421,0.03338298091182,3,0.0305972810073365,0.7743083953857421,59.96002664890073
flipped_part_004.mp4,3509,0,3,0.0301576555239336,0.7729342142740886,0.0255611560962818,3,0.0301576555239336,0.7729342142740886,59.96002664890073
flipped_part_004.mp4,3510,0,3,0.0293853671209783,0.7718134562174479,0.0204305013020833,3,0.0293853671209783,0.7718134562174479,59.96002664890073
flipped_part_004.mp4,3511,0,3,0.028368725564182,0.7701566696166993,0.015248786078559,3,0.028368725564182,0.7701566696166993,59.96002664890073
flipped_part_004.mp4,3512,0,3,0.0279917751345244,0.7686968485514323,0.0106833281340422,3,0.0279917751345244,0.7686968485514323,59.96002664890073
flipped_part_004.mp4,3513,0,3,0.0266061247145127,0.7668919245402018,0.0129197862413194,3,0.0266061247145127,0.7668919245402018,59.96002664890073
flipped_part_004.mp4,3514,0,3,0.026358832058049,0.7657826741536459,0.0028871041757089,3,0.026358832058049,0.7657826741536459,59.96002664890073
flipped_part_004.mp4,3515,0,3,0.0250356641494565,0.7652548472086589,0.0031695895724826,3,0.0250356641494565,0.7652548472086589,59.96002664890073
flipped_part_004.mp4,3516,0,3,0.0249588365933568,0.7644195556640625,0.0008115980360243,3,0.0249588365933568,0.7644195556640625,59.96002664890073
flipped_part_004.mp4,3517,0,3,0.0245925246591462,0.7637910842895508,0.0023439477991174,3,0.0245925246591462,0.7637910842895508,59.96002664890073
flipped_part_004.mp4,3518,0,3,0.0238768143198103,0.7633301417032877,0.0050474378797743,3,0.0238768143198103,0.7633301417032877,59.96002664890073
flipped_part_004.mp4,3519,0,3,0.0227965044585289,0.7624691645304362,0.0052541097005208,3,0.0227965044585289,0.7624691645304362,59.96002664890073
flipped_part_004.mp4,3520,0,3,0.0221769758391504,0.7607412338256836,0.0061636465567129,3,0.0221769758391504,0.7607412338256836,59.96002664890073
flipped_part_004.mp4,3521,0,3,0.0214257871682962,0.7599594751993816,0.0054254602502893,3,0.0214257871682962,0.7599594751993816,59.96002664890073
flipped_part_004.mp4,3522,0,3,0.0211421113386125,0.7591637929280599,0.0083606578685619,3,0.0211421113386125,0.7591637929280599,59.96002664890073
flipped_part_004.mp4,3523,0,3,0.0206675754549387,0.7583694458007812,0.0124193262170862,3,0.0206675754549387,0.7583694458007812,59.96002664890073
flipped_part_004.mp4,3524,0,3,0.0208297416883129,0.7579240798950195,0.0200883088288483,3,0.0208297416883129,0.7579240798950195,59.96002664890073
flipped_part_004.mp4,3525,0,3,0.0206162453262637,0.7569568634033204,0.026281088369864,3,0.0206162453262637,0.7569568634033204,59.96002664890073
flipped_part_004.mp4,3526,0,4,0.0202259992650942,0.7554842631022135,0.0289991590711805,4,0.0202259992650942,0.7554842631022135,59.96002664890073
flipped_part_004.mp4,3527,0,3,0.0204408933374064,0.7548471450805664,0.0385980676721643,3,0.0204408933374064,0.7548471450805664,59.96002664890073
flipped_part_004.mp4,3528,0,3,0.0197774946565716,0.7539865493774414,0.0386926721643518,3,0.0197774946565716,0.7539865493774414,59.96002664890073
flipped_part_004.mp4,3529,0,4,0.0193677979894629,0.7531652450561523,0.0418643810130931,4,0.0193677979894629,0.7531652450561523,59.96002664890073
flipped_part_004.mp4,3530,0,3,0.019139319503253,0.7520651499430339,0.0481535169813368,3,0.019139319503253,0.7520651499430339,59.96002664890073
flipped_part_004.mp4,3531,0,3,0.0187459376624179,0.751179567972819,0.0516222070764612,3,0.0187459376624179,0.751179567972819,59.96002664890073
flipped_part_004.mp4,3532,0,3,0.0186215516282849,0.7506169001261394,0.054581140588831,3,0.0186215516282849,0.7506169001261394,59.96002664890073
flipped_part_004.mp4,3533,0,3,0.0182593988709979,0.7502101262410482,0.0551982738353587,3,0.0182593988709979,0.7502101262410482,59.96002664890073
flipped_part_004.mp4,3534,0,3,0.017225518248834,0.7494783401489258,0.0528407061541522,3,0.017225518248834,0.7494783401489258,59.96002664890073
flipped_part_004.mp4,3535,0,3,0.0172329670834005,0.7492950439453125,0.0585682621708622,3,0.0172329670834005,0.7492950439453125,59.96002664890073
flipped_part_004.mp4,3536,0,3,0.0170112901741824,0.748302141825358,0.0576460379141348,3,0.0170112901741824,0.748302141825358,59.96002664890073
flipped_part_004.mp4,3537,0,3,0.0159066170490961,0.7483014424641927,0.0510194849084924,3,0.0159066170490961,0.7483014424641927,59.96002664890073
flipped_part_004.mp4,3538,0,3,0.0151824299094732,0.7480713526407877,0.0503263685438368,3,0.0151824299094732,0.7480713526407877,59.96002664890073
flipped_part_004.mp4,3539,0,3,0.0149042429366539,0.7467767715454101,0.0554789507830584,3,0.0149042429366539,0.7467767715454101,59.96002664890073
flipped_part_004.mp4,3540,0,3,0.0148969892724805,0.7458354949951171,0.060848151312934,3,0.0148969892724805,0.7458354949951171,59.96002664890073
flipped_part_004.mp4,3541,0,3,0.0147252268689852,0.7453108469645182,0.0627273559570312,3,0.0147252268689852,0.7453108469645182,59.96002664890073
flipped_part_004.mp4,3542,0,3,0.0148126882897243,0.7446847915649414,0.0715113604510272,3,0.0148126882897243,0.7446847915649414,59.96002664890073
flipped_part_004.mp4,3543,0,3,0.0149641219341576,0.7441043853759766,0.0770764103642216,3,0.0149641219341576,0.7441043853759766,59.96002664890073
flipped_part_004.mp4,3544,0,3,0.0148071398194642,0.743650245666504,0.0781215526439525,3,0.0148071398194642,0.743650245666504,59.96002664890073
flipped_part_004.mp4,3545,0,3,0.0147229540616131,0.7431743621826172,0.0796266343858507,3,0.0147229540616131,0.7431743621826172,59.96002664890073
flipped_part_004.mp4,3546,0,3,0.0143580303155532,0.7427269617716471,0.0804546214916088,3,0.0143580303155532,0.7427269617716471,59.96002664890073
flipped_part_004.mp4,3547,0,3,0.0139367041187317,0.7426409403483073,0.0811168529369213,3,0.0139367041187317,0.7426409403483073,59.96002664890073
flipped_part_004.mp4,3548,0,3,0.0137724253579896,0.7424729029337566,0.0803497597023292,3,0.0137724253579896,0.7424729029337566,59.96002664890073
flipped_part_004.mp4,3549,0,3,0.013643961721876,0.7423347473144531,0.0851138644748263,3,0.013643961721876,0.7423347473144531,59.96002664890073
flipped_part_004.mp4,3550,0,3,0.0139427135836255,0.7421164194742839,0.0899605079933449,3,0.0139427135836255,0.7421164194742839,59.96002664890073
flipped_part_004.mp4,3551,0,3,0.0136858069870396,0.7416911443074544,0.0910208808051215,3,0.0136858069870396,0.7416911443074544,59.96002664890073
flipped_part_004.mp4,3552,0,3,0.0133979234528076,0.7411024729410808,0.0903308727123119,3,0.0133979234528076,0.7411024729410808,59.96002664890073
flipped_part_004.mp4,3553,0,3,0.0129323366639868,0.7406042098999024,0.0891099717881944,3,0.0129323366639868,0.7406042098999024,59.96002664890073
flipped_part_004.mp4,3554,0,3,0.0126050074022754,0.7396512349446615,0.0884269149215133,3,0.0126050074022754,0.7396512349446615,59.96002664890073
flipped_part_004.mp4,3555,0,3,0.0123672886356911,0.7387345631917318,0.089906339292173,3,0.0123672886356911,0.7387345631917318,59.96002664890073
flipped_part_004.mp4,3556,0,3,0.0119967083561264,0.7379398345947266,0.0907988089102285,3,0.0119967083561264,0.7379398345947266,59.96002664890073
flipped_part_004.mp4,3557,0,4,0.0113591132147336,0.7382851282755534,0.0860116181550202,4,0.0113591132147336,0.7382851282755534,59.96002664890073
flipped_part_004.mp4,3558,0,4,0.0114374763699015,0.7376051584879557,0.0902708265516493,4,0.0114374763699015,0.7376051584879557,59.96002664890073
flipped_part_004.mp4,3559,0,4,0.0112924175089897,0.7372421264648438,0.0910324379249855,4,0.0112924175089897,0.7372421264648438,59.96002664890073
flipped_part_004.mp4,3560,0,4,0.0112068678546671,0.737002436319987,0.0905225118001302,4,0.0112068678546671,0.737002436319987,59.96002664890073
flipped_part_004.mp4,3561,0,3,0.0112012532679364,0.7370434443155924,0.0914545129846643,3,0.0112012532679364,0.7370434443155924,59.96002664890073
flipped_part_004.mp4,3562,0,3,0.0112427670275343,0.7369466781616211,0.0925157052499276,3,0.0112427670275343,0.7369466781616211,59.96002664890073
flipped_part_004.mp4,3563,0,3,0.0110642999814795,0.7365726470947266,0.0939841093840422,3,0.0110642999814795,0.7365726470947266,59.96002664890073
flipped_part_004.mp4,3564,0,3,0.0111148219870584,0.7361876169840494,0.0978478325737847,3,0.0111148219870584,0.7361876169840494,59.96002664890073
flipped_part_004.mp4,3565,0,3,0.0108806076408493,0.7357711791992188,0.0986999794288917,3,0.0108806076408493,0.7357711791992188,59.96002664890073
flipped_part_004.mp4,3566,0,3,0.0107240625469798,0.7352505366007487,0.0981944896556712,3,0.0107240625469798,0.7352505366007487,59.96002664890073
flipped_part_004.mp4,3567,0,3,0.0103975637924547,0.7347688674926758,0.0998572455512152,3,0.0103975637924547,0.7347688674926758,59.96002664890073
flipped_part_004.mp4,3568,0,3,0.0101803329676234,0.7341400782267252,0.0992124769422743,3,0.0101803329676234,0.7341400782267252,59.96002664890073
flipped_part_004.mp4,3569,0,3,0.0097876608665359,0.733304214477539,0.0995529457374855,3,0.0097876608665359,0.733304214477539,59.96002664890073
flipped_part_004.mp4,3570,0,3,0.0097656940245468,0.7327678680419922,0.102617758291739,3,0.0097656940245468,0.7327678680419922,59.96002664890073
flipped_part_004.mp4,3571,0,3,0.0096096579666805,0.73246275583903,0.1019316214102285,3,0.0096096579666805,0.73246275583903,59.96002664890073
flipped_part_004.mp4,3572,0,3,0.009135916977695,0.7316286087036132,0.09854411372432,3,0.009135916977695,0.7316286087036132,59.96002664890073
flipped_part_004.mp4,3573,0,3,0.0089129060292314,0.7311766306559245,0.0983100325972945,3,0.0089129060292314,0.7311766306559245,59.96002664890073
flipped_part_004.mp4,3574,0,3,0.0087975670322096,0.7306049982706706,0.0977529172544126,3,0.0087975670322096,0.7306049982706706,59.96002664890073
flipped_part_004.mp4,3575,0,3,0.0085397426935378,0.7299552281697591,0.0964891221788194,3,0.0085397426935378,0.7299552281697591,59.96002664890073
flipped_part_004.mp4,3576,0,3,0.008431624351716,0.7293296813964844,0.1001286259403935,3,0.008431624351716,0.7293296813964844,59.96002664890073
flipped_part_004.mp4,3577,0,3,0.0084680931192512,0.7283692042032878,0.1055674235026041,3,0.0084680931192512,0.7283692042032878,59.96002664890073
flipped_part_004.mp4,3578,0,3,0.0081909176514104,0.7284916559855144,0.1046460186993634,3,0.0081909176514104,0.7284916559855144,59.96002664890073
flipped_part_004.mp4,3579,0,2,0.0081553940928036,0.7278204600016276,0.1078137998227719,2,0.0081553940928036,0.7278204600016276,59.96002664890073
flipped_part_004.mp4,3580,0,2,0.0084322976342971,0.7271713892618815,0.116278076171875,2,0.0084322976342971,0.7271713892618815,59.96002664890073
flipped_part_004.mp4,3581,0,2,0.0080851309324659,0.7272886276245117,0.1123075979727285,2,0.0080851309324659,0.7272886276245117,59.96002664890073
flipped_part_004.mp4,3582,0,2,0.0079022901061937,0.7271486282348633,0.1142529240360966,2,0.0079022901061937,0.7271486282348633,59.96002664890073
flipped_part_004.mp4,3583,0,2,0.0079198852499852,0.7270986557006835,0.114814786557798,2,0.0079198852499852,0.7270986557006835,59.96002664890073
flipped_part_004.mp4,3584,0,2,0.0078378481632615,0.726655387878418,0.1167507595486111,2,0.0078378481632615,0.726655387878418,59.96002664890073
flipped_part_004.mp4,3585,0,2,0.0079056213749105,0.7264535268147786,0.1185062267162181,2,0.0079056213749105,0.7264535268147786,59.96002664890073
flipped_part_004.mp4,3586,0,2,0.0080231053211793,0.7262771606445313,0.1184143348976417,2,0.0080231053211793,0.7262771606445313,59.96002664890073
flipped_part_004.mp4,3587,0,2,0.0079450919857697,0.7265541076660156,0.1183607313368055,2,0.0079450919857697,0.7265541076660156,59.96002664890073
flipped_part_004.mp4,3588,0,2,0.0080353725077508,0.7262591044108073,0.1204941078468605,2,0.0080353725077508,0.7262591044108073,59.96002664890073
flipped_part_004.mp4,3589,0,2,0.00810208406585,0.7253789901733398,0.1249850520381221,2,0.00810208406585,0.7253789901733398,59.96002664890073
flipped_part_004.mp4,3590,0,2,0.0079529322177925,0.7260250091552735,0.1246424639666522,2,0.0079529322177925,0.7260250091552735,59.96002664890073
flipped_part_004.mp4,3591,0,2,0.0077184296208239,0.72465025583903,0.1241258126718026,2,0.0077184296208239,0.72465025583903,59.96002664890073
flipped_part_004.mp4,3592,0,2,0.007707988163715,0.7239694595336914,0.1244537353515625,2,0.007707988163715,0.7239694595336914,59.96002664890073
flipped_part_004.mp4,3593,0,2,0.0072963734203949,0.7224428176879882,0.1227074517144097,2,0.0072963734203949,0.7224428176879882,59.96002664890073
flipped_part_004.mp4,3594,0,2,0.0069318968717319,0.7219139099121094,0.1204520614058883,2,0.0069318968717319,0.7219139099121094,59.96002664890073
flipped_part_004.mp4,3595,0,2,0.0066894191748428,0.7218671798706054,0.1203755979184751,2,0.0066894191748428,0.7218671798706054,59.96002664890073
flipped_part_004.mp4,3596,0,2,0.0066753788006543,0.721438217163086,0.122434828016493,2,0.0066753788006543,0.721438217163086,59.96002664890073
flipped_part_004.mp4,3597,0,1,0.0066242762290898,0.7209667841593425,0.1236152648925781,1,0.0066242762290898,0.7209667841593425,59.96002664890073
flipped_part_004.mp4,3598,0,1,0.0066288058743036,0.7211421966552735,0.1239433288574218,1,0.0066288058743036,0.7211421966552735,59.96002664890073
flipped_part_004.mp4,3599,0,2,0.00658807570907,0.7206537246704101,0.1270789817527488,2,0.00658807570907,0.7206537246704101,59.96002664890073
flipped_part_004.mp4,3600,0,2,0.0066347770132523,0.7202360153198242,0.1300618207013165,2,0.0066347770132523,0.7202360153198242,59.96002664890073
flipped_part_004.mp4,3601,0,2,0.0065924534372364,0.7187236785888672,0.1344262017144097,2,0.0065924534372364,0.7187236785888672,59.96002664890073
flipped_part_004.mp4,3602,0,2,0.0066999444869177,0.7186374028523763,0.1354417871545862,2,0.0066999444869177,0.7186374028523763,59.96002664890073
flipped_part_004.mp4,3603,0,2,0.0066535279583627,0.7184637705485026,0.1378019827383536,2,0.0066535279583627,0.7184637705485026,59.96002664890073
flipped_part_004.mp4,3604,0,2,0.0062005798089052,0.7172342300415039,0.1382792437518084,2,0.0062005798089052,0.7172342300415039,59.96002664890073
flipped_part_004.mp4,3605,0,2,0.0059299153492018,0.7167980194091796,0.1348298814561632,2,0.0059299153492018,0.7167980194091796,59.96002664890073
flipped_part_004.mp4,3606,0,2,0.0059921102695645,0.7170305252075195,0.137868414984809,2,0.0059921102695645,0.7170305252075195,59.96002664890073
flipped_part_004.mp4,3607,0,2,0.0059196660564177,0.7168672561645508,0.138676283094618,2,0.0059196660564177,0.7168672561645508,59.96002664890073
flipped_part_004.mp4,3608,0,2,0.0059662671381967,0.7168753306070964,0.1419074447066695,2,0.0059662671381967,0.7168753306070964,59.96002664890073
flipped_part_004.mp4,3609,0,2,0.0059696920783608,0.716926638285319,0.1443109300401475,2,0.0059696920783608,0.716926638285319,59.96002664890073
