video,frame,risk_label,count_total,area_frac,bottom_y_norm,center_x_dist,count_in_roi_all,max_area_in_roi_all,max_bottom_y_in_roi_all,fps
flipped_part_005.mp4,0,0,2,0.0060378236553209,0.716480573018392,0.1483630992748119,2,0.0060378236553209,0.716480573018392,59.96002664890073
flipped_part_005.mp4,1,0,2,0.0059483341816424,0.7159971872965495,0.1481996324327257,2,0.0059483341816424,0.7159971872965495,59.96002664890073
flipped_part_005.mp4,2,0,2,0.0058005827122542,0.7155823389689128,0.1486912197536892,2,0.0058005827122542,0.7155823389689128,59.96002664890073
flipped_part_005.mp4,3,0,2,0.0061538424639532,0.7156716664632161,0.1563424287018952,2,0.0061538424639532,0.7156716664632161,59.96002664890073
flipped_part_005.mp4,4,0,2,0.0060148263733599,0.7153378168741862,0.1573364540382668,2,0.0060148263733599,0.7153378168741862,59.96002664890073
flipped_part_005.mp4,5,0,2,0.0060344233733485,0.7150290807088217,0.1601635685673466,2,0.0060344233733485,0.7150290807088217,59.96002664890073
flipped_part_005.mp4,6,0,2,0.0055903982035427,0.7134491602579752,0.1556123521592882,2,0.0055903982035427,0.7134491602579752,59.96002664890073
flipped_part_005.mp4,7,0,2,0.0055752628110349,0.7130901336669921,0.1562553688331886,2,0.0055752628110349,0.7130901336669921,59.96002664890073
flipped_part_005.mp4,8,0,2,0.0057694496557815,0.7126815795898438,0.1613340589735243,2,0.0057694496557815,0.7126815795898438,59.96002664890073
flipped_part_005.mp4,9,0,2,0.0059688361412069,0.7125044504801432,0.1672671847873263,2,0.0059688361412069,0.7125044504801432,59.96002664890073
flipped_part_005.mp4,10,0,2,0.0060011459721459,0.7122663497924805,0.1687911422164351,2,0.0060011459721459,0.7122663497924805,59.96002664890073
flipped_part_005.mp4,11,0,2,0.0056526791123259,0.7117132822672526,0.1656851309317129,2,0.0056526791123259,0.7117132822672526,59.96002664890073
flipped_part_005.mp4,12,0,2,0.0053418356653613,0.7117408116658529,0.1631803724500868,2,0.0053418356653613,0.7117408116658529,59.96002664890073
flipped_part_005.mp4,13,0,2,0.0053911567938242,0.7117876688639323,0.1641964665165654,2,0.0053911567938242,0.7117876688639323,59.96002664890073
flipped_part_005.mp4,14,0,2,0.0050372580515492,0.7113804499308268,0.1603249443901909,2,0.0050372580515492,0.7113804499308268,59.96002664890073
flipped_part_005.mp4,15,0,2,0.0050479059495652,0.7113225936889649,0.1612947252061632,2,0.0050479059495652,0.7113225936889649,59.96002664890073
flipped_part_005.mp4,16,0,2,0.0051147501377595,0.7111860275268554,0.163981458875868,2,0.0051147501377595,0.7111860275268554,59.96002664890073
flipped_part_005.mp4,17,0,2,0.0051935772159292,0.7105297088623047,0.1680299546983507,2,0.0051935772159292,0.7105297088623047,59.96002664890073
flipped_part_005.mp4,18,0,1,0.0052623043251353,0.7101874033610026,0.1702728271484375,1,0.0052623043251353,0.7101874033610026,59.96002664890073
flipped_part_005.mp4,19,0,2,0.0056161218788474,0.7097450256347656,0.1780510796440972,2,0.0056161218788474,0.7097450256347656,59.96002664890073
flipped_part_005.mp4,20,0,2,0.0056303565247422,0.7092414855957031,0.1832432217068142,2,0.0056303565247422,0.7092414855957031,59.96002664890073
flipped_part_005.mp4,21,0,2,0.0052076609295909,0.7088110605875652,0.1773985120985243,2,0.0052076609295909,0.7088110605875652,59.96002664890073
flipped_part_005.mp4,22,0,2,0.0047881009706664,0.7082399368286133,0.1702132331000434,2,0.0047881009706664,0.7082399368286133,59.96002664890073
flipped_part_005.mp4,23,0,1,0.005078684702134,0.707730229695638,0.1792261759440104,1,0.005078684702134,0.707730229695638,59.96002664890073
flipped_part_005.mp4,24,0,1,0.0049073568237428,0.7071987152099609,0.1779825846354166,1,0.0049073568237428,0.7071987152099609,59.96002664890073
flipped_part_005.mp4,25,0,2,0.0046052378505636,0.7069717407226562,0.1721532185872396,2,0.0046052378505636,0.7069717407226562,59.96002664890073
flipped_part_005.mp4,26,0,1,0.004471579016584,0.7064954757690429,0.1705347979510272,1,0.004471579016584,0.7064954757690429,59.96002664890073
flipped_part_005.mp4,27,0,1,0.0045364714235216,0.7061880111694336,0.174389902750651,1,0.0045364714235216,0.7061880111694336,59.96002664890073
flipped_part_005.mp4,28,0,1,0.0045765865399638,0.7057287216186523,0.1773715831615306,1,0.0045765865399638,0.7057287216186523,59.96002664890073
flipped_part_005.mp4,29,0,1,0.0048455047818909,0.7052827835083008,0.1842592027452257,1,0.0048455047818909,0.7052827835083008,59.96002664890073
flipped_part_005.mp4,30,0,1,0.0050223251592898,0.7047387440999349,0.1923923068576389,1,0.0050223251592898,0.7047387440999349,59.96002664890073
flipped_part_005.mp4,31,0,1,0.0049930568770893,0.7045326232910156,0.1943055894639757,1,0.0049930568770893,0.7045326232910156,59.96002664890073
flipped_part_005.mp4,32,0,1,0.0048149063977136,0.7041555404663086,0.1926610310872396,1,0.0048149063977136,0.7041555404663086,59.96002664890073
flipped_part_005.mp4,33,0,1,0.0047317259025941,0.7034635543823242,0.1939951578776041,1,0.0047317259025941,0.7034635543823242,59.96002664890073
flipped_part_005.mp4,34,0,1,0.0048166686446509,0.703893534342448,0.1953951800311053,1,0.0048166686446509,0.703893534342448,59.96002664890073
flipped_part_005.mp4,35,0,2,0.0046593627569921,0.703799057006836,0.1931789822048611,2,0.0046593627569921,0.703799057006836,59.96002664890073
flipped_part_005.mp4,36,0,2,0.0044453415080432,0.702247428894043,0.1962889777289496,2,0.0044453415080432,0.702247428894043,59.96002664890073
flipped_part_005.mp4,37,0,2,0.0041957584132453,0.7015899658203125,0.1944968612105758,2,0.0041957584132453,0.7015899658203125,59.96002664890073
flipped_part_005.mp4,38,0,2,0.0043429517109567,0.7019179026285808,0.1989058600531684,2,0.0043429517109567,0.7019179026285808,59.96002664890073
flipped_part_005.mp4,39,0,2,0.004468310928593,0.7024797439575196,0.1981415642632378,2,0.004468310928593,0.7024797439575196,59.96002664890073
flipped_part_005.mp4,40,0,2,0.0043670462113287,0.7020077387491862,0.1990870157877604,2,0.0043670462113287,0.7020077387491862,59.96002664890073
flipped_part_005.mp4,41,0,1,0.0044808835648129,0.7019249598185221,0.2032029045952691,1,0.0044808835648129,0.7019249598185221,59.96002664890073
flipped_part_005.mp4,42,0,1,0.004543221254307,0.7008612314860027,0.2086988661024305,1,0.004543221254307,0.7008612314860027,59.96002664890073
flipped_part_005.mp4,43,0,1,0.0041214763156798,0.7009541829427083,0.2002999199761284,1,0.0041214763156798,0.7009541829427083,59.96002664890073
flipped_part_005.mp4,44,0,2,0.0040396023510644,0.7004467010498047,0.2016877916124131,2,0.0040396023510644,0.7004467010498047,59.96002664890073
flipped_part_005.mp4,45,0,2,0.0042492842307547,0.699549674987793,0.2121280246310763,2,0.0042492842307547,0.699549674987793,59.96002664890073
flipped_part_005.mp4,46,0,1,0.0042534410756046,0.6994750340779622,0.2138597276475694,1,0.0042534410756046,0.6994750340779622,59.96002664890073
flipped_part_005.mp4,47,0,2,0.0040426396745412,0.6990931193033855,0.2118917959707754,2,0.0040426396745412,0.6990931193033855,59.96002664890073
flipped_part_005.mp4,48,0,2,0.0037042876928656,0.6987613677978516,0.2058797483091001,2,0.0037042876928656,0.6987613677978516,59.96002664890073
flipped_part_005.mp4,49,0,1,0.0042702543248284,0.6982974370320638,0.2211173163519965,1,0.0042702543248284,0.6982974370320638,59.96002664890073
flipped_part_005.mp4,50,0,2,0.0039270996007932,0.6971071243286133,0.2148926628960503,2,0.0039270996007932,0.6971071243286133,59.96002664890073
flipped_part_005.mp4,51,0,2,0.0039042766532899,0.6961767832438152,0.2151907179090711,2,0.0039042766532899,0.6961767832438152,59.96002664890073
flipped_part_005.mp4,52,0,2,0.0036776579606036,0.6956446329752605,0.2113072713216146,2,0.0036776579606036,0.6956446329752605,59.96002664890073
flipped_part_005.mp4,53,0,3,0.003847550945696,0.6958101908365886,0.217181650797526,3,0.003847550945696,0.6958101908365886,59.96002664890073
flipped_part_005.mp4,54,0,1,0.0040313140269265,0.6959810892740885,0.225018564860026,1,0.0040313140269265,0.6959810892740885,59.96002664890073
flipped_part_005.mp4,55,0,1,0.0037879491005636,0.6953411738077799,0.2248004489474826,1,0.0037879491005636,0.6953411738077799,59.96002664890073
flipped_part_005.mp4,56,0,1,0.0039456115037642,0.6947294235229492,0.2307738692672164,1,0.0039456115037642,0.6947294235229492,59.96002664890073
flipped_part_005.mp4,57,0,1,0.0039091127524281,0.6947254180908203,0.2310765584309896,1,0.0039091127524281,0.6947254180908203,59.96002664890073
flipped_part_005.mp4,58,0,1,0.0035752610828624,0.6945228576660156,0.2232635498046875,1,0.0035752610828624,0.6945228576660156,59.96002664890073
flipped_part_005.mp4,59,0,1,0.0032963878205434,0.694400405883789,0.2191701253255208,1,0.0032963878205434,0.694400405883789,59.96002664890073
flipped_part_005.mp4,60,0,1,0.0030352543213262,0.6943112055460612,0.2144344753689236,1,0.0030352543213262,0.6943112055460612,59.96002664890073
flipped_part_005.mp4,61,0,2,0.0038331205965045,0.6911963144938151,0.239595709906684,2,0.0038331205965045,0.6941045761108399,59.96002664890073
flipped_part_005.mp4,62,0,2,0.0032625272443207,0.6938439051310221,0.2239127265082465,2,0.0032625272443207,0.6938439051310221,59.96002664890073
flipped_part_005.mp4,63,0,2,0.0032391002215229,0.6935368220011393,0.226153564453125,2,0.0032391002215229,0.6935368220011393,59.96002664890073
flipped_part_005.mp4,64,0,3,0.0037858884136464,0.6903059005737304,0.2425045437282986,3,0.0037858884136464,0.693082618713379,59.96002664890073
flipped_part_005.mp4,65,0,3,0.0037349678984416,0.6897082010904948,0.2431154039171006,3,0.0037349678984416,0.6929854075113933,59.96002664890073
flipped_part_005.mp4,66,0,2,0.0035653036708094,0.6928960800170898,0.2378111097547743,2,0.0035653036708094,0.6928960800170898,59.96002664890073
flipped_part_005.mp4,67,0,1,0.0037270313410489,0.6925924301147461,0.2438539293077257,1,0.0037270313410489,0.6925924301147461,59.96002664890073
flipped_part_005.mp4,68,0,1,0.0032266546102861,0.6923715591430664,0.2314870198567708,1,0.0032266546102861,0.6923715591430664,59.96002664890073
flipped_part_005.mp4,69,0,1,0.0030662202455763,0.691993776957194,0.2287385728624132,1,0.0030662202455763,0.691993776957194,59.96002664890073
flipped_part_005.mp4,70,0,1,0.0029154656795166,0.6913864135742187,0.2265401486997251,1,0.0029154656795166,0.6913864135742187,59.96002664890073
flipped_part_005.mp4,71,0,1,0.0029054185972738,0.6908625920613607,0.2264353716814959,1,0.0029054185972738,0.6908625920613607,59.96002664890073
flipped_part_005.mp4,72,0,1,0.0028098542556593,0.6904052734375,0.2257071035879629,1,0.0028098542556593,0.6904052734375,59.96002664890073
flipped_part_005.mp4,73,0,2,0.0030220908355355,0.6899408976236979,0.2305804217303241,2,0.0030220908355355,0.6899408976236979,59.96002664890073
flipped_part_005.mp4,74,0,1,0.0029931648088677,0.6894369761149088,0.2317807515462239,1,0.0029931648088677,0.6894369761149088,59.96002664890073
flipped_part_005.mp4,75,0,1,0.0028470253987405,0.688618278503418,0.2285610622829861,1,0.0028470253987405,0.688618278503418,59.96002664890073
flipped_part_005.mp4,76,0,1,0.0028084289519433,0.6880998611450195,0.2276320563422309,1,0.0028084289519433,0.6880998611450195,59.96002664890073
flipped_part_005.mp4,77,0,1,0.0027523703460529,0.6874843597412109,0.2278410169813368,1,0.0027523703460529,0.6874843597412109,59.96002664890073
flipped_part_005.mp4,78,0,1,0.0027697267123342,0.6870687484741211,0.2298702663845486,1,0.0027697267123342,0.6870687484741211,59.96002664890073
flipped_part_005.mp4,79,0,1,0.0027755394022096,0.6869724273681641,0.2305988735622829,1,0.0027755394022096,0.6869724273681641,59.96002664890073
flipped_part_005.mp4,80,0,1,0.0027979098567394,0.6866732279459635,0.2319737752278645,1,0.0027979098567394,0.6866732279459635,59.96002664890073
flipped_part_005.mp4,81,0,1,0.0027395342768351,0.68652769724528,0.2317774454752604,1,0.0027395342768351,0.68652769724528,59.96002664890073
flipped_part_005.mp4,82,0,1,0.0026516990869357,0.6861643473307292,0.231195068359375,1,0.0026516990869357,0.6861643473307292,59.96002664890073
flipped_part_005.mp4,83,0,2,0.0025957494688703,0.6858917236328125,0.2318691677517361,2,0.0025957494688703,0.6858917236328125,59.96002664890073
flipped_part_005.mp4,84,0,2,0.0026186497669873,0.6856578826904297,0.2335929022894965,2,0.0026186497669873,0.6856578826904297,59.96002664890073
flipped_part_005.mp4,85,0,2,0.002636767119111,0.6852725982666016,0.2351036071777343,2,0.002636767119111,0.6852725982666016,59.96002664890073
flipped_part_005.mp4,86,0,1,0.0026780170101523,0.6850954055786133,0.23679445054796,1,0.0026780170101523,0.6850954055786133,59.96002664890073
flipped_part_005.mp4,87,0,1,0.0027815145156475,0.684722900390625,0.2406005859375,1,0.0027815145156475,0.684722900390625,59.96002664890073
flipped_part_005.mp4,88,0,1,0.0027293526493789,0.6846764246622722,0.2398796929253472,1,0.0027293526493789,0.6846764246622722,59.96002664890073
flipped_part_005.mp4,89,0,1,0.0026850374112837,0.6843537012736003,0.2402889675564236,1,0.0026850374112837,0.6843537012736003,59.96002664890073
flipped_part_005.mp4,90,0,1,0.0026032326151659,0.6840794881184896,0.240126715766059,1,0.0026032326151659,0.6840794881184896,59.96002664890073
flipped_part_005.mp4,91,0,1,0.0025485570467329,0.6837692896525065,0.2394391377766927,1,0.0025485570467329,0.6837692896525065,59.96002664890073
flipped_part_005.mp4,92,0,1,0.0026524253853131,0.6833127975463867,0.2408326890733507,1,0.0026524253853131,0.6833127975463867,59.96002664890073
flipped_part_005.mp4,93,0,1,0.0026588212338457,0.6832246780395508,0.241327412923177,1,0.0026588212338457,0.6832246780395508,59.96002664890073
flipped_part_005.mp4,94,0,1,0.0027188946380866,0.6830771764119467,0.2426247490776909,1,0.0027188946380866,0.6830771764119467,59.96002664890073
flipped_part_005.mp4,95,0,1,0.0027082234446424,0.6829076766967773,0.2429232279459635,1,0.0027082234446424,0.6829076766967773,59.96002664890073
flipped_part_005.mp4,96,0,1,0.0027647595584858,0.6828760782877604,0.2443684895833333,1,0.0027647595584858,0.6828760782877604,59.96002664890073
flipped_part_005.mp4,97,0,1,0.0028224414260572,0.6828523635864258,0.2456230163574218,1,0.0028224414260572,0.6828523635864258,59.96002664890073
flipped_part_005.mp4,98,0,1,0.002874949926131,0.6828414916992187,0.2473208957248263,1,0.002874949926131,0.6828414916992187,59.96002664890073
flipped_part_005.mp4,99,0,1,0.0028872123239044,0.6828903198242188,0.2473788791232639,1,0.0028872123239044,0.6828903198242188,59.96002664890073
flipped_part_005.mp4,100,0,1,0.0028647368089878,0.6828411102294922,0.2468109130859375,1,0.0028647368089878,0.6828411102294922,59.96002664890073
flipped_part_005.mp4,101,0,1,0.002809208721996,0.682751719156901,0.2462510850694444,1,0.002809208721996,0.682751719156901,59.96002664890073
flipped_part_005.mp4,102,0,1,0.0028236383039297,0.682828712463379,0.2468770345052083,1,0.0028236383039297,0.682828712463379,59.96002664890073
flipped_part_005.mp4,103,0,1,0.0028444909589597,0.6827482223510742,0.2480755276150173,1,0.0028444909589597,0.6827482223510742,59.96002664890073
flipped_part_005.mp4,104,0,1,0.002669104594776,0.6824673970540365,0.2481497870551215,1,0.002669104594776,0.6824673970540365,59.96002664890073
flipped_part_005.mp4,105,0,1,0.0028116927941704,0.6826009750366211,0.2473670959472656,1,0.0028116927941704,0.6826009750366211,59.96002664890073
flipped_part_005.mp4,106,0,1,0.0028510249459456,0.6826037089029948,0.249452887641059,1,0.0028510249459456,0.6826037089029948,59.96002664890073
flipped_part_005.mp4,107,0,2,0.0029329571142443,0.6824623107910156,0.2520239935980903,1,0.0029329571142443,0.6824623107910156,59.96002664890073
flipped_part_005.mp4,108,0,1,0.0029885032752321,0.682371711730957,0.2537346733940972,1,0.0029885032752321,0.682371711730957,59.96002664890073
flipped_part_005.mp4,109,0,1,0.0029937316587893,0.6822020212809244,0.2541301586009838,1,0.0029937316587893,0.6822020212809244,59.96002664890073
flipped_part_005.mp4,110,0,1,0.0029786096997904,0.6818910598754883,0.254237139666522,1,0.0029786096997904,0.6818910598754883,59.96002664890073
flipped_part_005.mp4,111,0,1,0.0028645901581654,0.6818014780680338,0.2516164991590712,1,0.0028645901581654,0.6818014780680338,59.96002664890073
flipped_part_005.mp4,112,0,1,0.0028058194114041,0.6817237218221028,0.250465167010272,1,0.0028058194114041,0.6817237218221028,59.96002664890073
flipped_part_005.mp4,113,0,1,0.0027513683097074,0.6816740036010742,0.2494791666666666,1,0.0027513683097074,0.6816740036010742,59.96002664890073
flipped_part_005.mp4,114,0,1,0.0027372102097918,0.6815656661987305,0.2496675279405382,1,0.0027372102097918,0.6815656661987305,59.96002664890073
flipped_part_005.mp4,115,0,1,0.0027554121223511,0.6815159479777019,0.2508426242404514,1,0.0027554121223511,0.6815159479777019,59.96002664890073
flipped_part_005.mp4,116,0,1,0.0023733482880116,0.6810080210367838,0.2465589735243055,1,0.0023733482880116,0.6810080210367838,59.96002664890073
flipped_part_005.mp4,117,0,1,0.0023661646827046,0.6810116449991862,0.2462051391601562,1,0.0023661646827046,0.6810116449991862,59.96002664890073
flipped_part_005.mp4,118,0,1,0.0023460965690416,0.6808597564697265,0.2456204167118779,1,0.0023460965690416,0.6808597564697265,59.96002664890073
flipped_part_005.mp4,119,0,1,0.0024639902934238,0.6811101913452149,0.2457739935980902,1,0.0024639902934238,0.6811101913452149,59.96002664890073
flipped_part_005.mp4,120,0,1,0.0024116719874587,0.6810022989908854,0.2457802666558159,1,0.0024116719874587,0.6810022989908854,59.96002664890073
flipped_part_005.mp4,121,0,1,0.0023756731760416,0.6808252970377604,0.2460640801323784,1,0.0023756731760416,0.6808252970377604,59.96002664890073
flipped_part_005.mp4,122,0,1,0.0022972796370999,0.6804203669230143,0.2455459594726562,1,0.0022972796370999,0.6804203669230143,59.96002664890073
flipped_part_005.mp4,123,0,1,0.0022576980217558,0.6801465352376302,0.2456443786621093,1,0.0022576980217558,0.6801465352376302,59.96002664890073
flipped_part_005.mp4,124,0,1,0.0023464672949275,0.6799188613891601,0.2465958489312066,1,0.0023464672949275,0.6799188613891601,59.96002664890073
flipped_part_005.mp4,125,0,1,0.0023701332526979,0.6800405502319335,0.246669684516059,1,0.0023701332526979,0.6800405502319335,59.96002664890073
flipped_part_005.mp4,126,0,1,0.0023225829192314,0.679982058207194,0.2457568981029369,1,0.0023225829192314,0.679982058207194,59.96002664890073
flipped_part_005.mp4,127,0,1,0.0023504552794555,0.6799772262573243,0.2459636546947338,1,0.0023504552794555,0.6799772262573243,59.96002664890073
flipped_part_005.mp4,128,0,1,0.0021956482307157,0.6796733856201171,0.2443691677517361,1,0.0021956482307157,0.6796733856201171,59.96002664890073
flipped_part_005.mp4,129,0,1,0.0023251467014132,0.6802104949951172,0.2456185234917534,1,0.0023251467014132,0.6802104949951172,59.96002664890073
flipped_part_005.mp4,130,0,1,0.0022521467040254,0.6798381169637044,0.2488998413085937,1,0.0022521467040254,0.6798381169637044,59.96002664890073
flipped_part_005.mp4,131,0,1,0.0022647147076915,0.6802853266398112,0.2483166164822048,1,0.0022647147076915,0.6802853266398112,59.96002664890073
flipped_part_005.mp4,132,0,1,0.0022003019820463,0.6804801940917968,0.2472083197699652,1,0.0022003019820463,0.6804801940917968,59.96002664890073
flipped_part_005.mp4,133,0,1,0.0021946985240059,0.6805093129475911,0.2471237182617187,1,0.0021946985240059,0.6805093129475911,59.96002664890073
flipped_part_005.mp4,134,0,1,0.0021000744984161,0.6806774775187174,0.2430135091145833,1,0.0021000744984161,0.6806774775187174,59.96002664890073
flipped_part_005.mp4,135,0,2,0.0020683061546232,0.6807765960693359,0.2422030978732638,2,0.0020683061546232,0.6807765960693359,59.96002664890073
flipped_part_005.mp4,136,0,1,0.0020219686682577,0.680881945292155,0.2411892361111111,1,0.0020219686682577,0.680881945292155,59.96002664890073
flipped_part_005.mp4,137,0,1,0.00195495749606,0.680650266011556,0.2396113077799479,1,0.00195495749606,0.680650266011556,59.96002664890073
flipped_part_005.mp4,138,0,1,0.0018856759517263,0.6801722844441732,0.2388487074110243,1,0.0018856759517263,0.6801722844441732,59.96002664890073
flipped_part_005.mp4,139,0,1,0.0018846067537864,0.6798147837320964,0.2386869077329282,1,0.0018846067537864,0.6798147837320964,59.96002664890073
flipped_part_005.mp4,140,0,1,0.0018906950940921,0.679608408610026,0.239139246057581,1,0.0018906950940921,0.679608408610026,59.96002664890073
flipped_part_005.mp4,141,0,1,0.0021342564727819,0.6803593317667643,0.2441461351182725,1,0.0021342564727819,0.6803593317667643,59.96002664890073
flipped_part_005.mp4,142,0,1,0.0021738734115691,0.6801685969034831,0.2459340413411458,1,0.0021738734115691,0.6801685969034831,59.96002664890073
flipped_part_005.mp4,143,0,1,0.0021670774536,0.6799955368041992,0.2459735446506076,1,0.0021670774536,0.6799955368041992,59.96002664890073
flipped_part_005.mp4,144,0,1,0.0021972807763086,0.6798575083414714,0.2464157387062355,1,0.0021972807763086,0.6798575083414714,59.96002664890073
flipped_part_005.mp4,145,0,1,0.0022115817083653,0.680030886332194,0.2472930908203125,1,0.0022115817083653,0.680030886332194,59.96002664890073
flipped_part_005.mp4,146,0,1,0.0021161406165144,0.6802847544352214,0.2460308498806423,1,0.0021161406165144,0.6802847544352214,59.96002664890073
flipped_part_005.mp4,147,0,1,0.0020806222894073,0.6809093475341796,0.2464988991066261,1,0.0020806222894073,0.6809093475341796,59.96002664890073
flipped_part_005.mp4,148,0,1,0.0017385674137848,0.6815945943196614,0.2374150876645688,1,0.0017385674137848,0.6815945943196614,59.96002664890073
flipped_part_005.mp4,149,0,1,0.0018474437791155,0.6822182973225911,0.2369141472710503,1,0.0018474437791155,0.6822182973225911,59.96002664890073
flipped_part_005.mp4,150,0,2,0.0018818135897163,0.6824050267537435,0.2370685153537326,2,0.0018818135897163,0.6824050267537435,59.96002664890073
flipped_part_005.mp4,151,0,2,0.0019729577226098,0.6815081278483073,0.2404059516059027,2,0.0019729577226098,0.6826708475748698,59.96002664890073
flipped_part_005.mp4,152,0,1,0.0018377721804426,0.6826668421427409,0.2376003689236111,1,0.0018377721804426,0.6826668421427409,59.96002664890073
flipped_part_005.mp4,153,0,1,0.0016634400509442,0.6818461736043294,0.2376592848036024,1,0.0016634400509442,0.6818461736043294,59.96002664890073
flipped_part_005.mp4,154,0,2,0.0021676661164868,0.6809356053670247,0.2484566865143952,2,0.0021676661164868,0.6818578720092774,59.96002664890073
flipped_part_005.mp4,155,0,2,0.0021428440473715,0.6805990219116211,0.2509875827365451,2,0.0021428440473715,0.6817894617716471,59.96002664890073
flipped_part_005.mp4,156,0,2,0.0021699051103658,0.6805718104044597,0.2532985545970775,2,0.0021699051103658,0.6821155548095703,59.96002664890073
flipped_part_005.mp4,157,0,2,0.002203045562039,0.6808762232462565,0.2543216281467014,2,0.002203045562039,0.6823945999145508,59.96002664890073
flipped_part_005.mp4,158,0,2,0.0022207877217119,0.6811132431030273,0.2553376939561632,2,0.0022207877217119,0.6825397491455079,59.96002664890073
flipped_part_005.mp4,159,0,2,0.002110353775303,0.6810962677001953,0.2523540355541088,2,0.002110353775303,0.6822423934936523,59.96002664890073
flipped_part_005.mp4,160,0,2,0.0020444329000019,0.6811144510904948,0.2515104788321036,2,0.0020444329000019,0.6823087692260742,59.96002664890073
flipped_part_005.mp4,161,0,2,0.0020072466651456,0.6809534708658854,0.2531885782877604,2,0.0020072466651456,0.6821917215983073,59.96002664890073
flipped_part_005.mp4,162,0,2,0.0019335591046708,0.6807781219482422,0.2620146009657118,2,0.0019335591046708,0.6819032669067383,59.96002664890073
flipped_part_005.mp4,163,0,1,0.0015927029941101,0.6818127314249675,0.2373299492730034,1,0.0015927029941101,0.6818127314249675,59.96002664890073
flipped_part_005.mp4,164,0,1,0.0015358213545469,0.6816658020019531,0.2379167344835069,1,0.0015358213545469,0.6816658020019531,59.96002664890073
flipped_part_005.mp4,165,0,1,0.0015489602467924,0.681727409362793,0.23857421875,1,0.0015489602467924,0.681727409362793,59.96002664890073
flipped_part_005.mp4,166,0,1,0.0015688431021515,0.6818533579508463,0.2396659851074218,1,0.0015688431021515,0.6818533579508463,59.96002664890073
flipped_part_005.mp4,167,0,1,0.0016720502356313,0.6816363016764323,0.2402719568323206,1,0.0016720502356313,0.6816363016764323,59.96002664890073
flipped_part_005.mp4,168,0,1,0.0017059725711361,0.6816030502319336,0.2410202874077691,1,0.0017059725711361,0.6816030502319336,59.96002664890073
flipped_part_005.mp4,169,0,1,0.0016760776816388,0.6815027236938477,0.2416213989257812,1,0.0016760776816388,0.6815027236938477,59.96002664890073
flipped_part_005.mp4,170,0,1,0.0016830548191662,0.681529680887858,0.2426016913519965,1,0.0016830548191662,0.681529680887858,59.96002664890073
flipped_part_005.mp4,171,0,1,0.0016586219848788,0.6815145492553711,0.2431320190429687,1,0.0016586219848788,0.6815145492553711,59.96002664890073
flipped_part_005.mp4,172,0,1,0.0016391092010221,0.6814192454020183,0.2435345119900173,1,0.0016391092010221,0.6814192454020183,59.96002664890073
flipped_part_005.mp4,173,0,1,0.0016054200256217,0.6813634872436524,0.2440709431966145,1,0.0016054200256217,0.6813634872436524,59.96002664890073
flipped_part_005.mp4,174,0,1,0.0015655301633954,0.6813859939575195,0.2455176459418402,1,0.0015655301633954,0.6813859939575195,59.96002664890073
flipped_part_005.mp4,175,0,2,0.0015508118417454,0.6813613891601562,0.2466006808810764,2,0.0015508118417454,0.6813613891601562,59.96002664890073
flipped_part_005.mp4,176,0,1,0.0016120231186505,0.6816202799479166,0.2491421169704861,1,0.0016120231186505,0.6816202799479166,59.96002664890073
flipped_part_005.mp4,177,0,1,0.0016288734304597,0.6819334030151367,0.250772942437066,1,0.0016288734304597,0.6819334030151367,59.96002664890073
flipped_part_005.mp4,178,0,2,0.0017040834322364,0.6805760065714518,0.2717388576931424,2,0.0017040834322364,0.6815860748291016,59.96002664890073
flipped_part_005.mp4,179,0,2,0.0017563155849024,0.680418332417806,0.2702687581380208,2,0.0017563155849024,0.6816561381022136,59.96002664890073
flipped_part_005.mp4,180,0,2,0.0019111115796517,0.6804854075113932,0.2659493340386284,2,0.0019111115796517,0.6816454569498698,59.96002664890073
flipped_part_005.mp4,181,0,2,0.0016543564963891,0.6821417490641276,0.2520646837022569,2,0.0016543564963891,0.6821417490641276,59.96002664890073
flipped_part_005.mp4,182,0,2,0.0016420578653924,0.6819945017496745,0.25240478515625,2,0.0016420578653924,0.6819945017496745,59.96002664890073
flipped_part_005.mp4,183,0,1,0.0016631781293027,0.6821413040161133,0.2539473639594184,1,0.0016631781293027,0.6821413040161133,59.96002664890073
flipped_part_005.mp4,184,0,1,0.0015740996200798,0.6814977645874023,0.2554154572663484,1,0.0015740996200798,0.6814977645874023,59.96002664890073
flipped_part_005.mp4,185,0,1,0.0016255786893695,0.6815329233805338,0.2578685619212963,1,0.0016255786893695,0.6815329233805338,59.96002664890073
flipped_part_005.mp4,186,0,1,0.0016238886147039,0.6816455841064453,0.2584854125976562,1,0.0016238886147039,0.6816455841064453,59.96002664890073
flipped_part_005.mp4,187,0,1,0.0015862705497097,0.6815250396728516,0.259317864312066,1,0.0015862705497097,0.6815250396728516,59.96002664890073
flipped_part_005.mp4,188,0,1,0.001553576692278,0.6816892623901367,0.2608475579155816,1,0.001553576692278,0.6816892623901367,59.96002664890073
flipped_part_005.mp4,189,0,1,0.0015555142457338,0.6818228403727213,0.2607411985044126,1,0.0015555142457338,0.6818228403727213,59.96002664890073
flipped_part_005.mp4,190,0,1,0.0015584080303475,0.681614875793457,0.2612601386176215,1,0.0015584080303475,0.681614875793457,59.96002664890073
flipped_part_005.mp4,191,0,1,0.0015952022798592,0.6815708160400391,0.2632491500289352,1,0.0015952022798592,0.6815708160400391,59.96002664890073
flipped_part_005.mp4,192,0,1,0.0016291861418479,0.6815679550170899,0.2649553087022569,1,0.0016291861418479,0.6815679550170899,59.96002664890073
flipped_part_005.mp4,193,0,1,0.0016687195678888,0.6816652297973633,0.2657813178168403,1,0.0016687195678888,0.6816652297973633,59.96002664890073
flipped_part_005.mp4,194,0,1,0.0016550119480396,0.6818525950113933,0.2652623777036313,1,0.0016550119480396,0.6818525950113933,59.96002664890073
flipped_part_005.mp4,195,0,1,0.0016161507809172,0.6816207885742187,0.2652985749421296,1,0.0016161507809172,0.6816207885742187,59.96002664890073
flipped_part_005.mp4,196,0,2,0.0026642374270509,0.8001204172770182,0.9645844636140046,1,0.001555333554279,0.681611696879069,59.96002664890073
flipped_part_005.mp4,197,0,2,0.0033340778677324,0.8033845901489258,0.9578510425708912,1,0.0015941052483739,0.6815462748209635,59.96002664890073
flipped_part_005.mp4,198,0,2,0.0044105078031619,0.8051546096801758,0.9485170717592591,1,0.0016304887055108,0.6816248575846354,59.96002664890073
flipped_part_005.mp4,199,0,2,0.005246435455219,0.8036892573038737,0.9394280892831308,1,0.0016032307575612,0.6816778182983398,59.96002664890073
flipped_part_005.mp4,200,0,2,0.0060961949574993,0.8080700556437175,0.9334457397460938,1,0.0014635928817464,0.6815036773681641,59.96002664890073
flipped_part_005.mp4,201,0,2,0.0087976798343717,0.8244894663492839,0.924220049822772,1,0.0015662719744593,0.6815937678019206,59.96002664890073
flipped_part_005.mp4,202,0,2,0.0098746161619352,0.8271112442016602,0.9159616540979456,1,0.0015516365422539,0.6816240310668945,59.96002664890073
flipped_part_005.mp4,203,0,2,0.0110578554811783,0.8290487289428711,0.9084408230251736,1,0.0015232738535269,0.6817797342936198,59.96002664890073
flipped_part_005.mp4,204,0,2,0.0120522805581833,0.8301239649454752,0.8995920251916956,1,0.0014942076457319,0.6817476908365886,59.96002664890073
flipped_part_005.mp4,205,0,2,0.0130033018281553,0.8287944793701172,0.8942124543366609,1,0.0014638874089319,0.681538200378418,59.96002664890073
flipped_part_005.mp4,206,0,2,0.0139035176895063,0.8279897689819335,0.8875572487160012,1,0.0015121825749196,0.681617546081543,59.96002664890073
flipped_part_005.mp4,207,0,2,0.0149921505994926,0.8266853332519531,0.8808647438331887,1,0.0015222937651237,0.6815924962361654,59.96002664890073
flipped_part_005.mp4,208,0,2,0.0165313823413524,0.8279919306437175,0.8731309113679109,1,0.0015587620357756,0.6817306518554688,59.96002664890073
flipped_part_005.mp4,209,0,2,0.0173721525732738,0.8282107035319011,0.8666096440067997,1,0.0015544841440472,0.6817386627197266,59.96002664890073
flipped_part_005.mp4,210,0,2,0.0187177985003519,0.8285211563110352,0.8564556545681423,1,0.0015183313997867,0.681475830078125,59.96002664890073
flipped_part_005.mp4,211,0,2,0.0191076735116075,0.8264339447021485,0.8530566180193866,1,0.0015375438528523,0.6815118789672852,59.96002664890073
flipped_part_005.mp4,212,0,2,0.0202603132861097,0.8255917231241862,0.8452236034252025,1,0.0014532011526171,0.6820301691691081,59.96002664890073
flipped_part_005.mp4,213,0,2,0.0199032862449961,0.8207664489746094,0.8409019187644676,1,0.0014974555125809,0.6814568837483724,59.96002664890073
flipped_part_005.mp4,214,0,2,0.0203955556857787,0.8162322998046875,0.8333985505280671,1,0.0014282497271778,0.6812964121500651,59.96002664890073
flipped_part_005.mp4,215,0,2,0.0214505911534177,0.8182226181030273,0.8277227896231192,1,0.0014427456686044,0.6812904357910157,59.96002664890073
flipped_part_005.mp4,216,0,2,0.0223568852283319,0.8189884185791015,0.8216335720486111,1,0.0013644257522429,0.6811964670817058,59.96002664890073
flipped_part_005.mp4,217,0,2,0.0237482036425111,0.821429697672526,0.8165506998697917,1,0.0013323452261586,0.6811449686686198,59.96002664890073
flipped_part_005.mp4,218,0,2,0.0248841985685026,0.8239987055460612,0.8105278862847223,1,0.0013172674357095,0.6810925165812175,59.96002664890073
flipped_part_005.mp4,219,0,2,0.0259000270006557,0.8240801493326823,0.8020246717664931,1,0.0014406234778774,0.6812108357747396,59.96002664890073
flipped_part_005.mp4,220,0,2,0.025994855590128,0.8220928192138672,0.79874917489511,1,0.0014034367009783,0.681180191040039,59.96002664890073
flipped_part_005.mp4,221,0,2,0.027023266637245,0.8248100280761719,0.7955676043475116,1,0.0014128363703989,0.6810489654541015,59.96002664890073
flipped_part_005.mp4,222,0,2,0.0279720375889964,0.8249404907226563,0.7887721874095776,1,0.001461217799612,0.6810525894165039,59.96002664890073
flipped_part_005.mp4,223,0,2,0.0289027817981938,0.8251567840576172,0.7813144259982638,1,0.0014811220142291,0.6810033798217774,59.96002664890073
flipped_part_005.mp4,224,0,2,0.0300389367069497,0.8265722274780274,0.7755160296404803,1,0.0014146445504889,0.6810075124104817,59.96002664890073
flipped_part_005.mp4,225,0,2,0.0309519718957196,0.82670103708903,0.7717113353587963,1,0.001401492904794,0.681298573811849,59.96002664890073
flipped_part_005.mp4,226,0,2,0.0318098075502483,0.8272331237792969,0.7678420455367477,1,0.0013741820553938,0.68133970896403,59.96002664890073
flipped_part_005.mp4,227,0,2,0.032728319042815,0.8268711725870769,0.7625618828667535,1,0.0013002293412702,0.6810936609903971,59.96002664890073
flipped_part_005.mp4,228,0,2,0.0333585328823257,0.8272900263468425,0.7576788443106192,1,0.001336173448136,0.6809981028238933,59.96002664890073
flipped_part_005.mp4,229,0,2,0.033643422299582,0.827763557434082,0.7534247504340278,1,0.0013048064127926,0.6809591929117839,59.96002664890073
flipped_part_005.mp4,230,0,2,0.0340501426854946,0.8256660461425781,0.7470162285698785,1,0.0012785284514689,0.6811313629150391,59.96002664890073
flipped_part_005.mp4,231,0,2,0.0359846760785166,0.8281149546305339,0.7390370121708623,1,0.0011849116917195,0.6811747233072917,59.96002664890073
flipped_part_005.mp4,232,0,3,0.0367644176415432,0.8270168304443359,0.7352184154369213,2,0.0109858399835044,0.7084687550862631,59.96002664890073
flipped_part_005.mp4,233,0,3,0.037397264115125,0.827809206644694,0.7341165613245081,2,0.0013949624168971,0.6810131072998047,59.96002664890073
flipped_part_005.mp4,234,0,2,0.0377616150968134,0.8278377532958985,0.7314047919379341,1,0.0012663371584602,0.6811089197794596,59.96002664890073
flipped_part_005.mp4,235,0,2,0.0402708040768306,0.8348915100097656,0.7259204440646702,1,0.0013101790517868,0.6808116912841797,59.96002664890073
flipped_part_005.mp4,236,0,3,0.0434138332664992,0.8419783274332683,0.7170522054036458,2,0.0013180574931741,0.6802715301513672,59.96002664890073
flipped_part_005.mp4,237,0,2,0.0441802802065748,0.8434921900431315,0.7144222118236401,1,0.0013593547172301,0.6801921844482421,59.96002664890073
flipped_part_005.mp4,238,0,2,0.0452055690577253,0.8439215342203776,0.7085564507378472,1,0.0013425173451347,0.680229123433431,59.96002664890073
flipped_part_005.mp4,239,0,2,0.0455190026543367,0.8433830261230468,0.7082951298466436,1,0.0013240205111893,0.6802540461222331,59.96002664890073
flipped_part_005.mp4,240,0,2,0.0467815752089437,0.8417058944702148,0.6999857584635417,1,0.0012605670281724,0.6799598693847656,59.96002664890073
flipped_part_005.mp4,241,0,2,0.0478349347919639,0.8420995712280274,0.6937784830729167,1,0.0012613383293501,0.6797721862792969,59.96002664890073
flipped_part_005.mp4,242,0,2,0.0480203463165606,0.8423473993937175,0.6921617296006944,1,0.0013111528400461,0.6793739318847656,59.96002664890073
flipped_part_005.mp4,243,0,2,0.0488213018758256,0.8423421859741211,0.6889784071180556,1,0.0012961392945618,0.6791658401489258,59.96002664890073
flipped_part_005.mp4,244,0,2,0.0494353637535069,0.8413978576660156,0.6841708147967304,1,0.0012152860931733,0.6792620976765951,59.96002664890073
flipped_part_005.mp4,245,0,2,0.0501094330597617,0.8408606211344402,0.679866706000434,1,0.0011813667631294,0.6790220260620117,59.96002664890073
flipped_part_005.mp4,246,0,2,0.04993239778606,0.8388098398844401,0.674706635651765,1,0.0011119831829435,0.6789873758951823,59.96002664890073
flipped_part_005.mp4,247,0,2,0.0482573982260339,0.8323071161905925,0.6741477683738426,1,0.0011405876649304,0.6791353225708008,59.96002664890073
flipped_part_005.mp4,248,0,2,0.0480656653270125,0.8301095962524414,0.6709875036168982,1,0.0011353135547714,0.6792151133219401,59.96002664890073
flipped_part_005.mp4,249,0,2,0.0491641389847629,0.8319557825724284,0.6676581488715277,1,0.0011278044785528,0.6791415532430013,59.96002664890073
flipped_part_005.mp4,250,0,2,0.0493987241265131,0.8307558059692383,0.6636988321940104,1,0.0011293751645522,0.6790981928507487,59.96002664890073
flipped_part_005.mp4,251,0,3,0.0493649927154399,0.8281857172648112,0.6593512075918692,2,0.0015327647773342,0.6792882919311524,59.96002664890073
flipped_part_005.mp4,252,0,3,0.0487792015011655,0.8255260467529297,0.6580978393554687,2,0.0013749385297705,0.6789082845052083,59.96002664890073
flipped_part_005.mp4,253,0,2,0.0483829007434865,0.8238838195800782,0.6563435872395833,1,0.0011078709912706,0.6788288116455078,59.96002664890073
flipped_part_005.mp4,254,0,2,0.0487409542283448,0.8219045639038086,0.651442633734809,1,0.0010598984614868,0.678742790222168,59.96002664890073
flipped_part_005.mp4,255,0,2,0.049830744225064,0.8231285730997722,0.6454494335033275,1,0.001093198346347,0.6786312103271485,59.96002664890073
flipped_part_005.mp4,256,0,2,0.0512190920793606,0.8256455103556315,0.644223870171441,1,0.0010920727656641,0.6786069869995117,59.96002664890073
flipped_part_005.mp4,257,0,2,0.0517953497954618,0.8253622055053711,0.6406543307834202,1,0.0011242332626177,0.6786708196004232,59.96002664890073
flipped_part_005.mp4,258,0,2,0.0489326991010198,0.8157293319702148,0.6359426992910879,1,0.0011201059147424,0.6785839716593425,59.96002664890073
flipped_part_005.mp4,259,0,2,0.0490136346203076,0.815333366394043,0.635780108416522,1,0.00108470405538,0.6786441802978516,59.96002664890073
flipped_part_005.mp4,260,0,3,0.0489749441110891,0.8148611068725586,0.6344774034288194,2,0.0013568977039324,0.6789628982543945,59.96002664890073
flipped_part_005.mp4,261,0,2,0.0463078904606259,0.8069325129191081,0.6310406155056424,1,0.0010893517197001,0.6790051142374675,59.96002664890073
flipped_part_005.mp4,262,0,2,0.0467114299049394,0.8062040328979492,0.6285834418402778,1,0.0011014640131583,0.6790494918823242,59.96002664890073
flipped_part_005.mp4,263,0,2,0.0469009401805463,0.8066577911376953,0.6272409509729456,1,0.0010889255900919,0.6790130615234375,59.96002664890073
flipped_part_005.mp4,264,0,2,0.0471471139531436,0.8064362208048502,0.6251857616283275,1,0.0011340621871931,0.679115358988444,59.96002664890073
flipped_part_005.mp4,265,0,2,0.0461642288809525,0.8023394266764323,0.6185125845449942,1,0.0011242935612433,0.6793413162231445,59.96002664890073
flipped_part_005.mp4,266,0,2,0.0458802576773127,0.8018322626749674,0.6145348442925347,1,0.0011067125839946,0.6796636581420898,59.96002664890073
flipped_part_005.mp4,267,0,3,0.0446752560870178,0.8000569025675456,0.611958482530382,2,0.0013117170816985,0.6798482894897461,59.96002664890073
flipped_part_005.mp4,268,0,2,0.0460493247506868,0.8014823913574218,0.6081288090458623,1,0.0009232733903627,0.6800079981486002,59.96002664890073
flipped_part_005.mp4,269,0,2,0.0451690721517014,0.801548449198405,0.5885377671983507,2,0.0451690721517014,0.801548449198405,59.96002664890073
flipped_part_005.mp4,270,0,2,0.0454347118233649,0.8014904657999674,0.5755239416051794,2,0.0454347118233649,0.8014904657999674,59.96002664890073
flipped_part_005.mp4,271,0,2,0.0443214766551843,0.8002582550048828,0.568355079933449,2,0.0443214766551843,0.8002582550048828,59.96002664890073
flipped_part_005.mp4,272,0,3,0.0435099635944762,0.8007836023966471,0.5618644996925637,3,0.0435099635944762,0.8007836023966471,59.96002664890073
flipped_part_005.mp4,273,0,3,0.042133025213218,0.7997860590616862,0.5521419949001736,3,0.042133025213218,0.7997860590616862,59.96002664890073
flipped_part_005.mp4,274,0,3,0.0404715483999569,0.796343994140625,0.544280101634838,3,0.0404715483999569,0.796343994140625,59.96002664890073
flipped_part_005.mp4,275,0,3,0.0391124438767265,0.7948305130004882,0.5345163415979456,3,0.0391124438767265,0.7948305130004882,59.96002664890073
flipped_part_005.mp4,276,0,3,0.0378112134502562,0.7932305018107096,0.5248218112521701,3,0.0378112134502562,0.7932305018107096,59.96002664890073
flipped_part_005.mp4,277,0,3,0.0368420248716619,0.7916797002156576,0.5183145593713832,3,0.0368420248716619,0.7916797002156576,59.96002664890073
flipped_part_005.mp4,278,0,3,0.0341461008542683,0.7847086588541666,0.5094125818323206,3,0.0341461008542683,0.7847086588541666,59.96002664890073
flipped_part_005.mp4,279,0,2,0.034075923175939,0.7857065200805664,0.5008498580367476,2,0.034075923175939,0.7857065200805664,59.96002664890073
flipped_part_005.mp4,280,0,2,0.0337276278708143,0.7858128229777018,0.4913366812246817,2,0.0337276278708143,0.7858128229777018,59.96002664890073
flipped_part_005.mp4,281,0,2,0.0337356700168068,0.7865198771158854,0.4856435139973958,2,0.0337356700168068,0.7865198771158854,59.96002664890073
flipped_part_005.mp4,282,0,2,0.0332169354463824,0.7858105341593424,0.4764407687717014,2,0.0332169354463824,0.7858105341593424,59.96002664890073
flipped_part_005.mp4,283,0,2,0.0320695980437449,0.7836716334025066,0.467890704119647,2,0.0320695980437449,0.7836716334025066,59.96002664890073
flipped_part_005.mp4,284,0,3,0.0315947888609177,0.7828705469767253,0.4583543565538194,3,0.0315947888609177,0.7828705469767253,59.96002664890073
flipped_part_005.mp4,285,0,3,0.0310578276659362,0.782391611735026,0.4544225056966146,3,0.0310578276659362,0.782391611735026,59.96002664890073
flipped_part_005.mp4,286,0,3,0.0301343118674897,0.780658213297526,0.4464492797851562,3,0.0301343118674897,0.780658213297526,59.96002664890073
flipped_part_005.mp4,287,0,3,0.0300420757546951,0.7807602564493815,0.4410408867730034,3,0.0300420757546951,0.7807602564493815,59.96002664890073
flipped_part_005.mp4,288,0,3,0.0296297577128495,0.781538454691569,0.433311292860243,3,0.0296297577128495,0.781538454691569,59.96002664890073
flipped_part_005.mp4,289,0,3,0.0291098873701412,0.781155014038086,0.4269434611002604,3,0.0291098873701412,0.781155014038086,59.96002664890073
flipped_part_005.mp4,290,0,2,0.0283793108304962,0.779633903503418,0.4195995189525462,2,0.0283793108304962,0.779633903503418,59.96002664890073
flipped_part_005.mp4,291,0,2,0.0275168936971264,0.7789569854736328,0.4122321234809027,2,0.0275168936971264,0.7789569854736328,59.96002664890073
flipped_part_005.mp4,292,0,2,0.0266060890284953,0.7761455535888672,0.4061761926721643,2,0.0266060890284953,0.7761455535888672,59.96002664890073
flipped_part_005.mp4,293,0,2,0.0266878167700229,0.7777297973632813,0.4001703898111979,2,0.0266878167700229,0.7777297973632813,59.96002664890073
flipped_part_005.mp4,294,0,2,0.0263957442199656,0.7773852666219075,0.395298597547743,2,0.0263957442199656,0.7773852666219075,59.96002664890073
flipped_part_005.mp4,295,0,2,0.0256351793693331,0.7741678873697917,0.3883673208731192,2,0.0256351793693331,0.7741678873697917,59.96002664890073
flipped_part_005.mp4,296,0,2,0.0253784948915644,0.7739467620849609,0.38375814932364,2,0.0253784948915644,0.7739467620849609,59.96002664890073
flipped_part_005.mp4,297,0,2,0.0242430207962428,0.7715038299560547,0.3775000678168402,2,0.0242430207962428,0.7715038299560547,59.96002664890073
flipped_part_005.mp4,298,0,3,0.0238585418736329,0.7711727142333984,0.3698379516601562,2,0.0238585418736329,0.7711727142333984,59.96002664890073
flipped_part_005.mp4,299,0,3,0.0241413378968071,0.7726804733276367,0.3652199639214409,2,0.0241413378968071,0.7726804733276367,59.96002664890073
flipped_part_005.mp4,300,0,3,0.0235354864859255,0.77142333984375,0.3628695452654803,2,0.0235354864859255,0.77142333984375,59.96002664890073
flipped_part_005.mp4,301,0,3,0.0232249848211843,0.7711418151855469,0.3590262518988715,2,0.0232249848211843,0.7711418151855469,59.96002664890073
flipped_part_005.mp4,302,0,3,0.0222406703778822,0.7683589935302735,0.3531376026294849,2,0.0222406703778822,0.7683589935302735,59.96002664890073
flipped_part_005.mp4,303,0,3,0.0213533795491417,0.7667919158935547,0.3462285359700521,2,0.0213533795491417,0.7667919158935547,59.96002664890073
flipped_part_005.mp4,304,0,3,0.0215262217015993,0.7673182169596354,0.3405799583152488,2,0.0215262217015993,0.7673182169596354,59.96002664890073
flipped_part_005.mp4,305,0,3,0.0208566889570405,0.7657494227091471,0.3378187391493055,2,0.0208566889570405,0.7657494227091471,59.96002664890073
flipped_part_005.mp4,306,0,3,0.0205076826487978,0.7648537953694662,0.3334049931278935,2,0.0205076826487978,0.7648537953694662,59.96002664890073
flipped_part_005.mp4,307,0,3,0.0204217628116344,0.7653095881144206,0.3273483276367187,2,0.0204217628116344,0.7653095881144206,59.96002664890073
flipped_part_005.mp4,308,0,3,0.0201868668082385,0.7645597457885742,0.3254361753110532,2,0.0201868668082385,0.7645597457885742,59.96002664890073
flipped_part_005.mp4,309,0,3,0.0196643061772381,0.7634162267049154,0.3206270005967881,2,0.0196643061772381,0.7634162267049154,59.96002664890073
flipped_part_005.mp4,310,0,3,0.0191978642170714,0.7624010721842448,0.3130664966724537,2,0.0191978642170714,0.7624010721842448,59.96002664890073
flipped_part_005.mp4,311,0,3,0.0190341674797107,0.7620381037394206,0.3052438806604456,2,0.0190341674797107,0.7620381037394206,59.96002664890073
flipped_part_005.mp4,312,0,3,0.0201348943016305,0.851487414042155,0.8506370827003762,2,0.0184170148609979,0.7606822967529296,59.96002664890073
flipped_part_005.mp4,313,0,3,0.0205904999170646,0.84954833984375,0.845326006854022,2,0.0178433660098623,0.758983294169108,59.96002664890073
flipped_part_005.mp4,314,0,3,0.0217272844569891,0.8487475077311198,0.8379720617223669,2,0.0178596464046392,0.7586775461832682,59.96002664890073
flipped_part_005.mp4,315,0,3,0.0224845581086076,0.8460615158081055,0.8308172720449942,2,0.0177298950194165,0.7586245854695638,59.96002664890073
flipped_part_005.mp4,316,0,3,0.022714762244518,0.8426746368408203,0.825947344744647,2,0.0170139843863176,0.7571920394897461,59.96002664890073
flipped_part_005.mp4,317,0,3,0.0245398492309305,0.847148323059082,0.8208176789460359,2,0.0170442107330718,0.758274523417155,59.96002664890073
flipped_part_005.mp4,318,0,3,0.0251756215007777,0.845431900024414,0.81283529776114,2,0.0165917232970025,0.7567702611287435,59.96002664890073
flipped_part_005.mp4,319,0,3,0.0274948994298163,0.8512437820434571,0.8055430094401042,2,0.0161390199519357,0.7558102289835612,59.96002664890073
flipped_part_005.mp4,320,0,3,0.0287159409262433,0.8524193445841471,0.800698004828559,2,0.0155568922054953,0.7543921152750651,59.96002664890073
flipped_part_005.mp4,321,0,3,0.0295031268786449,0.8525426864624024,0.7947325529875578,2,0.0154432876425239,0.7543286005655925,59.96002664890073
flipped_part_005.mp4,322,0,3,0.0301814224935865,0.8522026697794597,0.7893333717628762,2,0.0152577489294775,0.7540420532226563,59.96002664890073
flipped_part_005.mp4,323,0,4,0.0312133921330067,0.8522455215454101,0.7833478574399595,3,0.0152442763711506,0.7537752787272135,59.96002664890073
flipped_part_005.mp4,324,0,3,0.0319366156165617,0.8507078806559245,0.7793214586046007,2,0.0150276401500723,0.7537434895833334,59.96002664890073
flipped_part_005.mp4,325,0,3,0.0327268792575018,0.8504906336466471,0.7741614447699653,2,0.0147282912315697,0.7533852259318033,59.96002664890073
flipped_part_005.mp4,326,0,3,0.0338125531498722,0.851119867960612,0.7685906304253473,2,0.0148336523614125,0.7534184137980143,59.96002664890073
flipped_part_005.mp4,327,0,3,0.0345602846946739,0.8514152526855469,0.7653652615017361,2,0.0145572127047839,0.753019905090332,59.96002664890073
flipped_part_005.mp4,328,0,3,0.0354799581407698,0.8513127009073893,0.7596432156032986,2,0.0143189397750474,0.7524419784545898,59.96002664890073
flipped_part_005.mp4,329,0,3,0.0362500117276795,0.8516123453776042,0.7551917182074652,2,0.014019714629588,0.7517730712890625,59.96002664890073
flipped_part_005.mp4,330,0,3,0.0370216235037272,0.8520432154337565,0.7516805013020833,2,0.0136948143613501,0.7511354446411133,59.96002664890073
flipped_part_005.mp4,331,0,3,0.0378004476198003,0.8513832092285156,0.7452382405598958,2,0.0135728807028068,0.7505694071451823,59.96002664890073
flipped_part_005.mp4,332,0,3,0.0387878541597941,0.851755968729655,0.7413001166449653,2,0.0136789191401072,0.7503098169962565,59.96002664890073
flipped_part_005.mp4,333,0,3,0.0399816442420275,0.8520437876383463,0.7358068960684317,2,0.0133018373848042,0.7497621536254883,59.96002664890073
flipped_part_005.mp4,334,0,3,0.0397646327063234,0.8515703201293945,0.7329542371961806,2,0.0131131519235592,0.7492567698160807,59.96002664890073
flipped_part_005.mp4,335,0,3,0.0406018514180107,0.8518656412760417,0.7285551848234953,2,0.0130731793115113,0.7490584055582682,59.96002664890073
flipped_part_005.mp4,336,0,3,0.0419831236508994,0.852509880065918,0.721208021375868,2,0.0129181104334485,0.7490238825480143,59.96002664890073
flipped_part_005.mp4,337,0,3,0.0430037466846126,0.8523432413736979,0.716761553729022,2,0.0128213267837633,0.7487557093302409,59.96002664890073
flipped_part_005.mp4,338,0,3,0.0441655455292331,0.8532020568847656,0.7122141520182291,2,0.0124953017468214,0.7482229232788086,59.96002664890073
flipped_part_005.mp4,339,0,3,0.0444795482047117,0.8530054092407227,0.7095551102249711,2,0.0123800870531273,0.7475483576456706,59.96002664890073
flipped_part_005.mp4,340,0,3,0.0447642645448515,0.8529913584391277,0.7079043353045428,2,0.0120518225791611,0.7465312957763672,59.96002664890073
flipped_part_005.mp4,341,0,3,0.0440913027007546,0.8499109903971355,0.7053724500868056,2,0.0118376685397082,0.7457041422526042,59.96002664890073
flipped_part_005.mp4,342,0,3,0.0444763903924333,0.850246810913086,0.7042982313368056,2,0.0118592119815595,0.7463786443074544,59.96002664890073
flipped_part_005.mp4,343,0,3,0.0458120503616778,0.8489617029825847,0.6953634756582755,2,0.0114073877374714,0.7452264785766601,59.96002664890073
flipped_part_005.mp4,344,0,3,0.0461176297088645,0.8480688095092773,0.6952546861436631,2,0.0111135287472279,0.7445775985717773,59.96002664890073
flipped_part_005.mp4,345,0,3,0.0472509809245821,0.8476266860961914,0.6872590806749131,2,0.0107907812999824,0.7437297821044921,59.96002664890073
flipped_part_005.mp4,346,0,3,0.0479337901437948,0.8482912063598633,0.686417982313368,2,0.0109805768077192,0.7438617706298828,59.96002664890073
flipped_part_005.mp4,347,0,3,0.047415237512323,0.846233050028483,0.6862518310546875,2,0.0108504779871846,0.743287467956543,59.96002664890073
flipped_part_005.mp4,348,0,3,0.0471687308401063,0.8437721252441406,0.6834928724500868,2,0.0107626143820838,0.7430097579956054,59.96002664890073
flipped_part_005.mp4,349,0,3,0.0482595835770997,0.844073740641276,0.677823723687066,2,0.0104425731732691,0.7427245457967122,59.96002664890073
flipped_part_005.mp4,350,0,3,0.0488221746107296,0.8432666778564453,0.6710339016384549,2,0.0099662820502675,0.7415314356486002,59.96002664890073
flipped_part_005.mp4,351,0,3,0.0480777663039043,0.8405478159586589,0.669255687572338,2,0.0100321969438421,0.7417717615763346,59.96002664890073
flipped_part_005.mp4,352,0,3,0.0482023512304726,0.8398138046264648,0.6687926680953414,2,0.0100291567052179,0.7412156422932943,59.96002664890073
flipped_part_005.mp4,353,0,3,0.0483464266400874,0.838711166381836,0.6659177992078993,2,0.0099540668794091,0.741092300415039,59.96002664890073
flipped_part_005.mp4,354,0,3,0.0479786694231788,0.8371929168701172,0.6646083690502026,2,0.0098053755173977,0.7408697128295898,59.96002664890073
flipped_part_005.mp4,355,0,3,0.0476872473000225,0.8351963678995769,0.6631209196867767,2,0.0095780811337452,0.7404184341430664,59.96002664890073
flipped_part_005.mp4,356,0,3,0.0474575055165526,0.8334888458251953,0.6612867567274305,2,0.0095714802414618,0.7398749033610026,59.96002664890073
flipped_part_005.mp4,357,0,3,0.0463933724914871,0.8309446334838867,0.6611724288375289,2,0.0096037411560731,0.7390092849731446,59.96002664890073
flipped_part_005.mp4,358,0,3,0.0460882391029089,0.8286459604899089,0.6597690158420139,2,0.0094655298239861,0.7387179056803386,59.96002664890073
flipped_part_005.mp4,359,0,3,0.0465034058660069,0.8290705362955729,0.6578219378436053,2,0.0091455936719365,0.7372982660929362,59.96002664890073
flipped_part_005.mp4,360,0,3,0.0467678017078691,0.827761713663737,0.6544046472620081,2,0.0088986984088033,0.736573600769043,59.96002664890073
flipped_part_005.mp4,361,0,3,0.0468514526101191,0.82495543162028,0.6454881456163194,2,0.0086288241988168,0.7347840627034505,59.96002664890073
flipped_part_005.mp4,362,0,3,0.0472102732749125,0.8238415400187175,0.6411896317093461,2,0.0081784463312942,0.7339515050252279,59.96002664890073
flipped_part_005.mp4,363,0,3,0.0457638126827077,0.8197157541910808,0.6401077270507812,2,0.0083700293386829,0.7333759307861328,59.96002664890073
flipped_part_005.mp4,364,0,3,0.0443142887398048,0.8162031173706055,0.6419898139105903,2,0.0082328583148342,0.7331425348917643,59.96002664890073
flipped_part_005.mp4,365,0,3,0.0429812363665378,0.8103434244791666,0.6402584499782986,2,0.0078728802012672,0.7319852828979492,59.96002664890073
flipped_part_005.mp4,366,0,3,0.0441848134587161,0.8126672744750977,0.6378714667426215,2,0.0077007914408588,0.7315746307373047,59.96002664890073
flipped_part_005.mp4,367,0,3,0.0443634327468828,0.8112274805704752,0.6340468230070891,2,0.0078017729220704,0.731512705485026,59.96002664890073
flipped_part_005.mp4,368,0,3,0.0439668551770349,0.8096613566080729,0.6316457112630208,2,0.0075391418690237,0.731158447265625,59.96002664890073
flipped_part_005.mp4,369,0,3,0.0424206356470973,0.8063639322916667,0.6255387482819734,2,0.0074766682136881,0.7310585657755534,59.96002664890073
flipped_part_005.mp4,370,0,3,0.0419239887202382,0.8051182428995768,0.6222998159903067,2,0.0073780472456645,0.7309638341267903,59.96002664890073
flipped_part_005.mp4,371,0,3,0.0417452290212989,0.8043069839477539,0.6095486676251447,2,0.0075150485517224,0.7308137893676758,59.96002664890073
flipped_part_005.mp4,372,0,3,0.0407298536918824,0.8030950546264648,0.6028536761248553,2,0.0074024558243885,0.7305718104044596,59.96002664890073
flipped_part_005.mp4,373,0,3,0.0397376760811671,0.8017858505249024,0.5966822871455439,3,0.0397376760811671,0.8017858505249024,59.96002664890073
flipped_part_005.mp4,374,0,3,0.0389310202364598,0.8016915003458659,0.5905613086841724,3,0.0389310202364598,0.8016915003458659,59.96002664890073
flipped_part_005.mp4,375,0,3,0.0373459834284738,0.7980612436930339,0.5810163144712095,3,0.0373459834284738,0.7980612436930339,59.96002664890073
flipped_part_005.mp4,376,0,3,0.0362857671310538,0.796623166402181,0.5659169514973958,3,0.0362857671310538,0.796623166402181,59.96002664890073
flipped_part_005.mp4,377,0,3,0.0358264590483546,0.7963980356852214,0.5607555813259548,3,0.0358264590483546,0.7963980356852214,59.96002664890073
flipped_part_005.mp4,378,0,3,0.034504117270343,0.7933090209960938,0.5502278080692997,3,0.034504117270343,0.7933090209960938,59.96002664890073
flipped_part_005.mp4,379,0,3,0.034569677073903,0.7925722122192382,0.5423183299877026,3,0.034569677073903,0.7925722122192382,59.96002664890073
flipped_part_005.mp4,380,0,3,0.0331972452885626,0.7907732645670573,0.5321181685836227,3,0.0331972452885626,0.7907732645670573,59.96002664890073
flipped_part_005.mp4,381,0,3,0.0323747653352782,0.7903127670288086,0.5267842045536748,3,0.0323747653352782,0.7903127670288086,59.96002664890073
flipped_part_005.mp4,382,0,3,0.0318015970629251,0.7892489115397135,0.5184059425636575,3,0.0318015970629251,0.7892489115397135,59.96002664890073
flipped_part_005.mp4,383,0,3,0.0311908338991149,0.788264274597168,0.5113037109375,3,0.0311908338991149,0.788264274597168,59.96002664890073
flipped_part_005.mp4,384,0,3,0.0292025999155723,0.7843790054321289,0.5011949327256945,3,0.0292025999155723,0.7843790054321289,59.96002664890073
flipped_part_005.mp4,385,0,3,0.0281034910391597,0.7823673884073893,0.4941232751916956,3,0.0281034910391597,0.7823673884073893,59.96002664890073
flipped_part_005.mp4,386,0,3,0.0269923279148578,0.7810022354125976,0.4896931966145833,3,0.0269923279148578,0.7810022354125976,59.96002664890073
flipped_part_005.mp4,387,0,3,0.0267170361657109,0.7814554850260417,0.479046630859375,3,0.0267170361657109,0.7814554850260417,59.96002664890073
flipped_part_005.mp4,388,0,4,0.0264109073183499,0.7808927536010742,0.4742502848307292,4,0.0264109073183499,0.7808927536010742,59.96002664890073
flipped_part_005.mp4,389,0,4,0.0257249508805021,0.779429817199707,0.463311767578125,4,0.0257249508805021,0.779429817199707,59.96002664890073
flipped_part_005.mp4,390,0,4,0.0252526535445617,0.7789832433064778,0.4568183051215277,4,0.0252526535445617,0.7789832433064778,59.96002664890073
flipped_part_005.mp4,391,0,3,0.0256574469267097,0.7775004069010417,0.445647289134838,3,0.0256574469267097,0.7775004069010417,59.96002664890073
flipped_part_005.mp4,392,0,3,0.0253330177640115,0.7778261820475261,0.4392950552481192,3,0.0253330177640115,0.7778261820475261,59.96002664890073
flipped_part_005.mp4,393,0,3,0.0253783745948264,0.7767950057983398,0.4337937531647858,3,0.0253783745948264,0.7767950057983398,59.96002664890073
flipped_part_005.mp4,394,0,3,0.0245246969891013,0.7760896682739258,0.4274700023509838,3,0.0245246969891013,0.7760896682739258,59.96002664890073
flipped_part_005.mp4,395,0,3,0.0241438475500844,0.7745695114135742,0.4209928159360532,3,0.0241438475500844,0.7745695114135742,59.96002664890073
flipped_part_005.mp4,396,0,3,0.0236864800647405,0.7738319396972656,0.4144220987955729,3,0.0236864800647405,0.7738319396972656,59.96002664890073
flipped_part_005.mp4,397,0,3,0.0232604632639709,0.7726335525512695,0.4063464694552951,3,0.0232604632639709,0.7726335525512695,59.96002664890073
flipped_part_005.mp4,398,0,3,0.0227495065073728,0.771054458618164,0.4033090662073206,3,0.0227495065073728,0.771054458618164,59.96002664890073
flipped_part_005.mp4,399,0,3,0.022463718272586,0.7708415349324544,0.3978990342881944,3,0.022463718272586,0.7708415349324544,59.96002664890073
flipped_part_005.mp4,400,0,3,0.0219473231773439,0.7693010965983073,0.389454424822772,3,0.0219473231773439,0.7693010965983073,59.96002664890073
flipped_part_005.mp4,401,0,3,0.0217925426515284,0.7685888290405274,0.3842876858181424,3,0.0217925426515284,0.7685888290405274,59.96002664890073
flipped_part_005.mp4,402,0,4,0.0210314687346949,0.767440668741862,0.3745642202871817,3,0.0210314687346949,0.767440668741862,59.96002664890073
flipped_part_005.mp4,403,0,4,0.0208583284652559,0.7664040247599284,0.3698910183376736,3,0.0208583284652559,0.7664040247599284,59.96002664890073
flipped_part_005.mp4,404,0,4,0.0204866507005328,0.765871238708496,0.3650230690285012,3,0.0204866507005328,0.765871238708496,59.96002664890073
flipped_part_005.mp4,405,0,4,0.0200270380512423,0.7656209945678711,0.3575795491536458,3,0.0200270380512423,0.7656209945678711,59.96002664890073
flipped_part_005.mp4,406,0,4,0.0193979990023136,0.7634031295776367,0.3530727810329861,3,0.0193979990023136,0.7634031295776367,59.96002664890073
flipped_part_005.mp4,407,0,4,0.0190176456499223,0.7629486719767252,0.3468756781684027,3,0.0190176456499223,0.7629486719767252,59.96002664890073
flipped_part_005.mp4,408,0,4,0.0182718272453294,0.7613126754760742,0.3420887134693287,3,0.0182718272453294,0.7613126754760742,59.96002664890073
flipped_part_005.mp4,409,0,4,0.0178185412396797,0.7604127883911133,0.3372490211769386,3,0.0178185412396797,0.7604127883911133,59.96002664890073
flipped_part_005.mp4,410,0,4,0.0188133619066017,0.8429193496704102,0.893829345703125,3,0.0182200571570084,0.7602888743082682,59.96002664890073
flipped_part_005.mp4,411,0,4,0.0205851549874447,0.8469932556152344,0.8872745090060764,3,0.0175886471198949,0.7591754913330078,59.96002664890073
flipped_part_005.mp4,412,0,4,0.0220342782827275,0.8466621398925781,0.8802835535120082,3,0.0170112658992163,0.7583559672037761,59.96002664890073
flipped_part_005.mp4,413,0,4,0.0237929470078476,0.8478311538696289,0.8717295328776041,3,0.0169364000627926,0.7580772399902344,59.96002664890073
flipped_part_005.mp4,414,0,4,0.0246326038192664,0.8440078735351563,0.8652946754738137,3,0.0165192437265499,0.756593132019043,59.96002664890073
flipped_part_005.mp4,415,0,4,0.0260861959655691,0.8439644495646159,0.8584950764973959,3,0.0163289091646826,0.7567558288574219,59.96002664890073
flipped_part_005.mp4,416,0,4,0.027404664257386,0.8436546325683594,0.8481543646918402,3,0.016052538029207,0.7558983484903972,59.96002664890073
flipped_part_005.mp4,417,0,4,0.0283615734047158,0.8432088851928711,0.8437580815067998,3,0.0157711091924984,0.7551496505737305,59.96002664890073
flipped_part_005.mp4,418,0,4,0.0297300633091664,0.8432886759440105,0.8348635638201678,3,0.0157181840040721,0.7537268320719401,59.96002664890073
flipped_part_005.mp4,419,0,4,0.0310591324681544,0.8438055674235027,0.8280215228045428,3,0.0156265587655447,0.7535313288370769,59.96002664890073
flipped_part_005.mp4,420,0,4,0.0314201607409236,0.8422998428344727,0.8229335643627026,3,0.0151180597347276,0.7521170934041341,59.96002664890073
flipped_part_005.mp4,421,0,4,0.0326507496809224,0.8395420710245768,0.8156334771050348,3,0.0149078029518505,0.7512376785278321,59.96002664890073
flipped_part_005.mp4,422,0,4,0.0335167666765563,0.8373894373575846,0.8095126116717303,3,0.0146416100331569,0.7503881454467773,59.96002664890073
flipped_part_005.mp4,423,0,4,0.0336393772125356,0.8328342437744141,0.8042761908637153,3,0.0142338743748324,0.750063705444336,59.96002664890073
flipped_part_005.mp4,424,0,5,0.0357626333265216,0.8368654251098633,0.799709235297309,3,0.0140509193604143,0.749920145670573,59.96002664890073
flipped_part_005.mp4,425,0,5,0.0366532662362119,0.83702392578125,0.7936018202039931,3,0.0137050742807332,0.7492687861124675,59.96002664890073
flipped_part_005.mp4,426,0,5,0.0373395132652432,0.8374790191650391,0.7869056984230324,3,0.0135631133908302,0.749288813273112,59.96002664890073
flipped_part_005.mp4,427,0,5,0.0379298178546481,0.8331554412841797,0.7790877730758102,3,0.0132654849680451,0.7487667719523112,59.96002664890073
flipped_part_005.mp4,428,0,5,0.0383140908005319,0.8338972727457682,0.7735568576388889,3,0.0133168546832166,0.7485401789347331,59.96002664890073
flipped_part_005.mp4,429,0,4,0.0398302631247659,0.8357122421264649,0.768391587999132,3,0.0131185218346891,0.7476090749104818,59.96002664890073
flipped_part_005.mp4,430,0,6,0.0419439437733726,0.8385460535685222,0.7600501731589988,4,0.0126171587220246,0.7471939086914062,59.96002664890073
flipped_part_005.mp4,431,0,4,0.0419641582539878,0.8343252182006836,0.7555859035915798,3,0.0122524983095677,0.7462150573730468,59.96002664890073
flipped_part_005.mp4,432,0,5,0.0425075989030301,0.8336582183837891,0.7527316623263889,3,0.0119557070565254,0.7454004287719727,59.96002664890073
flipped_part_005.mp4,433,0,6,0.0420615024377453,0.8299800872802734,0.7474218297887731,4,0.0119610404132442,0.7452736536661784,59.96002664890073
flipped_part_005.mp4,434,0,4,0.0430459821929136,0.8289997736612956,0.7430317631474248,3,0.0117575247031507,0.7440279006958008,59.96002664890073
flipped_part_005.mp4,435,0,4,0.0430590076322874,0.8256332397460937,0.7373578106915509,3,0.0117352043072848,0.7435720443725586,59.96002664890073
flipped_part_005.mp4,436,0,4,0.0435892317974997,0.8259450912475585,0.7339873702437789,3,0.0116348726743901,0.7428743362426757,59.96002664890073
flipped_part_005.mp4,437,0,4,0.0440503708147558,0.8253975550333659,0.7292242544668692,3,0.0119765452057537,0.7430931727091471,59.96002664890073
flipped_part_005.mp4,438,0,4,0.0463107012704454,0.8296034495035808,0.7228858100043403,3,0.0108954826934352,0.7429897944132487,59.96002664890073
flipped_part_005.mp4,439,0,4,0.046865378576126,0.8280115127563477,0.7174580326786748,3,0.0114402007202712,0.742454719543457,59.96002664890073
flipped_part_005.mp4,440,0,4,0.0476207086343007,0.8303987503051757,0.7137003580729167,3,0.0111280859554729,0.7422561645507812,59.96002664890073
flipped_part_005.mp4,441,0,4,0.0493217123776277,0.8338572184244791,0.7089270132559317,3,0.0109980165472586,0.7419552485148112,59.96002664890073
flipped_part_005.mp4,442,0,4,0.0512150008681576,0.8362152099609375,0.7038285432038484,3,0.0107233844734124,0.7412935256958008,59.96002664890073
flipped_part_005.mp4,443,0,4,0.0504026555967155,0.8311541239420573,0.7000116418909144,3,0.0106495827624005,0.740755844116211,59.96002664890073
flipped_part_005.mp4,444,0,4,0.0519522603063874,0.8341203689575195,0.6964440804940683,3,0.0105857175692411,0.7401147206624349,59.96002664890073
flipped_part_005.mp4,445,0,4,0.0562446208278372,0.8444513320922852,0.692447351526331,3,0.0105508084278726,0.7394774119059245,59.96002664890073
flipped_part_005.mp4,446,0,4,0.0565638943296033,0.8442526499430338,0.6890749896014178,3,0.0103104889302307,0.7386781056722005,59.96002664890073
flipped_part_005.mp4,447,0,4,0.0572464303346997,0.8449607849121094,0.6851855242693866,3,0.0097712432066256,0.7371522903442382,59.96002664890073
flipped_part_005.mp4,448,0,4,0.0595429248479194,0.8494565963745118,0.6819522433810764,3,0.0097318595481381,0.7377193450927735,59.96002664890073
flipped_part_005.mp4,449,0,4,0.0613399343520911,0.8526880264282226,0.6765665124963831,3,0.0099135908506771,0.7374761581420899,59.96002664890073
flipped_part_005.mp4,450,0,4,0.0618668146472838,0.8525156021118164,0.6720219364872685,3,0.0093322228250757,0.7370678583780924,59.96002664890073
flipped_part_005.mp4,451,0,4,0.0630114271297093,0.8526243209838867,0.6686275906032986,3,0.0091534861312808,0.7370959599812825,59.96002664890073
flipped_part_005.mp4,452,0,4,0.0628657433832061,0.8523141860961914,0.6670207836009838,3,0.0091300926593572,0.7362423578898112,59.96002664890073
flipped_part_005.mp4,453,0,4,0.0636516106179426,0.8509491602579753,0.6637815122251157,3,0.009151085645135,0.7351851145426432,59.96002664890073
flipped_part_005.mp4,454,0,5,0.0641429367021479,0.8505125045776367,0.6600114045319734,4,0.0088176734611624,0.7344295501708984,59.96002664890073
flipped_part_005.mp4,455,0,4,0.0644125326598684,0.8495309829711915,0.6564991138599537,3,0.0082696909156058,0.7336191177368164,59.96002664890073
flipped_part_005.mp4,456,0,4,0.0646610533390452,0.8473697662353515,0.6524363199869792,3,0.0077363437128736,0.7333748499552409,59.96002664890073
flipped_part_005.mp4,457,0,4,0.0643756274550608,0.8451038360595703,0.6476734867802373,3,0.007839893557668,0.7329349517822266,59.96002664890073
flipped_part_005.mp4,458,0,4,0.0641850403212528,0.8433813095092774,0.6449777108651621,3,0.0079664131380721,0.7321070353190104,59.96002664890073
flipped_part_005.mp4,459,0,4,0.0628761857311474,0.8406356811523438,0.644089592827691,3,0.0081648563379874,0.7306502024332683,59.96002664890073
flipped_part_005.mp4,460,0,4,0.0636911877319518,0.8395689010620118,0.6389563101309317,3,0.0084543182328127,0.7308313369750976,59.96002664890073
flipped_part_005.mp4,461,0,5,0.0628328089327422,0.8355205535888672,0.6345595748336227,4,0.0083737049249207,0.7309335708618164,59.96002664890073
flipped_part_005.mp4,462,0,4,0.0644308622306633,0.8357624053955078,0.6288163361725984,3,0.0082894665027399,0.7302790323893229,59.96002664890073
flipped_part_005.mp4,463,0,5,0.0637948881104059,0.833539072672526,0.6283997712311922,3,0.0083337104154149,0.7303411483764648,59.96002664890073
flipped_part_005.mp4,464,0,5,0.063180617625174,0.832585334777832,0.6259039419668692,3,0.0072021427338516,0.7304422378540039,59.96002664890073
flipped_part_005.mp4,465,0,4,0.0625841598699076,0.8295726776123047,0.6226494683159722,3,0.0071264405879386,0.7305932998657226,59.96002664890073
flipped_part_005.mp4,466,0,4,0.062168984043981,0.8279733657836914,0.621835779260706,3,0.0073525528779201,0.7287468592325846,59.96002664890073
flipped_part_005.mp4,467,0,4,0.0619699218372503,0.8255294799804688,0.6205991391782407,3,0.0071530417559408,0.7285045623779297,59.96002664890073
flipped_part_005.mp4,468,0,4,0.0617164175571114,0.8233563105265299,0.615964988425926,3,0.0073021888426188,0.7286046981811524,59.96002664890073
flipped_part_005.mp4,469,0,4,0.0608883309414118,0.8202723185221354,0.6119611952039931,3,0.00754976476513,0.7283066431681315,59.96002664890073
flipped_part_005.mp4,470,0,4,0.0608820981446748,0.821752421061198,0.610599206995081,3,0.0074132738291518,0.728641128540039,59.96002664890073
flipped_part_005.mp4,471,0,4,0.0616496225399896,0.8204683939615885,0.6040265118634259,3,0.0072789727557374,0.7282423655192057,59.96002664890073
flipped_part_005.mp4,472,0,4,0.0603178656732779,0.8182448069254558,0.6041607326931424,3,0.0073014311881949,0.7285923004150391,59.96002664890073
flipped_part_005.mp4,473,0,4,0.0592831939633362,0.8148687362670899,0.6021656742802373,3,0.0069206870558102,0.7283811569213867,59.96002664890073
flipped_part_005.mp4,474,0,4,0.0607370031541385,0.8164138793945312,0.5997143780743635,4,0.0607370031541385,0.8164138793945312,59.96002664890073
flipped_part_005.mp4,475,0,4,0.0605595542837141,0.8145317713419596,0.5949833622685186,4,0.0605595542837141,0.8145317713419596,59.96002664890073
flipped_part_005.mp4,476,0,4,0.0605369230300722,0.8125466028849284,0.5934622305410879,4,0.0605369230300722,0.8125466028849284,59.96002664890073
flipped_part_005.mp4,477,0,4,0.0606405667984214,0.8116236368815104,0.5894457781756366,4,0.0606405667984214,0.8116236368815104,59.96002664890073
flipped_part_005.mp4,478,0,4,0.0607391391872905,0.8113659540812175,0.5869714807581019,4,0.0607391391872905,0.8113659540812175,59.96002664890073
flipped_part_005.mp4,479,0,4,0.0602584899443037,0.8106037139892578,0.5799987227828415,4,0.0602584899443037,0.8106037139892578,59.96002664890073
flipped_part_005.mp4,480,0,4,0.0588107372144737,0.807475725809733,0.5739132351345486,4,0.0588107372144737,0.807475725809733,59.96002664890073
flipped_part_005.mp4,481,0,4,0.0573465708429123,0.8053572336832683,0.559702894422743,4,0.0573465708429123,0.8053572336832683,59.96002664890073
flipped_part_005.mp4,482,0,4,0.0559737841587048,0.8040365854899089,0.5538178620515046,4,0.0559737841587048,0.8040365854899089,59.96002664890073
flipped_part_005.mp4,483,0,4,0.0546366456665535,0.8021068572998047,0.5431428132233797,4,0.0546366456665535,0.8021068572998047,59.96002664890073
flipped_part_005.mp4,484,0,4,0.0549452019758367,0.802975082397461,0.5338228578920717,4,0.0549452019758367,0.802975082397461,59.96002664890073
flipped_part_005.mp4,485,0,4,0.0526839807819299,0.8009590148925781,0.521976951316551,4,0.0526839807819299,0.8009590148925781,59.96002664890073
flipped_part_005.mp4,486,0,4,0.0516946219995992,0.7997823715209961,0.5167893586335359,4,0.0516946219995992,0.7997823715209961,59.96002664890073
flipped_part_005.mp4,487,0,4,0.0509609452268557,0.7987926483154297,0.509843275282118,4,0.0509609452268557,0.7987926483154297,59.96002664890073
flipped_part_005.mp4,488,0,5,0.0502570315029825,0.796653938293457,0.5000566270616319,4,0.0502570315029825,0.796653938293457,59.96002664890073
flipped_part_005.mp4,489,0,5,0.0482814958640826,0.7941858291625976,0.4933568318684896,4,0.0482814958640826,0.7941858291625976,59.96002664890073
flipped_part_005.mp4,490,0,4,0.0467513027775998,0.791848627726237,0.4832829228153935,4,0.0467513027775998,0.791848627726237,59.96002664890073
flipped_part_005.mp4,491,0,4,0.0458723093679657,0.790904426574707,0.4766160753038194,4,0.0458723093679657,0.790904426574707,59.96002664890073
flipped_part_005.mp4,492,0,4,0.0446794621566746,0.7898595809936524,0.4672792222764756,4,0.0446794621566746,0.7898595809936524,59.96002664890073
flipped_part_005.mp4,493,0,4,0.0439684366007956,0.7886891047159831,0.4551599573206018,4,0.0439684366007956,0.7886891047159831,59.96002664890073
flipped_part_005.mp4,494,0,5,0.0427313076087739,0.787161127726237,0.4453258938259549,4,0.0427313076087739,0.787161127726237,59.96002664890073
flipped_part_005.mp4,495,0,4,0.0416916645885471,0.7858496983846028,0.4387864854600694,4,0.0416916645885471,0.7858496983846028,59.96002664890073
flipped_part_005.mp4,496,0,4,0.0411938763794023,0.78489990234375,0.4304175482855902,4,0.0411938763794023,0.78489990234375,59.96002664890073
flipped_part_005.mp4,497,0,4,0.0401513730279596,0.784472910563151,0.4254837036132812,4,0.0401513730279596,0.784472910563151,59.96002664890073
flipped_part_005.mp4,498,0,4,0.039673054474988,0.784127680460612,0.4187930636935764,4,0.039673054474988,0.784127680460612,59.96002664890073
flipped_part_005.mp4,499,0,4,0.0387683437425099,0.7834308624267579,0.4120235866970486,4,0.0387683437425099,0.7834308624267579,59.96002664890073
flipped_part_005.mp4,500,0,4,0.0391351658608951,0.7824536005655924,0.4034321537724247,4,0.0391351658608951,0.7824536005655924,59.96002664890073
flipped_part_005.mp4,501,0,4,0.0373369875482037,0.7798648834228515,0.3959932115342882,4,0.0373369875482037,0.7798648834228515,59.96002664890073
flipped_part_005.mp4,502,0,5,0.0370138577245072,0.7801851272583008,0.3903938576027199,4,0.0370138577245072,0.7801851272583008,59.96002664890073
flipped_part_005.mp4,503,0,5,0.0358021397861496,0.7783077875773112,0.3831278483072917,4,0.0358021397861496,0.7783077875773112,59.96002664890073
flipped_part_005.mp4,504,0,5,0.0347653685212976,0.7778631210327148,0.375538409197772,4,0.0347653685212976,0.7778631210327148,59.96002664890073
flipped_part_005.mp4,505,0,5,0.0336330075604901,0.7766323089599609,0.3683440596969039,4,0.0336330075604901,0.7766323089599609,59.96002664890073
flipped_part_005.mp4,506,0,5,0.0329358821198305,0.7761126200358073,0.3654437594943576,4,0.0329358821198305,0.7761126200358073,59.96002664890073
flipped_part_005.mp4,507,0,5,0.032145030455819,0.7754369735717773,0.3588748508029514,4,0.032145030455819,0.7754369735717773,59.96002664890073
flipped_part_005.mp4,508,0,5,0.030911121050562,0.7740411758422852,0.3505013359917535,4,0.030911121050562,0.7740411758422852,59.96002664890073
flipped_part_005.mp4,509,0,5,0.0306578342601036,0.7731714248657227,0.3466984501591435,4,0.0306578342601036,0.7731714248657227,59.96002664890073
flipped_part_005.mp4,510,0,5,0.0299236765988947,0.7719669342041016,0.3417917887369792,4,0.0299236765988947,0.7719669342041016,59.96002664890073
flipped_part_005.mp4,511,0,5,0.0293027812242507,0.7709833780924479,0.3351931536639178,4,0.0293027812242507,0.7709833780924479,59.96002664890073
flipped_part_005.mp4,512,0,5,0.0286318689205807,0.7692430496215821,0.3271361174406829,4,0.0286318689205807,0.7692430496215821,59.96002664890073
flipped_part_005.mp4,513,0,5,0.0282271595747766,0.7685314814249674,0.3197697957356771,4,0.0282271595747766,0.7685314814249674,59.96002664890073
flipped_part_005.mp4,514,0,5,0.0281082887037579,0.7682228724161784,0.3132236056857639,4,0.0281082887037579,0.7682228724161784,59.96002664890073
flipped_part_005.mp4,515,0,5,0.0278210200251074,0.7677068710327148,0.3059303001121238,4,0.0278210200251074,0.7677068710327148,59.96002664890073
flipped_part_005.mp4,516,0,5,0.0274435169076443,0.7670475641886393,0.3027263500072338,4,0.0274435169076443,0.7670475641886393,59.96002664890073
flipped_part_005.mp4,517,0,5,0.0273919546908776,0.7664947509765625,0.2969205503110532,4,0.0273919546908776,0.7664947509765625,59.96002664890073
flipped_part_005.mp4,518,0,5,0.0278626447498552,0.8429412841796875,0.8248941492151332,4,0.0274212340393677,0.7650490442911784,59.96002664890073
flipped_part_005.mp4,519,0,5,0.0283039408188347,0.8428722381591797,0.8195907027633101,4,0.0271191046418001,0.7646048227945964,59.96002664890073
flipped_part_005.mp4,520,0,5,0.0290432155798016,0.8402429580688476,0.8110618873878762,4,0.0267943227381329,0.7645065943400066,59.96002664890073
flipped_part_005.mp4,521,0,5,0.0296935265898355,0.8367307662963868,0.8056404961480035,4,0.0262320925197262,0.7637047449747721,59.96002664890073
flipped_part_005.mp4,522,0,5,0.0297556568088799,0.8332002639770508,0.8016278867368345,4,0.0260854286451595,0.7627878824869792,59.96002664890073
flipped_part_005.mp4,523,0,6,0.0295090343538214,0.828846804300944,0.7964829621491609,5,0.0254406697477679,0.7612649917602539,59.96002664890073
flipped_part_005.mp4,524,0,5,0.0304382172186986,0.8274141947428385,0.7882476241500289,4,0.024268248161965,0.7604334513346355,59.96002664890073
flipped_part_005.mp4,525,0,6,0.0316599879315105,0.8264066696166992,0.777545166015625,5,0.0234839458531415,0.7595872243245443,59.96002664890073
flipped_part_005.mp4,526,0,5,0.0317090261901008,0.8251447677612305,0.7754156607168692,4,0.023439323065686,0.7597057342529296,59.96002664890073
flipped_part_005.mp4,527,0,5,0.0324494911358299,0.8247183481852214,0.7711148297345197,4,0.0231840614032828,0.7588902155558268,59.96002664890073
flipped_part_005.mp4,528,0,5,0.033178041706517,0.8246462504069011,0.7658121179651332,4,0.0226128675739056,0.758428955078125,59.96002664890073
flipped_part_005.mp4,529,0,5,0.0335252796880035,0.8230661392211914,0.7617520932798032,4,0.0221061911433935,0.7568082809448242,59.96002664890073
flipped_part_005.mp4,530,0,5,0.0346608999301679,0.8244810104370117,0.7579793294270833,4,0.0218405265079086,0.7562893549601237,59.96002664890073
flipped_part_005.mp4,531,0,5,0.0339337735495064,0.8186038970947266,0.7548426310221354,4,0.0213527024184845,0.7553972880045573,59.96002664890073
flipped_part_005.mp4,532,0,6,0.0364029996442453,0.8228157043457032,0.746632554796007,4,0.0209523023931413,0.7549812316894531,59.96002664890073
flipped_part_005.mp4,533,0,6,0.0363348793878685,0.8210856119791666,0.742327880859375,4,0.0207108255501988,0.7543720245361328,59.96002664890073
flipped_part_005.mp4,534,0,6,0.0383568823816151,0.8190547943115234,0.7244235568576389,4,0.020133744397317,0.7536139170328776,59.96002664890073
flipped_part_005.mp4,535,0,6,0.0445674480223614,0.9994988123575846,0.842706298828125,4,0.0197642790956888,0.7531914393107096,59.96002664890073
flipped_part_005.mp4,536,0,6,0.0513236457192235,0.9994972229003908,0.8214799669053819,4,0.0195890351157221,0.7528559366861979,59.96002664890073
flipped_part_005.mp4,537,0,6,0.0583186133901472,0.9995077133178712,0.8046979550962094,4,0.0192044260252603,0.7520626068115235,59.96002664890073
flipped_part_005.mp4,538,0,6,0.0648004735043893,0.9994694391886392,0.7886074490017361,4,0.0192333218869163,0.7515263239542643,59.96002664890073
flipped_part_005.mp4,539,0,6,0.0696114059852581,0.9997684478759764,0.77316244619864,4,0.0191087455774929,0.7508684794108073,59.96002664890073
flipped_part_005.mp4,540,1,5,0.0752858519404307,0.9990205764770508,0.7564052440502026,3,0.0192922879532367,0.7497698465983073,59.96002664890073
flipped_part_005.mp4,541,1,5,0.0803635335367612,0.9989995956420898,0.7448279486762153,3,0.0189789200715798,0.7501239776611328,59.96002664890073
flipped_part_005.mp4,542,1,5,0.0849695978494343,0.9986984252929688,0.7323663782190394,3,0.0187197921743952,0.7498682657877604,59.96002664890073
flipped_part_005.mp4,543,1,5,0.0896210142424226,0.9985954920450848,0.7172166612413194,4,0.0235322292312048,0.7937338511149089,59.96002664890073
flipped_part_005.mp4,544,1,6,0.0910884271301242,0.9994833628336588,0.704516205964265,4,0.0216970456917382,0.7902046203613281,59.96002664890073
flipped_part_005.mp4,545,1,6,0.0964727120545123,0.9993822733561198,0.694683837890625,4,0.0194814499622831,0.7783502578735352,59.96002664890073
flipped_part_005.mp4,546,1,6,0.0991439288846838,0.99928404490153,0.6880622016059028,4,0.0173516934020962,0.7726810455322266,59.96002664890073
flipped_part_005.mp4,547,1,5,0.1030066263495892,0.9994281768798828,0.6752980550130209,4,0.0171396336317411,0.7516534805297852,59.96002664890073
flipped_part_005.mp4,548,1,6,0.1053001583097675,0.9993495941162108,0.66696127432364,5,0.0169461555437818,0.7472105026245117,59.96002664890073
flipped_part_005.mp4,549,1,7,0.1099216606892878,0.9993196487426758,0.6574500189887152,6,0.0164988238212686,0.7454088846842448,59.96002664890073
flipped_part_005.mp4,550,1,5,0.1128325647426148,0.9993488947550456,0.6505085697880497,4,0.0162611942668445,0.7445915857950847,59.96002664890073
flipped_part_005.mp4,551,1,6,0.115222530501886,0.9993520736694336,0.643925193504051,5,0.015639602520904,0.7428871790568033,59.96002664890073
flipped_part_005.mp4,552,1,6,0.1183173099303126,0.9993919372558594,0.6348955507631655,5,0.0148892033981255,0.7419033050537109,59.96002664890073
flipped_part_005.mp4,553,1,5,0.1208413618808845,0.9993686676025392,0.6269734135380498,4,0.0142993528652004,0.7400537490844726,59.96002664890073
flipped_part_005.mp4,554,1,6,0.1231259281399953,0.9993278503417968,0.6189609103732638,5,0.0141653921385295,0.7395319620768229,59.96002664890073
flipped_part_005.mp4,555,1,5,0.1255517507883875,0.999346160888672,0.6110179759837963,4,0.0137694975150099,0.739111328125,59.96002664890073
flipped_part_005.mp4,556,1,6,0.127853471514148,0.9994127909342448,0.604761646412037,5,0.0131901473720072,0.7380851745605469,59.96002664890073
flipped_part_005.mp4,557,1,6,0.1295050458508733,0.9994197845458984,0.6002379805953414,5,0.0130661380547961,0.7378267288208008,59.96002664890073
flipped_part_005.mp4,558,1,6,0.1313574216178083,0.999476432800293,0.5953036838107639,6,0.1313574216178083,0.999476432800293,59.96002664890073
flipped_part_005.mp4,559,1,7,0.1340423640400533,0.9994696299235026,0.586550055609809,6,0.1340423640400533,0.9994696299235026,59.96002664890073
flipped_part_005.mp4,560,1,6,0.136753624435295,0.999478530883789,0.5804721973560475,6,0.136753624435295,0.999478530883789,59.96002664890073
flipped_part_005.mp4,561,1,6,0.1380736538975062,0.9994157791137696,0.5754236291956019,5,0.1380736538975062,0.9994157791137696,59.96002664890073
flipped_part_005.mp4,562,1,6,0.1392900607335226,0.9994474411010742,0.570843505859375,6,0.1392900607335226,0.9994474411010742,59.96002664890073
flipped_part_005.mp4,563,1,5,0.1413688579506102,0.9994556427001952,0.5654938874421296,5,0.1413688579506102,0.9994556427001952,59.96002664890073
flipped_part_005.mp4,564,1,5,0.142902981441552,0.9994982401529948,0.5596489235206886,5,0.142902981441552,0.9994982401529948,59.96002664890073
flipped_part_005.mp4,565,1,5,0.1441507378506314,0.999562644958496,0.5575681898328994,5,0.1441507378506314,0.999562644958496,59.96002664890073
flipped_part_005.mp4,566,1,5,0.1459279628426561,0.9994918823242188,0.5521391691984954,5,0.1459279628426561,0.9994918823242188,59.96002664890073
flipped_part_005.mp4,567,1,5,0.1470217066381937,0.9995909372965496,0.5516675030743634,5,0.1470217066381937,0.9995909372965496,59.96002664890073
flipped_part_005.mp4,568,1,5,0.148182538135971,0.999481455485026,0.5447197243019387,5,0.148182538135971,0.999481455485026,59.96002664890073
flipped_part_005.mp4,569,1,5,0.1497776343019925,0.9993906021118164,0.541670905219184,5,0.1497776343019925,0.9993906021118164,59.96002664890073
flipped_part_005.mp4,570,1,4,0.1505495917850445,0.999479866027832,0.5388711999963831,4,0.1505495917850445,0.999479866027832,59.96002664890073
flipped_part_005.mp4,571,1,4,0.1520150197677624,0.9994619369506836,0.5364380447952836,4,0.1520150197677624,0.9994619369506836,59.96002664890073
flipped_part_005.mp4,572,1,5,0.1544194910908118,0.9994894663492838,0.5291332103587963,5,0.1544194910908118,0.9994894663492838,59.96002664890073
flipped_part_005.mp4,573,1,5,0.1549646155944059,0.9994138717651369,0.5257006609881366,5,0.1549646155944059,0.9994138717651369,59.96002664890073
flipped_part_005.mp4,574,1,5,0.1560678862976298,0.9991289138793944,0.5233860157154224,5,0.1560678862976298,0.9991289138793944,59.96002664890073
flipped_part_005.mp4,575,1,5,0.1586560347706243,0.999225616455078,0.5122924239547164,5,0.1586560347706243,0.999225616455078,59.96002664890073
flipped_part_005.mp4,576,1,5,0.1586250201272519,0.9992136637369792,0.5127443101671006,5,0.1586250201272519,0.9992136637369792,59.96002664890073
flipped_part_005.mp4,577,1,6,0.1601561035969644,0.9989977518717448,0.5122122870551216,6,0.1601561035969644,0.9989977518717448,59.96002664890073
flipped_part_005.mp4,578,1,6,0.1603386937800139,0.999275016784668,0.508424660011574,6,0.1603386937800139,0.999275016784668,59.96002664890073
flipped_part_005.mp4,579,1,6,0.1617266200779704,0.9993043899536131,0.5063242594401042,6,0.1617266200779704,0.9993043899536131,59.96002664890073
flipped_part_005.mp4,580,1,6,0.1622521524076324,0.9994642257690428,0.5047142876519097,6,0.1622521524076324,0.9994642257690428,59.96002664890073
flipped_part_005.mp4,581,1,6,0.1624600817482375,0.9997000376383464,0.5044667561848958,6,0.1624600817482375,0.9997000376383464,59.96002664890073
flipped_part_005.mp4,582,1,8,0.1634581669238913,0.9997768402099608,0.5020710132740162,8,0.1634581669238913,0.9997768402099608,59.96002664890073
flipped_part_005.mp4,583,1,7,0.1635017041638019,0.9993959426879884,0.500290369104456,7,0.1635017041638019,0.9993959426879884,59.96002664890073
flipped_part_005.mp4,584,1,6,0.164505217974764,0.9997323989868164,0.4963184497974537,6,0.164505217974764,0.9997323989868164,59.96002664890073
flipped_part_005.mp4,585,1,7,0.1660087662030235,0.9996774673461916,0.49273681640625,7,0.1660087662030235,0.9996774673461916,59.96002664890073
flipped_part_005.mp4,586,1,7,0.166673129260997,0.9990756988525392,0.4903260407624421,7,0.166673129260997,0.9990756988525392,59.96002664890073
flipped_part_005.mp4,587,1,4,0.1628860203480279,0.9903635025024414,0.4886429398148148,4,0.1628860203480279,0.9903635025024414,59.96002664890073
flipped_part_005.mp4,588,1,5,0.1583756785731142,0.9810958862304688,0.4876490275065104,5,0.1583756785731142,0.9810958862304688,59.96002664890073
flipped_part_005.mp4,589,1,6,0.1502473439707925,0.9648983001708984,0.4864517211914062,6,0.1502473439707925,0.9648983001708984,59.96002664890073
flipped_part_005.mp4,590,1,6,0.1455381992924958,0.9545007705688476,0.4849889684606481,6,0.1455381992924958,0.9545007705688476,59.96002664890073
flipped_part_005.mp4,591,1,7,0.1400269617312652,0.9439111709594726,0.4839940388997396,7,0.1400269617312652,0.9439111709594726,59.96002664890073
flipped_part_005.mp4,592,1,5,0.1391092406685125,0.9399761199951172,0.4820174605758102,5,0.1391092406685125,0.9399761199951172,59.96002664890073
flipped_part_005.mp4,593,1,5,0.1332673361527167,0.9293235778808594,0.4816201669198495,5,0.1332673361527167,0.9293235778808594,59.96002664890073
flipped_part_005.mp4,594,1,5,0.1314581191781649,0.9252073287963868,0.4817538791232639,5,0.1314581191781649,0.9252073287963868,59.96002664890073
flipped_part_005.mp4,595,1,5,0.1282667590379909,0.9175093332926432,0.4809527926974826,5,0.1282667590379909,0.9175093332926432,59.96002664890073
flipped_part_005.mp4,596,1,5,0.1251779270822104,0.9106943130493164,0.4794305872034143,5,0.1251779270822104,0.9106943130493164,59.96002664890073
flipped_part_005.mp4,597,1,6,0.1222914646735506,0.9045217514038086,0.476563404224537,6,0.1222914646735506,0.9045217514038086,59.96002664890073
flipped_part_005.mp4,598,1,5,0.1212273354631421,0.9000564575195312,0.4737096150716146,5,0.1212273354631421,0.9000564575195312,59.96002664890073
flipped_part_005.mp4,599,1,6,0.1200830088071395,0.8965688705444336,0.4702784220377604,6,0.1200830088071395,0.8965688705444336,59.96002664890073
flipped_part_005.mp4,600,0,6,0.1182176370207395,0.891348139444987,0.4682211416739004,6,0.1182176370207395,0.891348139444987,59.96002664890073
flipped_part_005.mp4,601,0,5,0.1148611574723057,0.8839197794596354,0.4654138635706018,5,0.1148611574723057,0.8839197794596354,59.96002664890073
flipped_part_005.mp4,602,0,5,0.111817494963341,0.8803693771362304,0.45987794664171,5,0.111817494963341,0.8803693771362304,59.96002664890073
flipped_part_005.mp4,603,0,5,0.1077585006597574,0.8764291763305664,0.4454485575358073,5,0.1077585006597574,0.8764291763305664,59.96002664890073
flipped_part_005.mp4,604,0,5,0.103721147685076,0.8736677805582682,0.4307116755732783,5,0.103721147685076,0.8736677805582682,59.96002664890073
flipped_part_005.mp4,605,0,5,0.0996447942323154,0.8707569122314454,0.4104114673755787,4,0.0996447942323154,0.8707569122314454,59.96002664890073
flipped_part_005.mp4,606,0,5,0.0957764837269981,0.867144775390625,0.3970440334743924,4,0.0957764837269981,0.867144775390625,59.96002664890073
flipped_part_005.mp4,607,0,7,0.0923778055398599,0.865148417154948,0.3846118220576534,5,0.0923778055398599,0.865148417154948,59.96002664890073
flipped_part_005.mp4,608,0,6,0.090008796936154,0.8624128341674805,0.373546317771629,5,0.090008796936154,0.8624128341674805,59.96002664890073
flipped_part_005.mp4,609,0,6,0.0853464240336325,0.8564919153849284,0.3633704291449652,5,0.0853464240336325,0.8564919153849284,59.96002664890073
flipped_part_005.mp4,610,0,6,0.0832798496093371,0.8535228729248047,0.3543824655038339,5,0.0832798496093371,0.8535228729248047,59.96002664890073
flipped_part_005.mp4,611,0,5,0.0816046595088361,0.8539113998413086,0.3423213252314814,4,0.0816046595088361,0.8539113998413086,59.96002664890073
flipped_part_005.mp4,612,0,5,0.0817654892833606,0.8540224075317383,0.3420522901746962,4,0.0817654892833606,0.8540224075317383,59.96002664890073
flipped_part_005.mp4,613,0,5,0.0802190208939525,0.8525469462076823,0.3314804077148437,4,0.0802190208939525,0.8525469462076823,59.96002664890073
flipped_part_005.mp4,614,0,5,0.0778575189710439,0.8502906799316406,0.3183312310112847,4,0.0778575189710439,0.8502906799316406,59.96002664890073
flipped_part_005.mp4,615,0,5,0.0747187492793859,0.8480840682983398,0.3065973069932726,4,0.0747187492793859,0.8480840682983398,59.96002664890073
flipped_part_005.mp4,616,0,5,0.0716791696290602,0.8416719436645508,0.2962960137261284,4,0.0716791696290602,0.8416719436645508,59.96002664890073
flipped_part_005.mp4,617,0,6,0.0687617731426144,0.8394823710123698,0.2861993577745225,5,0.0687617731426144,0.8394823710123698,59.96002664890073
flipped_part_005.mp4,618,0,7,0.0672971663264616,0.8378772735595703,0.2771793789333767,6,0.0672971663264616,0.8378772735595703,59.96002664890073
flipped_part_005.mp4,619,0,5,0.0651084205494847,0.8355263392130534,0.2693604928475839,4,0.0651084205494847,0.8355263392130534,59.96002664890073
flipped_part_005.mp4,620,0,6,0.0620077245747745,0.8296977996826171,0.2565672980414497,5,0.0620077245747745,0.8296977996826171,59.96002664890073
flipped_part_005.mp4,621,0,6,0.0607930694997776,0.8281167984008789,0.2500179714626736,5,0.0607930694997776,0.8281167984008789,59.96002664890073
flipped_part_005.mp4,622,0,5,0.0580845363796106,0.825718879699707,0.2396576775444878,4,0.0580845363796106,0.825718879699707,59.96002664890073
flipped_part_005.mp4,623,0,6,0.0569410322632002,0.8259688059488932,0.2308069864908854,5,0.0569410322632002,0.8259688059488932,59.96002664890073
flipped_part_005.mp4,624,0,7,0.0551917871042085,0.8231632232666015,0.2231116400824652,6,0.0551917871042085,0.8231632232666015,59.96002664890073
flipped_part_005.mp4,625,0,6,0.0533188690080553,0.8206777572631836,0.2158109876844618,5,0.0533188690080553,0.8206777572631836,59.96002664890073
flipped_part_005.mp4,626,0,5,0.0519653081692781,0.8194198608398438,0.2063241746690538,4,0.0519653081692781,0.8194198608398438,59.96002664890073
flipped_part_005.mp4,627,0,3,0.0513655049206109,0.8178091684977213,0.1979626973470052,2,0.0513655049206109,0.8178091684977213,59.96002664890073
flipped_part_005.mp4,628,0,5,0.0497134980226918,0.8148931503295899,0.1925582885742187,4,0.0497134980226918,0.8148931503295899,59.96002664890073
flipped_part_005.mp4,629,0,5,0.0488917904624314,0.8130381266276042,0.1839749654134114,4,0.0488917904624314,0.8130381266276042,59.96002664890073
flipped_part_005.mp4,630,0,5,0.0475557781346314,0.8112443923950196,0.1796502007378472,4,0.0475557781346314,0.8112443923950196,59.96002664890073
flipped_part_005.mp4,631,0,4,0.0467375058219962,0.8098833084106445,0.1741076999240451,3,0.0467375058219962,0.8098833084106445,59.96002664890073
flipped_part_005.mp4,632,0,5,0.0458717258949764,0.806577491760254,0.1675743950737847,4,0.0458717258949764,0.806577491760254,59.96002664890073
flipped_part_005.mp4,633,0,5,0.0452666746099647,0.8055868784586588,0.1629459522388599,4,0.0452666746099647,0.8055868784586588,59.96002664890073
flipped_part_005.mp4,634,0,5,0.0443087353804946,0.8051715850830078,0.1592941284179687,4,0.0443087353804946,0.8051715850830078,59.96002664890073
flipped_part_005.mp4,635,0,5,0.0437054483020781,0.8035871505737304,0.1547861735026041,4,0.0437054483020781,0.8035871505737304,59.96002664890073
flipped_part_005.mp4,636,0,5,0.0434792653765288,0.8015651702880859,0.1533179389105902,4,0.0434792653765288,0.8015651702880859,59.96002664890073
flipped_part_005.mp4,637,0,4,0.0429524502361514,0.8000326156616211,0.1484474182128906,3,0.0429524502361514,0.8000326156616211,59.96002664890073
flipped_part_005.mp4,638,0,5,0.0417228450698571,0.7980369567871094,0.1387610541449652,4,0.0417228450698571,0.7980369567871094,59.96002664890073
flipped_part_005.mp4,639,0,4,0.0410624817578139,0.796957270304362,0.1293844152379919,3,0.0410624817578139,0.796957270304362,59.96002664890073
flipped_part_005.mp4,640,0,4,0.0394475867933511,0.7948753992716472,0.1211175706651475,3,0.0394475867933511,0.7948753992716472,59.96002664890073
flipped_part_005.mp4,641,0,6,0.0390772385013082,0.8435093561808268,0.7507921006944445,5,0.0358564153727611,0.7924891153971354,59.96002664890073
flipped_part_005.mp4,642,0,4,0.0406617660586575,0.8468712488810222,0.7466291074399595,3,0.0348302058130502,0.7907068888346355,59.96002664890073
flipped_part_005.mp4,643,0,5,0.0429559116116811,0.8516046524047851,0.7404004132306135,4,0.0347702904455137,0.7897989273071289,59.96002664890073
flipped_part_005.mp4,644,0,5,0.0439577892227788,0.8524899164835612,0.7369130452473959,4,0.0353583562994026,0.7891464233398438,59.96002664890073
flipped_part_005.mp4,645,0,5,0.0445680321567191,0.8523218790690105,0.7331584789134838,4,0.0323146745774688,0.7869572321573893,59.96002664890073
flipped_part_005.mp4,646,0,4,0.0454549672963373,0.851436996459961,0.7263323748553241,3,0.0308997437738192,0.7841293970743816,59.96002664890073
flipped_part_005.mp4,647,0,4,0.0452722871362412,0.8482994715372721,0.7230872260199652,3,0.0304335703762545,0.7838529586791992,59.96002664890073
flipped_part_005.mp4,648,0,5,0.0453455379265748,0.8464813232421875,0.7188369185836226,4,0.0301338005823372,0.7818697611490886,59.96002664890073
flipped_part_005.mp4,649,0,4,0.0461731193728822,0.8471373240152995,0.7152733696831597,3,0.028894165810564,0.7809743881225586,59.96002664890073
flipped_part_005.mp4,650,0,4,0.0465893313022226,0.8464839935302735,0.7129021538628473,3,0.0280277032751527,0.7787910461425781,59.96002664890073
flipped_part_005.mp4,651,0,3,0.0476184573587904,0.8462076822916667,0.7076370804398148,2,0.0273100650995157,0.7770638147989909,59.96002664890073
flipped_part_005.mp4,652,0,3,0.0471760570536652,0.8425407409667969,0.704231940375434,2,0.0281227523592005,0.7779488245646159,59.96002664890073
flipped_part_005.mp4,653,0,3,0.0474555295877507,0.8417678833007812,0.7005733348705151,2,0.0271791878434143,0.7768616358439128,59.96002664890073
flipped_part_005.mp4,654,0,3,0.0474396172674325,0.8391373316446941,0.6962236757631655,2,0.0264929520581629,0.77593994140625,59.96002664890073
flipped_part_005.mp4,655,0,3,0.0482421450444962,0.8391952514648438,0.6925465901692708,2,0.0258924677242854,0.7750637054443359,59.96002664890073
flipped_part_005.mp4,656,0,3,0.048170404605852,0.8372140884399414,0.6898457845052083,2,0.0251117504816567,0.7734674453735352,59.96002664890073
flipped_part_005.mp4,657,0,4,0.0481783814596969,0.836193339029948,0.6864681667751736,3,0.0248606706998651,0.7729729334513347,59.96002664890073
flipped_part_005.mp4,658,0,4,0.0478184479043314,0.8332639694213867,0.6825725979275173,3,0.0251025817632466,0.7725688934326171,59.96002664890073
flipped_part_005.mp4,659,0,4,0.0480403462821333,0.8313150405883789,0.6778086344401042,3,0.0248743895266562,0.7718730290730794,59.96002664890073
flipped_part_005.mp4,660,0,3,0.0484053021262365,0.8302660624186198,0.6735655608000579,2,0.024495873727351,0.7710016250610352,59.96002664890073
flipped_part_005.mp4,661,0,5,0.0480223424121181,0.8271537780761719,0.6706584223994503,4,0.0235579089538616,0.7697365442911784,59.96002664890073
flipped_part_005.mp4,662,0,4,0.0478776041489456,0.8254110972086589,0.6680716055410879,3,0.0227574083599442,0.7672934214274089,59.96002664890073
flipped_part_005.mp4,663,0,6,0.0481893835423721,0.8237777709960937,0.6627648812753183,4,0.0222768700654247,0.7666254679361979,59.96002664890073
flipped_part_005.mp4,664,0,5,0.0475512243926318,0.821497917175293,0.6624810112847223,4,0.0222693634332757,0.7657705307006836,59.96002664890073
flipped_part_005.mp4,665,0,3,0.0480989846740102,0.8220005035400391,0.6605642813223379,2,0.0219532719782243,0.7648296356201172,59.96002664890073
flipped_part_005.mp4,666,0,5,0.0484969628132077,0.8211919784545898,0.653642103407118,3,0.0217256523244496,0.7641300837198893,59.96002664890073
flipped_part_005.mp4,667,0,6,0.0487775167156036,0.8207077026367188,0.652261804651331,4,0.0209772637670243,0.763460350036621,59.96002664890073
flipped_part_005.mp4,668,0,8,0.0491324221123553,0.8192859649658203,0.6458731757269965,6,0.0202010147615348,0.7609244028727213,59.96002664890073
flipped_part_005.mp4,669,0,6,0.0486536993213029,0.815899149576823,0.6412397031430845,4,0.0198754395112894,0.7593066533406575,59.96002664890073
flipped_part_005.mp4,670,0,4,0.0483866868533099,0.8133481979370117,0.6368605437102142,2,0.0191372463235866,0.7583209991455078,59.96002664890073
flipped_part_005.mp4,671,0,4,0.048436048735942,0.813762919108073,0.6381135728624132,2,0.0191532442964294,0.7579521814982096,59.96002664890073
flipped_part_005.mp4,672,0,3,0.0486470496647396,0.8137603759765625,0.6342288547092014,2,0.018479580515365,0.7574255625406902,59.96002664890073
flipped_part_005.mp4,673,0,3,0.0494077045843005,0.8128547668457031,0.6261508517795139,2,0.0183917120863815,0.7568885167439778,59.96002664890073
flipped_part_005.mp4,674,0,3,0.0490359017692066,0.8100690841674805,0.623520349573206,2,0.0181213462503445,0.7564964930216471,59.96002664890073
flipped_part_005.mp4,675,0,4,0.0481153086601342,0.8088095347086589,0.6202259205005787,3,0.0179292911289613,0.7560109456380208,59.96002664890073
flipped_part_005.mp4,676,0,3,0.0481492818018887,0.8079067230224609,0.6173238118489583,2,0.0177126032437728,0.7548040390014649,59.96002664890073
flipped_part_005.mp4,677,0,4,0.0472195017217503,0.8065471649169922,0.6065347177010996,2,0.0172065380804188,0.7543865203857422,59.96002664890073
flipped_part_005.mp4,678,0,5,0.0466261190516201,0.8059210459391276,0.5970046997070313,4,0.0466261190516201,0.8059210459391276,59.96002664890073
flipped_part_005.mp4,679,0,4,0.0442152641470871,0.8029623667399088,0.5881072998046875,3,0.0442152641470871,0.8029623667399088,59.96002664890073
flipped_part_005.mp4,680,0,4,0.0435467262501091,0.8024145762125651,0.5784164428710937,3,0.0435467262501091,0.8024145762125651,59.96002664890073
flipped_part_005.mp4,681,0,4,0.0430231263116002,0.8023293177286784,0.5719540066189236,3,0.0430231263116002,0.8023293177286784,59.96002664890073
flipped_part_005.mp4,682,0,4,0.0422126011743266,0.8009700775146484,0.5576249299225984,3,0.0422126011743266,0.8009700775146484,59.96002664890073
flipped_part_005.mp4,683,0,5,0.0422253095187867,0.8002191543579101,0.54647216796875,4,0.0422253095187867,0.8002191543579101,59.96002664890073
flipped_part_005.mp4,684,0,4,0.0420536997510741,0.7994037628173828,0.5355109320746527,3,0.0420536997510741,0.7994037628173828,59.96002664890073
flipped_part_005.mp4,685,0,4,0.0412908229106687,0.798826789855957,0.5323431509512442,3,0.0412908229106687,0.798826789855957,59.96002664890073
flipped_part_005.mp4,686,0,4,0.0404545802632734,0.7978347142537435,0.5226877848307292,3,0.0404545802632734,0.7978347142537435,59.96002664890073
flipped_part_005.mp4,687,0,4,0.0399922806849159,0.7973154703776042,0.5189764517324942,3,0.0399922806849159,0.7973154703776042,59.96002664890073
flipped_part_005.mp4,688,0,4,0.0382218878090174,0.7952536265055339,0.5088241012008102,3,0.0382218878090174,0.7952536265055339,59.96002664890073
flipped_part_005.mp4,689,0,8,0.0372418216459401,0.7937354405721029,0.4990752608687789,7,0.0372418216459401,0.7937354405721029,59.96002664890073
flipped_part_005.mp4,690,0,4,0.0362871792507616,0.7917315165201823,0.4923497517903646,3,0.0362871792507616,0.7917315165201823,59.96002664890073
flipped_part_005.mp4,691,0,5,0.0360031824706432,0.7898427963256835,0.4848588731553819,4,0.0360031824706432,0.7898427963256835,59.96002664890073
flipped_part_005.mp4,692,0,4,0.0347340713868228,0.7884328842163086,0.4732377794053819,3,0.0347340713868228,0.7884328842163086,59.96002664890073
flipped_part_005.mp4,693,0,7,0.0349933967723821,0.787800407409668,0.4660879629629629,6,0.0349933967723821,0.787800407409668,59.96002664890073
flipped_part_005.mp4,694,0,5,0.0343065873998394,0.786520258585612,0.4594114515516493,4,0.0343065873998394,0.786520258585612,59.96002664890073
flipped_part_005.mp4,695,0,4,0.033232074696161,0.7843015670776368,0.4561265168366609,3,0.033232074696161,0.7843015670776368,59.96002664890073
flipped_part_005.mp4,696,0,5,0.0324606945658969,0.7838626861572265,0.4489073011610243,4,0.0324606945658969,0.7838626861572265,59.96002664890073
flipped_part_005.mp4,697,0,4,0.0320559212822398,0.7831647872924805,0.4425014919704861,3,0.0320559212822398,0.7831647872924805,59.96002664890073
flipped_part_005.mp4,698,0,4,0.031735918301468,0.7829544703165691,0.4322343614366319,3,0.031735918301468,0.7829544703165691,59.96002664890073
flipped_part_005.mp4,699,0,5,0.0314762326800781,0.7833353678385416,0.4235470241970486,4,0.0314762326800781,0.7833353678385416,59.96002664890073
flipped_part_005.mp4,700,0,4,0.0310676519907752,0.7821140289306641,0.420855712890625,3,0.0310676519907752,0.7821140289306641,59.96002664890073
flipped_part_005.mp4,701,0,5,0.0308176501361109,0.7820089975992839,0.4115019056532118,4,0.0308176501361109,0.7820089975992839,59.96002664890073
flipped_part_005.mp4,702,0,6,0.0305996038648299,0.7811232248942057,0.4046593560112847,4,0.0305996038648299,0.7811232248942057,59.96002664890073
flipped_part_005.mp4,703,0,6,0.029747405743304,0.779917589823405,0.3972388373480903,4,0.029747405743304,0.779917589823405,59.96002664890073
flipped_part_005.mp4,704,0,5,0.0300435145548976,0.7790388743082682,0.393873370135272,3,0.0300435145548976,0.7790388743082682,59.96002664890073
flipped_part_005.mp4,705,0,5,0.0287422072365384,0.7775396982828776,0.38993490713614,3,0.0287422072365384,0.7775396982828776,59.96002664890073
flipped_part_005.mp4,706,0,5,0.0288899769401177,0.7772219340006511,0.3828620062934028,3,0.0288899769401177,0.7772219340006511,59.96002664890073
flipped_part_005.mp4,707,0,5,0.0284431117792674,0.7762004852294921,0.377571388527199,3,0.0284431117792674,0.7762004852294921,59.96002664890073
flipped_part_005.mp4,708,0,5,0.0283943837245007,0.7754250208536784,0.3691221449110243,3,0.0283943837245007,0.7754250208536784,59.96002664890073
flipped_part_005.mp4,709,0,5,0.0274054550193861,0.7752069473266602,0.3644184818974247,3,0.0274054550193861,0.7752069473266602,59.96002664890073
flipped_part_005.mp4,710,0,5,0.0276145974884275,0.7746836344401041,0.35557861328125,3,0.0276145974884275,0.7746836344401041,59.96002664890073
flipped_part_005.mp4,711,0,6,0.0272842512599891,0.7741926193237305,0.3516404893663194,4,0.0272842512599891,0.7741926193237305,59.96002664890073
flipped_part_005.mp4,712,0,5,0.0265404079804688,0.7733322143554687,0.3467623675311053,3,0.0265404079804688,0.7733322143554687,59.96002664890073
flipped_part_005.mp4,713,0,6,0.02609647289299,0.7717922846476237,0.3430149219654224,4,0.02609647289299,0.7717922846476237,59.96002664890073
flipped_part_005.mp4,714,0,5,0.0258147617271148,0.7710896174112956,0.3358375266746238,3,0.0258147617271148,0.7710896174112956,59.96002664890073
flipped_part_005.mp4,715,0,5,0.0253702378441596,0.7709392547607422,0.3315748426649305,3,0.0253702378441596,0.7709392547607422,59.96002664890073
flipped_part_005.mp4,716,0,7,0.0254376266551359,0.7710414886474609,0.3262291802300347,5,0.0254376266551359,0.7710414886474609,59.96002664890073
flipped_part_005.mp4,717,0,6,0.0254128869614538,0.7709131240844727,0.3240293714735243,4,0.0254128869614538,0.7709131240844727,59.96002664890073
flipped_part_005.mp4,718,0,6,0.0245788968417953,0.7699747721354167,0.3193949946650752,4,0.0245788968417953,0.7699747721354167,59.96002664890073
flipped_part_005.mp4,719,0,5,0.024084155525844,0.7695305506388347,0.315171644422743,3,0.024084155525844,0.7695305506388347,59.96002664890073
flipped_part_005.mp4,720,0,7,0.0335524220183889,0.8489521026611329,0.7809854578088831,4,0.0233840724481068,0.7680168787638346,59.96002664890073
flipped_part_005.mp4,721,0,6,0.0229655200289885,0.7671000798543294,0.3037853664822049,4,0.0229655200289885,0.7671000798543294,59.96002664890073
flipped_part_005.mp4,722,0,5,0.0233073100188954,0.7676876703898112,0.3003706755461516,3,0.0233073100188954,0.7676876703898112,59.96002664890073
flipped_part_005.mp4,723,0,5,0.0230921368792158,0.7669113159179688,0.2989856861255787,3,0.0230921368792158,0.7669113159179688,59.96002664890073
flipped_part_005.mp4,724,0,5,0.0235727397240784,0.8453810373942058,0.8254040188259548,3,0.0221110213076462,0.7643951416015625,59.96002664890073
flipped_part_005.mp4,725,0,5,0.0235207264440962,0.8427055994669597,0.822892591688368,3,0.0217851057616644,0.7638250350952148,59.96002664890073
flipped_part_005.mp4,726,0,5,0.0241206704214629,0.8442609786987305,0.820851304796007,4,0.0216968815187768,0.7656674067179362,59.96002664890073
flipped_part_005.mp4,727,0,5,0.025636342842323,0.846592903137207,0.813900304723669,4,0.0216825299521183,0.7632203420003255,59.96002664890073
flipped_part_005.mp4,728,0,6,0.027560272579948,0.8492525100708008,0.8051225450303819,5,0.021791909863629,0.7634084701538086,59.96002664890073
flipped_part_005.mp4,729,0,5,0.0279418267853907,0.8486290613810221,0.8017570778175637,4,0.0216893835777429,0.7623812357584635,59.96002664890073
flipped_part_005.mp4,730,0,5,0.0291786624101115,0.8502237955729167,0.7977469550238715,4,0.0208545590673262,0.7611195882161458,59.96002664890073
flipped_part_005.mp4,731,0,6,0.0295901963079813,0.8499265670776367,0.7947565149377893,5,0.0208726599021853,0.7615480422973633,59.96002664890073
flipped_part_005.mp4,732,0,6,0.0294251423328935,0.8457235336303711,0.7904499760380498,5,0.020593222656354,0.7603277206420899,59.96002664890073
flipped_part_005.mp4,733,0,6,0.0303275863989364,0.8443029403686524,0.7827127527307581,5,0.0208857064994259,0.7602922439575195,59.96002664890073
flipped_part_005.mp4,734,0,7,0.0319642713219164,0.848106575012207,0.7768598203305845,6,0.0201913367124255,0.7596011479695638,59.96002664890073
flipped_part_005.mp4,735,0,7,0.0314087027609836,0.8435745239257812,0.7746126528139468,6,0.0201595166702948,0.7593280792236328,59.96002664890073
flipped_part_005.mp4,736,0,6,0.0329563293903261,0.8469444274902344,0.7716319896556713,5,0.019686150412599,0.7591341654459636,59.96002664890073
flipped_part_005.mp4,737,0,5,0.0336677781828782,0.8483942031860352,0.7682779947916667,4,0.0191117148283282,0.7572154998779297,59.96002664890073
flipped_part_005.mp4,738,0,5,0.0350661508791597,0.8465406417846679,0.7587595056604456,4,0.0194125938807458,0.7571598688761393,59.96002664890073
flipped_part_005.mp4,739,0,6,0.0345264044747023,0.8455055236816407,0.7593844378436053,5,0.0192316138195262,0.7568532943725585,59.96002664890073
flipped_part_005.mp4,740,0,6,0.036403560248307,0.8489748001098633,0.7527384440104167,5,0.0194063830892102,0.7569437662760417,59.96002664890073
flipped_part_005.mp4,741,0,6,0.0370487755030303,0.8500476837158203,0.7532751577871817,5,0.0190904200134941,0.756450335184733,59.96002664890073
flipped_part_005.mp4,742,0,5,0.0352960971835677,0.8410435358683268,0.7495842262550637,4,0.0182865360577125,0.7562105814615886,59.96002664890073
flipped_part_005.mp4,743,0,5,0.0373842298444489,0.8494720458984375,0.7479576958550347,4,0.0183794529677834,0.756048838297526,59.96002664890073
flipped_part_005.mp4,744,0,5,0.0378902458178991,0.8475040435791016,0.7422135529694733,4,0.0185552266228478,0.7555791854858398,59.96002664890073
flipped_part_005.mp4,745,0,5,0.0392222237323962,0.8481281280517579,0.7366967095269097,4,0.0185311469133012,0.7541788736979167,59.96002664890073
flipped_part_005.mp4,746,0,5,0.0394775297246976,0.8486722946166992,0.7364488389756945,4,0.0183392736785269,0.7537187576293946,59.96002664890073
flipped_part_005.mp4,747,0,6,0.0399889508361445,0.847964096069336,0.7322826244212963,5,0.0177059528424352,0.7528586069742839,59.96002664890073
flipped_part_005.mp4,748,0,5,0.0399457392584493,0.8463167190551758,0.730765618218316,4,0.0172204225938508,0.7521211624145507,59.96002664890073
flipped_part_005.mp4,749,0,5,0.0404793482726974,0.845195452372233,0.7254760177047165,4,0.0169790075128225,0.7518040974934895,59.96002664890073
flipped_part_005.mp4,750,0,5,0.0415918986142949,0.8465916315714518,0.7223548041449652,4,0.0168268587985464,0.751318613688151,59.96002664890073
flipped_part_005.mp4,751,0,6,0.0429211563085253,0.8481930414835612,0.7166876333731192,4,0.017110721974362,0.7513902028401692,59.96002664890073
flipped_part_005.mp4,752,0,6,0.0455692422070488,0.850201670328776,0.7036417643229167,5,0.0170143069111078,0.7504304885864258,59.96002664890073
flipped_part_005.mp4,753,0,5,0.0443342538725119,0.8517202377319336,0.7131086561414931,4,0.0165169402105729,0.74940185546875,59.96002664890073
flipped_part_005.mp4,754,0,7,0.0451654116438456,0.8531744639078777,0.7140501234266493,5,0.0167029274729429,0.7494836807250976,59.96002664890073
flipped_part_005.mp4,755,0,6,0.0466855863226221,0.8530632019042969,0.7072678742585359,5,0.0165987339665621,0.7488930384318034,59.96002664890073
flipped_part_005.mp4,756,0,6,0.0466588277398194,0.851498794555664,0.7030047946506076,4,0.0166751276649948,0.7483837763468425,59.96002664890073
flipped_part_005.mp4,757,0,5,0.0465817618770179,0.8511497497558593,0.7054246690538194,4,0.0161256033089658,0.7481538772583007,59.96002664890073
flipped_part_005.mp4,758,0,6,0.0474933167901407,0.8506802241007487,0.6976416693793402,4,0.0160879614550396,0.7476399103800456,59.96002664890073
flipped_part_005.mp4,759,0,6,0.0491677704164693,0.8496883392333985,0.684568108452691,4,0.0155394553143479,0.7470048904418946,59.96002664890073
flipped_part_005.mp4,760,0,6,0.0483200190890972,0.8485687891642253,0.6863628811306424,4,0.0155349472390392,0.7468527475992839,59.96002664890073
flipped_part_005.mp4,761,0,6,0.0471749434880567,0.8475921630859375,0.6916718659577547,4,0.0156552701373297,0.7462249755859375,59.96002664890073
flipped_part_005.mp4,762,0,6,0.0477182122342716,0.8472543716430664,0.6870441578052662,3,0.01564721548227,0.7441269556681315,59.96002664890073
flipped_part_005.mp4,763,0,7,0.0488442173638319,0.8476715723673502,0.6798523514359086,4,0.0155122099331735,0.7447712580362956,59.96002664890073
flipped_part_005.mp4,764,0,6,0.0479464742350305,0.8429285049438476,0.6731912683557582,4,0.0150785317149711,0.7441441218058268,59.96002664890073
flipped_part_005.mp4,765,0,5,0.0488265874393982,0.8425619761149089,0.6730474401403357,3,0.0145043014583212,0.7431163787841797,59.96002664890073
flipped_part_005.mp4,766,0,5,0.0480066654342226,0.8387588500976563,0.6691991735387731,3,0.0145066884257018,0.7436140060424805,59.96002664890073
flipped_part_005.mp4,767,0,5,0.0482646041275914,0.8388970057169597,0.6706621523256655,3,0.014324010362799,0.742733383178711,59.96002664890073
flipped_part_005.mp4,768,0,5,0.0473107687940779,0.8367475509643555,0.6728116070782697,3,0.0140354994948763,0.7396647135416666,59.96002664890073
flipped_part_005.mp4,769,0,6,0.045914125966072,0.8323331832885742,0.6702517474139178,4,0.0142924303023998,0.7432749430338542,59.96002664890073
flipped_part_005.mp4,770,0,5,0.0465873755492308,0.8337422053019206,0.6675779554578993,3,0.0141539882199733,0.7400522232055664,59.96002664890073
flipped_part_005.mp4,771,0,6,0.0468112350885977,0.8331207275390625,0.6638528329354746,4,0.0120740000226133,0.7416929880777995,59.96002664890073
flipped_part_005.mp4,772,0,6,0.0467625452146684,0.8319198608398437,0.6613904034649885,3,0.0129701416635523,0.7366842905680339,59.96002664890073
flipped_part_005.mp4,773,0,6,0.047429284292437,0.8339462916056315,0.6612826877170139,3,0.0133922031970858,0.7384239196777344,59.96002664890073
flipped_part_005.mp4,774,0,6,0.0472841320041549,0.8331907908121745,0.6593314276801215,3,0.0134271282948935,0.7386281967163086,59.96002664890073
flipped_part_005.mp4,775,0,5,0.0472343377271317,0.831561279296875,0.6575190226236979,3,0.0136525718688197,0.7392583847045898,59.96002664890073
flipped_part_005.mp4,776,0,5,0.0482416675335951,0.8315563201904297,0.6569962678132234,3,0.0136757630270181,0.740424919128418,59.96002664890073
flipped_part_005.mp4,777,0,5,0.0468310418215373,0.8272322336832683,0.6554745144314236,3,0.0132194728814917,0.7395322799682618,59.96002664890073
flipped_part_005.mp4,778,0,5,0.0480724521726369,0.8296108881632487,0.6527275933159722,3,0.0130577994117162,0.7393882751464844,59.96002664890073
flipped_part_005.mp4,779,0,5,0.0476163565755188,0.8273290634155274,0.649533928765191,3,0.0128157221852086,0.738684336344401,59.96002664890073
flipped_part_005.mp4,780,0,5,0.0492878924476925,0.8279329935709635,0.6426476937753183,3,0.0126629749774777,0.738618278503418,59.96002664890073
flipped_part_005.mp4,781,0,5,0.0505034966359955,0.8287336985270183,0.6414982548466435,3,0.0125162069717448,0.7380611419677734,59.96002664890073
flipped_part_005.mp4,782,0,5,0.05014799660615,0.8276447296142578,0.6398554484049479,3,0.0123615922662734,0.7365898768107096,59.96002664890073
flipped_part_005.mp4,783,0,5,0.0470953136483095,0.8203106562296549,0.6394484343352141,3,0.0126235115354777,0.7370144526163737,59.96002664890073
flipped_part_005.mp4,784,0,5,0.0454068293169796,0.8154237747192383,0.6369217484085649,3,0.0124028241051429,0.7367341995239258,59.96002664890073
flipped_part_005.mp4,785,0,5,0.0479839518690844,0.8206537246704102,0.6354521574797454,3,0.012222002869142,0.7354716618855794,59.96002664890073
flipped_part_005.mp4,786,0,5,0.0464113403382038,0.8166035334269206,0.6327922114619502,3,0.0118774745839376,0.7346430460611979,59.96002664890073
flipped_part_005.mp4,787,0,5,0.0467818114268205,0.8174675623575847,0.6316565619574652,3,0.0116748740831907,0.7348042170206706,59.96002664890073
flipped_part_005.mp4,788,0,6,0.0468227265626235,0.8156585693359375,0.6253488611291956,3,0.0114210294243336,0.733616828918457,59.96002664890073
flipped_part_005.mp4,789,0,5,0.0470828786384771,0.8144079208374023,0.6220767550998264,3,0.0111702867547218,0.7326059341430664,59.96002664890073
flipped_part_005.mp4,790,0,5,0.0478744974140513,0.8163257598876953,0.6205668696650752,3,0.0114591135979104,0.7334605534871419,59.96002664890073
flipped_part_005.mp4,791,0,6,0.0480974664115152,0.8160593032836914,0.6192985817238137,3,0.0112183585116225,0.7330923080444336,59.96002664890073
flipped_part_005.mp4,792,0,7,0.0457914663037108,0.8100498835245769,0.615639411078559,3,0.0110539701699734,0.7322954813639323,59.96002664890073
flipped_part_005.mp4,793,0,7,0.0438986530166046,0.8057301203409831,0.6132438942238136,3,0.0108226742054965,0.7319456736246744,59.96002664890073
flipped_part_005.mp4,794,0,6,0.0439352218071818,0.8063869476318359,0.6092488041630497,3,0.0108943209131905,0.7319265365600586,59.96002664890073
flipped_part_005.mp4,795,0,6,0.0440298422782776,0.8064953486124674,0.6067374900535301,3,0.010752978445574,0.7310949325561523,59.96002664890073
flipped_part_005.mp4,796,0,7,0.0436996623414876,0.8064310073852539,0.6052654125072338,3,0.0106700003718099,0.7313467661539713,59.96002664890073
flipped_part_005.mp4,797,0,5,0.0438240937276363,0.8067793528238932,0.6024701718930845,3,0.0104467782444165,0.7297333399454753,59.96002664890073
flipped_part_005.mp4,798,0,5,0.0431606278679316,0.805360221862793,0.6010161788375289,3,0.0098602829225516,0.7279754638671875,59.96002664890073
flipped_part_005.mp4,799,0,5,0.0403408216940308,0.8037322998046875,0.5800844545717593,4,0.0403408216940308,0.8037322998046875,59.96002664890073
flipped_part_005.mp4,800,0,5,0.0409688395245595,0.8039862314860026,0.5799802992078993,4,0.0409688395245595,0.8039862314860026,59.96002664890073
flipped_part_005.mp4,801,0,5,0.0399570162952618,0.8020596186319987,0.5714809841579861,4,0.0399570162952618,0.8020596186319987,59.96002664890073
flipped_part_005.mp4,802,0,5,0.0402574612934323,0.8026105880737304,0.566850111219618,4,0.0402574612934323,0.8026105880737304,59.96002664890073
flipped_part_005.mp4,803,0,5,0.0390912331801438,0.8024042129516602,0.5537592569986979,4,0.0390912331801438,0.8024042129516602,59.96002664890073
flipped_part_005.mp4,804,0,5,0.0381265457500962,0.7996255874633789,0.5476638793945312,4,0.0381265457500962,0.7996255874633789,59.96002664890073
flipped_part_005.mp4,805,0,5,0.0379417125888479,0.7991363525390625,0.540055677625868,4,0.0379417125888479,0.7991363525390625,59.96002664890073
flipped_part_005.mp4,806,0,5,0.035954452036466,0.7940483093261719,0.5349932635271991,4,0.035954452036466,0.7940483093261719,59.96002664890073
flipped_part_005.mp4,807,0,6,0.0370754497794593,0.7961341857910156,0.5358340228045428,5,0.0370754497794593,0.7961341857910156,59.96002664890073
flipped_part_005.mp4,808,0,5,0.0363411132003723,0.795447031656901,0.5283404314959491,4,0.0363411132003723,0.795447031656901,59.96002664890073
flipped_part_005.mp4,809,0,5,0.0352455868262849,0.7932981491088867,0.5186407583731192,4,0.0352455868262849,0.7932981491088867,59.96002664890073
flipped_part_005.mp4,810,0,6,0.0351465970201146,0.7931207656860352,0.5163865266022859,4,0.0351465970201146,0.7931207656860352,59.96002664890073
flipped_part_005.mp4,811,0,6,0.0335495601280989,0.7914028167724609,0.5084641633210358,4,0.0335495601280989,0.7914028167724609,59.96002664890073
flipped_part_005.mp4,812,0,5,0.032950767007984,0.7894772211710612,0.509211504900897,4,0.032950767007984,0.7894772211710612,59.96002664890073
flipped_part_005.mp4,813,0,5,0.0327491705814652,0.7886793136596679,0.5028432210286459,4,0.0327491705814652,0.7886793136596679,59.96002664890073
flipped_part_005.mp4,814,0,5,0.0320621906767418,0.7883441925048829,0.4890121459960937,4,0.0320621906767418,0.7883441925048829,59.96002664890073
flipped_part_005.mp4,815,0,5,0.0308678794651145,0.7891675949096679,0.4846533881293403,4,0.0308678794651145,0.7891675949096679,59.96002664890073
flipped_part_005.mp4,816,0,5,0.030684943105314,0.7877751032511393,0.4797105012116608,4,0.030684943105314,0.7877751032511393,59.96002664890073
flipped_part_005.mp4,817,0,5,0.0304610832065076,0.7873468399047852,0.4751464278609664,4,0.0304610832065076,0.7873468399047852,59.96002664890073
flipped_part_005.mp4,818,0,5,0.0300087720040594,0.7843767166137695,0.4750033343279803,4,0.0300087720040594,0.7843767166137695,59.96002664890073
flipped_part_005.mp4,819,0,5,0.0290731162690402,0.7820423762003581,0.4723321985315393,4,0.0290731162690402,0.7820423762003581,59.96002664890073
flipped_part_005.mp4,820,0,6,0.0288100371341958,0.7813683191935221,0.472700274432147,5,0.0288100371341958,0.7813683191935221,59.96002664890073
flipped_part_005.mp4,821,0,5,0.0286130613519344,0.780833117167155,0.4691196017795139,4,0.0286130613519344,0.780833117167155,59.96002664890073
flipped_part_005.mp4,822,0,5,0.0281503339717811,0.779836908976237,0.4652460734049479,4,0.0281503339717811,0.779836908976237,59.96002664890073
flipped_part_005.mp4,823,0,5,0.0272503159174919,0.7801150639851888,0.4466874299225983,4,0.0272503159174919,0.7801150639851888,59.96002664890073
flipped_part_005.mp4,824,0,5,0.0275196487572975,0.7812149047851562,0.4453555636935764,4,0.0275196487572975,0.7812149047851562,59.96002664890073
flipped_part_005.mp4,825,0,5,0.0274293809306174,0.7808710734049479,0.444490729437934,4,0.0274293809306174,0.7808710734049479,59.96002664890073
flipped_part_005.mp4,826,0,5,0.0272106048864467,0.7801960627237956,0.4445783827039931,4,0.0272106048864467,0.7801960627237956,59.96002664890073
flipped_part_005.mp4,827,0,5,0.0265028927700822,0.7798851013183594,0.4326283207646123,4,0.0265028927700822,0.7798851013183594,59.96002664890073
flipped_part_005.mp4,828,0,5,0.026503843178374,0.7793103535970052,0.4336967750831886,4,0.026503843178374,0.7793103535970052,59.96002664890073
flipped_part_005.mp4,829,0,7,0.0268977800133978,0.7812080383300781,0.4352382518627025,6,0.0268977800133978,0.7812080383300781,59.96002664890073
flipped_part_005.mp4,830,0,7,0.0269127542403617,0.7809617360432942,0.4348258124457465,6,0.0269127542403617,0.7809617360432942,59.96002664890073
flipped_part_005.mp4,831,0,5,0.0260286311825944,0.7806385040283204,0.7313205295138889,4,0.0257211611748466,0.7799701054890951,59.96002664890073
flipped_part_005.mp4,832,0,5,0.0258596721995208,0.7806129455566406,0.7321967230902777,4,0.025267542618676,0.7783491134643554,59.96002664890073
flipped_part_005.mp4,833,0,5,0.0258228493455573,0.7802486419677734,0.7317284478081597,4,0.0248610581843294,0.7779310862223308,59.96002664890073
flipped_part_005.mp4,834,0,5,0.0252153480953549,0.7783386866251628,0.728560553656684,4,0.0249505605020331,0.7785310745239258,59.96002664890073
flipped_part_005.mp4,835,0,5,0.0258932557993749,0.7791029612223307,0.723678136754919,4,0.0244316073171729,0.7789400736490886,59.96002664890073
flipped_part_005.mp4,836,0,5,0.0258368754811171,0.7779736200968425,0.7220730251736112,4,0.0237439358320423,0.7776002248128255,59.96002664890073
flipped_part_005.mp4,837,0,5,0.0259495536132211,0.7779352188110351,0.7204547458224826,4,0.0229511285548344,0.7754734675089519,59.96002664890073
flipped_part_005.mp4,838,0,6,0.0257110741193173,0.7777313868204753,0.7224951850043403,5,0.022795689763346,0.7757400512695313,59.96002664890073
flipped_part_005.mp4,839,0,5,0.0254144037420822,0.7771906534830729,0.7268339369032119,4,0.0223365743914231,0.7746084213256836,59.96002664890073
flipped_part_005.mp4,840,0,5,0.0253454258023217,0.7774881998697917,0.7275753445095486,4,0.0226054540556786,0.7748057047526041,59.96002664890073
flipped_part_005.mp4,841,0,5,0.0254759631446924,0.7781916936238606,0.7259297688802083,4,0.0219676284356844,0.7731115976969402,59.96002664890073
flipped_part_005.mp4,842,0,5,0.0253092889074145,0.7779148737589519,0.72533529776114,4,0.0220936687959517,0.7728361129760742,59.96002664890073
flipped_part_005.mp4,843,0,5,0.0250589512601167,0.7771028518676758,0.7236782497829861,4,0.0221328524791169,0.7727380752563476,59.96002664890073
flipped_part_005.mp4,844,0,5,0.0250844345042693,0.7756314595540365,0.7211384526005498,4,0.0223167493835919,0.7737571716308593,59.96002664890073
flipped_part_005.mp4,845,0,5,0.0250912976275948,0.774763552347819,0.719748376916956,4,0.0216298840207552,0.7729787826538086,59.96002664890073
flipped_part_005.mp4,846,0,6,0.0246061081336638,0.7743413925170899,0.7181857638888889,5,0.0211237947335703,0.7715740203857422,59.96002664890073
flipped_part_005.mp4,847,0,6,0.0247645132726361,0.7741430282592774,0.714810124150029,5,0.0210343363038537,0.7716332117716471,59.96002664890073
flipped_part_005.mp4,848,0,6,0.024540727430172,0.7739341100056966,0.7129204078956887,5,0.0209971799188901,0.7725033442179362,59.96002664890073
flipped_part_005.mp4,849,0,6,0.0242531328441907,0.7737013498942057,0.7089736938476563,5,0.0205070473059701,0.770643679300944,59.96002664890073
flipped_part_005.mp4,850,0,7,0.0238386320671997,0.7732213973999024,0.7064700656467013,6,0.0206889886165865,0.7718624114990235,59.96002664890073
flipped_part_005.mp4,851,0,6,0.0235793169230843,0.7727046966552734,0.7030337863498264,5,0.0200725721510631,0.7693167368570963,59.96002664890073
flipped_part_005.mp4,852,0,6,0.0233135442197736,0.7720334370930989,0.6988879168475116,5,0.0197317090528344,0.7697439193725586,59.96002664890073
flipped_part_005.mp4,853,0,6,0.0231119097961525,0.7719369888305664,0.6941815976743345,5,0.0194823687012669,0.7691559473673503,59.96002664890073
flipped_part_005.mp4,854,0,6,0.0227098104186976,0.7714888254801432,0.6923704359266493,5,0.0193610869275289,0.769260851542155,59.96002664890073
flipped_part_005.mp4,855,0,6,0.0225888251979478,0.7712591171264649,0.691467680754485,5,0.0192472659070389,0.7686951319376628,59.96002664890073
flipped_part_005.mp4,856,0,6,0.0225610269332214,0.7714026133219402,0.6888756080910011,5,0.0193009954963215,0.7681486129760742,59.96002664890073
flipped_part_005.mp4,857,0,6,0.0225668990240471,0.7713781356811523,0.6874640005606192,5,0.0188914316701939,0.7673346201578776,59.96002664890073
flipped_part_005.mp4,858,0,6,0.0222949732690661,0.7708859125773112,0.6854403460467303,5,0.0187503742990278,0.7675058364868164,59.96002664890073
flipped_part_005.mp4,859,0,5,0.0222494679026271,0.7698492050170899,0.6838869448061342,4,0.0186984690402621,0.7673999786376953,59.96002664890073
flipped_part_005.mp4,860,0,5,0.0222013655383381,0.770052719116211,0.6791752567997685,4,0.0186208826568326,0.7667510986328125,59.96002664890073
flipped_part_005.mp4,861,0,5,0.0220801483552592,0.7700992584228515,0.6776496039496528,4,0.0183694941730937,0.7665290832519531,59.96002664890073
flipped_part_005.mp4,862,0,6,0.0218981613120478,0.7699194590250651,0.6765353732638889,5,0.0183447700066608,0.7668591181437174,59.96002664890073
flipped_part_005.mp4,863,0,6,0.0218614172547434,0.76975523630778,0.6754079182942708,5,0.0179721372690983,0.76619078318278,59.96002664890073
flipped_part_005.mp4,864,0,5,0.0217239557718103,0.769500732421875,0.6737249868887442,4,0.0176990294528271,0.7647073109944661,59.96002664890073
flipped_part_005.mp4,865,0,6,0.021631295285705,0.7692259470621745,0.6725436175311054,5,0.0177108495307361,0.7645531336466471,59.96002664890073
flipped_part_005.mp4,866,0,6,0.0214778400046239,0.7688982009887695,0.6710869118019387,5,0.0175073891551195,0.7634670893351237,59.96002664890073
flipped_part_005.mp4,867,0,6,0.0214001166838635,0.7686142603556315,0.6698918095341435,5,0.0171871348897736,0.7640398025512696,59.96002664890073
flipped_part_005.mp4,868,0,6,0.0211267211244234,0.7683817545572916,0.6692690813982928,5,0.0170975285107959,0.7642391204833985,59.96002664890073
flipped_part_005.mp4,869,0,6,0.0210384446033923,0.7683020273844401,0.6664147271050347,5,0.0166063770378456,0.7632574081420899,59.96002664890073
flipped_part_005.mp4,870,0,6,0.0207488660724764,0.7676741282145182,0.6644488299334491,5,0.0163505229022336,0.7631138483683269,59.96002664890073
flipped_part_005.mp4,871,0,6,0.0205191797674216,0.767509396870931,0.6605523568612558,5,0.0154574850210337,0.7603476206461589,59.96002664890073
flipped_part_005.mp4,872,0,5,0.0205824742972618,0.7672222137451172,0.6576331244574652,4,0.0155524360551498,0.7596737543741862,59.96002664890073
flipped_part_005.mp4,873,0,5,0.0205855025953496,0.7667977015177408,0.6533985844364872,4,0.0162016465384685,0.7605567296346029,59.96002664890073
flipped_part_005.mp4,874,0,5,0.020408196844984,0.7667442957560221,0.6508598610206887,4,0.0153490579306373,0.7578335444132487,59.96002664890073
flipped_part_005.mp4,875,0,6,0.0203640922840417,0.7668771107991537,0.6511166042751736,5,0.015152474187198,0.7574231465657552,59.96002664890073
flipped_part_005.mp4,876,0,6,0.0203216007831441,0.7668903986612956,0.6498370700412326,5,0.0152089376133194,0.7576792399088542,59.96002664890073
flipped_part_005.mp4,877,0,5,0.0202657241705391,0.7669775009155273,0.6488998413085938,4,0.0153359314083534,0.758137321472168,59.96002664890073
flipped_part_005.mp4,878,0,5,0.0202719487612678,0.7669235865275065,0.6464461715133102,4,0.0153033490072185,0.7580090204874674,59.96002664890073
flipped_part_005.mp4,879,0,5,0.0203312566079289,0.7668718338012696,0.6457646687825521,4,0.0154232394369534,0.7580379486083985,59.96002664890073
flipped_part_005.mp4,880,0,5,0.0201635637521717,0.7668522516886394,0.6442803276909722,4,0.0155806247685622,0.7583347956339518,59.96002664890073
flipped_part_005.mp4,881,0,5,0.0200541907455772,0.7668380737304688,0.6429151746961805,4,0.0155808052804355,0.7585432052612304,59.96002664890073
flipped_part_005.mp4,882,0,5,0.0200109906332713,0.7669064203898112,0.642340087890625,4,0.0157491431544056,0.7585709253946941,59.96002664890073
flipped_part_005.mp4,883,0,5,0.0199897971269415,0.766914431254069,0.6418670654296875,4,0.0156722594163147,0.7583029429117839,59.96002664890073
flipped_part_005.mp4,884,0,5,0.019985986642671,0.7666959126790365,0.6414024635597512,4,0.0157422657138926,0.7584437688191732,59.96002664890073
flipped_part_005.mp4,885,0,6,0.0200891771447344,0.7667706807454427,0.6395718044704861,5,0.0153704312604127,0.7575994491577148,59.96002664890073
flipped_part_005.mp4,886,0,6,0.0201740060385135,0.7667148590087891,0.6374091254340277,5,0.01429821799354,0.754918924967448,59.96002664890073
flipped_part_005.mp4,887,0,6,0.0202042848914991,0.7667625427246094,0.6365692138671875,5,0.0142317980811155,0.7546620051066081,59.96002664890073
flipped_part_005.mp4,888,0,6,0.0203908042484221,0.7668724060058594,0.6342295328776042,5,0.0143330693153418,0.7550113677978516,59.96002664890073
flipped_part_005.mp4,889,0,6,0.0202687867073109,0.7664707183837891,0.6336008707682291,5,0.0139661865032071,0.7551624933878581,59.96002664890073
flipped_part_005.mp4,890,0,5,0.0203213360754307,0.7661993662516277,0.6319430881076389,4,0.01393909704865,0.7547526041666667,59.96002664890073
flipped_part_005.mp4,891,0,6,0.0202001774195297,0.7661766052246094,0.6348242865668403,5,0.0138571148116089,0.7543804168701171,59.96002664890073
flipped_part_005.mp4,892,0,5,0.0197222406783839,0.7656654357910156,0.6330552842881945,4,0.0137650687599994,0.7542639414469401,59.96002664890073
flipped_part_005.mp4,893,0,5,0.01926692756863,0.7653433481852213,0.6274790445963542,4,0.014170160941301,0.7543142954508464,59.96002664890073
flipped_part_005.mp4,894,0,5,0.0196985227444114,0.7660727183024089,0.6238962244104456,4,0.0142713100522437,0.7548025767008464,59.96002664890073
flipped_part_005.mp4,895,0,6,0.0188749788279528,0.7656983057657878,0.6201378151222512,5,0.0146916487350137,0.7558382670084636,59.96002664890073
flipped_part_005.mp4,896,0,5,0.0190258510876446,0.7662183761596679,0.6170481363932292,4,0.0146467326339916,0.7561079661051432,59.96002664890073
flipped_part_005.mp4,897,0,6,0.0192060834080136,0.7661640803019206,0.6149605079933449,5,0.0138911580091937,0.7546835581461588,59.96002664890073
flipped_part_005.mp4,898,0,5,0.019334918691311,0.7663490295410156,0.6105973985460069,4,0.0138145532170569,0.7545120875040691,59.96002664890073
flipped_part_005.mp4,899,0,7,0.0191771207834352,0.7664070765177409,0.6111294216579861,6,0.0136495629899824,0.7541288375854492,59.96002664890073
flipped_part_005.mp4,900,0,7,0.0199667120759841,0.7662717183430989,0.6093926323784722,6,0.0134668988189487,0.7534176508585612,59.96002664890073
flipped_part_005.mp4,901,0,7,0.0199048155242215,0.7660505930582683,0.6087076822916667,6,0.012946542334178,0.753264045715332,59.96002664890073
flipped_part_005.mp4,902,0,6,0.0199159250413585,0.7660429000854492,0.6112106323242188,5,0.0130726266002036,0.7531176249186198,59.96002664890073
flipped_part_005.mp4,903,0,5,0.0197425707306764,0.7662673950195312,0.6105882432725694,4,0.0125513613801363,0.7532143910725911,59.96002664890073
flipped_part_005.mp4,904,0,6,0.0198552481809424,0.766267204284668,0.606984117296007,4,0.0128260101503757,0.75307191212972,59.96002664890073
flipped_part_005.mp4,905,0,6,0.0198473491163329,0.7670276641845704,0.6073123508029514,4,0.0128197015141874,0.753140640258789,59.96002664890073
flipped_part_005.mp4,906,0,7,0.0197382334596477,0.7673508326212565,0.6037105984157987,5,0.0127725835229891,0.7531658172607422,59.96002664890073
flipped_part_005.mp4,907,0,8,0.0191688039113068,0.7674612045288086,0.6043145073784723,6,0.0125066855495844,0.7532800674438477,59.96002664890073
flipped_part_005.mp4,908,0,8,0.019084784311708,0.767158317565918,0.6025299072265625,6,0.0120769459430205,0.7527702331542969,59.96002664890073
flipped_part_005.mp4,909,0,6,0.018923290165581,0.7671680450439453,0.5998638011791088,5,0.018923290165581,0.7671680450439453,59.96002664890073
flipped_part_005.mp4,910,0,6,0.0188492512380536,0.767331314086914,0.598560078938802,5,0.0188492512380536,0.767331314086914,59.96002664890073
flipped_part_005.mp4,911,0,6,0.01877311783542,0.7674397150675456,0.5978910658094618,5,0.01877311783542,0.7674397150675456,59.96002664890073
flipped_part_005.mp4,912,0,7,0.0193568891051899,0.7676338195800781,0.591755450213397,5,0.0193568891051899,0.7676338195800781,59.96002664890073
flipped_part_005.mp4,913,0,6,0.019236373695021,0.7673372268676758,0.5905888875325521,5,0.019236373695021,0.7673372268676758,59.96002664890073
flipped_part_005.mp4,914,0,6,0.0189672648569103,0.766789436340332,0.5866039699978298,5,0.0189672648569103,0.766789436340332,59.96002664890073
flipped_part_005.mp4,915,0,8,0.0184578013815054,0.7669466018676758,0.5862867567274306,7,0.0184578013815054,0.7669466018676758,59.96002664890073
flipped_part_005.mp4,916,0,6,0.0183321321883812,0.7672395706176758,0.5838547883210359,5,0.0183321321883812,0.7672395706176758,59.96002664890073
flipped_part_005.mp4,917,0,8,0.0190086330762844,0.7671455383300781,0.5818245781792535,7,0.0190086330762844,0.7671455383300781,59.96002664890073
flipped_part_005.mp4,918,0,8,0.0181534983446666,0.7635500590006511,0.5798002454969619,7,0.0181534983446666,0.7635500590006511,59.96002664890073
flipped_part_005.mp4,919,0,7,0.0183398778928029,0.764035987854004,0.5763844807942708,6,0.0183398778928029,0.764035987854004,59.96002664890073
flipped_part_005.mp4,920,0,6,0.0185535656290206,0.7646187464396159,0.5737680505823206,5,0.0185535656290206,0.7646187464396159,59.96002664890073
flipped_part_005.mp4,921,0,7,0.0186526880881326,0.7649959564208985,0.5726594147858797,6,0.0186526880881326,0.7649959564208985,59.96002664890073
flipped_part_005.mp4,922,0,6,0.0181884101083657,0.764637819925944,0.5669024997287326,5,0.0181884101083657,0.764637819925944,59.96002664890073
flipped_part_005.mp4,923,0,6,0.0184500566176871,0.7657447814941406,0.5630835639105902,5,0.0184500566176871,0.7657447814941406,59.96002664890073
flipped_part_005.mp4,924,0,6,0.0182601729215821,0.7661383310953777,0.5607751916956019,5,0.0182601729215821,0.7661383310953777,59.96002664890073
flipped_part_005.mp4,925,0,6,0.0182122307483546,0.7656134287516276,0.5594077216254341,5,0.0182122307483546,0.7656134287516276,59.96002664890073
flipped_part_005.mp4,926,0,7,0.0182054470811272,0.7662436167399088,0.5591378106011284,6,0.0182054470811272,0.7662436167399088,59.96002664890073
flipped_part_005.mp4,927,0,7,0.0179971378529444,0.7658499399820964,0.5567885787398726,6,0.0179971378529444,0.7658499399820964,59.96002664890073
flipped_part_005.mp4,928,0,6,0.0183931891224347,0.7666193644205729,0.5535885281032986,5,0.0183931891224347,0.7666193644205729,59.96002664890073
flipped_part_005.mp4,929,0,7,0.0179689826636954,0.7668919245402018,0.5500518798828125,6,0.0179689826636954,0.7668919245402018,59.96002664890073
flipped_part_005.mp4,930,0,7,0.0180395536450669,0.7683517456054687,0.5480044894748264,6,0.0180395536450669,0.7683517456054687,59.96002664890073
flipped_part_005.mp4,931,0,7,0.0182090158891191,0.7687206904093424,0.5459906684027778,6,0.0182090158891191,0.7687206904093424,59.96002664890073
flipped_part_005.mp4,932,0,6,0.0185761687567962,0.7696094512939453,0.5483689484772859,5,0.0185761687567962,0.7696094512939453,59.96002664890073
flipped_part_005.mp4,933,0,6,0.0197580215268708,0.7703625996907552,0.5580700344509548,5,0.0197580215268708,0.7703625996907552,59.96002664890073
flipped_part_005.mp4,934,0,7,0.0200188665112687,0.7700742721557617,0.5592875162760417,6,0.0200188665112687,0.7700742721557617,59.96002664890073
flipped_part_005.mp4,935,0,7,0.0192875190917402,0.7705471038818359,0.5537378381799769,6,0.0192875190917402,0.7705471038818359,59.96002664890073
flipped_part_005.mp4,936,0,7,0.0188750143188776,0.7707541147867839,0.5499355174877025,6,0.0188750143188776,0.7707541147867839,59.96002664890073
flipped_part_005.mp4,937,0,7,0.018472138929032,0.7707750956217448,0.5458036634657119,6,0.018472138929032,0.7707750956217448,59.96002664890073
flipped_part_005.mp4,938,0,7,0.018241483949234,0.771704355875651,0.5394686663592303,6,0.018241483949234,0.771704355875651,59.96002664890073
flipped_part_005.mp4,939,0,7,0.0185058702510367,0.7722384134928385,0.5376407199435764,6,0.0185058702510367,0.7722384134928385,59.96002664890073
flipped_part_005.mp4,940,0,8,0.0186483375099487,0.772344462076823,0.5352674696180556,7,0.0186483375099487,0.772344462076823,59.96002664890073
flipped_part_005.mp4,941,0,7,0.0187613378458384,0.7722819010416667,0.5335865727177372,6,0.0187613378458384,0.7722819010416667,59.96002664890073
flipped_part_005.mp4,942,0,7,0.0186282886305815,0.7723428726196289,0.5325188530815972,6,0.0186282886305815,0.7723428726196289,59.96002664890073
flipped_part_005.mp4,943,0,7,0.0184793628722157,0.7720392227172852,0.532533942328559,6,0.0184793628722157,0.7720392227172852,59.96002664890073
flipped_part_005.mp4,944,0,7,0.018526365760675,0.7718345006306966,0.5306180600766782,5,0.018526365760675,0.7718345006306966,59.96002664890073
flipped_part_005.mp4,945,0,8,0.0182794724101808,0.7713766098022461,0.5290899771231192,6,0.0182794724101808,0.7713766098022461,59.96002664890073
flipped_part_005.mp4,946,0,7,0.0179743147935692,0.7710683822631836,0.5283679538302951,6,0.0179743147935692,0.7710683822631836,59.96002664890073
flipped_part_005.mp4,947,0,6,0.0184832505793612,0.771818733215332,0.5259666725441262,5,0.0184832505793612,0.771818733215332,59.96002664890073
flipped_part_005.mp4,948,0,6,0.0185286473786389,0.7718240737915039,0.5234280056423611,5,0.0185286473786389,0.7718240737915039,59.96002664890073
flipped_part_005.mp4,949,0,6,0.0183042474896258,0.7722713470458984,0.5201093885633681,5,0.0183042474896258,0.7722713470458984,59.96002664890073
flipped_part_005.mp4,950,0,6,0.0182403210743278,0.7722312927246093,0.5183803982204861,5,0.0182403210743278,0.7722312927246093,59.96002664890073
flipped_part_005.mp4,951,0,5,0.018580317859305,0.7723554611206055,0.5175584581163194,5,0.018580317859305,0.7723554611206055,59.96002664890073
flipped_part_005.mp4,952,0,5,0.0186348504095803,0.7729269027709961,0.5153554280598959,5,0.0186348504095803,0.7729269027709961,59.96002664890073
flipped_part_005.mp4,953,0,5,0.0186557234555301,0.7731469472249349,0.5150383843315972,5,0.0186557234555301,0.7731469472249349,59.96002664890073
flipped_part_005.mp4,954,0,5,0.018634196036146,0.7731655756632487,0.5136845906575521,5,0.018634196036146,0.7731655756632487,59.96002664890073
flipped_part_005.mp4,955,0,5,0.0185554164246207,0.7733783721923828,0.5116173073097512,5,0.0185554164246207,0.7733783721923828,59.96002664890073
flipped_part_005.mp4,956,0,5,0.0184703632236535,0.7732109705607096,0.51033935546875,5,0.0184703632236535,0.7732109705607096,59.96002664890073
flipped_part_005.mp4,957,0,5,0.0184108323622516,0.7731231689453125,0.5082179881908275,5,0.0184108323622516,0.7731231689453125,59.96002664890073
flipped_part_005.mp4,958,0,5,0.0183600657962314,0.7734485626220703,0.5052590264214409,5,0.0183600657962314,0.7734485626220703,59.96002664890073
flipped_part_005.mp4,959,0,6,0.0180905141283033,0.7734170277913411,0.5030264960394966,6,0.0180905141283033,0.7734170277913411,59.96002664890073
flipped_part_005.mp4,960,0,5,0.0180886385783863,0.7734722137451172,0.5018065841109665,5,0.0180886385783863,0.7734722137451172,59.96002664890073
flipped_part_005.mp4,961,0,5,0.0181515390660475,0.7736331939697265,0.5006900363498263,5,0.0181515390660475,0.7736331939697265,59.96002664890073
flipped_part_005.mp4,962,0,5,0.01806178378588,0.7737665812174479,0.4987640380859375,5,0.01806178378588,0.7737665812174479,59.96002664890073
flipped_part_005.mp4,963,0,5,0.0179951769837902,0.77386474609375,0.4970920138888889,5,0.0179951769837902,0.77386474609375,59.96002664890073
flipped_part_005.mp4,964,0,5,0.0181772386730881,0.7739740371704101,0.4951363457573784,5,0.0181772386730881,0.7739740371704101,59.96002664890073
flipped_part_005.mp4,965,0,5,0.0181982283237933,0.774148432413737,0.4960394965277778,5,0.0181982283237933,0.774148432413737,59.96002664890073
flipped_part_005.mp4,966,0,5,0.0186402794224624,0.773756726582845,0.4982289632161458,5,0.0186402794224624,0.773756726582845,59.96002664890073
flipped_part_005.mp4,967,0,5,0.0186143985579514,0.7741084416707357,0.4977476331922743,5,0.0186143985579514,0.7741084416707357,59.96002664890073
flipped_part_005.mp4,968,0,7,0.0185811556881418,0.7740867614746094,0.4953799212420428,7,0.0185811556881418,0.7740867614746094,59.96002664890073
flipped_part_005.mp4,969,0,5,0.0187384132140087,0.7742504119873047,0.492563713921441,5,0.0187384132140087,0.7742504119873047,59.96002664890073
flipped_part_005.mp4,970,0,5,0.0187161363618926,0.7745265960693359,0.4926407990632234,5,0.0187161363618926,0.7745265960693359,59.96002664890073
flipped_part_005.mp4,971,0,6,0.0185928191863543,0.7745556513468425,0.491775964807581,6,0.0185928191863543,0.7745556513468425,59.96002664890073
flipped_part_005.mp4,972,0,6,0.0183614581318882,0.77433287302653,0.4914143880208333,6,0.0183614581318882,0.77433287302653,59.96002664890073
flipped_part_005.mp4,973,0,6,0.0182494730387568,0.7738970438639323,0.4890955607096354,6,0.0182494730387568,0.7738970438639323,59.96002664890073
flipped_part_005.mp4,974,0,5,0.0182838588841345,0.7734998067220052,0.4873992919921875,5,0.0182838588841345,0.7734998067220052,59.96002664890073
flipped_part_005.mp4,975,0,5,0.0181480959930276,0.773164939880371,0.4857078834816261,5,0.0181480959930276,0.773164939880371,59.96002664890073
flipped_part_005.mp4,976,0,5,0.0179837773760987,0.7730126063028971,0.4839114718967013,5,0.0179837773760987,0.7730126063028971,59.96002664890073
flipped_part_005.mp4,977,0,5,0.0177965139734765,0.7726110458374024,0.4830742730034722,5,0.0177965139734765,0.7726110458374024,59.96002664890073
flipped_part_005.mp4,978,0,5,0.0179061572030574,0.772920799255371,0.4827783655237268,5,0.0179061572030574,0.772920799255371,59.96002664890073
flipped_part_005.mp4,979,0,5,0.0178017741232179,0.7725279490152995,0.48232421875,5,0.0178017741232179,0.7725279490152995,59.96002664890073
flipped_part_005.mp4,980,0,5,0.0178858991829393,0.7722296396891276,0.4816267225477431,5,0.0178858991829393,0.7722296396891276,59.96002664890073
flipped_part_005.mp4,981,0,5,0.0180410403578813,0.7725830713907877,0.4818002771448206,5,0.0180410403578813,0.7725830713907877,59.96002664890073
flipped_part_005.mp4,982,0,5,0.0178225008450034,0.7718964258829752,0.4812967371057581,5,0.0178225008450034,0.7718964258829752,59.96002664890073
flipped_part_005.mp4,983,0,5,0.0178165740369068,0.7722774505615234,0.4792215983072916,5,0.0178165740369068,0.7722774505615234,59.96002664890073
flipped_part_005.mp4,984,0,5,0.0180399124348467,0.771943728129069,0.4794294569227431,5,0.0180399124348467,0.771943728129069,59.96002664890073
flipped_part_005.mp4,985,0,5,0.0179668998989897,0.7717453002929687,0.4773074679904514,5,0.0179668998989897,0.7717453002929687,59.96002664890073
flipped_part_005.mp4,986,0,5,0.0178557139395787,0.7717445373535157,0.47686117666739,5,0.0178557139395787,0.7717445373535157,59.96002664890073
flipped_part_005.mp4,987,0,5,0.0177964743592935,0.7719839731852214,0.4755546852394386,5,0.0177964743592935,0.7719839731852214,59.96002664890073
flipped_part_005.mp4,988,0,6,0.0176951294450339,0.771974245707194,0.4751105414496527,6,0.0176951294450339,0.771974245707194,59.96002664890073
flipped_part_005.mp4,989,0,6,0.0178292013434111,0.7721403121948243,0.4757130375614872,6,0.0178292013434111,0.7721403121948243,59.96002664890073
flipped_part_005.mp4,990,0,7,0.0176908884540251,0.7717324574788411,0.4749772813585069,7,0.0176908884540251,0.7717324574788411,59.96002664890073
flipped_part_005.mp4,991,0,7,0.0177003288516533,0.7718247731526693,0.4750528971354166,7,0.0177003288516533,0.7718247731526693,59.96002664890073
flipped_part_005.mp4,992,0,7,0.0179878039095395,0.7715641657511393,0.4793582492404514,7,0.0179878039095395,0.7715641657511393,59.96002664890073
flipped_part_005.mp4,993,0,7,0.0184415289688924,0.7718350728352864,0.4826930858470775,7,0.0184415289688924,0.7718350728352864,59.96002664890073
flipped_part_005.mp4,994,0,7,0.0182815776357892,0.7719813664754231,0.4810236612955729,7,0.0182815776357892,0.7719813664754231,59.96002664890073
flipped_part_005.mp4,995,0,5,0.018254106372543,0.7722869873046875,0.479791259765625,5,0.018254106372543,0.7722869873046875,59.96002664890073
flipped_part_005.mp4,996,0,5,0.0180516275766422,0.772256342569987,0.4779367517541956,5,0.0180516275766422,0.772256342569987,59.96002664890073
flipped_part_005.mp4,997,0,5,0.0178373203313417,0.7720706939697266,0.4768301504629629,5,0.0178373203313417,0.7720706939697266,59.96002664890073
flipped_part_005.mp4,998,0,5,0.0177253930158137,0.7720465977986654,0.4760755750868055,5,0.0177253930158137,0.7720465977986654,59.96002664890073
flipped_part_005.mp4,999,0,5,0.017789294619816,0.7724447250366211,0.4769185384114583,5,0.017789294619816,0.7724447250366211,59.96002664890073
flipped_part_005.mp4,1000,0,5,0.0176732849911355,0.7729260126749674,0.4764437640154803,5,0.0176732849911355,0.7729260126749674,59.96002664890073
flipped_part_005.mp4,1001,0,5,0.0176424590223986,0.7726004918416342,0.4767567952473958,5,0.0176424590223986,0.7726004918416342,59.96002664890073
flipped_part_005.mp4,1002,0,5,0.017650156888865,0.7728066126505534,0.4774904039171007,5,0.017650156888865,0.7728066126505534,59.96002664890073
flipped_part_005.mp4,1003,0,5,0.0178907092885303,0.773166275024414,0.4796719021267361,5,0.0178907092885303,0.773166275024414,59.96002664890073
flipped_part_005.mp4,1004,0,5,0.0178070987560312,0.7731742223103841,0.4806721440067997,5,0.0178070987560312,0.7731742223103841,59.96002664890073
flipped_part_005.mp4,1005,0,5,0.0178654490947977,0.773496437072754,0.4813064575195312,5,0.0178654490947977,0.773496437072754,59.96002664890073
flipped_part_005.mp4,1006,0,5,0.0178633971492052,0.7737515131632487,0.4819246080186632,5,0.0178633971492052,0.7737515131632487,59.96002664890073
flipped_part_005.mp4,1007,0,5,0.0180823248775494,0.7738789240519206,0.4848271687825521,5,0.0180823248775494,0.7738789240519206,59.96002664890073
flipped_part_005.mp4,1008,0,4,0.0184816070395754,0.7752382278442382,0.4861421373155382,4,0.0184816070395754,0.7752382278442382,59.96002664890073
flipped_part_005.mp4,1009,0,5,0.0186709628537452,0.7759262084960937,0.4874742296006944,5,0.0186709628537452,0.7759262084960937,59.96002664890073
flipped_part_005.mp4,1010,0,7,0.0186851509387553,0.7761776606241862,0.4873697351526331,7,0.0186851509387553,0.7761776606241862,59.96002664890073
flipped_part_005.mp4,1011,0,6,0.0186509475092343,0.7761075973510743,0.488578626844618,6,0.0186509475092343,0.7761075973510743,59.96002664890073
flipped_part_005.mp4,1012,0,6,0.0187439755282334,0.7759199142456055,0.4911192152235243,6,0.0187439755282334,0.7759199142456055,59.96002664890073
flipped_part_005.mp4,1013,0,6,0.0183406292228998,0.7738026301066081,0.4924387048791956,6,0.0183406292228998,0.7738026301066081,59.96002664890073
flipped_part_005.mp4,1014,0,6,0.0185474540771166,0.7747941970825195,0.490853034125434,6,0.0185474540771166,0.7747941970825195,59.96002664890073
flipped_part_005.mp4,1015,0,7,0.0185516520612873,0.7749504089355469,0.4942972819010416,7,0.0185516520612873,0.7749504089355469,59.96002664890073
flipped_part_005.mp4,1016,0,7,0.0186769774816477,0.7755809783935547,0.4938766479492187,7,0.0186769774816477,0.7755809783935547,59.96002664890073
flipped_part_005.mp4,1017,0,7,0.0188049309330138,0.7761289596557617,0.4957101892541956,7,0.0188049309330138,0.7761289596557617,59.96002664890073
flipped_part_005.mp4,1018,0,7,0.0187449837179587,0.776150894165039,0.4982450132016782,7,0.0187449837179587,0.776150894165039,59.96002664890073
flipped_part_005.mp4,1019,0,7,0.0183923724880097,0.7755758921305339,0.5009386980975116,7,0.0183923724880097,0.7755758921305339,59.96002664890073
flipped_part_005.mp4,1020,0,7,0.0182740367355937,0.7753045399983723,0.5018335978190104,7,0.0182740367355937,0.7753045399983723,59.96002664890073
flipped_part_005.mp4,1021,0,7,0.0186125684952195,0.775540542602539,0.5040756225585937,7,0.0186125684952195,0.775540542602539,59.96002664890073
flipped_part_005.mp4,1022,0,6,0.0184976179373916,0.7750455856323242,0.5072675916883681,6,0.0184976179373916,0.7750455856323242,59.96002664890073
flipped_part_005.mp4,1023,0,6,0.0183020590610491,0.7744993209838867,0.5101026746961805,6,0.0183020590610491,0.7744993209838867,59.96002664890073
flipped_part_005.mp4,1024,0,6,0.0185662515168142,0.775256601969401,0.5089431762695312,6,0.0185662515168142,0.775256601969401,59.96002664890073
flipped_part_005.mp4,1025,0,6,0.018789464237634,0.7758657455444335,0.511964699074074,6,0.018789464237634,0.7758657455444335,59.96002664890073
flipped_part_005.mp4,1026,0,4,0.0187318005291551,0.77595640818278,0.5133258395724827,4,0.0187318005291551,0.77595640818278,59.96002664890073
flipped_part_005.mp4,1027,0,4,0.0188690051537317,0.7764093399047851,0.5172666196469907,4,0.0188690051537317,0.7764093399047851,59.96002664890073
flipped_part_005.mp4,1028,0,4,0.0197907643427606,0.7769304275512695,0.5287312825520833,4,0.0197907643427606,0.7769304275512695,59.96002664890073
flipped_part_005.mp4,1029,0,5,0.0198813202834895,0.7771923065185546,0.5302203143084491,5,0.0198813202834895,0.7771923065185546,59.96002664890073
flipped_part_005.mp4,1030,0,4,0.0208837782810506,0.7767599741617839,0.5468118738245081,4,0.0208837782810506,0.7767599741617839,59.96002664890073
flipped_part_005.mp4,1031,0,5,0.0191958885506028,0.7754739761352539,0.5362114800347222,5,0.0191958885506028,0.7754739761352539,59.96002664890073
flipped_part_005.mp4,1032,0,5,0.0201501682517118,0.7759943644205729,0.5444556342230903,5,0.0201501682517118,0.7759943644205729,59.96002664890073
flipped_part_005.mp4,1033,0,4,0.0199451175044911,0.7765144983927409,0.5427324083116319,4,0.0199451175044911,0.7765144983927409,59.96002664890073
flipped_part_005.mp4,1034,0,5,0.0198718659823363,0.7762228012084961,0.5422427707248264,5,0.0198718659823363,0.7762228012084961,59.96002664890073
flipped_part_005.mp4,1035,0,6,0.0193134190479399,0.7756095886230469,0.5409782692238136,6,0.0193134190479399,0.7756095886230469,59.96002664890073
flipped_part_005.mp4,1036,0,5,0.019205872779712,0.775392214457194,0.5413465711805555,5,0.019205872779712,0.775392214457194,59.96002664890073
flipped_part_005.mp4,1037,0,5,0.0195681574987247,0.7758030573527018,0.5452039930555556,5,0.0195681574987247,0.7758030573527018,59.96002664890073
flipped_part_005.mp4,1038,0,5,0.0193003262576854,0.7757712046305338,0.5448832194010417,5,0.0193003262576854,0.7757712046305338,59.96002664890073
flipped_part_005.mp4,1039,0,4,0.0195778670833075,0.7759248733520507,0.5474734271014178,4,0.0195778670833075,0.7759248733520507,59.96002664890073
flipped_part_005.mp4,1040,0,4,0.0194937162770656,0.7767691294352214,0.5497590806749132,4,0.0194937162770656,0.7767691294352214,59.96002664890073
flipped_part_005.mp4,1041,0,5,0.0197465848177671,0.7770817438761394,0.5529076470269098,5,0.0197465848177671,0.7770817438761394,59.96002664890073
flipped_part_005.mp4,1042,0,5,0.0201193704211618,0.7778984705607096,0.5580236929434317,5,0.0201193704211618,0.7778984705607096,59.96002664890073
flipped_part_005.mp4,1043,0,4,0.0198681221493407,0.7775106430053711,0.5567057291666667,4,0.0198681221493407,0.7775106430053711,59.96002664890073
flipped_part_005.mp4,1044,0,6,0.0197579415836824,0.7776577631632487,0.560900483308015,6,0.0197579415836824,0.7776577631632487,59.96002664890073
flipped_part_005.mp4,1045,0,6,0.0201934686221648,0.7777901331583659,0.5646795767324942,6,0.0201934686221648,0.7777901331583659,59.96002664890073
flipped_part_005.mp4,1046,0,6,0.0196078228097901,0.777780024210612,0.5680968673140915,6,0.0196078228097901,0.777780024210612,59.96002664890073
flipped_part_005.mp4,1047,0,6,0.0198176792572054,0.7782263437906901,0.5711089522750289,6,0.0198176792572054,0.7782263437906901,59.96002664890073
flipped_part_005.mp4,1048,0,5,0.0195873276010388,0.7780852635701497,0.5747743394639757,5,0.0195873276010388,0.7780852635701497,59.96002664890073
flipped_part_005.mp4,1049,0,4,0.019591668854571,0.7782667795817058,0.5774544044777199,4,0.019591668854571,0.7782667795817058,59.96002664890073
flipped_part_005.mp4,1050,0,6,0.019811230557712,0.7778875986735027,0.5818928471317998,6,0.019811230557712,0.7778875986735027,59.96002664890073
flipped_part_005.mp4,1051,0,4,0.0204520770345698,0.7781429290771484,0.5881396823459202,4,0.0204520770345698,0.7781429290771484,59.96002664890073
flipped_part_005.mp4,1052,0,4,0.020205003589314,0.7781953811645508,0.5876827663845486,4,0.020205003589314,0.7781953811645508,59.96002664890073
flipped_part_005.mp4,1053,0,4,0.0207083413728913,0.7780202865600586,0.5916225292064525,4,0.0207083413728913,0.7780202865600586,59.96002664890073
flipped_part_005.mp4,1054,0,3,0.0207257468753528,0.778271484375,0.5961283365885417,3,0.0207257468753528,0.778271484375,59.96002664890073
flipped_part_005.mp4,1055,0,4,0.0206283649323288,0.7780616760253907,0.5987314294885706,4,0.0206283649323288,0.7780616760253907,59.96002664890073
flipped_part_005.mp4,1056,0,5,0.020290318814546,0.778384017944336,0.6026882595486112,4,0.0075950918844642,0.7397359848022461,59.96002664890073
flipped_part_005.mp4,1057,0,4,0.0207682371726561,0.7782217025756836,0.6040431835033275,3,0.007526847044851,0.7404343287150065,59.96002664890073
flipped_part_005.mp4,1058,0,4,0.0205860563619407,0.7779600143432617,0.610103522406684,3,0.0075273382301222,0.7403326034545898,59.96002664890073
flipped_part_005.mp4,1059,0,4,0.0208696803669833,0.7784460703531901,0.6110890706380209,3,0.0077171912944241,0.7417354583740234,59.96002664890073
flipped_part_005.mp4,1060,0,5,0.020874116510709,0.7788345972696941,0.6144436306423611,4,0.0076087571334533,0.7413460413614908,59.96002664890073
flipped_part_005.mp4,1061,0,4,0.0206036723054583,0.778004519144694,0.6176656087239584,3,0.0075011282335078,0.7410525004069011,59.96002664890073
flipped_part_005.mp4,1062,0,4,0.0203157406163194,0.7775819778442383,0.6225216335720486,3,0.0073895090880493,0.7404913584391276,59.96002664890073
flipped_part_005.mp4,1063,0,4,0.0206537952365922,0.777623176574707,0.6264414469401042,3,0.0075824691352318,0.7414064407348633,59.96002664890073
flipped_part_005.mp4,1064,0,4,0.0201066578486158,0.7763973236083984,0.6274702284071181,3,0.0073800885159505,0.7398347854614258,59.96002664890073
flipped_part_005.mp4,1065,0,6,0.0202267027180641,0.7768730163574219,0.6314354790581598,5,0.0075914591876789,0.739925765991211,59.96002664890073
flipped_part_005.mp4,1066,0,3,0.0205812981718271,0.777747917175293,0.6350939715350116,2,0.0079972429771765,0.7420876820882162,59.96002664890073
flipped_part_005.mp4,1067,0,4,0.0206718015446676,0.7780538558959961,0.6362460101092303,3,0.0080802418829666,0.7415349960327149,59.96002664890073
flipped_part_005.mp4,1068,0,4,0.021139871633797,0.7786861419677734,0.6376096937391493,3,0.007969326153225,0.7422363917032878,59.96002664890073
flipped_part_005.mp4,1069,0,3,0.0214406494132277,0.7791781743367513,0.6414516872829861,2,0.0077529481961391,0.7418251037597656,59.96002664890073
flipped_part_005.mp4,1070,0,3,0.0216834104802304,0.7791418711344401,0.6448885882342303,2,0.008298575926355,0.7432342529296875,59.96002664890073
flipped_part_005.mp4,1071,0,5,0.0216639294672252,0.7792877833048503,0.6478242662217882,4,0.0083204250428308,0.7431355158487956,59.96002664890073
flipped_part_005.mp4,1072,0,5,0.0218200034261422,0.7792858759562175,0.6534094916449653,4,0.0082574613041166,0.743545405069987,59.96002664890073
flipped_part_005.mp4,1073,0,4,0.0219679022308677,0.7796091079711914,0.6569291291413484,3,0.0082688107756742,0.7437538146972656,59.96002664890073
flipped_part_005.mp4,1074,0,7,0.022357933268035,0.7800283432006836,0.6627473619249132,6,0.0077727043446308,0.7425048828125,59.96002664890073
flipped_part_005.mp4,1075,0,7,0.0221046551627633,0.7800603866577148,0.6673729225441262,6,0.0079504189260855,0.7436958948771158,59.96002664890073
flipped_part_005.mp4,1076,0,5,0.0219797946786921,0.7805859247843424,0.6712732385706018,4,0.0075284064923094,0.7423293431599934,59.96002664890073
flipped_part_005.mp4,1077,0,7,0.0220677919642544,0.7808376312255859,0.671815264666522,6,0.0082352400608619,0.7438641230265299,59.96002664890073
flipped_part_005.mp4,1078,0,7,0.0220682292904691,0.7805764516194661,0.6760113186306423,6,0.0081107465520229,0.7434790293375652,59.96002664890073
flipped_part_005.mp4,1079,0,6,0.0220097828910824,0.7803396224975586,0.6785866066261574,5,0.008124933338323,0.7439292907714844,59.96002664890073
flipped_part_005.mp4,1080,0,5,0.0219557388869967,0.7801067352294921,0.6814066003870081,4,0.0079817672206676,0.7435419082641601,59.96002664890073
flipped_part_005.mp4,1081,0,4,0.0218213917640106,0.7798283259073894,0.683273767541956,3,0.0083190805085267,0.7444587071736654,59.96002664890073
flipped_part_005.mp4,1082,0,4,0.0218156998547837,0.779789924621582,0.6855519612630209,3,0.008202219946284,0.743946901957194,59.96002664890073
flipped_part_005.mp4,1083,0,5,0.0218898135150838,0.7799541473388671,0.6875830191153067,4,0.0082493390748924,0.7446077346801758,59.96002664890073
flipped_part_005.mp4,1084,0,4,0.0216044826315677,0.7792975107828776,0.6879634715892651,3,0.008223618066404,0.7451686859130859,59.96002664890073
flipped_part_005.mp4,1085,0,3,0.0215838237216747,0.7792704264322917,0.6907779269748264,2,0.0085529395686979,0.7456791559855144,59.96002664890073
flipped_part_005.mp4,1086,0,5,0.0219299787068114,0.7797356923421224,0.6939445778175637,4,0.0086506485941612,0.7458157221476237,59.96002664890073
flipped_part_005.mp4,1087,0,5,0.022059742561024,0.7796264012654622,0.6965569390190972,4,0.0079400452201177,0.7446865717569987,59.96002664890073
flipped_part_005.mp4,1088,0,3,0.0221540369299516,0.7799051920572917,0.6991955792462384,2,0.007789763002721,0.7440515518188476,59.96002664890073
flipped_part_005.mp4,1089,0,4,0.0222076352238461,0.7795538584391276,0.703426276312934,3,0.0078181930546674,0.743596076965332,59.96002664890073
flipped_part_005.mp4,1090,0,5,0.0221600907233854,0.7796300888061524,0.7059251573350694,4,0.0085744739063968,0.7468273798624675,59.96002664890073
flipped_part_005.mp4,1091,0,5,0.0223429502381218,0.780009905497233,0.7077568901909722,4,0.0086844405655844,0.7471105575561523,59.96002664890073
flipped_part_005.mp4,1092,0,5,0.0223906664037214,0.7799826304117838,0.7102145159686053,4,0.0087122626121466,0.7473056793212891,59.96002664890073
flipped_part_005.mp4,1093,0,5,0.0225489767563865,0.7802551905314128,0.7103690253363715,4,0.0087504588538366,0.7474392573038737,59.96002664890073
flipped_part_005.mp4,1094,0,5,0.0228703601763908,0.7806678136189779,0.7131876062463831,4,0.0087943458687126,0.7476613998413086,59.96002664890073
flipped_part_005.mp4,1095,0,5,0.0230753518078105,0.7806418100992839,0.7128458093713831,4,0.008781699633174,0.7476139068603516,59.96002664890073
flipped_part_005.mp4,1096,0,5,0.0229434590119032,0.7805649439493815,0.7135714495623553,4,0.0088579030456215,0.7482322692871094,59.96002664890073
flipped_part_005.mp4,1097,0,5,0.0228789208844924,0.7805614471435547,0.7163492273401331,4,0.0088645501317094,0.748170280456543,59.96002664890073
flipped_part_005.mp4,1098,0,5,0.022993708748103,0.7811962763468424,0.7179646244755498,4,0.0085781800803831,0.7478315353393554,59.96002664890073
flipped_part_005.mp4,1099,0,5,0.0234412115366689,0.781471316019694,0.7179893776222511,4,0.0085915775460199,0.7479393005371093,59.96002664890073
flipped_part_005.mp4,1100,0,5,0.0233075891259229,0.7812955856323243,0.7209364149305556,4,0.0091737895538487,0.7489771525065104,59.96002664890073
flipped_part_005.mp4,1101,0,4,0.0231400309766953,0.7811845779418946,0.7230977376302083,3,0.0086933137401421,0.7482035319010417,59.96002664890073
flipped_part_005.mp4,1102,0,3,0.0228593681478674,0.7805227279663086,0.7217496518735532,2,0.0085907100219305,0.7475364685058594,59.96002664890073
flipped_part_005.mp4,1103,0,4,0.0228224632443635,0.7811481475830078,0.7233426694516782,3,0.0088263043342589,0.7486223220825196,59.96002664890073
flipped_part_005.mp4,1104,0,4,0.022799195918358,0.7808595657348633,0.7228271484375,3,0.0087655751063721,0.7485934575398763,59.96002664890073
flipped_part_005.mp4,1105,0,4,0.0224934016587212,0.7807346979777018,0.7250829060872396,3,0.0094320844382552,0.7500650405883789,59.96002664890073
flipped_part_005.mp4,1106,0,4,0.022639957635353,0.7809432983398438,0.7261695014105902,3,0.0091809632088148,0.7500629425048828,59.96002664890073
flipped_part_005.mp4,1107,0,4,0.0223603659423167,0.780043347676595,0.7259890521014178,3,0.009781027488999,0.7510746002197266,59.96002664890073
flipped_part_005.mp4,1108,0,4,0.0224358419484795,0.7799211502075195,0.7250823409469039,3,0.0099496665742157,0.7518398284912109,59.96002664890073
flipped_part_005.mp4,1109,0,5,0.0223413638284222,0.7799555460611979,0.7255655924479166,4,0.0100961552381179,0.7525171915690104,59.96002664890073
flipped_part_005.mp4,1110,0,5,0.0224501750527674,0.7798862457275391,0.727538666901765,4,0.0102234857895463,0.752879524230957,59.96002664890073
flipped_part_005.mp4,1111,0,4,0.0224039016525407,0.7799202601114908,0.7288168447989004,3,0.0103179507314322,0.7532537460327149,59.96002664890073
flipped_part_005.mp4,1112,0,5,0.0223394295651275,0.7800249099731446,0.7302008734809028,4,0.0100566239270344,0.7517987569173177,59.96002664890073
flipped_part_005.mp4,1113,0,5,0.0220709689688454,0.7799514770507813,0.731986321343316,4,0.0101907773621065,0.7528575897216797,59.96002664890073
flipped_part_005.mp4,1114,0,5,0.0222671883400633,0.7802038192749023,0.7316657172309028,4,0.0102308549211981,0.7530902226765951,59.96002664890073
flipped_part_005.mp4,1115,0,5,0.0221327268447903,0.7802428563435873,0.7327329847547743,4,0.0103584116885192,0.7535332361857097,59.96002664890073
flipped_part_005.mp4,1116,0,4,0.0220215864069573,0.7797351837158203,0.7328117653175636,3,0.010645049326941,0.7539716720581054,59.96002664890073
flipped_part_005.mp4,1117,0,4,0.0216500528274358,0.7793535232543946,0.732917559588397,3,0.0106852287343806,0.7539451599121094,59.96002664890073
flipped_part_005.mp4,1118,0,3,0.0216961643122852,0.7792808532714843,0.7329957750108507,2,0.0108288350203656,0.75455322265625,59.96002664890073
flipped_part_005.mp4,1119,0,3,0.0219076445758239,0.779512087504069,0.7329515245225694,2,0.0107777588756289,0.7544798533121745,59.96002664890073
flipped_part_005.mp4,1120,0,3,0.0216935855408923,0.7795008341471354,0.7331807454427083,2,0.0106945078237051,0.7547845840454102,59.96002664890073
flipped_part_005.mp4,1121,0,6,0.0216501291037032,0.7798733393351237,0.7337512546115451,5,0.0108383592488502,0.7556665420532227,59.96002664890073
flipped_part_005.mp4,1122,0,6,0.021650891872554,0.7795735041300456,0.734137867115162,5,0.011048131795434,0.7553829193115235,59.96002664890073
flipped_part_005.mp4,1123,0,6,0.0217889024617034,0.7797255833943685,0.7340916951497396,5,0.0112786382353752,0.7555513381958008,59.96002664890073
flipped_part_005.mp4,1124,0,6,0.0217342552617709,0.7799177805582682,0.7352423773871528,5,0.0113763844849574,0.7557456970214844,59.96002664890073
flipped_part_005.mp4,1125,0,6,0.0217814405697087,0.7798409144083659,0.7342217339409722,5,0.0113416363613214,0.7559930801391601,59.96002664890073
flipped_part_005.mp4,1126,0,6,0.0216781108444168,0.7797897974650065,0.7344579060872396,5,0.0115246840697363,0.7553871790568034,59.96002664890073
flipped_part_005.mp4,1127,0,6,0.0217585745118817,0.7798958460489909,0.732920667860243,5,0.0112755019777816,0.754762840270996,59.96002664890073
flipped_part_005.mp4,1128,0,6,0.0217232652798864,0.7798442840576172,0.7327233208550348,5,0.0114976147619934,0.7547307968139648,59.96002664890073
flipped_part_005.mp4,1129,0,5,0.0217724470895094,0.7799674352010091,0.7320075141059028,4,0.0117472096587772,0.7555329004923502,59.96002664890073
flipped_part_005.mp4,1130,0,5,0.0219512923979049,0.7794689814249675,0.7307646009657118,4,0.0114155554495907,0.7552992502848307,59.96002664890073
flipped_part_005.mp4,1131,0,5,0.0219413809682656,0.7792004267374675,0.7317613389756944,4,0.011553674584731,0.7555316925048828,59.96002664890073
flipped_part_005.mp4,1132,0,5,0.0219823875540061,0.7788871765136719,0.7317370944552951,4,0.011635648034237,0.7557302474975586,59.96002664890073
flipped_part_005.mp4,1133,0,6,0.0217579261584129,0.7791114807128906,0.7328379313151042,5,0.0115866991571318,0.7557539621988932,59.96002664890073
flipped_part_005.mp4,1134,0,6,0.0221371122578124,0.7789873123168946,0.7301886664496527,5,0.0117145755266185,0.7557430903116862,59.96002664890073
flipped_part_005.mp4,1135,0,6,0.0220336909524889,0.7788934707641602,0.7293307834201389,5,0.012036839371366,0.7558331807454427,59.96002664890073
flipped_part_005.mp4,1136,0,6,0.0219000643177423,0.7789190292358399,0.7306264241536459,5,0.0121784511783819,0.7572669982910156,59.96002664890073
flipped_part_005.mp4,1137,0,6,0.0217422427472451,0.7788084665934245,0.7318349202473958,5,0.0119111031575206,0.7573322931925456,59.96002664890073
flipped_part_005.mp4,1138,0,7,0.0220340657360955,0.7790337244669596,0.7291103786892361,6,0.0117178331669937,0.7555646896362305,59.96002664890073
flipped_part_005.mp4,1139,0,6,0.0217950299187537,0.7790596008300781,0.7302094070999711,5,0.0120411158295744,0.7576473236083985,59.96002664890073
flipped_part_005.mp4,1140,0,7,0.0216547535150311,0.7789480209350585,0.7302017211914062,6,0.0120953490911698,0.7578584671020507,59.96002664890073
flipped_part_005.mp4,1141,0,8,0.0215421187011007,0.7789712905883789,0.7303561740451389,7,0.0129316007597501,0.7594722112019857,59.96002664890073
flipped_part_005.mp4,1142,0,6,0.0215821564965881,0.7790094375610351,0.730816650390625,5,0.0129376730280475,0.7599270502726237,59.96002664890073
flipped_part_005.mp4,1143,0,6,0.0217128873201242,0.7791810989379883,0.7308983696831597,5,0.0132112187683657,0.7605386734008789,59.96002664890073
flipped_part_005.mp4,1144,0,6,0.0213859855936607,0.7790708541870117,0.7304779052734375,5,0.0132009647670201,0.7609263102213542,59.96002664890073
flipped_part_005.mp4,1145,0,6,0.0209567186209433,0.779196039835612,0.734425523546007,5,0.0134702081300525,0.761847178141276,59.96002664890073
flipped_part_005.mp4,1146,0,6,0.0208862575309144,0.7788551966349284,0.7344916449652777,5,0.0137431511689943,0.7633143107096354,59.96002664890073
flipped_part_005.mp4,1147,0,6,0.0207377069814053,0.7785467147827149,0.7359337700737847,5,0.013876229597372,0.7642871856689453,59.96002664890073
flipped_part_005.mp4,1148,0,6,0.0206793878152772,0.7779949188232422,0.7355200308340567,5,0.0139297262255108,0.7642081578572592,59.96002664890073
flipped_part_005.mp4,1149,0,6,0.0204029393242672,0.7780176162719726,0.735923088921441,5,0.0137989597581326,0.7635263442993164,59.96002664890073
flipped_part_005.mp4,1150,0,7,0.02026938340175,0.7778603235880533,0.7367278487594039,6,0.0137232064538531,0.7641195297241211,59.96002664890073
flipped_part_005.mp4,1151,0,7,0.0202051123804994,0.7778230667114258,0.737079366048177,6,0.0140454849291321,0.7654944101969401,59.96002664890073
flipped_part_005.mp4,1152,0,5,0.0200915134259654,0.777859115600586,0.7376234266493056,4,0.0142679683715363,0.7661859512329101,59.96002664890073
flipped_part_005.mp4,1153,0,5,0.0203069785141305,0.7779321034749349,0.7368621261031539,4,0.0144763182311349,0.7665554046630859,59.96002664890073
flipped_part_005.mp4,1154,0,5,0.0203151985853306,0.7776294072469075,0.7350203902633102,4,0.0144960022436592,0.7667809168497721,59.96002664890073
flipped_part_005.mp4,1155,0,6,0.0205561847744199,0.7776039123535157,0.7335225423177083,5,0.0145269085507607,0.7668367385864258,59.96002664890073
flipped_part_005.mp4,1156,0,4,0.0204989946115852,0.7775760650634765,0.733443366156684,3,0.0146516507003459,0.7674408594767252,59.96002664890073
flipped_part_005.mp4,1157,0,4,0.0206884241856082,0.7775204340616862,0.7317744502314815,3,0.0150215690291952,0.7677953720092774,59.96002664890073
flipped_part_005.mp4,1158,0,5,0.0206549461481174,0.7774862289428711,0.7309924655490452,4,0.0147739044009107,0.7679000854492187,59.96002664890073
flipped_part_005.mp4,1159,0,5,0.0205620727656598,0.7772116343180339,0.7315721299913195,4,0.0150229667332476,0.767368761698405,59.96002664890073
flipped_part_005.mp4,1160,0,5,0.0204862190990415,0.7771133422851563,0.731167150426794,4,0.0153864060339724,0.7684418360392252,59.96002664890073
flipped_part_005.mp4,1161,0,4,0.0204118096968051,0.7769371032714844,0.732008135760272,3,0.0155685534761689,0.7685771942138672,59.96002664890073
flipped_part_005.mp4,1162,0,5,0.0202736575227592,0.7763715744018554,0.731110523365162,4,0.0162092232329693,0.7694532394409179,59.96002664890073
flipped_part_005.mp4,1163,0,4,0.0202013177144517,0.7760515213012695,0.7304751360857928,3,0.0163009179814253,0.7698434193929037,59.96002664890073
flipped_part_005.mp4,1164,0,6,0.0201559402058289,0.775789451599121,0.7294611612955729,5,0.0165997498312477,0.7705616633097331,59.96002664890073
flipped_part_005.mp4,1165,0,5,0.0203063550279087,0.7759924570719401,0.7289818657769097,4,0.0169631802428975,0.771200688680013,59.96002664890073
flipped_part_005.mp4,1166,0,5,0.020158085988455,0.7759927749633789,0.7320278591579861,4,0.0171380543992078,0.7712932586669922,59.96002664890073
flipped_part_005.mp4,1167,0,5,0.0192585025628364,0.7750532786051433,0.7365250764069734,4,0.0175574772067391,0.7720685958862304,59.96002664890073
flipped_part_005.mp4,1168,0,6,0.0192716368280903,0.7748514811197916,0.7358197812680844,5,0.0180640654755902,0.7725048065185547,59.96002664890073
flipped_part_005.mp4,1169,0,6,0.0192381825765672,0.774905014038086,0.7377237390588831,5,0.0183585557446349,0.7733905792236329,59.96002664890073
flipped_part_005.mp4,1170,0,6,0.0197045770936205,0.7755903244018555,0.7372495863172743,5,0.0181633633142013,0.7738587697347005,59.96002664890073
flipped_part_005.mp4,1171,0,6,0.018936817171052,0.7747116724650065,0.7443549262152778,5,0.01795558999451,0.7739564895629882,59.96002664890073
flipped_part_005.mp4,1172,0,6,0.0188113131793215,0.7743927001953125,0.7440951877170139,5,0.0183774402947165,0.7740606943766276,59.96002664890073
flipped_part_005.mp4,1173,0,6,0.0188298284125307,0.7747376124064128,0.3325457537615741,5,0.0188298284125307,0.7747376124064128,59.96002664890073
flipped_part_005.mp4,1174,0,6,0.0190855036470262,0.7750890731811524,0.3335650973849826,5,0.0190855036470262,0.7750890731811524,59.96002664890073
flipped_part_005.mp4,1175,0,7,0.0192445394616677,0.7757015864054362,0.3349865948712384,6,0.0192445394616677,0.7757015864054362,59.96002664890073
flipped_part_005.mp4,1176,0,5,0.0192893969756551,0.7761110305786133,0.3345724600332754,4,0.0192893969756551,0.7761110305786133,59.96002664890073
flipped_part_005.mp4,1177,0,5,0.0192995999729976,0.7766578674316407,0.3365397700557002,4,0.0192995999729976,0.7766578674316407,59.96002664890073
flipped_part_005.mp4,1178,0,5,0.0195407761757572,0.7772552490234375,0.3375149197048611,4,0.0195407761757572,0.7772552490234375,59.96002664890073
flipped_part_005.mp4,1179,0,5,0.0198573651534712,0.7772200266520183,0.339901281286169,4,0.0198573651534712,0.7772200266520183,59.96002664890073
flipped_part_005.mp4,1180,0,6,0.0202351452937826,0.7777522404988607,0.3400955765335648,5,0.0202351452937826,0.7777522404988607,59.96002664890073
flipped_part_005.mp4,1181,0,7,0.0202888340287609,0.7775308609008789,0.3390335083007812,6,0.0202888340287609,0.7775308609008789,59.96002664890073
flipped_part_005.mp4,1182,0,5,0.0202636609996746,0.7779524485270183,0.3427832709418403,4,0.0202636609996746,0.7779524485270183,59.96002664890073
flipped_part_005.mp4,1183,0,5,0.0204814527394396,0.7781735102335612,0.3460006148726852,4,0.0204814527394396,0.7781735102335612,59.96002664890073
flipped_part_005.mp4,1184,0,5,0.0203496335825507,0.7777023315429688,0.3467168172200521,4,0.0203496335825507,0.7777023315429688,59.96002664890073
flipped_part_005.mp4,1185,0,5,0.0206660003202462,0.7776800155639648,0.350813971625434,4,0.0206660003202462,0.7776800155639648,59.96002664890073
flipped_part_005.mp4,1186,0,5,0.0209574000135259,0.7779705047607421,0.3539466575339988,4,0.0209574000135259,0.7779705047607421,59.96002664890073
flipped_part_005.mp4,1187,0,6,0.0217624979300559,0.7797822952270508,0.3551717687536169,5,0.0217624979300559,0.7797822952270508,59.96002664890073
flipped_part_005.mp4,1188,0,5,0.0217708818592493,0.7795017242431641,0.3580685085720486,4,0.0217708818592493,0.7795017242431641,59.96002664890073
flipped_part_005.mp4,1189,0,5,0.0223997028518459,0.7804847717285156,0.3619910346137153,4,0.0223997028518459,0.7804847717285156,59.96002664890073
flipped_part_005.mp4,1190,0,5,0.0222160008448796,0.7815081278483073,0.3655782063802083,4,0.0222160008448796,0.7815081278483073,59.96002664890073
flipped_part_005.mp4,1191,0,5,0.0224835723079741,0.7813826243082682,0.3668709083839699,4,0.0224835723079741,0.7813826243082682,59.96002664890073
flipped_part_005.mp4,1192,0,5,0.022428874229469,0.7815120061238606,0.3704386393229166,4,0.022428874229469,0.7815120061238606,59.96002664890073
flipped_part_005.mp4,1193,0,6,0.022437389268404,0.7816905975341797,0.3724502563476562,5,0.022437389268404,0.7816905975341797,59.96002664890073
flipped_part_005.mp4,1194,0,5,0.0225943989501899,0.782028071085612,0.375793061433015,4,0.0225943989501899,0.782028071085612,59.96002664890073
flipped_part_005.mp4,1195,0,5,0.0228204724356894,0.7817913055419922,0.3792151557074653,4,0.0228204724356894,0.7817913055419922,59.96002664890073
flipped_part_005.mp4,1196,0,4,0.0235155827573315,0.7836127599080404,0.382502520525897,3,0.0235155827573315,0.7836127599080404,59.96002664890073
flipped_part_005.mp4,1197,0,7,0.0236121622017688,0.7844441095987956,0.3831902398003472,6,0.0236121622017688,0.7844441095987956,59.96002664890073
flipped_part_005.mp4,1198,0,6,0.0243026027647795,0.7861390431722005,0.3875374688042535,5,0.0243026027647795,0.7861390431722005,59.96002664890073
flipped_part_005.mp4,1199,0,6,0.0254617671706041,0.7881053924560547,0.390665124963831,5,0.0254617671706041,0.7881053924560547,59.96002664890073
flipped_part_005.mp4,1200,0,6,0.0249846477413666,0.7870548248291016,0.3938706574616609,5,0.0249846477413666,0.7870548248291016,59.96002664890073
flipped_part_005.mp4,1201,0,6,0.0260823817425666,0.7894510269165039,0.3978478325737847,5,0.0260823817425666,0.7894510269165039,59.96002664890073
flipped_part_005.mp4,1202,0,6,0.0266222724318504,0.7909749984741211,0.3993263527199074,5,0.0266222724318504,0.7909749984741211,59.96002664890073
flipped_part_005.mp4,1203,0,6,0.0264657043947631,0.791050910949707,0.4039737277560764,5,0.0264657043947631,0.791050910949707,59.96002664890073
flipped_part_005.mp4,1204,0,6,0.026696455406232,0.7917389551798503,0.4082661946614583,5,0.026696455406232,0.7917389551798503,59.96002664890073
flipped_part_005.mp4,1205,0,6,0.0264061704830965,0.7912405649820964,0.4074061075846354,5,0.0264061704830965,0.7912405649820964,59.96002664890073
flipped_part_005.mp4,1206,0,6,0.0266040418834934,0.7919126510620117,0.4145212244104456,5,0.0266040418834934,0.7919126510620117,59.96002664890073
flipped_part_005.mp4,1207,0,5,0.0275494183064438,0.7937145233154297,0.4195187038845486,4,0.0275494183064438,0.7937145233154297,59.96002664890073
flipped_part_005.mp4,1208,0,5,0.0281265645239352,0.794749895731608,0.4230132491500289,4,0.0281265645239352,0.794749895731608,59.96002664890073
flipped_part_005.mp4,1209,0,5,0.0282824169267486,0.79567076365153,0.4266162448459201,4,0.0282824169267486,0.79567076365153,59.96002664890073
flipped_part_005.mp4,1210,0,5,0.0287003114081259,0.796371332804362,0.4308469984266493,4,0.0287003114081259,0.796371332804362,59.96002664890073
flipped_part_005.mp4,1211,0,5,0.0290277222171425,0.7969219207763671,0.4353079901801215,4,0.0290277222171425,0.7969219207763671,59.96002664890073
flipped_part_005.mp4,1212,0,5,0.029484121277648,0.7978876113891602,0.438773035120081,4,0.029484121277648,0.7978876113891602,59.96002664890073
flipped_part_005.mp4,1213,0,7,0.0302651071193395,0.7989501317342123,0.4418514675564236,6,0.0302651071193395,0.7989501317342123,59.96002664890073
flipped_part_005.mp4,1214,0,5,0.0308824232788497,0.8005715052286784,0.4459157307942708,4,0.0308824232788497,0.8005715052286784,59.96002664890073
flipped_part_005.mp4,1215,0,6,0.030947365001283,0.801043955485026,0.4484482941804109,5,0.030947365001283,0.801043955485026,59.96002664890073
flipped_part_005.mp4,1216,0,6,0.0322318593042803,0.8036827723185221,0.4534548724139178,5,0.0322318593042803,0.8036827723185221,59.96002664890073
flipped_part_005.mp4,1217,0,8,0.0322780712148717,0.8041269938151042,0.4566935221354166,7,0.0322780712148717,0.8041269938151042,59.96002664890073
flipped_part_005.mp4,1218,0,7,0.0322341671758396,0.8035532633463541,0.4597401371708622,6,0.0322341671758396,0.8035532633463541,59.96002664890073
flipped_part_005.mp4,1219,0,5,0.0326975026440427,0.8037424723307292,0.4678822835286458,4,0.0326975026440427,0.8037424723307292,59.96002664890073
flipped_part_005.mp4,1220,0,6,0.0333385131930872,0.8045999526977539,0.4731304027416088,5,0.0333385131930872,0.8045999526977539,59.96002664890073
flipped_part_005.mp4,1221,0,6,0.0346006433007035,0.8069107055664062,0.47744711416739,5,0.0346006433007035,0.8069107055664062,59.96002664890073
flipped_part_005.mp4,1222,0,6,0.0346917916412887,0.8066721598307292,0.481719066478588,5,0.0346917916412887,0.8066721598307292,59.96002664890073
flipped_part_005.mp4,1223,0,6,0.0349571592256931,0.807904307047526,0.4845450507269965,5,0.0349571592256931,0.807904307047526,59.96002664890073
flipped_part_005.mp4,1224,0,6,0.0353991125965559,0.8086711883544921,0.4909520467122396,5,0.0353991125965559,0.8086711883544921,59.96002664890073
flipped_part_005.mp4,1225,0,4,0.0358072605423512,0.8093815485636393,0.4956175062391493,3,0.0358072605423512,0.8093815485636393,59.96002664890073
flipped_part_005.mp4,1226,0,4,0.0361574814551406,0.8097397486368815,0.5006273057725694,3,0.0361574814551406,0.8097397486368815,59.96002664890073
flipped_part_005.mp4,1227,0,5,0.0360888612072089,0.8082740783691407,0.5097543787073207,4,0.0360888612072089,0.8082740783691407,59.96002664890073
flipped_part_005.mp4,1228,0,4,0.0375208396529261,0.8108189264933269,0.5172807481553819,3,0.0375208396529261,0.8108189264933269,59.96002664890073
flipped_part_005.mp4,1229,0,4,0.0392142439343,0.8138174057006836,0.5266503228081597,3,0.0392142439343,0.8138174057006836,59.96002664890073
flipped_part_005.mp4,1230,0,4,0.0399139621877434,0.8147842407226562,0.5314973619249131,3,0.0399139621877434,0.8147842407226562,59.96002664890073
flipped_part_005.mp4,1231,0,4,0.0401412280431638,0.8154623667399089,0.5348311812789351,3,0.0401412280431638,0.8154623667399089,59.96002664890073
flipped_part_005.mp4,1232,0,5,0.0413368986491588,0.8176748275756835,0.5407073974609375,4,0.0413368986491588,0.8176748275756835,59.96002664890073
flipped_part_005.mp4,1233,0,4,0.0416257230672959,0.818360964457194,0.5455589577003762,3,0.0416257230672959,0.818360964457194,59.96002664890073
flipped_part_005.mp4,1234,0,5,0.0439617287040972,0.8228675842285156,0.5578707659686053,4,0.0439617287040972,0.8228675842285156,59.96002664890073
flipped_part_005.mp4,1235,0,4,0.0436635624359068,0.8216276168823242,0.5640553792317708,3,0.0436635624359068,0.8216276168823242,59.96002664890073
flipped_part_005.mp4,1236,0,4,0.0445014191971427,0.8220293045043945,0.5736202098705151,3,0.0445014191971427,0.8220293045043945,59.96002664890073
flipped_part_005.mp4,1237,0,4,0.0445780963573229,0.8222146987915039,0.5822918362087673,3,0.0445780963573229,0.8222146987915039,59.96002664890073
flipped_part_005.mp4,1238,0,4,0.0453900149192324,0.823025131225586,0.5874931052879051,3,0.0453900149192324,0.823025131225586,59.96002664890073
flipped_part_005.mp4,1239,0,5,0.0455788722164773,0.8232924143473307,0.5960415310329861,4,0.0455788722164773,0.8232924143473307,59.96002664890073
flipped_part_005.mp4,1240,0,5,0.0465482351391175,0.8244745254516601,0.6012873331705729,3,0.004990581711959,0.7135269800821941,59.96002664890073
flipped_part_005.mp4,1241,0,4,0.0474682478170143,0.8264135996500651,0.6087878191912616,2,0.0037428293985107,0.7137947718302409,59.96002664890073
flipped_part_005.mp4,1242,0,4,0.0485752965802223,0.8281152725219727,0.6138355396412037,2,0.0038098777031862,0.7137962977091471,59.96002664890073
flipped_part_005.mp4,1243,0,4,0.046690105549031,0.8239540100097656,0.6151468347620082,2,0.0038259426315198,0.7137470245361328,59.96002664890073
flipped_part_005.mp4,1244,0,4,0.0478846585995159,0.8266813278198242,0.616291583025897,2,0.0038936923513473,0.7137233734130859,59.96002664890073
flipped_part_005.mp4,1245,0,4,0.0484573660520075,0.8284608840942382,0.6181393658673322,2,0.0039264479279518,0.7136461893717448,59.96002664890073
flipped_part_005.mp4,1246,0,4,0.0479960599880238,0.8273111979166666,0.6193399499963831,2,0.0039848699834288,0.7136226654052734,59.96002664890073
flipped_part_005.mp4,1247,0,3,0.0469026384450046,0.82486998240153,0.6221316867404514,2,0.003969188935977,0.7136950174967448,59.96002664890073
flipped_part_005.mp4,1248,0,3,0.0458338593366918,0.823366355895996,0.626555492259838,2,0.0039612214546542,0.7136175155639648,59.96002664890073
flipped_part_005.mp4,1249,0,3,0.0459231876550647,0.826225471496582,0.6333563345449942,2,0.0039443738222083,0.7137749354044597,59.96002664890073
flipped_part_005.mp4,1250,0,3,0.0492601805807229,0.8355522791544596,0.6337016918041088,2,0.003942533431109,0.7139891306559245,59.96002664890073
flipped_part_005.mp4,1251,0,3,0.0474345513391825,0.8314432144165039,0.6358505814163773,2,0.0039642245183414,0.7139410654703776,59.96002664890073
flipped_part_005.mp4,1252,0,3,0.0479684558289267,0.8342562357584635,0.6387774997287327,2,0.0039588067377917,0.7139112472534179,59.96002664890073
flipped_part_005.mp4,1253,0,3,0.0482077404212553,0.8358494440714518,0.6411705299660012,2,0.0039143630807908,0.713812255859375,59.96002664890073
flipped_part_005.mp4,1254,0,3,0.0486638830040141,0.8386753082275391,0.642919413248698,2,0.003861241939788,0.7139795939127604,59.96002664890073
flipped_part_005.mp4,1255,0,3,0.0495179105372517,0.8421682993570964,0.6462078518337674,2,0.0039014647833149,0.713863754272461,59.96002664890073
flipped_part_005.mp4,1256,0,3,0.0495056658912087,0.8435837427775065,0.6488662154586227,2,0.0039158326812968,0.7137201309204102,59.96002664890073
flipped_part_005.mp4,1257,0,3,0.050568819486038,0.8481861114501953,0.6519451565212674,2,0.0039066131271991,0.7135052998860677,59.96002664890073
flipped_part_005.mp4,1258,0,3,0.0515319844102487,0.8525345484415691,0.6533746790002893,2,0.0038987948324453,0.7132501602172852,59.96002664890073
flipped_part_005.mp4,1259,0,3,0.0509111648903625,0.8526325225830078,0.655577709056713,2,0.0039262883493426,0.7130907058715821,59.96002664890073
flipped_part_005.mp4,1260,0,3,0.0496320046608,0.8506132125854492,0.6621815999348958,2,0.0039394773697778,0.713172976175944,59.96002664890073
flipped_part_005.mp4,1261,0,3,0.049475165259849,0.8505878448486328,0.6640824494538484,2,0.0039080245533464,0.7131333033243815,59.96002664890073
flipped_part_005.mp4,1262,0,3,0.0487725280453903,0.8492939631144206,0.6672883775499132,2,0.0038584483218275,0.7130516688028972,59.96002664890073
flipped_part_005.mp4,1263,0,3,0.0481506742042256,0.8496185938517252,0.6706610220449942,2,0.0038507983355817,0.7131600062052409,59.96002664890073
flipped_part_005.mp4,1264,0,3,0.0474649969030482,0.8487468719482422,0.6732167561848958,2,0.0038599261445105,0.7131067911783854,59.96002664890073
flipped_part_005.mp4,1265,0,3,0.0478874987737637,0.8517653147379557,0.6761240641276042,2,0.0038841299981706,0.7132843653361003,59.96002664890073
flipped_part_005.mp4,1266,0,3,0.0481730770863043,0.852819315592448,0.6763681482385706,2,0.0039150857703255,0.7133732477823893,59.96002664890073
flipped_part_005.mp4,1267,0,3,0.0489108389978121,0.8566356658935547,0.6788269608109085,2,0.0039571651586447,0.7135059356689453,59.96002664890073
flipped_part_005.mp4,1268,0,3,0.0486443067900297,0.8580585479736328,0.684572516547309,2,0.0039612388677131,0.7136302947998047,59.96002664890073
flipped_part_005.mp4,1269,0,3,0.0483462628133646,0.8592701594034831,0.6866817898220486,2,0.0039034621841126,0.7136070251464843,59.96002664890073
flipped_part_005.mp4,1270,0,3,0.0488678945310594,0.8622329711914063,0.6908396402994792,2,0.0038684226564752,0.7136735916137695,59.96002664890073
flipped_part_005.mp4,1271,0,3,0.0485596585436724,0.8630039850870769,0.6946380615234375,2,0.0039228884160898,0.7138319651285807,59.96002664890073
flipped_part_005.mp4,1272,0,3,0.0476734468352191,0.861570930480957,0.6960230509440104,2,0.0039512763955927,0.713996696472168,59.96002664890073
flipped_part_005.mp4,1273,0,3,0.0477767701534321,0.8618946075439453,0.6959884643554688,2,0.003961364783684,0.7140907923380534,59.96002664890073
flipped_part_005.mp4,1274,0,3,0.0473792253017503,0.862407938639323,0.6982208251953125,2,0.0039751331120593,0.714238993326823,59.96002664890073
flipped_part_005.mp4,1275,0,3,0.0462521703636351,0.8621931711832682,0.7049290974934895,2,0.0039424103916422,0.7143959681193034,59.96002664890073
flipped_part_005.mp4,1276,0,3,0.0457104070945053,0.8620468139648437,0.7075721458152489,2,0.0039462343981075,0.7144392649332683,59.96002664890073
flipped_part_005.mp4,1277,0,3,0.044918999724075,0.8616421381632487,0.7127856784396701,2,0.0040433589024393,0.7145367304484049,59.96002664890073
flipped_part_005.mp4,1278,0,3,0.0452644067700021,0.8634054819742839,0.7129669189453125,2,0.0041169117470228,0.7147789637247721,59.96002664890073
flipped_part_005.mp4,1279,0,3,0.0435687067857684,0.8603359858194987,0.7168193675853588,2,0.0041168505027868,0.7149363199869792,59.96002664890073
flipped_part_005.mp4,1280,0,3,0.0428986302064731,0.859311866760254,0.7186385543258101,2,0.0040986412962471,0.7150875091552734,59.96002664890073
flipped_part_005.mp4,1281,0,3,0.0413643047425257,0.8583765029907227,0.7266395851417824,2,0.0041541593673173,0.7152450561523438,59.96002664890073
flipped_part_005.mp4,1282,0,3,0.0402910082598316,0.8567347208658854,0.7299667358398437,2,0.0041948068919871,0.7153009414672852,59.96002664890073
flipped_part_005.mp4,1283,0,3,0.0388962076945204,0.8528047561645508,0.735209486219618,2,0.0041968347344987,0.7152193705240886,59.96002664890073
flipped_part_005.mp4,1284,0,3,0.0377628756387922,0.8515394846598308,0.7389026217990451,2,0.0042108827513314,0.7152037302652995,59.96002664890073
flipped_part_005.mp4,1285,0,3,0.0357355839524556,0.8493239084879557,0.748631004050926,2,0.004214451649459,0.7152246475219727,59.96002664890073
flipped_part_005.mp4,1286,0,3,0.0357551542655018,0.8494234085083008,0.7467217904550058,2,0.0042338421867073,0.7152430216471354,59.96002664890073
flipped_part_005.mp4,1287,0,3,0.035350526916553,0.8512545267740885,0.7492463288483796,2,0.0043048958300561,0.7151439666748047,59.96002664890073
flipped_part_005.mp4,1288,0,3,0.0343686168446395,0.8514726638793946,0.7566526059751157,2,0.0043453925916994,0.7150660196940104,59.96002664890073
flipped_part_005.mp4,1289,0,3,0.0339096808394655,0.8521921157836914,0.7614467479564525,2,0.0043992970350455,0.7151725133260091,59.96002664890073
flipped_part_005.mp4,1290,0,3,0.0332366261254266,0.8520729700724284,0.7659592805085359,2,0.0043426749492506,0.7151411056518555,59.96002664890073
flipped_part_005.mp4,1291,0,3,0.0325714641871551,0.8530622482299804,0.7721555356626157,2,0.004381356978168,0.7152319590250651,59.96002664890073
flipped_part_005.mp4,1292,0,3,0.0313325536559353,0.8517662048339844,0.7765375207971643,2,0.0043709496058538,0.7149035135904948,59.96002664890073
flipped_part_005.mp4,1293,0,3,0.0310631769166017,0.8523794809977213,0.7796176486545139,2,0.0044339500816487,0.7150747299194335,59.96002664890073
flipped_part_005.mp4,1294,0,3,0.0309482866633657,0.8529108047485352,0.7829496030454283,2,0.0045321417304674,0.7154738108317057,59.96002664890073
flipped_part_005.mp4,1295,0,3,0.0288922636446336,0.8512468338012695,0.7918384693287037,2,0.0045048000734014,0.7155422846476237,59.96002664890073
flipped_part_005.mp4,1296,0,3,0.0283439675242536,0.852778434753418,0.7968878851996528,2,0.0045173383989701,0.715798823038737,59.96002664890073
flipped_part_005.mp4,1297,0,3,0.027386387536535,0.8515244166056315,0.8020453559027778,2,0.0045826045462551,0.7157996495564779,59.96002664890073
flipped_part_005.mp4,1298,0,3,0.0267778021204975,0.8501304626464844,0.8050920274522569,2,0.0045818059046535,0.7157978057861328,59.96002664890073
flipped_part_005.mp4,1299,0,3,0.0265470541740715,0.8516475677490234,0.8058208889431424,2,0.0048301575648063,0.7160512924194335,59.96002664890073
flipped_part_005.mp4,1300,0,3,0.0246480236457622,0.847445297241211,0.813536297833478,2,0.0049992848808566,0.7177979151407877,59.96002664890073
flipped_part_005.mp4,1301,0,3,0.0225779613302761,0.8447671890258789,0.8258756284360532,2,0.0051236234446534,0.7178613662719726,59.96002664890073
flipped_part_005.mp4,1302,0,3,0.0217154470360751,0.8453798294067383,0.8317999945746528,2,0.0050800710606078,0.7178216298421224,59.96002664890073
flipped_part_005.mp4,1303,0,4,0.0210700827107454,0.8482824961344401,0.83734130859375,2,0.0050649006955467,0.7177886962890625,59.96002664890073
flipped_part_005.mp4,1304,0,4,0.0201452515544305,0.848522440592448,0.8447799682617188,2,0.0050932457531014,0.7179357528686523,59.96002664890073
flipped_part_005.mp4,1305,0,4,0.0199119666324824,0.8514839172363281,0.8501102023654514,2,0.005099036779979,0.7176322937011719,59.96002664890073
flipped_part_005.mp4,1306,0,4,0.0194923699760154,0.8523197809855143,0.8535003096969039,2,0.0051170453439731,0.7178138732910156,59.96002664890073
flipped_part_005.mp4,1307,0,4,0.0187758559470293,0.8539287567138671,0.8584126225224248,2,0.0052038947990675,0.7183783849080404,59.96002664890073
flipped_part_005.mp4,1308,0,4,0.017528165533918,0.8538627624511719,0.8695783261899594,2,0.005294928275592,0.7190404891967773,59.96002664890073
flipped_part_005.mp4,1309,0,4,0.0160688572240933,0.8534067153930665,0.8780947649920429,2,0.0053056480929727,0.7192490895589193,59.96002664890073
flipped_part_005.mp4,1310,0,4,0.014870088919142,0.852341906229655,0.8832557395652488,2,0.0052849673533314,0.7192532221476237,59.96002664890073
flipped_part_005.mp4,1311,0,4,0.0138222787872008,0.8542732874552409,0.8914157443576389,2,0.0053195948015329,0.7189805984497071,59.96002664890073
flipped_part_005.mp4,1312,0,4,0.0125833775661885,0.8543144861857096,0.9000388816550926,2,0.005181436485959,0.7191267649332682,59.96002664890073
flipped_part_005.mp4,1313,0,5,0.0111905603297701,0.8528116861979167,0.9089635213216146,3,0.0051510786734838,0.7190290451049804,59.96002664890073
flipped_part_005.mp4,1314,0,4,0.0099059834466768,0.853587023417155,0.9178275214301216,2,0.0051309346800553,0.7194159189860027,59.96002664890073
flipped_part_005.mp4,1315,0,4,0.0084207759209675,0.8484642028808593,0.9263127644856772,2,0.0052277006549627,0.7195899963378907,59.96002664890073
flipped_part_005.mp4,1316,0,4,0.0070169643554577,0.8437946955362956,0.933023410373264,2,0.0051545465364243,0.7198244094848633,59.96002664890073
flipped_part_005.mp4,1317,0,4,0.0060486700357675,0.8370392481486003,0.938665262858073,2,0.0051417398278728,0.7199045181274414,59.96002664890073
flipped_part_005.mp4,1318,0,4,0.0051112763175236,0.7201479593912761,0.0824575070981626,2,0.0051112763175236,0.7201479593912761,59.96002664890073
flipped_part_005.mp4,1319,0,3,0.0050209847852561,0.720172119140625,0.0776495474356192,2,0.0050209847852561,0.720172119140625,59.96002664890073
flipped_part_005.mp4,1320,0,3,0.005037469707895,0.7205141067504883,0.0728861490885416,2,0.005037469707895,0.7205141067504883,59.96002664890073
flipped_part_005.mp4,1321,0,3,0.0053117543885255,0.7205975850423177,0.0762739676016348,2,0.0053117543885255,0.7205975850423177,59.96002664890073
flipped_part_005.mp4,1322,0,3,0.0053816405261426,0.7206400553385417,0.076281088369864,2,0.0053816405261426,0.7206400553385417,59.96002664890073
flipped_part_005.mp4,1323,0,2,0.0054726626530967,0.7208642959594727,0.0766340750235098,2,0.0054726626530967,0.7208642959594727,59.96002664890073
flipped_part_005.mp4,1324,0,2,0.0055433670777549,0.720796012878418,0.0759826942726417,2,0.0055433670777549,0.720796012878418,59.96002664890073
flipped_part_005.mp4,1325,0,2,0.0055741596611483,0.7209139506022135,0.0740908587420428,2,0.0055741596611483,0.7209139506022135,59.96002664890073
flipped_part_005.mp4,1326,0,2,0.0054832949061349,0.720314089457194,0.0735932526765046,2,0.0054832949061349,0.720314089457194,59.96002664890073
flipped_part_005.mp4,1327,0,2,0.005344196702483,0.7203828811645507,0.0719784206814236,2,0.005344196702483,0.7203828811645507,59.96002664890073
flipped_part_005.mp4,1328,0,2,0.0054588587711731,0.7220164616902669,0.0677800778989438,2,0.0054588587711731,0.7220164616902669,59.96002664890073
flipped_part_005.mp4,1329,0,2,0.0055734993580133,0.7215730667114257,0.0650815327962239,2,0.0055734993580133,0.7215730667114257,59.96002664890073
flipped_part_005.mp4,1330,0,2,0.0056182230686385,0.7221481323242187,0.0631139402036313,2,0.0056182230686385,0.7221481323242187,59.96002664890073
flipped_part_005.mp4,1331,0,2,0.0057321713017127,0.7226071039835612,0.0638319227430555,2,0.0057321713017127,0.7226071039835612,59.96002664890073
flipped_part_005.mp4,1332,0,2,0.0056537975507995,0.7230618158976237,0.0629869249131944,2,0.0056537975507995,0.7230618158976237,59.96002664890073
flipped_part_005.mp4,1333,0,2,0.0057502495286785,0.7222399393717448,0.0616006074128327,2,0.0057502495286785,0.7222399393717448,59.96002664890073
flipped_part_005.mp4,1334,0,2,0.0058330304268747,0.7238821029663086,0.0612026638454861,2,0.0058330304268747,0.7238821029663086,59.96002664890073
flipped_part_005.mp4,1335,0,2,0.0058358713389262,0.7237333297729492,0.0569359673394097,2,0.0058358713389262,0.7237333297729492,59.96002664890073
flipped_part_005.mp4,1336,0,2,0.0057776064373481,0.7237650553385416,0.056695810953776,2,0.0057776064373481,0.7237650553385416,59.96002664890073
flipped_part_005.mp4,1337,0,2,0.0058414865844113,0.723948351542155,0.0553602713125723,2,0.0058414865844113,0.723948351542155,59.96002664890073
flipped_part_005.mp4,1338,0,2,0.0057209767886282,0.7239140192667644,0.0542605929904513,2,0.0057209767886282,0.7239140192667644,59.96002664890073
flipped_part_005.mp4,1339,0,2,0.0058452737998568,0.7240545272827148,0.0525155244050202,2,0.0058452737998568,0.7240545272827148,59.96002664890073
flipped_part_005.mp4,1340,0,4,0.005675249456221,0.7239019393920898,0.0523362901475694,4,0.005675249456221,0.7239019393920898,59.96002664890073
flipped_part_005.mp4,1341,0,3,0.0058104205566147,0.7240718841552735,0.0512712266710069,3,0.0058104205566147,0.7240718841552735,59.96002664890073
flipped_part_005.mp4,1342,0,4,0.005956734905679,0.724388313293457,0.0496241251627604,4,0.005956734905679,0.724388313293457,59.96002664890073
flipped_part_005.mp4,1343,0,4,0.0060164596838876,0.7251638412475586,0.0478973388671875,4,0.0060164596838876,0.7251638412475586,59.96002664890073
flipped_part_005.mp4,1344,0,3,0.0061928188204075,0.7258581797281901,0.046024661593967,3,0.0061928188204075,0.7258581797281901,59.96002664890073
flipped_part_005.mp4,1345,0,3,0.0060471338730299,0.7255908966064453,0.0496970565230758,3,0.0060471338730299,0.7255908966064453,59.96002664890073
flipped_part_005.mp4,1346,0,3,0.0060066182058977,0.7252742767333984,0.0506608751085069,3,0.0060066182058977,0.7252742767333984,59.96002664890073
flipped_part_005.mp4,1347,0,3,0.0062406674399971,0.7255739212036133,0.0467628761574074,3,0.0062406674399971,0.7255739212036133,59.96002664890073
flipped_part_005.mp4,1348,0,3,0.0063861259879626,0.7256793975830078,0.0427530359338831,3,0.0063861259879626,0.7256793975830078,59.96002664890073
flipped_part_005.mp4,1349,0,3,0.0065464648935529,0.7260224024454752,0.0412665755660445,3,0.0065464648935529,0.7260224024454752,59.96002664890073
flipped_part_005.mp4,1350,0,3,0.0066612650088503,0.7264864603678386,0.0394005952058015,3,0.0066612650088503,0.7264864603678386,59.96002664890073
flipped_part_005.mp4,1351,0,3,0.0065945035169715,0.7259796778361003,0.0370964332863136,3,0.0065945035169715,0.7259796778361003,59.96002664890073
flipped_part_005.mp4,1352,0,3,0.00666642903457,0.7265722274780273,0.0354089242440682,3,0.00666642903457,0.7265722274780273,59.96002664890073
flipped_part_005.mp4,1353,0,3,0.007390646302913,0.7302480697631836,0.031672951027199,3,0.007390646302913,0.7302480697631836,59.96002664890073
flipped_part_005.mp4,1354,0,3,0.0070723595607876,0.7291330337524414,0.0309572290491174,3,0.0070723595607876,0.7291330337524414,59.96002664890073
flipped_part_005.mp4,1355,0,3,0.0068758739538801,0.7291646957397461,0.0340144122088396,3,0.0068758739538801,0.7291646957397461,59.96002664890073
flipped_part_005.mp4,1356,0,3,0.0071569258607579,0.7300067901611328,0.029268815782335,3,0.0071569258607579,0.7300067901611328,59.96002664890073
flipped_part_005.mp4,1357,0,4,0.0068545356738225,0.7286504745483399,0.0309378729926215,4,0.0068545356738225,0.7286504745483399,59.96002664890073
flipped_part_005.mp4,1358,0,4,0.0071440106459906,0.7296435038248698,0.0267299228244357,4,0.0071440106459906,0.7296435038248698,59.96002664890073
flipped_part_005.mp4,1359,0,4,0.007155977822224,0.7303464889526368,0.0264558862756799,4,0.007155977822224,0.7303464889526368,59.96002664890073
flipped_part_005.mp4,1360,0,4,0.0071629450741737,0.7309335072835287,0.0251198662651909,4,0.0071629450741737,0.7309335072835287,59.96002664890073
flipped_part_005.mp4,1361,0,4,0.0072183719410289,0.7314337412516276,0.0247431437174479,4,0.0072183719410289,0.7314337412516276,59.96002664890073
flipped_part_005.mp4,1362,0,4,0.007300154375752,0.7317598342895508,0.0225140324345341,4,0.007300154375752,0.7317598342895508,59.96002664890073
flipped_part_005.mp4,1363,0,4,0.007779764845715,0.7343517303466797,0.0175285621925636,4,0.007779764845715,0.7343517303466797,59.96002664890073
flipped_part_005.mp4,1364,0,4,0.0078592995599804,0.7344185511271158,0.0150038825141059,4,0.0078592995599804,0.7344185511271158,59.96002664890073
flipped_part_005.mp4,1365,0,4,0.0079003767105916,0.7352779388427735,0.0145458927860966,4,0.0079003767105916,0.7352779388427735,59.96002664890073
flipped_part_005.mp4,1366,0,4,0.0079757867250979,0.7360292434692383,0.0115768715187355,4,0.0079757867250979,0.7360292434692383,59.96002664890073
flipped_part_005.mp4,1367,0,4,0.0079207047799395,0.7355246225992839,0.009824964735243,4,0.0079207047799395,0.7355246225992839,59.96002664890073
flipped_part_005.mp4,1368,0,4,0.0079468946186319,0.7356246948242188,0.0077889053909866,4,0.0079468946186319,0.7356246948242188,59.96002664890073
flipped_part_005.mp4,1369,0,4,0.008034195777032,0.7362577438354492,0.0056239092791521,4,0.008034195777032,0.7362577438354492,59.96002664890073
flipped_part_005.mp4,1370,0,4,0.0081726374712565,0.7365870157877604,0.0048178213614004,4,0.0081726374712565,0.7365870157877604,59.96002664890073
flipped_part_005.mp4,1371,0,4,0.0080244668376366,0.7365629196166992,4.00401927806713e-05,4,0.0080244668376366,0.7365629196166992,59.96002664890073
flipped_part_005.mp4,1372,0,4,0.0082498664565112,0.736683718363444,0.0047811437536168,4,0.0082498664565112,0.736683718363444,59.96002664890073
flipped_part_005.mp4,1373,0,4,0.0083837554557248,0.7376383463541667,0.0065851847330729,4,0.0083837554557248,0.7376383463541667,59.96002664890073
flipped_part_005.mp4,1374,0,4,0.0082690584170308,0.7376219431559244,0.0091676500108506,4,0.0082690584170308,0.7376219431559244,59.96002664890073
flipped_part_005.mp4,1375,0,4,0.0083627902305225,0.7374123255411784,0.009939377396195,4,0.0083627902305225,0.7374123255411784,59.96002664890073
flipped_part_005.mp4,1376,0,5,0.0083872882045236,0.7381430943806966,0.0107817473234953,5,0.0083872882045236,0.7381430943806966,59.96002664890073
flipped_part_005.mp4,1377,0,4,0.0086494871087618,0.7384384155273438,0.0136802673339843,4,0.0086494871087618,0.7384384155273438,59.96002664890073
flipped_part_005.mp4,1378,0,4,0.0087667365980558,0.7386358896891276,0.0172939441822193,4,0.0087667365980558,0.7386358896891276,59.96002664890073
flipped_part_005.mp4,1379,0,4,0.0090018064681013,0.7390508651733398,0.0212366457338686,4,0.0090018064681013,0.7390508651733398,59.96002664890073
flipped_part_005.mp4,1380,1,4,0.009204676147237,0.7398948669433594,0.0222359268753616,4,0.009204676147237,0.7398948669433594,59.96002664890073
flipped_part_005.mp4,1381,1,4,0.0091583647862788,0.7400552749633789,0.0232937565556278,4,0.0091583647862788,0.7400552749633789,59.96002664890073
flipped_part_005.mp4,1382,1,4,0.0090416721528235,0.7401258468627929,0.0244065743905526,4,0.0090416721528235,0.7401258468627929,59.96002664890073
flipped_part_005.mp4,1383,1,5,0.0100642206913067,0.9988121032714844,0.933636474609375,4,0.0090908664325359,0.7400353113810222,59.96002664890073
flipped_part_005.mp4,1384,1,5,0.0155493267422274,0.9994329452514648,0.9077624285662615,4,0.0091300201934063,0.7399538675944011,59.96002664890073
flipped_part_005.mp4,1385,1,5,0.0208556969230994,0.9991622924804688,0.8829872413917824,4,0.009147640640165,0.7402566909790039,59.96002664890073
flipped_part_005.mp4,1386,1,5,0.0259401709908464,0.9995298385620116,0.8613338894314236,4,0.009269491910915,0.740916633605957,59.96002664890073
flipped_part_005.mp4,1387,1,5,0.0305367754122966,0.9994573593139648,0.8394739786783855,4,0.0094517290906514,0.7413131713867187,59.96002664890073
flipped_part_005.mp4,1388,1,5,0.0351887235653379,0.9993115107218424,0.8220906575520833,4,0.0095232692545417,0.7414744059244792,59.96002664890073
flipped_part_005.mp4,1389,1,5,0.0398481092351721,0.9993762969970704,0.8031718501338252,4,0.0094463877223649,0.7416790008544922,59.96002664890073
flipped_part_005.mp4,1390,1,5,0.0440316701098345,0.999464988708496,0.7858561197916667,4,0.0097488687097534,0.7423067728678385,59.96002664890073
flipped_part_005.mp4,1391,1,5,0.0477942814599696,0.9992939631144204,0.7687927811234085,4,0.0098846849533413,0.7428327560424804,59.96002664890073
flipped_part_005.mp4,1392,1,5,0.0519289341300221,0.9996549606323242,0.7537547358760127,4,0.0098792890612255,0.7428160349527995,59.96002664890073
flipped_part_005.mp4,1393,1,5,0.0567892152320824,0.9996103286743164,0.7365257545753762,4,0.010073409274062,0.7432302474975586,59.96002664890073
flipped_part_005.mp4,1394,1,5,0.0636686297965719,0.9993488311767578,0.7238306116174769,4,0.0101634255851483,0.7429267883300781,59.96002664890073
flipped_part_005.mp4,1395,1,5,0.0713948384912779,0.9994579315185548,0.7082988597728588,4,0.0105728618407468,0.7442420959472656,59.96002664890073
flipped_part_005.mp4,1396,1,5,0.0774295724694254,0.9994138717651369,0.6954914799442997,4,0.0107893443651577,0.7447565078735352,59.96002664890073
flipped_part_005.mp4,1397,1,5,0.0821057584026776,0.9992738723754884,0.6864115397135416,4,0.0111244964725151,0.7452680587768554,59.96002664890073
flipped_part_005.mp4,1398,1,5,0.08750402846296,0.9994747161865234,0.6722099021629051,4,0.0110977826568058,0.7452400843302409,59.96002664890073
flipped_part_005.mp4,1399,1,5,0.0927368148230016,0.99950319925944,0.6611504448784722,4,0.011155333202864,0.7457902908325196,59.96002664890073
flipped_part_005.mp4,1400,1,5,0.0968173787921967,0.9995172500610352,0.6523623431170428,4,0.0113969743384222,0.7460554122924805,59.96002664890073
flipped_part_005.mp4,1401,1,5,0.1000325878799668,0.9993488947550456,0.6446266456886575,4,0.0117426971621404,0.7469078063964844,59.96002664890073
flipped_part_005.mp4,1402,1,5,0.1039367429787914,0.9994356155395508,0.6336208767361111,4,0.0117680997346825,0.7474220911661784,59.96002664890073
flipped_part_005.mp4,1403,1,5,0.1063381905364804,0.9994537353515623,0.6253339979383681,4,0.0114831035063953,0.7475984573364258,59.96002664890073
flipped_part_005.mp4,1404,1,4,0.1085861957797322,0.9994873046875,0.6179103710033276,3,0.0115624331701442,0.7475530624389648,59.96002664890073
flipped_part_005.mp4,1405,1,5,0.1139078552840833,0.9994976043701173,0.6054004245334201,4,0.0119138529466484,0.7478204727172851,59.96002664890073
flipped_part_005.mp4,1406,1,5,0.1154914187368316,0.999492645263672,0.5993226227936921,5,0.1154914187368316,0.999492645263672,59.96002664890073
flipped_part_005.mp4,1407,1,5,0.1175660118919849,0.9994766235351562,0.5921929253472222,5,0.1175660118919849,0.9994766235351562,59.96002664890073
flipped_part_005.mp4,1408,1,5,0.1204504668448741,0.999113655090332,0.5833952727141204,5,0.1204504668448741,0.999113655090332,59.96002664890073
flipped_part_005.mp4,1409,1,5,0.1224060965760145,0.999169413248698,0.5779278225368923,5,0.1224060965760145,0.999169413248698,59.96002664890073
flipped_part_005.mp4,1410,1,5,0.1253029626899615,0.9990676879882812,0.5700981422706887,5,0.1253029626899615,0.9990676879882812,59.96002664890073
flipped_part_005.mp4,1411,1,4,0.1298491046014622,0.9992721557617188,0.5579992788809317,4,0.1298491046014622,0.9992721557617188,59.96002664890073
flipped_part_005.mp4,1412,1,4,0.1307572458591312,0.9991188049316406,0.5541838469328704,4,0.1307572458591312,0.9991188049316406,59.96002664890073
flipped_part_005.mp4,1413,1,5,0.1328260566705527,0.9991989771525064,0.5490313494646991,5,0.1328260566705527,0.9991989771525064,59.96002664890073
flipped_part_005.mp4,1414,1,5,0.1354323311543514,0.9993229548136392,0.54462811505353,5,0.1354323311543514,0.9993229548136392,59.96002664890073
flipped_part_005.mp4,1415,1,5,0.1368802508722486,0.999331283569336,0.540118916829427,5,0.1368802508722486,0.999331283569336,59.96002664890073
flipped_part_005.mp4,1416,1,5,0.1392063493042951,0.9992536544799804,0.5331166585286459,5,0.1392063493042951,0.9992536544799804,59.96002664890073
flipped_part_005.mp4,1417,1,4,0.1397658877574334,0.9993053436279296,0.5314424302842882,4,0.1397658877574334,0.9993053436279296,59.96002664890073
flipped_part_005.mp4,1418,1,4,0.1431926117193911,0.9993236541748048,0.5213137591326679,4,0.1431926117193911,0.9993236541748048,59.96002664890073
flipped_part_005.mp4,1419,1,4,0.14556978112216,0.9992650985717774,0.5141398111979166,4,0.14556978112216,0.9992650985717774,59.96002664890073
flipped_part_005.mp4,1420,1,4,0.1472834119646534,0.9992757797241212,0.510119233308015,4,0.1472834119646534,0.9992757797241212,59.96002664890073
flipped_part_005.mp4,1421,1,5,0.1480498468305881,0.9992271423339844,0.5084325719762731,5,0.1480498468305881,0.9992271423339844,59.96002664890073
flipped_part_005.mp4,1422,1,5,0.1493084905343561,0.9992344538370768,0.5035883020471643,5,0.1493084905343561,0.9992344538370768,59.96002664890073
flipped_part_005.mp4,1423,1,5,0.1500023536843623,0.9993956247965496,0.5018017239040798,5,0.1500023536843623,0.9993956247965496,59.96002664890073
flipped_part_005.mp4,1424,1,4,0.1513312199131016,0.9995134353637696,0.498251794885706,4,0.1513312199131016,0.9995134353637696,59.96002664890073
flipped_part_005.mp4,1425,1,5,0.1536618577712215,0.9994913101196288,0.4935987684461805,5,0.1536618577712215,0.9994913101196288,59.96002664890073
flipped_part_005.mp4,1426,1,5,0.1553958008383159,0.9996280670166016,0.4912009910300925,5,0.1553958008383159,0.9996280670166016,59.96002664890073
flipped_part_005.mp4,1427,1,5,0.1563439935943353,0.999264144897461,0.4898231788917824,5,0.1563439935943353,0.999264144897461,59.96002664890073
flipped_part_005.mp4,1428,1,4,0.1581436091871647,0.9992263793945312,0.4867665608723958,4,0.1581436091871647,0.9992263793945312,59.96002664890073
flipped_part_005.mp4,1429,1,5,0.1585182007555246,0.9990943908691406,0.4855256257233796,5,0.1585182007555246,0.9990943908691406,59.96002664890073
flipped_part_005.mp4,1430,1,4,0.1608087308130968,0.999138641357422,0.4788556699399595,4,0.1608087308130968,0.999138641357422,59.96002664890073
flipped_part_005.mp4,1431,1,4,0.1609532228230576,0.9990571975708008,0.4779467547381366,4,0.1609532228230576,0.9990571975708008,59.96002664890073
flipped_part_005.mp4,1432,1,4,0.1628611459642419,0.9991046905517578,0.472400552255136,4,0.1628611459642419,0.9991046905517578,59.96002664890073
flipped_part_005.mp4,1433,1,4,0.1641994676133402,0.9991601943969728,0.4706711380570023,4,0.1641994676133402,0.9991601943969728,59.96002664890073
flipped_part_005.mp4,1434,1,4,0.1646265441897493,0.9993204752604168,0.4687902945059317,4,0.1646265441897493,0.9993204752604168,59.96002664890073
flipped_part_005.mp4,1435,1,4,0.1650504608114051,0.9993335723876952,0.4692050792552806,4,0.1650504608114051,0.9993335723876952,59.96002664890073
flipped_part_005.mp4,1436,1,4,0.1661903076130127,0.9992961883544922,0.467489030626085,4,0.1661903076130127,0.9992961883544922,59.96002664890073
flipped_part_005.mp4,1437,1,4,0.1670998242448291,0.9992489496866862,0.4661548755787037,4,0.1670998242448291,0.9992489496866862,59.96002664890073
flipped_part_005.mp4,1438,1,4,0.1711799195248426,0.999306869506836,0.4609797724971065,4,0.1711799195248426,0.999306869506836,59.96002664890073
flipped_part_005.mp4,1439,1,4,0.174863675184315,0.9994393030802408,0.4560508728027344,4,0.174863675184315,0.9994393030802408,59.96002664890073
flipped_part_005.mp4,1440,1,4,0.174805228359883,0.9995014826456706,0.455824053729022,4,0.174805228359883,0.9995014826456706,59.96002664890073
flipped_part_005.mp4,1441,1,4,0.177017383059671,0.99954039255778,0.4520327815303096,4,0.177017383059671,0.99954039255778,59.96002664890073
flipped_part_005.mp4,1442,1,3,0.1780259614221264,0.9996826171875,0.4493237248173466,3,0.1780259614221264,0.9996826171875,59.96002664890073
flipped_part_005.mp4,1443,1,4,0.1788339512391636,0.9997172037760416,0.4483696831597222,4,0.1788339512391636,0.9997172037760416,59.96002664890073
flipped_part_005.mp4,1444,1,4,0.1787074724042354,0.999640655517578,0.4497798495822482,4,0.1787074724042354,0.999640655517578,59.96002664890073
flipped_part_005.mp4,1445,1,4,0.1794878836452133,0.9996277491251628,0.4477658872251157,4,0.1794878836452133,0.9996277491251628,59.96002664890073
flipped_part_005.mp4,1446,1,4,0.180233454378063,0.9995480219523112,0.4459642198350694,4,0.180233454378063,0.9995480219523112,59.96002664890073
flipped_part_005.mp4,1447,1,4,0.1801371742614055,0.999216079711914,0.4473289772316262,4,0.1801371742614055,0.999216079711914,59.96002664890073
flipped_part_005.mp4,1448,1,4,0.1740357665138112,0.9869213740030924,0.4453820122612847,4,0.1740357665138112,0.9869213740030924,59.96002664890073
flipped_part_005.mp4,1449,1,4,0.1679394951373494,0.9760576883951824,0.4458765665690104,4,0.1679394951373494,0.9760576883951824,59.96002664890073
flipped_part_005.mp4,1450,1,3,0.1632618327368551,0.9669595718383788,0.4446621647587529,3,0.1632618327368551,0.9669595718383788,59.96002664890073
flipped_part_005.mp4,1451,1,3,0.1573546780185791,0.9558692932128906,0.443051853886357,3,0.1573546780185791,0.9558692932128906,59.96002664890073
flipped_part_005.mp4,1452,1,3,0.1541224836951328,0.9498909632364908,0.4421685112847222,3,0.1541224836951328,0.9498909632364908,59.96002664890073
flipped_part_005.mp4,1453,1,4,0.1465246581479786,0.9370262781778972,0.442858491120515,4,0.1465246581479786,0.9370262781778972,59.96002664890073
flipped_part_005.mp4,1454,1,4,0.1420461185090243,0.9271305084228516,0.441552734375,4,0.1420461185090243,0.9271305084228516,59.96002664890073
flipped_part_005.mp4,1455,1,3,0.1386221948865352,0.9207890192667644,0.4407565646701389,3,0.1386221948865352,0.9207890192667644,59.96002664890073
flipped_part_005.mp4,1456,1,3,0.1356248963886173,0.9151880264282226,0.4397842407226562,3,0.1356248963886173,0.9151880264282226,59.96002664890073
flipped_part_005.mp4,1457,1,4,0.1316444174400789,0.9075070063273112,0.4394839816623264,4,0.1316444174400789,0.9075070063273112,59.96002664890073
flipped_part_005.mp4,1458,1,3,0.1301929285478157,0.903816032409668,0.4375745985243056,3,0.1301929285478157,0.903816032409668,59.96002664890073
flipped_part_005.mp4,1459,1,3,0.1267960652019174,0.8976345698038737,0.4352633440936053,3,0.1267960652019174,0.8976345698038737,59.96002664890073
flipped_part_005.mp4,1460,1,3,0.1238676589362957,0.8921430587768555,0.4353412204318576,3,0.1238676589362957,0.8921430587768555,59.96002664890073
flipped_part_005.mp4,1461,1,3,0.1187277417287178,0.8830938975016276,0.434669268572772,3,0.1187277417287178,0.8830938975016276,59.96002664890073
flipped_part_005.mp4,1462,1,4,0.1155099333294959,0.876661745707194,0.4315244604040075,4,0.1155099333294959,0.876661745707194,59.96002664890073
flipped_part_005.mp4,1463,1,4,0.112505412317502,0.87078857421875,0.4281026204427083,4,0.112505412317502,0.87078857421875,59.96002664890073
flipped_part_005.mp4,1464,1,5,0.1107084465395935,0.8673160552978516,0.4272392555519386,5,0.1107084465395935,0.8673160552978516,59.96002664890073
flipped_part_005.mp4,1465,1,4,0.1084430654634603,0.8638397216796875,0.4254265114113136,4,0.1084430654634603,0.8638397216796875,59.96002664890073
flipped_part_005.mp4,1466,1,5,0.1043294774569167,0.8610439300537109,0.4082245155617043,5,0.1043294774569167,0.8610439300537109,59.96002664890073
flipped_part_005.mp4,1467,1,5,0.1012796683784575,0.8582231521606445,0.3923203644929108,5,0.1012796683784575,0.8582231521606445,59.96002664890073
flipped_part_005.mp4,1468,1,5,0.0978382859410582,0.8551492691040039,0.3814116583930121,5,0.0978382859410582,0.8551492691040039,59.96002664890073
flipped_part_005.mp4,1469,1,6,0.0924813332779794,0.850445048014323,0.3683853149414062,5,0.0924813332779794,0.850445048014323,59.96002664890073
flipped_part_005.mp4,1470,1,6,0.0900577609647384,0.8502010981241862,0.3612084282769097,5,0.0900577609647384,0.8502010981241862,59.96002664890073
flipped_part_005.mp4,1471,1,5,0.0881791044845401,0.8457921981811524,0.356365966796875,4,0.0881791044845401,0.8457921981811524,59.96002664890073
flipped_part_005.mp4,1472,1,6,0.0845210667830866,0.8447868347167968,0.341255866156684,5,0.0845210667830866,0.8447868347167968,59.96002664890073
flipped_part_005.mp4,1473,1,5,0.0808478145836654,0.842502212524414,0.32013835200557,4,0.0808478145836654,0.842502212524414,59.96002664890073
flipped_part_005.mp4,1474,1,5,0.0771315441623705,0.8396741867065429,0.3040348476833767,4,0.0771315441623705,0.8396741867065429,59.96002664890073
flipped_part_005.mp4,1475,1,5,0.0732348405601698,0.8349605560302734,0.2908198603877315,4,0.0732348405601698,0.8349605560302734,59.96002664890073
flipped_part_005.mp4,1476,1,5,0.0693639205766279,0.8325524012247721,0.2725611086244936,4,0.0693639205766279,0.8325524012247721,59.96002664890073
flipped_part_005.mp4,1477,1,5,0.0664275762274247,0.8306066513061523,0.2597480491355613,4,0.0664275762274247,0.8306066513061523,59.96002664890073
flipped_part_005.mp4,1478,1,5,0.0669861476154377,0.9994140625,0.7945027669270833,4,0.0652650773272735,0.8300628662109375,59.96002664890073
flipped_part_005.mp4,1479,1,6,0.0707289320350025,0.9990062713623048,0.7814988312897859,5,0.0609663087844307,0.8241594314575196,59.96002664890073
flipped_part_005.mp4,1480,1,6,0.0749311627272982,0.9989633560180664,0.7713985301830151,5,0.0576147142188791,0.8193857192993164,59.96002664890073
flipped_part_005.mp4,1481,1,6,0.08010343821079,0.9988750457763672,0.7608244154188368,5,0.0566523772846608,0.8164007186889648,59.96002664890073
flipped_part_005.mp4,1482,1,6,0.0841984768000353,0.9989662170410156,0.7506581624348958,5,0.0545301380937302,0.8119163513183594,59.96002664890073
flipped_part_005.mp4,1483,1,5,0.086879135996285,0.9986431121826173,0.7433793244538484,4,0.0512401626055361,0.8107667922973633,59.96002664890073
flipped_part_005.mp4,1484,1,5,0.0913291038930549,0.9983837127685546,0.7318214133933738,4,0.0479239233862069,0.8088594436645508,59.96002664890073
flipped_part_005.mp4,1485,1,5,0.0937276226025467,0.9975956598917644,0.7222917909975405,4,0.0462747104628889,0.807533327738444,59.96002664890073
flipped_part_005.mp4,1486,1,5,0.0968364621217673,0.9980404535929362,0.7140684339735243,4,0.0450313862859426,0.807133674621582,59.96002664890073
flipped_part_005.mp4,1487,1,5,0.0999354983423836,0.9978641510009766,0.7063008626302083,4,0.0453457562393116,0.8055868148803711,59.96002664890073
flipped_part_005.mp4,1488,1,6,0.1027084089932031,0.9964029312133788,0.6970404730902777,5,0.0444252785448043,0.8044586817423502,59.96002664890073
flipped_part_005.mp4,1489,1,7,0.1059539186628535,0.9969898223876952,0.6860585530598958,6,0.0434103719140694,0.803048578898112,59.96002664890073
flipped_part_005.mp4,1490,1,6,0.1084361390566401,0.9981658935546877,0.6805683842411747,5,0.0406320690026687,0.8009564081827799,59.96002664890073
flipped_part_005.mp4,1491,1,5,0.1104514493700116,0.9961863199869792,0.6733556676793981,4,0.0409160991761988,0.7991840998331706,59.96002664890073
flipped_part_005.mp4,1492,1,6,0.1147776573450149,0.9986722946166992,0.6634267171223959,5,0.0405890430575851,0.7971708297729492,59.96002664890073
flipped_part_005.mp4,1493,1,6,0.1159533447819369,0.997335116068522,0.6599023324471933,5,0.0399543323602605,0.7929483413696289,59.96002664890073
flipped_part_005.mp4,1494,1,5,0.1179621233317582,0.99901065826416,0.6568951076931424,4,0.0390488230249266,0.7908321380615234,59.96002664890073
flipped_part_005.mp4,1495,1,5,0.1196808164182584,0.9960371017456054,0.6468719482421875,4,0.0311133454319012,0.7891042073567708,59.96002664890073
flipped_part_005.mp4,1496,1,4,0.1210985707900383,0.9943321863810222,0.6435902348271123,3,0.0290303175507923,0.7861826578776042,59.96002664890073
flipped_part_005.mp4,1497,1,4,0.1239868781542302,0.9932428359985352,0.6313423439308449,3,0.0287827026630596,0.7839382807413737,59.96002664890073
flipped_part_005.mp4,1498,1,4,0.1257083987891113,0.9897600809733073,0.6259331032081886,3,0.0300834562384989,0.7840363184611002,59.96002664890073
flipped_part_005.mp4,1499,1,4,0.1284793351396607,0.9922382354736328,0.6208905820493344,3,0.0301455214765425,0.7842968622843425,59.96002664890073
flipped_part_005.mp4,1500,1,4,0.12899662783502,0.9915777206420898,0.6177221792715567,3,0.0276240033137663,0.7820161819458008,59.96002664890073
flipped_part_005.mp4,1501,1,4,0.1316642813573708,0.9913206100463868,0.6100463302047164,3,0.0269138979533184,0.7787012100219727,59.96002664890073
flipped_part_005.mp4,1502,1,3,0.1329683954702987,0.9939170837402344,0.6066702948676215,2,0.0265745606490703,0.7786791483561198,59.96002664890073
flipped_part_005.mp4,1503,1,3,0.1348287376278528,0.9935920715332032,0.5994348596643518,3,0.1348287376278528,0.9935920715332032,59.96002664890073
flipped_part_005.mp4,1504,1,3,0.1372927481205422,0.994892692565918,0.5983316492151332,3,0.1372927481205422,0.994892692565918,59.96002664890073
flipped_part_005.mp4,1505,1,4,0.1372690110560506,0.9938238779703776,0.5920188621238426,4,0.1372690110560506,0.9938238779703776,59.96002664890073
flipped_part_005.mp4,1506,1,3,0.1417688177368621,0.9955223083496094,0.5851155033817997,3,0.1417688177368621,0.9955223083496094,59.96002664890073
flipped_part_005.mp4,1507,1,4,0.1451311304560111,0.9957036972045898,0.5747067486798322,4,0.1451311304560111,0.9957036972045898,59.96002664890073
flipped_part_005.mp4,1508,1,5,0.1461865963623859,0.9959757486979168,0.5726800989221643,4,0.1461865963623859,0.9959757486979168,59.96002664890073
flipped_part_005.mp4,1509,1,4,0.1495850730770164,0.9957433700561524,0.5610446506076389,4,0.1495850730770164,0.9957433700561524,59.96002664890073
flipped_part_005.mp4,1510,1,4,0.1522758899975775,0.9964937210083008,0.5553853918004918,4,0.1522758899975775,0.9964937210083008,59.96002664890073
flipped_part_005.mp4,1511,1,3,0.1526154197343081,0.9962493896484376,0.55363848650897,3,0.1526154197343081,0.9962493896484376,59.96002664890073
flipped_part_005.mp4,1512,1,3,0.1526017698304106,0.9963788986206056,0.5524407280815973,3,0.1526017698304106,0.9963788986206056,59.96002664890073
flipped_part_005.mp4,1513,1,4,0.1536486935686718,0.996601104736328,0.5509164880823206,4,0.1536486935686718,0.996601104736328,59.96002664890073
flipped_part_005.mp4,1514,1,3,0.1536822543106973,0.997102419535319,0.5495814005533854,3,0.1536822543106973,0.997102419535319,59.96002664890073
flipped_part_005.mp4,1515,1,3,0.1562737526096523,0.9982456207275392,0.5421238086841724,3,0.1562737526096523,0.9982456207275392,59.96002664890073
flipped_part_005.mp4,1516,1,3,0.1583866549609121,0.9987810134887696,0.5355754145869502,3,0.1583866549609121,0.9987810134887696,59.96002664890073
flipped_part_005.mp4,1517,1,3,0.1585503262843445,0.9991302490234376,0.5348150747793692,3,0.1585503262843445,0.9991302490234376,59.96002664890073
flipped_part_005.mp4,1518,1,3,0.1594665631737034,0.9992210388183592,0.5322312531647859,3,0.1594665631737034,0.9992210388183592,59.96002664890073
flipped_part_005.mp4,1519,1,3,0.1606083437960802,0.9991409301757812,0.527741382740162,3,0.1606083437960802,0.9991409301757812,59.96002664890073
flipped_part_005.mp4,1520,1,3,0.1612622755325153,0.9991367340087892,0.5271890710901331,3,0.1612622755325153,0.9991367340087892,59.96002664890073
flipped_part_005.mp4,1521,1,3,0.1618083109864447,0.9988574981689452,0.525977466724537,3,0.1618083109864447,0.9988574981689452,59.96002664890073
flipped_part_005.mp4,1522,1,3,0.1626346122402335,0.9990922927856444,0.5228552924262153,3,0.1626346122402335,0.9990922927856444,59.96002664890073
flipped_part_005.mp4,1523,1,3,0.1639917688934279,0.9994333267211916,0.5198876274956598,3,0.1639917688934279,0.9994333267211916,59.96002664890073
flipped_part_005.mp4,1524,1,3,0.1644167523730774,0.9992540359497072,0.5175639399775752,3,0.1644167523730774,0.9992540359497072,59.96002664890073
flipped_part_005.mp4,1525,1,3,0.1661324017262948,0.9987764358520508,0.5135547779224537,3,0.1661324017262948,0.9987764358520508,59.96002664890073
flipped_part_005.mp4,1526,1,3,0.1679635382893805,0.9994598388671876,0.5084025065104166,3,0.1679635382893805,0.9994598388671876,59.96002664890073
flipped_part_005.mp4,1527,1,3,0.1685555452263603,0.9983925501505534,0.505669261791088,3,0.1685555452263603,0.9983925501505534,59.96002664890073
flipped_part_005.mp4,1528,1,3,0.168202189556905,0.9938922882080078,0.5015513102213541,3,0.168202189556905,0.9938922882080078,59.96002664890073
flipped_part_005.mp4,1529,1,4,0.16747861229184,0.9899521509806316,0.4979568481445312,3,0.16747861229184,0.9899521509806316,59.96002664890073
flipped_part_005.mp4,1530,1,4,0.1570920195465549,0.972022819519043,0.4968581023039641,3,0.1570920195465549,0.972022819519043,59.96002664890073
flipped_part_005.mp4,1531,1,4,0.1499299744677113,0.9570358276367188,0.4946500990125868,3,0.1499299744677113,0.9570358276367188,59.96002664890073
flipped_part_005.mp4,1532,1,4,0.147532391102189,0.9500221888224284,0.491202629937066,3,0.147532391102189,0.9500221888224284,59.96002664890073
flipped_part_005.mp4,1533,1,4,0.1462215521177535,0.9459733963012696,0.4888354831271701,3,0.1462215521177535,0.9459733963012696,59.96002664890073
flipped_part_005.mp4,1534,1,4,0.1465061271999729,0.946041488647461,0.4876514010959201,3,0.1465061271999729,0.946041488647461,59.96002664890073
flipped_part_005.mp4,1535,1,4,0.1435270229606734,0.9390047073364258,0.4852752685546875,3,0.1435270229606734,0.9390047073364258,59.96002664890073
flipped_part_005.mp4,1536,1,5,0.1382753383157305,0.9273024241129556,0.4823788678204572,3,0.1382753383157305,0.9273024241129556,59.96002664890073
flipped_part_005.mp4,1537,1,5,0.1372020526428241,0.9219539642333984,0.4753366540979456,3,0.1372020526428241,0.9219539642333984,59.96002664890073
flipped_part_005.mp4,1538,1,4,0.1343169353113841,0.916048812866211,0.4731341891818576,3,0.1343169353113841,0.916048812866211,59.96002664890073
flipped_part_005.mp4,1539,1,5,0.1296198576812403,0.9074045181274414,0.470922455964265,3,0.1296198576812403,0.9074045181274414,59.96002664890073
flipped_part_005.mp4,1540,1,4,0.128649224476685,0.9048942565917968,0.4675024809660735,3,0.128649224476685,0.9048942565917968,59.96002664890073
flipped_part_005.mp4,1541,1,4,0.127527524958854,0.900645891825358,0.4649186310944734,3,0.127527524958854,0.900645891825358,59.96002664890073
flipped_part_005.mp4,1542,1,5,0.1227998487888131,0.891506576538086,0.4630137408221209,3,0.1227998487888131,0.891506576538086,59.96002664890073
flipped_part_005.mp4,1543,1,5,0.1202106670933426,0.8861238479614257,0.4605799357096354,3,0.1202106670933426,0.8861238479614257,59.96002664890073
flipped_part_005.mp4,1544,1,5,0.1183620181661508,0.880948829650879,0.4563754046404803,3,0.1183620181661508,0.880948829650879,59.96002664890073
flipped_part_005.mp4,1545,1,6,0.116904560460502,0.8782284418741862,0.4514498675311053,3,0.116904560460502,0.8782284418741862,59.96002664890073
flipped_part_005.mp4,1546,1,6,0.1159843666303075,0.8741392135620117,0.4471997578938802,3,0.1159843666303075,0.8741392135620117,59.96002664890073
flipped_part_005.mp4,1547,1,5,0.112834363504522,0.8693477630615234,0.4436481051974826,3,0.112834363504522,0.8693477630615234,59.96002664890073
flipped_part_005.mp4,1548,1,4,0.1110012509406402,0.8658716837565105,0.4404175087257668,3,0.1110012509406402,0.8658716837565105,59.96002664890073
flipped_part_005.mp4,1549,1,5,0.1054987923500313,0.8618673960367839,0.4206920199924045,3,0.1054987923500313,0.8618673960367839,59.96002664890073
flipped_part_005.mp4,1550,1,5,0.1039007861809524,0.8562962214152018,0.4260728058991608,3,0.1039007861809524,0.8562962214152018,59.96002664890073
flipped_part_005.mp4,1551,1,5,0.1004047712214297,0.8549112955729167,0.4083590754756221,3,0.1004047712214297,0.8549112955729167,59.96002664890073
flipped_part_005.mp4,1552,1,5,0.0953595971856801,0.8536127090454102,0.3796305055971499,3,0.0953595971856801,0.8536127090454102,59.96002664890073
flipped_part_005.mp4,1553,1,5,0.0976344204889782,0.8531178156534831,0.3933062518084491,3,0.0976344204889782,0.8531178156534831,59.96002664890073
flipped_part_005.mp4,1554,1,5,0.0848047978006771,0.8499697367350261,0.3259714479799623,3,0.0848047978006771,0.8499697367350261,59.96002664890073
flipped_part_005.mp4,1555,1,5,0.0807794138520775,0.8467880249023437,0.3087269253200955,3,0.0807794138520775,0.8467880249023437,59.96002664890073
flipped_part_005.mp4,1556,1,6,0.0786446949244472,0.8422174453735352,0.3057655899612992,3,0.0786446949244472,0.8422174453735352,59.96002664890073
flipped_part_005.mp4,1557,1,5,0.0766927165444293,0.8399818420410157,0.2936648616084346,3,0.0766927165444293,0.8399818420410157,59.96002664890073
flipped_part_005.mp4,1558,1,5,0.0727644471698052,0.837374496459961,0.2720904880099826,3,0.0727644471698052,0.837374496459961,59.96002664890073
flipped_part_005.mp4,1559,1,5,0.0694366970163429,0.8331896464029948,0.2582252219871238,3,0.0694366970163429,0.8331896464029948,59.96002664890073
flipped_part_005.mp4,1560,0,5,0.0690680698373061,0.8327976862589518,0.2561718128345631,3,0.0690680698373061,0.8327976862589518,59.96002664890073
flipped_part_005.mp4,1561,0,5,0.0659574090852402,0.999460792541504,0.7576387193467882,3,0.065792960909829,0.8298807144165039,59.96002664890073
flipped_part_005.mp4,1562,0,5,0.0723954721648004,0.9989534378051758,0.7406425758644387,3,0.0643220419565073,0.8279062271118164,59.96002664890073
flipped_part_005.mp4,1563,0,4,0.0787348721998407,0.9985788981119792,0.7304676762333623,3,0.0633332188255089,0.827760378519694,59.96002664890073
flipped_part_005.mp4,1564,0,4,0.0822193656098615,0.9997180938720704,0.7158331976996528,3,0.0609556585609324,0.8251640955607097,59.96002664890073
flipped_part_005.mp4,1565,0,3,0.0853366938773736,0.9987593332926432,0.7064211810076678,2,0.0602238256578156,0.8258091608683268,59.96002664890073
flipped_part_005.mp4,1566,0,3,0.0877934138346851,0.9989216486612956,0.6959687974717882,2,0.0577918292056549,0.8220893859863281,59.96002664890073
flipped_part_005.mp4,1567,0,3,0.0887477205586361,0.9994182586669922,0.6866302490234375,2,0.0558926484631956,0.8204946517944336,59.96002664890073
flipped_part_005.mp4,1568,0,3,0.0918068219002129,0.9993733088175456,0.6758355034722222,2,0.0529137029163798,0.8151676813761394,59.96002664890073
flipped_part_005.mp4,1569,0,3,0.0951519129525533,0.9994286219278972,0.6655401724356192,2,0.0511404178914542,0.814847183227539,59.96002664890073
flipped_part_005.mp4,1570,0,3,0.0983969009439726,0.9992765426635742,0.6595468591760706,2,0.0494449407835548,0.812290636698405,59.96002664890073
flipped_part_005.mp4,1571,0,3,0.1011836599994502,0.9993644714355469,0.648468017578125,2,0.0479875084509128,0.8122940063476562,59.96002664890073
flipped_part_005.mp4,1572,0,4,0.104564703270379,0.9991941452026368,0.6423729790581597,3,0.0480398311568812,0.8131431579589844,59.96002664890073
flipped_part_005.mp4,1573,0,3,0.1074639772894443,0.99942626953125,0.6275843302408854,2,0.0461570181689846,0.8113061904907226,59.96002664890073
flipped_part_005.mp4,1574,0,3,0.1097774215048411,0.9990597407023112,0.6222096195927372,2,0.0455275915621853,0.8100258509318033,59.96002664890073
flipped_part_005.mp4,1575,0,3,0.1121529407428224,0.9994268417358398,0.6147624828197338,2,0.0443399315913363,0.8074824015299479,59.96002664890073
flipped_part_005.mp4,1576,0,3,0.114723028773582,0.9994223276774088,0.6054514001916956,2,0.0432867508896581,0.80454527537028,59.96002664890073
flipped_part_005.mp4,1577,0,3,0.1180336424970947,0.999400774637858,0.5964410852502894,3,0.1180336424970947,0.999400774637858,59.96002664890073
flipped_part_005.mp4,1578,0,3,0.1202976689068169,0.9993032455444336,0.589411700213397,3,0.1202976689068169,0.9993032455444336,59.96002664890073
flipped_part_005.mp4,1579,0,3,0.1223909330967796,0.99927183787028,0.5852038348162616,3,0.1223909330967796,0.99927183787028,59.96002664890073
flipped_part_005.mp4,1580,0,3,0.1257894655732606,0.9991188685099284,0.5794351648401331,3,0.1257894655732606,0.9991188685099284,59.96002664890073
flipped_part_005.mp4,1581,0,3,0.1275850560113516,0.9990994135538735,0.5733583238389757,3,0.1275850560113516,0.9990994135538735,59.96002664890073
flipped_part_005.mp4,1582,0,3,0.1306873431353273,0.9990659713745116,0.563797844780816,3,0.1306873431353273,0.9990659713745116,59.96002664890073
flipped_part_005.mp4,1583,0,3,0.1326707644461809,0.9991448084513348,0.5576558430989583,3,0.1326707644461809,0.9991448084513348,59.96002664890073
flipped_part_005.mp4,1584,0,5,0.1355864947941154,0.9995361328125,0.55029296875,5,0.1355864947941154,0.9995361328125,59.96002664890073
flipped_part_005.mp4,1585,0,3,0.1382946821147386,0.9995880126953124,0.5443447536892361,3,0.1382946821147386,0.9995880126953124,59.96002664890073
flipped_part_005.mp4,1586,0,3,0.140112527768576,0.999704360961914,0.5387698138201679,3,0.140112527768576,0.999704360961914,59.96002664890073
flipped_part_005.mp4,1587,0,3,0.1421497992334749,0.9995515823364258,0.5329628273292825,3,0.1421497992334749,0.9995515823364258,59.96002664890073
flipped_part_005.mp4,1588,0,3,0.1443448528595107,0.9995176315307616,0.526769115306713,3,0.1443448528595107,0.9995176315307616,59.96002664890073
flipped_part_005.mp4,1589,0,3,0.1455780247546499,0.9995616912841796,0.5214669121636285,3,0.1455780247546499,0.9995616912841796,59.96002664890073
flipped_part_005.mp4,1590,0,3,0.1472860417852644,0.9993888854980468,0.5167095043041088,3,0.1472860417852644,0.9993888854980468,59.96002664890073
flipped_part_005.mp4,1591,0,3,0.1494945992818274,0.999213409423828,0.5096591525607639,3,0.1494945992818274,0.999213409423828,59.96002664890073
flipped_part_005.mp4,1592,0,3,0.1513824594716533,0.9990933100382487,0.5042782818829572,3,0.1513824594716533,0.9990933100382487,59.96002664890073
flipped_part_005.mp4,1593,0,3,0.1521144376520533,0.9990583419799804,0.5008290608723959,3,0.1521144376520533,0.9990583419799804,59.96002664890073
flipped_part_005.mp4,1594,0,3,0.1540728546717825,0.9991056442260742,0.4982262505425347,3,0.1540728546717825,0.9991056442260742,59.96002664890073
flipped_part_005.mp4,1595,0,3,0.1551175960972129,0.9991840998331706,0.4945088704427083,3,0.1551175960972129,0.9991840998331706,59.96002664890073
flipped_part_005.mp4,1596,0,3,0.1575626714581934,0.9992094039916992,0.4877946641710069,3,0.1575626714581934,0.9992094039916992,59.96002664890073
flipped_part_005.mp4,1597,0,3,0.1592509543569758,0.9991984049479168,0.4841630723741319,3,0.1592509543569758,0.9991984049479168,59.96002664890073
flipped_part_005.mp4,1598,0,3,0.1611125792865641,0.999212900797526,0.4807998092086227,3,0.1611125792865641,0.999212900797526,59.96002664890073
flipped_part_005.mp4,1599,0,3,0.1626009641475846,0.9992900848388672,0.4748822812680845,3,0.1626009641475846,0.9992900848388672,59.96002664890073
flipped_part_005.mp4,1600,0,3,0.1623002325556238,0.9987823486328123,0.4738648591218171,3,0.1623002325556238,0.9987823486328123,59.96002664890073
flipped_part_005.mp4,1601,0,4,0.1648932016922023,0.9992712020874024,0.4672910337094907,4,0.1648932016922023,0.9992712020874024,59.96002664890073
flipped_part_005.mp4,1602,0,4,0.165585129029715,0.9982032775878906,0.4628806502730758,4,0.165585129029715,0.9982032775878906,59.96002664890073
flipped_part_005.mp4,1603,0,4,0.1666150050816941,0.9978588104248048,0.4597497728135851,4,0.1666150050816941,0.9978588104248048,59.96002664890073
flipped_part_005.mp4,1604,0,4,0.1670816696201897,0.998301124572754,0.4578137715657552,4,0.1670816696201897,0.998301124572754,59.96002664890073
flipped_part_005.mp4,1605,0,4,0.1689438708634892,0.9993877410888672,0.4525606791178385,4,0.1689438708634892,0.9993877410888672,59.96002664890073
flipped_part_005.mp4,1606,0,4,0.1705090515430331,0.999245834350586,0.4492585923936631,4,0.1705090515430331,0.999245834350586,59.96002664890073
flipped_part_005.mp4,1607,0,4,0.1705725984611652,0.9971947352091473,0.4452340020073784,4,0.1705725984611652,0.9971947352091473,59.96002664890073
flipped_part_005.mp4,1608,0,4,0.171978147465464,0.9980100631713869,0.4424983554416232,4,0.171978147465464,0.9980100631713869,59.96002664890073
flipped_part_005.mp4,1609,0,4,0.1734090690506208,0.9993619918823242,0.4412245008680555,4,0.1734090690506208,0.9993619918823242,59.96002664890073
flipped_part_005.mp4,1610,0,5,0.1735849544154997,0.9991198221842448,0.4399186876085069,5,0.1735849544154997,0.9991198221842448,59.96002664890073
flipped_part_005.mp4,1611,0,3,0.1722800730832386,0.9940139770507812,0.435723876953125,3,0.1722800730832386,0.9940139770507812,59.96002664890073
flipped_part_005.mp4,1612,0,3,0.1567100889244358,0.9656899134318034,0.4329266300907841,3,0.1567100889244358,0.9656899134318034,59.96002664890073
flipped_part_005.mp4,1613,0,3,0.1532435569482087,0.9586339950561524,0.4300284209074797,3,0.1532435569482087,0.9586339950561524,59.96002664890073
flipped_part_005.mp4,1614,0,4,0.1497706264414448,0.9518377304077148,0.4274110016999421,4,0.1497706264414448,0.9518377304077148,59.96002664890073
flipped_part_005.mp4,1615,0,3,0.1451910964948183,0.9411003112792968,0.4243481953938802,3,0.1451910964948183,0.9411003112792968,59.96002664890073
flipped_part_005.mp4,1616,0,3,0.1414902930817334,0.9340546290079752,0.4202334368670428,3,0.1414902930817334,0.9340546290079752,59.96002664890073
flipped_part_005.mp4,1617,0,3,0.1364400646152272,0.9247421264648438,0.417490471733941,3,0.1364400646152272,0.9247421264648438,59.96002664890073
flipped_part_005.mp4,1618,0,3,0.1343614223539286,0.9211145401000976,0.4132863080060041,3,0.1343614223539286,0.9211145401000976,59.96002664890073
flipped_part_005.mp4,1619,0,3,0.1275493844094802,0.9120840072631836,0.4034915782787182,3,0.1275493844094802,0.9120840072631836,59.96002664890073
flipped_part_005.mp4,1620,0,3,0.1225940562917148,0.9090948104858398,0.3876715200918692,3,0.1225940562917148,0.9090948104858398,59.96002664890073
flipped_part_005.mp4,1621,0,3,0.1159521709284066,0.9031107584635416,0.3697872303150318,3,0.1159521709284066,0.9031107584635416,59.96002664890073
flipped_part_005.mp4,1622,0,3,0.1118237161632472,0.900274149576823,0.3543988545735677,3,0.1118237161632472,0.900274149576823,59.96002664890073
flipped_part_005.mp4,1623,0,3,0.1070279017755155,0.8961544672648112,0.3380916736744068,3,0.1070279017755155,0.8961544672648112,59.96002664890073
flipped_part_005.mp4,1624,0,3,0.1019297897580125,0.8893226623535156,0.3200692918565538,3,0.1019297897580125,0.8893226623535156,59.96002664890073
flipped_part_005.mp4,1625,0,4,0.0969615569626869,0.8838047027587891,0.3068875348126447,4,0.0969615569626869,0.8838047027587891,59.96002664890073
flipped_part_005.mp4,1626,0,4,0.0936228257530968,0.8799870173136394,0.2960137826425058,4,0.0936228257530968,0.8799870173136394,59.96002664890073
flipped_part_005.mp4,1627,0,3,0.089535404644886,0.8762081146240235,0.2799351727520978,3,0.089535404644886,0.8762081146240235,59.96002664890073
flipped_part_005.mp4,1628,0,3,0.0857884095812914,0.8728513717651367,0.2682866414388021,3,0.0857884095812914,0.8728513717651367,59.96002664890073
flipped_part_005.mp4,1629,0,4,0.0818597371083537,0.8677532196044921,0.2563824123806423,4,0.0818597371083537,0.8677532196044921,59.96002664890073
flipped_part_005.mp4,1630,0,4,0.0794939737994961,0.8657049814860026,0.2460305107964409,4,0.0794939737994961,0.8657049814860026,59.96002664890073
flipped_part_005.mp4,1631,0,3,0.0771689415573039,0.8624317169189453,0.2325112236870659,3,0.0771689415573039,0.8624317169189453,59.96002664890073
flipped_part_005.mp4,1632,0,5,0.0753054723536569,0.861586062113444,0.2228839167842158,5,0.0753054723536569,0.861586062113444,59.96002664890073
flipped_part_005.mp4,1633,0,5,0.0720032388608659,0.8573851267496745,0.2069279140896267,5,0.0720032388608659,0.8573851267496745,59.96002664890073
flipped_part_005.mp4,1634,0,3,0.0707662446110852,0.8561939875284831,0.201086680094401,3,0.0707662446110852,0.8561939875284831,59.96002664890073
flipped_part_005.mp4,1635,0,3,0.069206143832869,0.8548145929972331,0.189031982421875,3,0.069206143832869,0.8548145929972331,59.96002664890073
flipped_part_005.mp4,1636,0,3,0.0681411728510822,0.8535685221354167,0.1777882893880208,3,0.0681411728510822,0.8535685221354167,59.96002664890073
flipped_part_005.mp4,1637,0,4,0.065909047514821,0.8518999735514323,0.170929859302662,3,0.065909047514821,0.8518999735514323,59.96002664890073
flipped_part_005.mp4,1638,0,4,0.0641274992662861,0.8505945205688477,0.1587791160300926,3,0.0641274992662861,0.8505945205688477,59.96002664890073
flipped_part_005.mp4,1639,0,4,0.0610205363132128,0.8460768381754558,0.1500611199273003,3,0.0610205363132128,0.8460768381754558,59.96002664890073
flipped_part_005.mp4,1640,0,4,0.0595242473724,0.8435082117716471,0.1409364488389757,4,0.0595242473724,0.8435082117716471,59.96002664890073
flipped_part_005.mp4,1641,0,5,0.05712880923112,0.8390766779581705,0.1331385294596354,5,0.05712880923112,0.8390766779581705,59.96002664890073
flipped_part_005.mp4,1642,0,5,0.0578537291711836,0.8385278701782226,0.1248307122124565,5,0.0578537291711836,0.8385278701782226,59.96002664890073
flipped_part_005.mp4,1643,0,3,0.0571732093880267,0.8373231887817383,0.1180009347421151,3,0.0571732093880267,0.8373231887817383,59.96002664890073
flipped_part_005.mp4,1644,0,3,0.0549204547830029,0.8327919006347656,0.1072647094726562,3,0.0549204547830029,0.8327919006347656,59.96002664890073
flipped_part_005.mp4,1645,0,4,0.0536706391436746,0.8318048477172851,0.1014055040147569,4,0.0536706391436746,0.8318048477172851,59.96002664890073
flipped_part_005.mp4,1646,0,3,0.0522258076878885,0.8292450586954753,0.0918848673502604,3,0.0522258076878885,0.8292450586954753,59.96002664890073
flipped_part_005.mp4,1647,0,3,0.0509904902459432,0.8279293696085612,0.0871397230360243,3,0.0509904902459432,0.8279293696085612,59.96002664890073
flipped_part_005.mp4,1648,0,3,0.0491804366800352,0.8255524317423503,0.0779009501139322,3,0.0491804366800352,0.8255524317423503,59.96002664890073
flipped_part_005.mp4,1649,0,4,0.047462163043674,0.8233097076416016,0.0731472439236111,4,0.047462163043674,0.8233097076416016,59.96002664890073
flipped_part_005.mp4,1650,0,5,0.0469638790791806,0.823394775390625,0.0676617092556423,4,0.0469638790791806,0.823394775390625,59.96002664890073
flipped_part_005.mp4,1651,0,4,0.0457042973774433,0.8203598022460937,0.0593770062481915,4,0.0457042973774433,0.8203598022460937,59.96002664890073
flipped_part_005.mp4,1652,0,4,0.0439502844559158,0.8169973373413086,0.0561147901746961,4,0.0439502844559158,0.8169973373413086,59.96002664890073
flipped_part_005.mp4,1653,0,4,0.0422656423307489,0.8148303985595703,0.05003662109375,4,0.0422656423307489,0.8148303985595703,59.96002664890073
flipped_part_005.mp4,1654,0,4,0.0415013095578211,0.8124935785929362,0.0423753243905526,4,0.0415013095578211,0.8124935785929362,59.96002664890073
flipped_part_005.mp4,1655,0,4,0.0403281962309524,0.8098242441813152,0.0353291829427083,4,0.0403281962309524,0.8098242441813152,59.96002664890073
flipped_part_005.mp4,1656,0,4,0.0390734915389071,0.8079694747924805,0.0295618693033854,4,0.0390734915389071,0.8079694747924805,59.96002664890073
flipped_part_005.mp4,1657,0,3,0.0381286491556588,0.8075941721598308,0.0283019736961082,3,0.0381286491556588,0.8075941721598308,59.96002664890073
flipped_part_005.mp4,1658,0,3,0.0371801577683719,0.8061808268229167,0.0235070687753182,3,0.0371801577683719,0.8061808268229167,59.96002664890073
flipped_part_005.mp4,1659,0,3,0.0364971087926357,0.8047544479370117,0.0190349720142505,3,0.0364971087926357,0.8047544479370117,59.96002664890073
flipped_part_005.mp4,1660,0,2,0.0352380290906876,0.8036095301310221,0.0182093867549189,2,0.0352380290906876,0.8036095301310221,59.96002664890073
flipped_part_005.mp4,1661,0,2,0.034373690434135,0.8018587112426758,0.0177627280906394,2,0.034373690434135,0.8018587112426758,59.96002664890073
flipped_part_005.mp4,1662,0,3,0.0336005735217541,0.7992288589477539,0.0093587239583333,3,0.0336005735217541,0.7992288589477539,59.96002664890073
flipped_part_005.mp4,1663,0,4,0.0328071117550738,0.7980323791503906,0.0026250768590856,4,0.0328071117550738,0.7980323791503906,59.96002664890073
flipped_part_005.mp4,1664,0,4,0.0319224675240305,0.7970435460408528,0.0013159857855902,4,0.0319224675240305,0.7970435460408528,59.96002664890073
flipped_part_005.mp4,1665,0,4,0.0309796247013663,0.79459228515625,0.0075551633481626,4,0.0309796247013663,0.79459228515625,59.96002664890073
flipped_part_005.mp4,1666,0,3,0.0298309952056485,0.7921232223510742,0.0113166243941695,3,0.0298309952056485,0.7921232223510742,59.96002664890073
flipped_part_005.mp4,1667,0,2,0.0296236826792031,0.7913043975830079,0.0144421330204716,2,0.0296236826792031,0.7913043975830079,59.96002664890073
flipped_part_005.mp4,1668,0,2,0.0283510472672652,0.7897510528564453,0.0129772892704716,2,0.0283510472672652,0.7897510528564453,59.96002664890073
flipped_part_005.mp4,1669,0,2,0.0273867243612443,0.788144302368164,0.0173404269748263,2,0.0273867243612443,0.788144302368164,59.96002664890073
flipped_part_005.mp4,1670,0,3,0.0263864299332447,0.7858817418416341,0.0232248942057291,3,0.0263864299332447,0.7858817418416341,59.96002664890073
flipped_part_005.mp4,1671,0,3,0.0257001550474102,0.7849171320597331,0.0236840424714265,3,0.0257001550474102,0.7849171320597331,59.96002664890073
flipped_part_005.mp4,1672,0,4,0.0257022480415158,0.7837354024251302,0.0293866757993344,4,0.0257022480415158,0.7837354024251302,59.96002664890073
flipped_part_005.mp4,1673,0,4,0.0252840358611138,0.7826979319254558,0.0312617831759982,4,0.0252840358611138,0.7826979319254558,59.96002664890073
flipped_part_005.mp4,1674,0,3,0.0245841287671341,0.7806632995605469,0.0327679386845341,3,0.0245841287671341,0.7806632995605469,59.96002664890073
flipped_part_005.mp4,1675,0,4,0.0242538598452423,0.7799624125162761,0.0334816826714409,4,0.0242538598452423,0.7799624125162761,59.96002664890073
flipped_part_005.mp4,1676,0,4,0.0251388467900598,0.7793230056762696,0.0334883230703848,4,0.0251388467900598,0.7793230056762696,59.96002664890073
flipped_part_005.mp4,1677,0,5,0.0240320443588791,0.7790175755818685,0.0451701128924334,5,0.0240320443588791,0.7790175755818685,59.96002664890073
flipped_part_005.mp4,1678,0,5,0.0227430360383543,0.7772301355997722,0.0532468442563657,5,0.0227430360383543,0.7772301355997722,59.96002664890073
flipped_part_005.mp4,1679,0,5,0.0222703396058393,0.7759464899698894,0.05672282466182,5,0.0222703396058393,0.7759464899698894,59.96002664890073
flipped_part_005.mp4,1680,0,5,0.0219162635427589,0.7743631998697916,0.0588205973307291,5,0.0219162635427589,0.7743631998697916,59.96002664890073
flipped_part_005.mp4,1681,0,5,0.0207781681092456,0.772802988688151,0.0634550589102285,5,0.0207781681092456,0.772802988688151,59.96002664890073
flipped_part_005.mp4,1682,0,6,0.0204733177054623,0.7719854354858399,0.0648502208568431,6,0.0204733177054623,0.7719854354858399,59.96002664890073
flipped_part_005.mp4,1683,0,4,0.0200673923930541,0.7704289118448894,0.0693783230251736,4,0.0200673923930541,0.7704289118448894,59.96002664890073
flipped_part_005.mp4,1684,0,4,0.0198638711137593,0.7691382090250651,0.0734351264105902,4,0.0198638711137593,0.7691382090250651,59.96002664890073
flipped_part_005.mp4,1685,0,4,0.0195783789296412,0.7682004928588867,0.0754986515751591,4,0.0195783789296412,0.7682004928588867,59.96002664890073
flipped_part_005.mp4,1686,0,4,0.0193559157427753,0.7673965454101562,0.0764043737340856,4,0.0193559157427753,0.7673965454101562,59.96002664890073
flipped_part_005.mp4,1687,0,3,0.0191701791665112,0.7667680740356445,0.0783984996654369,3,0.0191701791665112,0.7667680740356445,59.96002664890073
flipped_part_005.mp4,1688,0,4,0.0188843729318174,0.7653842290242513,0.0807157163266782,4,0.0188843729318174,0.7653842290242513,59.96002664890073
flipped_part_005.mp4,1689,0,3,0.0183450734604654,0.7648651758829753,0.083705817328559,3,0.0183450734604654,0.7648651758829753,59.96002664890073
flipped_part_005.mp4,1690,0,3,0.0184116727662816,0.7641820907592773,0.0863572297272858,3,0.0184116727662816,0.7641820907592773,59.96002664890073
flipped_part_005.mp4,1691,0,3,0.0180054402258462,0.762705675760905,0.087180921766493,3,0.0180054402258462,0.762705675760905,59.96002664890073
flipped_part_005.mp4,1692,0,3,0.0176435144468718,0.7621997833251953,0.0909315603750723,3,0.0176435144468718,0.7621997833251953,59.96002664890073
flipped_part_005.mp4,1693,0,3,0.0176198566726439,0.7623491923014323,0.0919725488733362,3,0.0176198566726439,0.7623491923014323,59.96002664890073
flipped_part_005.mp4,1694,0,3,0.0171293535493572,0.7599584579467773,0.0930096096462673,3,0.0171293535493572,0.7599584579467773,59.96002664890073
flipped_part_005.mp4,1695,0,3,0.0168860709217066,0.7588429133097331,0.0961145471643518,3,0.0168860709217066,0.7588429133097331,59.96002664890073
flipped_part_005.mp4,1696,0,3,0.0168198548907659,0.7577755610148112,0.0986520837854456,3,0.0168198548907659,0.7577755610148112,59.96002664890073
flipped_part_005.mp4,1697,0,3,0.0164092981244418,0.7568906784057617,0.1004758199055989,3,0.0164092981244418,0.7568906784057617,59.96002664890073
flipped_part_005.mp4,1698,0,3,0.0159719940193678,0.7559083302815756,0.1056242483633535,3,0.0159719940193678,0.7559083302815756,59.96002664890073
flipped_part_005.mp4,1699,0,3,0.0158404390598944,0.7552141825358073,0.1055899726019965,3,0.0158404390598944,0.7552141825358073,59.96002664890073
flipped_part_005.mp4,1700,0,3,0.0156991211919834,0.7540863037109375,0.109631206371166,3,0.0156991211919834,0.7540863037109375,59.96002664890073
flipped_part_005.mp4,1701,0,4,0.0151426906562011,0.753195063273112,0.1088650456181278,4,0.0151426906562011,0.753195063273112,59.96002664890073
flipped_part_005.mp4,1702,0,3,0.0148367340854019,0.7532136917114258,0.1104300604926215,3,0.0148367340854019,0.7532136917114258,59.96002664890073
flipped_part_005.mp4,1703,0,3,0.0146459714531536,0.7524071375528971,0.1097425672743055,3,0.0146459714531536,0.7524071375528971,59.96002664890073
flipped_part_005.mp4,1704,0,3,0.0145378409740967,0.751524543762207,0.1128207171404803,3,0.0145378409740967,0.751524543762207,59.96002664890073
flipped_part_005.mp4,1705,0,3,0.0140955340998415,0.7502569834391276,0.1134692721896701,3,0.0140955340998415,0.7502569834391276,59.96002664890073
flipped_part_005.mp4,1706,0,3,0.0140247837371296,0.7491676330566406,0.1145077175564236,3,0.0140247837371296,0.7491676330566406,59.96002664890073
flipped_part_005.mp4,1707,0,3,0.0137732573614145,0.7486261367797852,0.1153584798177083,3,0.0137732573614145,0.7486261367797852,59.96002664890073
flipped_part_005.mp4,1708,0,3,0.0134239231301762,0.7478459040323894,0.1163791515209056,3,0.0134239231301762,0.7478459040323894,59.96002664890073
flipped_part_005.mp4,1709,0,3,0.0130042199144588,0.7467462539672851,0.1181726526331018,3,0.0130042199144588,0.7467462539672851,59.96002664890073
flipped_part_005.mp4,1710,0,4,0.012787139305211,0.7459520975748698,0.117960951063368,4,0.012787139305211,0.7459520975748698,59.96002664890073
flipped_part_005.mp4,1711,0,3,0.012744830003264,0.7453304926554362,0.1241188331886574,3,0.012744830003264,0.7453304926554362,59.96002664890073
flipped_part_005.mp4,1712,0,3,0.0125780524912485,0.7393928527832031,0.1644925152813946,3,0.0125780524912485,0.7449597040812175,59.96002664890073
flipped_part_005.mp4,1713,0,3,0.0127257282435743,0.7392744064331055,0.165471112286603,3,0.0127257282435743,0.7442836761474609,59.96002664890073
flipped_part_005.mp4,1714,0,3,0.0128746569452859,0.7392210006713867,0.1656474360713252,3,0.0128746569452859,0.7436400095621745,59.96002664890073
flipped_part_005.mp4,1715,0,3,0.0129515517769377,0.7396258036295573,0.1666832252785011,3,0.0129515517769377,0.7429389953613281,59.96002664890073
flipped_part_005.mp4,1716,0,4,0.0133402624480853,0.7398667017618815,0.1651532773618345,4,0.0133402624480853,0.7426109949747721,59.96002664890073
flipped_part_005.mp4,1717,0,3,0.0131037083286274,0.7396998087565104,0.169587990089699,3,0.0131037083286274,0.7425764083862305,59.96002664890073
flipped_part_005.mp4,1718,0,3,0.0129631631627799,0.739323616027832,0.1760353370949074,3,0.0129631631627799,0.7426671346028646,59.96002664890073
flipped_part_005.mp4,1719,0,3,0.012690045591185,0.7392021179199219,0.1821746826171875,3,0.012690045591185,0.741123644510905,59.96002664890073
flipped_part_005.mp4,1720,0,4,0.0127933625481091,0.7391159057617187,0.1854127106843171,4,0.0127933625481091,0.7399253845214844,59.96002664890073
flipped_part_005.mp4,1721,0,4,0.0130989983303394,0.739021364847819,0.1848010027850115,4,0.0130989983303394,0.739021364847819,59.96002664890073
flipped_part_005.mp4,1722,0,5,0.012971640128569,0.7374362945556641,0.1869938038013599,5,0.012971640128569,0.7382375717163085,59.96002664890073
flipped_part_005.mp4,1723,0,5,0.0131507087729146,0.7371726353963216,0.1864937111183449,5,0.0131507087729146,0.7375650405883789,59.96002664890073
flipped_part_005.mp4,1724,0,4,0.0132123147744763,0.73713804880778,0.1888323748553241,4,0.0132123147744763,0.7373533248901367,59.96002664890073
flipped_part_005.mp4,1725,0,4,0.0133883697539567,0.7374069849650066,0.1927395290798611,4,0.0133883697539567,0.7374069849650066,59.96002664890073
flipped_part_005.mp4,1726,0,5,0.0134455318307435,0.7364388147989909,0.1946976273148148,5,0.0134455318307435,0.7364388147989909,59.96002664890073
flipped_part_005.mp4,1727,0,5,0.0133617024926934,0.7376809438069661,0.1981540256076389,5,0.0133617024926934,0.7376809438069661,59.96002664890073
flipped_part_005.mp4,1728,0,5,0.0131730373109652,0.7372621536254883,0.2005359225802951,5,0.0131730373109652,0.7372621536254883,59.96002664890073
flipped_part_005.mp4,1729,0,5,0.0132229180453578,0.7379095077514648,0.2029019391095196,5,0.0132229180453578,0.7379095077514648,59.96002664890073
flipped_part_005.mp4,1730,0,5,0.0132064780233324,0.7375753402709961,0.2037473325376157,5,0.0132064780233324,0.7375753402709961,59.96002664890073
flipped_part_005.mp4,1731,0,3,0.013306796546439,0.7372015635172526,0.2054833871346932,3,0.013306796546439,0.7372015635172526,59.96002664890073
flipped_part_005.mp4,1732,0,3,0.0132489780856606,0.737042490641276,0.2073432074652778,3,0.0132489780856606,0.737042490641276,59.96002664890073
flipped_part_005.mp4,1733,0,3,0.0135530749881743,0.7372430801391602,0.2102730645073784,3,0.0135530749881743,0.7372430801391602,59.96002664890073
flipped_part_005.mp4,1734,0,3,0.0136785044329187,0.7378840128580729,0.2130944711190683,3,0.0136785044329187,0.7378840128580729,59.96002664890073
flipped_part_005.mp4,1735,0,3,0.0136718269259048,0.7379097620646159,0.2153260407624421,3,0.0136718269259048,0.7379097620646159,59.96002664890073
flipped_part_005.mp4,1736,0,3,0.0136462362108027,0.7375297546386719,0.2160305447048611,3,0.0136462362108027,0.7375297546386719,59.96002664890073
flipped_part_005.mp4,1737,0,2,0.0135793725701255,0.7371866861979167,0.2167704264322916,2,0.0135793725701255,0.7371866861979167,59.96002664890073
flipped_part_005.mp4,1738,0,3,0.0134692898589505,0.7369119008382161,0.21669842755353,3,0.0134692898589505,0.7369119008382161,59.96002664890073
flipped_part_005.mp4,1739,0,4,0.0134400843823742,0.7365566889444987,0.2183268229166666,4,0.0134400843823742,0.7365566889444987,59.96002664890073
flipped_part_005.mp4,1740,0,3,0.0134602314583457,0.736508560180664,0.218742201063368,3,0.0134602314583457,0.736508560180664,59.96002664890073
flipped_part_005.mp4,1741,0,2,0.0135974239682481,0.7367064158121744,0.2201554475007233,2,0.0135974239682481,0.7367064158121744,59.96002664890073
flipped_part_005.mp4,1742,0,3,0.0136634594944943,0.7366198221842448,0.2212231106228298,3,0.0136634594944943,0.7366198221842448,59.96002664890073
flipped_part_005.mp4,1743,0,4,0.0136649611899823,0.7366129557291666,0.2223431057400173,4,0.0136649611899823,0.7366129557291666,59.96002664890073
flipped_part_005.mp4,1744,0,4,0.0137788864473501,0.736958376566569,0.2226226806640625,4,0.0137788864473501,0.736958376566569,59.96002664890073
flipped_part_005.mp4,1745,0,3,0.0137566263127761,0.7367079416910808,0.2237399065936053,3,0.0137566263127761,0.7367079416910808,59.96002664890073
flipped_part_005.mp4,1746,0,4,0.0137302092777818,0.736676025390625,0.2244915997540509,4,0.0137302092777818,0.736676025390625,59.96002664890073
flipped_part_005.mp4,1747,0,4,0.0137604642462956,0.7366863250732422,0.2248255976924189,4,0.0137604642462956,0.7366863250732422,59.96002664890073
flipped_part_005.mp4,1748,0,4,0.0136896478048422,0.7363237380981446,0.2256531891999421,4,0.0136896478048422,0.7363237380981446,59.96002664890073
flipped_part_005.mp4,1749,0,4,0.0135729326211407,0.7358200073242187,0.2265756677698206,4,0.0135729326211407,0.7358200073242187,59.96002664890073
flipped_part_005.mp4,1750,0,2,0.0135605797586807,0.7356104532877604,0.2263384783709491,2,0.0135605797586807,0.7356104532877604,59.96002664890073
flipped_part_005.mp4,1751,0,2,0.0135813720297947,0.7357073465983073,0.226849365234375,2,0.0135813720297947,0.7357073465983073,59.96002664890073
flipped_part_005.mp4,1752,0,2,0.0136143080936421,0.7359299341837565,0.2272464893482349,2,0.0136143080936421,0.7359299341837565,59.96002664890073
flipped_part_005.mp4,1753,0,2,0.0136488714003159,0.7357929865519206,0.2268060754846643,2,0.0136488714003159,0.7357929865519206,59.96002664890073
flipped_part_005.mp4,1754,0,2,0.0135761366561802,0.7353886922200521,0.2265281394675926,2,0.0135761366561802,0.7353886922200521,59.96002664890073
flipped_part_005.mp4,1755,0,2,0.0135946512000454,0.7353487650553385,0.2262703224464699,2,0.0135946512000454,0.7353487650553385,59.96002664890073
flipped_part_005.mp4,1756,0,2,0.0136316579882986,0.7355913798014323,0.2257815890842014,2,0.0136316579882986,0.7355913798014323,59.96002664890073
flipped_part_005.mp4,1757,0,2,0.0137290775732253,0.7360497156778971,0.224885333025897,2,0.0137290775732253,0.7360497156778971,59.96002664890073
flipped_part_005.mp4,1758,0,2,0.0138083667903427,0.7361963907877604,0.2245242083514178,2,0.0138083667903427,0.7361963907877604,59.96002664890073
flipped_part_005.mp4,1759,0,2,0.0139369933007113,0.736421267191569,0.2245229650426794,2,0.0139369933007113,0.736421267191569,59.96002664890073
flipped_part_005.mp4,1760,0,3,0.0140702934232346,0.7367664337158203,0.2225696139865451,2,0.0140702934232346,0.7367664337158203,59.96002664890073
flipped_part_005.mp4,1761,0,2,0.0140799670851427,0.7370873133341471,0.2201413755063657,2,0.0140799670851427,0.7370873133341471,59.96002664890073
flipped_part_005.mp4,1762,0,2,0.0139967216453859,0.7372674306233724,0.2191918267144097,2,0.0139967216453859,0.7372674306233724,59.96002664890073
flipped_part_005.mp4,1763,0,2,0.0140359082983599,0.7375832239786784,0.2168969048394097,2,0.0140359082983599,0.7375832239786784,59.96002664890073
flipped_part_005.mp4,1764,0,2,0.0142982082918213,0.738296635945638,0.2133633648907696,2,0.0142982082918213,0.738296635945638,59.96002664890073
flipped_part_005.mp4,1765,0,2,0.0142660584161704,0.7389287312825521,0.2131216543692129,2,0.0142660584161704,0.7389287312825521,59.96002664890073
flipped_part_005.mp4,1766,0,3,0.014370945567347,0.7394600550333659,0.2107525860821759,3,0.014370945567347,0.7394600550333659,59.96002664890073
flipped_part_005.mp4,1767,0,3,0.0143896658040574,0.7398619333902995,0.2088098031503182,3,0.0143896658040574,0.7398619333902995,59.96002664890073
flipped_part_005.mp4,1768,0,3,0.0143230248319256,0.7404856363932292,0.205593024359809,3,0.0143230248319256,0.7404856363932292,59.96002664890073
flipped_part_005.mp4,1769,0,3,0.0142645032528031,0.74186216990153,0.2031340422453703,3,0.0142645032528031,0.74186216990153,59.96002664890073
flipped_part_005.mp4,1770,0,3,0.0144090170856065,0.7423604965209961,0.2041470562970196,3,0.0144090170856065,0.7423604965209961,59.96002664890073
flipped_part_005.mp4,1771,0,3,0.0143117903477913,0.7429132461547852,0.2040879426179108,3,0.0143117903477913,0.7429132461547852,59.96002664890073
flipped_part_005.mp4,1772,0,3,0.0140229042034156,0.7430866877237956,0.2038848311812789,3,0.0140229042034156,0.7430866877237956,59.96002664890073
flipped_part_005.mp4,1773,0,3,0.014139184833405,0.7432163238525391,0.2005874068648727,3,0.014139184833405,0.7432163238525391,59.96002664890073
flipped_part_005.mp4,1774,0,3,0.0139194235607283,0.7434917449951172,0.1958860044126157,3,0.0139194235607283,0.7434917449951172,59.96002664890073
flipped_part_005.mp4,1775,0,4,0.0141048608607767,0.7439228693644205,0.1973792182074653,4,0.0141048608607767,0.7439228693644205,59.96002664890073
flipped_part_005.mp4,1776,0,4,0.0141711038171585,0.7441773096720378,0.1980746233904803,4,0.0141711038171585,0.7441773096720378,59.96002664890073
flipped_part_005.mp4,1777,0,4,0.0141496897801141,0.7440057754516601,0.1974221688729745,4,0.0141496897801141,0.7440057754516601,59.96002664890073
flipped_part_005.mp4,1778,0,3,0.0141581508212429,0.7439329147338867,0.1974114877206307,3,0.0141581508212429,0.7439329147338867,59.96002664890073
flipped_part_005.mp4,1779,0,3,0.0141730135232016,0.743786875406901,0.1985349867078993,3,0.0141730135232016,0.743786875406901,59.96002664890073
flipped_part_005.mp4,1780,0,3,0.014132740623447,0.7433329264322917,0.2004931414568865,3,0.014132740623447,0.7433329264322917,59.96002664890073
flipped_part_005.mp4,1781,0,3,0.013948885083039,0.7432085037231445,0.2027183250144676,3,0.013948885083039,0.7432085037231445,59.96002664890073
flipped_part_005.mp4,1782,0,3,0.0138370137040885,0.7436403274536133,0.2037371034975405,3,0.0138370137040885,0.7436403274536133,59.96002664890073
flipped_part_005.mp4,1783,0,6,0.0140889303707,0.7438151041666666,0.2035157380280671,6,0.0140889303707,0.7438151041666666,59.96002664890073
flipped_part_005.mp4,1784,0,5,0.013771924978901,0.7441383361816406,0.204865406177662,5,0.013771924978901,0.7441383361816406,59.96002664890073
flipped_part_005.mp4,1785,0,3,0.0138800321641826,0.7450995127360026,0.2048286155418113,3,0.0138800321641826,0.7450995127360026,59.96002664890073
flipped_part_005.mp4,1786,0,4,0.0137428827919777,0.7455146789550782,0.2082734849717882,4,0.0137428827919777,0.7455146789550782,59.96002664890073
flipped_part_005.mp4,1787,0,4,0.0137152337159474,0.7457102457682292,0.2089678163881655,4,0.0137152337159474,0.7457102457682292,59.96002664890073
flipped_part_005.mp4,1788,0,3,0.0135889679616472,0.7457244873046875,0.2117251360857928,3,0.0135889679616472,0.7457244873046875,59.96002664890073
flipped_part_005.mp4,1789,0,3,0.0134746756667219,0.745830790201823,0.2133319996021412,3,0.0134746756667219,0.745830790201823,59.96002664890073
flipped_part_005.mp4,1790,0,3,0.0134248028689547,0.7458786010742188,0.2148517749927662,3,0.0134248028689547,0.7458786010742188,59.96002664890073
flipped_part_005.mp4,1791,0,3,0.0134150663434734,0.7458520889282226,0.2152129561812789,3,0.0134150663434734,0.7458520889282226,59.96002664890073
flipped_part_005.mp4,1792,0,3,0.0134273844448358,0.7456804275512695,0.2152473167136863,3,0.0134273844448358,0.7456804275512695,59.96002664890073
flipped_part_005.mp4,1793,0,3,0.0133231298860671,0.7448076883951823,0.216118593569155,3,0.0133231298860671,0.7448076883951823,59.96002664890073
flipped_part_005.mp4,1794,0,3,0.013256045218764,0.7439737955729167,0.2156271475332754,3,0.013256045218764,0.7439737955729167,59.96002664890073
flipped_part_005.mp4,1795,0,3,0.0133087106527657,0.7436130523681641,0.2139303701895254,3,0.0133087106527657,0.7436130523681641,59.96002664890073
flipped_part_005.mp4,1796,0,3,0.0132458515850939,0.7428983688354492,0.2157593338577835,3,0.0132458515850939,0.7428983688354492,59.96002664890073
flipped_part_005.mp4,1797,0,3,0.0132917972703904,0.742783800760905,0.2162451850043402,3,0.0132917972703904,0.742783800760905,59.96002664890073
flipped_part_005.mp4,1798,0,3,0.0134594067687673,0.7425141016642253,0.2148192794234664,3,0.0134594067687673,0.7425141016642253,59.96002664890073
flipped_part_005.mp4,1799,0,3,0.0133606230182016,0.742166010538737,0.2132254706488715,3,0.0133606230182016,0.742166010538737,59.96002664890073
flipped_part_005.mp4,1800,0,3,0.0133504655553648,0.7421215057373047,0.213290857385706,3,0.0133504655553648,0.7421215057373047,59.96002664890073
flipped_part_005.mp4,1801,0,3,0.0133213891651636,0.7420967737833659,0.2132575141059027,3,0.0133213891651636,0.7420967737833659,59.96002664890073
flipped_part_005.mp4,1802,0,3,0.0133246019076452,0.7421990712483724,0.2125925699869791,3,0.0133246019076452,0.7421990712483724,59.96002664890073
flipped_part_005.mp4,1803,0,3,0.013395249367103,0.7418924967447916,0.210542071307147,3,0.013395249367103,0.7418924967447916,59.96002664890073
flipped_part_005.mp4,1804,0,3,0.0133917879941657,0.7418211619059245,0.2103204232675057,3,0.0133917879941657,0.7418211619059245,59.96002664890073
flipped_part_005.mp4,1805,0,3,0.0133240853032718,0.7415597915649415,0.2086472687897858,3,0.0133240853032718,0.7415597915649415,59.96002664890073
flipped_part_005.mp4,1806,0,3,0.0132879695679164,0.741404914855957,0.2104296648943865,3,0.0132879695679164,0.741404914855957,59.96002664890073
flipped_part_005.mp4,1807,0,3,0.0129681531058977,0.7409208297729493,0.2070855599862557,3,0.0129681531058977,0.7409208297729493,59.96002664890073
flipped_part_005.mp4,1808,0,3,0.0129086507062634,0.7409318923950196,0.2044433028609664,3,0.0129086507062634,0.7409318923950196,59.96002664890073
flipped_part_005.mp4,1809,0,3,0.0129233856385797,0.7408100128173828,0.2030422069408275,3,0.0129233856385797,0.7408100128173828,59.96002664890073
flipped_part_005.mp4,1810,0,3,0.0128336383590336,0.7410179773966471,0.1993968257197627,3,0.0128336383590336,0.7410179773966471,59.96002664890073
flipped_part_005.mp4,1811,0,3,0.0125945943065151,0.7409533182779948,0.1964176884403935,3,0.0125945943065151,0.7409533182779948,59.96002664890073
flipped_part_005.mp4,1812,0,3,0.0127123664124196,0.7416906992594401,0.1941446940104166,3,0.0127123664124196,0.7416906992594401,59.96002664890073
flipped_part_005.mp4,1813,0,3,0.0121614094730358,0.7407808303833008,0.1933587533456308,3,0.0121614094730358,0.7407808303833008,59.96002664890073
flipped_part_005.mp4,1814,0,3,0.0119185466483274,0.7401268641153972,0.1893191302264178,3,0.0119185466483274,0.7401268641153972,59.96002664890073
flipped_part_005.mp4,1815,0,3,0.0119078011665907,0.7400733947753906,0.1853237575954861,3,0.0119078011665907,0.7400733947753906,59.96002664890073
flipped_part_005.mp4,1816,0,3,0.0118394868365592,0.7404878616333008,0.1819684063946759,3,0.0118394868365592,0.7404878616333008,59.96002664890073
flipped_part_005.mp4,1817,0,3,0.0121066457277629,0.7396618525187174,0.1765322649920428,3,0.0121066457277629,0.7396618525187174,59.96002664890073
flipped_part_005.mp4,1818,0,3,0.0121261788683226,0.7394273757934571,0.1719808507848668,3,0.0121261788683226,0.7394273757934571,59.96002664890073
flipped_part_005.mp4,1819,0,4,0.0118169506552577,0.7387102127075196,0.1684537534360532,3,0.0118169506552577,0.7387102127075196,59.96002664890073
flipped_part_005.mp4,1820,0,4,0.0116009129662703,0.7384953816731771,0.1617442378291377,3,0.0116009129662703,0.7384953816731771,59.96002664890073
flipped_part_005.mp4,1821,0,4,0.0114148695780723,0.7375176111857097,0.1576314290364583,3,0.0114148695780723,0.7375176111857097,59.96002664890073
flipped_part_005.mp4,1822,0,4,0.0111529292424287,0.7386130650838216,0.1509173923068576,3,0.0111529292424287,0.7386130650838216,59.96002664890073
flipped_part_005.mp4,1823,0,4,0.0112693651449754,0.7387440999348959,0.1468665228949652,3,0.0112693651449754,0.7387440999348959,59.96002664890073
flipped_part_005.mp4,1824,0,4,0.0113692106949747,0.7378086725870768,0.1442629778826678,3,0.0113692106949747,0.7378086725870768,59.96002664890073
flipped_part_005.mp4,1825,0,4,0.0114889953668871,0.7383291244506835,0.1409973709671585,3,0.0114889953668871,0.7383291244506835,59.96002664890073
flipped_part_005.mp4,1826,0,4,0.0122185115705037,0.8358723322550455,0.9156348334418404,3,0.0112407864724648,0.7386875152587891,59.96002664890073
flipped_part_005.mp4,1827,0,4,0.0134661010075877,0.8366893768310547,0.9081271701388888,3,0.0110507364894973,0.7388200124104818,59.96002664890073
flipped_part_005.mp4,1828,0,5,0.014511595797947,0.8369672775268555,0.9005960535120081,4,0.0110296379021343,0.7386957168579101,59.96002664890073
flipped_part_005.mp4,1829,0,4,0.0155204080507004,0.8378442764282227,0.8923578332971643,3,0.0110952879928259,0.7384741465250652,59.96002664890073
flipped_part_005.mp4,1830,0,4,0.0166602830335075,0.8395353317260742,0.8862647162543402,3,0.0109743604608391,0.7385262171427409,59.96002664890073
flipped_part_005.mp4,1831,0,4,0.0182348647219758,0.8401144027709961,0.8789065890842014,3,0.0111583701596828,0.7391013463338216,59.96002664890073
flipped_part_005.mp4,1832,0,4,0.0191139737171922,0.8390749613444011,0.8722266303168402,3,0.0108687957316093,0.7384260177612305,59.96002664890073
flipped_part_005.mp4,1833,0,4,0.0200483995722606,0.8385063171386719,0.864947509765625,3,0.0107374425714456,0.7386107762654622,59.96002664890073
flipped_part_005.mp4,1834,0,4,0.0212749541868106,0.8403858184814453,0.8569669935438368,3,0.0107805216098189,0.7393119176228841,59.96002664890073
flipped_part_005.mp4,1835,0,4,0.0223468048062842,0.8396504084269206,0.8492076732494213,3,0.0105752090071734,0.7384803771972657,59.96002664890073
flipped_part_005.mp4,1836,0,4,0.0233880998931083,0.8398434321085612,0.8427823667173032,3,0.0104506322107691,0.7382991790771485,59.96002664890073
flipped_part_005.mp4,1837,0,4,0.0235245618485431,0.8323543548583985,0.8343374181676794,3,0.0106455292043123,0.7383323669433594,59.96002664890073
flipped_part_005.mp4,1838,0,5,0.1044384854263626,0.7389583587646484,0.5835835774739583,4,0.1044384854263626,0.7395371119181315,59.96002664890073
flipped_part_005.mp4,1839,0,4,0.0241858126758921,0.8269299189249675,0.822360286006221,3,0.0105214205167969,0.7377573013305664,59.96002664890073
flipped_part_005.mp4,1840,0,4,0.0247091029508737,0.8266740798950195,0.8144517121491609,3,0.0103604642071985,0.7391489028930665,59.96002664890073
flipped_part_005.mp4,1841,0,4,0.0253979793689601,0.825543212890625,0.8082057811595775,3,0.0101488062401929,0.7391679763793946,59.96002664890073
flipped_part_005.mp4,1842,0,4,0.0257993332951697,0.8247356414794922,0.8039173267505787,3,0.0099685978879764,0.7387994766235352,59.96002664890073
flipped_part_005.mp4,1843,0,6,0.1068657959146205,0.7365898132324219,0.5679889820240162,5,0.1068657959146205,0.7392372131347656,59.96002664890073
flipped_part_005.mp4,1844,0,5,0.0275127859651628,0.8244639078776042,0.7902553982204861,4,0.01015490245959,0.7402067184448242,59.96002664890073
flipped_part_005.mp4,1845,0,4,0.0294597881535689,0.8295084635416666,0.784539794921875,3,0.0099712382866224,0.7387180328369141,59.96002664890073
flipped_part_005.mp4,1846,0,4,0.0301173826083497,0.8301134745279948,0.7792807119864005,3,0.0098422463318436,0.7388500849405925,59.96002664890073
flipped_part_005.mp4,1847,0,4,0.0301571059912762,0.8273004531860352,0.774289788140191,3,0.0097958671882727,0.7396680196126302,59.96002664890073
flipped_part_005.mp4,1848,0,4,0.0307414086667833,0.826884905497233,0.7700010511610244,3,0.0098451265029466,0.7395939509073893,59.96002664890073
flipped_part_005.mp4,1849,0,5,0.1060150714867955,0.7273223241170247,0.5525915075231481,4,0.1060150714867955,0.7392295837402344,59.96002664890073
flipped_part_005.mp4,1850,0,4,0.0325099498858132,0.8272550582885743,0.7572036178023727,3,0.0097255118528523,0.7393049875895182,59.96002664890073
flipped_part_005.mp4,1851,0,4,0.033650857101505,0.8292786280314127,0.7507863362630208,3,0.0099309814158941,0.7398604075113933,59.96002664890073
flipped_part_005.mp4,1852,0,4,0.0356693623811265,0.8349136352539063,0.7476251672815394,3,0.0097451470007621,0.740588633219401,59.96002664890073
flipped_part_005.mp4,1853,0,5,0.03542473424788,0.831416130065918,0.7424824467411748,4,0.0096763720825213,0.7405355453491211,59.96002664890073
flipped_part_005.mp4,1854,0,5,0.037739867114255,0.8366188685099284,0.739892578125,4,0.0095383467848835,0.7404636383056641,59.96002664890073
flipped_part_005.mp4,1855,0,4,0.0378624708787861,0.8354238510131836,0.7371181346752026,3,0.0094251326965254,0.7402528127034506,59.96002664890073
flipped_part_005.mp4,1856,0,5,0.1076912914915621,0.7282875696818034,0.5482230857566551,4,0.1076912914915621,0.7402199427286784,59.96002664890073
flipped_part_005.mp4,1857,0,5,0.1108879563120556,0.7316759745279948,0.5438780042860243,4,0.1108879563120556,0.7402721405029297,59.96002664890073
flipped_part_005.mp4,1858,0,4,0.0412682344920985,0.8426003138224284,0.7265184190538194,3,0.0092228275594243,0.7400767644246419,59.96002664890073
flipped_part_005.mp4,1859,0,5,0.1102441280179644,0.7280710856119792,0.5404752378110532,4,0.1102441280179644,0.740130869547526,59.96002664890073
flipped_part_005.mp4,1860,0,5,0.1109939953491428,0.7287101745605469,0.5383408723054108,4,0.1109939953491428,0.7398595809936523,59.96002664890073
flipped_part_005.mp4,1861,0,5,0.1112085742715593,0.7299430211385091,0.5378983674225983,4,0.1112085742715593,0.7390177408854167,59.96002664890073
flipped_part_005.mp4,1862,0,5,0.1106923608073029,0.7288930892944336,0.5375783849645543,4,0.1106923608073029,0.7387749989827473,59.96002664890073
flipped_part_005.mp4,1863,0,5,0.1114721029680987,0.7306999206542969,0.5379526208948207,4,0.1114721029680987,0.7383811950683594,59.96002664890073
flipped_part_005.mp4,1864,0,5,0.1116273549142962,0.731004015604655,0.5371761180736401,4,0.1116273549142962,0.7384079615275065,59.96002664890073
flipped_part_005.mp4,1865,0,5,0.1123660651269946,0.7318813323974609,0.5364291155779803,4,0.1123660651269946,0.7379753748575847,59.96002664890073
flipped_part_005.mp4,1866,0,5,0.1131709664583692,0.7339555740356445,0.5370781227394387,4,0.1131709664583692,0.7373308817545573,59.96002664890073
flipped_part_005.mp4,1867,0,5,0.1119482002383813,0.7308933893839519,0.5371744791666667,4,0.1119482002383813,0.737018076578776,59.96002664890073
flipped_part_005.mp4,1868,0,5,0.0493797987942076,0.8553178787231446,0.7031435931170428,4,0.0084654212407379,0.7366468429565429,59.96002664890073
flipped_part_005.mp4,1869,0,5,0.1127917777714901,0.7313138326009114,0.537068345811632,4,0.1127917777714901,0.7370353062947591,59.96002664890073
flipped_part_005.mp4,1870,0,4,0.0500113788074641,0.8527467727661133,0.6957829228153936,3,0.0083047863240422,0.7366818110148112,59.96002664890073
flipped_part_005.mp4,1871,0,4,0.05030333959449,0.8522982279459635,0.6968755086263021,3,0.0083402852030283,0.7364023208618165,59.96002664890073
flipped_part_005.mp4,1872,0,4,0.0498200941715751,0.8501371383666992,0.6931125217013889,3,0.0082639791654461,0.7358761469523112,59.96002664890073
flipped_part_005.mp4,1873,0,4,0.0509874732349999,0.8506916681925456,0.6930306328667535,3,0.0082728693948269,0.7347065607706705,59.96002664890073
flipped_part_005.mp4,1874,0,4,0.0508329085950713,0.8484769821166992,0.6905203925238715,3,0.0082672897717081,0.7347404479980468,59.96002664890073
flipped_part_005.mp4,1875,0,4,0.0509774904639279,0.8469932556152344,0.6880389743381077,3,0.0082429798765224,0.7343443552652995,59.96002664890073
flipped_part_005.mp4,1876,0,4,0.0511302126036348,0.8454279581705729,0.6853137546115451,3,0.0082383528880323,0.7340335845947266,59.96002664890073
flipped_part_005.mp4,1877,0,4,0.0510770882125103,0.8438447952270508,0.6825837877061632,3,0.0083279910702279,0.734266726175944,59.96002664890073
flipped_part_005.mp4,1878,0,4,0.0510175663245415,0.8428874969482422,0.6815533108181424,3,0.0083515934172437,0.734074592590332,59.96002664890073
flipped_part_005.mp4,1879,0,4,0.0511236054743467,0.84165465037028,0.6800035264756944,3,0.008381368979157,0.7334388732910156,59.96002664890073
flipped_part_005.mp4,1880,0,5,0.0516264793172552,0.8418840408325196,0.6774535567672164,4,0.0081909304699123,0.7327687581380208,59.96002664890073
flipped_part_005.mp4,1881,0,4,0.0513348432393589,0.8395268122355143,0.675553724500868,3,0.0081229881734664,0.732197634379069,59.96002664890073
flipped_part_005.mp4,1882,0,4,0.0512541904420028,0.8387365341186523,0.6752744321469908,3,0.0080444254151047,0.7315004984537761,59.96002664890073
flipped_part_005.mp4,1883,0,5,0.1070562416792166,0.715395991007487,0.535569085015191,4,0.1070562416792166,0.7309830347696941,59.96002664890073
flipped_part_005.mp4,1884,0,4,0.0504467291982318,0.8339866638183594,0.6717421920211227,3,0.0080640255586466,0.7311636606852213,59.96002664890073
flipped_part_005.mp4,1885,0,4,0.0508235623203304,0.833682123819987,0.6699551052517361,3,0.0079281649858037,0.7306978861490886,59.96002664890073
flipped_part_005.mp4,1886,0,4,0.0505386159824563,0.830958366394043,0.6667201854564525,3,0.0078871575164763,0.729687754313151,59.96002664890073
flipped_part_005.mp4,1887,0,4,0.0500460280039287,0.827655029296875,0.6628742359302662,3,0.0079942059494054,0.7295504252115885,59.96002664890073
flipped_part_005.mp4,1888,0,4,0.0506488278460326,0.8278811136881511,0.6611874050564236,3,0.0080083236347504,0.7290250778198242,59.96002664890073
flipped_part_005.mp4,1889,0,4,0.0490151216786923,0.8221824645996094,0.6599483913845486,3,0.0081583190877507,0.7286596934000651,59.96002664890073
flipped_part_005.mp4,1890,0,4,0.0487876600677644,0.8208643595377604,0.6585836905020255,3,0.0080416658983772,0.7282121658325196,59.96002664890073
flipped_part_005.mp4,1891,0,4,0.048178278801109,0.8170750300089519,0.6563768174913195,3,0.0080686178193125,0.7278717041015625,59.96002664890073
flipped_part_005.mp4,1892,0,4,0.048584476592142,0.8162901560465495,0.6535560325339989,3,0.0079026865278856,0.727358627319336,59.96002664890073
flipped_part_005.mp4,1893,0,4,0.0484904823372037,0.8147453943888346,0.6513770774558738,3,0.0078340214611671,0.7261773427327474,59.96002664890073
flipped_part_005.mp4,1894,0,5,0.0487035660937113,0.8147384643554687,0.6501928823965567,4,0.0076777032295703,0.725395393371582,59.96002664890073
flipped_part_005.mp4,1895,0,6,0.0487792341339324,0.8129785537719727,0.6472854614257812,5,0.0075886951659606,0.72513427734375,59.96002664890073
flipped_part_005.mp4,1896,0,4,0.0496638921946093,0.8134328842163085,0.6441456547489872,3,0.0075540690750899,0.7251148859659831,59.96002664890073
flipped_part_005.mp4,1897,0,5,0.0499113826021547,0.8133230845133463,0.641609870062934,4,0.007386238000181,0.724124526977539,59.96002664890073
flipped_part_005.mp4,1898,0,6,0.0495099441989764,0.8108449935913086,0.6404103597005208,5,0.0074454855011599,0.723822021484375,59.96002664890073
flipped_part_005.mp4,1899,0,4,0.0491083765713739,0.8082555770874024,0.6391116106951679,3,0.0073563684161571,0.7233486811319987,59.96002664890073
flipped_part_005.mp4,1900,0,5,0.0496108031831681,0.8076078414916992,0.6355378892686632,4,0.0072948214727835,0.7218994140625,59.96002664890073
flipped_part_005.mp4,1901,0,5,0.0497941720975386,0.8063612620035807,0.6321771127206308,4,0.0072336127767307,0.7208372116088867,59.96002664890073
flipped_part_005.mp4,1902,0,5,0.0494805460941279,0.803721300760905,0.6274261474609375,4,0.0070545834318424,0.7205293655395508,59.96002664890073
flipped_part_005.mp4,1903,0,4,0.0492808469467908,0.8021576563517253,0.625355699327257,3,0.0071778986411583,0.7196896235148112,59.96002664890073
flipped_part_005.mp4,1904,0,5,0.04972292479603,0.801516342163086,0.6228724161783854,4,0.0069784658589007,0.7179107666015625,59.96002664890073
flipped_part_005.mp4,1905,0,5,0.0481960905481699,0.8001947402954102,0.6249027958622685,4,0.0070569859962496,0.7171408335367838,59.96002664890073
flipped_part_005.mp4,1906,0,4,0.0486691200036309,0.7980543772379557,0.6199099505389178,3,0.0070923139836515,0.7169801712036132,59.96002664890073
flipped_part_005.mp4,1907,0,4,0.0479479142578525,0.7969923655192057,0.61474609375,3,0.007047015145034,0.716908327738444,59.96002664890073
flipped_part_005.mp4,1908,0,5,0.0478909675741818,0.7972301483154297,0.6099832605432581,4,0.0071526854539331,0.7177833557128906,59.96002664890073
flipped_part_005.mp4,1909,0,5,0.0462605969163152,0.7952236811319987,0.5983241893627026,5,0.0462605969163152,0.7952236811319987,59.96002664890073
flipped_part_005.mp4,1910,0,6,0.0460414904179439,0.7944967905680339,0.5946061876085069,6,0.0460414904179439,0.7944967905680339,59.96002664890073
flipped_part_005.mp4,1911,0,6,0.0452412101206762,0.7930195490519206,0.588034001103154,6,0.0452412101206762,0.7930195490519206,59.96002664890073
flipped_part_005.mp4,1912,0,4,0.0449465278446721,0.7921742757161458,0.5796894779911748,4,0.0449465278446721,0.7921742757161458,59.96002664890073
flipped_part_005.mp4,1913,0,4,0.0443073527098965,0.7912843704223633,0.5722567522967303,4,0.0443073527098965,0.7912843704223633,59.96002664890073
flipped_part_005.mp4,1914,0,4,0.0434168417853975,0.7897616068522135,0.5632960566767939,4,0.0434168417853975,0.7897616068522135,59.96002664890073
flipped_part_005.mp4,1915,0,6,0.0423562307335884,0.7878588358561198,0.5489409270109954,6,0.0423562307335884,0.7878588358561198,59.96002664890073
flipped_part_005.mp4,1916,0,6,0.0417149062966927,0.7872856140136719,0.5394927978515625,6,0.0417149062966927,0.7872856140136719,59.96002664890073
flipped_part_005.mp4,1917,0,5,0.041084235075532,0.7857803344726563,0.5352267229998553,5,0.041084235075532,0.7857803344726563,59.96002664890073
flipped_part_005.mp4,1918,0,5,0.0403479023166518,0.7848576227823894,0.5294542100694445,5,0.0403479023166518,0.7848576227823894,59.96002664890073
flipped_part_005.mp4,1919,0,5,0.0389706142350203,0.7842262268066407,0.5201070149739583,5,0.0389706142350203,0.7842262268066407,59.96002664890073
flipped_part_005.mp4,1920,0,4,0.0387282282692656,0.7840152104695638,0.5129507559317129,4,0.0387282282692656,0.7840152104695638,59.96002664890073
flipped_part_005.mp4,1921,0,4,0.0383026685370606,0.783364741007487,0.5054602163809317,4,0.0383026685370606,0.783364741007487,59.96002664890073
flipped_part_005.mp4,1922,0,7,0.0377333920643044,0.7817720413208008,0.4986501057942708,7,0.0377333920643044,0.7817720413208008,59.96002664890073
flipped_part_005.mp4,1923,0,6,0.0370550632779486,0.7804229736328125,0.4902150472005208,6,0.0370550632779486,0.7804229736328125,59.96002664890073
flipped_part_005.mp4,1924,0,6,0.0361774530863234,0.7797979990641276,0.4811075846354166,6,0.0361774530863234,0.7797979990641276,59.96002664890073
flipped_part_005.mp4,1925,0,6,0.0357419639450381,0.7791603088378907,0.4754284328884549,6,0.0357419639450381,0.7791603088378907,59.96002664890073
flipped_part_005.mp4,1926,0,6,0.0353512796738909,0.7785031000773112,0.4696692572699653,6,0.0353512796738909,0.7785031000773112,59.96002664890073
flipped_part_005.mp4,1927,0,5,0.0342537573075646,0.7769451141357422,0.4612633034035011,5,0.0342537573075646,0.7769451141357422,59.96002664890073
flipped_part_005.mp4,1928,0,6,0.0335036504437771,0.7760468165079752,0.4536836412217881,6,0.0335036504437771,0.7760468165079752,59.96002664890073
flipped_part_005.mp4,1929,0,6,0.0329348833110675,0.7737505594889323,0.4486656471535011,6,0.0329348833110675,0.7737505594889323,59.96002664890073
flipped_part_005.mp4,1930,0,5,0.0324235597482011,0.7723375956217448,0.4414537217881944,5,0.0324235597482011,0.7723375956217448,59.96002664890073
flipped_part_005.mp4,1931,0,5,0.0321182978790602,0.7715869903564453,0.4319893731011284,5,0.0321182978790602,0.7715869903564453,59.96002664890073
flipped_part_005.mp4,1932,0,4,0.0319510053574534,0.7712017059326172,0.4211993747287326,4,0.0319510053574534,0.7712017059326172,59.96002664890073
flipped_part_005.mp4,1933,0,6,0.0310263805681434,0.7692189534505208,0.41390951651114,5,0.0310263805681434,0.7692189534505208,59.96002664890073
flipped_part_005.mp4,1934,0,6,0.0304475880468574,0.7683416366577148,0.4072050306532118,5,0.0304475880468574,0.7683416366577148,59.96002664890073
flipped_part_005.mp4,1935,0,6,0.0303838777630719,0.7681818644205729,0.4070887247721354,5,0.0303838777630719,0.7681818644205729,59.96002664890073
flipped_part_005.mp4,1936,0,6,0.0300340355037608,0.7681563059488933,0.4016338207103588,5,0.0300340355037608,0.7681563059488933,59.96002664890073
flipped_part_005.mp4,1937,0,6,0.0291758907729052,0.7667236328125,0.3955991956922743,5,0.0291758907729052,0.7667236328125,59.96002664890073
flipped_part_005.mp4,1938,0,6,0.0286929930767251,0.7664112091064453,0.3890706380208333,5,0.0286929930767251,0.7664112091064453,59.96002664890073
flipped_part_005.mp4,1939,0,5,0.0283786486337151,0.7659297943115234,0.3844261452003761,4,0.0283786486337151,0.7659297943115234,59.96002664890073
flipped_part_005.mp4,1940,0,5,0.028097997421735,0.7651537577311198,0.3789574517144097,4,0.028097997421735,0.7651537577311198,59.96002664890073
flipped_part_005.mp4,1941,0,6,0.0277039557886324,0.7647213617960612,0.3723398279260706,5,0.0277039557886324,0.7647213617960612,59.96002664890073
flipped_part_005.mp4,1942,0,6,0.027532049217865,0.7640911102294922,0.365329431604456,5,0.027532049217865,0.7640911102294922,59.96002664890073
flipped_part_005.mp4,1943,0,6,0.0272659772579855,0.7640130996704102,0.3575763278537326,5,0.0272659772579855,0.7640130996704102,59.96002664890073
flipped_part_005.mp4,1944,0,6,0.0265848633513087,0.7635805130004882,0.3500469066478588,5,0.0265848633513087,0.7635805130004882,59.96002664890073
flipped_part_005.mp4,1945,0,6,0.0263493238401133,0.7627894083658854,0.3450202094184028,5,0.0263493238401133,0.7627894083658854,59.96002664890073
flipped_part_005.mp4,1946,0,5,0.0260733021527563,0.762272834777832,0.3395540590639467,4,0.0260733021527563,0.762272834777832,59.96002664890073
flipped_part_005.mp4,1947,0,5,0.0253433337344581,0.7614452362060546,0.3319098578559027,4,0.0253433337344581,0.7614452362060546,59.96002664890073
flipped_part_005.mp4,1948,0,5,0.024853798493094,0.7603050231933594,0.3258153279622396,4,0.024853798493094,0.7603050231933594,59.96002664890073
flipped_part_005.mp4,1949,0,5,0.0243399962609314,0.7592968622843425,0.3220918443467881,4,0.0243399962609314,0.7592968622843425,59.96002664890073
flipped_part_005.mp4,1950,0,5,0.0239849676921342,0.7585838953653972,0.3176789460358796,4,0.0239849676921342,0.7585838953653972,59.96002664890073
flipped_part_005.mp4,1951,0,4,0.0238236677595866,0.7579636255900065,0.3109347308123553,3,0.0238236677595866,0.7579636255900065,59.96002664890073
flipped_part_005.mp4,1952,0,5,0.0234271262806659,0.7575605392456055,0.3042790165653935,4,0.0234271262806659,0.7575605392456055,59.96002664890073
flipped_part_005.mp4,1953,0,5,0.0230653994183996,0.7577470779418946,0.2989432440863715,4,0.0230653994183996,0.7577470779418946,59.96002664890073
flipped_part_005.mp4,1954,0,6,0.0230397981543231,0.75714111328125,0.2919257269965278,5,0.0230397981543231,0.75714111328125,59.96002664890073
flipped_part_005.mp4,1955,0,5,0.022822999596268,0.8186466217041015,0.8098316899052372,4,0.0226592737540565,0.756589698791504,59.96002664890073
flipped_part_005.mp4,1956,0,5,0.0239808666523701,0.819468371073405,0.801349668149595,4,0.0223438124158592,0.7562925338745117,59.96002664890073
flipped_part_005.mp4,1957,0,6,0.0250010543446599,0.8220167795817057,0.7978311609338831,5,0.0224003012137297,0.7565546671549479,59.96002664890073
flipped_part_005.mp4,1958,0,6,0.0253256150340894,0.8202774047851562,0.7922902425130208,5,0.0221325035523235,0.7564505259195964,59.96002664890073
flipped_part_005.mp4,1959,0,6,0.0263966080094515,0.8221945444742839,0.7872508861400463,5,0.0216801664313404,0.7558996200561523,59.96002664890073
flipped_part_005.mp4,1960,0,6,0.0296683727920969,0.8303354899088542,0.7772904572663484,5,0.0213833214460734,0.7556045532226563,59.96002664890073
flipped_part_005.mp4,1961,0,5,0.0306718975473784,0.8315405527750651,0.7727521543149595,4,0.0212345958980451,0.7554867426554362,59.96002664890073
flipped_part_005.mp4,1962,0,5,0.0305568837801304,0.8323064804077148,0.7709337022569445,4,0.0208942377124913,0.7551684061686198,59.96002664890073
flipped_part_005.mp4,1963,0,5,0.0313484483951469,0.831350580851237,0.7658023410373264,4,0.0207271664338919,0.7549091339111328,59.96002664890073
flipped_part_005.mp4,1964,0,6,0.0324495454629262,0.8323577880859375,0.7594378436053241,5,0.0204668350993112,0.7541987737019856,59.96002664890073
flipped_part_005.mp4,1965,0,5,0.0334368197762631,0.8343917846679687,0.7540730794270833,4,0.0200738156214356,0.7532575607299805,59.96002664890073
flipped_part_005.mp4,1966,0,5,0.0339489861915353,0.8341513315836588,0.7506737603081597,4,0.0197440663212119,0.7525942484537761,59.96002664890073
flipped_part_005.mp4,1967,0,5,0.034486802501006,0.833468246459961,0.7468398482711227,4,0.0195322947999725,0.7522472381591797,59.96002664890073
flipped_part_005.mp4,1968,0,5,0.0351208444601133,0.8331127166748047,0.7418497156213831,4,0.0193000110514953,0.7516382853190104,59.96002664890073
flipped_part_005.mp4,1969,0,5,0.0362206728173704,0.8336780548095704,0.7356218126085069,4,0.0190342273733889,0.7507560729980469,59.96002664890073
flipped_part_005.mp4,1970,0,5,0.0371606635970399,0.8355384826660156,0.7315772162543402,4,0.0187306633939604,0.750320307413737,59.96002664890073
flipped_part_005.mp4,1971,0,5,0.037333747246705,0.8350093841552735,0.7285898279260706,4,0.0185112995118187,0.7500940322875976,59.96002664890073
flipped_part_005.mp4,1972,0,5,0.0387395052166862,0.8374443054199219,0.7244913736979167,4,0.0184770488526879,0.7499916712443034,59.96002664890073
flipped_part_005.mp4,1973,0,5,0.0403081758209737,0.8383636474609375,0.7199870921947338,4,0.0181637339660988,0.749728266398112,59.96002664890073
flipped_part_005.mp4,1974,0,5,0.0415705752778901,0.8409221649169922,0.7179243299696181,4,0.0177830173806352,0.7492479960123698,59.96002664890073
flipped_part_005.mp4,1975,0,5,0.0420809041085885,0.8402830759684244,0.7141204833984375,4,0.017563037853149,0.7488001505533854,59.96002664890073
flipped_part_005.mp4,1976,0,5,0.0424385748185105,0.8395012537638347,0.7101195723922165,4,0.017309078610334,0.7484275182088216,59.96002664890073
flipped_part_005.mp4,1977,0,5,0.0434787860992946,0.8403851191202799,0.7057286580403646,4,0.0173011380186977,0.7483076095581055,59.96002664890073
flipped_part_005.mp4,1978,0,5,0.0436109007148138,0.8390253067016602,0.7022516321252894,4,0.0173466181580335,0.7483451843261719,59.96002664890073
flipped_part_005.mp4,1979,0,5,0.0439509186256686,0.8397607803344727,0.7003044410988136,4,0.017107469734684,0.7483261744181315,59.96002664890073
flipped_part_005.mp4,1980,0,6,0.0456558438342418,0.8403736114501953,0.6910951402452257,5,0.0166075456497707,0.7479457855224609,59.96002664890073
flipped_part_005.mp4,1981,0,6,0.0459060447004352,0.8399957656860352,0.6894200642903646,5,0.0163168374724962,0.7476461410522461,59.96002664890073
flipped_part_005.mp4,1982,0,6,0.0462171472786576,0.8400734583536784,0.6878646850585938,5,0.016515689575732,0.7473498026529948,59.96002664890073
flipped_part_005.mp4,1983,0,6,0.046438051215664,0.8389198303222656,0.6856124877929688,5,0.0165244902200194,0.7470667521158855,59.96002664890073
flipped_part_005.mp4,1984,0,6,0.0464772315705583,0.8385664621988932,0.6838556925455729,5,0.0161498399901586,0.7465042114257813,59.96002664890073
flipped_part_005.mp4,1985,0,5,0.0462442937433176,0.8375789642333984,0.6821660359700521,4,0.0158919648448562,0.746311632792155,59.96002664890073
flipped_part_005.mp4,1986,0,5,0.046003148847667,0.836070442199707,0.6793045043945313,4,0.015965852673657,0.7461365381876628,59.96002664890073
flipped_part_005.mp4,1987,0,5,0.0456456469197794,0.8336906433105469,0.6769247549551505,4,0.0157413622318805,0.7458721796671549,59.96002664890073
flipped_part_005.mp4,1988,0,5,0.0466253918818094,0.8333959579467773,0.671136983235677,4,0.0153749686302035,0.7446666717529297,59.96002664890073
flipped_part_005.mp4,1989,0,5,0.0465343276621812,0.833041000366211,0.6716150919596354,4,0.0152415649499744,0.7441932678222656,59.96002664890073
flipped_part_005.mp4,1990,0,5,0.0465409118123352,0.8321834564208984,0.6698323567708333,4,0.0151665723762643,0.7439041137695312,59.96002664890073
flipped_part_005.mp4,1991,0,6,0.0460004029011879,0.8291317621866862,0.6658104225441261,5,0.0150529918881754,0.7437437057495118,59.96002664890073
flipped_part_005.mp4,1992,0,5,0.0466126881819218,0.8296596527099609,0.6634041680230035,4,0.0148451671476424,0.7432086944580079,59.96002664890073
flipped_part_005.mp4,1993,0,5,0.0457637780536121,0.8267112731933594,0.6620574951171875,4,0.0146239579378743,0.7429035186767579,59.96002664890073
flipped_part_005.mp4,1994,0,5,0.0449638632550852,0.8236501693725586,0.6608553285951968,4,0.0146718350811688,0.7428381601969402,59.96002664890073
flipped_part_005.mp4,1995,0,6,0.0439651494033571,0.8200125376383464,0.6594748037832755,5,0.0145312335182636,0.7428355534871419,59.96002664890073
flipped_part_005.mp4,1996,0,6,0.0428438751743265,0.8175394058227539,0.6593095002350984,5,0.0144489141505996,0.7427809397379558,59.96002664890073
flipped_part_005.mp4,1997,0,5,0.0433725795283465,0.8175662994384766,0.6555957935474537,4,0.0142945610040893,0.7421736399332682,59.96002664890073
flipped_part_005.mp4,1998,0,5,0.0431186426429862,0.815044085184733,0.6541563811125579,4,0.0139419772778206,0.7413480758666993,59.96002664890073
flipped_part_005.mp4,1999,0,5,0.042816699873462,0.8130051294962565,0.6522315131293402,4,0.0137297025136434,0.7409962972005208,59.96002664890073
flipped_part_005.mp4,2000,0,6,0.0426747725579318,0.8130107879638672,0.653117201063368,5,0.0136259302054531,0.7405923843383789,59.96002664890073
flipped_part_005.mp4,2001,0,6,0.0430134050506037,0.813143793741862,0.6516155666775174,5,0.0134121715339952,0.740481440226237,59.96002664890073
flipped_part_005.mp4,2002,0,5,0.0426501843329795,0.8109495798746745,0.6489906593605325,4,0.0134038567652546,0.7402167002360026,59.96002664890073
flipped_part_005.mp4,2003,0,5,0.0418176810380199,0.8069021860758464,0.6454939665617766,4,0.0131363754889375,0.7393600463867187,59.96002664890073
flipped_part_005.mp4,2004,0,5,0.0417592594157516,0.8050795237223307,0.6423585679796007,4,0.0129423774657253,0.7391469955444336,59.96002664890073
flipped_part_005.mp4,2005,0,5,0.0422171606469675,0.8056156158447265,0.6405388726128473,4,0.0124005057916683,0.7383729934692382,59.96002664890073
flipped_part_005.mp4,2006,0,5,0.0426639016542726,0.805990473429362,0.6386641325774016,4,0.0123523496845693,0.737945556640625,59.96002664890073
flipped_part_005.mp4,2007,0,5,0.0424767702751085,0.8056131362915039,0.6388053046332465,4,0.0123134704429604,0.7376224517822265,59.96002664890073
flipped_part_005.mp4,2008,0,5,0.0418638052583821,0.8030731836954753,0.6368139196325231,4,0.0120677631853592,0.7361284255981445,59.96002664890073
flipped_part_005.mp4,2009,0,6,0.0413392706014277,0.802235221862793,0.63316079598886,5,0.0118679028636931,0.735309092203776,59.96002664890073
flipped_part_005.mp4,2010,0,5,0.0414003921640831,0.801820437113444,0.6283572161639178,4,0.0118226731684343,0.734524917602539,59.96002664890073
flipped_part_005.mp4,2011,0,5,0.0406789905483795,0.8008726119995118,0.6242386994538484,4,0.0113264870891968,0.7327203750610352,59.96002664890073
flipped_part_005.mp4,2012,0,6,0.0399925349570845,0.798870340983073,0.6210984406647859,5,0.0109165319323074,0.7335227966308594,59.96002664890073
flipped_part_005.mp4,2013,0,6,0.0384513296233274,0.796424929300944,0.6108940407081886,5,0.0110692595449897,0.7321570078531902,59.96002664890073
flipped_part_005.mp4,2014,0,5,0.0382845531643604,0.7959335327148438,0.6085785477249711,4,0.010838127472218,0.7316866556803385,59.96002664890073
flipped_part_005.mp4,2015,0,5,0.0380829482945652,0.795469093322754,0.6027143125180845,4,0.0107421129367624,0.7312626520792643,59.96002664890073
flipped_part_005.mp4,2016,0,5,0.0382289783209907,0.794914436340332,0.6010235821759259,4,0.0106379821230614,0.7307331085205078,59.96002664890073
flipped_part_005.mp4,2017,0,5,0.0371969786526622,0.7925823211669922,0.5969651398835358,5,0.0371969786526622,0.7925823211669922,59.96002664890073
flipped_part_005.mp4,2018,0,4,0.036451451483069,0.7913244247436524,0.5872010407624422,4,0.036451451483069,0.7913244247436524,59.96002664890073
flipped_part_005.mp4,2019,0,5,0.0358292601621037,0.7905325571695964,0.5832339251482929,5,0.0358292601621037,0.7905325571695964,59.96002664890073
flipped_part_005.mp4,2020,0,5,0.0355943246405818,0.7901076634724935,0.5793590404369213,5,0.0355943246405818,0.7901076634724935,59.96002664890073
flipped_part_005.mp4,2021,0,6,0.0352140825864302,0.789134407043457,0.5731797394929109,6,0.0352140825864302,0.789134407043457,59.96002664890073
flipped_part_005.mp4,2022,0,6,0.0341807791216221,0.7870129267374675,0.5687388102213542,6,0.0341807791216221,0.7870129267374675,59.96002664890073
flipped_part_005.mp4,2023,0,5,0.0327836614858178,0.7829558054606119,0.5649656507703993,5,0.0327836614858178,0.7829558054606119,59.96002664890073
flipped_part_005.mp4,2024,0,5,0.0322550052950908,0.7816763559977213,0.5602494416413484,5,0.0322550052950908,0.7816763559977213,59.96002664890073
flipped_part_005.mp4,2025,0,5,0.0317358849404586,0.7810396830240885,0.5567328559027778,5,0.0317358849404586,0.7810396830240885,59.96002664890073
flipped_part_005.mp4,2026,0,5,0.0309031451885109,0.7797997156778972,0.5504687839084201,5,0.0309031451885109,0.7797997156778972,59.96002664890073
flipped_part_005.mp4,2027,0,4,0.0308279840699483,0.780145263671875,0.5459894250940394,4,0.0308279840699483,0.780145263671875,59.96002664890073
flipped_part_005.mp4,2028,0,5,0.0303862947422506,0.779211680094401,0.5437077840169271,5,0.0303862947422506,0.779211680094401,59.96002664890073
flipped_part_005.mp4,2029,0,5,0.030069136101358,0.7786127726236979,0.5417478773328993,5,0.030069136101358,0.7786127726236979,59.96002664890073
flipped_part_005.mp4,2030,0,6,0.0294255481157193,0.7776403427124023,0.5334593031141494,6,0.0294255481157193,0.7776403427124023,59.96002664890073
flipped_part_005.mp4,2031,0,5,0.0292640666968266,0.7769222895304362,0.5293865627712674,5,0.0292640666968266,0.7769222895304362,59.96002664890073
flipped_part_005.mp4,2032,0,4,0.0287145643810638,0.7758874893188477,0.522493263527199,4,0.0287145643810638,0.7758874893188477,59.96002664890073
flipped_part_005.mp4,2033,0,4,0.0286622438720789,0.7754252115885417,0.5208727801287616,4,0.0286622438720789,0.7754252115885417,59.96002664890073
flipped_part_005.mp4,2034,0,6,0.0281748194641356,0.7740791320800782,0.5168696085611979,6,0.0281748194641356,0.7740791320800782,59.96002664890073
flipped_part_005.mp4,2035,0,5,0.027490359590835,0.7716643015543619,0.513300860369647,5,0.027490359590835,0.7716643015543619,59.96002664890073
flipped_part_005.mp4,2036,0,4,0.0272135893437425,0.7708909988403321,0.5083414713541666,4,0.0272135893437425,0.7708909988403321,59.96002664890073
flipped_part_005.mp4,2037,0,4,0.0265108121887897,0.7695561091105143,0.5056638929578993,4,0.0265108121887897,0.7695561091105143,59.96002664890073
flipped_part_005.mp4,2038,0,5,0.0264430064707994,0.7689989725748698,0.5020775689019097,5,0.0264430064707994,0.7689989725748698,59.96002664890073
flipped_part_005.mp4,2039,0,4,0.0260351480821716,0.7683314005533854,0.4972376505533854,4,0.0260351480821716,0.7683314005533854,59.96002664890073
flipped_part_005.mp4,2040,0,4,0.0252025677729398,0.7675298690795899,0.4906266389069734,4,0.0252025677729398,0.7675298690795899,59.96002664890073
flipped_part_005.mp4,2041,0,5,0.0254365982703597,0.7675808588663737,0.4905089766890914,5,0.0254365982703597,0.7675808588663737,59.96002664890073
flipped_part_005.mp4,2042,0,4,0.0247939922405553,0.7657678604125977,0.4874480636031539,4,0.0247939922405553,0.7657678604125977,59.96002664890073
flipped_part_005.mp4,2043,0,5,0.0244326240363254,0.7653994878133138,0.485447523328993,5,0.0244326240363254,0.7653994878133138,59.96002664890073
flipped_part_005.mp4,2044,0,5,0.0239914286960588,0.7640768051147461,0.4846171061197916,5,0.0239914286960588,0.7640768051147461,59.96002664890073
flipped_part_005.mp4,2045,0,5,0.0236532972770402,0.7628414154052734,0.4785403216326678,5,0.0236532972770402,0.7628414154052734,59.96002664890073
flipped_part_005.mp4,2046,0,6,0.0233881937057594,0.761168098449707,0.4748903062608507,6,0.0233881937057594,0.761168098449707,59.96002664890073
flipped_part_005.mp4,2047,0,5,0.0224705688596414,0.7595797856648763,0.4725910893192998,5,0.0224705688596414,0.7595797856648763,59.96002664890073
flipped_part_005.mp4,2048,0,5,0.021954972875778,0.7582607269287109,0.4675614533600983,5,0.021954972875778,0.7582607269287109,59.96002664890073
flipped_part_005.mp4,2049,0,5,0.0218895375049122,0.7583920160929362,0.4628966720015914,5,0.0218895375049122,0.7583920160929362,59.96002664890073
flipped_part_005.mp4,2050,0,4,0.0218488991844222,0.757078742980957,0.4599676626699942,4,0.0218488991844222,0.757078742980957,59.96002664890073
flipped_part_005.mp4,2051,0,4,0.0216741496477495,0.7566009521484375,0.4554078843858506,4,0.0216741496477495,0.7566009521484375,59.96002664890073
flipped_part_005.mp4,2052,0,4,0.0214491805857993,0.7554701487223308,0.4551699603045428,4,0.0214491805857993,0.7554701487223308,59.96002664890073
flipped_part_005.mp4,2053,0,4,0.02110075748836,0.7548147837320963,0.4520501030815972,4,0.02110075748836,0.7548147837320963,59.96002664890073
flipped_part_005.mp4,2054,0,4,0.0210210777312965,0.7541179656982422,0.4470781114366319,4,0.0210210777312965,0.7541179656982422,59.96002664890073
flipped_part_005.mp4,2055,0,5,0.020976289861137,0.7538033803304036,0.4426971435546875,5,0.020976289861137,0.7538033803304036,59.96002664890073
flipped_part_005.mp4,2056,0,4,0.0202915464643458,0.7525592803955078,0.4400712754991319,4,0.0202915464643458,0.7525592803955078,59.96002664890073
flipped_part_005.mp4,2057,0,4,0.0198523482839206,0.7522270838419597,0.436893152307581,4,0.0198523482839206,0.7522270838419597,59.96002664890073
flipped_part_005.mp4,2058,0,4,0.0199425596351243,0.7517618179321289,0.4323449028862847,4,0.0199425596351243,0.7517618179321289,59.96002664890073
flipped_part_005.mp4,2059,0,5,0.0198257276320644,0.7516412734985352,0.4331554836697048,4,0.0198257276320644,0.7516412734985352,59.96002664890073
flipped_part_005.mp4,2060,0,5,0.0197051356649953,0.750979995727539,0.4319477787724248,4,0.0197051356649953,0.750979995727539,59.96002664890073
flipped_part_005.mp4,2061,0,5,0.0194977543898858,0.7501466751098633,0.4299379136827257,4,0.0194977543898858,0.7501466751098633,59.96002664890073
flipped_part_005.mp4,2062,0,6,0.0189281900064088,0.7486429214477539,0.4285348962854456,5,0.0189281900064088,0.7486429214477539,59.96002664890073
flipped_part_005.mp4,2063,0,5,0.0181876932115604,0.7480417251586914,0.4244767930772569,4,0.0181876932115604,0.7480417251586914,59.96002664890073
flipped_part_005.mp4,2064,0,5,0.0182821340115818,0.7474596659342448,0.4216488308376736,4,0.0182821340115818,0.7474596659342448,59.96002664890073
flipped_part_005.mp4,2065,0,6,0.0178103102427364,0.7457719802856445,0.4168246233904803,5,0.0178103102427364,0.7457719802856445,59.96002664890073
flipped_part_005.mp4,2066,0,5,0.0172890607306423,0.7443468729654948,0.4126789799442997,4,0.0172890607306423,0.7443468729654948,59.96002664890073
flipped_part_005.mp4,2067,0,5,0.0168933373959993,0.744053840637207,0.409944435402199,4,0.0168933373959993,0.744053840637207,59.96002664890073
flipped_part_005.mp4,2068,0,6,0.0164300853665918,0.7432588577270508,0.4100209554036458,5,0.0164300853665918,0.7432588577270508,59.96002664890073
flipped_part_005.mp4,2069,0,6,0.0164733994170092,0.7431642532348632,0.4069122314453125,5,0.0164733994170092,0.7431642532348632,59.96002664890073
flipped_part_005.mp4,2070,0,6,0.0162732796531377,0.7426390329996745,0.4049038357204861,5,0.0162732796531377,0.7426390329996745,59.96002664890073
flipped_part_005.mp4,2071,0,6,0.0162434545650871,0.7423914591471354,0.4039333767361111,5,0.0162434545650871,0.7423914591471354,59.96002664890073
flipped_part_005.mp4,2072,0,6,0.0160824369150321,0.7416517893473308,0.4030262699833623,5,0.0160824369150321,0.7416517893473308,59.96002664890073
flipped_part_005.mp4,2073,0,6,0.0161468697002662,0.7401546478271485,0.3984306618019386,5,0.0161468697002662,0.7401546478271485,59.96002664890073
flipped_part_005.mp4,2074,0,6,0.0156787333855754,0.7391346613566081,0.3966982806170428,5,0.0156787333855754,0.7391346613566081,59.96002664890073
flipped_part_005.mp4,2075,0,7,0.0149029480912442,0.7367586771647135,0.3935739587854456,6,0.0149029480912442,0.7367586771647135,59.96002664890073
flipped_part_005.mp4,2076,0,7,0.014695800224069,0.7363835016886393,0.3924458256474247,6,0.014695800224069,0.7363835016886393,59.96002664890073
flipped_part_005.mp4,2077,0,5,0.0147446261699143,0.7368584314982096,0.3910890367296007,4,0.0147446261699143,0.7368584314982096,59.96002664890073
flipped_part_005.mp4,2078,0,5,0.014600583487643,0.73581968943278,0.3880219636140046,4,0.014600583487643,0.73581968943278,59.96002664890073
flipped_part_005.mp4,2079,0,5,0.0146771321930767,0.735821024576823,0.3841708713107639,4,0.0146771321930767,0.735821024576823,59.96002664890073
flipped_part_005.mp4,2080,0,4,0.0147587126435246,0.7360493342081705,0.3797306767216435,3,0.0147587126435246,0.7360493342081705,59.96002664890073
flipped_part_005.mp4,2081,0,4,0.0151713931379102,0.7166603724161784,0.0047754923502604,3,0.0151713931379102,0.7340384165445963,59.96002664890073
flipped_part_005.mp4,2082,0,4,0.0153019151603803,0.8007577896118164,0.8627888997395833,3,0.0139915732452721,0.7330311457316081,59.96002664890073
flipped_part_005.mp4,2083,0,4,0.0159063448261521,0.8018540064493815,0.8589914392541956,3,0.0139906827391759,0.732359504699707,59.96002664890073
flipped_part_005.mp4,2084,0,4,0.0161758601225166,0.8007328669230144,0.8568867436161748,3,0.0140388536458744,0.7323179880777995,59.96002664890073
flipped_part_005.mp4,2085,0,4,0.016543168837045,0.8005716323852539,0.8544700905128761,3,0.0141795544808135,0.7322838465372722,59.96002664890073
flipped_part_005.mp4,2086,0,4,0.0168670114695042,0.7996149698893229,0.8513417561848958,3,0.0145819746106981,0.7315400441487631,59.96002664890073
flipped_part_005.mp4,2087,0,4,0.017342936995261,0.7991861979166667,0.8466213085033275,3,0.0150098696902083,0.7306994120279948,59.96002664890073
flipped_part_005.mp4,2088,0,3,0.0176611663126904,0.7975765864054362,0.8434963650173611,2,0.0142099651639108,0.7303089777628581,59.96002664890073
flipped_part_005.mp4,2089,0,3,0.0182630583857341,0.7990204493204752,0.8402907760054977,2,0.0139172993054833,0.7297971725463868,59.96002664890073
flipped_part_005.mp4,2090,0,3,0.0185437447539879,0.7980926513671875,0.8368799845377605,2,0.0141070873236727,0.7288900375366211,59.96002664890073
flipped_part_005.mp4,2091,0,3,0.0184760427470124,0.7954078674316406,0.8338282267252605,2,0.0141029872697092,0.7288599014282227,59.96002664890073
flipped_part_005.mp4,2092,0,3,0.0186945244650511,0.7948123296101888,0.8314039442274306,2,0.0144087816921765,0.7297304789225261,59.96002664890073
flipped_part_005.mp4,2093,0,4,0.019141548518422,0.7954492568969727,0.8279482241030093,3,0.0144829888761159,0.7292461395263672,59.96002664890073
flipped_part_005.mp4,2094,0,5,0.0196670095562499,0.7961781183878581,0.8239850644712094,4,0.0145520632432049,0.7291401545206706,59.96002664890073
flipped_part_005.mp4,2095,0,5,0.0192707378118885,0.7916267395019532,0.8228776154694734,4,0.0144116830678669,0.7289913177490235,59.96002664890073
flipped_part_005.mp4,2096,0,5,0.0198967946782337,0.7936134974161784,0.8207780626085069,4,0.0145881949678166,0.7288626988728841,59.96002664890073
flipped_part_005.mp4,2097,0,5,0.0202793467545739,0.7936670939127605,0.8189001577871817,4,0.0146298123435634,0.7283861796061198,59.96002664890073
flipped_part_005.mp4,2098,0,5,0.0205666112895684,0.7924111048380534,0.8145809032298901,4,0.0148699721301414,0.7280166625976563,59.96002664890073
flipped_part_005.mp4,2099,0,5,0.0214496812736615,0.794537353515625,0.8113210042317708,4,0.0149889790862266,0.7275853474934896,59.96002664890073
flipped_part_005.mp4,2100,1,5,0.0217689701607508,0.7940417607625325,0.8083164921513311,4,0.0151188272510706,0.7273561477661132,59.96002664890073
flipped_part_005.mp4,2101,1,5,0.0223558645594554,0.7947694778442382,0.8050953617802372,4,0.0152340461673803,0.7263710657755534,59.96002664890073
flipped_part_005.mp4,2102,1,5,0.0227804265765007,0.7945944468180338,0.8015753851996528,4,0.0155991491398459,0.7258982340494792,59.96002664890073
flipped_part_005.mp4,2103,1,5,0.0230833677468924,0.7957807540893554,0.7997736047815394,4,0.0156889051979912,0.7253101348876954,59.96002664890073
flipped_part_005.mp4,2104,1,5,0.0233479320899264,0.795285987854004,0.7979509141710069,4,0.0158885070083326,0.725059700012207,59.96002664890073
flipped_part_005.mp4,2105,1,6,0.0238329234519645,0.7954672495524089,0.7947957356770833,5,0.0160538288182578,0.7244673411051432,59.96002664890073
flipped_part_005.mp4,2106,1,5,0.0242111516721262,0.795758310953776,0.7922534518771701,4,0.0160545076714576,0.7245146433512369,59.96002664890073
flipped_part_005.mp4,2107,1,6,0.0243907020404865,0.795185915629069,0.7902423999927662,5,0.0162034378016229,0.7244547526041667,59.96002664890073
flipped_part_005.mp4,2108,1,6,0.0246228745636418,0.7953332901000977,0.7876791494864005,5,0.0162579323528108,0.7248741785685221,59.96002664890073
flipped_part_005.mp4,2109,1,5,0.0249588680563546,0.7954116821289062,0.7868248268410012,4,0.0162965076602204,0.7247842788696289,59.96002664890073
flipped_part_005.mp4,2110,1,5,0.0257208824454573,0.7956666946411133,0.7819412231445313,4,0.0164063971370665,0.725234858194987,59.96002664890073
flipped_part_005.mp4,2111,1,5,0.0263433976600019,0.7957211176554362,0.77748373526114,4,0.0168555064576557,0.7254635492960612,59.96002664890073
flipped_part_005.mp4,2112,1,5,0.0268814739238371,0.7963920593261719,0.7750531797055845,4,0.0168076627642019,0.7257020950317383,59.96002664890073
flipped_part_005.mp4,2113,1,5,0.0270190380575756,0.7965646743774414,0.7741414388020833,4,0.0168158079290483,0.7260218302408854,59.96002664890073
flipped_part_005.mp4,2114,1,4,0.0274686924661768,0.7972382227579753,0.7718299018012152,3,0.0169720247987676,0.7266184488932291,59.96002664890073
flipped_part_005.mp4,2115,1,4,0.0277088690343899,0.7979463577270508,0.7709021109121817,3,0.0176260558416456,0.7274435043334961,59.96002664890073
flipped_part_005.mp4,2116,1,4,0.0274580080272129,0.7972089767456054,0.7700442278826678,3,0.0178625381576475,0.7280784606933594,59.96002664890073
flipped_part_005.mp4,2117,1,4,0.028100604556212,0.7980110168457031,0.7673598112883391,3,0.0173748135082941,0.728645388285319,59.96002664890073
flipped_part_005.mp4,2118,1,4,0.0288330188327157,0.7994553248087565,0.7649267691153067,3,0.0175017536201738,0.7296070734659831,59.96002664890073
flipped_part_005.mp4,2119,1,5,0.0291297916213429,0.7995373407999674,0.7623838071469907,4,0.0178002850413839,0.7296989440917969,59.96002664890073
flipped_part_005.mp4,2120,1,4,0.0296463443407318,0.8007235209147135,0.7612477055302372,3,0.0179744730172441,0.7307949066162109,59.96002664890073
flipped_part_005.mp4,2121,1,4,0.0301958771312126,0.8021910349527995,0.7595680519386574,3,0.0181914298334353,0.7314062118530273,59.96002664890073
flipped_part_005.mp4,2122,1,4,0.0301671300537777,0.8008462905883789,0.7577887075918692,3,0.0182623887896059,0.7314449946085612,59.96002664890073
flipped_part_005.mp4,2123,1,4,0.0304038263369606,0.8006540934244791,0.7548627500180844,3,0.0183741712514138,0.7313156127929688,59.96002664890073
flipped_part_005.mp4,2124,1,4,0.0306615237381063,0.8005313873291016,0.7535552413375289,3,0.0182946584627131,0.7309757232666015,59.96002664890073
flipped_part_005.mp4,2125,1,4,0.0305614980471781,0.7991819381713867,0.7520961620189526,3,0.0186752919581421,0.7316186904907227,59.96002664890073
flipped_part_005.mp4,2126,1,4,0.0309037330613096,0.79910888671875,0.7501274391456887,3,0.0186769742540922,0.7311726888020833,59.96002664890073
flipped_part_005.mp4,2127,1,4,0.0311701219658263,0.7982594807942708,0.7467820909288194,3,0.0190810024340559,0.7317886352539062,59.96002664890073
flipped_part_005.mp4,2128,1,5,0.0314063309498036,0.7979368209838867,0.7445461131908275,4,0.0190373591830333,0.7313737869262695,59.96002664890073
flipped_part_005.mp4,2129,1,4,0.0316798774692744,0.797848892211914,0.7420806319625289,3,0.0187568359039465,0.7307625452677409,59.96002664890073
flipped_part_005.mp4,2130,1,5,0.0319399983700606,0.7977043151855469,0.7403076737015336,4,0.0189865249468237,0.729718271891276,59.96002664890073
flipped_part_005.mp4,2131,1,5,0.0318631805038657,0.7974916458129883,0.7403253625940394,4,0.0188340374250697,0.7288425445556641,59.96002664890073
flipped_part_005.mp4,2132,1,5,0.0319494265532638,0.7968689600626627,0.7389148288302951,4,0.0192179327373364,0.7303670883178711,59.96002664890073
flipped_part_005.mp4,2133,1,5,0.031560037819328,0.7954708735148112,0.7382188019929109,4,0.0195274107894043,0.7303802490234375,59.96002664890073
flipped_part_005.mp4,2134,1,6,0.031740928669266,0.7957839965820312,0.7372127956814236,5,0.0199294926609339,0.7315296173095703,59.96002664890073
flipped_part_005.mp4,2135,1,5,0.0322708525770576,0.7962151209513346,0.7355987548828125,4,0.0198848030830009,0.7325082778930664,59.96002664890073
flipped_part_005.mp4,2136,1,5,0.0324082224497235,0.7962576548258463,0.7349768744574653,4,0.0204280036957546,0.7337934494018554,59.96002664890073
flipped_part_005.mp4,2137,1,4,0.0329224754905185,0.7969153086344402,0.7330201890733506,3,0.0204795160123386,0.7349209467569987,59.96002664890073
flipped_part_005.mp4,2138,1,4,0.0330650547939104,0.7963933944702148,0.7304844043872974,3,0.020797032640764,0.7353365580240886,59.96002664890073
flipped_part_005.mp4,2139,1,4,0.0332608306961871,0.7963198343912761,0.7295700073242187,3,0.0211848444294365,0.7354932149251302,59.96002664890073
flipped_part_005.mp4,2140,1,5,0.0331526996726299,0.794871966044108,0.7274822658962674,4,0.0214670629680794,0.7364470163981119,59.96002664890073
flipped_part_005.mp4,2141,1,5,0.0334859722763455,0.7942951202392579,0.722791827166522,4,0.0215932913493856,0.7369452158610026,59.96002664890073
flipped_part_005.mp4,2142,1,5,0.0338008180019204,0.7938976923624674,0.7195285373263889,4,0.0217678449990031,0.7380102157592774,59.96002664890073
flipped_part_005.mp4,2143,1,4,0.033193137693193,0.7927889506022135,0.7221288610387732,3,0.0221261273339041,0.7382768630981446,59.96002664890073
flipped_part_005.mp4,2144,1,3,0.0340707304686082,0.7926769892374674,0.7151393749095776,2,0.0237617340567593,0.738918685913086,59.96002664890073
flipped_part_005.mp4,2145,1,3,0.0340378907813121,0.7927740097045899,0.7155585394965278,2,0.0233287716502421,0.7393048604329427,59.96002664890073
flipped_part_005.mp4,2146,1,4,0.0337012702713642,0.7915444056193034,0.7150978936089409,3,0.0228904200507289,0.7391536076863606,59.96002664890073
flipped_part_005.mp4,2147,1,4,0.0337758077922482,0.7911387125651042,0.7136179040979456,3,0.0233560745081006,0.7394469579060873,59.96002664890073
flipped_part_005.mp4,2148,1,3,0.0341787199165102,0.7911231994628907,0.7109686957465278,2,0.0240115424339842,0.7400265375773112,59.96002664890073
flipped_part_005.mp4,2149,1,3,0.0343774057882924,0.7912273406982422,0.7101599799262153,2,0.0239767046149117,0.7411645253499349,59.96002664890073
flipped_part_005.mp4,2150,1,3,0.0344712964724749,0.790385882059733,0.7079718695746527,2,0.0242058012310169,0.7414894104003906,59.96002664890073
flipped_part_005.mp4,2151,1,3,0.0343892050864976,0.7899171829223632,0.7073781331380208,2,0.0248212950036826,0.7427977244059245,59.96002664890073
flipped_part_005.mp4,2152,1,4,0.034199147212914,0.7886217753092448,0.7062182956271701,3,0.0250544061298165,0.7434578577677409,59.96002664890073
flipped_part_005.mp4,2153,1,4,0.0338210318486003,0.786962890625,0.7053031073676215,3,0.0252152795287353,0.7443977355957031,59.96002664890073
flipped_part_005.mp4,2154,1,3,0.0335822584938091,0.7859001159667969,0.7054028546368635,2,0.0252995296475947,0.7447280883789062,59.96002664890073
flipped_part_005.mp4,2155,1,3,0.03394863561698,0.7860395431518554,0.7028875845449942,2,0.0255362433301612,0.7450325647989909,59.96002664890073
flipped_part_005.mp4,2156,1,4,0.0334249859358856,0.7839534759521485,0.7033703274197048,3,0.0253394555269591,0.7446911493937175,59.96002664890073
flipped_part_005.mp4,2157,1,4,0.0333612964460432,0.7836908340454102,0.7033228556315104,3,0.0257575575013955,0.7461578369140625,59.96002664890073
flipped_part_005.mp4,2158,1,4,0.0332670285220453,0.7832026799519857,0.7018098054108797,3,0.0256374840537642,0.746544075012207,59.96002664890073
flipped_part_005.mp4,2159,1,4,0.0333037349823495,0.7834882100423177,0.7019001713505497,3,0.0258722344368648,0.7471254348754883,59.96002664890073
flipped_part_005.mp4,2160,0,3,0.0331456980616914,0.7830787658691406,0.701893389666522,2,0.0264858182722323,0.7482490539550781,59.96002664890073
flipped_part_005.mp4,2161,0,3,0.0330655078180522,0.7826182047526041,0.7013530589916088,2,0.0264281599665129,0.7488981246948242,59.96002664890073
flipped_part_005.mp4,2162,0,3,0.0330060439308484,0.7825178782145182,0.7015706380208333,2,0.0261284052941482,0.7486773173014323,59.96002664890073
flipped_part_005.mp4,2163,0,3,0.0328984890781511,0.7821352005004882,0.7015498973705151,2,0.0261627608818364,0.7495150248209635,59.96002664890073
flipped_part_005.mp4,2164,0,3,0.0328630481183781,0.7819212595621745,0.7016533180519386,2,0.026396465035492,0.7499200820922851,59.96002664890073
flipped_part_005.mp4,2165,0,4,0.0324558603988865,0.7807882308959961,0.7020186247649016,3,0.0268959506077549,0.7495386123657226,59.96002664890073
flipped_part_005.mp4,2166,0,4,0.0324112902968305,0.7807688395182292,0.7025166264286747,3,0.0273803151612972,0.749513053894043,59.96002664890073
flipped_part_005.mp4,2167,0,4,0.0322919152442611,0.7803464889526367,0.7027703744393808,3,0.0276728112815827,0.7503860473632813,59.96002664890073
flipped_part_005.mp4,2168,0,3,0.0318662107534085,0.7797595977783203,0.7047279640480324,2,0.0280540383188053,0.7506738662719726,59.96002664890073
flipped_part_005.mp4,2169,0,5,0.0318277261745081,0.7796476364135743,0.7061143098054109,4,0.0280455105228099,0.7511629104614258,59.96002664890073
flipped_part_005.mp4,2170,0,5,0.0316986560976753,0.779395866394043,0.7073957655164931,4,0.0284047081399573,0.7520896911621093,59.96002664890073
flipped_part_005.mp4,2171,0,5,0.0315143196540669,0.7788312911987305,0.7070881596317997,4,0.0285782648725625,0.7522722244262695,59.96002664890073
flipped_part_005.mp4,2172,0,5,0.0312328536914558,0.7781437555948894,0.7080637613932291,4,0.0287338454413434,0.7525300979614258,59.96002664890073
flipped_part_005.mp4,2173,0,6,0.0310195426227033,0.7784523646036784,0.7118323432074652,5,0.0289188784883461,0.7527098337809245,59.96002664890073
flipped_part_005.mp4,2174,0,5,0.030632349761813,0.7775922775268554,0.7137942278826678,4,0.0294041089977448,0.7537492116292318,59.96002664890073
flipped_part_005.mp4,2175,0,4,0.0300843641743995,0.7769626617431641,0.7152785689742477,3,0.029483051431016,0.7546044667561849,59.96002664890073
flipped_part_005.mp4,2176,0,4,0.0298852186513357,0.7549828211466472,0.2183935094762731,3,0.0298852186513357,0.7549828211466472,59.96002664890073
flipped_part_005.mp4,2177,0,4,0.0299043555116319,0.7552149454752605,0.2216517130533854,3,0.0299043555116319,0.7552149454752605,59.96002664890073
flipped_part_005.mp4,2178,0,4,0.0299805810968219,0.7552359263102214,0.2255363181785301,3,0.0299805810968219,0.7552359263102214,59.96002664890073
flipped_part_005.mp4,2179,0,5,0.0301594416934272,0.7555513381958008,0.2277055528428819,4,0.0301594416934272,0.7555513381958008,59.96002664890073
flipped_part_005.mp4,2180,0,5,0.0305369672643158,0.755644416809082,0.2301579228153935,4,0.0305369672643158,0.755644416809082,59.96002664890073
flipped_part_005.mp4,2181,0,5,0.0310220700254366,0.7567214965820312,0.2321597063982928,4,0.0310220700254366,0.7567214965820312,59.96002664890073
flipped_part_005.mp4,2182,0,5,0.0313528393392011,0.7571872711181641,0.235994635687934,4,0.0313528393392011,0.7571872711181641,59.96002664890073
flipped_part_005.mp4,2183,0,5,0.0314217952093006,0.75752747853597,0.2380796644422743,4,0.0314217952093006,0.75752747853597,59.96002664890073
flipped_part_005.mp4,2184,0,5,0.0319246646790351,0.7583627700805664,0.2412553010163483,4,0.0319246646790351,0.7583627700805664,59.96002664890073
flipped_part_005.mp4,2185,0,5,0.0321646383344583,0.7582160949707031,0.2444109316225405,4,0.0321646383344583,0.7582160949707031,59.96002664890073
flipped_part_005.mp4,2186,0,4,0.0319480578488609,0.7572646458943685,0.2441609135380497,3,0.0319480578488609,0.7572646458943685,59.96002664890073
flipped_part_005.mp4,2187,0,4,0.0322555268335337,0.7576234817504883,0.2460917154947916,3,0.0322555268335337,0.7576234817504883,59.96002664890073
flipped_part_005.mp4,2188,0,5,0.0332658395364867,0.7602001190185547,0.2509923299153646,4,0.0332658395364867,0.7602001190185547,59.96002664890073
flipped_part_005.mp4,2189,0,5,0.0334154538936872,0.7603594462076823,0.2532076235170717,4,0.0334154538936872,0.7603594462076823,59.96002664890073
flipped_part_005.mp4,2190,0,6,0.0332149726106931,0.7595396677652995,0.2578969884801794,4,0.0332149726106931,0.7595396677652995,59.96002664890073
flipped_part_005.mp4,2191,0,4,0.0330898405728577,0.7590927124023438,0.260878668891059,3,0.0330898405728577,0.7590927124023438,59.96002664890073
flipped_part_005.mp4,2192,0,4,0.0334650487342582,0.759408442179362,0.2644370750144676,3,0.0334650487342582,0.759408442179362,59.96002664890073
flipped_part_005.mp4,2193,0,5,0.0329559218657798,0.759108034769694,0.2677889788592303,4,0.0329559218657798,0.759108034769694,59.96002664890073
flipped_part_005.mp4,2194,0,5,0.0327672501129456,0.7582737604777018,0.2708044546621817,4,0.0327672501129456,0.7582737604777018,59.96002664890073
flipped_part_005.mp4,2195,0,5,0.0331275932731417,0.7599317550659179,0.2759317468713831,4,0.0331275932731417,0.7599317550659179,59.96002664890073
flipped_part_005.mp4,2196,0,5,0.033478086384065,0.75921630859375,0.2787462022569444,4,0.033478086384065,0.75921630859375,59.96002664890073
flipped_part_005.mp4,2197,0,4,0.0337312577563958,0.7588146209716797,0.2810623734085648,3,0.0337312577563958,0.7588146209716797,59.96002664890073
flipped_part_005.mp4,2198,0,4,0.0347300807926458,0.7583471298217773,0.2904695864076967,3,0.0347300807926458,0.7583471298217773,59.96002664890073
flipped_part_005.mp4,2199,0,4,0.0356059755178931,0.759074592590332,0.2909855030201099,3,0.0356059755178931,0.759074592590332,59.96002664890073
flipped_part_005.mp4,2200,0,4,0.0363236267818138,0.7597836176554362,0.2936187744140625,3,0.0363236267818138,0.7597836176554362,59.96002664890073
flipped_part_005.mp4,2201,0,5,0.0370325520084481,0.7621891657511394,0.2902586760344329,4,0.0370325520084481,0.7621891657511394,59.96002664890073
flipped_part_005.mp4,2202,0,4,0.0377922025245088,0.7641928354899089,0.2893765484845196,3,0.0377922025245088,0.7641928354899089,59.96002664890073
flipped_part_005.mp4,2203,0,4,0.0370391889584982,0.7630748748779297,0.2877363982024016,3,0.0370391889584982,0.7630748748779297,59.96002664890073
flipped_part_005.mp4,2204,0,4,0.0379340407754514,0.765125592549642,0.292372809516059,3,0.0379340407754514,0.765125592549642,59.96002664890073
flipped_part_005.mp4,2205,0,4,0.0373129708224183,0.7634084701538086,0.2991191722728588,3,0.0373129708224183,0.7634084701538086,59.96002664890073
flipped_part_005.mp4,2206,0,4,0.0377297570945423,0.7641981760660808,0.3000673082139757,3,0.0377297570945423,0.7641981760660808,59.96002664890073
flipped_part_005.mp4,2207,0,4,0.037911681993347,0.7644976298014323,0.3013382523148148,3,0.037911681993347,0.7644976298014323,59.96002664890073
flipped_part_005.mp4,2208,0,4,0.0382855542741405,0.7646842956542969,0.303249669958044,3,0.0382855542741405,0.7646842956542969,59.96002664890073
flipped_part_005.mp4,2209,0,4,0.0389008839253801,0.7653192520141602,0.3089411417643229,3,0.0389008839253801,0.7653192520141602,59.96002664890073
flipped_part_005.mp4,2210,0,4,0.0391409712359179,0.7656870524088542,0.3140624434859664,3,0.0391409712359179,0.7656870524088542,59.96002664890073
flipped_part_005.mp4,2211,0,4,0.0391438198856755,0.7654744466145833,0.3162838971173322,3,0.0391438198856755,0.7654744466145833,59.96002664890073
flipped_part_005.mp4,2212,0,4,0.0394261335954393,0.7651510238647461,0.3169349387839988,3,0.0394261335954393,0.7651510238647461,59.96002664890073
flipped_part_005.mp4,2213,0,4,0.0397703958482856,0.7656114578247071,0.3190255059136285,3,0.0397703958482856,0.7656114578247071,59.96002664890073
flipped_part_005.mp4,2214,0,4,0.0398630721039242,0.7654436111450196,0.3203372531467013,3,0.0398630721039242,0.7654436111450196,59.96002664890073
flipped_part_005.mp4,2215,0,4,0.0400521197184247,0.7667455673217773,0.3246923376012731,3,0.0400521197184247,0.7667455673217773,59.96002664890073
flipped_part_005.mp4,2216,0,5,0.0406804420273207,0.7685550689697266,0.3280368381076389,4,0.0406804420273207,0.7685550689697266,59.96002664890073
flipped_part_005.mp4,2217,0,5,0.0414473939185673,0.7701208750406902,0.3290022673430266,4,0.0414473939185673,0.7701208750406902,59.96002664890073
flipped_part_005.mp4,2218,0,4,0.041419383547812,0.769672711690267,0.3293805722837095,3,0.041419383547812,0.769672711690267,59.96002664890073
flipped_part_005.mp4,2219,0,4,0.0420978620682877,0.7697797775268554,0.3286696822554977,3,0.0420978620682877,0.7697797775268554,59.96002664890073
flipped_part_005.mp4,2220,0,4,0.0422581385517454,0.7714762369791667,0.334828864203559,3,0.0422581385517454,0.7714762369791667,59.96002664890073
flipped_part_005.mp4,2221,0,4,0.0420753026617199,0.7706833521525065,0.3366472597475405,3,0.0420753026617199,0.7706833521525065,59.96002664890073
flipped_part_005.mp4,2222,0,4,0.0419477177674617,0.7701943715413412,0.3387192337601273,3,0.0419477177674617,0.7701943715413412,59.96002664890073
flipped_part_005.mp4,2223,0,4,0.0424395183987346,0.7709323247273763,0.3408436527958622,3,0.0424395183987346,0.7709323247273763,59.96002664890073
flipped_part_005.mp4,2224,0,4,0.0429795358962534,0.7718296051025391,0.343255615234375,3,0.0429795358962534,0.7718296051025391,59.96002664890073
flipped_part_005.mp4,2225,0,4,0.0432849005303118,0.772693125406901,0.3450175532588252,3,0.0432849005303118,0.772693125406901,59.96002664890073
flipped_part_005.mp4,2226,0,4,0.0433116959178975,0.7727627436319987,0.3455971611870659,3,0.0433116959178975,0.7727627436319987,59.96002664890073
flipped_part_005.mp4,2227,0,4,0.0434922359498321,0.772987174987793,0.3479438499168113,3,0.0434922359498321,0.772987174987793,59.96002664890073
flipped_part_005.mp4,2228,0,4,0.0438544755495429,0.7736653010050456,0.3493283872251157,3,0.0438544755495429,0.7736653010050456,59.96002664890073
flipped_part_005.mp4,2229,0,4,0.0438602096795673,0.7730644226074219,0.3504385489004629,3,0.0438602096795673,0.7730644226074219,59.96002664890073
flipped_part_005.mp4,2230,0,4,0.0436853781154301,0.7721502304077148,0.3522132025824653,3,0.0436853781154301,0.7721502304077148,59.96002664890073
flipped_part_005.mp4,2231,0,4,0.0433623287725559,0.7707860946655274,0.3519132826063368,3,0.0433623287725559,0.7707860946655274,59.96002664890073
flipped_part_005.mp4,2232,0,4,0.043832295637342,0.7718510945638021,0.3530523229528357,3,0.043832295637342,0.7718510945638021,59.96002664890073
flipped_part_005.mp4,2233,0,4,0.0440346712773963,0.7718779246012369,0.3547739099573206,3,0.0440346712773963,0.7718779246012369,59.96002664890073
flipped_part_005.mp4,2234,0,4,0.0443402218365614,0.772402000427246,0.3567055596245659,3,0.0443402218365614,0.772402000427246,59.96002664890073
flipped_part_005.mp4,2235,0,4,0.0446990313068359,0.7731382369995117,0.3581305044668692,3,0.0446990313068359,0.7731382369995117,59.96002664890073
flipped_part_005.mp4,2236,0,5,0.0451787251415899,0.7741402943929037,0.3606638025354456,3,0.0451787251415899,0.7741402943929037,59.96002664890073
flipped_part_005.mp4,2237,0,5,0.0452676231443183,0.7736198425292968,0.3619632297092013,3,0.0452676231443183,0.7736198425292968,59.96002664890073
flipped_part_005.mp4,2238,0,6,0.045486119802679,0.7731941223144532,0.3642105102539062,4,0.045486119802679,0.7731941223144532,59.96002664890073
flipped_part_005.mp4,2239,0,6,0.0458153023174963,0.7731045405069987,0.3661861843532986,4,0.0458153023174963,0.7731045405069987,59.96002664890073
flipped_part_005.mp4,2240,0,6,0.045984408337002,0.7736149470011393,0.3658790870949074,4,0.045984408337002,0.7736149470011393,59.96002664890073
flipped_part_005.mp4,2241,0,6,0.0460217010676731,0.7738912582397461,0.365824720594618,4,0.0460217010676731,0.7738912582397461,59.96002664890073
flipped_part_005.mp4,2242,0,6,0.0461380783323289,0.7738569259643555,0.3680536905924479,4,0.0461380783323289,0.7738569259643555,59.96002664890073
flipped_part_005.mp4,2243,0,7,0.0461244928163553,0.7734041849772135,0.37061767578125,5,0.0461244928163553,0.7734041849772135,59.96002664890073
flipped_part_005.mp4,2244,0,7,0.0461590640750076,0.773109499613444,0.3724578292281539,5,0.0461590640750076,0.773109499613444,59.96002664890073
flipped_part_005.mp4,2245,0,7,0.046854351227812,0.773089345296224,0.3772645738389757,5,0.046854351227812,0.773089345296224,59.96002664890073
flipped_part_005.mp4,2246,0,6,0.048070914463347,0.7732615788777669,0.3858025444878472,4,0.048070914463347,0.7732615788777669,59.96002664890073
flipped_part_005.mp4,2247,0,7,0.0480191827150863,0.7733011245727539,0.3853532579210069,5,0.0480191827150863,0.7733011245727539,59.96002664890073
flipped_part_005.mp4,2248,0,6,0.0481102183709218,0.7732692718505859,0.3852608574761285,4,0.0481102183709218,0.7732692718505859,59.96002664890073
flipped_part_005.mp4,2249,0,5,0.0485888475377578,0.773120625813802,0.3901414659288194,4,0.0485888475377578,0.773120625813802,59.96002664890073
flipped_part_005.mp4,2250,0,5,0.0488770845187698,0.7729761123657226,0.3923232467086227,4,0.0488770845187698,0.7729761123657226,59.96002664890073
flipped_part_005.mp4,2251,0,6,0.0490855278377313,0.7736563364664714,0.3915886207863137,5,0.0490855278377313,0.7736563364664714,59.96002664890073
flipped_part_005.mp4,2252,0,6,0.0487647633746059,0.7739058176676432,0.3887242635091146,5,0.0487647633746059,0.7739058176676432,59.96002664890073
flipped_part_005.mp4,2253,0,6,0.0482367409975268,0.7739676157633464,0.3844742951569734,5,0.0482367409975268,0.7739676157633464,59.96002664890073
flipped_part_005.mp4,2254,0,7,0.0480131531302403,0.7740716934204102,0.3827406141493055,6,0.0480131531302403,0.7740716934204102,59.96002664890073
flipped_part_005.mp4,2255,0,8,0.0478890364570543,0.7742206573486328,0.382252785011574,7,0.0478890364570543,0.7742206573486328,59.96002664890073
flipped_part_005.mp4,2256,0,8,0.0477961807225774,0.7742380142211914,0.3819023414894386,7,0.0477961807225774,0.7742380142211914,59.96002664890073
flipped_part_005.mp4,2257,0,8,0.0480327432033825,0.7748118082682292,0.3826330679434317,7,0.0480327432033825,0.7748118082682292,59.96002664890073
flipped_part_005.mp4,2258,0,8,0.0475597808006245,0.7746587753295898,0.379670997902199,7,0.0475597808006245,0.7746587753295898,59.96002664890073
flipped_part_005.mp4,2259,0,6,0.047536416425956,0.7743639628092448,0.3803191573531539,5,0.047536416425956,0.7743639628092448,59.96002664890073
flipped_part_005.mp4,2260,0,5,0.0473991027687184,0.7743416468302409,0.3788611518012152,4,0.0473991027687184,0.7743416468302409,59.96002664890073
flipped_part_005.mp4,2261,0,6,0.0473873554886301,0.774681027730306,0.3776150173611111,5,0.0473873554886301,0.774681027730306,59.96002664890073
flipped_part_005.mp4,2262,0,5,0.047320291600323,0.7748127619425456,0.3768082795319734,4,0.047320291600323,0.7748127619425456,59.96002664890073
flipped_part_005.mp4,2263,0,7,0.047145700548922,0.7744293848673502,0.3766221788194444,6,0.047145700548922,0.7744293848673502,59.96002664890073
flipped_part_005.mp4,2264,0,5,0.0471820140357185,0.7748926798502604,0.377650225604022,4,0.0471820140357185,0.7748926798502604,59.96002664890073
flipped_part_005.mp4,2265,0,4,0.0472094748896995,0.7750165939331055,0.3778615315755208,3,0.0472094748896995,0.7750165939331055,59.96002664890073
flipped_part_005.mp4,2266,0,4,0.0472841279804857,0.7751810073852539,0.3789623684353299,3,0.0472841279804857,0.7751810073852539,59.96002664890073
flipped_part_005.mp4,2267,0,4,0.0474437281993191,0.7755655288696289,0.3779333609121817,3,0.0474437281993191,0.7755655288696289,59.96002664890073
flipped_part_005.mp4,2268,0,5,0.0475659431450293,0.7753210703531901,0.3775705408166956,4,0.0475659431450293,0.7753210703531901,59.96002664890073
flipped_part_005.mp4,2269,0,5,0.0474949646759907,0.7753412246704101,0.3784676445855034,4,0.0474949646759907,0.7753412246704101,59.96002664890073
flipped_part_005.mp4,2270,0,4,0.047419994284153,0.7749478022257487,0.3789005985966435,3,0.047419994284153,0.7749478022257487,59.96002664890073
flipped_part_005.mp4,2271,0,4,0.0477926152919988,0.7757476806640625,0.3778466118706597,3,0.0477926152919988,0.7757476806640625,59.96002664890073
flipped_part_005.mp4,2272,0,4,0.0475642230109466,0.7758073806762695,0.3797434488932291,3,0.0475642230109466,0.7758073806762695,59.96002664890073
flipped_part_005.mp4,2273,0,5,0.0475858563950168,0.7757438659667969,0.3795811971028646,4,0.0475858563950168,0.7757438659667969,59.96002664890073
flipped_part_005.mp4,2274,0,5,0.047746518896925,0.7758820215861003,0.3796191745334201,4,0.047746518896925,0.7758820215861003,59.96002664890073
flipped_part_005.mp4,2275,0,5,0.0476698403681317,0.7757335662841797,0.3801493326822917,4,0.0476698403681317,0.7757335662841797,59.96002664890073
flipped_part_005.mp4,2276,0,5,0.0474423591348265,0.775425910949707,0.3813164605034722,4,0.0474423591348265,0.775425910949707,59.96002664890073
flipped_part_005.mp4,2277,0,4,0.0474376032141972,0.7756170908610026,0.3818135014286747,3,0.0474376032141972,0.7756170908610026,59.96002664890073
flipped_part_005.mp4,2278,0,5,0.0475144763472834,0.7758452733357747,0.3818201700846354,4,0.0475144763472834,0.7758452733357747,59.96002664890073
flipped_part_005.mp4,2279,0,5,0.0475181595737295,0.7758446375528971,0.3819229125976562,4,0.0475181595737295,0.7758446375528971,59.96002664890073
flipped_part_005.mp4,2280,0,5,0.0479939500529629,0.7760656356811524,0.3799218071831597,4,0.0479939500529629,0.7760656356811524,59.96002664890073
flipped_part_005.mp4,2281,0,5,0.0483825068380489,0.7767082850138346,0.379274664984809,4,0.0483825068380489,0.7767082850138346,59.96002664890073
flipped_part_005.mp4,2282,0,4,0.048742059439343,0.7767124176025391,0.3784248634620949,3,0.048742059439343,0.7767124176025391,59.96002664890073
flipped_part_005.mp4,2283,0,4,0.0488377980065221,0.7768288294474284,0.3779135244864005,3,0.0488377980065221,0.7768288294474284,59.96002664890073
flipped_part_005.mp4,2284,0,5,0.0490732619579001,0.7767974853515625,0.3768191867404514,4,0.0490732619579001,0.7767974853515625,59.96002664890073
flipped_part_005.mp4,2285,0,5,0.049312994358867,0.7767267227172852,0.3754384358723958,4,0.049312994358867,0.7767267227172852,59.96002664890073
flipped_part_005.mp4,2286,0,5,0.0492705491729429,0.776456642150879,0.3749733818901909,4,0.0492705491729429,0.776456642150879,59.96002664890073
flipped_part_005.mp4,2287,0,5,0.0490818159261511,0.7764179229736328,0.3759090847439236,4,0.0490818159261511,0.7764179229736328,59.96002664890073
flipped_part_005.mp4,2288,0,5,0.0488587272828832,0.7762312571207682,0.3776568942599826,4,0.0488587272828832,0.7762312571207682,59.96002664890073
flipped_part_005.mp4,2289,0,5,0.0487147624735479,0.7758365631103515,0.3782157050238715,4,0.0487147624735479,0.7758365631103515,59.96002664890073
flipped_part_005.mp4,2290,0,5,0.0487855257083558,0.7756998697916667,0.3789470531322338,4,0.0487855257083558,0.7756998697916667,59.96002664890073
flipped_part_005.mp4,2291,0,5,0.0487733265798306,0.775982666015625,0.3798537642867476,4,0.0487733265798306,0.775982666015625,59.96002664890073
flipped_part_005.mp4,2292,0,5,0.048847683990801,0.7758455912272135,0.3801313047055845,4,0.048847683990801,0.7758455912272135,59.96002664890073
flipped_part_005.mp4,2293,0,5,0.0489738935824587,0.7760883331298828,0.3814281322337963,4,0.0489738935824587,0.7760883331298828,59.96002664890073
flipped_part_005.mp4,2294,0,6,0.0490210496988664,0.7758694330851237,0.3818239000108507,5,0.0490210496988664,0.7758694330851237,59.96002664890073
flipped_part_005.mp4,2295,0,6,0.0487247245630068,0.7755359649658203,0.3842258029513888,5,0.0487247245630068,0.7755359649658203,59.96002664890073
flipped_part_005.mp4,2296,0,5,0.0486656803041437,0.7752278010050456,0.3853741115993924,4,0.0486656803041437,0.7752278010050456,59.96002664890073
flipped_part_005.mp4,2297,0,5,0.0488549504716906,0.7750751495361328,0.3844241106951678,4,0.0488549504716906,0.7750751495361328,59.96002664890073
flipped_part_005.mp4,2298,0,6,0.0487385043255441,0.7752397537231446,0.386530840838397,5,0.0487385043255441,0.7752397537231446,59.96002664890073
flipped_part_005.mp4,2299,0,7,0.0485273554584839,0.7754245122273763,0.3887253937897859,6,0.0485273554584839,0.7754245122273763,59.96002664890073
flipped_part_005.mp4,2300,0,5,0.0483619839572929,0.7753223419189453,0.3895577324761284,4,0.0483619839572929,0.7753223419189453,59.96002664890073
flipped_part_005.mp4,2301,0,5,0.0482780380203298,0.7752679189046224,0.3897178932472511,4,0.0482780380203298,0.7752679189046224,59.96002664890073
flipped_part_005.mp4,2302,0,4,0.0481764130030448,0.7757201512654622,0.394492933485243,3,0.0481764130030448,0.7757201512654622,59.96002664890073
flipped_part_005.mp4,2303,0,5,0.0480616051963901,0.7761688868204752,0.396292961968316,4,0.0480616051963901,0.7761688868204752,59.96002664890073
flipped_part_005.mp4,2304,0,4,0.0479045635369321,0.775700569152832,0.3977523238570601,3,0.0479045635369321,0.775700569152832,59.96002664890073
flipped_part_005.mp4,2305,0,5,0.0480433614159119,0.7755121866861979,0.3982596503363715,4,0.0480433614159119,0.7755121866861979,59.96002664890073
flipped_part_005.mp4,2306,0,4,0.0483427977992687,0.7756024042765299,0.3975345187717014,3,0.0483427977992687,0.7756024042765299,59.96002664890073
flipped_part_005.mp4,2307,0,4,0.0480551673765876,0.7756353378295898,0.3990965101453993,3,0.0480551673765876,0.7756353378295898,59.96002664890073
flipped_part_005.mp4,2308,0,6,0.0480412990314006,0.7755159378051758,0.4013963487413194,5,0.0480412990314006,0.7755159378051758,59.96002664890073
flipped_part_005.mp4,2309,0,5,0.0481910918768133,0.7753183364868164,0.4020528157552083,4,0.0481910918768133,0.7753183364868164,59.96002664890073
flipped_part_005.mp4,2310,0,6,0.0482639187526526,0.7753578821818033,0.4027218288845486,5,0.0482639187526526,0.7753578821818033,59.96002664890073
flipped_part_005.mp4,2311,0,5,0.0481770712041071,0.7751337687174479,0.4035630402741609,4,0.0481770712041071,0.7751337687174479,59.96002664890073
flipped_part_005.mp4,2312,0,5,0.0487224133981443,0.775267219543457,0.4036092122395833,4,0.0487224133981443,0.775267219543457,59.96002664890073
flipped_part_005.mp4,2313,0,5,0.0487247006490145,0.775292714436849,0.4039624814633969,4,0.0487247006490145,0.775292714436849,59.96002664890073
flipped_part_005.mp4,2314,0,5,0.0485155445813089,0.775018310546875,0.4045581393771701,4,0.0485155445813089,0.775018310546875,59.96002664890073
flipped_part_005.mp4,2315,0,5,0.0484755330656965,0.7749275207519531,0.4048408790870949,4,0.0484755330656965,0.7749275207519531,59.96002664890073
flipped_part_005.mp4,2316,0,6,0.0484416142641566,0.7747719446818034,0.4055120962637442,5,0.0484416142641566,0.7747719446818034,59.96002664890073
flipped_part_005.mp4,2317,0,6,0.0482239288801613,0.7743548075358073,0.4067480581778067,5,0.0482239288801613,0.7743548075358073,59.96002664890073
flipped_part_005.mp4,2318,0,7,0.0482935213537227,0.7742655436197917,0.4085474650065104,6,0.0482935213537227,0.7742655436197917,59.96002664890073
flipped_part_005.mp4,2319,0,6,0.0488990229810588,0.7747452418009441,0.4099728054470486,5,0.0488990229810588,0.7747452418009441,59.96002664890073
flipped_part_005.mp4,2320,0,7,0.049048663949361,0.7746357599894206,0.4101804945203993,6,0.049048663949361,0.7746357599894206,59.96002664890073
flipped_part_005.mp4,2321,0,6,0.0488735413346957,0.7742042541503906,0.4109530978732639,5,0.0488735413346957,0.7742042541503906,59.96002664890073
flipped_part_005.mp4,2322,0,7,0.0489930159670917,0.7738609313964844,0.4119543570059317,6,0.0489930159670917,0.7738609313964844,59.96002664890073
flipped_part_005.mp4,2323,0,8,0.0491954575686637,0.7737247467041015,0.4133792453342014,7,0.0491954575686637,0.7737247467041015,59.96002664890073
flipped_part_005.mp4,2324,0,7,0.0492346162908749,0.7731709162394206,0.4145255194769965,6,0.0492346162908749,0.7731709162394206,59.96002664890073
flipped_part_005.mp4,2325,0,7,0.0489097678230178,0.7727087020874024,0.4160274929470486,6,0.0489097678230178,0.7727087020874024,59.96002664890073
flipped_part_005.mp4,2326,0,6,0.0491713789078251,0.7728665033976237,0.4179025720666956,5,0.0491713789078251,0.7728665033976237,59.96002664890073
flipped_part_005.mp4,2327,0,5,0.0494085198722637,0.7731971740722656,0.4182121559425636,4,0.0494085198722637,0.7731971740722656,59.96002664890073
flipped_part_005.mp4,2328,0,6,0.0496479092002846,0.7734098434448242,0.418858167860243,5,0.0496479092002846,0.7734098434448242,59.96002664890073
flipped_part_005.mp4,2329,0,6,0.0492829303777155,0.7728708902994792,0.4185919867621527,5,0.0492829303777155,0.7728708902994792,59.96002664890073
flipped_part_005.mp4,2330,0,6,0.04874253015146,0.7721961975097656,0.420536634657118,5,0.04874253015146,0.7721961975097656,59.96002664890073
flipped_part_005.mp4,2331,0,6,0.0485219881945953,0.771703592936198,0.4227082429108796,5,0.0485219881945953,0.771703592936198,59.96002664890073
flipped_part_005.mp4,2332,0,5,0.0485969404597589,0.7721796035766602,0.4244189792209201,4,0.0485969404597589,0.7721796035766602,59.96002664890073
flipped_part_005.mp4,2333,0,6,0.0486298529727759,0.7723436991373698,0.4237960815429687,5,0.0486298529727759,0.7723436991373698,59.96002664890073
flipped_part_005.mp4,2334,0,6,0.0484596867809563,0.7719029108683269,0.4236465454101562,5,0.0484596867809563,0.7719029108683269,59.96002664890073
flipped_part_005.mp4,2335,0,5,0.0482653856452951,0.7716471354166666,0.4247490776909722,4,0.0482653856452951,0.7716471354166666,59.96002664890073
flipped_part_005.mp4,2336,0,5,0.047681702270207,0.7713011423746745,0.4277941668475116,4,0.047681702270207,0.7713011423746745,59.96002664890073
flipped_part_005.mp4,2337,0,5,0.0474546858469127,0.7709957758585612,0.429095458984375,4,0.0474546858469127,0.7709957758585612,59.96002664890073
flipped_part_005.mp4,2338,0,5,0.047002675135607,0.770546023050944,0.4320763481987847,4,0.047002675135607,0.770546023050944,59.96002664890073
flipped_part_005.mp4,2339,0,6,0.0466545967179829,0.7700723648071289,0.4334776136610243,5,0.0466545967179829,0.7700723648071289,59.96002664890073
flipped_part_005.mp4,2340,0,7,0.0463412655370322,0.7699386596679687,0.4358637491861979,6,0.0463412655370322,0.7699386596679687,59.96002664890073
flipped_part_005.mp4,2341,0,6,0.0462895006653249,0.769868278503418,0.4365172774703414,5,0.0462895006653249,0.769868278503418,59.96002664890073
flipped_part_005.mp4,2342,0,7,0.0464313386104509,0.7698604583740234,0.4363922119140625,6,0.0464313386104509,0.7698604583740234,59.96002664890073
flipped_part_005.mp4,2343,0,6,0.0465367800718242,0.7702545166015625,0.4369535658094618,5,0.0465367800718242,0.7702545166015625,59.96002664890073
flipped_part_005.mp4,2344,0,5,0.0465452310116314,0.7708061854044597,0.4396912751374421,4,0.0465452310116314,0.7708061854044597,59.96002664890073
flipped_part_005.mp4,2345,0,6,0.0469240634016804,0.7713983535766602,0.4407975373444733,5,0.0469240634016804,0.7713983535766602,59.96002664890073
flipped_part_005.mp4,2346,0,6,0.0470851503398282,0.7713605880737304,0.4411005655924479,5,0.0470851503398282,0.7713605880737304,59.96002664890073
flipped_part_005.mp4,2347,0,6,0.0470756418843908,0.7713361740112304,0.4417841028284143,5,0.0470756418843908,0.7713361740112304,59.96002664890073
flipped_part_005.mp4,2348,0,5,0.0467678444104967,0.7714424133300781,0.4446671662507234,4,0.0467678444104967,0.7714424133300781,59.96002664890073
flipped_part_005.mp4,2349,0,5,0.0467302737201285,0.7713446299235026,0.4459546689633969,4,0.0467302737201285,0.7713446299235026,59.96002664890073
flipped_part_005.mp4,2350,0,5,0.0469452747219475,0.7711327234903972,0.4477830674913194,4,0.0469452747219475,0.7711327234903972,59.96002664890073
flipped_part_005.mp4,2351,0,4,0.04705039842369,0.771063232421875,0.4483866373697917,3,0.04705039842369,0.771063232421875,59.96002664890073
flipped_part_005.mp4,2352,0,4,0.046981389587745,0.7714807510375976,0.4479451497395833,3,0.046981389587745,0.7714807510375976,59.96002664890073
flipped_part_005.mp4,2353,0,4,0.0467967127427174,0.771371587117513,0.4485366821289062,3,0.0467967127427174,0.771371587117513,59.96002664890073
flipped_part_005.mp4,2354,0,6,0.0467088178033009,0.7713769912719727,0.4490752608687789,5,0.0467088178033009,0.7713769912719727,59.96002664890073
flipped_part_005.mp4,2355,0,5,0.0466405401466828,0.7711166381835938,0.4497962103949652,4,0.0466405401466828,0.7711166381835938,59.96002664890073
flipped_part_005.mp4,2356,0,5,0.0464184505113883,0.7709540685017904,0.4524651421440972,4,0.0464184505113883,0.7709540685017904,59.96002664890073
flipped_part_005.mp4,2357,0,4,0.0462731281791477,0.7710128784179687,0.4534917195638021,3,0.0462731281791477,0.7710128784179687,59.96002664890073
flipped_part_005.mp4,2358,0,4,0.0463491502207277,0.7709641138712565,0.4529869362160011,3,0.0463491502207277,0.7709641138712565,59.96002664890073
flipped_part_005.mp4,2359,0,4,0.046343874489356,0.7709245681762695,0.4524983158817998,3,0.046343874489356,0.7709245681762695,59.96002664890073
flipped_part_005.mp4,2360,0,4,0.0462586020435749,0.7707900365193685,0.4537138197157118,3,0.0462586020435749,0.7707900365193685,59.96002664890073
flipped_part_005.mp4,2361,0,5,0.0464853209256263,0.7708828608194987,0.4555589463975694,4,0.0464853209256263,0.7708828608194987,59.96002664890073
flipped_part_005.mp4,2362,0,4,0.0467413674242777,0.7712120691935221,0.4562598334418403,3,0.0467413674242777,0.7712120691935221,59.96002664890073
flipped_part_005.mp4,2363,0,4,0.0467121724548633,0.771240234375,0.4572460598415798,3,0.0467121724548633,0.771240234375,59.96002664890073
flipped_part_005.mp4,2364,0,4,0.0465001416084123,0.7710533142089844,0.4593273586697048,3,0.0465001416084123,0.7710533142089844,59.96002664890073
flipped_part_005.mp4,2365,0,4,0.0465187324828326,0.7708812713623047,0.4594698870623553,3,0.0465187324828326,0.7708812713623047,59.96002664890073
flipped_part_005.mp4,2366,0,4,0.046605320089945,0.7711462020874024,0.4599209255642361,3,0.046605320089945,0.7711462020874024,59.96002664890073
flipped_part_005.mp4,2367,0,5,0.0469258255104068,0.7712493896484375,0.4612586127387152,4,0.0469258255104068,0.7712493896484375,59.96002664890073
flipped_part_005.mp4,2368,0,4,0.0471113381223403,0.7714022318522136,0.4633607652452257,3,0.0471113381223403,0.7714022318522136,59.96002664890073
flipped_part_005.mp4,2369,0,5,0.0467246262800957,0.7710360209147136,0.4664538913302951,4,0.0467246262800957,0.7710360209147136,59.96002664890073
flipped_part_005.mp4,2370,0,4,0.0469920685340184,0.7716463088989258,0.4670669555664062,3,0.0469920685340184,0.7716463088989258,59.96002664890073
flipped_part_005.mp4,2371,0,4,0.0462576478466831,0.7713001887003581,0.4696181685836227,3,0.0462576478466831,0.7713001887003581,59.96002664890073
flipped_part_005.mp4,2372,0,4,0.0461753909865014,0.7711200078328451,0.4712070041232639,3,0.0461753909865014,0.7711200078328451,59.96002664890073
flipped_part_005.mp4,2373,0,4,0.0461471520460434,0.771449089050293,0.4740898980034722,3,0.0461471520460434,0.771449089050293,59.96002664890073
flipped_part_005.mp4,2374,0,4,0.0457079603394959,0.7713420867919922,0.4765290436921296,3,0.0457079603394959,0.7713420867919922,59.96002664890073
flipped_part_005.mp4,2375,0,5,0.0455199577760908,0.771067492167155,0.4776021321614583,4,0.0455199577760908,0.771067492167155,59.96002664890073
flipped_part_005.mp4,2376,0,4,0.0455440928236391,0.771455955505371,0.4800513373480903,3,0.0455440928236391,0.771455955505371,59.96002664890073
flipped_part_005.mp4,2377,0,4,0.0456484584961759,0.77166748046875,0.4818864610460069,3,0.0456484584961759,0.77166748046875,59.96002664890073
flipped_part_005.mp4,2378,0,4,0.045226307366371,0.7713911056518554,0.4839602435076678,3,0.045226307366371,0.7713911056518554,59.96002664890073
flipped_part_005.mp4,2379,0,4,0.0453222938662252,0.771152114868164,0.4849048190646701,3,0.0453222938662252,0.771152114868164,59.96002664890073
flipped_part_005.mp4,2380,0,4,0.045311731970966,0.7720268249511719,0.4874014960394965,3,0.045311731970966,0.7720268249511719,59.96002664890073
flipped_part_005.mp4,2381,0,4,0.0460976855981452,0.7728347778320312,0.4892760665328414,3,0.0460976855981452,0.7728347778320312,59.96002664890073
flipped_part_005.mp4,2382,0,4,0.0460041107064225,0.7740182876586914,0.4947040134006076,3,0.0460041107064225,0.7740182876586914,59.96002664890073
flipped_part_005.mp4,2383,0,4,0.0461352115479207,0.7742479960123698,0.4960882681387442,3,0.0461352115479207,0.7742479960123698,59.96002664890073
flipped_part_005.mp4,2384,0,5,0.0459737710062957,0.7747976303100585,0.4977498372395833,4,0.0459737710062957,0.7747976303100585,59.96002664890073
flipped_part_005.mp4,2385,0,6,0.046028812252787,0.7751543680826823,0.4982023451063368,5,0.046028812252787,0.7751543680826823,59.96002664890073
flipped_part_005.mp4,2386,0,5,0.0459130427294359,0.7748987197875976,0.5014250013563368,4,0.0459130427294359,0.7748987197875976,59.96002664890073
flipped_part_005.mp4,2387,0,5,0.0459420381941729,0.7747564951578776,0.5022822062174479,4,0.0459420381941729,0.7747564951578776,59.96002664890073
flipped_part_005.mp4,2388,0,5,0.0463314405179375,0.7756435394287109,0.5052539401584202,4,0.0463314405179375,0.7756435394287109,59.96002664890073
flipped_part_005.mp4,2389,0,6,0.0467263384804741,0.776745859781901,0.5074082551179109,5,0.0467263384804741,0.776745859781901,59.96002664890073
flipped_part_005.mp4,2390,0,5,0.0463587446049334,0.7763582229614258,0.5106809828016493,4,0.0463587446049334,0.7763582229614258,59.96002664890073
flipped_part_005.mp4,2391,0,4,0.0465997482844007,0.7772130330403646,0.5136033799913194,3,0.0465997482844007,0.7772130330403646,59.96002664890073
flipped_part_005.mp4,2392,0,4,0.0463013683255319,0.7773958206176758,0.5153112905996817,3,0.0463013683255319,0.7773958206176758,59.96002664890073
flipped_part_005.mp4,2393,0,4,0.0458023070250055,0.7770448684692383,0.5183453030056424,3,0.0458023070250055,0.7770448684692383,59.96002664890073
flipped_part_005.mp4,2394,0,5,0.0455661534011596,0.7767711639404297,0.5199700249565973,4,0.0455661534011596,0.7767711639404297,59.96002664890073
flipped_part_005.mp4,2395,0,5,0.0455158360571497,0.7766508102416992,0.5238553647641783,4,0.0455158360571497,0.7766508102416992,59.96002664890073
flipped_part_005.mp4,2396,0,4,0.0453529909952905,0.7759874979654948,0.5244273998119213,3,0.0453529909952905,0.7759874979654948,59.96002664890073
flipped_part_005.mp4,2397,0,4,0.0452725387819939,0.7752655029296875,0.5277889675564236,3,0.0452725387819939,0.7752655029296875,59.96002664890073
flipped_part_005.mp4,2398,0,4,0.0450638526808082,0.7741918563842773,0.5304171526873553,3,0.0450638526808082,0.7741918563842773,59.96002664890073
flipped_part_005.mp4,2399,0,4,0.0455164727910758,0.775890032450358,0.5343846638997396,3,0.0455164727910758,0.775890032450358,59.96002664890073
flipped_part_005.mp4,2400,0,4,0.0458560673213408,0.7762118021647135,0.5352040608723958,3,0.0458560673213408,0.7762118021647135,59.96002664890073
flipped_part_005.mp4,2401,0,4,0.0459351105740966,0.7766983032226562,0.540202162000868,3,0.0459351105740966,0.7766983032226562,59.96002664890073
flipped_part_005.mp4,2402,0,5,0.046110934348156,0.7772384643554687,0.5423524644639757,4,0.046110934348156,0.7772384643554687,59.96002664890073
flipped_part_005.mp4,2403,0,7,0.0459894703666537,0.7771196365356445,0.5455401950412326,6,0.0459894703666537,0.7771196365356445,59.96002664890073
flipped_part_005.mp4,2404,0,5,0.0457578934050009,0.7770296732584635,0.5470584445529514,4,0.0457578934050009,0.7770296732584635,59.96002664890073
flipped_part_005.mp4,2405,0,5,0.0459158473555322,0.7766687393188476,0.5487699720594618,4,0.0459158473555322,0.7766687393188476,59.96002664890073
flipped_part_005.mp4,2406,0,5,0.0456849947830455,0.7765543619791667,0.5512313277633102,4,0.0456849947830455,0.7765543619791667,59.96002664890073
flipped_part_005.mp4,2407,0,4,0.0460618164232302,0.7768876393636067,0.5519635800962095,3,0.0460618164232302,0.7768876393636067,59.96002664890073
flipped_part_005.mp4,2408,0,4,0.0456851578096393,0.7779966990152994,0.5548102484809028,3,0.0456851578096393,0.7779966990152994,59.96002664890073
flipped_part_005.mp4,2409,0,4,0.045311557525937,0.7781893412272135,0.5586728696469907,3,0.045311557525937,0.7781893412272135,59.96002664890073
flipped_part_005.mp4,2410,0,5,0.045540398721106,0.7778549830118815,0.5588432594581887,4,0.045540398721106,0.7778549830118815,59.96002664890073
flipped_part_005.mp4,2411,0,4,0.0446643306829112,0.7764736811319987,0.5614247074833623,3,0.0446643306829112,0.7764736811319987,59.96002664890073
flipped_part_005.mp4,2412,0,6,0.0446684316934422,0.7773707071940105,0.5645838419596354,5,0.0446684316934422,0.7773707071940105,59.96002664890073
flipped_part_005.mp4,2413,0,4,0.0444487010156283,0.7772891998291016,0.5663224396882234,3,0.0444487010156283,0.7772891998291016,59.96002664890073
flipped_part_005.mp4,2414,0,4,0.0443514487433842,0.7774574279785156,0.5671101322880497,3,0.0443514487433842,0.7774574279785156,59.96002664890073
flipped_part_005.mp4,2415,0,4,0.044182038842377,0.7775503794352213,0.5688069096317998,3,0.044182038842377,0.7775503794352213,59.96002664890073
flipped_part_005.mp4,2416,0,4,0.0440495539025006,0.777056884765625,0.5695327193648727,3,0.0440495539025006,0.777056884765625,59.96002664890073
flipped_part_005.mp4,2417,0,4,0.0442812077016936,0.7777322769165039,0.570073954264323,3,0.0442812077016936,0.7777322769165039,59.96002664890073
flipped_part_005.mp4,2418,0,4,0.0440510845900496,0.777630106608073,0.5711957578305845,3,0.0440510845900496,0.777630106608073,59.96002664890073
flipped_part_005.mp4,2419,0,4,0.0438781120762642,0.7774298350016277,0.5722777755172165,3,0.0438781120762642,0.7774298350016277,59.96002664890073
flipped_part_005.mp4,2420,0,3,0.0021868612804003,0.7363533655802409,0.1339064704047309,3,0.0021868612804003,0.7363533655802409,59.96002664890073
flipped_part_005.mp4,2421,0,3,0.0021669113454926,0.7272644678751627,0.3279930962456597,3,0.0021669113454926,0.7363298416137696,59.96002664890073
flipped_part_005.mp4,2422,0,3,0.0023002087396647,0.7269822438557942,0.3323694864908854,3,0.0023002087396647,0.7360914866129558,59.96002664890073
flipped_part_005.mp4,2423,0,3,0.0024013637198368,0.7270892461140951,0.3329350224247685,3,0.0024013637198368,0.73665771484375,59.96002664890073
flipped_part_005.mp4,2424,0,3,0.00248090438486,0.7266272226969401,0.3358083371762876,3,0.00248090438486,0.7363791147867839,59.96002664890073
flipped_part_005.mp4,2425,0,2,0.0024909868554095,0.7274205525716145,0.3424141777886285,2,0.0024909868554095,0.7363587697347005,59.96002664890073
flipped_part_005.mp4,2426,0,2,0.002341658701311,0.7274574279785156,0.3508095917878328,2,0.002341658701311,0.7364187240600586,59.96002664890073
flipped_part_005.mp4,2427,0,2,0.002352250633703,0.7272785186767579,0.3542998419867622,2,0.002352250633703,0.7366668701171875,59.96002664890073
flipped_part_005.mp4,2428,0,2,0.0023005586289973,0.7269062678019206,0.3599726924189815,2,0.0023005586289973,0.7361946105957031,59.96002664890073
flipped_part_005.mp4,2429,0,2,0.0024872358421864,0.7269634246826172,0.3627362851743345,2,0.0024872358421864,0.7362879435221354,59.96002664890073
flipped_part_005.mp4,2430,0,2,0.0021798143221531,0.7265258153279622,0.3730478357385706,2,0.0021798143221531,0.7359294891357422,59.96002664890073
flipped_part_005.mp4,2431,0,2,0.0022828701696643,0.7274967193603515,0.3787185103804977,2,0.0022828701696643,0.7357416788736979,59.96002664890073
flipped_part_005.mp4,2432,0,3,0.0023082159768091,0.7274358749389649,0.3808780246310764,3,0.0023082159768091,0.7359244028727213,59.96002664890073
flipped_part_005.mp4,2433,0,2,0.0022857449634466,0.7267956415812175,0.3855583473488136,2,0.0022857449634466,0.7360409418741862,59.96002664890073
flipped_part_005.mp4,2434,0,3,0.0023126064887037,0.727467409769694,0.3905730353461371,3,0.0023126064887037,0.7363596598307292,59.96002664890073
flipped_part_005.mp4,2435,0,2,0.0023688794368839,0.7271456400553385,0.3956707424587674,2,0.0023688794368839,0.736516825358073,59.96002664890073
flipped_part_005.mp4,2436,0,2,0.0023306649605122,0.7263956069946289,0.4006534435130932,2,0.0023306649605122,0.7364076614379883,59.96002664890073
flipped_part_005.mp4,2437,0,2,0.0024473536225362,0.7264059066772461,0.4025589554398148,2,0.0024473536225362,0.7362579981486003,59.96002664890073
flipped_part_005.mp4,2438,0,2,0.0023827974694902,0.7266035079956055,0.4103728965476707,2,0.0023827974694902,0.7366177241007487,59.96002664890073
flipped_part_005.mp4,2439,0,2,0.0023584643687354,0.7264612833658854,0.4147474500868056,2,0.0023584643687354,0.736915397644043,59.96002664890073
flipped_part_005.mp4,2440,0,3,0.0024409265022108,0.7268582026163737,0.4177150302463107,3,0.0024409265022108,0.7369240442911784,59.96002664890073
flipped_part_005.mp4,2441,0,4,0.0033392323370531,0.7259079615275065,0.4013589929651331,4,0.0033392323370531,0.7365580876668294,59.96002664890073
flipped_part_005.mp4,2442,0,3,0.0023332808744938,0.7261144638061523,0.4253998933015046,3,0.0023332808744938,0.7366678873697917,59.96002664890073
flipped_part_005.mp4,2443,0,2,0.0024679614413859,0.7260543823242187,0.4274555065013744,2,0.0024679614413859,0.7361655553181966,59.96002664890073
flipped_part_005.mp4,2444,0,3,0.0025476579347418,0.7265771865844727,0.4358134234393084,3,0.0025476579347418,0.7361188252766927,59.96002664890073
flipped_part_005.mp4,2445,0,3,0.002550307419496,0.7261791229248047,0.4409726743344907,3,0.002550307419496,0.7362932205200196,59.96002664890073
flipped_part_005.mp4,2446,0,2,0.0027050548009477,0.726115862528483,0.4372222052680121,2,0.0027050548009477,0.7362476348876953,59.96002664890073
flipped_part_005.mp4,2447,0,2,0.0028311516096194,0.7264881134033203,0.4393662064163773,2,0.0028311516096194,0.7360757827758789,59.96002664890073
flipped_part_005.mp4,2448,0,2,0.0030001554603546,0.7263658523559571,0.442230224609375,2,0.0030001554603546,0.7362678527832032,59.96002664890073
flipped_part_005.mp4,2449,0,2,0.002382130096909,0.725893783569336,0.4574450174967447,2,0.002382130096909,0.7362453460693359,59.96002664890073
flipped_part_005.mp4,2450,0,2,0.0026659805867718,0.7254652659098307,0.4558207900435836,2,0.0026659805867718,0.7360818227132161,59.96002664890073
flipped_part_005.mp4,2451,0,2,0.0030595562873754,0.7253303527832031,0.4522514767116971,2,0.0030595562873754,0.7361114501953125,59.96002664890073
flipped_part_005.mp4,2452,0,2,0.0026783883639318,0.7256626129150391,0.4671166031448929,2,0.0026783883639318,0.7355382919311524,59.96002664890073
flipped_part_005.mp4,2453,0,3,0.0061498053777561,0.7510300318400065,0.919780495431688,2,0.0024322606663918,0.7350203196207682,59.96002664890073
flipped_part_005.mp4,2454,0,3,0.0057843405538854,0.7501488367716471,0.9224782837761774,2,0.0023808366734495,0.7352057139078776,59.96002664890073
flipped_part_005.mp4,2455,0,3,0.0058919130617363,0.7501222610473632,0.9227007230122884,2,0.0023801708198475,0.7353702545166015,59.96002664890073
flipped_part_005.mp4,2456,0,3,0.0024988888694982,0.7250015258789062,0.4880467732747396,3,0.0024988888694982,0.7353292465209961,59.96002664890073
flipped_part_005.mp4,2457,0,3,0.0024701692028449,0.7248912811279297,0.492016855875651,3,0.0024701692028449,0.7357779184977213,59.96002664890073
flipped_part_005.mp4,2458,0,2,0.0024789530452431,0.7251637140909831,0.4961452201560691,2,0.0024789530452431,0.7356026331583659,59.96002664890073
flipped_part_005.mp4,2459,0,2,0.0023347074815315,0.7250947952270508,0.5005241959183304,2,0.0023347074815315,0.7352203369140625,59.96002664890073
flipped_part_005.mp4,2460,1,2,0.002350123290477,0.7245758056640625,0.5035842471652561,2,0.002350123290477,0.7353466033935547,59.96002664890073
flipped_part_005.mp4,2461,1,2,0.0023938036248314,0.7246483484903972,0.5094884801793982,2,0.0023938036248314,0.73517271677653,59.96002664890073
flipped_part_005.mp4,2462,1,3,0.0091886472955229,0.8607657114664714,0.9066416987666376,2,0.0025376482797502,0.7353216807047526,59.96002664890073
flipped_part_005.mp4,2463,1,4,0.0095791336760373,0.860775375366211,0.9026292023835358,2,0.002506022198213,0.7353861490885417,59.96002664890073
flipped_part_005.mp4,2464,1,3,0.0026545891535567,0.7253737131754557,0.5177525131790727,3,0.0026545891535567,0.7348494211832682,59.96002664890073
flipped_part_005.mp4,2465,1,2,0.0027488528372217,0.7256385803222656,0.5224600191469546,2,0.0027488528372217,0.7346075057983399,59.96002664890073
flipped_part_005.mp4,2466,1,2,0.0027802237866692,0.7254051844278971,0.5241369600649233,2,0.0027802237866692,0.7343271255493165,59.96002664890073
flipped_part_005.mp4,2467,1,4,0.0045873706586705,0.7423086166381836,0.93110347588857,3,0.0029037420239506,0.7347112019856771,59.96002664890073
flipped_part_005.mp4,2468,1,4,0.0044211266134354,0.7415702819824219,0.9331067827012804,3,0.0028058875819099,0.7346861521402995,59.96002664890073
flipped_part_005.mp4,2469,1,3,0.0043787687895104,0.7421662012736002,0.9349604430022064,2,0.0029415969387035,0.7346804936726888,59.96002664890073
flipped_part_005.mp4,2470,1,3,0.0042170119612516,0.7424091339111328,0.9369464450412326,2,0.0029537394999486,0.7344752629597981,59.96002664890073
flipped_part_005.mp4,2471,1,3,0.0158489430602963,0.8570744196573893,0.8477084124529803,2,0.0027004844897116,0.7340565363566081,59.96002664890073
flipped_part_005.mp4,2472,1,3,0.0163541490544944,0.8559818903605143,0.8437011153609665,2,0.0027650253756642,0.7338772455851237,59.96002664890073
flipped_part_005.mp4,2473,1,3,0.0162005083664553,0.8530651728312174,0.8374250623914931,2,0.0025702628881279,0.7339347839355469,59.96002664890073
flipped_part_005.mp4,2474,1,3,0.0162149275443732,0.851416015625,0.8327700579607928,2,0.0025162262328538,0.733919906616211,59.96002664890073
flipped_part_005.mp4,2475,1,2,0.0024789570650695,0.7233867009480794,0.5635593838161892,2,0.0024789570650695,0.7335088729858399,59.96002664890073
flipped_part_005.mp4,2476,1,3,0.0167571518354708,0.848629379272461,0.812472590693721,2,0.0023758335017676,0.733663813273112,59.96002664890073
flipped_part_005.mp4,2477,1,2,0.0024778943715824,0.723927116394043,0.5707005818684896,2,0.0024778943715824,0.7335577011108398,59.96002664890073
flipped_part_005.mp4,2478,1,2,0.0025122084496494,0.7237192153930664,0.5736760598641855,2,0.0025122084496494,0.7330696105957031,59.96002664890073
flipped_part_005.mp4,2479,1,2,0.0026680373806933,0.7238864898681641,0.5737909105088975,2,0.0026680373806933,0.7329668680826823,59.96002664890073
flipped_part_005.mp4,2480,1,2,0.0026961344920575,0.7236803690592448,0.5793690716778791,2,0.0026961344920575,0.732769521077474,59.96002664890073
flipped_part_005.mp4,2481,1,2,0.0026286973860502,0.7231541315714518,0.5832709418402777,2,0.0026286973860502,0.7325142542521159,59.96002664890073
flipped_part_005.mp4,2482,1,2,0.002649395244756,0.7224840799967448,0.5837817863181786,2,0.002649395244756,0.7322681427001954,59.96002664890073
flipped_part_005.mp4,2483,1,2,0.0026838204616024,0.7219928741455078,0.5891797524911386,2,0.0026838204616024,0.7323463439941407,59.96002664890073
flipped_part_005.mp4,2484,1,3,0.0028842527052404,0.7219736099243164,0.5895522223578559,3,0.0028842527052404,0.7323123931884765,59.96002664890073
flipped_part_005.mp4,2485,1,3,0.0028173553894265,0.7216432571411133,0.5940492983217592,3,0.0028173553894265,0.7326236724853515,59.96002664890073
flipped_part_005.mp4,2486,1,3,0.002820601163437,0.721595827738444,0.597447684959129,3,0.002820601163437,0.7322647730509441,59.96002664890073
flipped_part_005.mp4,2487,1,4,0.0076223361609326,0.7159754435221354,0.9186633639865452,3,0.0029049030709709,0.7324659347534179,59.96002664890073
flipped_part_005.mp4,2488,1,4,0.0079881119866816,0.7163677851359049,0.9155332777235244,2,0.0024248463204033,0.7325986862182617,59.96002664890073
flipped_part_005.mp4,2489,1,4,0.0029816934713888,0.7216960906982421,0.605902749520761,3,0.0024241219085309,0.7325414657592774,59.96002664890073
flipped_part_005.mp4,2490,1,2,0.0027879279806964,0.7221286137898763,0.608565111513491,1,0.0024605356527414,0.732586669921875,59.96002664890073
flipped_part_005.mp4,2491,1,2,0.0024373984583507,0.7205240249633789,0.6193440896493417,1,0.0023733501817332,0.7324314753214518,59.96002664890073
flipped_part_005.mp4,2492,1,3,0.0026091198751237,0.7205147425333659,0.6208580017089844,2,0.002376099369549,0.7324270884195964,59.96002664890073
flipped_part_005.mp4,2493,1,2,0.0025648411575659,0.7323459625244141,0.3794797261555989,1,0.0025648411575659,0.7323459625244141,59.96002664890073
flipped_part_005.mp4,2494,1,3,0.002483348827809,0.7196985880533854,0.6272363450792101,2,0.0024789038750168,0.7323601404825847,59.96002664890073
flipped_part_005.mp4,2495,1,4,0.0024650492438943,0.73253173828125,0.3797447769730179,3,0.0024650492438943,0.73253173828125,59.96002664890073
flipped_part_005.mp4,2496,1,3,0.0024370798217003,0.7322575251261393,0.3840541980884693,2,0.0024370798217003,0.7322575251261393,59.96002664890073
flipped_part_005.mp4,2497,1,4,0.0025633192356003,0.7194771448771159,0.6345474243164062,3,0.0025195868658677,0.7321795145670573,59.96002664890073
flipped_part_005.mp4,2498,1,3,0.0030412073149448,0.719183349609375,0.6327374352349175,2,0.0025303132243182,0.7320404052734375,59.96002664890073
flipped_part_005.mp4,2499,1,4,0.0091144522145724,0.8622036616007487,0.9532342592875164,2,0.0024371744378004,0.7316210428873698,59.96002664890073
flipped_part_005.mp4,2500,1,5,0.0103141604291394,0.8690649668375651,0.9498820587440774,2,0.0023462827366893,0.7312439600626628,59.96002664890073
flipped_part_005.mp4,2501,1,6,0.0119717201111627,0.8792290369669596,0.94508012842249,3,0.002362625759151,0.7311922709147135,59.96002664890073
flipped_part_005.mp4,2502,1,5,0.0125155856617311,0.8833032608032226,0.9433272997538248,2,0.0024174677734629,0.731052017211914,59.96002664890073
flipped_part_005.mp4,2503,1,5,0.0131933759550978,0.8744075775146485,0.9383304392849956,3,0.0024775091315516,0.7310358683268229,59.96002664890073
flipped_part_005.mp4,2504,1,4,0.01395684284875,0.8729544321695963,0.9341201287728768,2,0.0024931406561194,0.730914560953776,59.96002664890073
flipped_part_005.mp4,2505,1,4,0.0145526943537697,0.8656818389892578,0.9291757265726726,2,0.0025045376457651,0.7308963775634766,59.96002664890073
flipped_part_005.mp4,2506,1,5,0.0153065776334214,0.8643142700195312,0.9266122535422996,3,0.002482296847237,0.731191889444987,59.96002664890073
flipped_part_005.mp4,2507,1,4,0.0161024451660584,0.8672754287719726,0.9239472495185004,2,0.0025337420816728,0.7311995188395183,59.96002664890073
flipped_part_005.mp4,2508,1,5,0.0189655436521819,0.8983341852823893,0.9213270505269368,2,0.0025664239269099,0.7307241439819336,59.96002664890073
flipped_part_005.mp4,2509,1,5,0.0184207934277354,0.8663290023803711,0.9138038988466616,2,0.0025970424719465,0.7307060241699219,59.96002664890073
flipped_part_005.mp4,2510,1,5,0.0211596098436685,0.9004772186279297,0.9122572369045682,2,0.0026497360224042,0.7308323542277019,59.96002664890073
flipped_part_005.mp4,2511,1,5,0.023501745040004,0.9160493850708008,0.9093813825536656,2,0.0026024226316561,0.7311386108398438,59.96002664890073
flipped_part_005.mp4,2512,1,4,0.0241668782043982,0.9120010375976564,0.9068906713415076,2,0.0025837243628403,0.7311394373575847,59.96002664890073
flipped_part_005.mp4,2513,1,4,0.024727519630954,0.909809176127116,0.9044549942016602,2,0.0026059529617433,0.7307897567749023,59.96002664890073
flipped_part_005.mp4,2514,1,4,0.025165236217201,0.9101558685302734,0.9027417606777616,2,0.0026147485673168,0.7307783762613932,59.96002664890073
flipped_part_005.mp4,2515,1,5,0.025455645972094,0.9077633539835612,0.8998776541815864,1,0.0026112403020508,0.7307907740275065,59.96002664890073
flipped_part_005.mp4,2516,1,5,0.0256436959937167,0.9045061111450196,0.8964674843682183,1,0.0026044007387719,0.7306383132934571,59.96002664890073
flipped_part_005.mp4,2517,1,5,0.0264742154032494,0.9020691553751627,0.8922979884677463,1,0.0026367800438472,0.7306556701660156,59.96002664890073
flipped_part_005.mp4,2518,1,6,0.0272543525849566,0.9008183161417644,0.8907403945922852,2,0.0026292409696907,0.7306162516276041,59.96002664890073
flipped_part_005.mp4,2519,1,6,0.0274968461509747,0.8975271860758464,0.8879129409790039,2,0.002633681935339,0.7305264790852865,59.96002664890073
flipped_part_005.mp4,2520,0,8,0.0272183426983734,0.8932775497436524,0.8859118390966345,3,0.0026493264027521,0.7303446451822917,59.96002664890073
flipped_part_005.mp4,2521,0,6,0.0274367829253848,0.8894176483154297,0.884296883477105,2,0.0026820275232764,0.7304210662841797,59.96002664890073
flipped_part_005.mp4,2522,0,6,0.0274765428466977,0.8845165888468425,0.8825573762257893,2,0.0026928054414586,0.7304490407307943,59.96002664890073
flipped_part_005.mp4,2523,0,6,0.0280768813104805,0.8830125808715821,0.8785861333211263,2,0.0026758011456048,0.7303922653198243,59.96002664890073
flipped_part_005.mp4,2524,0,8,0.0287781058206746,0.8813175201416016,0.8748959717927156,2,0.0026455848128534,0.7302938461303711,59.96002664890073
flipped_part_005.mp4,2525,0,6,0.0295892896567103,0.8795370737711589,0.8700513062653719,2,0.0026937253780218,0.7305760701497396,59.96002664890073
flipped_part_005.mp4,2526,0,6,0.0298788648643811,0.8785391489664713,0.8670609650788483,2,0.0027482704698653,0.7306877772013346,59.96002664890073
flipped_part_005.mp4,2527,0,6,0.0300596315860187,0.8777425765991211,0.8648031093456127,2,0.0027773261089654,0.7308104197184245,59.96002664890073
flipped_part_005.mp4,2528,0,7,0.029924171619485,0.8763977686564127,0.8643032939345748,2,0.0027843350422982,0.7306808471679688,59.96002664890073
flipped_part_005.mp4,2529,0,7,0.029892992207794,0.8738285064697265,0.864368654180456,2,0.0027694826398618,0.7306009928385416,59.96002664890073
flipped_part_005.mp4,2530,0,6,0.029975880598908,0.8724418640136719,0.8595123291015625,2,0.0027465616176292,0.7305150985717773,59.96002664890073
flipped_part_005.mp4,2531,0,6,0.0305106631056561,0.8712726593017578,0.8565313127305773,2,0.002744237716591,0.7306058883666993,59.96002664890073
flipped_part_005.mp4,2532,0,6,0.0304839858610453,0.8700409571329752,0.8560777487578215,2,0.0027727709429045,0.7306974411010743,59.96002664890073
flipped_part_005.mp4,2533,0,6,0.0307450125859122,0.8687562942504883,0.8553120136260987,2,0.0027579852739668,0.7307337443033854,59.96002664890073
flipped_part_005.mp4,2534,0,7,0.030965678658083,0.8688206354777018,0.853157522060253,3,0.0027453867091713,0.7307667414347331,59.96002664890073
flipped_part_005.mp4,2535,0,5,0.031313208200643,0.8694931666056315,0.8512800481584337,2,0.0026840049133493,0.7305175145467122,59.96002664890073
flipped_part_005.mp4,2536,0,6,0.0319177497118922,0.8707847595214844,0.8508783411096643,3,0.0026489858214821,0.7300146738688151,59.96002664890073
flipped_part_005.mp4,2537,0,6,0.0318998750430101,0.8695831298828125,0.8488595326741536,3,0.0026147349142572,0.7301338831583659,59.96002664890073
flipped_part_005.mp4,2538,0,5,0.0321561089967953,0.869085184733073,0.846722412109375,3,0.002506644542025,0.7299620310465494,59.96002664890073
flipped_part_005.mp4,2539,0,5,0.03267038273005,0.8703762054443359,0.8453557756212022,3,0.0025036554845185,0.7300317764282227,59.96002664890073
flipped_part_005.mp4,2540,0,7,0.0332418082889327,0.8718235651652019,0.8450103123982747,5,0.0024987747609244,0.7300387700398763,59.96002664890073
flipped_part_005.mp4,2541,0,7,0.0348042756471275,0.8787429809570313,0.843381118774414,5,0.0025777012753166,0.7298750559488932,59.96002664890073
flipped_part_005.mp4,2542,0,7,0.0357284312362015,0.8811126708984375,0.8417049990759955,5,0.0025013393338088,0.7296854019165039,59.96002664890073
flipped_part_005.mp4,2543,0,5,0.0359847704097423,0.883415412902832,0.8398462083604601,3,0.0025172525578171,0.7296980539957683,59.96002664890073
flipped_part_005.mp4,2544,0,5,0.0374901058552899,0.8936935424804687,0.8380804697672526,3,0.0025239763241713,0.7295988082885743,59.96002664890073
flipped_part_005.mp4,2545,0,5,0.0394087260008867,0.9029457728068034,0.8358130084143744,3,0.0025900117626103,0.7295886993408203,59.96002664890073
flipped_part_005.mp4,2546,0,5,0.0409583847456758,0.9089657465616862,0.833445402427956,3,0.0026534045609878,0.7296010971069335,59.96002664890073
flipped_part_005.mp4,2547,0,4,0.0432479417710419,0.9177774429321288,0.8355158064100477,2,0.0026013615645179,0.7294613520304362,59.96002664890073
flipped_part_005.mp4,2548,0,4,0.0444734370237896,0.9216798782348632,0.8327682124243843,2,0.0026151434506108,0.7295749664306641,59.96002664890073
flipped_part_005.mp4,2549,0,4,0.0457623307899188,0.9291447321573894,0.8280939526028104,2,0.00272251044953,0.7295918146769206,59.96002664890073
flipped_part_005.mp4,2550,0,4,0.0458918668746991,0.9237695693969726,0.8288040373060438,2,0.0027044873089471,0.7294178009033203,59.96002664890073
flipped_part_005.mp4,2551,0,4,0.0468479326302236,0.9231555938720704,0.8265528643572772,2,0.0026949835924379,0.7294073104858398,59.96002664890073
flipped_part_005.mp4,2552,0,4,0.0467860783575775,0.9248224894205728,0.82374043641267,2,0.0027336256408235,0.7295452117919922,59.96002664890073
flipped_part_005.mp4,2553,0,5,0.0464283865861347,0.9203386942545572,0.8226974540286593,3,0.0027065451385311,0.7293367385864258,59.96002664890073
flipped_part_005.mp4,2554,0,4,0.0461846508011432,0.9172272364298504,0.8204452726576064,2,0.0026250254566332,0.7292615890502929,59.96002664890073
flipped_part_005.mp4,2555,0,4,0.0451850493379727,0.9106285095214844,0.8196876737806532,2,0.0026176399581298,0.7291435877482096,59.96002664890073
flipped_part_005.mp4,2556,0,5,0.0447891452629244,0.9083105087280272,0.8182741023876049,3,0.0026868629185682,0.729159418741862,59.96002664890073
flipped_part_005.mp4,2557,0,5,0.044360717487316,0.9047788619995116,0.8176641746803567,3,0.002633728808912,0.7291572570800782,59.96002664890073
flipped_part_005.mp4,2558,0,4,0.0444996272488626,0.9042452494303386,0.8159385681152344,2,0.0026651714276037,0.7292781829833984,59.96002664890073
flipped_part_005.mp4,2559,0,4,0.0435980134473195,0.8986382166544596,0.8142044915093316,2,0.0026278720101496,0.7292303085327149,59.96002664890073
flipped_part_005.mp4,2560,0,4,0.0437773512425872,0.893697992960612,0.8097559681645146,2,0.0026673208070699,0.7292084376017253,59.96002664890073
flipped_part_005.mp4,2561,0,5,0.0435226990747226,0.8916802088419596,0.8090682559543185,3,0.0027632311551456,0.7295674006144206,59.96002664890073
flipped_part_005.mp4,2562,0,5,0.0427623974681571,0.8867414474487305,0.8081472820705837,3,0.0028481097924102,0.7298966725667317,59.96002664890073
flipped_part_005.mp4,2563,0,3,0.0422009592136237,0.8817169189453125,0.8070227093166775,2,0.0028170189362976,0.7297796249389649,59.96002664890073
flipped_part_005.mp4,2564,0,5,0.0418032947192033,0.878779411315918,0.8063053554958768,4,0.0028320659281841,0.7296983083089192,59.96002664890073
flipped_part_005.mp4,2565,0,4,0.0418384951547826,0.8767775217692058,0.8040573543972439,3,0.0028866061979594,0.7298260370890299,59.96002664890073
flipped_part_005.mp4,2566,0,3,0.041704900755382,0.874793815612793,0.8024558809068468,2,0.0028662038778161,0.7298486073811848,59.96002664890073
flipped_part_005.mp4,2567,0,4,0.0415088553198115,0.8688856760660807,0.7982763361047815,3,0.0028311931498723,0.729759407043457,59.96002664890073
flipped_part_005.mp4,2568,0,4,0.0415514645330646,0.8661630630493165,0.7953864486129195,3,0.0028114048237006,0.7299322128295899,59.96002664890073
flipped_part_005.mp4,2569,0,4,0.0408477678355282,0.8606270472208659,0.793607415093316,3,0.0029802307873615,0.7302539825439454,59.96002664890073
flipped_part_005.mp4,2570,0,4,0.0401986699775524,0.8567977905273437,0.7936601214938693,3,0.0029437046440661,0.7303571701049805,59.96002664890073
flipped_part_005.mp4,2571,0,4,0.0398793865118662,0.8543781280517578,0.7923194249471028,3,0.0029438632298843,0.7304108301798503,59.96002664890073
flipped_part_005.mp4,2572,0,4,0.0397274357136942,0.8529663721720377,0.7915667074697988,3,0.0030506465293109,0.7307348887125651,59.96002664890073
flipped_part_005.mp4,2573,0,4,0.0399921338774018,0.8534311294555664,0.7914082845052083,3,0.0030007098822669,0.7306431452433269,59.96002664890073
flipped_part_005.mp4,2574,0,5,0.0401153627012751,0.8532543182373047,0.790476890846535,4,0.0030208014545819,0.7308102925618489,59.96002664890073
flipped_part_005.mp4,2575,0,4,0.0395860345560854,0.847971789042155,0.7872247342710141,3,0.0031787081660392,0.7321022033691407,59.96002664890073
flipped_part_005.mp4,2576,0,3,0.0385666751223551,0.8438742319742839,0.7861223856608073,2,0.0031260390403783,0.7323965072631836,59.96002664890073
flipped_part_005.mp4,2577,0,5,0.0383593626414949,0.8402081171671549,0.783117167154948,4,0.003176584723163,0.7325145721435546,59.96002664890073
flipped_part_005.mp4,2578,0,4,0.0386214590743178,0.8409981409708659,0.7808519645973488,3,0.0032077064535891,0.732449722290039,59.96002664890073
flipped_part_005.mp4,2579,0,3,0.0373869937637384,0.8370087305704753,0.7829616334703233,2,0.0031701408455868,0.7322547912597657,59.96002664890073
flipped_part_005.mp4,2580,0,5,0.0385670553274057,0.8372014999389649,0.775845824347602,4,0.003158894992289,0.7324731826782227,59.96002664890073
flipped_part_005.mp4,2581,0,5,0.037722420291102,0.834715461730957,0.7766672770182291,4,0.0031551840926113,0.732715098063151,59.96002664890073
flipped_part_005.mp4,2582,0,4,0.0368554112544693,0.831431261698405,0.7753531420672382,3,0.0031751190986445,0.7328802108764648,59.96002664890073
flipped_part_005.mp4,2583,0,5,0.036592984924212,0.8298950831095377,0.7744763904147678,4,0.0032005194277951,0.7329509735107422,59.96002664890073
flipped_part_005.mp4,2584,0,4,0.0367584122798588,0.827794075012207,0.7716792000664605,3,0.0031919187486238,0.7328573862711588,59.96002664890073
flipped_part_005.mp4,2585,0,4,0.0364614851899979,0.826628303527832,0.7717360178629558,3,0.0033510249191507,0.733318010965983,59.96002664890073
flipped_part_005.mp4,2586,0,3,0.0364864170724723,0.8266801834106445,0.7712028150205259,2,0.0034257608412151,0.734234364827474,59.96002664890073
flipped_part_005.mp4,2587,0,5,0.0357077146700531,0.8244208017985026,0.7727241939968533,4,0.0033814424313216,0.7351666132609049,59.96002664890073
flipped_part_005.mp4,2588,0,3,0.0354600089032289,0.8237161636352539,0.7738761124787508,2,0.003357431429241,0.7351896286010742,59.96002664890073
flipped_part_005.mp4,2589,0,4,0.0354694092686681,0.8190189361572265,0.7671074831927264,3,0.0035454883213484,0.7350800196329753,59.96002664890073
flipped_part_005.mp4,2590,0,4,0.0351124330974373,0.8180416742960612,0.7673945956759982,3,0.0036017249284001,0.7357395172119141,59.96002664890073
flipped_part_005.mp4,2591,0,4,0.0350775522847335,0.817969004313151,0.7684150342588072,3,0.0036475846351176,0.736717414855957,59.96002664890073
flipped_part_005.mp4,2592,0,5,0.0345870488040479,0.8167842864990235,0.7681123945448134,4,0.0036747818638374,0.7369630813598633,59.96002664890073
flipped_part_005.mp4,2593,0,5,0.0344102870445769,0.8172700881958008,0.7693331400553386,4,0.0036653674193345,0.7370439529418945,59.96002664890073
flipped_part_005.mp4,2594,0,4,0.0341503966783991,0.8152751922607422,0.7670007352475767,3,0.0036211483055376,0.7371023813883464,59.96002664890073
flipped_part_005.mp4,2595,0,4,0.0341603734155432,0.8139226913452149,0.7656845728556315,3,0.0035189955155753,0.7373116175333659,59.96002664890073
flipped_part_005.mp4,2596,0,5,0.0337638349992293,0.8147649765014648,0.7696598688761394,4,0.0035213190247304,0.7374970118204752,59.96002664890073
flipped_part_005.mp4,2597,0,6,0.0342822318892366,0.8132791519165039,0.7642242007785374,5,0.0035947770375059,0.737492561340332,59.96002664890073
flipped_part_005.mp4,2598,0,7,0.0336391705209044,0.8103641510009766,0.762556881374783,5,0.0035711843159353,0.7371370315551757,59.96002664890073
flipped_part_005.mp4,2599,0,5,0.0325646785094121,0.8080072402954102,0.7653268814086914,3,0.0035402638309622,0.7372412363688151,59.96002664890073
flipped_part_005.mp4,2600,0,6,0.0327785687669084,0.8087932586669921,0.7659133557920103,4,0.0035741847414626,0.7373685201009115,59.96002664890073
flipped_part_005.mp4,2601,0,6,0.0321974885920375,0.8080169677734375,0.7662557460643628,4,0.0036850046690906,0.7379987716674805,59.96002664890073
flipped_part_005.mp4,2602,0,5,0.0304133827495105,0.8062632242838542,0.7433407889472113,3,0.0037095419352408,0.7379014333089192,59.96002664890073
flipped_part_005.mp4,2603,0,5,0.0306890998566005,0.8048496882120768,0.7300092909071181,3,0.0037332801119838,0.7381614685058594,59.96002664890073
flipped_part_005.mp4,2604,0,4,0.0286708588776956,0.8046710968017579,0.7341154804936162,2,0.0037385374121367,0.7385009765625,59.96002664890073
flipped_part_005.mp4,2605,0,4,0.0276483014169571,0.8031744003295899,0.731461313035753,2,0.0038185082184241,0.7391316095987955,59.96002664890073
flipped_part_005.mp4,2606,0,5,0.0270137564857052,0.8039467493693034,0.726714798256203,3,0.0039485107688718,0.7393383026123047,59.96002664890073
flipped_part_005.mp4,2607,0,4,0.0280253410357545,0.8026460647583008,0.7115562862820095,2,0.0039551983212543,0.7393080393473307,59.96002664890073
flipped_part_005.mp4,2608,0,4,0.0270923640243011,0.8000823974609375,0.7079379682187681,2,0.0038951264832737,0.738904062906901,59.96002664890073
flipped_part_005.mp4,2609,0,4,0.0259139839131886,0.7970656712849935,0.7037772531862612,2,0.0039835192333945,0.7390333811442057,59.96002664890073
flipped_part_005.mp4,2610,0,5,0.025061295799571,0.7932097117106119,0.7016667789883084,3,0.0040162105970537,0.7393022537231445,59.96002664890073
flipped_part_005.mp4,2611,0,4,0.0249960662742281,0.93091246287028,0.904233635796441,2,0.0039713185008925,0.7392313003540039,59.96002664890073
flipped_part_005.mp4,2612,0,4,0.0258482657302145,0.9298564910888673,0.9022988142790618,2,0.0039163901645224,0.7391410191853841,59.96002664890073
flipped_part_005.mp4,2613,0,6,0.0264994845237999,0.9296899795532226,0.9020292282104492,4,0.0039300075336844,0.7394449234008789,59.96002664890073
flipped_part_005.mp4,2614,0,7,0.0269016998813148,0.9279518763224284,0.8991412939848723,5,0.0039114784284417,0.7392356872558594,59.96002664890073
flipped_part_005.mp4,2615,0,4,0.0275836294712698,0.9245885848999024,0.8960874698780201,2,0.0039568535888058,0.7393154780069987,59.96002664890073
flipped_part_005.mp4,2616,0,4,0.0286265827055952,0.9210935592651368,0.8920174068874783,2,0.0039126069340596,0.7391934076944987,59.96002664890073
flipped_part_005.mp4,2617,0,5,0.0285514043991497,0.9148619333902996,0.8900726989463523,3,0.0040229995870807,0.7395058314005534,59.96002664890073
flipped_part_005.mp4,2618,0,5,0.0289071907358205,0.9118580500284832,0.8870384640163845,3,0.0039893721076724,0.7396339416503906,59.96002664890073
flipped_part_005.mp4,2619,0,6,0.0287142714232353,0.9093660990397135,0.8851883411407471,4,0.0040513096105941,0.7400545756022135,59.96002664890073
flipped_part_005.mp4,2620,0,5,0.029464358433449,0.906977081298828,0.8817787223392063,3,0.004116819568444,0.7405073801676433,59.96002664890073
flipped_part_005.mp4,2621,0,5,0.0294810619954781,0.9069964090983073,0.881633186340332,3,0.0040848352123996,0.7403362274169922,59.96002664890073
flipped_part_005.mp4,2622,0,5,0.0300688993939359,0.9027313232421876,0.8780675110993562,3,0.0042157506028888,0.7405987421671549,59.96002664890073
flipped_part_005.mp4,2623,0,5,0.0302713558549999,0.8982608795166016,0.8759482984189634,3,0.0042083097275462,0.7403683344523112,59.96002664890073
flipped_part_005.mp4,2624,0,5,0.0298426337891659,0.8936532974243164,0.8737565217194734,3,0.0042302526750912,0.7408164342244467,59.96002664890073
flipped_part_005.mp4,2625,0,5,0.0305254830580452,0.8905092239379883,0.8701660615426523,3,0.0043107988778501,0.7414065678914388,59.96002664890073
flipped_part_005.mp4,2626,0,5,0.0305500733634606,0.8879188537597656,0.8681030096831145,3,0.004332604437756,0.7412858963012695,59.96002664890073
flipped_part_005.mp4,2627,0,4,0.0308469484214197,0.8879919052124023,0.8682756706520364,2,0.0043080703851753,0.7412768046061198,59.96002664890073
flipped_part_005.mp4,2628,0,4,0.0302979622022737,0.8851785659790039,0.866973442501492,2,0.0043115744687922,0.7415205637613932,59.96002664890073
flipped_part_005.mp4,2629,0,4,0.030993095582266,0.8846069971720377,0.8636879090909605,2,0.0043129081279793,0.7420368194580078,59.96002664890073
flipped_part_005.mp4,2630,0,4,0.0313674259057892,0.8822616577148438,0.8609046989017063,2,0.0042628850441865,0.742099380493164,59.96002664890073
flipped_part_005.mp4,2631,0,4,0.0311789347552823,0.8810966491699219,0.8590722260651765,2,0.0042416210441539,0.7419443130493164,59.96002664890073
flipped_part_005.mp4,2632,0,4,0.0314072933689803,0.8808102289835612,0.8578600212379738,2,0.0042965796646765,0.7422065734863281,59.96002664890073
flipped_part_005.mp4,2633,0,4,0.0316014322475983,0.8803831100463867,0.8559316246597856,2,0.004344358786076,0.7424105326334636,59.96002664890073
flipped_part_005.mp4,2634,0,4,0.0315802317838511,0.8794050216674805,0.8551854504479303,2,0.004389536768862,0.7426547368367513,59.96002664890073
flipped_part_005.mp4,2635,0,4,0.0318776768526974,0.8783955256144206,0.8522613949245876,2,0.0044117681028243,0.7429796854654948,59.96002664890073
flipped_part_005.mp4,2636,0,4,0.0326173365247561,0.8800314585367839,0.8511043672208433,2,0.0043951553359511,0.743063227335612,59.96002664890073
flipped_part_005.mp4,2637,0,4,0.0335065049906309,0.8808235804239909,0.8470655229356554,2,0.0044007774528128,0.7432613372802734,59.96002664890073
flipped_part_005.mp4,2638,0,4,0.0338229057614134,0.8804762522379558,0.8466748979356554,2,0.0044303832719257,0.743431282043457,59.96002664890073
flipped_part_005.mp4,2639,0,4,0.0340458382486691,0.8792742411295573,0.8437271965874567,2,0.004452895365194,0.7434150695800781,59.96002664890073
flipped_part_005.mp4,2640,0,5,0.034236504297776,0.8820229212443034,0.8438928021325005,2,0.0044899257329396,0.743505350748698,59.96002664890073
flipped_part_005.mp4,2641,0,5,0.0351782619118246,0.8851861953735352,0.8419956754755091,2,0.0044940734253193,0.7437179565429688,59.96002664890073
flipped_part_005.mp4,2642,0,5,0.0356305580527744,0.8867010116577149,0.8399597803751627,3,0.0045231281267479,0.743899917602539,59.96002664890073
flipped_part_005.mp4,2643,0,5,0.0367007760424813,0.8918659845987956,0.8393757926093207,3,0.004554346748369,0.744175910949707,59.96002664890073
flipped_part_005.mp4,2644,0,5,0.0369628294644381,0.8904254913330079,0.8379878626929389,3,0.0045852807463207,0.7443025588989258,59.96002664890073
flipped_part_005.mp4,2645,0,5,0.0370291835865524,0.8885285059611002,0.8347292794121637,3,0.004601968198937,0.7443312327067058,59.96002664890073
flipped_part_005.mp4,2646,0,6,0.0400700474926048,0.9079231897989908,0.8359995047251384,4,0.0046175873789535,0.744241460164388,59.96002664890073
flipped_part_005.mp4,2647,0,6,0.0415729491796163,0.912689208984375,0.8331780327690972,4,0.0046426937164505,0.7441539764404297,59.96002664890073
flipped_part_005.mp4,2648,0,5,0.0420927992404904,0.9160179138183594,0.8332668728298611,3,0.0047069374721117,0.7441979726155599,59.96002664890073
flipped_part_005.mp4,2649,0,5,0.0418889322279223,0.9145197550455728,0.8321372985839843,3,0.0047669303533621,0.7443102518717448,59.96002664890073
flipped_part_005.mp4,2650,0,6,0.0422272262533078,0.9152496973673504,0.8306035359700521,3,0.0048628927452093,0.7445789337158203,59.96002664890073
flipped_part_005.mp4,2651,0,5,0.0358774007357837,0.8749731063842774,0.8282352889025653,3,0.004945122349589,0.7450351715087891,59.96002664890073
flipped_part_005.mp4,2652,0,5,0.0424795599765487,0.9133134841918944,0.8299788210127089,3,0.0050189384650568,0.7453680674235026,59.96002664890073
flipped_part_005.mp4,2653,0,4,0.0423001101701932,0.9115486780802408,0.829075813293457,2,0.0050855528272222,0.7456707000732422,59.96002664890073
flipped_part_005.mp4,2654,0,4,0.0419084781538819,0.9088741938273112,0.8290116628011067,2,0.0051505709752543,0.7458946863810222,59.96002664890073
flipped_part_005.mp4,2655,0,4,0.041571581397212,0.905583381652832,0.8282095167371962,2,0.0051772640882376,0.7460653940836589,59.96002664890073
flipped_part_005.mp4,2656,0,4,0.0409495460110984,0.9022513071695965,0.8274766286214192,2,0.0052533771244634,0.7463398615519206,59.96002664890073
flipped_part_005.mp4,2657,0,4,0.0408489521991426,0.899692153930664,0.8260157638125949,3,0.0098562947429147,0.7609640121459961,59.96002664890073
flipped_part_005.mp4,2658,0,4,0.0401975089191721,0.896159553527832,0.8266975614759657,3,0.0099915323052684,0.760719108581543,59.96002664890073
flipped_part_005.mp4,2659,0,5,0.0397421046080035,0.8933713912963868,0.8245279683007134,3,0.0098745242119166,0.7598803838094076,59.96002664890073
flipped_part_005.mp4,2660,0,4,0.0391907135674086,0.8890524546305338,0.8246611913045248,3,0.0097792540593865,0.7591405868530273,59.96002664890073
flipped_part_005.mp4,2661,0,4,0.038657783429328,0.8858383814493815,0.8236347904911747,3,0.0096631359745892,0.7582452774047852,59.96002664890073
flipped_part_005.mp4,2662,0,4,0.0384414424277747,0.8819607416788737,0.8218436294131809,3,0.00902685513358,0.7525793711344401,59.96002664890073
flipped_part_005.mp4,2663,0,4,0.0385635375397216,0.8800856272379557,0.8193062111183449,3,0.0090215026738506,0.7535376230875651,59.96002664890073
flipped_part_005.mp4,2664,0,6,0.0380852146611848,0.8791091918945313,0.8218088308970134,4,0.0086244829850167,0.7530308405558268,59.96002664890073
flipped_part_005.mp4,2665,0,6,0.0378579368951614,0.875246238708496,0.8187180836995442,4,0.0086366652941069,0.7553722381591796,59.96002664890073
flipped_part_005.mp4,2666,0,5,0.0366126636661692,0.8703544616699219,0.8212037686948424,3,0.0083412063885771,0.7511919021606446,59.96002664890073
flipped_part_005.mp4,2667,0,6,0.0359735885372386,0.8657612482706706,0.8210833602481418,4,0.0081014688821012,0.7525985717773438,59.96002664890073
flipped_part_005.mp4,2668,0,5,0.0359698709874492,0.864103126525879,0.8199439702210602,4,0.0082464541468652,0.7538650512695313,59.96002664890073
flipped_part_005.mp4,2669,0,5,0.035538164351939,0.8608528137207031,0.8187338987986247,4,0.0083898140065139,0.7531045277913412,59.96002664890073
flipped_part_005.mp4,2670,0,4,0.0353073958271731,0.8574977874755859,0.8157246271769206,3,0.0081156731333477,0.7533730824788412,59.96002664890073
flipped_part_005.mp4,2671,0,4,0.0351367584596709,0.855616569519043,0.8164931050053349,3,0.0079621338593117,0.7527572631835937,59.96002664890073
flipped_part_005.mp4,2672,0,4,0.0342525495109738,0.8523429870605469,0.8176708857218424,3,0.007757738009079,0.7521575927734375,59.96002664890073
flipped_part_005.mp4,2673,0,4,0.0348802631613108,0.8534557342529296,0.8144399289731626,3,0.0075363722426441,0.7513999938964844,59.96002664890073
flipped_part_005.mp4,2674,0,4,0.0256925801500377,0.805667495727539,0.8123796674940321,3,0.0075802899654351,0.7509472529093425,59.96002664890073
flipped_part_005.mp4,2675,0,6,0.0354530970731435,0.8518992106119792,0.808880940190068,3,0.0070958290906424,0.7514338175455729,59.96002664890073
flipped_part_005.mp4,2676,0,7,0.0350988289617152,0.8498690287272136,0.8089777911150897,3,0.0070085318757871,0.75203857421875,59.96002664890073
flipped_part_005.mp4,2677,0,6,0.0377294156378775,0.8671515146891277,0.8102724711100261,3,0.0069354798788413,0.7524086634318033,59.96002664890073
flipped_part_005.mp4,2678,0,6,0.0355036764198491,0.8762625376383464,0.8111250418203848,3,0.0069399351626634,0.7526633580525716,59.96002664890073
flipped_part_005.mp4,2679,0,7,0.0301415688861635,0.8264081954956055,0.8138046264648438,4,0.0067982276191864,0.7528095245361328,59.96002664890073
flipped_part_005.mp4,2680,0,7,0.0261061296551633,0.8329933166503907,0.8241478337181939,4,0.0067501179126136,0.7529876708984375,59.96002664890073
flipped_part_005.mp4,2681,0,7,0.0247842515822134,0.7964204152425131,0.8125070218686704,4,0.0068160985634312,0.753207015991211,59.96002664890073
flipped_part_005.mp4,2682,0,5,0.0222070402483223,0.7850168863932292,0.8105016072591146,2,0.0068709072746827,0.7534701029459635,59.96002664890073
flipped_part_005.mp4,2683,0,5,0.0296185488104391,0.8207393646240234,0.8135538525051541,2,0.0068790649187414,0.7536996841430664,59.96002664890073
flipped_part_005.mp4,2684,0,5,0.0295234515100539,0.8219774881998698,0.8122855786924009,2,0.0068995296282486,0.7539566040039063,59.96002664890073
flipped_part_005.mp4,2685,0,6,0.0286527919701499,0.8167150497436524,0.8126286188761394,2,0.0069569489806114,0.7540254592895508,59.96002664890073
flipped_part_005.mp4,2686,0,7,0.0285155162296076,0.81623961130778,0.8108116997612848,4,0.0071059717728187,0.7541222254435221,59.96002664890073
flipped_part_005.mp4,2687,0,6,0.0283849175322285,0.8155150095621745,0.8121604990076136,3,0.0073347323111051,0.7545234680175781,59.96002664890073
flipped_part_005.mp4,2688,0,7,0.0210731611002079,0.9311834335327148,0.910328409406874,4,0.007494712778781,0.7546991348266602,59.96002664890073
flipped_part_005.mp4,2689,0,6,0.0217490358719775,0.9323723475138348,0.9083290126588608,3,0.0075643598909179,0.7547056833902995,59.96002664890073
flipped_part_005.mp4,2690,0,6,0.0229612140198878,0.934642473856608,0.9045112715827094,3,0.007671543994608,0.7548269271850586,59.96002664890073
flipped_part_005.mp4,2691,0,6,0.0235059885613736,0.9300119400024414,0.9015551355150012,4,0.0077423102582839,0.7550034205118815,59.96002664890073
flipped_part_005.mp4,2692,0,6,0.0246803382379618,0.9312403361002604,0.8988240807144731,4,0.007803868078562,0.7552730560302734,59.96002664890073
flipped_part_005.mp4,2693,0,6,0.025991576615961,0.9287288665771484,0.8927522553337945,3,0.0078947659488767,0.7554331461588542,59.96002664890073
flipped_part_005.mp4,2694,0,6,0.0251773931353252,0.9210579554239908,0.8929466989305285,4,0.0078660859947235,0.7553101221720377,59.96002664890073
flipped_part_005.mp4,2695,0,6,0.0264689178696587,0.92037722269694,0.8882289462619357,4,0.0079610008164308,0.7553827285766601,59.96002664890073
flipped_part_005.mp4,2696,0,5,0.026823978643026,0.9169986724853516,0.8880144119262695,3,0.0080369564201208,0.7553812026977539,59.96002664890073
flipped_part_005.mp4,2697,0,6,0.0270924544995068,0.9107854843139648,0.8843829684787327,4,0.008025035331957,0.7554268519083659,59.96002664890073
flipped_part_005.mp4,2698,0,6,0.0279837158938466,0.9072996139526368,0.8794139756096734,4,0.0080258838431392,0.7555288314819336,59.96002664890073
flipped_part_005.mp4,2699,0,5,0.0294213022128267,0.9042224884033204,0.8695616510179308,3,0.0082293505251679,0.7560373942057291,59.96002664890073
flipped_part_005.mp4,2700,0,5,0.0287192892116992,0.9001839319864909,0.8696754702815304,3,0.0084278250034549,0.7562861760457357,59.96002664890073
flipped_part_005.mp4,2701,0,6,0.0280568837176664,0.8964951197306316,0.8706689834594726,4,0.0086009032408064,0.7566497802734375,59.96002664890073
flipped_part_005.mp4,2702,0,6,0.0278356290744048,0.8930055618286132,0.8705639256371392,4,0.0086903093259186,0.7568367004394532,59.96002664890073
flipped_part_005.mp4,2703,0,5,0.0276094657533357,0.8912147521972656,0.8706560823652479,3,0.0088284020586999,0.7581419626871745,59.96002664890073
flipped_part_005.mp4,2704,0,5,0.0277994912438629,0.8871191660563151,0.868041972760801,3,0.0088352529676976,0.7582865397135417,59.96002664890073
flipped_part_005.mp4,2705,0,5,0.0279945973768183,0.8851234436035156,0.8647675019723398,3,0.0090197616031057,0.7582549413045248,59.96002664890073
flipped_part_005.mp4,2706,0,5,0.0282922685824763,0.8832508087158203,0.8622700620580602,3,0.0090217085419701,0.7582756042480469,59.96002664890073
flipped_part_005.mp4,2707,0,5,0.0285499515749932,0.882474708557129,0.8604450561382152,3,0.0092006218515517,0.7585028330485026,59.96002664890073
flipped_part_005.mp4,2708,0,5,0.0290629085968076,0.882152239481608,0.8588524659474691,3,0.0093306574619944,0.7585659027099609,59.96002664890073
flipped_part_005.mp4,2709,0,5,0.0291349897906184,0.8800281524658203,0.8563060336642795,3,0.0094432486757674,0.7591437657674154,59.96002664890073
flipped_part_005.mp4,2710,0,5,0.0293973018213593,0.879666519165039,0.8549037792064526,3,0.0095639702143401,0.7593879699707031,59.96002664890073
flipped_part_005.mp4,2711,0,5,0.0297456888416733,0.8796971003214519,0.8529281192355685,3,0.0097629193038705,0.7597904841105143,59.96002664890073
flipped_part_005.mp4,2712,0,5,0.0298917717874751,0.8796037673950196,0.8524785783555773,3,0.0099582249012504,0.7605908075968425,59.96002664890073
flipped_part_005.mp4,2713,0,6,0.031598138850386,0.8802354812622071,0.844581561618381,3,0.010260137645269,0.7611738204956054,59.96002664890073
flipped_part_005.mp4,2714,0,7,0.0312301696172684,0.8795127868652344,0.845578561005769,3,0.0102896216829928,0.7615917841593425,59.96002664890073
flipped_part_005.mp4,2715,0,5,0.03117614241396,0.8792208353678386,0.845125910087868,3,0.0104684658724969,0.7621679306030273,59.96002664890073
flipped_part_005.mp4,2716,0,5,0.0312040626419742,0.8778858820597331,0.8451227417698612,3,0.0105347750048001,0.7623518625895183,59.96002664890073
flipped_part_005.mp4,2717,0,5,0.031285369125926,0.876384989420573,0.8437237686581082,3,0.0107266976848606,0.7628087997436523,59.96002664890073
flipped_part_005.mp4,2718,0,5,0.0314469311242444,0.8760034561157226,0.8435114330715603,3,0.0109304315367868,0.7633247375488281,59.96002664890073
flipped_part_005.mp4,2719,0,5,0.0316370007524636,0.8738183975219727,0.8427443398369683,3,0.0109990137314242,0.7635971069335937,59.96002664890073
flipped_part_005.mp4,2720,0,8,0.0318757788781497,0.8725791931152344,0.8417307747734918,3,0.0109584418789017,0.7636786142985026,59.96002664890073
flipped_part_005.mp4,2721,0,6,0.0320632542283005,0.8724388122558594,0.8402943840733281,2,0.0111076803189159,0.7641578674316406,59.96002664890073
flipped_part_005.mp4,2722,0,7,0.0330560360141822,0.874056625366211,0.8387412865956624,3,0.011145002691903,0.7645842234293619,59.96002664890073
flipped_part_005.mp4,2723,0,6,0.03317306957877,0.8755369186401367,0.8389655219184028,2,0.011252181297513,0.7652538299560547,59.96002664890073
flipped_part_005.mp4,2724,0,5,0.032083462692614,0.8704242706298828,0.8380044142405192,2,0.0115393314038185,0.7660726547241211,59.96002664890073
flipped_part_005.mp4,2725,0,5,0.0321968867575479,0.8702033996582031,0.8380351384480794,2,0.0117244006510224,0.7665546417236329,59.96002664890073
flipped_part_005.mp4,2726,0,4,0.03194786131977,0.8657447814941406,0.8345312330457899,2,0.0117299243372959,0.7668952941894531,59.96002664890073
flipped_part_005.mp4,2727,0,5,0.0319446219841793,0.86412353515625,0.8324162024038809,2,0.0118825961863708,0.7672613143920899,59.96002664890073
flipped_part_005.mp4,2728,0,4,0.0319669814964032,0.8630678176879882,0.8300863336633753,2,0.0119760799297364,0.7675027847290039,59.96002664890073
flipped_part_005.mp4,2729,0,4,0.031962145281906,0.863680076599121,0.8312107368751809,2,0.0120363974617147,0.7675876617431641,59.96002664890073
flipped_part_005.mp4,2730,0,4,0.0327037951035365,0.8666736602783203,0.8304820378621419,2,0.0124894424255816,0.7680526733398437,59.96002664890073
flipped_part_005.mp4,2731,0,5,0.0374714917505779,0.8904373804728191,0.8278267913394504,2,0.0127996478506139,0.7682140350341797,59.96002664890073
flipped_part_005.mp4,2732,0,6,0.0384141544114229,0.894998041788737,0.8261200657597294,3,0.0128766066002814,0.7686781565348307,59.96002664890073
flipped_part_005.mp4,2733,0,5,0.0383512359417444,0.8948564529418945,0.8271917766994901,3,0.0135296366395957,0.7700602849324544,59.96002664890073
flipped_part_005.mp4,2734,0,6,0.0375913510681921,0.893482780456543,0.8279863269240768,3,0.0134096747477155,0.769961929321289,59.96002664890073
flipped_part_005.mp4,2735,0,5,0.0378520305221253,0.8922009150187175,0.8251332600911458,2,0.0136822513557854,0.7699118296305338,59.96002664890073
flipped_part_005.mp4,2736,0,5,0.0381590725701648,0.889449946085612,0.8220031526353624,2,0.0140671274052389,0.7704935709635417,59.96002664890073
flipped_part_005.mp4,2737,0,4,0.0379360490462568,0.886137580871582,0.8211826536390516,2,0.014471857087305,0.7715984344482422,59.96002664890073
flipped_part_005.mp4,2738,0,6,0.0373819114773262,0.8833335876464844,0.8208925459120009,3,0.0146009028662228,0.7724245707194011,59.96002664890073
flipped_part_005.mp4,2739,0,6,0.0369733290636806,0.8782454172770182,0.8188283284505208,3,0.0145785952884708,0.7714618682861328,59.96002664890073
flipped_part_005.mp4,2740,0,6,0.036427811708159,0.8747208277384441,0.8191653781467014,3,0.0149237382985302,0.7726638793945313,59.96002664890073
flipped_part_005.mp4,2741,0,6,0.0366862244664379,0.8721883773803711,0.8162863201565213,3,0.0154784262777765,0.7731880823771159,59.96002664890073
flipped_part_005.mp4,2742,0,6,0.0362543777229223,0.868074099222819,0.8141961839463976,3,0.0157069194820036,0.775311279296875,59.96002664890073
flipped_part_005.mp4,2743,0,6,0.0359426545270252,0.8664623260498047,0.8138938903808594,3,0.0161401620114338,0.7754840850830078,59.96002664890073
flipped_part_005.mp4,2744,0,7,0.0352428056602945,0.8630985260009766,0.8146088282267253,3,0.0164565829899112,0.7763574600219727,59.96002664890073
flipped_part_005.mp4,2745,0,5,0.0354230528431484,0.8603190104166667,0.8103856475264938,2,0.016697493802963,0.7769683202107748,59.96002664890073
flipped_part_005.mp4,2746,0,7,0.0355097482104934,0.8579889297485351,0.8076388465033637,3,0.016564783637511,0.7766815821329752,59.96002664890073
flipped_part_005.mp4,2747,0,6,0.034594970272786,0.8554943084716797,0.8114349789089627,3,0.0169921475792135,0.7777683893839519,59.96002664890073
flipped_part_005.mp4,2748,0,7,0.0348424798074955,0.8509165445963541,0.804228726139775,3,0.017107306564673,0.7785557428995769,59.96002664890073
flipped_part_005.mp4,2749,0,6,0.0344889750032113,0.8488908767700195,0.8041470633612738,3,0.0176264080720203,0.7790945688883464,59.96002664890073
flipped_part_005.mp4,2750,0,7,0.0331857682075425,0.8444386164347331,0.8073407985545971,3,0.0179242920597877,0.7796608606974283,59.96002664890073
flipped_part_005.mp4,2751,0,7,0.0320023443729237,0.8413376490275065,0.8063038296169704,4,0.0183071169776667,0.7803035736083984,59.96002664890073
flipped_part_005.mp4,2752,0,5,0.0318220973149203,0.840255610148112,0.807199400442618,3,0.0188191123104102,0.7824227015177408,59.96002664890073
flipped_part_005.mp4,2753,0,6,0.032326093594176,0.8370086669921875,0.8039765110722294,3,0.0192512276116758,0.7833574295043946,59.96002664890073
flipped_part_005.mp4,2754,0,5,0.0311494549086031,0.8322610855102539,0.8031221389770508,2,0.019094577727309,0.7834907531738281,59.96002664890073
flipped_part_005.mp4,2755,0,5,0.0312531158882646,0.8318159103393554,0.8035270690917968,2,0.0194005648697561,0.783794085184733,59.96002664890073
flipped_part_005.mp4,2756,0,6,0.0302172400988256,0.8290531794230144,0.8074106922856084,3,0.0196942793666352,0.783884874979655,59.96002664890073
flipped_part_005.mp4,2757,0,5,0.0311870159152426,0.8301876703898112,0.8043016716285988,2,0.0203466395136288,0.7848136266072591,59.96002664890073
flipped_part_005.mp4,2758,0,7,0.0301820011044145,0.8281801859537761,0.8073631286621094,3,0.0208943078011119,0.7851439158121745,59.96002664890073
flipped_part_005.mp4,2759,0,9,0.0307545937763441,0.827587890625,0.800294303894043,5,0.0212840028305683,0.7851809819539388,59.96002664890073
flipped_part_005.mp4,2760,1,8,0.0281133677890951,0.8172966639200846,0.7995540618896484,5,0.0217553197099564,0.7869300842285156,59.96002664890073
flipped_part_005.mp4,2761,1,9,0.0269547781074288,0.8147423426310222,0.7965421676635742,5,0.0223574099370891,0.7888420104980469,59.96002664890073
flipped_part_005.mp4,2762,1,9,0.0250970747969525,0.8093342463175456,0.7888519922892253,5,0.0230533833922365,0.7911628723144531,59.96002664890073
flipped_part_005.mp4,2763,1,9,0.0261087500214916,0.8132080713907878,0.77930684266267,5,0.0235354006246277,0.791942850748698,59.96002664890073
flipped_part_005.mp4,2764,1,9,0.023879275125779,0.7919931411743164,0.0750448438856336,5,0.023879275125779,0.7919931411743164,59.96002664890073
flipped_part_005.mp4,2765,1,7,0.0246381541103538,0.7938703536987305,0.0709576076931423,4,0.0246381541103538,0.7938703536987305,59.96002664890073
flipped_part_005.mp4,2766,1,6,0.0251568237580157,0.7954303741455078,0.068110939308449,4,0.0251568237580157,0.7954303741455078,59.96002664890073
flipped_part_005.mp4,2767,1,6,0.0254967727321976,0.7953636169433593,0.0629648844401041,4,0.0254967727321976,0.7953636169433593,59.96002664890073
flipped_part_005.mp4,2768,1,7,0.0258269980467998,0.7970432281494141,0.0587042066786024,4,0.0258269980467998,0.7970432281494141,59.96002664890073
flipped_part_005.mp4,2769,1,7,0.0267266527466931,0.7978757858276367,0.0543004636411313,4,0.0267266527466931,0.7978757858276367,59.96002664890073
flipped_part_005.mp4,2770,1,7,0.0274401705726631,0.7987871805826823,0.0481851648401331,4,0.0274401705726631,0.7987871805826823,59.96002664890073
flipped_part_005.mp4,2771,1,8,0.0282238972174161,0.7998706181844075,0.0429383171929253,4,0.0282238972174161,0.7998706181844075,59.96002664890073
flipped_part_005.mp4,2772,1,7,0.0289418385119643,0.8021780649820963,0.0385674370659722,4,0.0289418385119643,0.8021780649820963,59.96002664890073
flipped_part_005.mp4,2773,1,7,0.0292063849507313,0.8029918670654297,0.0333272298177083,4,0.0292063849507313,0.8029918670654297,59.96002664890073
flipped_part_005.mp4,2774,1,7,0.0296717441870876,0.8031792322794596,0.0299527486165364,4,0.0296717441870876,0.8031792322794596,59.96002664890073
flipped_part_005.mp4,2775,1,6,0.0302740008462569,0.8045992533365885,0.0266382853190104,3,0.0302740008462569,0.8045992533365885,59.96002664890073
flipped_part_005.mp4,2776,1,8,0.0313678656879346,0.8061599731445312,0.0202938503689236,4,0.0313678656879346,0.8061599731445312,59.96002664890073
flipped_part_005.mp4,2777,1,9,0.0318600345778503,0.806680170694987,0.0159594500506365,4,0.0318600345778503,0.806680170694987,59.96002664890073
flipped_part_005.mp4,2778,1,9,0.0331063017856245,0.8088151931762695,0.0106287920916522,4,0.0331063017856245,0.8088151931762695,59.96002664890073
flipped_part_005.mp4,2779,1,8,0.0339754074313289,0.8108843485514323,0.0046226501464843,4,0.0339754074313289,0.8108843485514323,59.96002664890073
flipped_part_005.mp4,2780,1,8,0.0350126948642234,0.813199234008789,0.0010816786024305,4,0.0350126948642234,0.813199234008789,59.96002664890073
flipped_part_005.mp4,2781,1,8,0.0359207291594138,0.8156137466430664,0.0051637155038339,4,0.0359207291594138,0.8156137466430664,59.96002664890073
flipped_part_005.mp4,2782,1,8,0.0366530278262992,0.8171457290649414,0.0132921006944444,4,0.0366530278262992,0.8171457290649414,59.96002664890073
flipped_part_005.mp4,2783,1,7,0.0378845183097291,0.8195653915405273,0.0194408840603298,4,0.0378845183097291,0.8195653915405273,59.96002664890073
flipped_part_005.mp4,2784,1,7,0.0388497043265993,0.8218704223632812,0.0233955383300781,4,0.0388497043265993,0.8218704223632812,59.96002664890073
flipped_part_005.mp4,2785,1,8,0.0398431307526577,0.8241203943888347,0.0303703873245804,4,0.0398431307526577,0.8241203943888347,59.96002664890073
flipped_part_005.mp4,2786,1,7,0.0407989474321014,0.8250965754191081,0.0343274999547887,4,0.0407989474321014,0.8250965754191081,59.96002664890073
flipped_part_005.mp4,2787,1,7,0.0412747624668976,0.8253135681152344,0.0426059864185474,3,0.0412747624668976,0.8253135681152344,59.96002664890073
flipped_part_005.mp4,2788,1,6,0.0423575647505155,0.8263609568277995,0.049394960756655,3,0.0423575647505155,0.8263609568277995,59.96002664890073
flipped_part_005.mp4,2789,1,6,0.0435148792400637,0.8266424179077149,0.0573267336244936,3,0.0435148792400637,0.8266424179077149,59.96002664890073
flipped_part_005.mp4,2790,1,6,0.0452589990337017,0.8292782465616862,0.0642764621310763,3,0.0452589990337017,0.8292782465616862,59.96002664890073
flipped_part_005.mp4,2791,1,6,0.0473184257418486,0.8343651453653972,0.0702333238389757,2,0.0473184257418486,0.8343651453653972,59.96002664890073
flipped_part_005.mp4,2792,1,7,0.0483670373805216,0.8342781702677409,0.0759485880533854,3,0.0483670373805216,0.8342781702677409,59.96002664890073
flipped_part_005.mp4,2793,1,6,0.0490614538741,0.8353401184082031,0.0826655917697482,3,0.0490614538741,0.8353401184082031,59.96002664890073
flipped_part_005.mp4,2794,1,7,0.0522496735404193,0.8406450907389323,0.0944917466905382,3,0.0522496735404193,0.8406450907389323,59.96002664890073
flipped_part_005.mp4,2795,1,6,0.0526523584548623,0.8402048110961914,0.1015664842393663,3,0.0526523584548623,0.8402048110961914,59.96002664890073
flipped_part_005.mp4,2796,1,7,0.0541076003259082,0.8428543090820313,0.110609068693938,3,0.0541076003259082,0.8428543090820313,59.96002664890073
flipped_part_005.mp4,2797,1,7,0.0560292126244831,0.8450265884399414,0.1181352120858651,3,0.0560292126244831,0.8450265884399414,59.96002664890073
flipped_part_005.mp4,2798,1,6,0.0580787263328481,0.8490242004394531,0.1265290719491464,3,0.0580787263328481,0.8490242004394531,59.96002664890073
flipped_part_005.mp4,2799,1,6,0.0597376795980057,0.850554084777832,0.1344904581705729,3,0.0597376795980057,0.850554084777832,59.96002664890073
flipped_part_005.mp4,2800,1,7,0.0616714870611516,0.8523094813028972,0.1458619011773003,3,0.0616714870611516,0.8523094813028972,59.96002664890073
flipped_part_005.mp4,2801,1,7,0.0638337850051714,0.8552426020304362,0.1546566150806568,3,0.0638337850051714,0.8552426020304362,59.96002664890073
flipped_part_005.mp4,2802,1,7,0.0668951649209096,0.8585939407348633,0.1663528442382812,3,0.0668951649209096,0.8585939407348633,59.96002664890073
flipped_part_005.mp4,2803,1,7,0.0693008019437979,0.8609477996826171,0.1760824415418836,3,0.0693008019437979,0.8609477996826171,59.96002664890073
flipped_part_005.mp4,2804,1,7,0.0723501328696848,0.8642990748087566,0.1849714208532262,3,0.0723501328696848,0.8642990748087566,59.96002664890073
flipped_part_005.mp4,2805,1,7,0.0760792815021974,0.8689393997192383,0.2000548468695746,3,0.0760792815021974,0.8689393997192383,59.96002664890073
flipped_part_005.mp4,2806,1,7,0.078085763237937,0.8723466873168946,0.2116656833224826,3,0.078085763237937,0.8723466873168946,59.96002664890073
flipped_part_005.mp4,2807,1,7,0.0813893445187002,0.875277582804362,0.2233579847547743,3,0.0813893445187002,0.875277582804362,59.96002664890073
flipped_part_005.mp4,2808,1,7,0.0845849976376781,0.8806679407755534,0.2355696501555266,3,0.0845849976376781,0.8806679407755534,59.96002664890073
flipped_part_005.mp4,2809,1,7,0.0893394314404577,0.8858501434326171,0.2484144422743055,3,0.0893394314404577,0.8858501434326171,59.96002664890073
flipped_part_005.mp4,2810,1,7,0.0939411460377245,0.8922016779581706,0.2639713711208767,3,0.0939411460377245,0.8922016779581706,59.96002664890073
flipped_part_005.mp4,2811,1,8,0.0992680802814235,0.8970238367716471,0.2810830010308159,4,0.0992680802814235,0.8970238367716471,59.96002664890073
flipped_part_005.mp4,2812,1,8,0.1046266412642176,0.9023540496826172,0.2967834190086082,4,0.1046266412642176,0.9023540496826172,59.96002664890073
flipped_part_005.mp4,2813,1,8,0.1101118012630225,0.9079938888549804,0.3128316243489583,4,0.1101118012630225,0.9079938888549804,59.96002664890073
flipped_part_005.mp4,2814,1,7,0.1167361011467608,0.9140199661254884,0.330674969708478,3,0.1167361011467608,0.9140199661254884,59.96002664890073
flipped_part_005.mp4,2815,1,7,0.1246073777804185,0.9228601455688475,0.3456958064326533,2,0.1246073777804185,0.9228601455688475,59.96002664890073
flipped_part_005.mp4,2816,1,6,0.1300920731155201,0.927216911315918,0.3667862503616898,2,0.1300920731155201,0.927216911315918,59.96002664890073
flipped_part_005.mp4,2817,1,6,0.1373040263506405,0.9350921630859376,0.3857419614438657,2,0.1373040263506405,0.9350921630859376,59.96002664890073
flipped_part_005.mp4,2818,1,8,0.1403362506820768,0.9364099502563475,0.4026652018229166,3,0.1403362506820768,0.9364099502563475,59.96002664890073
flipped_part_005.mp4,2819,1,7,0.1435311536525357,0.9398546854654948,0.4139517042371962,2,0.1435311536525357,0.9398546854654948,59.96002664890073
flipped_part_005.mp4,2820,0,6,0.1468674265648587,0.946789042154948,0.4158581203884549,3,0.1468674265648587,0.946789042154948,59.96002664890073
flipped_part_005.mp4,2821,0,6,0.1520861587292237,0.9550390243530272,0.4225273414894386,3,0.1520861587292237,0.9550390243530272,59.96002664890073
flipped_part_005.mp4,2822,0,7,0.1604291536495481,0.9711649576822916,0.4232310259783709,4,0.1604291536495481,0.9711649576822916,59.96002664890073
flipped_part_005.mp4,2823,0,6,0.1664549670828058,0.9815710067749024,0.4234116730866609,3,0.1664549670828058,0.9815710067749024,59.96002664890073
flipped_part_005.mp4,2824,0,6,0.1731269030649047,0.9963802337646483,0.4284127129448785,3,0.1731269030649047,0.9963802337646483,59.96002664890073
flipped_part_005.mp4,2825,0,7,0.173599072623377,0.9986215591430664,0.4316310176142939,4,0.173599072623377,0.9986215591430664,59.96002664890073
flipped_part_005.mp4,2826,0,6,0.1726247710202221,0.9993693033854166,0.4346407854998553,3,0.1726247710202221,0.9993693033854166,59.96002664890073
flipped_part_005.mp4,2827,0,6,0.1713448290010867,0.99942626953125,0.4373663443106192,3,0.1713448290010867,0.99942626953125,59.96002664890073
flipped_part_005.mp4,2828,0,6,0.1704307567599203,0.999061648050944,0.4398868136935764,3,0.1704307567599203,0.999061648050944,59.96002664890073
flipped_part_005.mp4,2829,0,6,0.1686279533496579,0.9990850448608398,0.4413441410771123,3,0.1686279533496579,0.9990850448608398,59.96002664890073
flipped_part_005.mp4,2830,0,6,0.1670893775745019,0.9988582611083984,0.4438747829861111,2,0.1670893775745019,0.9988582611083984,59.96002664890073
flipped_part_005.mp4,2831,0,6,0.1651227063313126,0.9990864435831706,0.45107421875,3,0.1651227063313126,0.9990864435831706,59.96002664890073
flipped_part_005.mp4,2832,0,6,0.1634724554940476,0.9991774241129556,0.4545576024938513,3,0.1634724554940476,0.9991774241129556,59.96002664890073
flipped_part_005.mp4,2833,0,6,0.1619203222789521,0.9995531717936198,0.4584339848271123,3,0.1619203222789521,0.9995531717936198,59.96002664890073
flipped_part_005.mp4,2834,0,6,0.1602673828996194,0.9996318817138672,0.4628841541431568,3,0.1602673828996194,0.9996318817138672,59.96002664890073
flipped_part_005.mp4,2835,0,6,0.159608948412901,0.9995370864868164,0.4659739459002459,3,0.159608948412901,0.9995370864868164,59.96002664890073
flipped_part_005.mp4,2836,0,6,0.1584971402829978,0.999445343017578,0.4697870890299479,3,0.1584971402829978,0.999445343017578,59.96002664890073
flipped_part_005.mp4,2837,0,6,0.1574513585825021,0.9994417190551758,0.4737963923701533,2,0.1574513585825021,0.9994417190551758,59.96002664890073
flipped_part_005.mp4,2838,0,6,0.1564937220304273,0.9994452158610028,0.4773893568250868,2,0.1564937220304273,0.9994452158610028,59.96002664890073
flipped_part_005.mp4,2839,0,7,0.1539129239627746,0.9988273620605468,0.4836821379484953,3,0.1539129239627746,0.9988273620605468,59.96002664890073
flipped_part_005.mp4,2840,0,5,0.1526746916468902,0.9996442794799804,0.4869199964735243,2,0.1526746916468902,0.9996442794799804,59.96002664890073
flipped_part_005.mp4,2841,0,5,0.1517329823132604,0.9996641794840496,0.4902252197265625,3,0.1517329823132604,0.9996641794840496,59.96002664890073
flipped_part_005.mp4,2842,0,5,0.149680543464298,0.999734115600586,0.4962504069010416,3,0.149680543464298,0.999734115600586,59.96002664890073
flipped_part_005.mp4,2843,0,5,0.1469534399545389,0.9994330088297526,0.5018070927372685,3,0.1469534399545389,0.9994330088297526,59.96002664890073
flipped_part_005.mp4,2844,0,5,0.1452088806088755,0.9993392944335936,0.5068771927445023,3,0.1452088806088755,0.9993392944335936,59.96002664890073
flipped_part_005.mp4,2845,0,5,0.1452538026074762,0.9991292953491212,0.5094365437825521,3,0.1452538026074762,0.9991292953491212,59.96002664890073
flipped_part_005.mp4,2846,0,7,0.1419994542213519,0.999195671081543,0.5161013567889178,3,0.1419994542213519,0.999195671081543,59.96002664890073
flipped_part_005.mp4,2847,0,6,0.1397725294737352,0.9994054794311524,0.5248696786385996,3,0.1397725294737352,0.9994054794311524,59.96002664890073
flipped_part_005.mp4,2848,0,6,0.1374603594408297,0.9992242813110352,0.5295131542064525,3,0.1374603594408297,0.9992242813110352,59.96002664890073
flipped_part_005.mp4,2849,0,7,0.1354203482772249,0.999337641398112,0.5335947672526041,4,0.1354203482772249,0.999337641398112,59.96002664890073
flipped_part_005.mp4,2850,0,5,0.1321641925826918,0.9993600845336914,0.5421874434859665,3,0.1321641925826918,0.9993600845336914,59.96002664890073
flipped_part_005.mp4,2851,0,5,0.129751131302468,0.9993906021118164,0.5505975228768808,3,0.129751131302468,0.9993906021118164,59.96002664890073
flipped_part_005.mp4,2852,0,7,0.1284311876378423,0.9995115280151368,0.5557792946144386,3,0.1284311876378423,0.9995115280151368,59.96002664890073
flipped_part_005.mp4,2853,0,6,0.1247908485138948,0.9993561426798504,0.565686430754485,3,0.1247908485138948,0.9993561426798504,59.96002664890073
flipped_part_005.mp4,2854,0,6,0.1220119734281777,0.9993685404459636,0.5723646375868056,3,0.1220119734281777,0.9993685404459636,59.96002664890073
flipped_part_005.mp4,2855,0,5,0.1202296075559498,0.9992923736572266,0.581045475712529,3,0.1202296075559498,0.9992923736572266,59.96002664890073
flipped_part_005.mp4,2856,0,5,0.1157063246152743,0.9993948618570964,0.5911400123878762,3,0.1157063246152743,0.9993948618570964,59.96002664890073
flipped_part_005.mp4,2857,0,6,0.1133421422285027,0.9994335810343424,0.5982837253146701,3,0.1133421422285027,0.9994335810343424,59.96002664890073
flipped_part_005.mp4,2858,0,6,0.1111871628788368,0.9994626998901368,0.6078352751555266,2,0.0035305422036375,0.7266089121500651,59.96002664890073
flipped_part_005.mp4,2859,0,7,0.1068937973878066,0.9994171778361004,0.6164719758210359,2,0.0035945999167382,0.7272530237833659,59.96002664890073
flipped_part_005.mp4,2860,0,5,0.1033674224916224,0.999445343017578,0.6264634874131945,2,0.0033778413802792,0.7256981531778971,59.96002664890073
flipped_part_005.mp4,2861,0,6,0.099370399473,0.9993797302246094,0.6374165287724247,2,0.0026218568994469,0.719881820678711,59.96002664890073
flipped_part_005.mp4,2862,0,7,0.095800037230559,0.9995066324869792,0.6485660129123264,3,0.0034454716550573,0.7283180872599284,59.96002664890073
flipped_part_005.mp4,2863,0,7,0.0916501218138728,0.9994717280069988,0.6606484872323496,3,0.0034229154522005,0.7283653895060221,59.96002664890073
flipped_part_005.mp4,2864,0,8,0.0874221517926909,0.9994714736938476,0.6729827880859375,3,0.0033979993247366,0.728997802734375,59.96002664890073
flipped_part_005.mp4,2865,0,8,0.0819227377009034,0.9994321823120116,0.6875912136501736,3,0.0034524938170817,0.7293763478597005,59.96002664890073
flipped_part_005.mp4,2866,0,8,0.0768830333371254,0.9993947982788086,0.7023684466326678,3,0.0033077226419764,0.727480697631836,59.96002664890073
flipped_part_005.mp4,2867,0,7,0.0723412452078493,0.9993481318155925,0.7195228294089988,3,0.0028926986326396,0.7213438669840495,59.96002664890073
flipped_part_005.mp4,2868,0,7,0.066566793078497,0.9991855621337892,0.7361344514069734,4,0.0031385532773128,0.7302528381347656,59.96002664890073
flipped_part_005.mp4,2869,0,8,0.0604217940203078,0.9992247263590496,0.7542317143192998,4,0.0027711855929293,0.7301403045654297,59.96002664890073
flipped_part_005.mp4,2870,0,7,0.0531118604817311,0.9994940439860026,0.7757176717122396,3,0.0027053239466881,0.7213569641113281,59.96002664890073
flipped_part_005.mp4,2871,0,7,0.0471733073107639,1.0,0.7970048692491319,4,0.003321507242775,0.7328610102335612,59.96002664890073
flipped_part_005.mp4,2872,0,7,0.0408284213925879,0.9993286768595376,0.8187363801179108,4,0.0033988240104668,0.7322050094604492,59.96002664890073
flipped_part_005.mp4,2873,0,8,0.0335915409569861,0.9993609110514324,0.8445537425853588,4,0.0034883393628762,0.7321260452270508,59.96002664890073
flipped_part_005.mp4,2874,0,6,0.0268424083028609,0.9991825103759766,0.8680792914496528,3,0.003630188582368,0.7323702494303386,59.96002664890073
flipped_part_005.mp4,2875,0,5,0.0213296496760641,0.8103216171264649,0.8633449501461453,2,0.0028128635328741,0.7224651972452799,59.96002664890073
flipped_part_005.mp4,2876,0,5,0.0220317639182273,0.8114489237467448,0.8604922612508138,2,0.0028298235910673,0.7225346247355143,59.96002664890073
flipped_part_005.mp4,2877,0,6,0.023313696421028,0.8247077941894532,0.862808969285753,3,0.0033135866261539,0.7281391143798828,59.96002664890073
flipped_part_005.mp4,2878,0,7,0.0259228699629548,0.8397470474243164,0.8604395972357856,4,0.0032161950135681,0.7307373682657877,59.96002664890073
flipped_part_005.mp4,2879,0,7,0.0284837497052734,0.8426610946655273,0.84960836481165,4,0.0028946801250923,0.7285259246826172,59.96002664890073
flipped_part_005.mp4,2880,0,5,0.0294200907289002,0.8445724487304688,0.8476381637431957,3,0.0029195509205843,0.7230971654256185,59.96002664890073
flipped_part_005.mp4,2881,0,4,0.029196390438212,0.8445693969726562,0.848659896850586,2,0.0029186695358657,0.7230839411417643,59.96002664890073
flipped_part_005.mp4,2882,0,6,0.0293199129418644,0.8460025787353516,0.8488149007161458,4,0.0029259273206655,0.7275524775187174,59.96002664890073
flipped_part_005.mp4,2883,0,6,0.0308132152416281,0.8449325561523438,0.8408120685153537,2,0.002906246368991,0.7231107711791992,59.96002664890073
flipped_part_005.mp4,2884,0,5,0.0293020781113268,0.8465757369995117,0.8475041142216435,2,0.002873539778761,0.72302672068278,59.96002664890073
flipped_part_005.mp4,2885,0,5,0.0310127364388608,0.8466110229492188,0.8393987655639649,2,0.0028265568934363,0.7228458404541016,59.96002664890073
flipped_part_005.mp4,2886,0,6,0.0296507833199434,0.844587771097819,0.8437956015268961,2,0.0028628236164459,0.7231040954589844,59.96002664890073
flipped_part_005.mp4,2887,0,6,0.0303131600270407,0.8432624816894532,0.8392123964097765,1,0.0028618256201217,0.7235628763834635,59.96002664890073
flipped_part_005.mp4,2888,0,9,0.0301724120783789,0.8417034784952799,0.8394213994344075,3,0.0028878516417333,0.7240541458129883,59.96002664890073
flipped_part_005.mp4,2889,0,8,0.0296665853542678,0.8393505096435547,0.8409249835544162,2,0.0029287109584159,0.7245567321777344,59.96002664890073
flipped_part_005.mp4,2890,0,5,0.0210078511144497,0.7831494013468424,0.8389085345798069,2,0.0030155238504004,0.7249662399291992,59.96002664890073
flipped_part_005.mp4,2891,0,5,0.0230890402092578,0.7909552256266276,0.8305901845296224,2,0.0030890787573945,0.7254591623942057,59.96002664890073
flipped_part_005.mp4,2892,0,6,0.0285301605503331,0.8273231506347656,0.8343876379507559,2,0.0031020850002662,0.7256240844726562,59.96002664890073
flipped_part_005.mp4,2893,0,5,0.0284713006666313,0.8280476252237956,0.836188448799981,2,0.0030990779963084,0.7258505503336589,59.96002664890073
flipped_part_005.mp4,2894,0,7,0.0282457464176996,0.8279596328735351,0.8335282290423358,3,0.0031429335274798,0.7263656616210937,59.96002664890073
flipped_part_005.mp4,2895,0,6,0.0221088824700267,0.8267339706420899,0.8334957617300528,2,0.0031558772550003,0.7264631271362305,59.96002664890073
flipped_part_005.mp4,2896,0,10,0.026878162931397,0.8222898483276367,0.8377318912082248,2,0.0031538082725698,0.7266572952270508,59.96002664890073
flipped_part_005.mp4,2897,0,7,0.0207131184244644,0.8228848139444987,0.8417638778686524,2,0.0031191661087925,0.7270189921061198,59.96002664890073
flipped_part_005.mp4,2898,0,5,0.0194780940040436,0.7700704574584961,0.8300185945298937,2,0.003141606952995,0.7269888559977213,59.96002664890073
flipped_part_005.mp4,2899,0,8,0.0219792193171199,0.818368403116862,0.8659089247385661,3,0.0031815431733654,0.7291549682617188,59.96002664890073
flipped_part_005.mp4,2900,0,7,0.0206915590347762,0.7714840571085612,0.8214567025502523,2,0.0031979281788355,0.7272800445556641,59.96002664890073
flipped_part_005.mp4,2901,0,8,0.0210961972878309,0.7697748184204102,0.8197943740420871,2,0.0031844721382367,0.7279154459635416,59.96002664890073
flipped_part_005.mp4,2902,0,8,0.0203286475664208,0.7686426162719726,0.8190881941053603,3,0.003179867073486,0.7279247919718425,59.96002664890073
flipped_part_005.mp4,2903,0,9,0.0194184320102016,0.767009989420573,0.8157450799588803,3,0.003201829771688,0.7275591532389323,59.96002664890073
flipped_part_005.mp4,2904,0,8,0.0178214897689395,0.7604585647583008,0.806069713168674,2,0.0032572742510819,0.7279655456542968,59.96002664890073
flipped_part_005.mp4,2905,0,10,0.0190429321536327,0.8147987365722656,0.8737813596372251,3,0.0032610944504537,0.7279089609781901,59.96002664890073
flipped_part_005.mp4,2906,0,8,0.0188060236055322,0.8149853388468424,0.8774009139449508,3,0.0032780204648022,0.7281988779703776,59.96002664890073
flipped_part_005.mp4,2907,0,9,0.0152858884720495,0.7551908493041992,0.7878409544626872,3,0.0031350599232246,0.7282217661539714,59.96002664890073
flipped_part_005.mp4,2908,0,10,0.0157508052741129,0.8431671778361003,0.9228084537718032,4,0.0031346251968029,0.7285032272338867,59.96002664890073
flipped_part_005.mp4,2909,0,9,0.0152475147984107,0.8535364786783854,0.9253524992201064,4,0.0031717209569426,0.7292842229207357,59.96002664890073
flipped_part_005.mp4,2910,0,11,0.0176437286465887,0.8582607905069987,0.9158066361038774,4,0.0032835506546393,0.7295225779215495,59.96002664890073
flipped_part_005.mp4,2911,0,8,0.0190584989868815,0.8599962870279948,0.9102153248257108,4,0.0034564318114037,0.7293642044067383,59.96002664890073
flipped_part_005.mp4,2912,0,10,0.0188839671811001,0.8603331247965494,0.9096397823757596,4,0.0034143971898743,0.7293302536010742,59.96002664890073
flipped_part_005.mp4,2913,0,9,0.0198664332695746,0.8628791809082031,0.9063011487325032,3,0.0033527008451831,0.7300945917765299,59.96002664890073
flipped_part_005.mp4,2914,0,8,0.0212606617219299,0.8730131149291992,0.9051576225845902,2,0.0033589231474616,0.7296648025512695,59.96002664890073
flipped_part_005.mp4,2915,0,13,0.0238695554398738,0.8143341700236003,0.859794263486509,3,0.0033338082008197,0.7289406458536783,59.96002664890073
flipped_part_005.mp4,2916,0,9,0.0214832214825037,0.8701526641845703,0.9037205908033584,1,0.0033126737581915,0.728590456644694,59.96002664890073
flipped_part_005.mp4,2917,0,10,0.0214314785430785,0.867430305480957,0.9018219100104438,1,0.0033989849421885,0.7284607569376628,59.96002664890073
flipped_part_005.mp4,2918,0,12,0.021005661334868,0.8634429931640625,0.902262924335621,2,0.0034531011982148,0.7309349695841472,59.96002664890073
flipped_part_005.mp4,2919,0,10,0.0208869079403302,0.8614093780517578,0.9011507069623028,2,0.00334050630423,0.7304075876871745,59.96002664890073
flipped_part_005.mp4,2920,0,9,0.0219808010566595,0.853026008605957,0.8923851684287742,2,0.0032172881444502,0.7307022094726563,59.96002664890073
flipped_part_005.mp4,2921,0,8,0.0225222625234891,0.8532146453857422,0.8893690250538013,2,0.0032249342180633,0.7308300654093425,59.96002664890073
flipped_part_005.mp4,2922,0,10,0.0232869995879082,0.8513565063476562,0.8861391067504882,2,0.0032149642564602,0.7316757202148437,59.96002664890073
flipped_part_005.mp4,2923,0,10,0.0240772016711707,0.8499835968017578,0.8807153489854601,1,0.0032246584513039,0.7285945892333985,59.96002664890073
flipped_part_005.mp4,2924,0,8,0.0247021149002008,0.8478170394897461,0.875688107808431,1,0.0033172639750409,0.7285118738810221,59.96002664890073
flipped_part_005.mp4,2925,0,9,0.02458386123191,0.8439311981201172,0.8751040688267461,2,0.0033401578580701,0.7312688827514648,59.96002664890073
flipped_part_005.mp4,2926,0,8,0.0249950708081693,0.8420458475748698,0.8703984825699418,2,0.0034756729755921,0.7314563751220703,59.96002664890073
flipped_part_005.mp4,2927,0,8,0.0239533638927951,0.8395624796549479,0.8734996442441587,2,0.0033731129611583,0.730609130859375,59.96002664890073
flipped_part_005.mp4,2928,0,10,0.0243806992979497,0.8384162902832031,0.8720273971557617,2,0.0034717655663553,0.7302539825439454,59.96002664890073
flipped_part_005.mp4,2929,0,11,0.0253442517807471,0.8375967661539714,0.8660626552723072,2,0.0035257240795504,0.7306169509887696,59.96002664890073
flipped_part_005.mp4,2930,0,10,0.0270517283265966,0.8376974741617839,0.8587864840472186,2,0.0035516632649847,0.730770492553711,59.96002664890073
flipped_part_005.mp4,2931,0,11,0.0266482431492207,0.8370044708251954,0.8596851631447121,2,0.0036009016427366,0.7307432810465495,59.96002664890073
flipped_part_005.mp4,2932,0,9,0.0262112158284826,0.8373407363891602,0.860962599295157,1,0.003625877146982,0.7310127894083659,59.96002664890073
flipped_part_005.mp4,2933,0,6,0.026133446583035,0.837080446879069,0.8609596305423313,1,0.003598359988472,0.7310784022013347,59.96002664890073
flipped_part_005.mp4,2934,0,6,0.0284614944872252,0.8366799036661784,0.848321533203125,1,0.003625106185597,0.7313154856363933,59.96002664890073
flipped_part_005.mp4,2935,0,3,0.0296816540364691,0.8365898768107096,0.8397221900798656,1,0.0036682209892616,0.7314123789469401,59.96002664890073
flipped_part_005.mp4,2936,0,5,0.0319337196726792,0.8379169464111328,0.8302028708987765,1,0.0037104276624449,0.7312015533447266,59.96002664890073
flipped_part_005.mp4,2937,0,4,0.0302165948861834,0.8376253128051758,0.8388381110297309,1,0.0037394456814469,0.7314006169637044,59.96002664890073
flipped_part_005.mp4,2938,0,7,0.0300286509603284,0.8384403864542643,0.8407032030600089,1,0.0038072424356586,0.7316127777099609,59.96002664890073
flipped_part_005.mp4,2939,0,5,0.0299470238704866,0.8389163970947265,0.840623426437378,1,0.0038621371307638,0.7315187454223633,59.96002664890073
flipped_part_005.mp4,2940,0,6,0.0310380919711143,0.839415168762207,0.8344992690616184,2,0.0038963190017212,0.7314965565999348,59.96002664890073
flipped_part_005.mp4,2941,0,5,0.0309294352505478,0.8387203216552734,0.8347033235761855,1,0.0038660913016065,0.7314480463663737,59.96002664890073
flipped_part_005.mp4,2942,0,5,0.0306233455217147,0.8391310373942057,0.837210895397045,1,0.0038496150890649,0.7314658482869466,59.96002664890073
flipped_part_005.mp4,2943,0,8,0.0316093573619825,0.8421380996704102,0.8350815878974067,2,0.0038836173635597,0.7313627243041992,59.96002664890073
flipped_part_005.mp4,2944,0,10,0.0319573968976139,0.8452315012613932,0.8355943891737196,2,0.0039593969729644,0.7315145492553711,59.96002664890073
flipped_part_005.mp4,2945,0,8,0.0330442045805648,0.8498828887939454,0.8323917865753174,2,0.004458250235273,0.7315731684366862,59.96002664890073
flipped_part_005.mp4,2946,0,8,0.032227586106485,0.8486529032389323,0.8351256052652994,2,0.0039487103664389,0.7315769831339518,59.96002664890073
flipped_part_005.mp4,2947,0,5,0.033109511154064,0.8516487757364909,0.8337556838989257,2,0.0039262950893855,0.731599998474121,59.96002664890073
flipped_part_005.mp4,2948,0,9,0.0351655175512159,0.8620617548624675,0.8325582928127713,3,0.0038680497028205,0.7315887451171875,59.96002664890073
flipped_part_005.mp4,2949,0,9,0.0357054244894557,0.8665691375732422,0.8323979554352937,3,0.003893789306878,0.7331919352213542,59.96002664890073
flipped_part_005.mp4,2950,0,9,0.0360333084108828,0.8675772349039713,0.8323601404825847,4,0.003902164315158,0.736760965983073,59.96002664890073
flipped_part_005.mp4,2951,0,7,0.0380127371600156,0.8709159851074219,0.8246412012312148,4,0.0040181973390281,0.7338503519694011,59.96002664890073
flipped_part_005.mp4,2952,0,9,0.0376726384458864,0.871150016784668,0.825078386730618,4,0.0040851504280322,0.7336706161499024,59.96002664890073
flipped_part_005.mp4,2953,0,9,0.0368924500912059,0.8686687469482421,0.8271519343058268,4,0.0040843203259606,0.7334295272827148,59.96002664890073
flipped_part_005.mp4,2954,0,9,0.0367311385358738,0.8659401575724284,0.8262587865193685,5,0.0040947491424028,0.7360908508300781,59.96002664890073
flipped_part_005.mp4,2955,0,8,0.0370246652414792,0.8644092559814454,0.8237280898623996,4,0.0041493997355509,0.7343633651733399,59.96002664890073
flipped_part_005.mp4,2956,0,6,0.0376552151678414,0.8618253707885742,0.8182522243923611,3,0.0042782573363661,0.7340235392252604,59.96002664890073
flipped_part_005.mp4,2957,0,5,0.0371644372884475,0.8590084711710612,0.8174942440456814,2,0.0043161399428208,0.733594004313151,59.96002664890073
flipped_part_005.mp4,2958,0,8,0.0372983266036155,0.8565304438273112,0.814073732164171,4,0.0042619685344915,0.7326229731241862,59.96002664890073
flipped_part_005.mp4,2959,0,7,0.0374084408204577,0.8544621149698893,0.8119673622979058,3,0.0041747183358888,0.7317321141560872,59.96002664890073
flipped_part_005.mp4,2960,0,7,0.0362853653333877,0.8516417185465495,0.8145912594265408,5,0.0042938352447526,0.7349920272827148,59.96002664890073
flipped_part_005.mp4,2961,0,8,0.0359240652941123,0.8483116149902343,0.8129580391777886,5,0.0043471825663841,0.7338542938232422,59.96002664890073
flipped_part_005.mp4,2962,0,6,0.0358522195745845,0.8470398585001627,0.8131144488299334,2,0.0044056739041493,0.7330774943033854,59.96002664890073
flipped_part_005.mp4,2963,0,7,0.0354765704346937,0.8445297876993815,0.8122884962293837,4,0.0044152393111208,0.7333196640014649,59.96002664890073
flipped_part_005.mp4,2964,0,7,0.0352838219324581,0.8425512313842773,0.8120779743901005,4,0.0045127132262374,0.7335045496622722,59.96002664890073
flipped_part_005.mp4,2965,0,8,0.0341484691375458,0.8385241190592448,0.8127826337461118,5,0.0046072583876203,0.7334494272867839,59.96002664890073
flipped_part_005.mp4,2966,0,9,0.0336063413719198,0.8356533686319987,0.8123951170179579,6,0.0046130717424643,0.7334704081217448,59.96002664890073
flipped_part_005.mp4,2967,0,10,0.0333168603827248,0.8327608108520508,0.8103321993792498,7,0.0049313691313727,0.7334734598795573,59.96002664890073
flipped_part_005.mp4,2968,0,8,0.0331946602112589,0.8299843470255533,0.809557709870515,5,0.00490718472348,0.7336427688598632,59.96002664890073
flipped_part_005.mp4,2969,0,9,0.0331025537900131,0.8278278350830078,0.808287239074707,5,0.0048438862545622,0.7339569727579752,59.96002664890073
flipped_part_005.mp4,2970,0,8,0.0329214633599137,0.8261678695678711,0.8078576405843099,6,0.0048503853516497,0.7337952295939127,59.96002664890073
flipped_part_005.mp4,2971,0,8,0.0333419669496733,0.8218114852905274,0.7982537587483723,5,0.004893399739376,0.733836555480957,59.96002664890073
flipped_part_005.mp4,2972,0,10,0.0329444599466822,0.8203953425089519,0.7993008507622613,8,0.0048151130895739,0.7336323420206706,59.96002664890073
flipped_part_005.mp4,2973,0,9,0.0321659155512248,0.8165437698364257,0.7995909443608037,8,0.004990361370254,0.7342554728190104,59.96002664890073
flipped_part_005.mp4,2974,0,9,0.0321382958016329,0.8153322855631511,0.7992181989881727,8,0.0050077731058182,0.7344907760620117,59.96002664890073
flipped_part_005.mp4,2975,0,8,0.0318287841732025,0.8141934076944987,0.7990024566650391,7,0.0049930576404504,0.7346328099568685,59.96002664890073
flipped_part_005.mp4,2976,0,9,0.0313895497786385,0.8118522644042969,0.7974058998955621,8,0.0050274024743272,0.7352470397949219,59.96002664890073
flipped_part_005.mp4,2977,0,8,0.0312067159700382,0.8096609115600586,0.795383898417155,6,0.0050476405196492,0.7353062947591146,59.96002664890073
flipped_part_005.mp4,2978,0,7,0.030542911621657,0.8064062118530273,0.7955799597280997,5,0.0050400491903538,0.7353256225585938,59.96002664890073
flipped_part_005.mp4,2979,0,7,0.0306415987579748,0.8064505259195963,0.7950521045260959,6,0.005083788624486,0.7355990091959635,59.96002664890073
flipped_part_005.mp4,2980,0,7,0.0301685401868383,0.8046321868896484,0.7957880232069228,6,0.0051975847885154,0.736146354675293,59.96002664890073
flipped_part_005.mp4,2981,0,5,0.0301203289798245,0.8034196853637695,0.794654189215766,4,0.0052831427874237,0.7362911224365234,59.96002664890073
flipped_part_005.mp4,2982,0,4,0.0301240025088074,0.8029212951660156,0.7950282273469148,3,0.0053507969061805,0.7365201950073242,59.96002664890073
flipped_part_005.mp4,2983,0,4,0.0304472104359107,0.8029077529907227,0.7916995578342014,3,0.0054730801854712,0.7369238535563151,59.96002664890073
flipped_part_005.mp4,2984,0,5,0.0298715656421942,0.8037467956542969,0.7943207846747504,4,0.0055802011792116,0.7373603185017904,59.96002664890073
flipped_part_005.mp4,2985,0,5,0.0302380422087177,0.8039958953857422,0.7934346163714373,4,0.0056850166310323,0.7374350229899088,59.96002664890073
flipped_part_005.mp4,2986,0,4,0.0296620696427635,0.8032000223795573,0.795292854309082,3,0.0056632063246151,0.737428347269694,59.96002664890073
flipped_part_005.mp4,2987,0,4,0.0282337889493768,0.7973480860392252,0.7971493261831778,3,0.0057035720834392,0.7377621332804362,59.96002664890073
flipped_part_005.mp4,2988,0,4,0.0276207323628765,0.7934915542602539,0.7982406898781106,3,0.005732349519288,0.7381388346354166,59.96002664890073
flipped_part_005.mp4,2989,0,4,0.027527940056107,0.793376350402832,0.797745309052644,3,0.0057844976702795,0.7386809666951497,59.96002664890073
flipped_part_005.mp4,2990,0,5,0.0277478633396579,0.791862678527832,0.7956028832329645,4,0.0058172178815746,0.7382051467895507,59.96002664890073
flipped_part_005.mp4,2991,0,5,0.0269919280500026,0.7897209167480469,0.7939017048588506,4,0.0058355659882848,0.7380484263102214,59.96002664890073
flipped_part_005.mp4,2992,0,7,0.0240334859373979,0.7886803309122722,0.8022783067491319,4,0.0058462564768463,0.7383392969767253,59.96002664890073
flipped_part_005.mp4,2993,0,8,0.0223903233039891,0.7872211456298828,0.7826599968804253,4,0.0059198723323061,0.7383848190307617,59.96002664890073
flipped_part_005.mp4,2994,0,8,0.020200780434189,0.7519867579142253,0.8334165219907408,4,0.0060007615688826,0.7385715484619141,59.96002664890073
flipped_part_005.mp4,2995,0,9,0.0251615034085329,0.7852959314982096,0.79079611742938,5,0.0061156591327744,0.7390955607096354,59.96002664890073
flipped_part_005.mp4,2996,0,7,0.023380260312515,0.7740024566650391,0.7885533862643772,4,0.0063718847817519,0.7396040598551432,59.96002664890073
flipped_part_005.mp4,2997,0,8,0.0194767800952225,0.7857231140136719,0.8375685162014431,4,0.0065047493780353,0.7399026870727539,59.96002664890073
flipped_part_005.mp4,2998,0,7,0.0195325881398093,0.7849580764770507,0.8388526280721028,3,0.0066071737512053,0.7403086344401042,59.96002664890073
flipped_part_005.mp4,2999,0,7,0.0187306023880551,0.7583961486816406,0.7764614741007487,4,0.0067134570409123,0.7406847635904948,59.96002664890073
flipped_part_005.mp4,3000,0,10,0.0185657174483316,0.756019655863444,0.7776259528266058,7,0.0066958733852111,0.740715217590332,59.96002664890073
flipped_part_005.mp4,3001,0,11,0.0220685528719763,0.7732060114542644,0.7943197462293837,7,0.0066365687736995,0.7409701029459635,59.96002664890073
flipped_part_005.mp4,3002,0,10,0.0144812281404665,0.749693489074707,0.7532976998223199,6,0.0068436071203581,0.7408867518107096,59.96002664890073
flipped_part_005.mp4,3003,0,7,0.014178017591912,0.7481858571370442,0.7478793250189887,3,0.0068427279424213,0.741032600402832,59.96002664890073
flipped_part_005.mp4,3004,0,7,0.0138046139596796,0.7467805862426757,0.7455992380777995,3,0.0066172059051933,0.741281255086263,59.96002664890073
flipped_part_005.mp4,3005,0,8,0.01421747660114,0.7476961135864257,0.745294839364511,4,0.0068122046749825,0.7414518356323242,59.96002664890073
flipped_part_005.mp4,3006,0,9,0.0150214788011281,0.7682348251342773,0.7726314968532986,4,0.0068364856619155,0.7416302363077799,59.96002664890073
flipped_part_005.mp4,3007,0,7,0.0145736524653451,0.7673081715901693,0.7746926696212203,3,0.0068783653061836,0.7417002360026042,59.96002664890073
flipped_part_005.mp4,3008,0,8,0.0140367977395039,0.7630191167195638,0.7714221742418077,3,0.0068374282571312,0.7417713165283203,59.96002664890073
flipped_part_005.mp4,3009,0,9,0.0133516302851596,0.7639152526855468,0.7762809329562717,3,0.006960775085727,0.7421793619791667,59.96002664890073
flipped_part_005.mp4,3010,0,9,0.0135529292051473,0.7606231689453125,0.7528636296590169,4,0.0071771264613683,0.7424641927083333,59.96002664890073
flipped_part_005.mp4,3011,0,11,0.0131217615627941,0.8047277450561523,0.909459838160762,6,0.007388642215627,0.74269224802653,59.96002664890073
flipped_part_005.mp4,3012,0,8,0.0134343273255035,0.8034948348999024,0.9064888106452094,3,0.0074600134354356,0.7427629470825196,59.96002664890073
flipped_part_005.mp4,3013,0,9,0.0136842397702821,0.8027697245279948,0.905737124549018,3,0.007437281354311,0.7430112838745118,59.96002664890073
flipped_part_005.mp4,3014,0,8,0.0139408305095733,0.8029378890991211,0.9048014676129376,4,0.0075005564807603,0.7432422637939453,59.96002664890073
flipped_part_005.mp4,3015,0,9,0.0138033354988191,0.8010573069254557,0.9052274103517886,5,0.0076197293471907,0.7435379028320312,59.96002664890073
flipped_part_005.mp4,3016,0,9,0.0141309323910347,0.7999666849772136,0.9016812960306804,5,0.0076672618899222,0.7435799280802409,59.96002664890073
flipped_part_005.mp4,3017,0,8,0.0140712719989029,0.7988444010416667,0.9010183581599482,4,0.007865609807858,0.7434291839599609,59.96002664890073
flipped_part_005.mp4,3018,0,8,0.0141409158466504,0.798185157775879,0.9002794901529948,4,0.0078943434963487,0.7432477951049805,59.96002664890073
flipped_part_005.mp4,3019,0,8,0.0143580125900011,0.7983748118082682,0.8989244284453215,5,0.0080189214356801,0.7433817545572917,59.96002664890073
flipped_part_005.mp4,3020,0,12,0.0146677108214539,0.7971804300944011,0.8957931730482314,5,0.0079788541565196,0.74403076171875,59.96002664890073
flipped_part_005.mp4,3021,0,9,0.0145881787544095,0.7965487162272136,0.8945284031055591,5,0.0083382320853329,0.745022964477539,59.96002664890073
flipped_part_005.mp4,3022,0,7,0.0148020618717419,0.7957907358805338,0.891954411400689,3,0.0083885973792995,0.7457105000813802,59.96002664890073
flipped_part_005.mp4,3023,0,7,0.0149163610269304,0.7960803985595704,0.8911257143373843,4,0.0084217436246399,0.7460683822631836,59.96002664890073
flipped_part_005.mp4,3024,0,6,0.0154008993761972,0.7948835372924805,0.8908132588421857,4,0.0083670003481933,0.7460578918457031,59.96002664890073
flipped_part_005.mp4,3025,0,7,0.0157453934510886,0.7954671859741211,0.8880645804935031,4,0.008385125285713,0.746685282389323,59.96002664890073
flipped_part_005.mp4,3026,0,8,0.0159017483893937,0.7964409510294597,0.8878394232855903,3,0.0085501931151763,0.7471939086914062,59.96002664890073
flipped_part_005.mp4,3027,0,8,0.0160189660918641,0.7959307352701823,0.886755010816786,3,0.0089151024094166,0.7479279836018881,59.96002664890073
flipped_part_005.mp4,3028,0,7,0.0161719160449508,0.795238176981608,0.8853132707101328,3,0.0090912645477887,0.7483034133911133,59.96002664890073
flipped_part_005.mp4,3029,0,9,0.0166014021213858,0.799684206644694,0.8850867801242405,3,0.0091710885917321,0.7485832214355469,59.96002664890073
flipped_part_005.mp4,3030,0,8,0.0169402073898699,0.8026623407999675,0.885217195087009,3,0.0090715356157549,0.7486472447713216,59.96002664890073
flipped_part_005.mp4,3031,0,9,0.0176244407785297,0.8102399826049804,0.8862125220122161,4,0.0091775644348268,0.7488967259724935,59.96002664890073
flipped_part_005.mp4,3032,0,7,0.0178128014778209,0.8110792160034179,0.8849439020510073,3,0.0091761798597872,0.7488536834716797,59.96002664890073
flipped_part_005.mp4,3033,0,7,0.0185441545577567,0.815684954325358,0.8836985482109918,3,0.0092772253986752,0.7490185419718425,59.96002664890073
flipped_part_005.mp4,3034,0,6,0.0187351996031977,0.815306282043457,0.8823003380386918,3,0.0096399267092541,0.7502910614013671,59.96002664890073
flipped_part_005.mp4,3035,0,8,0.0189412870421909,0.8151332855224609,0.8807152854071723,4,0.0097546384246217,0.7512550989786784,59.96002664890073
flipped_part_005.mp4,3036,0,7,0.0189614221962956,0.8149158477783203,0.8799956463001393,4,0.009924036146258,0.7512590408325195,59.96002664890073
flipped_part_005.mp4,3037,0,7,0.0187098395312016,0.8143911361694336,0.880718994140625,4,0.0100816430257152,0.7518038431803385,59.96002664890073
flipped_part_005.mp4,3038,0,7,0.0188960710238865,0.8132431030273437,0.8790290267379196,3,0.0102742828067678,0.7522963841756185,59.96002664890073
flipped_part_005.mp4,3039,0,9,0.0159951416684877,0.7915277481079102,0.8806882434421115,4,0.0102116844349075,0.752597427368164,59.96002664890073
flipped_part_005.mp4,3040,0,7,0.0151879300221076,0.7834646860758464,0.8794570922851562,3,0.0102142158016795,0.7530513763427734,59.96002664890073
flipped_part_005.mp4,3041,0,6,0.0167314779318015,0.7997358322143555,0.8800307379828559,2,0.0103712973748312,0.7538394927978516,59.96002664890073
flipped_part_005.mp4,3042,0,9,0.0140836363387279,0.7769176483154296,0.8779317961798774,3,0.0105631889315716,0.7543741226196289,59.96002664890073
flipped_part_005.mp4,3043,0,10,0.0126783163912956,0.7650186538696289,0.8717840530254223,2,0.0105428910694468,0.7543121337890625,59.96002664890073
flipped_part_005.mp4,3044,0,8,0.013268027953907,0.7547821044921875,0.8166025797526042,3,0.010750681210791,0.7550447463989258,59.96002664890073
flipped_part_005.mp4,3045,0,8,0.0120342861400826,0.7643770217895508,0.8636771590621383,3,0.0108167565794428,0.7547789255777995,59.96002664890073
flipped_part_005.mp4,3046,0,8,0.010959417695477,0.7550663630167643,0.1982153998480902,3,0.010959417695477,0.7550663630167643,59.96002664890073
flipped_part_005.mp4,3047,0,7,0.0109045189263997,0.7544919967651367,0.1939054701063368,3,0.0109045189263997,0.7544919967651367,59.96002664890073
flipped_part_005.mp4,3048,0,8,0.0109778557064904,0.7546909332275391,0.1923484237105758,3,0.0109778557064904,0.7546909332275391,59.96002664890073
flipped_part_005.mp4,3049,0,10,0.0115394968352726,0.7596840540568034,0.803346930609809,5,0.0111218724301498,0.7551607131958008,59.96002664890073
flipped_part_005.mp4,3050,0,12,0.0130652270872072,0.7963003158569336,0.9074582002781056,4,0.0111538680363446,0.755803108215332,59.96002664890073
flipped_part_005.mp4,3051,0,9,0.0162156547107012,0.7963027318318685,0.8821574687957764,3,0.0113000409651754,0.756396738688151,59.96002664890073
flipped_part_005.mp4,3052,0,8,0.0120412333646082,0.795965067545573,0.9106956799825032,3,0.0114567204067242,0.7571228663126628,59.96002664890073
flipped_part_005.mp4,3053,0,6,0.0117571833619364,0.7578592936197917,0.1850246853298611,3,0.0117571833619364,0.7578592936197917,59.96002664890073
flipped_part_005.mp4,3054,0,3,0.0121073020272888,0.7594888051350911,0.182826656765408,2,0.0121073020272888,0.7594888051350911,59.96002664890073
flipped_part_005.mp4,3055,0,3,0.0124300004381802,0.7608624140421549,0.180511983235677,2,0.0124300004381802,0.7608624140421549,59.96002664890073
flipped_part_005.mp4,3056,0,3,0.0127934242669855,0.7624883015950521,0.178924814860026,2,0.0127934242669855,0.7624883015950521,59.96002664890073
flipped_part_005.mp4,3057,0,3,0.0129401797562604,0.7629608154296875,0.1764199150933159,2,0.0129401797562604,0.7629608154296875,59.96002664890073
flipped_part_005.mp4,3058,0,4,0.0130309794750711,0.7634506225585938,0.1751149778012876,3,0.0130309794750711,0.7634506225585938,59.96002664890073
flipped_part_005.mp4,3059,0,4,0.0131820566964355,0.7637729644775391,0.1727199695728443,3,0.0131820566964355,0.7637729644775391,59.96002664890073
flipped_part_005.mp4,3060,0,4,0.0134187430885504,0.7647745132446289,0.1713244120279947,3,0.0134187430885504,0.7647745132446289,59.96002664890073
flipped_part_005.mp4,3061,0,5,0.0136319855429098,0.7651741027832031,0.1692411634657118,4,0.0136319855429098,0.7651741027832031,59.96002664890073
flipped_part_005.mp4,3062,0,4,0.013782232660936,0.7653479258219401,0.1667434692382812,3,0.013782232660936,0.7653479258219401,59.96002664890073
flipped_part_005.mp4,3063,0,4,0.014157523393342,0.7665377298990885,0.1631629661277488,3,0.014157523393342,0.7665377298990885,59.96002664890073
flipped_part_005.mp4,3064,0,5,0.0141924951109103,0.7661097208658855,0.1614610460069444,3,0.0141924951109103,0.7661097208658855,59.96002664890073
flipped_part_005.mp4,3065,0,8,0.0146545825627281,0.7673038482666016,0.1571747108742043,4,0.0146545825627281,0.7673038482666016,59.96002664890073
flipped_part_005.mp4,3066,0,6,0.014878200958853,0.7676644007364909,0.1552228574399594,4,0.014878200958853,0.7676644007364909,59.96002664890073
flipped_part_005.mp4,3067,0,6,0.0149637916928622,0.7680536905924479,0.1532818264431423,3,0.0149637916928622,0.7680536905924479,59.96002664890073
flipped_part_005.mp4,3068,0,4,0.0151104527285497,0.7685551325480143,0.1515481171784577,3,0.0151104527285497,0.7685551325480143,59.96002664890073
flipped_part_005.mp4,3069,0,4,0.0155812678290035,0.770047124226888,0.147951422797309,3,0.0155812678290035,0.770047124226888,59.96002664890073
flipped_part_005.mp4,3070,0,7,0.0158069176669555,0.7704775492350261,0.1457992553710937,4,0.0158069176669555,0.7704775492350261,59.96002664890073
flipped_part_005.mp4,3071,0,9,0.0160421607476755,0.7717475891113281,0.141289633291739,6,0.0160421607476755,0.7717475891113281,59.96002664890073
flipped_part_005.mp4,3072,0,6,0.0159403832144259,0.7710309982299804,0.1414991590711805,4,0.0159403832144259,0.7710309982299804,59.96002664890073
flipped_part_005.mp4,3073,0,5,0.0165024996711872,0.7727802912394206,0.1330789636682581,3,0.0165024996711872,0.7727802912394206,59.96002664890073
flipped_part_005.mp4,3074,0,6,0.0168216636136801,0.7730920791625977,0.1286943506311487,4,0.0168216636136801,0.7730920791625977,59.96002664890073
flipped_part_005.mp4,3075,0,5,0.0171729527558699,0.7740943908691407,0.1255981727882668,4,0.0171729527558699,0.7740943908691407,59.96002664890073
flipped_part_005.mp4,3076,0,9,0.017079854232078,0.7745716094970703,0.1240286367910879,5,0.017079854232078,0.7745716094970703,59.96002664890073
flipped_part_005.mp4,3077,0,8,0.0173932814367462,0.7756813685099284,0.12159669664171,6,0.0173932814367462,0.7756813685099284,59.96002664890073
flipped_part_005.mp4,3078,0,4,0.0177677409134695,0.7768491744995117,0.117565268057364,3,0.0177677409134695,0.7768491744995117,59.96002664890073
flipped_part_005.mp4,3079,0,5,0.0178806663748418,0.7778024037679037,0.1125389381691261,3,0.0178806663748418,0.7778024037679037,59.96002664890073
flipped_part_005.mp4,3080,0,3,0.0183934846674243,0.7782382965087891,0.1086727848759404,2,0.0183934846674243,0.7782382965087891,59.96002664890073
flipped_part_005.mp4,3081,0,5,0.0182103056215392,0.7775686899820964,0.1060998139558015,3,0.0182103056215392,0.7775686899820964,59.96002664890073
flipped_part_005.mp4,3082,0,5,0.0186183985030813,0.7783674240112305,0.1008141694245515,3,0.0186183985030813,0.7783674240112305,59.96002664890073
flipped_part_005.mp4,3083,0,6,0.0190704530943831,0.7791531244913737,0.096144132260923,3,0.0190704530943831,0.7791531244913737,59.96002664890073
flipped_part_005.mp4,3084,0,7,0.1152049992290994,0.8857620239257813,0.8095357965540003,3,0.0193420645401864,0.780061912536621,59.96002664890073
flipped_part_005.mp4,3085,0,8,0.1159753566944952,0.8896095275878906,0.8104104783799914,3,0.0197016966870927,0.781225077311198,59.96002664890073
flipped_part_005.mp4,3086,0,7,0.117698513578978,0.897686767578125,0.8094087035567672,3,0.0200737363000326,0.7821762084960937,59.96002664890073
flipped_part_005.mp4,3087,0,8,0.1144635775586694,0.8988849639892578,0.8142344227543583,4,0.0205011690669117,0.7841073354085286,59.96002664890073
flipped_part_005.mp4,3088,0,8,0.1187998652209997,0.9001718521118164,0.8106485225536205,4,0.0206160157135929,0.7834938049316407,59.96002664890073
flipped_part_005.mp4,3089,0,7,0.1208979707097427,0.8990287780761719,0.8081285264756944,4,0.0212648600010369,0.7850560506184896,59.96002664890073
flipped_part_005.mp4,3090,0,8,0.1195351577399928,0.8973756790161133,0.8086710046838831,4,0.0216916483555838,0.7854269027709961,59.96002664890073
flipped_part_005.mp4,3091,0,4,0.0219238069419386,0.7864458719889323,0.0626282020851417,3,0.0219238069419386,0.7864458719889323,59.96002664890073
flipped_part_005.mp4,3092,0,6,0.1208205376189046,0.8950682322184245,0.8046795739067926,3,0.0223873788296865,0.7873142242431641,59.96002664890073
flipped_part_005.mp4,3093,0,5,0.1181399097614458,0.893634287516276,0.8095531887478299,2,0.023041975562271,0.7888501485188802,59.96002664890073
flipped_part_005.mp4,3094,0,4,0.1180330113157339,0.8886308670043945,0.8079858850549768,2,0.0238131556019383,0.7909152984619141,59.96002664890073
flipped_part_005.mp4,3095,0,3,0.1183009166042271,0.8865196228027343,0.8071450551350912,2,0.0241053640296094,0.7908886591593425,59.96002664890073
flipped_part_005.mp4,3096,0,3,0.1389580753571149,0.8822612762451172,0.8005608311405888,2,0.0249076643078458,0.792157236735026,59.96002664890073
flipped_part_005.mp4,3097,0,4,0.1354142117049663,0.8795704523722331,0.7986573395905672,3,0.0251019524838678,0.7929584503173828,59.96002664890073
flipped_part_005.mp4,3098,0,4,0.1298741521023179,0.8755131403605143,0.7995992872450087,3,0.0257004340156843,0.79404296875,59.96002664890073
flipped_part_005.mp4,3099,0,5,0.1200571750357812,0.8713627497355143,0.8051563262939453,3,0.0261629680409613,0.7948980331420898,59.96002664890073
flipped_part_005.mp4,3100,0,5,0.1156469235172806,0.8669973373413086,0.8061318150273076,3,0.0272767051387765,0.7966152826944987,59.96002664890073
flipped_part_005.mp4,3101,0,5,0.1077558773298014,0.8652186075846354,0.8131046577736184,3,0.0280930717283088,0.797484016418457,59.96002664890073
flipped_part_005.mp4,3102,0,4,0.1045140395046487,0.8606167475382487,0.8137924618191189,3,0.028147557437699,0.7978878021240234,59.96002664890073
flipped_part_005.mp4,3103,0,3,0.1025777251730979,0.8571966807047526,0.8113452770091869,2,0.0282775775191246,0.7992681503295899,59.96002664890073
flipped_part_005.mp4,3104,0,3,0.1021028714694431,0.8561594009399414,0.8050231721666125,2,0.0290989202615175,0.8016168594360351,59.96002664890073
flipped_part_005.mp4,3105,0,5,0.1020458906505006,0.8527482986450196,0.8010173656322338,3,0.030092483067678,0.8031936645507812,59.96002664890073
flipped_part_005.mp4,3106,0,6,0.0951737343003993,0.8508283615112304,0.8054004669189453,3,0.0306474875263585,0.8034521102905273,59.96002664890073
flipped_part_005.mp4,3107,0,6,0.0958377686641189,0.8468575159708659,0.8060035564281323,3,0.0309921967290898,0.8043111801147461,59.96002664890073
flipped_part_005.mp4,3108,0,5,0.0933491168826596,0.842901102701823,0.8023705164591471,3,0.0317355476305669,0.8050666809082031,59.96002664890073
flipped_part_005.mp4,3109,0,6,0.1005212478846536,0.8416412989298503,0.8003657870822483,3,0.032322853328078,0.8062636057535807,59.96002664890073
flipped_part_005.mp4,3110,0,5,0.0977992262390769,0.8397459030151367,0.8012237195615415,3,0.0331243351640026,0.8079624811808268,59.96002664890073
flipped_part_005.mp4,3111,0,5,0.0940709475660535,0.8394573211669922,0.8032219780815972,2,0.034112871516008,0.8094433466593425,59.96002664890073
flipped_part_005.mp4,3112,0,5,0.0886990248032573,0.838612174987793,0.812122090657552,2,0.0356460471067111,0.8119749704996745,59.96002664890073
flipped_part_005.mp4,3113,0,4,0.0866331734565863,0.8382114410400391,0.814727599532516,2,0.0369720554832989,0.8145980834960938,59.96002664890073
flipped_part_005.mp4,3114,0,4,0.088626389185119,0.8376974741617839,0.8074326691804109,2,0.0385313430990747,0.8170145670572917,59.96002664890073
flipped_part_005.mp4,3115,0,4,0.088401855448443,0.837801996866862,0.8053604973687066,2,0.0387733834174287,0.8173290252685547,59.96002664890073
flipped_part_005.mp4,3116,0,4,0.0821238295302262,0.837896219889323,0.8145997365315755,2,0.0398044499630944,0.8194711685180665,59.96002664890073
flipped_part_005.mp4,3117,0,4,0.0799994123337334,0.8386680603027343,0.8176389482286242,2,0.0402741050872093,0.8201496760050456,59.96002664890073
flipped_part_005.mp4,3118,0,4,0.0794055782846408,0.8391763687133789,0.8160766036422165,2,0.0413742675449207,0.8219676971435547,59.96002664890073
flipped_part_005.mp4,3119,0,4,0.0791554284760059,0.838960075378418,0.8156635284423828,2,0.0416321494806713,0.8217060089111328,59.96002664890073
flipped_part_005.mp4,3120,1,5,0.0780536706909549,0.8393087387084961,0.8156090489140263,3,0.043659547214047,0.825344467163086,59.96002664890073
flipped_part_005.mp4,3121,1,5,0.0783095102614175,0.8397768656412761,0.8149797227647569,3,0.0455917728594957,0.8286506652832031,59.96002664890073
flipped_part_005.mp4,3122,1,6,0.0791855033929825,0.8400112787882487,0.8052378407231083,3,0.0464783583641918,0.8300100326538086,59.96002664890073
flipped_part_005.mp4,3123,1,6,0.0751882558500945,0.8405708948771159,0.8125345300745082,3,0.0477081721168468,0.8319181442260742,59.96002664890073
flipped_part_005.mp4,3124,1,5,0.0741554786902027,0.8408729553222656,0.8160897572835286,3,0.047607611076995,0.830670420328776,59.96002664890073
flipped_part_005.mp4,3125,1,5,0.0716968826806489,0.8405790328979492,0.8180638277972186,2,0.0489061412517912,0.8329351425170899,59.96002664890073
flipped_part_005.mp4,3126,1,6,0.073532786644274,0.8414970397949219,0.8143902248806424,3,0.0518649765090473,0.8380231857299805,59.96002664890073
flipped_part_005.mp4,3127,1,5,0.0749137319107494,0.842330805460612,0.8061844295925564,2,0.0535044081596748,0.8409877777099609,59.96002664890073
flipped_part_005.mp4,3128,1,4,0.0725596679778061,0.8429871241251627,0.8122310002644857,2,0.0538625424411535,0.8424942016601562,59.96002664890073
flipped_part_005.mp4,3129,1,3,0.0694691122692569,0.8430059432983399,0.8193188137478299,2,0.0557427997733854,0.8464697519938151,59.96002664890073
flipped_part_005.mp4,3130,1,3,0.069107387683181,0.8418695449829101,0.8184394695140698,2,0.0566499777130687,0.8462705612182617,59.96002664890073
flipped_part_005.mp4,3131,1,4,0.071492001316122,0.8414579391479492,0.8095887078179254,2,0.0584207554971928,0.8483068466186523,59.96002664890073
flipped_part_005.mp4,3132,1,4,0.0769520532960693,0.8412628173828125,0.7940484788682726,2,0.0595535407822225,0.8502422332763672,59.96002664890073
flipped_part_005.mp4,3133,1,3,0.0767853001023468,0.8426076889038085,0.7932924058702256,2,0.0631630125322974,0.8539602915445964,59.96002664890073
flipped_part_005.mp4,3134,1,3,0.0756588574398308,0.8432460784912109,0.793221162866663,2,0.0632990355180852,0.8527448654174805,59.96002664890073
flipped_part_005.mp4,3135,1,5,0.0761029865141608,0.8428300857543946,0.7904485066731771,2,0.0644350131704575,0.8530450820922851,59.96002664890073
flipped_part_005.mp4,3136,1,5,0.0762018560175703,0.843635368347168,0.7897791968451606,2,0.0665308480899289,0.856717300415039,59.96002664890073
flipped_part_005.mp4,3137,1,5,0.0726592054120475,0.8432519912719727,0.7962479485405816,2,0.0684880934446118,0.8593743006388347,59.96002664890073
flipped_part_005.mp4,3138,1,4,0.070602449983104,0.8614040374755859,0.3188772130895544,2,0.070602449983104,0.8614040374755859,59.96002664890073
flipped_part_005.mp4,3139,1,4,0.0725340460750984,0.8621088027954101,0.3342636673538773,2,0.0725340460750984,0.8621088027954101,59.96002664890073
flipped_part_005.mp4,3140,1,4,0.0771639798366231,0.8687213897705078,0.3511040581597222,2,0.0771639798366231,0.8687213897705078,59.96002664890073
flipped_part_005.mp4,3141,1,4,0.0789850787648587,0.8695995966593425,0.3648789582429109,2,0.0789850787648587,0.8695995966593425,59.96002664890073
flipped_part_005.mp4,3142,1,4,0.0818649950959715,0.8726594924926758,0.377453217683015,2,0.0818649950959715,0.8726594924926758,59.96002664890073
flipped_part_005.mp4,3143,1,6,0.0841476605473557,0.874646250406901,0.3906319229691117,2,0.0841476605473557,0.874646250406901,59.96002664890073
flipped_part_005.mp4,3144,1,5,0.0878271591861913,0.8796985626220704,0.4077958848741319,2,0.0878271591861913,0.8796985626220704,59.96002664890073
flipped_part_005.mp4,3145,1,5,0.0921610240048903,0.8842836380004883,0.4259670398853443,2,0.0921610240048903,0.8842836380004883,59.96002664890073
flipped_part_005.mp4,3146,1,5,0.0967210256994844,0.8888750076293945,0.4439468383789062,2,0.0967210256994844,0.8888750076293945,59.96002664890073
flipped_part_005.mp4,3147,1,5,0.1020145462722414,0.8952037811279296,0.4630967881944444,2,0.1020145462722414,0.8952037811279296,59.96002664890073
flipped_part_005.mp4,3148,1,3,0.103606683793537,0.8971363067626953,0.4676032454879195,2,0.103606683793537,0.8971363067626953,59.96002664890073
flipped_part_005.mp4,3149,1,3,0.1036586311791001,0.898774528503418,0.4707305060492621,2,0.1036586311791001,0.898774528503418,59.96002664890073
flipped_part_005.mp4,3150,1,3,0.1057463119806359,0.905016009012858,0.4740542376482928,2,0.1057463119806359,0.905016009012858,59.96002664890073
flipped_part_005.mp4,3151,1,3,0.1072185817772858,0.910792032877604,0.4785135339807581,2,0.1072185817772858,0.910792032877604,59.96002664890073
flipped_part_005.mp4,3152,1,3,0.1091412769944872,0.9148006439208984,0.4824410332573784,2,0.1091412769944872,0.9148006439208984,59.96002664890073
flipped_part_005.mp4,3153,1,3,0.1095990346733661,0.92010498046875,0.4877297295464409,2,0.1095990346733661,0.92010498046875,59.96002664890073
flipped_part_005.mp4,3154,1,3,0.1092325965204724,0.923704719543457,0.4920102719907407,2,0.1092325965204724,0.923704719543457,59.96002664890073
flipped_part_005.mp4,3155,1,3,0.1122981487678286,0.9303585052490234,0.4949918958875868,2,0.1122981487678286,0.9303585052490234,59.96002664890073
flipped_part_005.mp4,3156,1,4,0.2187402961793607,0.7429312388102214,0.4087811787923177,3,0.2187402961793607,0.9370792388916016,59.96002664890073
flipped_part_005.mp4,3157,1,3,0.1169650859686468,0.9445015589396158,0.5003870646158854,2,0.1169650859686468,0.9445015589396158,59.96002664890073
flipped_part_005.mp4,3158,1,4,0.2148232580499273,0.7414753595987956,0.4154622678403501,3,0.2148232580499273,0.94764461517334,59.96002664890073
flipped_part_005.mp4,3159,1,3,0.1191582460826109,0.9527814865112304,0.5083241215458623,2,0.1191582460826109,0.9527814865112304,59.96002664890073
flipped_part_005.mp4,3160,1,3,0.1212341328527286,0.9590465545654296,0.512117682562934,2,0.1212341328527286,0.9590465545654296,59.96002664890073
flipped_part_005.mp4,3161,1,3,0.1237387302351029,0.9678449630737304,0.5149244520399305,2,0.1237387302351029,0.9678449630737304,59.96002664890073
flipped_part_005.mp4,3162,1,3,0.1281048496046396,0.9774774551391602,0.5170991120515046,2,0.1281048496046396,0.9774774551391602,59.96002664890073
flipped_part_005.mp4,3163,1,4,0.1333957806084719,0.9879928588867188,0.5167050396954572,2,0.1333957806084719,0.9879928588867188,59.96002664890073
flipped_part_005.mp4,3164,1,4,0.1262179754189694,0.979633394877116,0.5270234849717882,2,0.1262179754189694,0.979633394877116,59.96002664890073
flipped_part_005.mp4,3165,1,3,0.1316020187952866,0.9936599731445312,0.5318766276041667,2,0.1316020187952866,0.9936599731445312,59.96002664890073
flipped_part_005.mp4,3166,1,3,0.1328540616146185,0.9990093231201173,0.5346212881582755,2,0.1328540616146185,0.9990093231201173,59.96002664890073
flipped_part_005.mp4,3167,1,3,0.1318549742275435,0.999077606201172,0.5381157769097222,2,0.1318549742275435,0.999077606201172,59.96002664890073
flipped_part_005.mp4,3168,1,3,0.1306147771953234,0.9989748001098632,0.5413882220232928,2,0.1306147771953234,0.9989748001098632,59.96002664890073
flipped_part_005.mp4,3169,1,3,0.1271997764570147,0.9987990061442056,0.5524232087311921,2,0.1271997764570147,0.9987990061442056,59.96002664890073
flipped_part_005.mp4,3170,1,3,0.1258232869209583,0.9990243911743164,0.5551213017216435,2,0.1258232869209583,0.9990243911743164,59.96002664890073
flipped_part_005.mp4,3171,1,3,0.1247239668875139,0.9989759445190428,0.5581393771701388,2,0.1247239668875139,0.9989759445190428,59.96002664890073
flipped_part_005.mp4,3172,1,4,0.1232008965746542,0.998869514465332,0.5612661291051794,2,0.1232008965746542,0.998869514465332,59.96002664890073
flipped_part_005.mp4,3173,1,3,0.1207174919974446,0.9989980697631836,0.5679840087890625,2,0.1207174919974446,0.9989980697631836,59.96002664890073
flipped_part_005.mp4,3174,1,3,0.1191186624754401,0.9989315032958984,0.5730919166847511,2,0.1191186624754401,0.9989315032958984,59.96002664890073
flipped_part_005.mp4,3175,1,4,0.1168488459922028,0.9973363876342772,0.5774672896773727,2,0.1168488459922028,0.9973363876342772,59.96002664890073
flipped_part_005.mp4,3176,1,5,0.1133223996052402,0.9944758097330728,0.5861882527669271,2,0.1133223996052402,0.9944758097330728,59.96002664890073
flipped_part_005.mp4,3177,1,4,0.1086039053113199,0.9895445505777994,0.592645263671875,2,0.1086039053113199,0.9895445505777994,59.96002664890073
flipped_part_005.mp4,3178,1,4,0.1053128742146698,0.9854272842407228,0.5981298941153067,2,0.1053128742146698,0.9854272842407228,59.96002664890073
flipped_part_005.mp4,3179,1,3,0.1033006208723074,0.983565139770508,0.6026648062246817,1,0.0025160518014066,0.7172468185424805,59.96002664890073
flipped_part_005.mp4,3180,0,4,0.1021446552874166,0.9851184844970704,0.6088124593098958,1,0.0025041908801843,0.7172827402750651,59.96002664890073
flipped_part_005.mp4,3181,0,4,0.09924485696332,0.9842527389526368,0.6160325226960359,2,0.0025240070847535,0.7175364812215169,59.96002664890073
flipped_part_005.mp4,3182,0,5,0.0978430847903817,0.9828107833862304,0.6197956226490162,2,0.0025189902691636,0.7178564707438151,59.96002664890073
flipped_part_005.mp4,3183,0,5,0.0948478165844686,0.9811498641967772,0.6272175541630498,2,0.00256553983927,0.7180966059366862,59.96002664890073
flipped_part_005.mp4,3184,0,4,0.0927604872861519,0.9802555084228516,0.6341655024775752,2,0.0026646439786957,0.7183975219726563,59.96002664890073
flipped_part_005.mp4,3185,0,3,0.0890686644819625,0.9776669184366862,0.642521893536603,1,0.002664137270133,0.7182686487833659,59.96002664890073
flipped_part_005.mp4,3186,0,3,0.0876305321413868,0.9774227142333984,0.6474203604239005,1,0.0026658513982612,0.718579355875651,59.96002664890073
flipped_part_005.mp4,3187,0,4,0.0856830614834325,0.9788082122802736,0.6556334318938078,1,0.0026918371432219,0.7188734690348307,59.96002664890073
flipped_part_005.mp4,3188,0,3,0.08245603455513,0.9761499404907228,0.6629254941587095,1,0.0027287160875857,0.7192073822021484,59.96002664890073
flipped_part_005.mp4,3189,0,4,0.0793806802874422,0.9740785598754884,0.6709564208984375,1,0.002781239270488,0.7196081161499024,59.96002664890073
flipped_part_005.mp4,3190,0,4,0.0775028392606893,0.9750839233398436,0.6787281742802372,1,0.0027884103794915,0.719586435953776,59.96002664890073
flipped_part_005.mp4,3191,0,4,0.075697657526406,0.9774248758951825,0.6897624828197338,1,0.0027881722010342,0.719757080078125,59.96002664890073
flipped_part_005.mp4,3192,0,3,0.0734449614079332,0.9771821975708008,0.6975514164677372,1,0.002773098654264,0.7198534647623698,59.96002664890073
flipped_part_005.mp4,3193,0,3,0.0701037432819053,0.9754491806030272,0.7087810375072338,1,0.0027813902565362,0.7201395034790039,59.96002664890073
flipped_part_005.mp4,3194,0,3,0.0688848852740355,0.9785634994506835,0.7177661471896701,1,0.0028263481753378,0.7203522364298502,59.96002664890073
flipped_part_005.mp4,3195,0,3,0.0648545358377871,0.9769830703735352,0.730488755967882,1,0.0028834727717427,0.7207615534464519,59.96002664890073
flipped_part_005.mp4,3196,0,3,0.0630551993149048,0.9768251419067384,0.7384553697374132,1,0.0029416249524033,0.720896593729655,59.96002664890073
flipped_part_005.mp4,3197,0,3,0.0617807077112417,0.9825433731079102,0.7488592077184606,1,0.0029953501082491,0.7212669372558593,59.96002664890073
flipped_part_005.mp4,3198,0,5,0.0596622836396757,0.9861562728881836,0.7596939086914063,2,0.0028977897572137,0.721711540222168,59.96002664890073
flipped_part_005.mp4,3199,0,5,0.0565321927096293,0.9889078140258788,0.7694710625542535,2,0.0029391706656315,0.7213312149047851,59.96002664890073
flipped_part_005.mp4,3200,0,4,0.0553961668471499,0.9985082626342774,0.7803428932472511,1,0.0029611777989743,0.7216002782185872,59.96002664890073
flipped_part_005.mp4,3201,0,4,0.0512408763662636,0.999142837524414,0.7941207320601852,1,0.0029493814023832,0.7216739654541016,59.96002664890073
flipped_part_005.mp4,3202,0,4,0.0473949529974035,0.9992513656616212,0.805995856391059,1,0.003023949998627,0.7215856552124024,59.96002664890073
flipped_part_005.mp4,3203,0,4,0.0464007170958481,0.783079719543457,0.7655273508142542,1,0.002969593612005,0.7212790807088216,59.96002664890073
flipped_part_005.mp4,3204,0,4,0.0444010113773132,0.7843717575073242,0.774300116079825,1,0.0028133098847293,0.7214185078938802,59.96002664890073
flipped_part_005.mp4,3205,0,3,0.0430649545831935,0.7802948633829753,0.7754333919949001,1,0.0029184593039584,0.7218514760335286,59.96002664890073
flipped_part_005.mp4,3206,0,4,0.0424257841320502,0.781773058573405,0.7786950499923141,1,0.0030405457374635,0.7224432627360026,59.96002664890073
flipped_part_005.mp4,3207,0,3,0.0403272928929288,0.7783767064412435,0.7846296522352431,1,0.0030279308667134,0.7227832794189453,59.96002664890073
flipped_part_005.mp4,3208,0,4,0.0430548742812324,0.7763778686523437,0.7705436918470595,1,0.0030977325891338,0.7229899088541667,59.96002664890073
flipped_part_005.mp4,3209,0,4,0.042601328685705,0.7727924346923828,0.7679798126220703,1,0.003041229686108,0.7235685984293619,59.96002664890073
flipped_part_005.mp4,3210,0,4,0.0428968233032962,0.7743539174397787,0.7688233481513129,1,0.0031478487594965,0.7238271713256836,59.96002664890073
flipped_part_005.mp4,3211,0,5,0.0416466668906758,0.7701470057169596,0.7686947363394278,1,0.003213813829176,0.7239144643147787,59.96002664890073
flipped_part_005.mp4,3212,0,5,0.0417301140096969,0.771107546488444,0.7680670279043692,1,0.0031878344521262,0.7240438461303711,59.96002664890073
flipped_part_005.mp4,3213,0,4,0.0425901950136391,0.7684375127156575,0.7606773588392469,1,0.0031986132614676,0.7242659250895183,59.96002664890073
flipped_part_005.mp4,3214,0,3,0.0420094266025221,0.7687873840332031,0.7636606640285916,1,0.003137557014561,0.7243370056152344,59.96002664890073
flipped_part_005.mp4,3215,0,2,0.0394251770130214,0.7649049123128255,0.7706961384526005,1,0.0032252447945777,0.7244501749674479,59.96002664890073
flipped_part_005.mp4,3216,0,2,0.0388815365893956,0.7633203506469727,0.7714552208229347,1,0.0033173144750374,0.7246156692504883,59.96002664890073
flipped_part_005.mp4,3217,0,2,0.0397236926908657,0.7641821543375651,0.7664444676151982,1,0.0032960003003137,0.7246297836303711,59.96002664890073
flipped_part_005.mp4,3218,0,2,0.0398721812415897,0.765339469909668,0.7652284834120009,1,0.003195019471362,0.7249668121337891,59.96002664890073
flipped_part_005.mp4,3219,0,3,0.0403915632645657,0.7664429982503255,0.766231197781033,1,0.0034329708717187,0.7250893274943034,59.96002664890073
flipped_part_005.mp4,3220,0,3,0.0407337225928171,0.767042859395345,0.762028079562717,1,0.0033937989525212,0.7254658381144206,59.96002664890073
flipped_part_005.mp4,3221,0,3,0.0395611327491887,0.7664520899454753,0.766194287052861,2,0.0032694837751073,0.7261127471923828,59.96002664890073
flipped_part_005.mp4,3222,0,2,0.0392897737966403,0.7656574249267578,0.7658737606472439,1,0.0032610622458849,0.7262259165445963,59.96002664890073
flipped_part_005.mp4,3223,0,3,0.0402194489549664,0.7655857721964519,0.7594560411241319,1,0.0034403859575104,0.7256259918212891,59.96002664890073
flipped_part_005.mp4,3224,0,4,0.0384892522518014,0.7633517583211263,0.7653116014268663,2,0.0035096988356963,0.7254077911376953,59.96002664890073
flipped_part_005.mp4,3225,0,3,0.0369899342627225,0.7577510833740234,0.7631108178032769,2,0.0033271677123007,0.7253103892008463,59.96002664890073
flipped_part_005.mp4,3226,0,4,0.0379380232988451,0.7597118377685547,0.7624924412480107,2,0.0034707619922119,0.7262535095214844,59.96002664890073
flipped_part_005.mp4,3227,0,3,0.037199117747635,0.7567230224609375,0.7606051550971137,2,0.0034017036315829,0.7256301879882813,59.96002664890073
flipped_part_005.mp4,3228,0,3,0.0369382032189039,0.758046277364095,0.7636335160997179,2,0.0034837899154,0.7262058893839518,59.96002664890073
flipped_part_005.mp4,3229,0,4,0.0380869442552854,0.759767723083496,0.7581877885041414,2,0.0034958603915961,0.725703239440918,59.96002664890073
flipped_part_005.mp4,3230,0,4,0.0381255508990391,0.7601515452067057,0.7600955256709346,2,0.0034875953899851,0.7261495590209961,59.96002664890073
flipped_part_005.mp4,3231,0,3,0.0378252986012483,0.7574718475341797,0.7573290648283781,2,0.0034695416117621,0.7262105941772461,59.96002664890073
flipped_part_005.mp4,3232,0,4,0.0382394467084291,0.7579323450724283,0.756610757333261,2,0.0034007152919528,0.7265968958536784,59.96002664890073
flipped_part_005.mp4,3233,0,4,0.0378174238812704,0.7574114481608073,0.757034859833894,2,0.0033680527356207,0.726839828491211,59.96002664890073
flipped_part_005.mp4,3234,0,3,0.0374532878304981,0.7563350677490235,0.7557883580525716,2,0.0034740873895309,0.7269800821940104,59.96002664890073
flipped_part_005.mp4,3235,0,4,0.0372109355885186,0.7556081771850586,0.7564557393391927,2,0.0036195458494249,0.727386474609375,59.96002664890073
flipped_part_005.mp4,3236,0,4,0.0369545364423215,0.7550819396972657,0.7547051041214554,2,0.0036715945485856,0.7278772354125976,59.96002664890073
flipped_part_005.mp4,3237,0,4,0.0364909048289135,0.7546326319376627,0.7545008482756438,2,0.0035717061009199,0.7279584884643555,59.96002664890073
flipped_part_005.mp4,3238,0,4,0.0355352423164489,0.75159117380778,0.7524884965684678,2,0.0036601607980103,0.7278129577636718,59.96002664890073
flipped_part_005.mp4,3239,0,3,0.0354012346381097,0.7503801345825195,0.7509047331633392,2,0.0036019452890872,0.7281892776489258,59.96002664890073
flipped_part_005.mp4,3240,0,4,0.0358450732783724,0.7520034790039063,0.7500471044469763,3,0.0035675438354223,0.7283149719238281,59.96002664890073
flipped_part_005.mp4,3241,0,5,0.0351107419821521,0.7501334508260091,0.7510337476377134,3,0.0035827215471524,0.7278575897216797,59.96002664890073
flipped_part_005.mp4,3242,0,4,0.0352370455914772,0.7504843393961589,0.7537054697672526,3,0.0035499420638047,0.7276366551717123,59.96002664890073
flipped_part_005.mp4,3243,0,4,0.0352137244919504,0.749241320292155,0.7534183290269639,2,0.0035823397844797,0.7275925954182942,59.96002664890073
flipped_part_005.mp4,3244,0,5,0.0352064469523934,0.7490139643351237,0.7517625596788194,3,0.0036870892744142,0.728216807047526,59.96002664890073
flipped_part_005.mp4,3245,0,5,0.0354311168662478,0.7488617579142253,0.7478225566722728,3,0.003707128666089,0.7279040018717448,59.96002664890073
flipped_part_005.mp4,3246,0,5,0.0359107978908421,0.7484325408935547,0.7424583505701136,3,0.0037874952513084,0.7283470153808593,59.96002664890073
flipped_part_005.mp4,3247,0,5,0.0370449524059949,0.7486429850260417,0.732707150777181,3,0.0038556423852181,0.7280430475870768,59.96002664890073
flipped_part_005.mp4,3248,0,5,0.0363827122019817,0.7480064392089844,0.7354354010687933,3,0.0038853663267577,0.7284109115600585,59.96002664890073
flipped_part_005.mp4,3249,0,4,0.0363228397525004,0.7470129013061524,0.730222730283384,2,0.003911864575064,0.7282234191894531,59.96002664890073
flipped_part_005.mp4,3250,0,4,0.0354370835480545,0.7463586807250977,0.7239220230667679,2,0.0040286885341144,0.7285177866617839,59.96002664890073
flipped_part_005.mp4,3251,0,4,0.0349632129466044,0.7455699920654297,0.7173497941758897,2,0.0040031314133213,0.7285409927368164,59.96002664890073
flipped_part_005.mp4,3252,0,4,0.0342500001552401,0.7447765350341797,0.7129552417331272,2,0.004078767238146,0.7284160614013672,59.96002664890073
flipped_part_005.mp4,3253,0,4,0.0338375006540445,0.7438047409057618,0.7120665514910662,2,0.0041918357482063,0.7288187662760417,59.96002664890073
flipped_part_005.mp4,3254,0,4,0.0334931228410439,0.7437526702880859,0.7062931484646268,2,0.0042069931395361,0.7287230173746745,59.96002664890073
flipped_part_005.mp4,3255,0,4,0.0321827548980837,0.7431111017862956,0.6995481703016493,2,0.0042639185196269,0.7288984934488932,59.96002664890073
flipped_part_005.mp4,3256,0,3,0.0303181304126984,0.7418638865152994,0.6997882065949617,2,0.0042296959622493,0.7287277857462565,59.96002664890073
flipped_part_005.mp4,3257,0,5,0.0309514115855428,0.7420340220133463,0.6989047792222765,3,0.0041785360224269,0.7285926183064778,59.96002664890073
flipped_part_005.mp4,3258,0,4,0.0312537119772497,0.7414150238037109,0.6967253084535951,2,0.0041470001184562,0.7284475962320963,59.96002664890073
flipped_part_005.mp4,3259,0,4,0.0305916684927608,0.7401084899902344,0.6943105909559462,2,0.00417770680661,0.7284568786621094,59.96002664890073
flipped_part_005.mp4,3260,0,4,0.0301866924696757,0.7398684183756511,0.6930934482150608,2,0.0042144856051891,0.7289169947306315,59.96002664890073
flipped_part_005.mp4,3261,0,4,0.0300035670139348,0.7402055740356446,0.6832596037122939,2,0.0044013132791345,0.728832499186198,59.96002664890073
flipped_part_005.mp4,3262,0,3,0.0295776039792906,0.7397354125976563,0.6786741680569119,2,0.0042644240982998,0.728614616394043,59.96002664890073
flipped_part_005.mp4,3263,0,3,0.0284008289725898,0.7388008753458659,0.6767837100558811,2,0.0043519622813134,0.7287748336791993,59.96002664890073
flipped_part_005.mp4,3264,0,4,0.0282311820959606,0.7386783599853516,0.67741464332298,2,0.0042223556922571,0.7289958318074544,59.96002664890073
flipped_part_005.mp4,3265,0,3,0.0281629532023995,0.7375844955444336,0.669405640496148,2,0.004246320320871,0.7292683919270834,59.96002664890073
flipped_part_005.mp4,3266,0,4,0.0276501917158984,0.7373651504516602,0.6716092462892885,3,0.0045873024026352,0.729655901590983,59.96002664890073
flipped_part_005.mp4,3267,0,3,0.0266504533453553,0.7366242090861003,0.67327555903682,2,0.0045560565938002,0.729555320739746,59.96002664890073
flipped_part_005.mp4,3268,0,3,0.0262793156072627,0.7356848398844401,0.6649600700095848,2,0.004703215243741,0.7294775009155273,59.96002664890073
flipped_part_005.mp4,3269,0,3,0.0266538424603681,0.7348545074462891,0.6540238345110858,2,0.0046278214128687,0.7298429489135743,59.96002664890073
flipped_part_005.mp4,3270,0,3,0.0262274084263481,0.7350627899169921,0.6513684590657552,2,0.0047050135980976,0.7302989959716797,59.96002664890073
flipped_part_005.mp4,3271,0,3,0.0257073351915244,0.7346364974975585,0.650797031543873,2,0.0046552541042587,0.73048095703125,59.96002664890073
flipped_part_005.mp4,3272,0,3,0.0257946307765289,0.7342403411865235,0.6458762204205548,2,0.0046415374155104,0.7303789138793946,59.96002664890073
flipped_part_005.mp4,3273,0,3,0.0251566712006653,0.734167734781901,0.6429490477950485,2,0.004713197513063,0.7300842920939128,59.96002664890073
flipped_part_005.mp4,3274,0,3,0.024710864006408,0.7335120519002278,0.6415825879132306,2,0.0047823090999197,0.7300676345825196,59.96002664890073
flipped_part_005.mp4,3275,0,3,0.0254046342641986,0.7321434020996094,0.6301335793954355,2,0.0049645264089728,0.7305794397989909,59.96002664890073
flipped_part_005.mp4,3276,0,3,0.0251142231991926,0.7316393534342448,0.6297017132794416,2,0.0049409192622988,0.7304126739501953,59.96002664890073
flipped_part_005.mp4,3277,0,3,0.0244754390092566,0.7301263809204102,0.6296535350658276,2,0.0048555468066479,0.7303563435872396,59.96002664890073
flipped_part_005.mp4,3278,0,5,0.0241307980592368,0.7312311172485352,0.6324997513382523,3,0.0048589504096243,0.7304512659708658,59.96002664890073
flipped_part_005.mp4,3279,0,3,0.0232874595953663,0.730127461751302,0.6189727924488209,2,0.0048449265091039,0.7302055358886719,59.96002664890073
flipped_part_005.mp4,3280,0,4,0.0226649753201868,0.7298301060994467,0.6205966172394929,3,0.0048534554010257,0.7300448099772135,59.96002664890073
flipped_part_005.mp4,3281,0,4,0.022231842154417,0.729311180114746,0.618889476634838,3,0.0050835672103696,0.7309061686197916,59.96002664890073
flipped_part_005.mp4,3282,0,4,0.0222642895535897,0.7297350565592448,0.6133826503047237,3,0.0050666563197349,0.7307145436604817,59.96002664890073
flipped_part_005.mp4,3283,0,4,0.0217201042210945,0.7303730646769205,0.6157153730039243,2,0.0051269717784533,0.7304132461547852,59.96002664890073
flipped_part_005.mp4,3284,0,4,0.0217616724726017,0.729999033610026,0.6132287343343099,2,0.0051138227075959,0.7303415298461914,59.96002664890073
flipped_part_005.mp4,3285,0,4,0.0211498231720224,0.7280728022257487,0.6083646279794198,3,0.0051811817777989,0.7301267623901367,59.96002664890073
flipped_part_005.mp4,3286,0,4,0.0214828744600383,0.7287899017333984,0.6079336519594546,2,0.0051366717078619,0.729715092976888,59.96002664890073
flipped_part_005.mp4,3287,0,5,0.0210873297000459,0.7286725997924804,0.607710040057147,3,0.0053257589598177,0.7302206039428711,59.96002664890073
flipped_part_005.mp4,3288,0,4,0.0207059314653856,0.7281151453653971,0.606710942586263,2,0.0053738832544574,0.7302684783935547,59.96002664890073
flipped_part_005.mp4,3289,0,4,0.0207354382488928,0.7277946472167969,0.6037449024341724,2,0.0055727777036965,0.7315095265706381,59.96002664890073
flipped_part_005.mp4,3290,0,4,0.0204706073161934,0.728041394551595,0.6017846213446723,3,0.0202727333367106,0.7317710240681966,59.96002664890073
flipped_part_005.mp4,3291,0,5,0.0200357576591138,0.7277294158935547,0.6021871566772461,3,0.0057390579639468,0.7318927764892578,59.96002664890073
flipped_part_005.mp4,3292,0,5,0.0198673352307521,0.7272385915120443,0.6025523856834128,3,0.0057261029780945,0.7318218231201172,59.96002664890073
flipped_part_005.mp4,3293,0,4,0.0191006581328353,0.7253021876017253,0.5951918001528139,4,0.0191006581328353,0.7315575917561848,59.96002664890073
flipped_part_005.mp4,3294,0,4,0.0193210691049234,0.7246868133544921,0.5895188720137985,4,0.0193210691049234,0.7319316864013672,59.96002664890073
flipped_part_005.mp4,3295,0,4,0.0190899558897109,0.7244961420694987,0.5880311683372215,4,0.0190899558897109,0.732784652709961,59.96002664890073
flipped_part_005.mp4,3296,0,4,0.0187278682376738,0.7240545908610027,0.5880604143495913,4,0.0187278682376738,0.7334351857503255,59.96002664890073
flipped_part_005.mp4,3297,0,4,0.0176865001565656,0.7215433120727539,0.5836750171802662,4,0.0176865001565656,0.7335126876831055,59.96002664890073
flipped_part_005.mp4,3298,0,4,0.0177917899688165,0.7215606689453125,0.5806901861120153,4,0.0177917899688165,0.7340824762980144,59.96002664890073
flipped_part_005.mp4,3299,0,3,0.0181560609331404,0.7214128494262695,0.5765042057743779,3,0.0181560609331404,0.7343324661254883,59.96002664890073
flipped_part_005.mp4,3300,0,4,0.0182273532775946,0.72124818166097,0.5725481669108073,4,0.0182273532775946,0.7330087025960287,59.96002664890073
flipped_part_005.mp4,3301,0,4,0.0176041289155061,0.7208159764607748,0.5759633664731626,4,0.0176041289155061,0.734295908610026,59.96002664890073
flipped_part_005.mp4,3302,0,4,0.0172295195795245,0.7205198287963868,0.5742720851191768,4,0.0172295195795245,0.734837532043457,59.96002664890073
flipped_part_005.mp4,3303,0,4,0.0172599934139051,0.7205812454223632,0.5750373557761863,4,0.0172599934139051,0.7354736328125,59.96002664890073
flipped_part_005.mp4,3304,0,4,0.0173972866505209,0.720470110575358,0.5686858848289207,4,0.0173972866505209,0.7362262725830078,59.96002664890073
flipped_part_005.mp4,3305,0,4,0.017395110402544,0.7204344431559245,0.5640603948522497,4,0.017395110402544,0.7363937377929688,59.96002664890073
flipped_part_005.mp4,3306,0,3,0.017254054773366,0.7199471155802409,0.55770061634205,3,0.017254054773366,0.7352730433146158,59.96002664890073
flipped_part_005.mp4,3307,0,3,0.0169871817158693,0.7196236292521159,0.553119871351454,3,0.0169871817158693,0.7368099848429362,59.96002664890073
flipped_part_005.mp4,3308,0,4,0.0169182853992485,0.7195847193400066,0.5535102561668114,4,0.0169182853992485,0.7374577840169271,59.96002664890073
flipped_part_005.mp4,3309,0,4,0.0164748826978918,0.7190223693847656,0.5539412745723018,4,0.0164748826978918,0.7372285842895507,59.96002664890073
flipped_part_005.mp4,3310,0,3,0.0164825859903875,0.7187065124511719,0.5516144929108796,3,0.0164825859903875,0.73751220703125,59.96002664890073
flipped_part_005.mp4,3311,0,3,0.0162731083249188,0.7185831069946289,0.5524388207329645,3,0.0162731083249188,0.7382530848185221,59.96002664890073
flipped_part_005.mp4,3312,0,3,0.01573503621233,0.7182774225870768,0.5539459228515625,3,0.01573503621233,0.7385082244873047,59.96002664890073
flipped_part_005.mp4,3313,0,3,0.0154410621548595,0.7179485321044922,0.5545886286982784,3,0.0154410621548595,0.739046287536621,59.96002664890073
flipped_part_005.mp4,3314,0,3,0.0153161587270437,0.7177474975585938,0.5554400832564742,3,0.0153161587270437,0.7393770853678385,59.96002664890073
flipped_part_005.mp4,3315,0,3,0.0151204774745834,0.7177173614501953,0.5534438239203558,3,0.0151204774745834,0.739621098836263,59.96002664890073
flipped_part_005.mp4,3316,0,3,0.0152543943093041,0.7174203236897786,0.5520021226671007,3,0.0152543943093041,0.7408073425292969,59.96002664890073
flipped_part_005.mp4,3317,0,4,0.0152324813151682,0.7171356201171875,0.5525165416576244,4,0.0152324813151682,0.7408185958862304,59.96002664890073
flipped_part_005.mp4,3318,0,4,0.0150883494837951,0.7168706893920899,0.552895666051794,4,0.0150883494837951,0.7413199106852214,59.96002664890073
flipped_part_005.mp4,3319,0,4,0.0149651110423427,0.716316286722819,0.5524009987160011,4,0.0149651110423427,0.741335678100586,59.96002664890073
flipped_part_005.mp4,3320,0,3,0.0148733353924601,0.7157205581665039,0.5516504217077185,3,0.0148733353924601,0.7420312881469726,59.96002664890073
flipped_part_005.mp4,3321,0,3,0.0147648185325238,0.7151842753092448,0.5503693615948713,3,0.0147648185325238,0.7421926498413086,59.96002664890073
flipped_part_005.mp4,3322,0,3,0.0146016284262495,0.7152278900146485,0.5495759045636213,3,0.0146016284262495,0.7423335393269856,59.96002664890073
flipped_part_005.mp4,3323,0,3,0.014617137841323,0.7145801544189453,0.5480536425555194,3,0.014617137841323,0.7426746368408204,59.96002664890073
flipped_part_005.mp4,3324,0,3,0.0145760127297776,0.7146125793457031,0.5473438828079789,3,0.0145760127297776,0.7426993052164713,59.96002664890073
flipped_part_005.mp4,3325,0,3,0.0146204911842424,0.7144264856974284,0.5460584993715639,3,0.0146204911842424,0.7430482864379883,59.96002664890073
flipped_part_005.mp4,3326,0,3,0.0144418832745146,0.714182980855306,0.5450498934145327,3,0.0144418832745146,0.7431581497192383,59.96002664890073
flipped_part_005.mp4,3327,0,3,0.0142882709566388,0.7138828277587891,0.5450141200312861,3,0.0142882709566388,0.7433561325073242,59.96002664890073
flipped_part_005.mp4,3328,0,3,0.0140455163778267,0.7138074239095052,0.5460176397252966,3,0.0140455163778267,0.7438684463500976,59.96002664890073
flipped_part_005.mp4,3329,0,3,0.0139774621992061,0.7135265350341797,0.5461839463975694,3,0.0139774621992061,0.7442290623982747,59.96002664890073
flipped_part_005.mp4,3330,0,3,0.0138663937115187,0.7133884429931641,0.5460419690167463,3,0.0138663937115187,0.744874382019043,59.96002664890073
flipped_part_005.mp4,3331,0,3,0.0137919395122056,0.7129745483398438,0.5451831393771701,3,0.0137919395122056,0.7455400466918946,59.96002664890073
flipped_part_005.mp4,3332,0,4,0.0135855259599823,0.7127336502075196,0.5432712131076389,4,0.0135855259599823,0.7459036509195963,59.96002664890073
flipped_part_005.mp4,3333,0,4,0.0134069322889451,0.7126312891642252,0.5407446260805483,4,0.0134069322889451,0.7464520136515299,59.96002664890073
flipped_part_005.mp4,3334,0,3,0.0128135968751869,0.7121376037597656,0.5418728298611111,3,0.0128135968751869,0.7477506637573242,59.96002664890073
flipped_part_005.mp4,3335,0,4,0.012925385983954,0.7123258590698243,0.538598307856807,4,0.012925385983954,0.7479389190673829,59.96002664890073
flipped_part_005.mp4,3336,0,4,0.012696926355121,0.7122325897216797,0.5392312367757162,4,0.012696926355121,0.7488699595133463,59.96002664890073
flipped_part_005.mp4,3337,0,3,0.0123926368737873,0.7115215301513672,0.5413944809525101,3,0.0123926368737873,0.7491315841674805,59.96002664890073
flipped_part_005.mp4,3338,0,4,0.0125373038748269,0.7117246627807617,0.5410484737820096,4,0.0125373038748269,0.749295997619629,59.96002664890073
flipped_part_005.mp4,3339,0,3,0.012326534498166,0.7111456553141277,0.5415522257486979,3,0.012326534498166,0.7504219055175781,59.96002664890073
flipped_part_005.mp4,3340,0,3,0.0122760165113356,0.7109335581461589,0.541419361255787,3,0.0122760165113356,0.7517492294311523,59.96002664890073
flipped_part_005.mp4,3341,0,3,0.0121592949849393,0.7106124877929687,0.5412059077510127,3,0.0121592949849393,0.7520176569620768,59.96002664890073
flipped_part_005.mp4,3342,0,3,0.0120623948092893,0.7103594462076823,0.5404625504105179,3,0.0120623948092893,0.7527545928955078,59.96002664890073
flipped_part_005.mp4,3343,0,3,0.0122639373154379,0.7536461512247722,0.0649910820855034,3,0.0122639373154379,0.7536461512247722,59.96002664890073
flipped_part_005.mp4,3344,0,3,0.0124239601219003,0.7542472839355469,0.0632073296440972,3,0.0124239601219003,0.7542472839355469,59.96002664890073
flipped_part_005.mp4,3345,0,3,0.0124347618746644,0.7546606063842773,0.0582877265082465,3,0.0124347618746644,0.7546606063842773,59.96002664890073
flipped_part_005.mp4,3346,0,4,0.0127500352646758,0.7554998397827148,0.054392185917607,4,0.0127500352646758,0.7554998397827148,59.96002664890073
flipped_part_005.mp4,3347,0,3,0.0130352559706403,0.7563170115152995,0.0509202745225694,3,0.0130352559706403,0.7563170115152995,59.96002664890073
flipped_part_005.mp4,3348,0,4,0.013437484315202,0.7574333826700846,0.0480489377622251,4,0.013437484315202,0.7574333826700846,59.96002664890073
flipped_part_005.mp4,3349,0,4,0.0135446518371787,0.7576227188110352,0.0450512638798466,4,0.0135446518371787,0.7576227188110352,59.96002664890073
flipped_part_005.mp4,3350,0,3,0.0136756149829899,0.7574377059936523,0.0414495680067274,3,0.0136756149829899,0.7574377059936523,59.96002664890073
flipped_part_005.mp4,3351,0,4,0.0139290641642205,0.7584299087524414,0.041650899251302,4,0.0139290641642205,0.7584299087524414,59.96002664890073
flipped_part_005.mp4,3352,0,4,0.0141360246595825,0.7599515914916992,0.037670757152416,4,0.0141360246595825,0.7599515914916992,59.96002664890073
flipped_part_005.mp4,3353,0,4,0.0143436164336809,0.760589599609375,0.0353307370786313,4,0.0143436164336809,0.760589599609375,59.96002664890073
flipped_part_005.mp4,3354,0,4,0.0145472422522854,0.7614913940429687,0.0327049537941261,4,0.0145472422522854,0.7614913940429687,59.96002664890073
flipped_part_005.mp4,3355,0,4,0.0147674216201671,0.7628195444742839,0.0286667152687355,4,0.0147674216201671,0.7628195444742839,59.96002664890073
flipped_part_005.mp4,3356,0,4,0.0154001361252934,0.7648705164591472,0.0240190011483651,4,0.0154001361252934,0.7648705164591472,59.96002664890073
flipped_part_005.mp4,3357,0,3,0.0157919575920508,0.7662721633911133,0.0215396739818431,3,0.0157919575920508,0.7662721633911133,59.96002664890073
flipped_part_005.mp4,3358,0,3,0.016142436077216,0.7671868006388346,0.0183096426504629,3,0.016142436077216,0.7671868006388346,59.96002664890073
flipped_part_005.mp4,3359,0,3,0.0164303048212605,0.7675275802612305,0.0151203014232494,3,0.0164303048212605,0.7675275802612305,59.96002664890073
flipped_part_005.mp4,3360,1,3,0.0166451120390707,0.7682192484537761,0.0118771305790653,3,0.0166451120390707,0.7682192484537761,59.96002664890073
flipped_part_005.mp4,3361,1,3,0.0170121474357114,0.7697228113810222,0.009107999448423,3,0.0170121474357114,0.7697228113810222,59.96002664890073
flipped_part_005.mp4,3362,1,3,0.0173736730946445,0.7701406478881836,0.0063631128381799,3,0.0173736730946445,0.7701406478881836,59.96002664890073
flipped_part_005.mp4,3363,1,3,0.0179725298472862,0.7720325469970704,0.0009939123083043,3,0.0179725298472862,0.7720325469970704,59.96002664890073
flipped_part_005.mp4,3364,1,3,0.0185361904711074,0.7734920501708984,0.0028050740559895,3,0.0185361904711074,0.7734920501708984,59.96002664890073
flipped_part_005.mp4,3365,1,3,0.0188106332843502,0.7740191141764323,0.007334730360243,3,0.0188106332843502,0.7740191141764323,59.96002664890073
flipped_part_005.mp4,3366,1,3,0.0193591507966953,0.7757497787475586,0.0119009795012297,3,0.0193591507966953,0.7757497787475586,59.96002664890073
flipped_part_005.mp4,3367,1,4,0.0195713180605606,0.7763986587524414,0.0145975748697916,4,0.0195713180605606,0.7763986587524414,59.96002664890073
flipped_part_005.mp4,3368,1,4,0.0199763159245021,0.777183723449707,0.0166874920880353,4,0.0199763159245021,0.777183723449707,59.96002664890073
flipped_part_005.mp4,3369,1,4,0.0203843657874191,0.7780264536539714,0.0187141983597366,4,0.0203843657874191,0.7780264536539714,59.96002664890073
flipped_part_005.mp4,3370,1,4,0.0208473343216529,0.7796044031778971,0.023686048719618,4,0.0208473343216529,0.7796044031778971,59.96002664890073
flipped_part_005.mp4,3371,1,4,0.0211898139755605,0.7799606323242188,0.0279625504105179,4,0.0211898139755605,0.7799606323242188,59.96002664890073
flipped_part_005.mp4,3372,1,5,0.0216735962626989,0.7806801478068034,0.031677754720052,4,0.0216735962626989,0.7806801478068034,59.96002664890073
flipped_part_005.mp4,3373,1,5,0.0223213293007521,0.7817350387573242,0.0365512141474971,4,0.0223213293007521,0.7817350387573242,59.96002664890073
flipped_part_005.mp4,3374,1,4,0.0230841389193503,0.7834839502970378,0.038166441740813,3,0.0230841389193503,0.7834839502970378,59.96002664890073
flipped_part_005.mp4,3375,1,5,0.023178891338838,0.7841720581054688,0.0454984029134114,3,0.023178891338838,0.7841720581054688,59.96002664890073
flipped_part_005.mp4,3376,1,4,0.0238528953948188,0.7861026128133138,0.0498318424931278,3,0.0238528953948188,0.7861026128133138,59.96002664890073
flipped_part_005.mp4,3377,1,5,0.0249910074201653,0.7893808364868165,0.0552749351218894,4,0.0249910074201653,0.7893808364868165,59.96002664890073
flipped_part_005.mp4,3378,1,5,0.0260051211770041,0.7919943491617839,0.0600645277235243,4,0.0260051211770041,0.7919943491617839,59.96002664890073
flipped_part_005.mp4,3379,1,4,0.0261488492651551,0.7925016403198242,0.0641428346987123,3,0.0261488492651551,0.7925016403198242,59.96002664890073
flipped_part_005.mp4,3380,1,4,0.0265797972742843,0.7940679550170898,0.0687283551251446,3,0.0265797972742843,0.7940679550170898,59.96002664890073
flipped_part_005.mp4,3381,1,4,0.0271036982049958,0.7947378158569336,0.0730095757378472,3,0.0271036982049958,0.7947378158569336,59.96002664890073
flipped_part_005.mp4,3382,1,4,0.0278458279783224,0.7958910624186198,0.0788328100133825,3,0.0278458279783224,0.7958910624186198,59.96002664890073
flipped_part_005.mp4,3383,1,4,0.0281922200047066,0.7970678329467773,0.0813431351273148,3,0.0281922200047066,0.7970678329467773,59.96002664890073
flipped_part_005.mp4,3384,1,4,0.0288638282383585,0.7985016504923502,0.0885678891782407,3,0.0288638282383585,0.7985016504923502,59.96002664890073
flipped_part_005.mp4,3385,1,4,0.029733830023342,0.800994873046875,0.0970162003128616,3,0.029733830023342,0.800994873046875,59.96002664890073
flipped_part_005.mp4,3386,1,4,0.0299648081867619,0.8021010080973308,0.1014676129376446,3,0.0299648081867619,0.8021010080973308,59.96002664890073
flipped_part_005.mp4,3387,1,5,0.0306734188862093,0.803131103515625,0.1054857042100694,4,0.0306734188862093,0.803131103515625,59.96002664890073
flipped_part_005.mp4,3388,1,4,0.0321626497718453,0.8046112060546875,0.1115549723307291,3,0.0321626497718453,0.8046112060546875,59.96002664890073
flipped_part_005.mp4,3389,1,4,0.0326639494562182,0.8055830637613932,0.1179333722149884,3,0.0326639494562182,0.8055830637613932,59.96002664890073
flipped_part_005.mp4,3390,1,4,0.0334246971597194,0.8065494537353516,0.1216230321813512,3,0.0334246971597194,0.8065494537353516,59.96002664890073
flipped_part_005.mp4,3391,1,4,0.0343516956726779,0.8085281372070312,0.1281517876519097,3,0.0343516956726779,0.8085281372070312,59.96002664890073
flipped_part_005.mp4,3392,1,4,0.0361726946583722,0.8126818339029948,0.1331758004647714,3,0.0361726946583722,0.8126818339029948,59.96002664890073
flipped_part_005.mp4,3393,1,5,0.0373977007623761,0.8143453598022461,0.1387279086642795,4,0.0373977007623761,0.8143453598022461,59.96002664890073
flipped_part_005.mp4,3394,1,5,0.0386460797211053,0.8156603495279948,0.1463534602412471,4,0.0386460797211053,0.8156603495279948,59.96002664890073
flipped_part_005.mp4,3395,1,5,0.0399461207794471,0.8173752466837565,0.1532566494411892,4,0.0399461207794471,0.8173752466837565,59.96002664890073
flipped_part_005.mp4,3396,1,5,0.0410675814619753,0.8195322036743165,0.1626168145073784,4,0.0410675814619753,0.8195322036743165,59.96002664890073
flipped_part_005.mp4,3397,1,5,0.0424534927943741,0.8222890853881836,0.167192303692853,4,0.0424534927943741,0.8222890853881836,59.96002664890073
flipped_part_005.mp4,3398,1,5,0.0431978442909894,0.8242884318033854,0.1766004774305555,4,0.0431978442909894,0.8242884318033854,59.96002664890073
flipped_part_005.mp4,3399,1,5,0.0445117253053467,0.8263033548990886,0.1850555419921875,4,0.0445117253053467,0.8263033548990886,59.96002664890073
flipped_part_005.mp4,3400,1,5,0.0452878631959902,0.8267871856689453,0.192596944173177,4,0.0452878631959902,0.8267871856689453,59.96002664890073
flipped_part_005.mp4,3401,1,5,0.0459648799036419,0.8263624827067058,0.2007171348289207,4,0.0459648799036419,0.8263624827067058,59.96002664890073
flipped_part_005.mp4,3402,1,5,0.0484124930153484,0.8291657129923503,0.2110857645670573,4,0.0484124930153484,0.8291657129923503,59.96002664890073
flipped_part_005.mp4,3403,1,5,0.0488240105034708,0.829587173461914,0.2217486628779658,4,0.0488240105034708,0.829587173461914,59.96002664890073
flipped_part_005.mp4,3404,1,5,0.050952949753749,0.8331676483154297,0.2301250881618923,4,0.050952949753749,0.8331676483154297,59.96002664890073
flipped_part_005.mp4,3405,1,5,0.052562313398264,0.83558349609375,0.240033608895761,4,0.052562313398264,0.83558349609375,59.96002664890073
flipped_part_005.mp4,3406,1,5,0.0536844455005412,0.8363743464152018,0.2470372235333478,4,0.0536844455005412,0.8363743464152018,59.96002664890073
flipped_part_005.mp4,3407,1,5,0.0567775623411796,0.8409862518310547,0.2572529828106915,4,0.0567775623411796,0.8409862518310547,59.96002664890073
flipped_part_005.mp4,3408,1,5,0.0602206092551321,0.8479538599650065,0.2680615460431134,4,0.0602206092551321,0.8479538599650065,59.96002664890073
flipped_part_005.mp4,3409,1,5,0.0601445209201806,0.8473215103149414,0.2801207648383246,4,0.0601445209201806,0.8473215103149414,59.96002664890073
flipped_part_005.mp4,3410,1,5,0.0627504168391654,0.8502560297648112,0.2931855943467882,4,0.0627504168391654,0.8502560297648112,59.96002664890073
flipped_part_005.mp4,3411,1,5,0.0640279865395374,0.8511537551879883,0.2975329081217447,4,0.0640279865395374,0.8511537551879883,59.96002664890073
flipped_part_005.mp4,3412,1,5,0.0657602811629368,0.8528589248657227,0.3135857193558304,4,0.0657602811629368,0.8528589248657227,59.96002664890073
flipped_part_005.mp4,3413,1,5,0.068425216685379,0.8551985422770182,0.3257694668240017,4,0.068425216685379,0.8551985422770182,59.96002664890073
flipped_part_005.mp4,3414,1,5,0.0717760418115196,0.8605690002441406,0.3392796834309896,4,0.0717760418115196,0.8605690002441406,59.96002664890073
flipped_part_005.mp4,3415,1,5,0.0746101316454102,0.8632232666015625,0.3535019768608941,4,0.0746101316454102,0.8632232666015625,59.96002664890073
flipped_part_005.mp4,3416,1,6,0.0794211124964446,0.8688262939453125,0.3713071752477575,5,0.0794211124964446,0.8688262939453125,59.96002664890073
flipped_part_005.mp4,3417,1,6,0.0811031803464298,0.8706995646158854,0.3831603438765914,5,0.0811031803464298,0.8706995646158854,59.96002664890073
flipped_part_005.mp4,3418,1,6,0.083556756391136,0.8742517471313477,0.3980514526367187,5,0.083556756391136,0.8742517471313477,59.96002664890073
flipped_part_005.mp4,3419,1,5,0.0874512330629901,0.8796579360961914,0.4134974161783854,4,0.0874512330629901,0.8796579360961914,59.96002664890073
flipped_part_005.mp4,3420,0,5,0.0915892296645594,0.8837690353393555,0.4298950477882667,4,0.0915892296645594,0.8837690353393555,59.96002664890073
flipped_part_005.mp4,3421,0,6,0.0957092252352999,0.8883963267008463,0.4483563458478009,5,0.0957092252352999,0.8883963267008463,59.96002664890073
flipped_part_005.mp4,3422,0,6,0.1004148655226109,0.8914372126261393,0.4699517144097222,5,0.1004148655226109,0.8914372126261393,59.96002664890073
flipped_part_005.mp4,3423,0,5,0.1021814429702418,0.8966173807779948,0.4793707388418692,4,0.1021814429702418,0.8966173807779948,59.96002664890073
flipped_part_005.mp4,3424,0,5,0.1041158588591713,0.9015949885050456,0.4835070574725115,4,0.1041158588591713,0.9015949885050456,59.96002664890073
flipped_part_005.mp4,3425,0,6,0.1061639654087398,0.904946517944336,0.4874464812102141,5,0.1061639654087398,0.904946517944336,59.96002664890073
flipped_part_005.mp4,3426,0,6,0.1068631592105548,0.9087917963663736,0.4897602787724248,5,0.1068631592105548,0.9087917963663736,59.96002664890073
flipped_part_005.mp4,3427,0,6,0.1080008174257818,0.913679313659668,0.4923973931206597,5,0.1080008174257818,0.913679313659668,59.96002664890073
flipped_part_005.mp4,3428,0,5,0.1099345065725113,0.9197033564249676,0.4965557522243923,4,0.1099345065725113,0.9197033564249676,59.96002664890073
flipped_part_005.mp4,3429,0,5,0.1113664134688399,0.9240872065226235,0.5012150517216435,4,0.1113664134688399,0.9240872065226235,59.96002664890073
flipped_part_005.mp4,3430,0,5,0.1130758879915811,0.930540657043457,0.5066513061523438,4,0.1130758879915811,0.930540657043457,59.96002664890073
flipped_part_005.mp4,3431,0,5,0.11556755195582,0.9363752365112304,0.5089621649848091,4,0.11556755195582,0.9363752365112304,59.96002664890073
flipped_part_005.mp4,3432,0,5,0.1183799716473246,0.94459285736084,0.5135186089409722,4,0.1183799716473246,0.94459285736084,59.96002664890073
flipped_part_005.mp4,3433,0,5,0.1213763026697388,0.9524908065795898,0.5168617531105324,4,0.1213763026697388,0.9524908065795898,59.96002664890073
flipped_part_005.mp4,3434,0,5,0.1238381939843788,0.9607250213623046,0.5204640706380208,4,0.1238381939843788,0.9607250213623046,59.96002664890073
flipped_part_005.mp4,3435,0,6,0.1248912045521946,0.9655801773071288,0.524702227557147,5,0.1248912045521946,0.9655801773071288,59.96002664890073
flipped_part_005.mp4,3436,0,6,0.124652443758419,0.9698053995768228,0.5288831922743056,5,0.124652443758419,0.9698053995768228,59.96002664890073
flipped_part_005.mp4,3437,0,6,0.127187428849262,0.9776702880859376,0.5327059145326968,5,0.127187428849262,0.9776702880859376,59.96002664890073
flipped_part_005.mp4,3438,0,6,0.130070786121823,0.9863985697428386,0.5363472267433449,5,0.130070786121823,0.9863985697428386,59.96002664890073
flipped_part_005.mp4,3439,0,5,0.1317524715281238,0.9929535547892252,0.5410549022533275,4,0.1317524715281238,0.9929535547892252,59.96002664890073
flipped_part_005.mp4,3440,0,5,0.1312170263861642,0.9982629776000976,0.5472659640842014,4,0.1312170263861642,0.9982629776000976,59.96002664890073
flipped_part_005.mp4,3441,0,5,0.1305715225221097,0.9991230010986328,0.5513100518120659,4,0.1305715225221097,0.9991230010986328,59.96002664890073
flipped_part_005.mp4,3442,0,5,0.1289226877091762,0.9992588678995769,0.5566953305844907,4,0.1289226877091762,0.9992588678995769,59.96002664890073
flipped_part_005.mp4,3443,0,5,0.1273653850897594,0.9992717742919922,0.5609352394386574,4,0.1273653850897594,0.9992717742919922,59.96002664890073
flipped_part_005.mp4,3444,0,5,0.1262439233594772,0.9993324279785156,0.5646707605432582,4,0.1262439233594772,0.9993324279785156,59.96002664890073
flipped_part_005.mp4,3445,0,6,0.125822666573017,0.999252700805664,0.5657314159252026,5,0.125822666573017,0.999252700805664,59.96002664890073
flipped_part_005.mp4,3446,0,6,0.1264836347638629,0.9991626739501952,0.5646892406322338,5,0.1264836347638629,0.9991626739501952,59.96002664890073
flipped_part_005.mp4,3447,0,6,0.1248737147031351,0.9987255096435548,0.5677153410734954,5,0.1248737147031351,0.9987255096435548,59.96002664890073
flipped_part_005.mp4,3448,0,6,0.1244321900094359,0.9991074244181316,0.5671209829824942,5,0.1244321900094359,0.9991074244181316,59.96002664890073
flipped_part_005.mp4,3449,0,6,0.1151791374318921,0.998752784729004,0.5981126008210359,5,0.1151791374318921,0.998752784729004,59.96002664890073
flipped_part_005.mp4,3450,0,6,0.113589452183288,0.9976278305053712,0.6013002748842593,4,0.005630327608847,0.7106679916381836,59.96002664890073
flipped_part_005.mp4,3451,0,6,0.1129076488345162,0.9983171463012696,0.6030276828342014,4,0.0055831757930476,0.7112076441446941,59.96002664890073
flipped_part_005.mp4,3452,0,5,0.1099921327275741,0.9983803431193032,0.6139644481517651,3,0.0054953553222326,0.7113298416137696,59.96002664890073
flipped_part_005.mp4,3453,0,5,0.1074190592869072,0.997921371459961,0.6209869384765625,3,0.005492326721155,0.7114611307779948,59.96002664890073
flipped_part_005.mp4,3454,0,5,0.1060176327776086,0.9981584548950196,0.6250430636935764,3,0.0054383394957295,0.7115784327189127,59.96002664890073
flipped_part_005.mp4,3455,0,6,0.1033924260187281,0.99792906443278,0.6328878897207755,4,0.0053875765144766,0.7116779327392578,59.96002664890073
flipped_part_005.mp4,3456,0,5,0.099566353486411,0.9971473693847656,0.6434910526982061,3,0.0053504476613684,0.7112324396769206,59.96002664890073
flipped_part_005.mp4,3457,0,6,0.0987737316411221,0.9973567962646483,0.6466908772786458,4,0.0052321276729829,0.7114202499389648,59.96002664890073
flipped_part_005.mp4,3458,0,5,0.0964823920243846,0.9958771387736004,0.6529638784903067,3,0.0052287851549098,0.711598014831543,59.96002664890073
flipped_part_005.mp4,3459,0,6,0.0926120913732993,0.9946258544921877,0.6647792674877026,4,0.0052499559279682,0.7116533279418945,59.96002664890073
flipped_part_005.mp4,3460,0,7,0.0910537301614466,0.9951383590698242,0.6676882143373842,5,0.0052273800893561,0.7116736094156901,59.96002664890073
flipped_part_005.mp4,3461,0,6,0.0867171636462228,0.9940296173095704,0.6811802616825811,4,0.0051844888364333,0.7117923736572266,59.96002664890073
flipped_part_005.mp4,3462,0,6,0.0848611160126596,0.9952342987060548,0.6871259336118345,4,0.0051519202558443,0.7119064966837565,59.96002664890073
flipped_part_005.mp4,3463,0,6,0.0816004974741695,0.993149185180664,0.6942898220486111,4,0.0051057238116239,0.7120867411295573,59.96002664890073
flipped_part_005.mp4,3464,0,6,0.0774848257505585,0.9898228327433268,0.7060217398184317,4,0.0050449784763676,0.7123728434244792,59.96002664890073
flipped_part_005.mp4,3465,0,6,0.074199703584341,0.98834597269694,0.7157476919668692,4,0.0050022501104373,0.7127480824788411,59.96002664890073
flipped_part_005.mp4,3466,0,7,0.0703313598793321,0.9863094329833983,0.725530101634838,5,0.0048809096312659,0.7132265726725261,59.96002664890073
flipped_part_005.mp4,3467,0,7,0.0678438289770727,0.988463020324707,0.7382852059823496,5,0.0049608338980922,0.7133321762084961,59.96002664890073
flipped_part_005.mp4,3468,0,7,0.0650088982309076,0.9891799926757812,0.7482305456090856,5,0.0047287888196539,0.7133030573527018,59.96002664890073
flipped_part_005.mp4,3469,0,7,0.0603961389107819,0.9849810282389324,0.7600610803674769,5,0.0044731880445033,0.7134836832682292,59.96002664890073
flipped_part_005.mp4,3470,0,7,0.0566780515410937,0.9825718561808268,0.7707695855034722,5,0.0044800994056133,0.7137173970540365,59.96002664890073
flipped_part_005.mp4,3471,0,8,0.0569306964691646,0.9966466903686524,0.7820450959382234,5,0.0044873032433679,0.7139059702555338,59.96002664890073
flipped_part_005.mp4,3472,0,8,0.0526700162647161,0.9980997085571288,0.7941209016022859,5,0.0043907604526126,0.7142070770263672,59.96002664890073
flipped_part_005.mp4,3473,0,9,0.0493678139860276,0.9994810104370118,0.8069871125397858,6,0.0043190130932554,0.7143655776977539,59.96002664890073
flipped_part_005.mp4,3474,0,9,0.0441146975652858,0.9995644251505534,0.8213416205512153,6,0.0042558053454936,0.7149700164794922,59.96002664890073
flipped_part_005.mp4,3475,0,8,0.0389916129916026,0.9979509353637696,0.8388607449001736,5,0.0042704958451617,0.7149820327758789,59.96002664890073
flipped_part_005.mp4,3476,0,7,0.0343263049971816,0.9976463317871094,0.854572041829427,4,0.0042235980929561,0.7150165557861328,59.96002664890073
flipped_part_005.mp4,3477,0,7,0.0301256680887632,0.9988889694213868,0.8688656277126736,4,0.0042084269522025,0.7151742299397786,59.96002664890073
flipped_part_005.mp4,3478,0,7,0.0247943394625182,0.9943840026855468,0.8848803484881366,4,0.004206746887131,0.715402094523112,59.96002664890073
flipped_part_005.mp4,3479,0,8,0.0233319652156529,0.7694253921508789,0.7758558767813223,5,0.0042622310414595,0.7156978607177734,59.96002664890073
flipped_part_005.mp4,3480,0,7,0.0207927788326762,0.7664154052734375,0.7612272968998661,4,0.0042388154067642,0.7157004038492839,59.96002664890073
flipped_part_005.mp4,3481,0,7,0.0204916833161068,0.7654976526896159,0.757769485756203,4,0.0043419326676909,0.7158016204833985,59.96002664890073
flipped_part_005.mp4,3482,0,7,0.0201132481745541,0.7655459721883138,0.7539900673760308,4,0.0043543786393193,0.7156906763712565,59.96002664890073
flipped_part_005.mp4,3483,0,6,0.019957007653797,0.7642372131347657,0.7530561729713723,4,0.0043721751010107,0.7157842636108398,59.96002664890073
flipped_part_005.mp4,3484,0,7,0.0194385811543583,0.763079833984375,0.7502875857883029,4,0.0043394833430647,0.7158451716105143,59.96002664890073
flipped_part_005.mp4,3485,0,7,0.0193638662912781,0.83162841796875,0.8974868986341689,4,0.0043712273293015,0.7160394032796223,59.96002664890073
flipped_part_005.mp4,3486,0,5,0.01941672650135,0.8302526473999023,0.8973655100221987,3,0.004431043470772,0.7161678314208985,59.96002664890073
flipped_part_005.mp4,3487,0,6,0.0198536395307019,0.8292381922403972,0.8936738967895508,4,0.0045092775084776,0.716442362467448,59.96002664890073
flipped_part_005.mp4,3488,0,7,0.0198051501383694,0.8252867380777995,0.8914942246896249,4,0.0045887876376919,0.7165285110473633,59.96002664890073
flipped_part_005.mp4,3489,0,6,0.0198666234104503,0.8218635559082031,0.8869296391805013,4,0.0046695149088864,0.7168983459472656,59.96002664890073
flipped_part_005.mp4,3490,0,7,0.0198023560664508,0.820928446451823,0.8851782004038493,5,0.0047744737061697,0.7182132720947265,59.96002664890073
flipped_part_005.mp4,3491,0,6,0.0198413074982804,0.8177217483520508,0.8844999136748137,4,0.0048213883102612,0.7187840779622395,59.96002664890073
flipped_part_005.mp4,3492,0,6,0.0196980278246701,0.8158971786499023,0.8845979531606039,4,0.0048527978746116,0.7188310623168945,59.96002664890073
flipped_part_005.mp4,3493,0,6,0.0195719492863297,0.8149635314941406,0.8823715881065086,4,0.0048997980063399,0.7191549301147461,59.96002664890073
flipped_part_005.mp4,3494,0,6,0.020336925915151,0.8151067733764649,0.8798166734200937,4,0.004879263550457,0.7192813873291015,59.96002664890073
flipped_part_005.mp4,3495,0,6,0.0207707116161576,0.8148170471191406,0.876595076808223,4,0.0048705622254864,0.7193862915039062,59.96002664890073
flipped_part_005.mp4,3496,0,6,0.0208385432723702,0.8148951212565104,0.8751555548773872,4,0.0048949146687799,0.7193702697753906,59.96002664890073
flipped_part_005.mp4,3497,0,6,0.0211434094164266,0.8145914077758789,0.8721542429040979,4,0.0049849105114117,0.7196419397989909,59.96002664890073
flipped_part_005.mp4,3498,0,6,0.021686157696873,0.8153591791788737,0.8723675639541061,4,0.0049792458639583,0.7196951548258463,59.96002664890073
flipped_part_005.mp4,3499,0,6,0.0222089106511874,0.8155781428019205,0.8700050830841064,4,0.0050211684716244,0.7201327641805013,59.96002664890073
flipped_part_005.mp4,3500,0,5,0.0224679707210857,0.8166959762573243,0.8683672957950168,3,0.005075025650084,0.7204519907633463,59.96002664890073
flipped_part_005.mp4,3501,0,6,0.022778869739069,0.8169245402018229,0.8668499664024071,4,0.0051038240315392,0.7205938339233399,59.96002664890073
flipped_part_005.mp4,3502,0,6,0.023849920531855,0.8175598780314127,0.8622787899441189,4,0.005103543770852,0.7206583658854167,59.96002664890073
flipped_part_005.mp4,3503,0,6,0.0239779434482759,0.816703987121582,0.8613383611043294,4,0.0051256262475605,0.720639419555664,59.96002664890073
flipped_part_005.mp4,3504,0,6,0.0234888570260712,0.8152566909790039,0.8616537729899089,4,0.0051792844394286,0.7206841150919596,59.96002664890073
flipped_part_005.mp4,3505,0,6,0.0234371339083736,0.8136911392211914,0.8610843976338705,4,0.0052348429204451,0.7209131240844726,59.96002664890073
flipped_part_005.mp4,3506,0,6,0.0237429080774884,0.8151679992675781,0.8599699673829255,4,0.0052560489581621,0.7210824330647786,59.96002664890073
flipped_part_005.mp4,3507,0,6,0.0243238737377558,0.8170904159545899,0.8571971045600043,4,0.00529259305913,0.7213470458984375,59.96002664890073
flipped_part_005.mp4,3508,0,6,0.0256566082213895,0.824130630493164,0.8554224226209852,4,0.0053864830936719,0.7219962437947591,59.96002664890073
flipped_part_005.mp4,3509,0,7,0.0275957017402429,0.8372107187906901,0.8554955800374349,4,0.0053943231362306,0.7220457077026368,59.96002664890073
flipped_part_005.mp4,3510,0,6,0.0282228421499732,0.8379823684692382,0.8526226043701172,4,0.0054044076181836,0.7221233367919921,59.96002664890073
flipped_part_005.mp4,3511,0,7,0.0295010304270518,0.8460214614868165,0.8522584191075078,5,0.0054354353714572,0.7223368326822917,59.96002664890073
flipped_part_005.mp4,3512,0,7,0.0304540203164328,0.8491367340087891,0.8500325732760959,5,0.0054282584387692,0.7224180221557617,59.96002664890073
flipped_part_005.mp4,3513,0,7,0.0306257475249286,0.8480494181315105,0.8481833351982965,5,0.0054765247361501,0.7228232701619466,59.96002664890073
flipped_part_005.mp4,3514,0,7,0.0309387068252868,0.8453800837198894,0.8442709816826715,5,0.0055000150110572,0.723057238260905,59.96002664890073
flipped_part_005.mp4,3515,0,7,0.0304919992868084,0.8432434717814128,0.8450149483150906,5,0.0055244891230055,0.7234321594238281,59.96002664890073
flipped_part_005.mp4,3516,0,7,0.0308323948175307,0.8405382792154948,0.8409419536590577,5,0.0056071791177641,0.7238300323486329,59.96002664890073
flipped_part_005.mp4,3517,0,7,0.029911106815788,0.8374983469645182,0.8422659556070964,5,0.0058377075020042,0.7248435974121094,59.96002664890073
flipped_part_005.mp4,3518,0,7,0.0295239507078369,0.8335357666015625,0.8402445104387072,5,0.0057998804092898,0.7251508712768555,59.96002664890073
flipped_part_005.mp4,3519,0,7,0.0293393234477951,0.8310465494791667,0.8395351056699399,5,0.0058964879609023,0.7254072189331054,59.96002664890073
flipped_part_005.mp4,3520,0,7,0.0292693924866398,0.8284786224365235,0.837715212504069,5,0.0059829125476891,0.7257023493448893,59.96002664890073
flipped_part_005.mp4,3521,0,7,0.0292132075369691,0.826832389831543,0.8370999495188395,5,0.006027782484889,0.7260830561319987,59.96002664890073
flipped_part_005.mp4,3522,0,7,0.0290253689445792,0.825527572631836,0.8371590296427409,5,0.0060722035474221,0.7260414123535156,59.96002664890073
flipped_part_005.mp4,3523,0,7,0.0284755826434896,0.8210304260253907,0.835860358344184,5,0.006125170988671,0.7259697596232096,59.96002664890073
flipped_part_005.mp4,3524,0,7,0.0282813274561501,0.8181167602539062,0.834161087318703,5,0.0062327964215364,0.7264921188354492,59.96002664890073
flipped_part_005.mp4,3525,0,7,0.0280441850378301,0.816234842936198,0.8329701688554552,5,0.0064332468028145,0.7270034790039063,59.96002664890073
flipped_part_005.mp4,3526,0,7,0.0279473334787676,0.8143480300903321,0.8316075642903645,5,0.0064605325745004,0.7267159144083659,59.96002664890073
flipped_part_005.mp4,3527,0,7,0.027621440086255,0.8121196746826171,0.8305188496907552,5,0.0064656762290138,0.7267585118611654,59.96002664890073
flipped_part_005.mp4,3528,0,7,0.0276254708183909,0.8097110748291015,0.8276960231639721,5,0.0065396365791524,0.7268812815348308,59.96002664890073
flipped_part_005.mp4,3529,0,8,0.0273544829502444,0.8067434310913086,0.8261768341064453,5,0.0066169285116268,0.7272434234619141,59.96002664890073
flipped_part_005.mp4,3530,0,7,0.0273681218612586,0.8054138819376627,0.8249485810597738,5,0.0066199786712887,0.7274201075236003,59.96002664890073
flipped_part_005.mp4,3531,0,7,0.0273991186095877,0.8047093073527019,0.8236847683235451,5,0.0066892728312975,0.7278802871704102,59.96002664890073
flipped_part_005.mp4,3532,0,7,0.0276454614226275,0.8045714060465495,0.8226049705787941,5,0.0067227298498942,0.728272819519043,59.96002664890073
flipped_part_005.mp4,3533,0,7,0.0272920872412302,0.8019085566202799,0.8229908360375299,5,0.0069519001974064,0.7287823994954427,59.96002664890073
flipped_part_005.mp4,3534,0,7,0.0271175895712076,0.7995484034220378,0.8215702904595269,5,0.0070637225047297,0.7292638778686523,59.96002664890073
flipped_part_005.mp4,3535,0,7,0.0265492791940239,0.797153091430664,0.8228959842964455,5,0.0069480963478822,0.7276644388834635,59.96002664890073
flipped_part_005.mp4,3536,0,7,0.0260351822547548,0.7942258834838867,0.8227948930528429,5,0.0070294819721311,0.7281176249186198,59.96002664890073
flipped_part_005.mp4,3537,0,7,0.0259225109648974,0.7938348770141601,0.8216635333167182,5,0.0070829053839487,0.7285055160522461,59.96002664890073
flipped_part_005.mp4,3538,0,7,0.0258465212560056,0.7919005076090495,0.8199942906697592,5,0.0070387471854337,0.7287611643473307,59.96002664890073
flipped_part_005.mp4,3539,0,6,0.0257527504100532,0.7913206100463868,0.8192589441935222,4,0.0070449123118305,0.7287411371866862,59.96002664890073
flipped_part_005.mp4,3540,0,5,0.02507559781723,0.7885662078857422,0.8190878603193495,3,0.0070948862430318,0.7291074752807617,59.96002664890073
flipped_part_005.mp4,3541,0,6,0.0249075809412372,0.787930679321289,0.8185475455390082,4,0.0070865234131579,0.7288626352945964,59.96002664890073
flipped_part_005.mp4,3542,0,6,0.0245285264110862,0.7856039047241211,0.817668342590332,4,0.0072714844662308,0.7300137201944987,59.96002664890073
flipped_part_005.mp4,3543,0,5,0.0242286404655897,0.7841314315795899,0.8175791917023836,3,0.0071857005832458,0.7285519282023112,59.96002664890073
flipped_part_005.mp4,3544,0,6,0.0239611913466392,0.782268206278483,0.8150981761791088,4,0.0072648699232377,0.729005241394043,59.96002664890073
flipped_part_005.mp4,3545,0,6,0.0233321858707899,0.7815946578979492,0.8181967629326714,4,0.0073112177762258,0.7291848500569661,59.96002664890073
flipped_part_005.mp4,3546,0,6,0.0232477696167188,0.7810694376627604,0.817389170328776,4,0.0073762639657555,0.7299846649169922,59.96002664890073
flipped_part_005.mp4,3547,0,7,0.0225913451547941,0.7804450352986654,0.8196999673490171,4,0.0076008476005841,0.7320032119750977,59.96002664890073
flipped_part_005.mp4,3548,0,6,0.0230940710014965,0.7808130900065104,0.8183702203962538,4,0.0075845271209254,0.7311974843343099,59.96002664890073
flipped_part_005.mp4,3549,0,5,0.0225025869626336,0.7812596003214518,0.822921950728805,3,0.0076735577256315,0.7325363159179688,59.96002664890073
flipped_part_005.mp4,3550,0,6,0.0218067657973976,0.7790796915690105,0.8234977934095594,3,0.0078537046969695,0.7328924814860026,59.96002664890073
flipped_part_005.mp4,3551,0,6,0.0211818979930615,0.7778792063395182,0.8276220816153067,3,0.0078504447083105,0.7332246780395508,59.96002664890073
flipped_part_005.mp4,3552,0,6,0.0213397742425311,0.7755257288614908,0.8230715292471427,3,0.0080420244577625,0.7334421157836915,59.96002664890073
flipped_part_005.mp4,3553,0,6,0.0217984050821056,0.7740212122599284,0.8175234335440177,3,0.0081458720782797,0.733575439453125,59.96002664890073
flipped_part_005.mp4,3554,0,6,0.0216517381360878,0.7717998504638672,0.8119678567956995,3,0.0081601043765678,0.7337168375651042,59.96002664890073
flipped_part_005.mp4,3555,0,6,0.0214222694429635,0.7714192072550455,0.8099915186564127,3,0.0082821037387151,0.7337769190470378,59.96002664890073
flipped_part_005.mp4,3556,0,6,0.0208461645791733,0.7688896179199218,0.8086011674669054,3,0.0082930805624346,0.7339726130167643,59.96002664890073
flipped_part_005.mp4,3557,0,6,0.0199163523112818,0.7697370529174805,0.8002730051676432,3,0.0083858602940745,0.7341251373291016,59.96002664890073
flipped_part_005.mp4,3558,0,6,0.0192340273830874,0.767292594909668,0.7950275421142579,3,0.0085275034100535,0.7343856811523437,59.96002664890073
flipped_part_005.mp4,3559,0,6,0.0189705936184316,0.7669562021891276,0.791010625274093,3,0.0086710824575965,0.7348506927490235,59.96002664890073
flipped_part_005.mp4,3560,0,7,0.0180907859844295,0.7668987274169922,0.7840406205919054,4,0.0087751054781903,0.7357287089029948,59.96002664890073
flipped_part_005.mp4,3561,0,7,0.0173302237081238,0.7651869455973307,0.7804880424782082,5,0.008789120108413,0.736064592997233,59.96002664890073
flipped_part_005.mp4,3562,0,8,0.0167049419466113,0.7640928268432617,0.7734955045912001,5,0.0089994695762612,0.7364094416300456,59.96002664890073
flipped_part_005.mp4,3563,0,9,0.0163646880103866,0.7635113398234049,0.7679279327392579,6,0.0088927042608459,0.7360187530517578,59.96002664890073
flipped_part_005.mp4,3564,0,8,0.016783295181364,0.8472044626871745,0.9100527339511448,5,0.009115183649701,0.7366806030273437,59.96002664890073
flipped_part_005.mp4,3565,0,9,0.0172220328520693,0.8456116358439127,0.9078989214367336,7,0.0092288680542777,0.7372177759806315,59.96002664890073
flipped_part_005.mp4,3566,0,11,0.0178716380734321,0.842021369934082,0.9042959248578109,7,0.0092749669713709,0.7377195358276367,59.96002664890073
flipped_part_005.mp4,3567,0,11,0.0184257077555122,0.8396537780761719,0.9016488746360496,7,0.0094552578152312,0.7380982716878255,59.96002664890073
flipped_part_005.mp4,3568,0,9,0.0186519008350134,0.8379535675048828,0.8991250921178747,6,0.0097093204507998,0.7386930465698243,59.96002664890073
flipped_part_005.mp4,3569,0,8,0.0190957496827818,0.8366529464721679,0.8962650722927518,5,0.0100640483599272,0.7407133102416992,59.96002664890073
flipped_part_005.mp4,3570,0,9,0.0195359828797922,0.8351221084594727,0.8930510732862684,6,0.0099039721272129,0.7393238067626953,59.96002664890073
flipped_part_005.mp4,3571,0,9,0.0196471204409802,0.834280268351237,0.8914908938937717,5,0.0100820121531271,0.7409824371337891,59.96002664890073
flipped_part_005.mp4,3572,0,8,0.0201609542742678,0.8339145660400391,0.8886887921227349,5,0.0100031536903029,0.7392578125,59.96002664890073
flipped_part_005.mp4,3573,0,9,0.0206134528574451,0.8341773986816406,0.8853632397121853,6,0.0101012575025756,0.7391529719034831,59.96002664890073
flipped_part_005.mp4,3574,0,8,0.0208343654727832,0.833685557047526,0.8842875533633762,5,0.0103393942334352,0.7396458307902019,59.96002664890073
flipped_part_005.mp4,3575,0,7,0.0210382653357202,0.8339024225870768,0.8834552711910671,5,0.0105387851421255,0.7401547114054362,59.96002664890073
flipped_part_005.mp4,3576,0,7,0.0213079143319784,0.8332323710123698,0.8806317223442925,5,0.010578370186553,0.7403960545857747,59.96002664890073
flipped_part_005.mp4,3577,0,8,0.0217575168818412,0.8333361307779948,0.8765948224950719,6,0.0106306397251319,0.7403708775838216,59.96002664890073
flipped_part_005.mp4,3578,0,7,0.0219595609727784,0.8331457773844401,0.8749774968182599,5,0.0107282397140968,0.7406667709350586,59.96002664890073
flipped_part_005.mp4,3579,0,9,0.0218839147900507,0.8322633743286133,0.8740588364777742,5,0.0106455898520958,0.7401293436686198,59.96002664890073
flipped_part_005.mp4,3580,0,10,0.0221289609583052,0.8318920771280924,0.8734822661788375,6,0.0106379648482996,0.7402830759684245,59.96002664890073
flipped_part_005.mp4,3581,0,12,0.0224493826297542,0.8322805404663086,0.8712728147153501,8,0.010707571934472,0.7413998921712239,59.96002664890073
flipped_part_005.mp4,3582,0,12,0.0227179936177223,0.8321012496948242,0.8696314281887478,8,0.0106821333368619,0.7410024642944336,59.96002664890073
flipped_part_005.mp4,3583,0,12,0.0229437237992048,0.8323717753092448,0.8697902255588108,7,0.0107408207872261,0.7412741343180339,59.96002664890073
flipped_part_005.mp4,3584,0,11,0.0234398850971908,0.8303860346476237,0.8654662679742884,6,0.0107963987141071,0.7412920633951823,59.96002664890073
flipped_part_005.mp4,3585,0,11,0.0241059057936521,0.8318342208862305,0.8644251823425293,6,0.0108031665448894,0.7414608637491862,59.96002664890073
flipped_part_005.mp4,3586,0,11,0.0246786150400779,0.831638781229655,0.8625289493136936,6,0.011066172531476,0.7421206156412761,59.96002664890073
flipped_part_005.mp4,3587,0,10,0.024618941490848,0.8317728678385417,0.8603567829838505,6,0.0113284369906695,0.7424385070800781,59.96002664890073
flipped_part_005.mp4,3588,0,7,0.0256113313874508,0.8312235514322917,0.8575079070197211,5,0.0113313879425792,0.7424409866333008,59.96002664890073
flipped_part_005.mp4,3589,0,7,0.0255184747567024,0.830959701538086,0.8561704918190285,4,0.0113627330497547,0.7427824020385743,59.96002664890073
flipped_part_005.mp4,3590,0,7,0.0261362550281854,0.8308895746866862,0.8534251107109918,4,0.0116282888500589,0.7440500895182292,59.96002664890073
flipped_part_005.mp4,3591,0,6,0.0260096929456317,0.8313749313354493,0.8535559919145372,3,0.0117172598442994,0.7440163294474283,59.96002664890073
flipped_part_005.mp4,3592,0,8,0.0274817471217039,0.8364406585693359,0.8510097362377026,5,0.0118229519166943,0.7443443298339844,59.96002664890073
flipped_part_005.mp4,3593,0,9,0.0274942702712552,0.8380625406901042,0.8508550555617721,6,0.0119880193186691,0.7450952529907227,59.96002664890073
flipped_part_005.mp4,3594,0,6,0.0282394949826993,0.8401826858520508,0.8507541303281431,4,0.0122846136974346,0.7458694458007813,59.96002664890073
flipped_part_005.mp4,3595,0,7,0.0291701321754603,0.842950439453125,0.8479339458324291,4,0.0124863216573915,0.7463327407836914,59.96002664890073
flipped_part_005.mp4,3596,0,6,0.0301062431256872,0.8450094223022461,0.8459412097930908,4,0.0127408101171669,0.7465733846028646,59.96002664890073
flipped_part_005.mp4,3597,0,7,0.03033231082498,0.8449570337931315,0.8461492874004223,4,0.013064835606298,0.7471731821695964,59.96002664890073
flipped_part_005.mp4,3598,0,7,0.0304121099898115,0.8440589904785156,0.8452404304786965,5,0.0133492682412907,0.7478128433227539,59.96002664890073
flipped_part_005.mp4,3599,0,7,0.0306796795261198,0.8421696345011394,0.8422734525468615,5,0.0135578203671751,0.7481632232666016,59.96002664890073
flipped_part_005.mp4,3600,0,7,0.0302164240925048,0.8394924799601237,0.839962387084961,5,0.0137954650915937,0.748814582824707,59.96002664890073
flipped_part_005.mp4,3601,0,10,0.0301222597097754,0.8372944513956706,0.8396099090576172,5,0.0139592478500735,0.7493273417154948,59.96002664890073
flipped_part_005.mp4,3602,0,8,0.0298154309080956,0.8349971771240234,0.8385434698175501,5,0.014113839542934,0.7497774124145508,59.96002664890073
flipped_part_005.mp4,3603,0,9,0.0297720568582659,0.8336835861206054,0.8360602131596317,5,0.0142923191758745,0.7500414530436198,59.96002664890073
flipped_part_005.mp4,3604,0,9,0.0293584835745234,0.8299369812011719,0.834650633070204,5,0.0143247414242949,0.7504135131835937,59.96002664890073
flipped_part_005.mp4,3605,0,10,0.0290671417614611,0.828283182779948,0.8342527301223189,6,0.0145092513270059,0.7512747446695963,59.96002664890073
flipped_part_005.mp4,3606,0,8,0.028900836819052,0.8248933792114258,0.8320581224229601,5,0.0148123027523979,0.7523085276285807,59.96002664890073
flipped_part_005.mp4,3607,0,9,0.0277829100439541,0.8201601028442382,0.8343476825290256,5,0.0149150339514017,0.7524426142374675,59.96002664890073
flipped_part_005.mp4,3608,0,10,0.0271552175582022,0.8170827865600586,0.8340002324846055,6,0.0150848109685466,0.7531852722167969,59.96002664890073
flipped_part_005.mp4,3609,0,9,0.02685692006024,0.8153072992960612,0.8323110580444336,6,0.0152180054377014,0.7535858790079752,59.96002664890073
flipped_part_005.mp4,3610,0,8,0.0265195745459317,0.8135545730590821,0.8322744369506836,6,0.0153865634236861,0.7536255518595377,59.96002664890073
flipped_part_005.mp4,3611,0,11,0.0262996511705245,0.8112937927246093,0.8316006978352865,6,0.0156795757217332,0.7544025421142578,59.96002664890073
flipped_part_005.mp4,3612,0,9,0.0266406819801179,0.8099428176879883,0.8271854683204933,5,0.0160096603087677,0.7551639556884766,59.96002664890073
flipped_part_005.mp4,3613,0,9,0.0262488140700184,0.8087113062540691,0.8288833830091689,5,0.0162119332067474,0.7559579213460287,59.96002664890073
flipped_part_005.mp4,3614,0,9,0.0261734253977515,0.8067667643229167,0.827738528781467,5,0.0162097987787435,0.7561859130859375,59.96002664890073
flipped_part_005.mp4,3615,0,8,0.0261594160558403,0.808383051554362,0.8296604580349393,5,0.0164758587958123,0.757539431254069,59.96002664890073
flipped_part_005.mp4,3616,0,8,0.0260926234470146,0.8082495371500651,0.8267600589328342,5,0.0167274434363935,0.7575993220011393,59.96002664890073
flipped_part_005.mp4,3617,0,11,0.0235232484302994,0.8055194854736328,0.838310036835847,7,0.0167829511077595,0.7578500747680664,59.96002664890073
flipped_part_005.mp4,3618,0,7,0.0196797590180699,0.8017961502075195,0.8597904064037182,4,0.0170383754975369,0.7592140197753906,59.96002664890073
flipped_part_005.mp4,3619,0,10,0.0219024569930388,0.7928791681925456,0.8144476201799181,5,0.0175230885126317,0.7596231460571289,59.96002664890073
flipped_part_005.mp4,3620,0,11,0.0212817452325624,0.7946381251017253,0.8039288414849175,5,0.0176406750368456,0.759559440612793,59.96002664890073
flipped_part_005.mp4,3621,0,10,0.0201225530444864,0.7934701919555665,0.7990317397647434,5,0.0181041054612433,0.761058489481608,59.96002664890073
flipped_part_005.mp4,3622,0,9,0.0183503551116532,0.7615543365478515,0.1122216118706597,4,0.0183503551116532,0.7615543365478515,59.96002664890073
flipped_part_005.mp4,3623,0,10,0.0186807506390808,0.7624090194702149,0.1104760346589265,5,0.0186807506390808,0.7624090194702149,59.96002664890073
flipped_part_005.mp4,3624,0,9,0.0190896946068473,0.7632312774658203,0.1082341794614438,5,0.0190896946068473,0.7632312774658203,59.96002664890073
flipped_part_005.mp4,3625,0,8,0.019302183393652,0.7634237289428711,0.106600104437934,5,0.019302183393652,0.7634237289428711,59.96002664890073
flipped_part_005.mp4,3626,0,10,0.0197382411685517,0.7641981760660808,0.1042301036693431,6,0.0197382411685517,0.7641981760660808,59.96002664890073
flipped_part_005.mp4,3627,0,12,0.0197736151342461,0.7642466227213541,0.1028522067599826,7,0.0197736151342461,0.7642466227213541,59.96002664890073
flipped_part_005.mp4,3628,0,10,0.0199506525056387,0.7650421142578125,0.1009716740360966,6,0.0199506525056387,0.7650421142578125,59.96002664890073
flipped_part_005.mp4,3629,0,12,0.0206480698065327,0.7666565577189127,0.0995844523111979,9,0.0206480698065327,0.7666565577189127,59.96002664890073
flipped_part_005.mp4,3630,0,12,0.0208764660340858,0.7667835235595704,0.0968985946090133,7,0.0208764660340858,0.7667835235595704,59.96002664890073
flipped_part_005.mp4,3631,0,12,0.0212924475867314,0.767240333557129,0.0939715915256076,7,0.0212924475867314,0.767240333557129,59.96002664890073
flipped_part_005.mp4,3632,0,13,0.0215449424091127,0.7680769602457682,0.0915422792787905,8,0.0215449424091127,0.7680769602457682,59.96002664890073
flipped_part_005.mp4,3633,0,13,0.0217579639473115,0.768685785929362,0.0899904039171007,7,0.0217579639473115,0.768685785929362,59.96002664890073
flipped_part_005.mp4,3634,0,11,0.022171209327288,0.7698200225830079,0.0877961052788628,6,0.022171209327288,0.7698200225830079,59.96002664890073
flipped_part_005.mp4,3635,0,9,0.0226703601394942,0.7709454854329427,0.0853749027958622,4,0.0226703601394942,0.7709454854329427,59.96002664890073
flipped_part_005.mp4,3636,0,13,0.0231307271732226,0.7719656626383463,0.0822209393536603,5,0.0231307271732226,0.7719656626383463,59.96002664890073
flipped_part_005.mp4,3637,0,11,0.0236133718989397,0.81947447458903,0.8685907204945882,4,0.0235972493505687,0.7729093551635742,59.96002664890073
flipped_part_005.mp4,3638,0,11,0.0238962622411781,0.7735512415568034,0.0767474704318576,5,0.0238962622411781,0.7735512415568034,59.96002664890073
flipped_part_005.mp4,3639,0,11,0.0241829226621323,0.7743938446044922,0.0753390842013888,4,0.0241829226621323,0.7743938446044922,59.96002664890073
flipped_part_005.mp4,3640,0,8,0.0246414331969356,0.7751621246337891,0.0733614886248553,3,0.0246414331969356,0.7751621246337891,59.96002664890073
flipped_part_005.mp4,3641,0,9,0.0251012697071807,0.7762378056844076,0.0707911456072772,3,0.0251012697071807,0.7762378056844076,59.96002664890073
flipped_part_005.mp4,3642,0,8,0.0255543460572759,0.7767702102661133,0.0682227240668402,4,0.0255543460572759,0.7767702102661133,59.96002664890073
flipped_part_005.mp4,3643,0,9,0.0259645732138219,0.7778015772501627,0.064734790943287,5,0.0259645732138219,0.7778015772501627,59.96002664890073
flipped_part_005.mp4,3644,0,9,0.0265793821128318,0.7790603637695312,0.0619683159722222,5,0.0265793821128318,0.7790603637695312,59.96002664890073
flipped_part_005.mp4,3645,0,8,0.0270038700265501,0.779851786295573,0.0575141341597945,4,0.0270038700265501,0.779851786295573,59.96002664890073
flipped_part_005.mp4,3646,0,7,0.0275770424298416,0.7810482660929362,0.0548151934588397,4,0.0275770424298416,0.7810482660929362,59.96002664890073
flipped_part_005.mp4,3647,0,7,0.0279452108502058,0.7822593688964844,0.0530331929524739,3,0.0279452108502058,0.7822593688964844,59.96002664890073
flipped_part_005.mp4,3648,0,7,0.0284600440469673,0.7830326716105144,0.0504286024305555,4,0.0284600440469673,0.7830326716105144,59.96002664890073
flipped_part_005.mp4,3649,0,8,0.0289486133216996,0.783795166015625,0.048242696126302,4,0.0289486133216996,0.783795166015625,59.96002664890073
flipped_part_005.mp4,3650,0,10,0.0296453043990024,0.784833017985026,0.0429628442834924,6,0.0296453043990024,0.784833017985026,59.96002664890073
flipped_part_005.mp4,3651,0,10,0.03002227564753,0.7853144963582357,0.0398473103841145,6,0.03002227564753,0.7853144963582357,59.96002664890073
flipped_part_005.mp4,3652,0,11,0.0305052848856171,0.7861609141031901,0.037302992078993,6,0.0305052848856171,0.7861609141031901,59.96002664890073
flipped_part_005.mp4,3653,0,11,0.0313662158842123,0.7875479380289714,0.0342878836172598,5,0.0313662158842123,0.7875479380289714,59.96002664890073
flipped_part_005.mp4,3654,0,10,0.032132397074262,0.7890127817789714,0.0324102048520688,6,0.032132397074262,0.7890127817789714,59.96002664890073
flipped_part_005.mp4,3655,0,11,0.0324143364131278,0.7892998377482097,0.0306521945529513,6,0.0324143364131278,0.7892998377482097,59.96002664890073
flipped_part_005.mp4,3656,0,14,0.0331984874857503,0.790803591410319,0.0270393089011863,7,0.0331984874857503,0.790803591410319,59.96002664890073
flipped_part_005.mp4,3657,0,15,0.0338430169493572,0.7917526245117188,0.0250453807689525,6,0.0338430169493572,0.7917526245117188,59.96002664890073
flipped_part_005.mp4,3658,0,16,0.0345218679762479,0.7929564158121745,0.022353278266059,8,0.0345218679762479,0.7929564158121745,59.96002664890073
flipped_part_005.mp4,3659,0,15,0.0351217308655678,0.7940315882364909,0.0185360661259403,7,0.0351217308655678,0.7940315882364909,59.96002664890073
flipped_part_005.mp4,3660,0,15,0.0360408964859218,0.7950568517049154,0.0132181803385416,7,0.0360408964859218,0.7950568517049154,59.96002664890073
flipped_part_005.mp4,3661,0,15,0.0371604565802004,0.7973640441894532,0.0086872242115162,8,0.0371604565802004,0.7973640441894532,59.96002664890073
flipped_part_005.mp4,3662,0,13,0.0378983310403742,0.7986128489176433,0.0057398760760271,6,0.0378983310403742,0.7986128489176433,59.96002664890073
flipped_part_005.mp4,3663,0,13,0.038378194336498,0.7995529174804688,0.0027373419867621,6,0.038378194336498,0.7995529174804688,59.96002664890073
flipped_part_005.mp4,3664,0,13,0.0395078485948357,0.800792376200358,0.0039494549786603,5,0.0395078485948357,0.800792376200358,59.96002664890073
flipped_part_005.mp4,3665,0,10,0.0402987694971437,0.8019238154093424,0.0081137480559172,4,0.0402987694971437,0.8019238154093424,59.96002664890073
flipped_part_005.mp4,3666,0,10,0.0408891355847622,0.8033495585123698,0.0086216961895978,3,0.0408891355847622,0.8033495585123698,59.96002664890073
flipped_part_005.mp4,3667,0,10,0.0421342009911313,0.805499267578125,0.0134674072265625,5,0.0421342009911313,0.805499267578125,59.96002664890073
flipped_part_005.mp4,3668,0,12,0.0430105291016634,0.8075306574503581,0.0190680327238859,6,0.0430105291016634,0.8075306574503581,59.96002664890073
flipped_part_005.mp4,3669,0,11,0.0439817231402223,0.8090295791625977,0.0222468905978732,5,0.0439817231402223,0.8090295791625977,59.96002664890073
