video,frame,risk_label,count_total,area_frac,bottom_y_norm,center_x_dist,count_in_roi_all,max_area_in_roi_all,max_bottom_y_in_roi_all,fps
part_003.mp4,0,0,6,0.0249777110713761,0.8262453079223633,0.6557638521547671,5,0.0015841145458506,0.712104606628418,59.96002664890073
part_003.mp4,1,0,6,0.0246433421101041,0.8257810592651367,0.6453814753779659,5,0.0015060828331237,0.7124345779418946,59.96002664890073
part_003.mp4,2,0,4,0.02411762992714,0.8241905212402344,0.6352646721733941,3,0.0009278807333127,0.7128519058227539,59.96002664890073
part_003.mp4,3,0,5,0.0239163472450066,0.8226415634155273,0.6297535366482205,4,0.0013246285179371,0.7131418863932292,59.96002664890073
part_003.mp4,4,0,4,0.0232593768954043,0.8206392288208008,0.6202693939208984,3,0.0009642799825437,0.7135201772054036,59.96002664890073
part_003.mp4,5,0,5,0.023050262813259,0.8212223688761393,0.6153099060058593,4,0.0013953121877016,0.7134779612223308,59.96002664890073
part_003.mp4,6,0,5,0.0222540176247841,0.820167605082194,0.6094368828667535,4,0.0014151207461772,0.7139430999755859,59.96002664890073
part_003.mp4,7,0,5,0.0218832827999803,0.819343630472819,0.602641847398546,4,0.0014179775457079,0.7143426895141601,59.96002664890073
part_003.mp4,8,0,5,0.022121396597706,0.8187938690185547,0.59460326300727,5,0.022121396597706,0.8187938690185547,59.96002664890073
part_003.mp4,9,0,5,0.0217021423856365,0.8181412378946941,0.5865197075737847,5,0.0217021423856365,0.8181412378946941,59.96002664890073
part_003.mp4,10,0,6,0.0208621195495248,0.8168045043945312,0.5764100392659505,6,0.0208621195495248,0.8168045043945312,59.96002664890073
part_003.mp4,11,0,6,0.0205567543981898,0.8156210581461588,0.5704966227213542,6,0.0205567543981898,0.8156210581461588,59.96002664890073
part_003.mp4,12,0,6,0.020221821554668,0.8150376001993815,0.5633030361599393,6,0.020221821554668,0.8150376001993815,59.96002664890073
part_003.mp4,13,0,6,0.0199606249519813,0.8144114176432292,0.5584572403519242,6,0.0199606249519813,0.8144114176432292,59.96002664890073
part_003.mp4,14,0,4,0.0196903913521964,0.8145263671875,0.550048107571072,4,0.0196903913521964,0.8145263671875,59.96002664890073
part_003.mp4,15,0,4,0.0194069934435807,0.814212417602539,0.5440019819471571,4,0.0194069934435807,0.814212417602539,59.96002664890073
part_003.mp4,16,0,5,0.0598705894951449,0.8357879638671875,0.8074001736111112,4,0.0189834498421286,0.8142534891764323,59.96002664890073
part_003.mp4,17,0,5,0.0184423956093464,0.8137834548950196,0.5316019694010417,5,0.0184423956093464,0.8137834548950196,59.96002664890073
part_003.mp4,18,0,5,0.0182901765446769,0.8134483973185221,0.5266112009684245,5,0.0182901765446769,0.8134483973185221,59.96002664890073
part_003.mp4,19,0,5,0.018005206991554,0.81239013671875,0.5207197542543764,5,0.018005206991554,0.81239013671875,59.96002664890073
part_003.mp4,20,0,6,0.0177163851773662,0.8116324106852214,0.5158809379295066,6,0.0177163851773662,0.8116324106852214,59.96002664890073
part_003.mp4,21,0,6,0.0174114701969072,0.8108971277872722,0.5087822949444806,6,0.0174114701969072,0.8108971277872722,59.96002664890073
part_003.mp4,22,0,6,0.017157017692031,0.8106047312418619,0.5011507952654803,6,0.017157017692031,0.8106047312418619,59.96002664890073
part_003.mp4,23,0,6,0.0168742125782214,0.8097279230753581,0.4976638793945312,6,0.0168742125782214,0.8097279230753581,59.96002664890073
part_003.mp4,24,0,4,0.0164306545162657,0.8090428034464519,0.4896110675953052,4,0.0164306545162657,0.8090428034464519,59.96002664890073
part_003.mp4,25,0,5,0.016318072170605,0.8090028762817383,0.4841456236662688,5,0.016318072170605,0.8090028762817383,59.96002664890073
part_003.mp4,26,0,5,0.0165296769168452,0.8100041071573894,0.4771844369393808,5,0.0165296769168452,0.8100041071573894,59.96002664890073
part_003.mp4,27,0,6,0.0160182346323347,0.8083626429239908,0.4729421121102792,6,0.0160182346323347,0.8083626429239908,59.96002664890073
part_003.mp4,28,0,5,0.0158975055686217,0.8079441706339519,0.4678694831000434,5,0.0158975055686217,0.8079441706339519,59.96002664890073
part_003.mp4,29,0,4,0.0155708094283343,0.807315444946289,0.4623608907063802,4,0.0155708094283343,0.807315444946289,59.96002664890073
part_003.mp4,30,0,4,0.0151643387738322,0.8066751480102539,0.4554212782118055,4,0.0151643387738322,0.8066751480102539,59.96002664890073
part_003.mp4,31,0,4,0.0149958087277573,0.8060742060343424,0.4498406445538556,4,0.0149958087277573,0.8060742060343424,59.96002664890073
part_003.mp4,32,0,4,0.0145774672112505,0.8054510752360026,0.4455523173014323,4,0.0145774672112505,0.8054510752360026,59.96002664890073
part_003.mp4,33,0,4,0.0142826997444111,0.8046173731486003,0.4395157284206814,4,0.0142826997444111,0.8046173731486003,59.96002664890073
part_003.mp4,34,0,3,0.0143343628884758,0.804135513305664,0.4355519612630208,3,0.0143343628884758,0.804135513305664,59.96002664890073
part_003.mp4,35,0,3,0.0138869407876309,0.803251075744629,0.430714769716616,3,0.0138869407876309,0.803251075744629,59.96002664890073
part_003.mp4,36,0,3,0.0136139517344417,0.8026342391967773,0.4260209825303819,3,0.0136139517344417,0.8026342391967773,59.96002664890073
part_003.mp4,37,0,3,0.0133373501375899,0.8022118250528971,0.4215972617820457,3,0.0133373501375899,0.8022118250528971,59.96002664890073
part_003.mp4,38,0,3,0.0132985163698807,0.8024614969889323,0.4163102467854818,3,0.0132985163698807,0.8024614969889323,59.96002664890073
part_003.mp4,39,0,3,0.0130546230174432,0.8018802642822266,0.411845228407118,3,0.0130546230174432,0.8018802642822266,59.96002664890073
part_003.mp4,40,0,3,0.0128712563536181,0.801189104715983,0.4057917277018229,3,0.0128712563536181,0.801189104715983,59.96002664890073
part_003.mp4,41,0,3,0.0127244819019041,0.8011238098144531,0.4001003689236111,3,0.0127244819019041,0.8011238098144531,59.96002664890073
part_003.mp4,42,0,3,0.0124737385380043,0.8002059936523438,0.3975739373101128,3,0.0124737385380043,0.8002059936523438,59.96002664890073
part_003.mp4,43,0,3,0.0124190757996041,0.7999053955078125,0.3950306786431206,3,0.0124190757996041,0.7999053955078125,59.96002664890073
part_003.mp4,44,0,3,0.0121936514910582,0.7991720199584961,0.3922265794542101,3,0.0121936514910582,0.7991720199584961,59.96002664890073
part_003.mp4,45,0,3,0.0118774690359067,0.7987653732299804,0.3870652516682942,3,0.0118774690359067,0.7987653732299804,59.96002664890073
part_003.mp4,46,0,3,0.0115649565898153,0.797651735941569,0.3840583801269531,3,0.0115649565898153,0.797651735941569,59.96002664890073
part_003.mp4,47,0,3,0.0112942314684232,0.7970312754313151,0.3785378067581741,3,0.0112942314684232,0.7970312754313151,59.96002664890073
part_003.mp4,48,0,3,0.01136794668746,0.7972157160441081,0.3726016998291016,3,0.01136794668746,0.7972157160441081,59.96002664890073
part_003.mp4,49,0,4,0.0112699221135699,0.7969438552856445,0.3677072313096788,4,0.0112699221135699,0.7969438552856445,59.96002664890073
part_003.mp4,50,0,4,0.011247816170168,0.7967962900797526,0.3648163689507378,4,0.011247816170168,0.7967962900797526,59.96002664890073
part_003.mp4,51,0,4,0.011003313367352,0.795846684773763,0.3615896436903212,4,0.011003313367352,0.795846684773763,59.96002664890073
part_003.mp4,52,0,3,0.0107093062743661,0.795141855875651,0.357798343234592,3,0.0107093062743661,0.795141855875651,59.96002664890073
part_003.mp4,53,0,4,0.010558601881262,0.7945290883382161,0.3554172939724392,4,0.010558601881262,0.7945290883382161,59.96002664890073
part_003.mp4,54,0,3,0.0105380525431057,0.794709587097168,0.3497166810212312,3,0.0105380525431057,0.794709587097168,59.96002664890073
part_003.mp4,55,0,3,0.0103020217212098,0.7943078994750976,0.3451816417552806,3,0.0103020217212098,0.7943078994750976,59.96002664890073
part_003.mp4,56,0,3,0.0102300111185522,0.7932544708251953,0.3400355303729022,3,0.0102300111185522,0.7932544708251953,59.96002664890073
part_003.mp4,57,0,4,0.010151494038744,0.7930020650227865,0.3386229621039496,4,0.010151494038744,0.7930020650227865,59.96002664890073
part_003.mp4,58,0,3,0.0100598216038283,0.7927207946777344,0.3350889417860243,3,0.0100598216038283,0.7927207946777344,59.96002664890073
part_003.mp4,59,0,4,0.0101149281023147,0.7929782867431641,0.3316902160644531,4,0.0101149281023147,0.7929782867431641,59.96002664890073
part_003.mp4,60,0,4,0.0099651949082423,0.7927736282348633,0.3276771827980324,4,0.0099651949082423,0.7927736282348633,59.96002664890073
part_003.mp4,61,0,3,0.0095784023121706,0.7919655481974284,0.3244847615559896,3,0.0095784023121706,0.7919655481974284,59.96002664890073
part_003.mp4,62,0,3,0.009459586283289,0.7917730967203777,0.3187152721263744,3,0.009459586283289,0.7917730967203777,59.96002664890073
part_003.mp4,63,0,4,0.0093768059083959,0.7915109634399414,0.3156834920247396,4,0.0093768059083959,0.7915109634399414,59.96002664890073
part_003.mp4,64,0,4,0.0090991695505929,0.7909939448038737,0.3117770159686053,4,0.0090991695505929,0.7909939448038737,59.96002664890073
part_003.mp4,65,0,3,0.0091701527749171,0.7909053802490235,0.3072403801812066,3,0.0091701527749171,0.7909053802490235,59.96002664890073
part_003.mp4,66,0,3,0.0091323190688207,0.7908070246378581,0.3061522872359664,3,0.0091323190688207,0.7908070246378581,59.96002664890073
part_003.mp4,67,0,3,0.0089521467368791,0.7902360916137695,0.3023036815502025,3,0.0089521467368791,0.7902360916137695,59.96002664890073
part_003.mp4,68,0,3,0.0087817954818537,0.7898877461751302,0.300506846110026,3,0.0087817954818537,0.7898877461751302,59.96002664890073
part_003.mp4,69,0,3,0.0085770975669018,0.789085578918457,0.29680746572989,3,0.0085770975669018,0.789085578918457,59.96002664890073
part_003.mp4,70,0,3,0.0083961900517115,0.7888511657714844,0.2915516606083623,3,0.0083961900517115,0.7888511657714844,59.96002664890073
part_003.mp4,71,0,3,0.0084798824681934,0.788633918762207,0.2886978149414062,3,0.0084798824681934,0.788633918762207,59.96002664890073
part_003.mp4,72,0,3,0.0082533867086264,0.7879989624023438,0.2848150465223524,3,0.0082533867086264,0.7879989624023438,59.96002664890073
part_003.mp4,73,0,3,0.0079780000708221,0.7877020517985026,0.2821224636501736,3,0.0079780000708221,0.7877020517985026,59.96002664890073
part_003.mp4,74,0,3,0.00766053150699,0.787648073832194,0.2760057237413194,3,0.00766053150699,0.787648073832194,59.96002664890073
part_003.mp4,75,0,3,0.0077824429059088,0.7873310724894206,0.2732480367024739,3,0.0077824429059088,0.7873310724894206,59.96002664890073
part_003.mp4,76,0,4,0.0080152567482501,0.7867805480957031,0.2717838993778935,4,0.0080152567482501,0.7867805480957031,59.96002664890073
part_003.mp4,77,0,3,0.0078568218381486,0.7863273620605469,0.2680630436650029,3,0.0078568218381486,0.7863273620605469,59.96002664890073
part_003.mp4,78,0,3,0.0077984503844075,0.7857974370320638,0.2642550433123553,3,0.0077984503844075,0.7857974370320638,59.96002664890073
part_003.mp4,79,0,3,0.0077571782786657,0.7854286193847656,0.2612559000651042,3,0.0077571782786657,0.7854286193847656,59.96002664890073
part_003.mp4,80,0,3,0.0077452888991683,0.7853031794230143,0.2579908582899305,3,0.0077452888991683,0.7853031794230143,59.96002664890073
part_003.mp4,81,0,3,0.0077361465100918,0.7852872848510742,0.2551990367748119,3,0.0077361465100918,0.7852872848510742,59.96002664890073
part_003.mp4,82,0,3,0.0076453480924882,0.7846899032592773,0.2523293671784578,3,0.0076453480924882,0.7846899032592773,59.96002664890073
part_003.mp4,83,0,3,0.0075445123190972,0.7844158808390299,0.2508431611237702,3,0.0075445123190972,0.7844158808390299,59.96002664890073
part_003.mp4,84,0,3,0.0073925436242414,0.7839483261108399,0.2479367008915654,3,0.0073925436242414,0.7839483261108399,59.96002664890073
part_003.mp4,85,0,3,0.0072065223882802,0.7835206985473633,0.2450763278537326,3,0.0072065223882802,0.7835206985473633,59.96002664890073
part_003.mp4,86,0,3,0.0070429580564248,0.7833538691202799,0.2410877934208622,3,0.0070429580564248,0.7833538691202799,59.96002664890073
part_003.mp4,87,0,3,0.0071657146706517,0.7835540771484375,0.2382353888617621,3,0.0071657146706517,0.7835540771484375,59.96002664890073
part_003.mp4,88,0,3,0.0069216366479748,0.7828757603963216,0.234849124484592,3,0.0069216366479748,0.7828757603963216,59.96002664890073
part_003.mp4,89,0,3,0.0068292296546537,0.7826189041137696,0.2321897718641493,3,0.0068292296546537,0.7826189041137696,59.96002664890073
part_003.mp4,90,0,3,0.0067065243671607,0.7823149363199869,0.2291041338885272,3,0.0067065243671607,0.7823149363199869,59.96002664890073
part_003.mp4,91,0,3,0.0067812168613697,0.7822205225626627,0.2270802815755208,3,0.0067812168613697,0.7822205225626627,59.96002664890073
part_003.mp4,92,0,3,0.0067611330184553,0.7823379516601563,0.2221674883807147,3,0.0067611330184553,0.7823379516601563,59.96002664890073
part_003.mp4,93,0,3,0.0067410285354977,0.7823051452636719,0.2211761757179542,3,0.0067410285354977,0.7823051452636719,59.96002664890073
part_003.mp4,94,0,3,0.0064511690903843,0.7810505549112956,0.2188364099573206,3,0.0064511690903843,0.7810505549112956,59.96002664890073
part_003.mp4,95,0,4,0.0064925460523227,0.7809902826944987,0.2157881277578848,4,0.0064925460523227,0.7809902826944987,59.96002664890073
part_003.mp4,96,0,4,0.0062067478274736,0.7808774948120117,0.2134233262803819,4,0.0062067478274736,0.7808774948120117,59.96002664890073
part_003.mp4,97,0,4,0.0060490323795238,0.7799633026123047,0.2118231879340277,4,0.0060490323795238,0.7799633026123047,59.96002664890073
part_003.mp4,98,0,4,0.0060178743811169,0.7798110961914062,0.2078745524088541,4,0.0060178743811169,0.7798110961914062,59.96002664890073
part_003.mp4,99,0,3,0.0061449996990214,0.7801509221394857,0.2057209438747829,3,0.0061449996990214,0.7801509221394857,59.96002664890073
part_003.mp4,100,0,3,0.0060242715044296,0.7799213409423829,0.2048266092936198,3,0.0060242715044296,0.7799213409423829,59.96002664890073
part_003.mp4,101,0,3,0.0060898780231622,0.7794246673583984,0.2001429239908854,3,0.0060898780231622,0.7794246673583984,59.96002664890073
part_003.mp4,102,0,3,0.0061144002942859,0.7790518442789713,0.1974235534667968,3,0.0061144002942859,0.7790518442789713,59.96002664890073
part_003.mp4,103,0,4,0.0057556253563638,0.7778828303019206,0.1954016791449652,4,0.0057556253563638,0.7786750793457031,59.96002664890073
part_003.mp4,104,0,5,0.0044833733365521,0.7780136744181315,0.2149967617458767,5,0.0044833733365521,0.7780136744181315,59.96002664890073
part_003.mp4,105,0,4,0.0043309108958217,0.777435302734375,0.2097568088107639,4,0.0043309108958217,0.777435302734375,59.96002664890073
part_003.mp4,106,0,5,0.0037973589439287,0.7766468683878581,0.2220137136953848,5,0.0037973589439287,0.7766468683878581,59.96002664890073
part_003.mp4,107,0,5,0.0051684539689126,0.7766756057739258,0.1827877468532986,5,0.0051684539689126,0.7766756057739258,59.96002664890073
part_003.mp4,108,0,4,0.0056212655483654,0.7766358057657877,0.1794865360966435,4,0.0056212655483654,0.7770318984985352,59.96002664890073
part_003.mp4,109,0,3,0.0055515718434859,0.775915781656901,0.1787668863932291,3,0.0055515718434859,0.775915781656901,59.96002664890073
part_003.mp4,110,0,3,0.0056064736796543,0.775619633992513,0.1770160251193576,3,0.0056064736796543,0.775619633992513,59.96002664890073
part_003.mp4,111,0,3,0.0057686288344956,0.7753925323486328,0.1746919702600549,3,0.0057686288344956,0.7753925323486328,59.96002664890073
part_003.mp4,112,0,4,0.0056049931804914,0.7747744242350261,0.1716817502622251,4,0.0056049931804914,0.7753552118937175,59.96002664890073
part_003.mp4,113,0,3,0.0054558596562775,0.7747415542602539,0.1690863715277777,3,0.0054558596562775,0.7747415542602539,59.96002664890073
part_003.mp4,114,0,4,0.0051611405626129,0.7738302230834961,0.1674587956181279,4,0.0051611405626129,0.7742404937744141,59.96002664890073
part_003.mp4,115,0,5,0.0051631032512954,0.7735278447469075,0.1654798719618055,4,0.0051631032512954,0.7739691416422526,59.96002664890073
part_003.mp4,116,0,4,0.0049686309547622,0.7710027058919271,0.1621982433177806,3,0.0049686309547622,0.7710027058919271,59.96002664890073
part_003.mp4,117,0,4,0.0050632564464108,0.7719636917114258,0.1589852509675202,3,0.0050632564464108,0.7719636917114258,59.96002664890073
part_003.mp4,118,0,4,0.0061319592420255,0.8498760223388672,0.9420155101352268,3,0.0050861366129089,0.771218744913737,59.96002664890073
part_003.mp4,119,0,5,0.0071959125961573,0.8523667017618816,0.9343078754566334,4,0.0046923952964587,0.7716485977172851,59.96002664890073
part_003.mp4,120,0,4,0.007863355070398,0.8523020426432292,0.9282461166381836,3,0.0049846713505735,0.7697886784871419,59.96002664890073
part_003.mp4,121,0,4,0.0088301393843216,0.855354118347168,0.9230839729309082,3,0.0050020236912974,0.7699676513671875,59.96002664890073
part_003.mp4,122,0,4,0.0096094682597207,0.8557659784952799,0.916154130299886,3,0.0049671133532207,0.7705908457438151,59.96002664890073
part_003.mp4,123,0,4,0.0104226110900223,0.8555481592814128,0.9081206109788684,3,0.004799794726935,0.7703640619913737,59.96002664890073
part_003.mp4,124,0,4,0.0111919676162102,0.8557047526041667,0.9021983252631294,3,0.0047587915218685,0.7699915568033854,59.96002664890073
part_003.mp4,125,0,4,0.0113773997367429,0.8554475784301758,0.9007962226867676,3,0.0047003617150461,0.7701079686482747,59.96002664890073
part_003.mp4,126,0,4,0.0117580070728217,0.8554651896158855,0.895375845167372,3,0.0043387210116068,0.769039535522461,59.96002664890073
part_003.mp4,127,0,4,0.0127287243381791,0.8548582712809245,0.8874309062957764,3,0.0043254119546255,0.7687252044677735,59.96002664890073
part_003.mp4,128,0,4,0.0134488989247104,0.8542727152506511,0.8846741835276286,3,0.0043756900750996,0.7683419545491537,59.96002664890073
part_003.mp4,129,0,4,0.0139356813236372,0.8537738800048829,0.8806956821017795,3,0.0040739844065306,0.7675651550292969,59.96002664890073
part_003.mp4,130,0,4,0.0143754642447789,0.8527702331542969,0.8753617004111961,3,0.0043038833248867,0.7677832921346028,59.96002664890073
part_003.mp4,131,0,4,0.014940853000264,0.851102066040039,0.8673845326458967,3,0.0046075848461632,0.7676963806152344,59.96002664890073
part_003.mp4,132,0,4,0.0159586077899331,0.8517285029093424,0.8617905793366609,3,0.0047155789785406,0.7677162170410157,59.96002664890073
part_003.mp4,133,0,4,0.0163274549853836,0.8511585871378581,0.8589195728302002,3,0.0045832276681903,0.7671955744425456,59.96002664890073
part_003.mp4,134,0,4,0.0165165767558551,0.8511594772338867,0.8564250804759838,3,0.0037214300380735,0.7667165120442708,59.96002664890073
part_003.mp4,135,0,5,0.0172886199633285,0.8527905146280924,0.8518004735310872,4,0.0041378769036928,0.7662989298502604,59.96002664890073
part_003.mp4,136,0,5,0.0178359153869809,0.8519859949747721,0.8463692082299127,4,0.0041464891482825,0.7661402384440105,59.96002664890073
part_003.mp4,137,0,4,0.0184699712581459,0.8521738688151042,0.8415454387664795,3,0.0035691859604906,0.7658260345458985,59.96002664890073
part_003.mp4,138,0,4,0.0182267612522897,0.8480701446533203,0.837612286320439,3,0.004183614993235,0.7655460993448894,59.96002664890073
part_003.mp4,139,0,4,0.0182408447386599,0.8453600565592448,0.833671342002021,3,0.0041517790718892,0.7653370539347331,59.96002664890073
part_003.mp4,140,0,4,0.0190770400085926,0.8460834503173829,0.826526133219401,3,0.0041315365507034,0.7650762557983398,59.96002664890073
part_003.mp4,141,0,4,0.0197306090429143,0.8453315734863281,0.8193987175270363,3,0.0040389856286088,0.7648403167724609,59.96002664890073
part_003.mp4,142,0,4,0.0199811057081118,0.844189453125,0.8167680810998987,3,0.0039691880892927,0.7635200500488282,59.96002664890073
part_003.mp4,143,0,4,0.0202553976769231,0.8440680185953776,0.8154750046906648,3,0.0040519788594974,0.7640478134155273,59.96002664890073
part_003.mp4,144,0,4,0.020478617335536,0.8436393737792969,0.8135788670292607,3,0.003948089101019,0.763730812072754,59.96002664890073
part_003.mp4,145,0,5,0.021036405763702,0.8449352264404297,0.8092651791042752,4,0.0040048522121408,0.7632994333902995,59.96002664890073
part_003.mp4,146,0,5,0.0217674049921576,0.8461220423380534,0.8037496001632125,4,0.0039811360876774,0.7631207148234049,59.96002664890073
part_003.mp4,147,0,5,0.0226698240872469,0.8462818145751954,0.7978773752848307,4,0.0038740671686698,0.7626850128173828,59.96002664890073
part_003.mp4,148,0,5,0.0228364460639164,0.8456373850504557,0.7934837341308594,4,0.0038503336184658,0.7624114990234375,59.96002664890073
part_003.mp4,149,0,5,0.0236886151420185,0.8475292841593425,0.7923879199557834,4,0.0037992818125546,0.7620140075683594,59.96002664890073
part_003.mp4,150,0,5,0.0245316053462415,0.849525260925293,0.7888492796156141,4,0.003751304141378,0.7618785222371419,59.96002664890073
part_003.mp4,151,0,4,0.024639314203806,0.8475553512573242,0.7844991966530129,3,0.0036348345336995,0.7616023381551107,59.96002664890073
part_003.mp4,152,0,4,0.0254411086207076,0.848247210184733,0.7804015971996167,3,0.0035635041759868,0.7615896224975586,59.96002664890073
part_003.mp4,153,0,4,0.026304703841015,0.8491321563720703,0.776800028483073,3,0.0035768049297729,0.7616859436035156,59.96002664890073
part_003.mp4,154,0,4,0.0269728314345465,0.8502134323120117,0.7734815668176722,3,0.0035240846689945,0.7616079330444336,59.96002664890073
part_003.mp4,155,0,4,0.0278798001117118,0.8512556711832683,0.7713351002445927,3,0.0033862922187998,0.7608812332153321,59.96002664890073
part_003.mp4,156,0,4,0.0281750137434573,0.8520788192749024,0.7692998250325521,3,0.0034393390158301,0.7607447306315104,59.96002664890073
part_003.mp4,157,0,4,0.0289828544782034,0.8541576385498046,0.7658693949381511,3,0.0035247420906455,0.7603851318359375,59.96002664890073
part_003.mp4,158,0,4,0.0294684892337762,0.8539154052734375,0.7619216071234809,3,0.0036098173967929,0.7602698644002278,59.96002664890073
part_003.mp4,159,0,6,0.0301598936859954,0.8548834482828777,0.7548310385810004,5,0.0036018860283851,0.7598632176717123,59.96002664890073
part_003.mp4,160,0,4,0.0302332470801047,0.8535128275553385,0.752518583227087,3,0.0036119410532841,0.7594955444335938,59.96002664890073
part_003.mp4,161,0,4,0.0306182409217055,0.8526144663492838,0.749065038892958,3,0.0036111578964078,0.7591845830281575,59.96002664890073
part_003.mp4,162,0,4,0.0310126395350622,0.8526386260986328,0.7471092012193468,3,0.0034438547759782,0.7587820053100586,59.96002664890073
part_003.mp4,163,0,5,0.0308886607379342,0.8513966242472331,0.7456066555447048,4,0.003319033620506,0.7572460174560547,59.96002664890073
part_003.mp4,164,0,4,0.031073955673346,0.8500658671061198,0.7442488776312934,3,0.0033738555984261,0.7573586146036784,59.96002664890073
part_003.mp4,165,0,4,0.0308741150278486,0.8473922729492187,0.7407477696736654,3,0.0034323296005001,0.7576395670572916,59.96002664890073
part_003.mp4,166,0,4,0.0314398927383081,0.8466941833496093,0.7345557954576281,3,0.003431524259353,0.7575908660888672,59.96002664890073
part_003.mp4,167,0,4,0.0318096600302292,0.8463743209838868,0.7322273819534867,3,0.003422646543703,0.7573891321818034,59.96002664890073
part_003.mp4,168,0,4,0.0317584918812631,0.8454931894938151,0.730524946142126,3,0.0033593191802975,0.7571008046468098,59.96002664890073
part_003.mp4,169,0,4,0.0322418957132915,0.8453219095865886,0.7281515615957754,3,0.0033002374100679,0.7560393015543619,59.96002664890073
part_003.mp4,170,0,4,0.0323674545652897,0.8447381973266601,0.7263517450403284,3,0.0032884391086365,0.7561426798502604,59.96002664890073
part_003.mp4,171,0,4,0.0324182197943913,0.8435142517089844,0.723169595223886,3,0.0033584614571494,0.7566976547241211,59.96002664890073
part_003.mp4,172,0,4,0.032135369359231,0.8430164972941081,0.7222969902886285,3,0.0033704335959236,0.7568570454915364,59.96002664890073
part_003.mp4,173,0,4,0.0322337368732702,0.8416098276774089,0.7183502267908167,3,0.0033367572604792,0.7568140665690104,59.96002664890073
part_003.mp4,174,0,4,0.0324507945344548,0.8407162348429362,0.7160205134639034,3,0.0033252282126412,0.7563068389892578,59.96002664890073
part_003.mp4,175,0,4,0.0328511026116366,0.8398639678955078,0.7127526530513058,3,0.0033248924814203,0.7562980651855469,59.96002664890073
part_003.mp4,176,0,4,0.0326218729467048,0.8383831024169922,0.7100935406155057,3,0.0033244502596143,0.7560593287150065,59.96002664890073
part_003.mp4,177,0,4,0.0330979516135922,0.8388666152954102,0.707060467755353,3,0.0032329166068208,0.7558452606201171,59.96002664890073
part_003.mp4,178,0,4,0.0333027478518564,0.8384250640869141,0.7051898567764847,3,0.0030608068789243,0.7550453821818034,59.96002664890073
part_003.mp4,179,0,3,0.0335245562985073,0.8382502237955729,0.703470442030165,2,0.0030233406697893,0.7550667444864909,59.96002664890073
part_003.mp4,180,0,3,0.0330937984161933,0.8366323471069336,0.7031133157235605,2,0.0029605201103711,0.7543553034464519,59.96002664890073
part_003.mp4,181,0,3,0.0330503909279327,0.8348031997680664,0.6997437936288339,2,0.0030355318314589,0.7544879913330078,59.96002664890073
part_003.mp4,182,0,4,0.0329435673354526,0.8322515487670898,0.69839874903361,3,0.0029197539160794,0.753325080871582,59.96002664890073
part_003.mp4,183,0,4,0.0335204853398964,0.8331289291381836,0.6955562167697482,3,0.0028505281054337,0.7531625747680664,59.96002664890073
part_003.mp4,184,0,3,0.0337686955077495,0.8332687377929687,0.6925889862908258,2,0.002795534822443,0.7526580174763997,59.96002664890073
part_003.mp4,185,0,3,0.0337318539008534,0.8323607126871745,0.6897742094816985,2,0.0027609651754998,0.7529868443806966,59.96002664890073
part_003.mp4,186,0,3,0.0335621391632578,0.8313254038492839,0.6856420764216671,2,0.002726163772685,0.7526249567667643,59.96002664890073
part_003.mp4,187,0,3,0.0329887489519023,0.8301949183146159,0.682572513156467,2,0.002837961570972,0.7528341929117839,59.96002664890073
part_003.mp4,188,0,3,0.0326226210447149,0.8294319152832031,0.6773582175925926,2,0.0029128206730604,0.7530026117960612,59.96002664890073
part_003.mp4,189,0,4,0.031715861427383,0.8280340194702148,0.6719846972712764,3,0.0029015240642183,0.7531602859497071,59.96002664890073
part_003.mp4,190,0,4,0.0309801040207094,0.8273469924926757,0.6618166817559137,3,0.0028448805838653,0.7528984705607097,59.96002664890073
part_003.mp4,191,0,3,0.0307617392506371,0.8255924224853516,0.6546342002020942,2,0.002785861447337,0.7525861740112305,59.96002664890073
part_003.mp4,192,0,3,0.0305155216890852,0.8251450220743816,0.6471605088975695,2,0.0026932858854006,0.7516696929931641,59.96002664890073
part_003.mp4,193,0,3,0.030059405240075,0.8243969599405925,0.640486643049452,2,0.0027395202081081,0.7517126083374024,59.96002664890073
part_003.mp4,194,0,3,0.0295704465209706,0.8239063262939453,0.6335610177781846,2,0.0027266931955495,0.7515558242797852,59.96002664890073
part_003.mp4,195,0,3,0.0289569437310921,0.8225020090738933,0.6257672203911675,2,0.0027172466470316,0.7514583587646484,59.96002664890073
part_003.mp4,196,0,3,0.0279727205377093,0.8204837799072265,0.6180943206504539,2,0.0027532129752216,0.7514698664347331,59.96002664890073
part_003.mp4,197,0,3,0.0273823538519031,0.820009994506836,0.6122462378607856,2,0.0027528545237469,0.7514982223510742,59.96002664890073
part_003.mp4,198,0,3,0.0274958366729859,0.8201087951660156,0.6058440738254123,2,0.0026968206562903,0.7514720280965169,59.96002664890073
part_003.mp4,199,0,4,0.0269627207921803,0.8189295450846354,0.599464084483959,4,0.0269627207921803,0.8189295450846354,59.96002664890073
part_003.mp4,200,0,4,0.0265274913681464,0.817853037516276,0.5938528555410879,4,0.0265274913681464,0.817853037516276,59.96002664890073
part_003.mp4,201,0,4,0.0259983198705595,0.8170332590738932,0.5897498801902489,4,0.0259983198705595,0.8170332590738932,59.96002664890073
part_003.mp4,202,0,4,0.0254636317209466,0.8166101455688477,0.5832444508870442,4,0.0254636317209466,0.8166101455688477,59.96002664890073
part_003.mp4,203,0,4,0.0252192487729997,0.816035270690918,0.5775634765625,4,0.0252192487729997,0.816035270690918,59.96002664890073
part_003.mp4,204,0,4,0.0243856864167631,0.8154420852661133,0.5692326157181351,4,0.0243856864167631,0.8154420852661133,59.96002664890073
part_003.mp4,205,0,4,0.0237634685297153,0.8143095016479492,0.5640365176730686,4,0.0237634685297153,0.8143095016479492,59.96002664890073
part_003.mp4,206,0,4,0.0236120977038404,0.8140799204508463,0.5600203549420392,4,0.0236120977038404,0.8140799204508463,59.96002664890073
part_003.mp4,207,0,4,0.0233052328862201,0.8130282084147136,0.5549130333794488,4,0.0233052328862201,0.8130282084147136,59.96002664890073
part_003.mp4,208,0,4,0.0231088735885795,0.8120970408121745,0.5489735497368706,4,0.0231088735885795,0.8120970408121745,59.96002664890073
part_003.mp4,209,0,5,0.0225194234582078,0.8111179351806641,0.5424261587637442,5,0.0225194234582078,0.8111179351806641,59.96002664890073
part_003.mp4,210,0,4,0.0222398410900078,0.8107884089152019,0.5339402869895652,4,0.0222398410900078,0.8107884089152019,59.96002664890073
part_003.mp4,211,0,4,0.0221128414415674,0.8101833979288737,0.5278375343040184,4,0.0221128414415674,0.8101833979288737,59.96002664890073
part_003.mp4,212,0,5,0.02194665322056,0.809344736735026,0.523578135172526,5,0.02194665322056,0.809344736735026,59.96002664890073
part_003.mp4,213,0,4,0.0211514199404175,0.808384386698405,0.5197762807210287,4,0.0211514199404175,0.808384386698405,59.96002664890073
part_003.mp4,214,0,4,0.0209360124033183,0.8080812454223633,0.5141391471580222,4,0.0209360124033183,0.8080812454223633,59.96002664890073
part_003.mp4,215,0,4,0.0208793775094324,0.8081555048624675,0.5108207843921803,4,0.0208793775094324,0.8081555048624675,59.96002664890073
part_003.mp4,216,0,4,0.0204410177682681,0.807619857788086,0.5046090020073785,4,0.0204410177682681,0.807619857788086,59.96002664890073
part_003.mp4,217,0,4,0.0202729077740999,0.8073105494181315,0.5005559568051938,4,0.0202729077740999,0.8073105494181315,59.96002664890073
part_003.mp4,218,0,4,0.0199472106372316,0.8062235514322916,0.496154318915473,4,0.0199472106372316,0.8062235514322916,59.96002664890073
part_003.mp4,219,0,5,0.0196863220474915,0.8057114283243815,0.49034423828125,5,0.0196863220474915,0.8057114283243815,59.96002664890073
part_003.mp4,220,0,5,0.019407360070316,0.8047775268554688,0.4850730330855758,5,0.019407360070316,0.8047775268554688,59.96002664890073
part_003.mp4,221,0,5,0.0191921130637584,0.8047349929809571,0.4806082125063295,5,0.0191921130637584,0.8047349929809571,59.96002664890073
part_003.mp4,222,0,5,0.0186783344079028,0.8038766860961915,0.4739655388726128,5,0.0186783344079028,0.8038766860961915,59.96002664890073
part_003.mp4,223,0,6,0.0185050382203189,0.8035275141398112,0.4662750244140625,6,0.0185050382203189,0.8035275141398112,59.96002664890073
part_003.mp4,224,0,5,0.0182071364781397,0.802508799235026,0.463270922060366,5,0.0182071364781397,0.802508799235026,59.96002664890073
part_003.mp4,225,0,5,0.018100473492264,0.8019940058390299,0.4601894096091941,5,0.018100473492264,0.8019940058390299,59.96002664890073
part_003.mp4,226,0,3,0.0178693245360369,0.8018053054809571,0.4561627705891927,3,0.0178693245360369,0.8018053054809571,59.96002664890073
part_003.mp4,227,0,3,0.0177069049543287,0.8019789377848308,0.4535650465223524,3,0.0177069049543287,0.8019789377848308,59.96002664890073
part_003.mp4,228,0,3,0.0171774950707805,0.8006651560465495,0.449445088704427,3,0.0171774950707805,0.8006651560465495,59.96002664890073
part_003.mp4,229,0,3,0.0169240996273772,0.8005886713663737,0.4446845584445529,3,0.0169240996273772,0.8005886713663737,59.96002664890073
part_003.mp4,230,0,4,0.0164798063719839,0.7999823252360027,0.4389496273464627,4,0.0164798063719839,0.7999823252360027,59.96002664890073
part_003.mp4,231,0,5,0.0163232331073635,0.7992500305175781,0.4353588528103299,5,0.0163232331073635,0.7992500305175781,59.96002664890073
part_003.mp4,232,0,6,0.0159769480733989,0.7986443201700847,0.4322423016583478,6,0.0159769480733989,0.7986443201700847,59.96002664890073
part_003.mp4,233,0,6,0.0162415958109834,0.7988557815551758,0.4274616382740162,6,0.0162415958109834,0.7988557815551758,59.96002664890073
part_003.mp4,234,0,5,0.0158984011488342,0.7979493459065755,0.4235986638952184,5,0.0158984011488342,0.7979493459065755,59.96002664890073
part_003.mp4,235,0,5,0.0156576727164792,0.7966641108194987,0.4178338792588976,5,0.0156576727164792,0.7966641108194987,59.96002664890073
part_003.mp4,236,0,5,0.0153657363626795,0.7962648391723632,0.4137314690483941,5,0.0153657363626795,0.7962648391723632,59.96002664890073
part_003.mp4,237,0,5,0.0151826711466128,0.795254135131836,0.4083851425736038,5,0.0151826711466128,0.795254135131836,59.96002664890073
part_003.mp4,238,0,5,0.0148449455802817,0.7944613774617513,0.4042186454490379,5,0.0148449455802817,0.7944613774617513,59.96002664890073
part_003.mp4,239,0,5,0.0147553838938997,0.7940408706665039,0.3995279241491247,5,0.0147553838938997,0.7940408706665039,59.96002664890073
part_003.mp4,240,0,5,0.014647505224415,0.79393310546875,0.3968416567201968,5,0.014647505224415,0.79393310546875,59.96002664890073
part_003.mp4,241,0,5,0.0144368303657878,0.7933967590332032,0.3898645754213686,5,0.0144368303657878,0.7933967590332032,59.96002664890073
part_003.mp4,242,0,5,0.0142128772467926,0.7930762608846028,0.3864381578233506,5,0.0142128772467926,0.7930762608846028,59.96002664890073
part_003.mp4,243,0,5,0.0142808182965543,0.7932875315348308,0.3826532151963975,5,0.0142808182965543,0.7932875315348308,59.96002664890073
part_003.mp4,244,0,5,0.0139098141660064,0.7926952997843425,0.3788447909884982,5,0.0139098141660064,0.7926952997843425,59.96002664890073
part_003.mp4,245,0,5,0.0136276080827358,0.7926127115885416,0.3733517540825737,5,0.0136276080827358,0.7926127115885416,59.96002664890073
part_003.mp4,246,0,5,0.0135021456910342,0.7924971262613932,0.3692674001057943,5,0.0135021456910342,0.7924971262613932,59.96002664890073
part_003.mp4,247,0,6,0.0132593005022499,0.7919584910074869,0.3656656901041666,6,0.0132593005022499,0.7919584910074869,59.96002664890073
part_003.mp4,248,0,6,0.0134161324368324,0.7920912424723308,0.3626127454969618,6,0.0134161324368324,0.7920912424723308,59.96002664890073
part_003.mp4,249,0,5,0.0132093114496577,0.7920780181884766,0.3577223883734809,5,0.0132093114496577,0.7920780181884766,59.96002664890073
part_003.mp4,250,0,4,0.0127998292311207,0.790596071879069,0.352197590580693,4,0.0127998292311207,0.790596071879069,59.96002664890073
part_003.mp4,251,0,4,0.0127362526627257,0.7900386810302734,0.3495844523111979,4,0.0127362526627257,0.7900386810302734,59.96002664890073
part_003.mp4,252,0,5,0.0125760826866866,0.7898321787516276,0.3455478244357639,5,0.0125760826866866,0.7898321787516276,59.96002664890073
part_003.mp4,253,0,5,0.0125263625680236,0.7899663925170899,0.3399629380967882,5,0.0125263625680236,0.7899663925170899,59.96002664890073
part_003.mp4,254,0,5,0.0122590019472409,0.7895830790201823,0.335903082953559,5,0.0122590019472409,0.7895830790201823,59.96002664890073
part_003.mp4,255,0,5,0.0121229293123933,0.7892898559570313,0.3314249957049334,5,0.0121229293123933,0.7892898559570313,59.96002664890073
part_003.mp4,256,0,5,0.0120635214390252,0.7890008926391602,0.3278642725061487,5,0.0120635214390252,0.7890008926391602,59.96002664890073
part_003.mp4,257,0,6,0.0120105160603998,0.7886004130045573,0.3225971080638744,6,0.0120105160603998,0.7886004130045573,59.96002664890073
part_003.mp4,258,0,5,0.0118298208877968,0.788305155436198,0.319136471218533,5,0.0118298208877968,0.788305155436198,59.96002664890073
part_003.mp4,259,0,5,0.0116078961342551,0.7876776377360026,0.3179887559678819,5,0.0116078961342551,0.7876776377360026,59.96002664890073
part_003.mp4,260,0,4,0.0113810592657745,0.7875888188680013,0.3135030393247251,4,0.0113810592657745,0.7875888188680013,59.96002664890073
part_003.mp4,261,0,4,0.0113258001336038,0.7876656214396159,0.3064143710666233,4,0.0113258001336038,0.7876656214396159,59.96002664890073
part_003.mp4,262,0,4,0.0113080130540765,0.7876020431518554,0.3015521579318576,4,0.0113080130540765,0.7876020431518554,59.96002664890073
part_003.mp4,263,0,5,0.0113664835649413,0.7868358612060546,0.2966033087836371,5,0.0113664835649413,0.7868358612060546,59.96002664890073
part_003.mp4,264,0,5,0.0112367015664252,0.7865484873453776,0.2941198560926649,5,0.0112367015664252,0.7865484873453776,59.96002664890073
part_003.mp4,265,0,5,0.0113147851423989,0.7860280990600585,0.2871242099338107,5,0.0113147851423989,0.7860280990600585,59.96002664890073
part_003.mp4,266,0,4,0.0108513730892445,0.785515022277832,0.2818411085340712,4,0.0108513730892445,0.785515022277832,59.96002664890073
part_003.mp4,267,0,5,0.0107336152416731,0.7853014628092448,0.2813312389232494,5,0.0107336152416731,0.7853014628092448,59.96002664890073
part_003.mp4,268,0,5,0.0106900776631502,0.7847843805948893,0.2795739350495515,5,0.0106900776631502,0.7847843805948893,59.96002664890073
part_003.mp4,269,0,5,0.0104918826012484,0.784243392944336,0.2741795857747396,5,0.0104918826012484,0.784243392944336,59.96002664890073
part_003.mp4,270,0,5,0.0104869950486722,0.7841468811035156,0.2688756306966146,5,0.0104869950486722,0.7841468811035156,59.96002664890073
part_003.mp4,271,0,5,0.0103236537349099,0.7840213775634766,0.2647748593930845,5,0.0103236537349099,0.7840213775634766,59.96002664890073
part_003.mp4,272,0,5,0.010281773796305,0.7839526494344076,0.2606694539388021,5,0.010281773796305,0.7839526494344076,59.96002664890073
part_003.mp4,273,0,5,0.0099958708601156,0.7837360382080079,0.2584339565700955,5,0.0099958708601156,0.7837360382080079,59.96002664890073
part_003.mp4,274,0,5,0.0099418610938947,0.7836580276489258,0.2538814120822482,5,0.0099418610938947,0.7836580276489258,59.96002664890073
part_003.mp4,275,0,5,0.0099551747775209,0.7836546579996745,0.2471594916449652,5,0.0099551747775209,0.7836546579996745,59.96002664890073
part_003.mp4,276,0,4,0.0100865695856272,0.7836698532104492,0.2429224932635272,4,0.0100865695856272,0.7836698532104492,59.96002664890073
part_003.mp4,277,0,4,0.0100986012444385,0.7833201090494791,0.2361543726038049,4,0.0100986012444385,0.7833201090494791,59.96002664890073
part_003.mp4,278,0,6,0.0098205603935639,0.7830490112304688,0.2342886465567129,6,0.0098205603935639,0.7830490112304688,59.96002664890073
part_003.mp4,279,0,5,0.0097967323758402,0.7830304463704427,0.2272725423177083,5,0.0097967323758402,0.7830304463704427,59.96002664890073
part_003.mp4,280,0,5,0.0098356923069891,0.7831783294677734,0.2245702390317563,5,0.0098356923069891,0.7831783294677734,59.96002664890073
part_003.mp4,281,0,5,0.0097275381470454,0.782403564453125,0.2208654050473813,5,0.0097275381470454,0.782403564453125,59.96002664890073
part_003.mp4,282,0,5,0.0096701235467238,0.7821825663248698,0.2180311697500723,5,0.0096701235467238,0.7821825663248698,59.96002664890073
part_003.mp4,283,0,6,0.0095253086363124,0.7817426681518554,0.2139297485351562,6,0.0095253086363124,0.7817426681518554,59.96002664890073
part_003.mp4,284,0,5,0.0092975963057122,0.7816710154215495,0.2090408325195312,5,0.0092975963057122,0.7816710154215495,59.96002664890073
part_003.mp4,285,0,5,0.0092386462905064,0.7814379374186198,0.2060316297743055,5,0.0092386462905064,0.7814379374186198,59.96002664890073
part_003.mp4,286,0,5,0.0091631955372307,0.7814054489135742,0.2040390014648437,5,0.0091631955372307,0.7814054489135742,59.96002664890073
part_003.mp4,287,0,5,0.0088637799734715,0.780864969889323,0.2008434719509548,5,0.0088637799734715,0.780864969889323,59.96002664890073
part_003.mp4,288,0,4,0.008672569977347,0.7799259185791015,0.1957769040708188,4,0.008672569977347,0.7799259185791015,59.96002664890073
part_003.mp4,289,0,7,0.0085757906197977,0.78016783396403,0.1924569871690538,7,0.0085757906197977,0.78016783396403,59.96002664890073
part_003.mp4,290,0,6,0.0084877190883788,0.7797592798868815,0.1897457546657986,6,0.0084877190883788,0.7797592798868815,59.96002664890073
part_003.mp4,291,0,7,0.0085271156713097,0.7792407989501953,0.1860374733253761,7,0.0085271156713097,0.7792407989501953,59.96002664890073
part_003.mp4,292,0,5,0.0083606339802241,0.7785061518351237,0.1817335340711805,5,0.0083606339802241,0.7785061518351237,59.96002664890073
part_003.mp4,293,0,6,0.0081074687357478,0.7776922225952149,0.1778705173068576,6,0.0081074687357478,0.7776922225952149,59.96002664890073
part_003.mp4,294,0,5,0.0082285452738869,0.778858757019043,0.1717650802047164,5,0.0082285452738869,0.778858757019043,59.96002664890073
part_003.mp4,295,0,5,0.008192679819708,0.7788719813028971,0.169380216245298,5,0.008192679819708,0.7788719813028971,59.96002664890073
part_003.mp4,296,0,5,0.0081349153120687,0.7785143534342448,0.1674219484682436,5,0.0081349153120687,0.7785143534342448,59.96002664890073
part_003.mp4,297,0,5,0.0079605705300949,0.7783477147420247,0.1648693508572048,5,0.0079605705300949,0.7783477147420247,59.96002664890073
part_003.mp4,298,0,5,0.0078590749719027,0.7781375249226888,0.1584908662018952,5,0.0078590749719027,0.7781375249226888,59.96002664890073
part_003.mp4,299,0,5,0.0077747100540566,0.7773067474365234,0.1570178561740451,5,0.0077747100540566,0.7773067474365234,59.96002664890073
part_003.mp4,300,0,5,0.0076772383468536,0.7769701639811198,0.1549660576714409,5,0.0076772383468536,0.7769701639811198,59.96002664890073
part_003.mp4,301,0,5,0.0076969228813965,0.7766429901123046,0.1522843537507233,5,0.0076969228813965,0.7766429901123046,59.96002664890073
part_003.mp4,302,0,5,0.0075152767936298,0.776287841796875,0.1482930783872251,5,0.0075152767936298,0.776287841796875,59.96002664890073
part_003.mp4,303,0,6,0.0077205831367205,0.7771874109903971,0.1469855697066695,6,0.0077205831367205,0.7771874109903971,59.96002664890073
part_003.mp4,304,0,6,0.0075554170780297,0.7769858042399088,0.1431104871961805,6,0.0075554170780297,0.7769858042399088,59.96002664890073
part_003.mp4,305,0,6,0.007286693996232,0.7764446258544921,0.137951518871166,6,0.007286693996232,0.7764446258544921,59.96002664890073
part_003.mp4,306,0,6,0.0071626838695374,0.7760001500447591,0.1365883721245659,6,0.0071626838695374,0.7760001500447591,59.96002664890073
part_003.mp4,307,0,5,0.0071736814020227,0.7750130971272786,0.1340489705403645,5,0.0071736814020227,0.7750130971272786,59.96002664890073
part_003.mp4,308,0,5,0.0070255331384531,0.7748480478922526,0.1313434176974826,5,0.0070255331384531,0.7748480478922526,59.96002664890073
part_003.mp4,309,0,4,0.0069753291189705,0.7742555618286133,0.1277537027994791,4,0.0069753291189705,0.7742555618286133,59.96002664890073
part_003.mp4,310,0,4,0.0069000508340455,0.7742708841959636,0.1238318549262152,4,0.0069000508340455,0.7742708841959636,59.96002664890073
part_003.mp4,311,0,5,0.0069475592050937,0.7739948272705078,0.1210519861291956,5,0.0069475592050937,0.7739948272705078,59.96002664890073
part_003.mp4,312,0,5,0.006964924247004,0.7740310668945313,0.1183937920464409,5,0.006964924247004,0.7740310668945313,59.96002664890073
part_003.mp4,313,0,5,0.0069468746281927,0.7738555908203125,0.1160185354727285,5,0.0069468746281927,0.7738555908203125,59.96002664890073
part_003.mp4,314,0,4,0.0067816983209922,0.7725664138793945,0.1120198567708333,4,0.0067816983209922,0.7725664138793945,59.96002664890073
part_003.mp4,315,0,5,0.0067747814391245,0.7715871810913086,0.1088274072717737,5,0.0067747814391245,0.7715871810913086,59.96002664890073
part_003.mp4,316,0,4,0.0065447508268213,0.7714319229125977,0.1025797808611834,4,0.0065447508268213,0.7714319229125977,59.96002664890073
part_003.mp4,317,0,5,0.0065243591264394,0.7716259638468425,0.1000523885091145,5,0.0065243591264394,0.7716259638468425,59.96002664890073
part_003.mp4,318,0,5,0.0065484406538113,0.7718472162882487,0.0975723266601562,5,0.0065484406538113,0.7718472162882487,59.96002664890073
part_003.mp4,319,0,4,0.0065507571108227,0.771890131632487,0.0949510644983362,4,0.0065507571108227,0.771890131632487,59.96002664890073
part_003.mp4,320,0,5,0.006271150517148,0.771396255493164,0.0915438616717303,5,0.006271150517148,0.771396255493164,59.96002664890073
part_003.mp4,321,0,6,0.0062344990415645,0.7714715957641601,0.0880248740867332,5,0.0062344990415645,0.7714715957641601,59.96002664890073
part_003.mp4,322,0,6,0.0062706266507383,0.7712633768717448,0.0810015360514322,5,0.0062706266507383,0.7712633768717448,59.96002664890073
part_003.mp4,323,0,6,0.0062783896747472,0.7711545944213867,0.0786860148111979,5,0.0062783896747472,0.7711545944213867,59.96002664890073
part_003.mp4,324,0,6,0.0061090404954437,0.7709547678629557,0.0750030800148292,5,0.0061090404954437,0.7709547678629557,59.96002664890073
part_003.mp4,325,0,5,0.0070265027602039,0.8709700266520183,0.9378608491685656,4,0.0061260070806558,0.7704586029052735,59.96002664890073
part_003.mp4,326,0,6,0.0075474755981661,0.8667648315429688,0.929305578161169,5,0.0060688157372351,0.7697516123453776,59.96002664890073
part_003.mp4,327,0,6,0.0089255276615666,0.8742563247680664,0.9245673956694428,5,0.0059708360865867,0.7693698883056641,59.96002664890073
part_003.mp4,328,0,7,0.0097609746679221,0.8732534408569336,0.917143115290889,6,0.0059978175300811,0.769569460550944,59.96002664890073
part_003.mp4,329,0,6,0.0108812435119034,0.8748785654703776,0.9087886598375108,5,0.0059406580405531,0.7692471186319987,59.96002664890073
part_003.mp4,330,0,6,0.0110925330060672,0.8721136728922526,0.9024496820237902,5,0.0058367182052982,0.769482676188151,59.96002664890073
part_003.mp4,331,0,6,0.0120406263060835,0.8732379913330078,0.8979164123535156,5,0.0056766680094706,0.7689474741617839,59.96002664890073
part_003.mp4,332,0,5,0.0126627292074772,0.8730909347534179,0.8912348535325793,4,0.0055796350962945,0.7687406539916992,59.96002664890073
part_003.mp4,333,0,5,0.0136575783395696,0.8727251052856445,0.884651823397036,4,0.0056369015429582,0.7685213724772135,59.96002664890073
part_003.mp4,334,0,5,0.0140709097168686,0.8702540079752604,0.881119065814548,4,0.0056553327280239,0.7680736541748047,59.96002664890073
part_003.mp4,335,0,5,0.0148023858341124,0.869499397277832,0.8729930771721734,4,0.0057713661923318,0.7679605484008789,59.96002664890073
part_003.mp4,336,0,5,0.015880965220539,0.8696115493774415,0.8645953496297201,4,0.0057327392954849,0.7674111048380534,59.96002664890073
part_003.mp4,337,0,5,0.0162661818159913,0.8709676742553711,0.8613140176843714,4,0.0056823910563252,0.7672341028849284,59.96002664890073
part_003.mp4,338,0,6,0.0163829206751324,0.8686344146728515,0.8576242446899414,5,0.0053279121644416,0.7653116861979167,59.96002664890073
part_003.mp4,339,0,6,0.0170657330438391,0.8668760299682617,0.8482236720897534,5,0.0050693386664432,0.7647027969360352,59.96002664890073
part_003.mp4,340,0,7,0.0180174865429392,0.8656408309936523,0.8412830635353371,6,0.0051021839692623,0.7646082560221354,59.96002664890073
part_003.mp4,341,0,7,0.0185975782489849,0.8645294825236003,0.8377632688592982,6,0.0050232699142415,0.7645132064819335,59.96002664890073
part_003.mp4,342,0,5,0.0187401104968416,0.8618284225463867,0.8314100901285807,4,0.0048910100631797,0.7638415018717448,59.96002664890073
part_003.mp4,343,0,5,0.0193903248546444,0.8635929107666016,0.8283149719238281,4,0.0048682605144697,0.7641096115112305,59.96002664890073
part_003.mp4,344,0,5,0.0203361526619725,0.864323616027832,0.8213454405466716,4,0.0049691463594632,0.7644905090332031,59.96002664890073
part_003.mp4,345,0,6,0.0211469048625076,0.8643349329630534,0.8145974689059787,5,0.0049466221500349,0.7657530466715495,59.96002664890073
part_003.mp4,346,0,4,0.0216016156830543,0.8649346033732096,0.8128958172268338,3,0.0049047621741946,0.7644356409708659,59.96002664890073
part_003.mp4,347,0,4,0.0224771562257471,0.8660242716471355,0.8087835311889648,3,0.0050114305966345,0.7658087412516276,59.96002664890073
part_003.mp4,348,0,5,0.0227726302040537,0.8631889343261718,0.8011628115618671,4,0.0049329056755717,0.7655242919921875,59.96002664890073
part_003.mp4,349,0,4,0.0236354197113541,0.8645330429077148,0.7967372682359484,3,0.0047844597830812,0.7650402069091797,59.96002664890073
part_003.mp4,350,0,5,0.0242280536238104,0.8638612747192382,0.7913375854492187,4,0.0045772859966059,0.7645187377929688,59.96002664890073
part_003.mp4,351,0,4,0.0247012175265182,0.8641483306884765,0.7888724433051215,3,0.0046533474468383,0.764092763264974,59.96002664890073
part_003.mp4,352,0,5,0.0254981888509226,0.8648056666056315,0.7828058030870225,4,0.0044969925860641,0.765072250366211,59.96002664890073
part_003.mp4,353,0,6,0.0260557823413465,0.8642595926920573,0.7780971103244357,5,0.0046789704181989,0.763810666402181,59.96002664890073
part_003.mp4,354,0,4,0.0262630622514067,0.8635235468546549,0.7742690686826352,3,0.0045880690710004,0.7630760192871093,59.96002664890073
part_003.mp4,355,0,5,0.0265402106174143,0.862921142578125,0.7709658375492803,4,0.0047564212967717,0.7631680806477864,59.96002664890073
part_003.mp4,356,0,4,0.0271369258380447,0.8647153854370118,0.7699251457496926,3,0.004834640470411,0.7633304595947266,59.96002664890073
part_003.mp4,357,0,4,0.0292102176465602,0.8710849761962891,0.7675590797706887,3,0.0048139676460593,0.7633010864257812,59.96002664890073
part_003.mp4,358,0,5,0.031862274610418,0.8779619216918946,0.757466189066569,4,0.0046746641128427,0.7629667282104492,59.96002664890073
part_003.mp4,359,0,5,0.0320811300896457,0.8774957656860352,0.7558563232421875,4,0.0046355773762722,0.762697410583496,59.96002664890073
part_003.mp4,360,0,4,0.0332036990372823,0.877818489074707,0.7500158945719401,3,0.0045774417782754,0.7624994913736979,59.96002664890073
part_003.mp4,361,0,4,0.0341630442352713,0.8805088043212891,0.7514083438449436,3,0.0046307764290476,0.762515640258789,59.96002664890073
part_003.mp4,362,0,4,0.034364542441632,0.8785568237304687,0.748019501014992,3,0.0046145250773406,0.7619280497233073,59.96002664890073
part_003.mp4,363,0,4,0.0347730848596849,0.878986930847168,0.7447694283944589,3,0.0046011023744268,0.7617879231770833,59.96002664890073
part_003.mp4,364,0,4,0.034688470786174,0.8766342163085937,0.7428181683575665,3,0.0046478871401416,0.7620651245117187,59.96002664890073
part_003.mp4,365,0,4,0.0348585197549434,0.875677490234375,0.7396012765389902,3,0.0046904304843715,0.7620279312133789,59.96002664890073
part_003.mp4,366,0,4,0.0353916788401639,0.8756315231323242,0.734619105303729,3,0.0046795481521662,0.7617829004923503,59.96002664890073
part_003.mp4,367,0,4,0.0343333559500725,0.8698991775512696,0.7325068014639395,3,0.0045661092138228,0.7612270991007487,59.96002664890073
part_003.mp4,368,0,4,0.0349125458501496,0.8694662094116211,0.7300140592787001,3,0.0044558676233929,0.7605255126953125,59.96002664890073
part_003.mp4,369,0,4,0.0347850048773802,0.8669834772745768,0.7268319447835286,3,0.0043682890011243,0.7599535624186198,59.96002664890073
part_003.mp4,370,0,4,0.0345565048838034,0.8654510498046875,0.7212949964735244,3,0.0043086159647996,0.7595348358154297,59.96002664890073
part_003.mp4,371,0,4,0.0349937732357217,0.8653316497802734,0.7175028200502749,3,0.004289678530525,0.758899180094401,59.96002664890073
part_003.mp4,372,0,4,0.035465152911701,0.8651023864746094,0.7150854605215567,3,0.0042426151762386,0.7582760492960612,59.96002664890073
part_003.mp4,373,0,4,0.035167755021733,0.8623661677042643,0.7128107070922851,3,0.0042299604825503,0.758021354675293,59.96002664890073
part_003.mp4,374,0,4,0.0353390874386807,0.8608428955078125,0.711054441663954,3,0.0041575202006357,0.7579235076904297,59.96002664890073
part_003.mp4,375,0,4,0.0355368885945081,0.8590360641479492,0.710267052827058,3,0.0041286850097175,0.7579469680786133,59.96002664890073
part_003.mp4,376,0,4,0.0358353493196018,0.8598842620849609,0.7074227297747576,3,0.0041277395889348,0.7576426823933919,59.96002664890073
part_003.mp4,377,0,4,0.0350376184358358,0.8553165435791016,0.704980217968976,3,0.0040417818720905,0.7572352727254231,59.96002664890073
part_003.mp4,378,0,5,0.0349794165103756,0.8538482666015625,0.7014423158433702,4,0.0040334199691395,0.7581055323282878,59.96002664890073
part_003.mp4,379,0,6,0.0355458646115073,0.8545394897460937,0.6982646659568504,5,0.0039882495257727,0.757681147257487,59.96002664890073
part_003.mp4,380,0,6,0.0360346787784321,0.8544736862182617,0.6959983543113426,5,0.0039118502765066,0.7575947443644205,59.96002664890073
part_003.mp4,381,0,6,0.0369039162223378,0.8559906005859375,0.6946922796743887,5,0.0038440189769931,0.7576335906982422,59.96002664890073
part_003.mp4,382,0,6,0.0372457832072864,0.8549589157104492,0.6930094612969293,5,0.0037300097009592,0.7577177047729492,59.96002664890073
part_003.mp4,383,0,6,0.0372231462925642,0.8530586878458659,0.6884665595160591,5,0.0037495847212482,0.7574493408203125,59.96002664890073
part_003.mp4,384,0,6,0.03812919520614,0.853285280863444,0.6850567005298756,5,0.0038642315131275,0.7570383071899414,59.96002664890073
part_003.mp4,385,0,6,0.03878561902511,0.8543310801188151,0.68266355726454,5,0.0039385411702096,0.7568941752115885,59.96002664890073
part_003.mp4,386,0,6,0.0393089475390142,0.8541259765625,0.6778044206124765,5,0.0038106848063438,0.7568314234415691,59.96002664890073
part_003.mp4,387,0,4,0.0383757803610192,0.8518152872721354,0.6737606366475423,3,0.0039246568821706,0.7558736165364583,59.96002664890073
part_003.mp4,388,0,4,0.038391822385192,0.8517683664957683,0.6697433471679688,3,0.003979873053225,0.75587952931722,59.96002664890073
part_003.mp4,389,0,6,0.0354515730886783,0.8451820373535156,0.6586919396011918,4,0.0037971820308249,0.7555565516153971,59.96002664890073
part_003.mp4,390,0,6,0.0332632763704492,0.839544677734375,0.6488962809244792,4,0.003659048425551,0.7559141794840495,59.96002664890073
part_003.mp4,391,0,6,0.0333122978002595,0.8409670511881511,0.6372383223639594,4,0.0034192409476101,0.7556188583374024,59.96002664890073
part_003.mp4,392,0,6,0.0319067299954743,0.8366953531901041,0.6318072036460594,4,0.0034812473388888,0.7553373336791992,59.96002664890073
part_003.mp4,393,0,7,0.0319409007138724,0.8394672393798828,0.6167992521215369,5,0.0035226079581246,0.7549414316813151,59.96002664890073
part_003.mp4,394,0,5,0.031661493614643,0.8382626215616862,0.6053171828941063,3,0.0034825796587392,0.7528985977172852,59.96002664890073
part_003.mp4,395,0,5,0.0300935531016794,0.8346439361572265,0.5959201636137785,4,0.0300935531016794,0.8346439361572265,59.96002664890073
part_003.mp4,396,0,5,0.0285584734234402,0.8314905802408854,0.5869998084174262,4,0.0285584734234402,0.8314905802408854,59.96002664890073
part_003.mp4,397,0,6,0.0291856098511979,0.8334297815958659,0.5779558393690322,5,0.0291856098511979,0.8334297815958659,59.96002664890073
part_003.mp4,398,0,5,0.0283688398104079,0.8310451507568359,0.5663691132156937,4,0.0283688398104079,0.8310451507568359,59.96002664890073
part_003.mp4,399,0,6,0.0278185499595161,0.8311899820963542,0.5580168830023872,5,0.0278185499595161,0.8311899820963542,59.96002664890073
part_003.mp4,400,0,6,0.0277127721547838,0.8318536758422852,0.5487064926712601,5,0.0277127721547838,0.8318536758422852,59.96002664890073
part_003.mp4,401,0,5,0.0274663333761984,0.8312166213989258,0.5376036326090495,4,0.0274663333761984,0.8312166213989258,59.96002664890073
part_003.mp4,402,0,5,0.0269361343661148,0.8312410354614258,0.5291277567545573,4,0.0269361343661148,0.8312410354614258,59.96002664890073
part_003.mp4,403,0,5,0.0266022732182884,0.8305883407592773,0.5190016004774306,4,0.0266022732182884,0.8305883407592773,59.96002664890073
part_003.mp4,404,0,5,0.0265256432932895,0.8302350997924804,0.5085418630529333,4,0.0265256432932895,0.8302350997924804,59.96002664890073
part_003.mp4,405,0,5,0.0254343665611317,0.8281677881876628,0.5005525377061631,4,0.0254343665611317,0.8281677881876628,59.96002664890073
part_003.mp4,406,0,7,0.0250856555517142,0.828618049621582,0.4908134460449219,6,0.0250856555517142,0.828618049621582,59.96002664890073
part_003.mp4,407,0,6,0.0247150271355133,0.8279064178466797,0.4832712102819372,5,0.0247150271355133,0.8279064178466797,59.96002664890073
part_003.mp4,408,0,6,0.0246046951142974,0.8279714584350586,0.4718952744095414,5,0.0246046951142974,0.8279714584350586,59.96002664890073
part_003.mp4,409,0,5,0.0237934956293719,0.8271326065063477,0.4642337516502098,4,0.0237934956293719,0.8271326065063477,59.96002664890073
part_003.mp4,410,0,6,0.0222677411810663,0.8225982666015625,0.4528876834445529,5,0.0222677411810663,0.8225982666015625,59.96002664890073
part_003.mp4,411,0,6,0.0222386918452684,0.8224711100260417,0.445939212375217,5,0.0222386918452684,0.8224711100260417,59.96002664890073
part_003.mp4,412,0,6,0.0223272416100991,0.8234209696451823,0.4388377013029875,5,0.0223272416100991,0.8234209696451823,59.96002664890073
part_003.mp4,413,0,5,0.0216555773569012,0.8228076934814453,0.4280619303385417,4,0.0216555773569012,0.8228076934814453,59.96002664890073
part_003.mp4,414,0,5,0.0209942992511167,0.8210968017578125,0.421607928805881,4,0.0209942992511167,0.8210968017578125,59.96002664890073
part_003.mp4,415,0,5,0.021021939250689,0.8561338424682617,0.799629169040256,4,0.0209596275395839,0.8205763498942057,59.96002664890073
part_003.mp4,416,0,5,0.0211848714344173,0.8549845377604167,0.797618004127785,4,0.0205150871135507,0.8200255076090495,59.96002664890073
part_003.mp4,417,0,5,0.021573549149445,0.8543183008829752,0.7925494794492368,4,0.0202611597296911,0.8187491099039713,59.96002664890073
part_003.mp4,418,0,5,0.0218703207915677,0.8530256907145183,0.7859475453694661,4,0.0200261529213942,0.8188409805297852,59.96002664890073
part_003.mp4,419,0,5,0.0222982397022402,0.8526011149088542,0.781969564932364,4,0.0194214273063698,0.8177826563517253,59.96002664890073
part_003.mp4,420,0,5,0.0229941583485924,0.8535580317179362,0.7761863708496094,4,0.0189297847551804,0.8157489776611329,59.96002664890073
part_003.mp4,421,0,5,0.0235965968883829,0.8542226791381836,0.7738830990261502,4,0.0190653031115167,0.8156515121459961,59.96002664890073
part_003.mp4,422,0,5,0.0244030809719266,0.8540430068969727,0.7700117323133681,4,0.018559716349943,0.8144618988037109,59.96002664890073
part_003.mp4,423,0,5,0.0250182913572643,0.8538408915201823,0.7664612664116753,4,0.0182816006044029,0.8143415451049805,59.96002664890073
part_003.mp4,424,0,5,0.0258890289452527,0.8556601206461588,0.7643582308733905,4,0.0177242992960883,0.8129402160644531,59.96002664890073
part_003.mp4,425,0,5,0.0296964312969201,0.8679214477539062,0.7583922068277995,4,0.0179302218086467,0.8132287979125976,59.96002664890073
part_003.mp4,426,0,5,0.0313183394695321,0.8725910822550456,0.7521947860717774,4,0.0172880027916943,0.8117406845092774,59.96002664890073
part_003.mp4,427,0,5,0.0316241059565072,0.8735761642456055,0.7522014405992296,4,0.0169930209422023,0.810499636332194,59.96002664890073
part_003.mp4,428,0,5,0.0327709565690936,0.874911880493164,0.7476901301631221,4,0.0165676586447026,0.8081981658935546,59.96002664890073
part_003.mp4,429,0,5,0.0330630551744252,0.8747360229492187,0.7447036743164063,4,0.0161873118327262,0.8067249298095703,59.96002664890073
part_003.mp4,430,0,5,0.0334626008089981,0.8738256454467773,0.7445574018690321,4,0.0157681105943952,0.807042121887207,59.96002664890073
part_003.mp4,431,0,5,0.0334677544894926,0.8730995814005534,0.7429994229917173,4,0.0153746520521397,0.8066097895304362,59.96002664890073
part_003.mp4,432,0,5,0.0337152621750283,0.8735695521036784,0.7411740832858615,4,0.0151073299931886,0.8057882944742839,59.96002664890073
part_003.mp4,433,0,5,0.0338225637502398,0.8715211868286132,0.7390650078102394,4,0.0148136471301808,0.8047845840454102,59.96002664890073
part_003.mp4,434,0,5,0.0342296555861766,0.8709617614746094,0.7346723556518555,4,0.0144414797647537,0.8032112757364909,59.96002664890073
part_003.mp4,435,0,5,0.0340178809764526,0.8696914672851562,0.7330413889001917,4,0.0141742080436045,0.8031019846598307,59.96002664890073
part_003.mp4,436,0,5,0.0343078861642182,0.8685543060302734,0.7306182013617621,4,0.0138499177446647,0.8022638956705729,59.96002664890073
part_003.mp4,437,0,5,0.0343491033671415,0.866812006632487,0.7274062615853769,4,0.0137031741667952,0.8018809000651042,59.96002664890073
part_003.mp4,438,0,5,0.0340905496093371,0.8648983637491862,0.725983315927011,4,0.0135958599712466,0.8014938990275066,59.96002664890073
part_003.mp4,439,0,5,0.0337377601656825,0.8624895095825196,0.724135504828559,4,0.0135009864746179,0.8005776087443034,59.96002664890073
part_003.mp4,440,0,5,0.0338289809737357,0.8614206949869792,0.7220449447631836,4,0.0134892706288133,0.8000374476114909,59.96002664890073
part_003.mp4,441,0,6,0.0332497269577463,0.8572185516357422,0.7187209305939851,5,0.0129815276401738,0.7992572784423828,59.96002664890073
part_003.mp4,442,0,6,0.0341431799535712,0.857867685953776,0.7119125012998228,5,0.0128244269586058,0.799166488647461,59.96002664890073
part_003.mp4,443,0,5,0.0341402767164011,0.8561842600504558,0.7110132146764685,4,0.0126854194137073,0.7984459559122722,59.96002664890073
part_003.mp4,444,0,5,0.0335541630216984,0.8525234222412109,0.7069375779893663,4,0.0125150267180934,0.7974109649658203,59.96002664890073
part_003.mp4,445,0,6,0.0340395012244961,0.8531784057617188,0.7047777423152217,5,0.0122726259406125,0.7963414510091146,59.96002664890073
part_003.mp4,446,0,6,0.0340779293941267,0.8523303985595703,0.704638597700331,5,0.0118860963761431,0.7947510401407878,59.96002664890073
part_003.mp4,447,0,6,0.033916677072185,0.850680414835612,0.7072372012668185,5,0.011180012638991,0.7928467432657877,59.96002664890073
part_003.mp4,448,0,5,0.0330763120389949,0.8474814097086588,0.7053663359747993,4,0.0109962442815217,0.7909510930379232,59.96002664890073
part_003.mp4,449,0,6,0.0332291530290563,0.8474788665771484,0.701573986477322,5,0.0108240576017555,0.790089225769043,59.96002664890073
part_003.mp4,450,0,5,0.0336669330149527,0.846804428100586,0.7003679134227612,4,0.0107723246554249,0.7902036666870117,59.96002664890073
part_003.mp4,451,0,5,0.0351699755036517,0.8492656707763672,0.6968587239583334,4,0.0103416353885323,0.7869461059570313,59.96002664890073
part_003.mp4,452,0,5,0.0363772335366546,0.8513981501261393,0.6952843807361744,4,0.0104843505324,0.7869974772135416,59.96002664890073
part_003.mp4,453,0,5,0.0349804503240253,0.8462532043457032,0.6947431352403429,4,0.0104735499763369,0.7868293762207031,59.96002664890073
part_003.mp4,454,0,5,0.0340905338558513,0.8429094314575195,0.693197758992513,4,0.0102914610668893,0.7863205591837565,59.96002664890073
part_003.mp4,455,0,5,0.033224273377173,0.8399349212646484,0.6927734445642542,4,0.0102888423689701,0.7866104125976563,59.96002664890073
part_003.mp4,456,0,5,0.0333924005203503,0.8399336496988933,0.691658839473018,4,0.010111285453604,0.7858919143676758,59.96002664890073
part_003.mp4,457,0,5,0.0325023676056783,0.8363227844238281,0.690351602766249,4,0.0102390203486558,0.7860315322875977,59.96002664890073
part_003.mp4,458,0,5,0.0333504391409771,0.8374588012695312,0.6866067073963307,4,0.0102619435153556,0.785434341430664,59.96002664890073
part_003.mp4,459,0,5,0.0338872661800316,0.8379434585571289,0.6858932601081,4,0.0101733876739604,0.7846040725708008,59.96002664890073
part_003.mp4,460,0,5,0.0346419860387235,0.8399180094401042,0.6862356433161982,4,0.0099194475913881,0.7840658823649088,59.96002664890073
part_003.mp4,461,0,5,0.0346885892822993,0.8395100275675456,0.6823252925166378,4,0.0097964824843479,0.7837039947509765,59.96002664890073
part_003.mp4,462,0,5,0.0338165212898335,0.8372394561767578,0.6811379432678223,4,0.0097066245042003,0.7836166381835937,59.96002664890073
part_003.mp4,463,0,5,0.0331803828996159,0.8344810485839844,0.6773147300437644,4,0.0095646704803544,0.7829182306925456,59.96002664890073
part_003.mp4,464,0,5,0.033229275386037,0.834065310160319,0.6743331697252062,4,0.0095179062395609,0.7823691050211589,59.96002664890073
part_003.mp4,465,0,5,0.0330184247369733,0.8325445810953777,0.6705383194817437,4,0.009338440903332,0.7817659378051758,59.96002664890073
part_003.mp4,466,0,5,0.033018125952852,0.8320398966471354,0.6658468882242838,4,0.0091607524027575,0.7809967041015625,59.96002664890073
part_003.mp4,467,0,5,0.0327365964253961,0.8310054779052735,0.6573449770609537,4,0.0091669408165519,0.7805875142415365,59.96002664890073
part_003.mp4,468,0,5,0.0320370942064982,0.8293951670328776,0.6497932328118219,4,0.0090950518983299,0.7797121047973633,59.96002664890073
part_003.mp4,469,0,5,0.0315715035467063,0.829045295715332,0.6484953173884639,4,0.0091930879353593,0.7794801712036132,59.96002664890073
part_003.mp4,470,0,5,0.0306051696102364,0.8278088251749675,0.6438316380536114,4,0.0090197496788459,0.778155517578125,59.96002664890073
part_003.mp4,471,0,6,0.0298723537322884,0.8257799784342448,0.640047370062934,5,0.0088467907874642,0.7778624216715495,59.96002664890073
part_003.mp4,472,0,5,0.0294822023487116,0.824971071879069,0.6346768273247613,4,0.0087285776067734,0.7771453857421875,59.96002664890073
part_003.mp4,473,0,5,0.0286738068420325,0.8227155685424805,0.6314553190160681,4,0.0086523885968846,0.7764778772989909,59.96002664890073
part_003.mp4,474,0,5,0.0281979341136947,0.8218214035034179,0.6268865903218587,4,0.0083831318595912,0.775288200378418,59.96002664890073
part_003.mp4,475,0,5,0.0275297333625375,0.8199551264444987,0.6211350476300275,4,0.0083984305168269,0.7750642776489258,59.96002664890073
part_003.mp4,476,0,5,0.0273044193505423,0.8200806299845378,0.618057084966589,4,0.0082010628474462,0.7743913650512695,59.96002664890073
part_003.mp4,477,0,6,0.0269542487485186,0.8186012268066406,0.6116735069840042,4,0.0081477482791847,0.774606196085612,59.96002664890073
part_003.mp4,478,0,6,0.026239271695631,0.8168422698974609,0.6086877716912164,4,0.0079192653999295,0.7739114761352539,59.96002664890073
part_003.mp4,479,0,6,0.0257570508003585,0.8157552719116211,0.6040606322111907,4,0.0077352898348989,0.7732593536376953,59.96002664890073
part_003.mp4,480,0,6,0.0257791800049663,0.8157629013061524,0.6040521409776476,4,0.0077002278943028,0.7728733698527018,59.96002664890073
part_003.mp4,481,0,6,0.0255805270069982,0.815589714050293,0.5970545380203812,5,0.0255805270069982,0.815589714050293,59.96002664890073
part_003.mp4,482,0,6,0.0255899441050132,0.8148508707682292,0.5916671752929688,5,0.0255899441050132,0.8148508707682292,59.96002664890073
part_003.mp4,483,0,6,0.0254012293622895,0.8136919021606446,0.5887663664641204,5,0.0254012293622895,0.8136919021606446,59.96002664890073
part_003.mp4,484,0,6,0.0247417756333015,0.8128988901774089,0.5845131202980324,5,0.0247417756333015,0.8128988901774089,59.96002664890073
part_003.mp4,485,0,7,0.0239050613198888,0.810858154296875,0.5818707713374385,6,0.0239050613198888,0.810858154296875,59.96002664890073
part_003.mp4,486,0,6,0.0234297231199323,0.8095154444376628,0.5779487892433449,5,0.0234297231199323,0.8095154444376628,59.96002664890073
part_003.mp4,487,0,6,0.0225613431314559,0.8083382288614909,0.57065306769477,5,0.0225613431314559,0.8083382288614909,59.96002664890073
part_003.mp4,488,0,6,0.0220602886543902,0.8074083964029948,0.5658508018211083,5,0.0220602886543902,0.8074083964029948,59.96002664890073
part_003.mp4,489,0,6,0.0218359836564438,0.8068008422851562,0.5628241927535446,5,0.0218359836564438,0.8068008422851562,59.96002664890073
part_003.mp4,490,0,7,0.0217362612143888,0.8067230224609375,0.5588152143690321,6,0.0217362612143888,0.8067230224609375,59.96002664890073
part_003.mp4,491,0,6,0.0215049880091029,0.8062138239542643,0.5537662859316226,5,0.0215049880091029,0.8062138239542643,59.96002664890073
part_003.mp4,492,0,6,0.0215055323621695,0.8055000305175781,0.5522945050840025,5,0.0215055323621695,0.8055000305175781,59.96002664890073
part_003.mp4,493,0,6,0.0216996017067724,0.8057346979777018,0.5472664444534867,5,0.0216996017067724,0.8057346979777018,59.96002664890073
part_003.mp4,494,0,6,0.0212419788892104,0.8047677993774414,0.5425841154875579,5,0.0212419788892104,0.8047677993774414,59.96002664890073
part_003.mp4,495,0,7,0.0212985473389913,0.8043686548868815,0.5396117740207248,6,0.0212985473389913,0.8043686548868815,59.96002664890073
part_003.mp4,496,0,6,0.0205621147843339,0.8028068542480469,0.5304412417941623,5,0.0205621147843339,0.8028068542480469,59.96002664890073
part_003.mp4,497,0,7,0.0203397930011285,0.8019262949625651,0.5271696443910951,6,0.0203397930011285,0.8019262949625651,59.96002664890073
part_003.mp4,498,0,6,0.0196704894505181,0.8010324478149414,0.5221121611418548,5,0.0196704894505181,0.8010324478149414,59.96002664890073
part_003.mp4,499,0,5,0.0194890818301495,0.8011716842651367,0.5192053618254485,4,0.0194890818301495,0.8011716842651367,59.96002664890073
part_003.mp4,500,0,6,0.0196436164854094,0.8003978729248047,0.5193554348415799,5,0.0196436164854094,0.8003978729248047,59.96002664890073
part_003.mp4,501,0,6,0.019298354139925,0.7990114847819011,0.5102313995361328,5,0.019298354139925,0.7990114847819011,59.96002664890073
part_003.mp4,502,0,8,0.0187937482277953,0.7983085632324218,0.5062619527180989,7,0.0187937482277953,0.7983085632324218,59.96002664890073
part_003.mp4,503,0,6,0.01831937045019,0.7968517939249674,0.5041749459725839,5,0.01831937045019,0.7968517939249674,59.96002664890073
part_003.mp4,504,0,6,0.0179730622944447,0.7958320617675781,0.5000734682436343,5,0.0179730622944447,0.7958320617675781,59.96002664890073
part_003.mp4,505,0,6,0.0174966367724765,0.7949975331624349,0.4927742569534867,5,0.0174966367724765,0.7949975331624349,59.96002664890073
part_003.mp4,506,0,9,0.0174998652641618,0.7939711252848307,0.4898427892614294,8,0.0174998652641618,0.7939711252848307,59.96002664890073
part_003.mp4,507,0,9,0.0173232198524442,0.7941592534383138,0.4860525484438295,8,0.0173232198524442,0.7941592534383138,59.96002664890073
part_003.mp4,508,0,9,0.0173353480454749,0.794017473856608,0.4815170853226273,8,0.0173353480454749,0.794017473856608,59.96002664890073
part_003.mp4,509,0,8,0.0168602199711151,0.7931663513183593,0.4769585927327474,7,0.0168602199711151,0.7931663513183593,59.96002664890073
part_003.mp4,510,0,9,0.0167630569539182,0.8344078699747721,0.8364644492114032,8,0.0165600575949712,0.7924898783365886,59.96002664890073
part_003.mp4,511,0,8,0.0159845618357221,0.7899178822835287,0.4678338933874059,7,0.0159845618357221,0.7899178822835287,59.96002664890073
part_003.mp4,512,0,9,0.0160905803411104,0.8290922164916992,0.8297644314942536,8,0.0158198258930092,0.7894013086954753,59.96002664890073
part_003.mp4,513,0,9,0.016719301238736,0.8281519571940105,0.8272203728004738,8,0.0154913965627624,0.788766352335612,59.96002664890073
part_003.mp4,514,0,9,0.0171417295842763,0.8265661875406901,0.8202315383487278,8,0.0152317324641437,0.7884422938028971,59.96002664890073
part_003.mp4,515,0,9,0.0176089914720348,0.8284002304077148,0.8182692545431631,8,0.0149455907268081,0.7876016616821289,59.96002664890073
part_003.mp4,516,0,7,0.0179365080653587,0.8290983200073242,0.8162177403767904,6,0.014626980619805,0.7873673756917318,59.96002664890073
part_003.mp4,517,0,8,0.0187690405593538,0.8324710845947265,0.8142717361450196,7,0.0144955591112698,0.7878003438313802,59.96002664890073
part_003.mp4,518,0,8,0.0194109089900868,0.8323027292887369,0.8114390903049045,7,0.0146565789014857,0.7879262924194336,59.96002664890073
part_003.mp4,519,0,7,0.0200211849693005,0.8311100006103516,0.8042769326104058,6,0.0145031486172229,0.7874952952067057,59.96002664890073
part_003.mp4,520,0,7,0.020571246116311,0.833683967590332,0.8028385586208767,6,0.0142264301429531,0.7876051584879558,59.96002664890073
part_003.mp4,521,0,7,0.0214259767727586,0.8355953216552734,0.7989963531494141,6,0.0142096224892022,0.7877930323282878,59.96002664890073
part_003.mp4,522,0,7,0.0217583445305533,0.8360986709594727,0.7962823938440393,6,0.0140939536718306,0.7876817067464192,59.96002664890073
part_003.mp4,523,0,7,0.0218176812294809,0.8363529841105143,0.7940771738688152,6,0.014007067298398,0.7873350779215494,59.96002664890073
part_003.mp4,524,0,7,0.0223399068546994,0.8373676300048828,0.7922650937680845,6,0.0138850713419324,0.7869390487670899,59.96002664890073
part_003.mp4,525,0,7,0.0227832920488435,0.8378959655761719,0.7889231999715169,6,0.0137018776591166,0.7863490422566731,59.96002664890073
part_003.mp4,526,0,7,0.0234360486868414,0.8384884516398112,0.784372435675727,6,0.0132126609173832,0.785923957824707,59.96002664890073
part_003.mp4,527,0,6,0.0238099943644354,0.8385663986206054,0.78038575914171,5,0.0130560567116589,0.7861298243204753,59.96002664890073
part_003.mp4,528,0,6,0.0240281903935627,0.8374921798706054,0.7782006793551974,5,0.0132462041830984,0.7866775512695312,59.96002664890073
part_003.mp4,529,0,6,0.0242688616421785,0.8369457244873046,0.7749512566460504,5,0.0129510801751166,0.7864473978678386,59.96002664890073
part_003.mp4,530,0,6,0.0242946066483758,0.8358311335245768,0.772270245022244,5,0.0126434095850628,0.7857135136922201,59.96002664890073
part_003.mp4,531,0,7,0.0244746156627428,0.8348663965861003,0.7678685788755064,6,0.0124931441889014,0.7851247787475586,59.96002664890073
part_003.mp4,532,0,7,0.0245898884801405,0.8339218775431315,0.7639805687798394,6,0.0121647223966202,0.7843133926391601,59.96002664890073
part_003.mp4,533,0,6,0.025475063396691,0.8348430633544922,0.7568825050636574,5,0.0120525110493542,0.7842744827270508,59.96002664890073
part_003.mp4,534,0,6,0.0259279665504436,0.8351435343424479,0.7552886539035373,5,0.0116625291967648,0.7827947616577149,59.96002664890073
part_003.mp4,535,0,5,0.0260854289671197,0.8345480600992838,0.7536157113534433,4,0.0114348297648169,0.782656733194987,59.96002664890073
part_003.mp4,536,0,5,0.0258262432768121,0.8340652465820313,0.7506046930948893,4,0.0114274173410861,0.7837786356608073,59.96002664890073
part_003.mp4,537,0,5,0.0262796309533856,0.8351769129435221,0.7497175993742766,4,0.0112256859207344,0.7838428497314454,59.96002664890073
part_003.mp4,538,0,6,0.0265715315725861,0.834230105082194,0.7444917466905382,5,0.0113040930004273,0.7833178202311198,59.96002664890073
part_003.mp4,539,0,5,0.0261286283153579,0.8313000361124675,0.7416785134209527,4,0.0112268119098411,0.7830133438110352,59.96002664890073
part_003.mp4,540,0,5,0.0270450801646128,0.8339403788248698,0.7390239362363462,4,0.0109335333361781,0.7824601491292318,59.96002664890073
part_003.mp4,541,0,7,0.0269550679420555,0.8328421274820964,0.7354890823364257,6,0.0108830007567932,0.7831227620442708,59.96002664890073
part_003.mp4,542,0,6,0.0270008875917281,0.8316865921020508,0.7318709196867766,5,0.010824209228449,0.7831289927164714,59.96002664890073
part_003.mp4,543,0,6,0.0268869547577241,0.8302608489990234,0.7306761494389287,5,0.0105240068058871,0.7826875050862631,59.96002664890073
part_003.mp4,544,0,6,0.0275499301120807,0.8315930048624675,0.7275006965354637,5,0.0100892053203844,0.7820634841918945,59.96002664890073
part_003.mp4,545,0,6,0.0275731247382322,0.8314638137817383,0.7234567571569372,5,0.0102979989381209,0.7824488321940104,59.96002664890073
part_003.mp4,546,0,6,0.0286626745414213,0.832749621073405,0.7193138970269097,5,0.0097912616655877,0.7811183929443359,59.96002664890073
part_003.mp4,547,0,6,0.0282663086478395,0.8299484888712565,0.7161093747174299,5,0.0100776394504969,0.7823940912882487,59.96002664890073
part_003.mp4,548,0,6,0.028286564182994,0.8290647506713867,0.7141012050487378,5,0.0096574461309743,0.7820131301879882,59.96002664890073
part_003.mp4,549,0,6,0.0291355932528946,0.8306446711222331,0.7102725558810764,5,0.0096287037209064,0.7819578806559245,59.96002664890073
part_003.mp4,550,0,5,0.0295580089801417,0.8303285598754883,0.7068136427137587,4,0.0094661283845198,0.7813564936319987,59.96002664890073
part_003.mp4,551,0,5,0.0295285281939861,0.8301654815673828,0.7031776675471553,4,0.0095439808818304,0.7814664840698242,59.96002664890073
part_003.mp4,552,0,5,0.0292593757956638,0.8298374811808268,0.6975662019517687,4,0.009282396573237,0.7801462173461914,59.96002664890073
part_003.mp4,553,0,7,0.0286604320958787,0.8295570373535156,0.6869881559301305,5,0.0090907247537042,0.7797714869181315,59.96002664890073
part_003.mp4,554,0,6,0.0273249646689348,0.8282061258951823,0.673205276771828,4,0.0089947288716535,0.779707400004069,59.96002664890073
part_003.mp4,555,0,7,0.0257247831065251,0.8260807037353516,0.6572831259833442,5,0.0085370416942815,0.7793773651123047,59.96002664890073
part_003.mp4,556,0,7,0.0248689817283863,0.8243487040201823,0.6487773188838253,5,0.008370560214195,0.779487419128418,59.96002664890073
part_003.mp4,557,0,7,0.0216561858834312,0.8151339213053386,0.6324881694934986,5,0.0083161819217235,0.7787220001220703,59.96002664890073
part_003.mp4,558,0,6,0.0213947288354312,0.8153318405151367,0.6220946841769748,4,0.0081803726319641,0.7781441370646159,59.96002664890073
part_003.mp4,559,0,6,0.0217557046434672,0.8170096079508463,0.6154954768993236,4,0.0079815709961662,0.7775816599527995,59.96002664890073
part_003.mp4,560,0,7,0.0218045685245333,0.8173370361328125,0.607399234065303,4,0.0077156954754415,0.7773804982503255,59.96002664890073
part_003.mp4,561,0,6,0.0226058189097589,0.8198517481486003,0.6031395099781177,4,0.0079334731464041,0.7782503128051758,59.96002664890073
part_003.mp4,562,0,6,0.0226472471754446,0.8198558807373046,0.5969982712357133,5,0.0226472471754446,0.8198558807373046,59.96002664890073
part_003.mp4,563,0,6,0.0213151297187716,0.8168237686157227,0.5875518940113209,5,0.0213151297187716,0.8168237686157227,59.96002664890073
part_003.mp4,564,0,6,0.0214821291342808,0.8183143615722657,0.5811760513870804,5,0.0214821291342808,0.8183143615722657,59.96002664890073
part_003.mp4,565,0,7,0.0206823106066521,0.8178551355997722,0.5698631427906178,6,0.0206823106066521,0.8178551355997722,59.96002664890073
part_003.mp4,566,0,7,0.0191500212592169,0.8139829635620117,0.55899333247432,6,0.0191500212592169,0.8139829635620117,59.96002664890073
part_003.mp4,567,0,7,0.0195047403517,0.8151359558105469,0.5502849720142505,6,0.0195047403517,0.8151359558105469,59.96002664890073
part_003.mp4,568,0,7,0.0183467923830679,0.8123727798461914,0.542978682341399,6,0.0183467923830679,0.8123727798461914,59.96002664890073
part_003.mp4,569,0,7,0.0188431615003436,0.8146666208902995,0.5388096844708478,6,0.0188431615003436,0.8146666208902995,59.96002664890073
part_003.mp4,570,0,8,0.0187009061735201,0.813284174601237,0.5300060272216797,7,0.0187009061735201,0.813284174601237,59.96002664890073
part_003.mp4,571,0,8,0.0185944071982252,0.8128410975138346,0.5239937817608868,7,0.0185944071982252,0.8128410975138346,59.96002664890073
part_003.mp4,572,0,8,0.0182852861840122,0.8131134668986003,0.5161146375868055,7,0.0182852861840122,0.8131134668986003,59.96002664890073
part_003.mp4,573,0,8,0.0174052342909056,0.8110657374064127,0.510405589916088,7,0.0174052342909056,0.8110657374064127,59.96002664890073
part_003.mp4,574,0,9,0.0172752707156986,0.8125272750854492,0.5016554655852141,8,0.0172752707156986,0.8125272750854492,59.96002664890073
part_003.mp4,575,0,9,0.0176384926707133,0.8446584701538086,0.8316071033477783,8,0.0167623154685619,0.8122475306193034,59.96002664890073
part_003.mp4,576,0,9,0.0171039674162218,0.8433723449707031,0.8337439590030247,8,0.0164758330748655,0.8105701446533203,59.96002664890073
part_003.mp4,577,0,10,0.0180339872081229,0.8442634582519531,0.827675543891059,9,0.0167109242651403,0.8120730082194011,59.96002664890073
part_003.mp4,578,0,9,0.0186401780136899,0.8471868515014649,0.8279585520426432,8,0.0166753569844877,0.8114821116129557,59.96002664890073
part_003.mp4,579,0,8,0.0201323372434186,0.8511947631835938,0.8212605741288926,7,0.0163890835386269,0.8111653010050456,59.96002664890073
part_003.mp4,580,0,8,0.0207052393830289,0.8512745539347331,0.8153913285997179,7,0.0147621767995102,0.8063873291015625,59.96002664890073
part_003.mp4,581,0,9,0.0208544367804036,0.8513052622477214,0.814679209391276,8,0.0156957564571914,0.8091818491617838,59.96002664890073
part_003.mp4,582,0,8,0.0210558413430246,0.8495627085367838,0.8118247985839844,7,0.0154184093161139,0.8085054397583008,59.96002664890073
part_003.mp4,583,0,8,0.0219207237586023,0.8522408167521159,0.8078578101264106,7,0.0149374827928356,0.8069217681884766,59.96002664890073
part_003.mp4,584,0,8,0.0224556730693951,0.8507572809855143,0.7993445078531901,7,0.0145970765657181,0.8055357615152995,59.96002664890073
part_003.mp4,585,0,8,0.022726345981053,0.8475426355997722,0.7941036930790654,7,0.0143926792061419,0.805514399210612,59.96002664890073
part_003.mp4,586,0,9,0.0221577245997145,0.8459012985229493,0.7940967771742079,8,0.0136064012490263,0.8027502059936523,59.96002664890073
part_003.mp4,587,0,9,0.0229715757703525,0.8465466181437175,0.7891988330417209,8,0.013252411511801,0.802745501200358,59.96002664890073
part_003.mp4,588,0,9,0.0241772084045455,0.8515455245971679,0.7873651999014395,8,0.0131056544084222,0.802531878153483,59.96002664890073
part_003.mp4,589,0,8,0.0240457380302595,0.8491758982340495,0.7841361434371383,7,0.0128392600666174,0.8011981964111328,59.96002664890073
part_003.mp4,590,0,8,0.0245961841296068,0.8474414825439454,0.7782761467827691,7,0.0128420784527496,0.8017030715942383,59.96002664890073
part_003.mp4,591,0,9,0.0253185800839855,0.8497671763102214,0.7737989213731554,8,0.0130003761318176,0.8028295516967774,59.96002664890073
part_003.mp4,592,0,9,0.0275209310127279,0.8574883143107096,0.7709782070583767,8,0.0119744796187835,0.799138895670573,59.96002664890073
part_003.mp4,593,0,9,0.0285566338461828,0.8592676162719727,0.7645017906471535,8,0.0118172585381281,0.799290657043457,59.96002664890073
part_003.mp4,594,0,9,0.0286272645153803,0.8596897761027018,0.7623919169108073,8,0.0119406518696902,0.8001465479532878,59.96002664890073
part_003.mp4,595,0,10,0.0293365985455225,0.8587623596191406,0.7571198004263419,9,0.0116027661869507,0.79881591796875,59.96002664890073
part_003.mp4,596,0,8,0.0301771243670373,0.8600828806559245,0.7536033206515842,7,0.0112598978455773,0.7979228973388672,59.96002664890073
part_003.mp4,597,0,10,0.0309388664607104,0.8618853251139323,0.7534968694051106,9,0.011155270782614,0.7967815399169922,59.96002664890073
part_003.mp4,598,0,8,0.0309454933167176,0.8598896662394205,0.7505116780598958,7,0.010837077392983,0.7956570307413737,59.96002664890073
part_003.mp4,599,0,8,0.0310794943414648,0.8596577326456706,0.7458841253209997,7,0.0111247645463865,0.7971088409423828,59.96002664890073
part_003.mp4,600,0,8,0.0313507809071409,0.8586737314860026,0.7432973791051793,7,0.0108081341140496,0.7951941172281901,59.96002664890073
part_003.mp4,601,0,10,0.0318576433261235,0.859272829691569,0.7419376797146268,9,0.0105755384712796,0.795185915629069,59.96002664890073
part_003.mp4,602,0,8,0.0320121620798696,0.8588595072428385,0.7385600195990668,7,0.0108507430543088,0.7958178202311198,59.96002664890073
part_003.mp4,603,0,8,0.0320349739473466,0.8576969782511393,0.7356409072875977,7,0.0106982687591678,0.7966950098673503,59.96002664890073
part_003.mp4,604,0,7,0.0319934463784038,0.8561803817749023,0.7314663074634693,6,0.0102895893272674,0.7952486673990885,59.96002664890073
part_003.mp4,605,0,7,0.0322746805792081,0.8560516357421875,0.7299402660793728,6,0.0101775426979993,0.7943628946940104,59.96002664890073
part_003.mp4,606,0,7,0.0322661306015086,0.8545782089233398,0.7242977566189236,6,0.0098968889211796,0.7937399546305338,59.96002664890073
part_003.mp4,607,0,6,0.0336557155906794,0.8549814224243164,0.7179433540061668,5,0.0100418530198541,0.794964090983073,59.96002664890073
part_003.mp4,608,0,8,0.0331546996357145,0.8534413019816081,0.7138410356309679,7,0.0097833134410191,0.7941584269205729,59.96002664890073
part_003.mp4,609,0,11,0.0324327034793289,0.8493780771891276,0.7149759504530165,10,0.0098320032910366,0.7934498469034831,59.96002664890073
part_003.mp4,610,0,10,0.0334417464366664,0.8517675399780273,0.7131064450299298,9,0.0095975004014326,0.7920599619547526,59.96002664890073
part_003.mp4,611,0,10,0.034063441283824,0.8518799463907878,0.7097776624891493,9,0.0093054020327528,0.792394510904948,59.96002664890073
part_003.mp4,612,0,10,0.033957655999014,0.8508263270060221,0.7064651489257813,9,0.0086937118380834,0.7899397532145183,59.96002664890073
part_003.mp4,613,0,12,0.034858602107754,0.8519269943237304,0.7042203302736636,11,0.0085557446516759,0.7892258326212566,59.96002664890073
part_003.mp4,614,0,10,0.0353061346023533,0.8518321990966797,0.700486186698631,9,0.0083315281511265,0.7878097534179688,59.96002664890073
part_003.mp4,615,0,9,0.0356508966715369,0.8521650950113933,0.6974633252179181,8,0.0085684616407013,0.7877730051676433,59.96002664890073
part_003.mp4,616,0,9,0.0342081380340419,0.8481426239013672,0.6954778247409397,8,0.008549729675352,0.7890150705973308,59.96002664890073
part_003.mp4,617,0,9,0.0347918496043416,0.8481781641642253,0.6920061888518156,8,0.0087217956025981,0.7897558212280273,59.96002664890073
part_003.mp4,618,0,9,0.0353972926539568,0.8470011393229167,0.6871826419123896,8,0.008926694183136,0.7884914398193359,59.96002664890073
part_003.mp4,619,0,10,0.0354120688403067,0.8462446212768555,0.6860686655397769,9,0.0090474423772927,0.7876492182413737,59.96002664890073
part_003.mp4,620,0,11,0.0355641035653038,0.8452717463175455,0.6814436735930266,10,0.0092760890390491,0.786990229288737,59.96002664890073
part_003.mp4,621,0,9,0.0356313123561536,0.844093132019043,0.6806488284358272,8,0.0091456506167823,0.7872142791748047,59.96002664890073
part_003.mp4,622,0,9,0.0359598341852499,0.8435407638549804,0.675580483895761,8,0.0091332791466265,0.7877569834391276,59.96002664890073
part_003.mp4,623,0,9,0.0352297081369114,0.8426036834716797,0.6685184478759766,8,0.0090461664820193,0.7888200759887696,59.96002664890073
part_003.mp4,624,0,9,0.0350752342544621,0.8422028223673502,0.6590644130000362,8,0.0091432935482589,0.7880711237589518,59.96002664890073
part_003.mp4,625,0,8,0.0338529309414702,0.8406237284342448,0.6502405802408854,7,0.0095413959918746,0.787547747294108,59.96002664890073
part_003.mp4,626,0,8,0.0332162910321508,0.8395884195963542,0.6457773950364855,7,0.0095541477864026,0.7863772074381511,59.96002664890073
part_003.mp4,627,0,10,0.0329820110953328,0.8385224024454753,0.6351245880126953,9,0.0095520076612269,0.7826140721638998,59.96002664890073
part_003.mp4,628,0,12,0.0325351024140642,0.8370129267374674,0.6272791968451605,11,0.0096911051690565,0.7883154551188151,59.96002664890073
part_003.mp4,629,0,13,0.0313071669040194,0.8355274836222331,0.6239096782825612,12,0.0099556341283864,0.7882219950358073,59.96002664890073
part_003.mp4,630,0,12,0.0309526606707246,0.8347639719645182,0.6177739567226834,11,0.0102221112711251,0.7865933100382487,59.96002664890073
part_003.mp4,631,0,10,0.0304066947139142,0.833685302734375,0.6093411904794198,9,0.0108068119284063,0.7857572555541992,59.96002664890073
part_003.mp4,632,0,9,0.0300589865981358,0.8335467020670573,0.6018736521402995,8,0.0108574777858814,0.7860708236694336,59.96002664890073
part_003.mp4,633,0,11,0.0293990848486525,0.8326358795166016,0.5946281009250217,11,0.0293990848486525,0.8326358795166016,59.96002664890073
part_003.mp4,634,0,11,0.0282327932381789,0.8305355707804362,0.5895406934950087,11,0.0282327932381789,0.8305355707804362,59.96002664890073
part_003.mp4,635,0,11,0.0274501606429399,0.8289969126383464,0.5840173226815683,11,0.0274501606429399,0.8289969126383464,59.96002664890073
part_003.mp4,636,0,12,0.0266526706936295,0.8275385538736979,0.5782454737910518,12,0.0266526706936295,0.8275385538736979,59.96002664890073
part_003.mp4,637,0,11,0.0268304865249076,0.8274604797363281,0.5713398121021412,11,0.0268304865249076,0.8274604797363281,59.96002664890073
part_003.mp4,638,0,13,0.0267252624837635,0.826993179321289,0.5645946008187753,13,0.0267252624837635,0.826993179321289,59.96002664890073
part_003.mp4,639,0,12,0.026183542652601,0.8261053085327148,0.5555286407470703,12,0.026183542652601,0.8261053085327148,59.96002664890073
part_003.mp4,640,0,11,0.0255780751256787,0.8251858393351237,0.5521549578066225,11,0.0255780751256787,0.8251858393351237,59.96002664890073
part_003.mp4,641,0,9,0.0256076692877104,0.8241155624389649,0.5471752590603298,9,0.0256076692877104,0.8241155624389649,59.96002664890073
part_003.mp4,642,0,10,0.0247169982104592,0.8221066157023112,0.5408933145028574,10,0.0247169982104592,0.8221066157023112,59.96002664890073
part_003.mp4,643,0,13,0.0247079404427198,0.8219999313354492,0.5346510286684389,13,0.0247079404427198,0.8219999313354492,59.96002664890073
part_003.mp4,644,0,11,0.0241872062174823,0.8209007898966472,0.5293410972312644,11,0.0241872062174823,0.8209007898966472,59.96002664890073
part_003.mp4,645,0,11,0.0240393978659994,0.8198933283487956,0.5243084377712673,11,0.0240393978659994,0.8198933283487956,59.96002664890073
part_003.mp4,646,0,11,0.0234905998735404,0.8193102518717448,0.5184614958586516,11,0.0234905998735404,0.8193102518717448,59.96002664890073
part_003.mp4,647,0,10,0.0228668108365295,0.8183853785196941,0.5150533888075087,10,0.0228668108365295,0.8183853785196941,59.96002664890073
part_003.mp4,648,0,10,0.0227281162315436,0.8176071802775066,0.5079270539460359,10,0.0227281162315436,0.8176071802775066,59.96002664890073
part_003.mp4,649,0,7,0.0223463919455209,0.8166627883911133,0.5026460576940466,7,0.0223463919455209,0.8166627883911133,59.96002664890073
part_003.mp4,650,0,10,0.0221112164418392,0.8163984934488933,0.4970320101137514,10,0.0221112164418392,0.8163984934488933,59.96002664890073
part_003.mp4,651,0,12,0.0217988895066675,0.8158172607421875,0.4922794059470848,12,0.0217988895066675,0.8158172607421875,59.96002664890073
part_003.mp4,652,0,9,0.0218606412066232,0.8147349039713542,0.4890820821126302,8,0.0218606412066232,0.8147349039713542,59.96002664890073
part_003.mp4,653,0,10,0.0213378992071132,0.8145450592041016,0.4824350286413122,9,0.0213378992071132,0.8145450592041016,59.96002664890073
part_003.mp4,654,0,10,0.020718534898333,0.8134862899780273,0.4797201792399088,9,0.020718534898333,0.8134862899780273,59.96002664890073
part_003.mp4,655,0,8,0.0204642651373675,0.812584114074707,0.4742426554361979,7,0.0204642651373675,0.812584114074707,59.96002664890073
part_003.mp4,656,0,10,0.0209271904018694,0.8126743316650391,0.4698306613498264,9,0.0209271904018694,0.8126743316650391,59.96002664890073
part_003.mp4,657,0,7,0.0202845228135508,0.8113876342773437,0.4635300106472439,6,0.0202845228135508,0.8113876342773437,59.96002664890073
part_003.mp4,658,0,8,0.0200356242172549,0.8110099792480469,0.4599993811713325,7,0.0200356242172549,0.8110099792480469,59.96002664890073
part_003.mp4,659,0,8,0.0195332049463306,0.8104296366373698,0.4564740498860677,7,0.0195332049463306,0.8104296366373698,59.96002664890073
part_003.mp4,660,1,8,0.0191343402405133,0.809545389811198,0.4531466166178385,7,0.0191343402405133,0.809545389811198,59.96002664890073
part_003.mp4,661,1,8,0.0190113288046968,0.8088596343994141,0.4474549328839337,7,0.0190113288046968,0.8088596343994141,59.96002664890073
part_003.mp4,662,1,9,0.0187365316787488,0.808269182840983,0.4449716356065538,8,0.0187365316787488,0.808269182840983,59.96002664890073
part_003.mp4,663,1,9,0.0183615718973467,0.8077475229899088,0.4397234174940321,8,0.0183615718973467,0.8077475229899088,59.96002664890073
part_003.mp4,664,1,9,0.0182430833803179,0.807455317179362,0.4335763295491536,8,0.0182430833803179,0.807455317179362,59.96002664890073
part_003.mp4,665,1,7,0.0179671290427332,0.8070121765136719,0.4296863555908203,6,0.0179671290427332,0.8070121765136719,59.96002664890073
part_003.mp4,666,1,8,0.0177888013959266,0.8058761596679688,0.4266527952971282,7,0.0177888013959266,0.8058761596679688,59.96002664890073
part_003.mp4,667,1,8,0.0174103371264236,0.8047185897827148,0.4239165412055121,7,0.0174103371264236,0.8047185897827148,59.96002664890073
part_003.mp4,668,1,8,0.0170034017423106,0.8038888931274414,0.4197582810013383,7,0.0170034017423106,0.8047043482462565,59.96002664890073
part_003.mp4,669,1,8,0.0167008555604106,0.8027502695719401,0.4157025796395761,7,0.0167008555604106,0.8055452982584635,59.96002664890073
part_003.mp4,670,1,7,0.0169546613639168,0.8069554011027018,0.1400736490885416,6,0.0169546613639168,0.8069554011027018,59.96002664890073
part_003.mp4,671,1,8,0.0182847296617304,0.8081076304117839,0.1423187255859375,7,0.0182847296617304,0.8081076304117839,59.96002664890073
part_003.mp4,672,1,6,0.0187489695355503,0.8081661860148112,0.1422749837239583,5,0.0187489695355503,0.8081661860148112,59.96002664890073
part_003.mp4,673,1,6,0.0189509489830658,0.8090841929117839,0.1353469566062644,5,0.0189509489830658,0.8090841929117839,59.96002664890073
part_003.mp4,674,1,7,0.0192594064374807,0.8099392573038737,0.1311300772207754,6,0.0192594064374807,0.8099392573038737,59.96002664890073
part_003.mp4,675,1,7,0.019722382014342,0.8109777450561524,0.1279489870424623,6,0.019722382014342,0.8109777450561524,59.96002664890073
part_003.mp4,676,1,7,0.0202139456333652,0.8125654856363932,0.12257975825557,6,0.0202139456333652,0.8125654856363932,59.96002664890073
part_003.mp4,677,1,7,0.0211591775023003,0.8140774408976237,0.1189338401511863,6,0.0211591775023003,0.8140774408976237,59.96002664890073
part_003.mp4,678,1,8,0.0217744587898616,0.8150571823120117,0.1143120659722222,7,0.0217744587898616,0.8150571823120117,59.96002664890073
part_003.mp4,679,1,8,0.0220659740440537,0.8149934768676758,0.1102440162941261,7,0.0220659740440537,0.8149934768676758,59.96002664890073
part_003.mp4,680,1,8,0.0225124803357175,0.8161896387736003,0.1056999771683304,7,0.0225124803357175,0.8161896387736003,59.96002664890073
part_003.mp4,681,1,7,0.0226318506886902,0.8159248987833659,0.1003807633011429,6,0.0226318506886902,0.8159248987833659,59.96002664890073
part_003.mp4,682,1,8,0.0228307536657666,0.8161643981933594,0.0962636311848958,7,0.0228307536657666,0.8161643981933594,59.96002664890073
part_003.mp4,683,1,7,0.0234367045960953,0.8172871271769205,0.0910274646900318,6,0.0234367045960953,0.8172871271769205,59.96002664890073
part_003.mp4,684,1,7,0.0244695084937848,0.8194918314615885,0.0862225002712673,6,0.0244695084937848,0.8194918314615885,59.96002664890073
part_003.mp4,685,1,6,0.0250170958567953,0.8202049255371093,0.0774898952907986,5,0.0250170958567953,0.8202049255371093,59.96002664890073
part_003.mp4,686,1,6,0.0256208511363257,0.8215134302775066,0.072971937391493,5,0.0256208511363257,0.8215134302775066,59.96002664890073
part_003.mp4,687,1,6,0.0254755367425052,0.8222078323364258,0.0681328384964554,5,0.0254755367425052,0.8222078323364258,59.96002664890073
part_003.mp4,688,1,7,0.0256603966548357,0.8231960932413737,0.0653104994032118,6,0.0256603966548357,0.8231960932413737,59.96002664890073
part_003.mp4,689,1,6,0.0266179057827685,0.823959223429362,0.056431410047743,5,0.0266179057827685,0.823959223429362,59.96002664890073
part_003.mp4,690,1,6,0.0272192865652107,0.8249576568603516,0.0511077598289207,5,0.0272192865652107,0.8249576568603516,59.96002664890073
part_003.mp4,691,1,7,0.0277402828715922,0.8252769470214844,0.0463607788085937,6,0.0277402828715922,0.8252769470214844,59.96002664890073
part_003.mp4,692,1,8,0.0281788194701463,0.8267359415690104,0.0399914211697048,7,0.0281788194701463,0.8267359415690104,59.96002664890073
part_003.mp4,693,1,7,0.0286716680896158,0.8267080942789714,0.0334255642361111,6,0.0286716680896158,0.8267080942789714,59.96002664890073
part_003.mp4,694,1,7,0.0299722572147233,0.8290094375610352,0.0253136528862847,6,0.0299722572147233,0.8290094375610352,59.96002664890073
part_003.mp4,695,1,6,0.0305922301267173,0.8310005187988281,0.0188961170337818,5,0.0305922301267173,0.8310005187988281,59.96002664890073
part_003.mp4,696,1,5,0.0312758091373985,0.832969856262207,0.0126383180971498,4,0.0312758091373985,0.832969856262207,59.96002664890073
part_003.mp4,697,1,6,0.032085504126735,0.8331340789794922,0.0073389689127604,5,0.032085504126735,0.8331340789794922,59.96002664890073
part_003.mp4,698,1,6,0.0328727436474097,0.8346169153849284,0.0012808905707465,5,0.0328727436474097,0.8346169153849284,59.96002664890073
part_003.mp4,699,1,6,0.033932239850886,0.8366273880004883,0.0054847717285156,5,0.033932239850886,0.8366273880004883,59.96002664890073
part_003.mp4,700,1,6,0.0348758962622108,0.8380552927652994,0.0117567556875723,5,0.0348758962622108,0.8380552927652994,59.96002664890073
part_003.mp4,701,1,6,0.0353989812174404,0.8394613901774088,0.0189469231499565,5,0.0353989812174404,0.8394613901774088,59.96002664890073
part_003.mp4,702,1,6,0.0369010566145017,0.841831652323405,0.0272615503381799,5,0.0369010566145017,0.841831652323405,59.96002664890073
part_003.mp4,703,1,7,0.0379478803533345,0.8434263865152994,0.036607445610894,6,0.0379478803533345,0.8434263865152994,59.96002664890073
part_003.mp4,704,1,7,0.0387444192858593,0.8456288019816081,0.0445448416250723,6,0.0387444192858593,0.8456288019816081,59.96002664890073
part_003.mp4,705,1,7,0.0390316684071742,0.8461327234903971,0.0511427420156973,6,0.0390316684071742,0.8461327234903971,59.96002664890073
part_003.mp4,706,1,7,0.040144630132299,0.8483261108398438,0.0582836574978298,6,0.040144630132299,0.8483261108398438,59.96002664890073
part_003.mp4,707,1,7,0.0405603035283274,0.8483103434244792,0.0631725735134548,6,0.0405603035283274,0.8483103434244792,59.96002664890073
part_003.mp4,708,1,6,0.0415687631458341,0.8496353785196941,0.0723924707483362,5,0.0415687631458341,0.8496353785196941,59.96002664890073
part_003.mp4,709,1,7,0.0426466165824105,0.8510395050048828,0.0798053035029658,6,0.0426466165824105,0.8510395050048828,59.96002664890073
part_003.mp4,710,1,8,0.0445451934191536,0.8537268320719401,0.0897619741934317,7,0.0445451934191536,0.8537268320719401,59.96002664890073
part_003.mp4,711,1,7,0.045469237138247,0.8550266901652018,0.0967932241934317,6,0.045469237138247,0.8550266901652018,59.96002664890073
part_003.mp4,712,1,7,0.0470690169864327,0.8575986862182617,0.1069988957157841,6,0.0470690169864327,0.8575986862182617,59.96002664890073
part_003.mp4,713,1,9,0.0476055265677321,0.8573589324951172,0.1165261445222077,8,0.0476055265677321,0.8573589324951172,59.96002664890073
part_003.mp4,714,1,7,0.0488873397869799,0.8589733759562175,0.1261297720449942,6,0.0488873397869799,0.8589733759562175,59.96002664890073
part_003.mp4,715,1,6,0.0499902776578825,0.8604096094767253,0.1359029416684751,5,0.0499902776578825,0.8604096094767253,59.96002664890073
part_003.mp4,716,1,7,0.0517177702003122,0.8631938934326172,0.1446543658221209,6,0.0517177702003122,0.8631938934326172,59.96002664890073
part_003.mp4,717,1,7,0.0539058865516886,0.8662446975708008,0.1535803900824652,6,0.0539058865516886,0.8662446975708008,59.96002664890073
part_003.mp4,718,1,7,0.055679963210908,0.8678410212198894,0.1617856061017071,6,0.055679963210908,0.8678410212198894,59.96002664890073
part_003.mp4,719,1,6,0.0577111993368767,0.8698932647705078,0.1724287527578848,5,0.0577111993368767,0.8698932647705078,59.96002664890073
part_003.mp4,720,2,7,0.0591928770266369,0.8718149820963542,0.18255615234375,6,0.0591928770266369,0.8718149820963542,59.96002664890073
part_003.mp4,721,2,4,0.0617691773542578,0.8752416610717774,0.1961454603407118,3,0.0617691773542578,0.8752416610717774,59.96002664890073
part_003.mp4,722,2,5,0.0642008051872943,0.8788880030314128,0.2031054461443865,4,0.0642008051872943,0.8788880030314128,59.96002664890073
part_003.mp4,723,2,5,0.0664037020810496,0.8808506647745769,0.2137615910282841,4,0.0664037020810496,0.8808506647745769,59.96002664890073
part_003.mp4,724,2,6,0.0715509282943902,0.8913257598876954,0.2274837493896484,5,0.0715509282943902,0.8913257598876954,59.96002664890073
part_003.mp4,725,2,5,0.0759618403731858,0.8983080546061198,0.2415431128607855,4,0.0759618403731858,0.8983080546061198,59.96002664890073
part_003.mp4,726,2,7,0.0779741885725633,0.8995500564575195,0.2512986924913194,6,0.0779741885725633,0.8995500564575195,59.96002664890073
part_003.mp4,727,2,8,0.0781692393753285,0.8977041244506836,0.2648112261736834,6,0.0781692393753285,0.8977041244506836,59.96002664890073
part_003.mp4,728,2,9,0.0805605647573732,0.9005261103312174,0.2762233310275607,7,0.0805605647573732,0.9005261103312174,59.96002664890073
part_003.mp4,729,2,8,0.0836472514821475,0.9034868240356444,0.2884163750542535,6,0.0836472514821475,0.9034868240356444,59.96002664890073
part_003.mp4,730,2,8,0.0877695181621378,0.9082443873087566,0.2986614933720341,6,0.0877695181621378,0.9082443873087566,59.96002664890073
part_003.mp4,731,2,8,0.0907180672358986,0.9116198221842448,0.3134257422553168,6,0.0907180672358986,0.9116198221842448,59.96002664890073
part_003.mp4,732,2,7,0.0962964827935718,0.917116419474284,0.3310782821090133,5,0.0962964827935718,0.917116419474284,59.96002664890073
part_003.mp4,733,2,7,0.1007296219279912,0.921115493774414,0.3430359875714337,4,0.1007296219279912,0.921115493774414,59.96002664890073
part_003.mp4,734,2,8,0.1053065502620517,0.9244165420532228,0.3596996166087963,5,0.1053065502620517,0.9244165420532228,59.96002664890073
part_003.mp4,735,2,8,0.1089158063068882,0.927998161315918,0.3734077029758029,4,0.1089158063068882,0.927998161315918,59.96002664890073
part_003.mp4,736,2,8,0.11441498944991,0.9326818466186524,0.3933551788330078,6,0.11441498944991,0.9326818466186524,59.96002664890073
part_003.mp4,737,2,8,0.1190753054301927,0.9368398666381836,0.4087980482313368,6,0.1190753054301927,0.9368398666381836,59.96002664890073
part_003.mp4,738,2,7,0.126245803167007,0.945345942179362,0.4235150796395761,6,0.126245803167007,0.945345942179362,59.96002664890073
part_003.mp4,739,2,7,0.1279177505367746,0.948691749572754,0.4281280517578125,6,0.1279177505367746,0.948691749572754,59.96002664890073
part_003.mp4,740,2,7,0.1294866776874604,0.9534917831420898,0.4300783651846426,6,0.1294866776874604,0.9534917831420898,59.96002664890073
part_003.mp4,741,2,7,0.1335197736809075,0.959939193725586,0.4359225096525969,6,0.1335197736809075,0.959939193725586,59.96002664890073
part_003.mp4,742,2,8,0.1359604581943131,0.9651702880859376,0.4379315694173177,7,0.1359604581943131,0.9651702880859376,59.96002664890073
part_003.mp4,743,2,6,0.1425411250265568,0.978200912475586,0.4419297253644025,6,0.1425411250265568,0.978200912475586,59.96002664890073
part_003.mp4,744,2,6,0.1465595439953581,0.9874621073404948,0.4450348748101128,6,0.1465595439953581,0.9874621073404948,59.96002664890073
part_003.mp4,745,2,6,0.1516519887110054,0.998805046081543,0.4468718917281539,6,0.1516519887110054,0.998805046081543,59.96002664890073
part_003.mp4,746,2,7,0.1504533402330303,0.9990839004516602,0.4498865339491102,7,0.1504533402330303,0.9990839004516602,59.96002664890073
part_003.mp4,747,2,7,0.1498055535811969,0.999494171142578,0.4516509162055122,7,0.1498055535811969,0.999494171142578,59.96002664890073
part_003.mp4,748,2,8,0.149725046740792,0.9994915008544922,0.453230313901548,8,0.149725046740792,0.9994915008544922,59.96002664890073
part_003.mp4,749,2,8,0.1497657835751144,0.999559466044108,0.4554637485080295,8,0.1497657835751144,0.999559466044108,59.96002664890073
part_003.mp4,750,2,9,0.1488551800709665,0.9995136260986328,0.458296231870298,9,0.1488551800709665,0.9995136260986328,59.96002664890073
part_003.mp4,751,2,8,0.1465860731974115,0.9995108286539712,0.4621542188856337,8,0.1465860731974115,0.9995108286539712,59.96002664890073
part_003.mp4,752,2,9,0.1447163224401977,0.9995279312133788,0.4625834712275752,9,0.1447163224401977,0.9995279312133788,59.96002664890073
part_003.mp4,753,2,8,0.1448796467485846,0.999458122253418,0.4659081918221933,8,0.1448796467485846,0.999458122253418,59.96002664890073
part_003.mp4,754,2,9,0.144076382279686,0.9995086669921877,0.4699412875705295,9,0.144076382279686,0.9995086669921877,59.96002664890073
part_003.mp4,755,2,7,0.1435622179863276,0.9995077133178712,0.4720328436957465,7,0.1435622179863276,0.9995077133178712,59.96002664890073
part_003.mp4,756,2,8,0.142430472355627,0.9995014190673828,0.4735399881998698,8,0.142430472355627,0.9995014190673828,59.96002664890073
part_003.mp4,757,2,8,0.1417644142779434,0.9994653701782228,0.4777737370243779,8,0.1417644142779434,0.9994653701782228,59.96002664890073
part_003.mp4,758,2,9,0.1384194061221771,0.999513308207194,0.4855371687147352,9,0.1384194061221771,0.999513308207194,59.96002664890073
part_003.mp4,759,2,8,0.1382184133097846,0.9994993209838868,0.4847502673113787,8,0.1382184133097846,0.9994993209838868,59.96002664890073
part_003.mp4,760,2,8,0.1366065261982536,0.9994731903076172,0.4875246259901258,8,0.1366065261982536,0.9994731903076172,59.96002664890073
part_003.mp4,761,2,9,0.1346817275848298,0.9994489669799804,0.493029530843099,9,0.1346817275848298,0.9994489669799804,59.96002664890073
part_003.mp4,762,2,9,0.1349053253019924,0.9994242350260416,0.4931238386366102,9,0.1349053253019924,0.9994242350260416,59.96002664890073
part_003.mp4,763,2,7,0.1347744621189324,0.9997098922729492,0.4949852272316261,7,0.1347744621189324,0.9997098922729492,59.96002664890073
part_003.mp4,764,2,9,0.1333828162228585,0.9997062683105468,0.4990317733199508,9,0.1333828162228585,0.9997062683105468,59.96002664890073
part_003.mp4,765,2,9,0.1323768338309229,0.9996549606323242,0.5027110205756293,9,0.1323768338309229,0.9996549606323242,59.96002664890073
part_003.mp4,766,2,7,0.1308710623445464,0.9996244430541992,0.507986323038737,7,0.1308710623445464,0.9996244430541992,59.96002664890073
part_003.mp4,767,2,8,0.1297123752322254,0.9995930353800456,0.5118139478895399,8,0.1297123752322254,0.9995930353800456,59.96002664890073
part_003.mp4,768,2,8,0.128560370357526,0.9996492385864256,0.5144556681315104,8,0.128560370357526,0.9996492385864256,59.96002664890073
part_003.mp4,769,2,8,0.1276392055538599,0.9995575586954752,0.518520016140408,8,0.1276392055538599,0.9995575586954752,59.96002664890073
part_003.mp4,770,2,10,0.1258333471231189,0.9994876861572266,0.5216112348768446,10,0.1258333471231189,0.9994876861572266,59.96002664890073
part_003.mp4,771,2,9,0.1234171903642996,0.9995759963989258,0.5274463794849537,9,0.1234171903642996,0.9995759963989258,59.96002664890073
part_003.mp4,772,2,9,0.1213556987675164,0.999354362487793,0.5318577660454644,9,0.1213556987675164,0.999354362487793,59.96002664890073
part_003.mp4,773,2,10,0.1213094019249116,0.9994949340820312,0.5333625510886864,10,0.1213094019249116,0.9994949340820312,59.96002664890073
part_003.mp4,774,2,9,0.1190756616721153,0.9994564056396484,0.5383978243227359,9,0.1190756616721153,0.9994564056396484,59.96002664890073
part_003.mp4,775,2,9,0.1171084411428132,0.9994568506876628,0.5451902177598741,9,0.1171084411428132,0.9994568506876628,59.96002664890073
part_003.mp4,776,2,9,0.1158677129845374,0.9994878768920898,0.5502791510687934,9,0.1158677129845374,0.9994878768920898,59.96002664890073
part_003.mp4,777,2,9,0.1136193719692366,0.9994428634643556,0.5563067118326823,9,0.1136193719692366,0.9994428634643556,59.96002664890073
part_003.mp4,778,2,10,0.1121544094518402,0.9993593215942382,0.5590254889594184,10,0.1121544094518402,0.9993593215942382,59.96002664890073
part_003.mp4,779,2,10,0.1106273092741806,0.9993595123291016,0.5647569444444445,10,0.1106273092741806,0.9993595123291016,59.96002664890073
part_003.mp4,780,0,10,0.1085075190299378,0.999433708190918,0.5719410366482205,10,0.1085075190299378,0.999433708190918,59.96002664890073
part_003.mp4,781,0,10,0.1060736494791247,0.9994421005249025,0.5812051561143663,10,0.1060736494791247,0.9994421005249025,59.96002664890073
part_003.mp4,782,0,11,0.1044707347360155,0.9994279861450196,0.5853561401367188,11,0.1044707347360155,0.9994279861450196,59.96002664890073
part_003.mp4,783,0,12,0.1020963845838775,0.9994684219360352,0.5899671060067636,12,0.1020963845838775,0.9994684219360352,59.96002664890073
part_003.mp4,784,0,12,0.0993191628907246,0.9994956970214844,0.5975756468596282,12,0.0993191628907246,0.9994956970214844,59.96002664890073
part_003.mp4,785,0,12,0.0971381797277223,0.9995029449462892,0.6054212923403139,11,0.0070428536053643,0.7896102905273438,59.96002664890073
part_003.mp4,786,0,12,0.0945674487022727,0.9994901657104492,0.6131720790156612,11,0.0079810078279923,0.792523193359375,59.96002664890073
part_003.mp4,787,0,11,0.0926589962355555,0.9996257781982422,0.6227322189896195,10,0.0091709386571164,0.7933739344278972,59.96002664890073
part_003.mp4,788,0,11,0.0895848118995544,0.9994821548461914,0.6308258197925709,10,0.0102415523106964,0.794331169128418,59.96002664890073
part_003.mp4,789,0,10,0.0861855125937048,0.9994529724121094,0.6412515428331164,9,0.0103887220886826,0.7950996398925781,59.96002664890073
part_003.mp4,790,0,11,0.08300664301975,0.9994661331176756,0.650567227822763,10,0.0106976171926721,0.7973384857177734,59.96002664890073
part_003.mp4,791,0,8,0.0806733724193206,0.9995052337646484,0.659284708234999,7,0.0109565789436843,0.7988975524902344,59.96002664890073
part_003.mp4,792,0,9,0.0773975967490938,0.9997419357299804,0.6717138926188151,8,0.0110148582349696,0.799102783203125,59.96002664890073
part_003.mp4,793,0,11,0.0731653413430952,0.9997273127237956,0.6823761410183377,10,0.0110915506232979,0.7992706934611002,59.96002664890073
part_003.mp4,794,0,12,0.069075812316118,0.999484634399414,0.6949532826741537,11,0.011148091849803,0.7993141810099283,59.96002664890073
part_003.mp4,795,0,8,0.0633962264034097,0.9995031356811525,0.7097341007656521,7,0.0110709536505358,0.7986672719319662,59.96002664890073
part_003.mp4,796,0,8,0.0603608818374697,0.9996901194254556,0.7226577052363643,7,0.0106447949009937,0.7986215591430664,59.96002664890073
part_003.mp4,797,0,8,0.0549401697784654,0.9994836807250976,0.7381224243729203,7,0.010346442696629,0.7982948303222657,59.96002664890073
part_003.mp4,798,0,9,0.0494600196583067,0.999492645263672,0.7527150260077582,7,0.0102057721682972,0.7982792536417643,59.96002664890073
part_003.mp4,799,0,7,0.0422714145941615,1.0,0.7696132447984484,5,0.0101208733184871,0.7981122334798177,59.96002664890073
part_003.mp4,800,0,8,0.0368789560631557,0.9988121032714844,0.7869771745469835,6,0.0099379482584858,0.7982805887858073,59.96002664890073
part_003.mp4,801,0,6,0.0319445609164661,0.9988554000854492,0.8069837146335178,4,0.0098052250314503,0.7977407455444336,59.96002664890073
part_003.mp4,802,0,8,0.0265219864448105,0.99931583404541,0.8289032406277127,6,0.0099604589634691,0.7970664978027344,59.96002664890073
part_003.mp4,803,0,7,0.0223190876487448,0.9995681762695312,0.8512993353384513,5,0.0098958591199091,0.7974113464355469,59.96002664890073
part_003.mp4,804,0,6,0.0098154035197512,0.7973282496134441,0.3176200866699218,5,0.0098154035197512,0.7973282496134441,59.96002664890073
part_003.mp4,805,0,7,0.0099083419061369,0.797291119893392,0.3106538560655382,6,0.0099083419061369,0.797291119893392,59.96002664890073
part_003.mp4,806,0,8,0.0096396313329589,0.7971315383911133,0.309431485776548,7,0.0096396313329589,0.7971315383911133,59.96002664890073
part_003.mp4,807,0,7,0.0104267463920122,0.8613085428873698,0.888336165746053,6,0.0095859796064259,0.7977116902669271,59.96002664890073
part_003.mp4,808,0,9,0.0108427439447647,0.861762809753418,0.8825697580973307,8,0.0094777432344562,0.7974058787027994,59.96002664890073
part_003.mp4,809,0,9,0.011244253438405,0.8610047022501628,0.8780661476982965,8,0.0092413526611441,0.7967872619628906,59.96002664890073
part_003.mp4,810,0,8,0.0114942143840124,0.8599775314331055,0.8736114837505199,7,0.0090813798005304,0.7958092371622721,59.96002664890073
part_003.mp4,811,0,6,0.0122160490635302,0.860079002380371,0.8659177003083406,5,0.0090764997515361,0.795872688293457,59.96002664890073
part_003.mp4,812,0,7,0.0126643541787234,0.8597944895426433,0.8610334502326118,6,0.0089514531950569,0.7955886840820312,59.96002664890073
part_003.mp4,813,0,8,0.0128773047276687,0.859194564819336,0.85776227845086,7,0.0087795731889365,0.7955289840698242,59.96002664890073
part_003.mp4,814,0,9,0.0132343188700421,0.8585853576660156,0.8544682820638021,8,0.0086749561466664,0.7956825892130533,59.96002664890073
part_003.mp4,815,0,7,0.0138977662116686,0.859678077697754,0.8486404436605948,6,0.0084091549802946,0.7956032435099284,59.96002664890073
part_003.mp4,816,0,7,0.0148048825708772,0.861219851175944,0.8416014565361871,6,0.0080958251141904,0.7952505747477213,59.96002664890073
part_003.mp4,817,0,7,0.0146949952385916,0.8582202911376953,0.8369302696651882,6,0.0080715263679546,0.7948630015055339,59.96002664890073
part_003.mp4,818,0,7,0.0149667976702403,0.8566825866699219,0.8312453587849935,6,0.0082440701788032,0.7954801559448242,59.96002664890073
part_003.mp4,819,0,7,0.0152875687261944,0.8562976837158203,0.827394676208496,6,0.0081893208401743,0.7949804306030274,59.96002664890073
part_003.mp4,820,0,7,0.0160094603768609,0.8576160430908203,0.8221443123287625,6,0.0079454371767416,0.7946490605672201,59.96002664890073
part_003.mp4,821,0,5,0.0166911532283241,0.8587583541870117,0.816897095574273,4,0.0078589533850026,0.7941644032796223,59.96002664890073
part_003.mp4,822,0,6,0.0168028187566206,0.8574896494547526,0.8144091570818865,5,0.0079025481852295,0.794529914855957,59.96002664890073
part_003.mp4,823,0,5,0.0168660796256086,0.8557771682739258,0.8098708470662435,4,0.0079338619197692,0.795013427734375,59.96002664890073
part_003.mp4,824,0,8,0.0178112661632702,0.8581043243408203,0.8052055358886718,7,0.0080287987468182,0.7953106562296549,59.96002664890073
part_003.mp4,825,0,6,0.017475513995887,0.8554222106933593,0.8018955230712891,5,0.0079549523321394,0.7955400466918945,59.96002664890073
part_003.mp4,826,0,7,0.0179904434118846,0.8549524307250976,0.7944556554158528,6,0.0075999996336759,0.7944167455037435,59.96002664890073
part_003.mp4,827,0,7,0.0179614006124806,0.8534866333007812,0.789769751937301,6,0.007578518779418,0.7939155578613282,59.96002664890073
part_003.mp4,828,0,9,0.018799843289089,0.8554704666137696,0.7875484961050528,8,0.0073447061348189,0.7934467315673828,59.96002664890073
part_003.mp4,829,0,8,0.0184262173817033,0.8526435852050781,0.7833797878689236,7,0.0072060648741899,0.7935043970743815,59.96002664890073
part_003.mp4,830,0,10,0.0191130211909007,0.8533803939819335,0.7803377151489258,9,0.0070297916735095,0.7949487686157226,59.96002664890073
part_003.mp4,831,0,8,0.019569755343966,0.8539640426635742,0.7761267626727069,7,0.0070146092944034,0.7932321548461914,59.96002664890073
part_003.mp4,832,0,8,0.020931968649455,0.8577054977416992,0.771355657224302,7,0.0070831505846904,0.7931078592936198,59.96002664890073
part_003.mp4,833,0,7,0.0212343306653147,0.8595368067423502,0.7707889203672056,6,0.0070388576827503,0.793306541442871,59.96002664890073
part_003.mp4,834,0,9,0.0242950983676564,0.8712090174357097,0.7661190032958984,8,0.006915226215626,0.7933399836222331,59.96002664890073
part_003.mp4,835,0,7,0.0249033716610736,0.8719446818033855,0.7623163859049479,6,0.0067736691289206,0.7923229217529297,59.96002664890073
part_003.mp4,836,0,7,0.0256115207431938,0.872958755493164,0.7582072929099753,6,0.0070533065628519,0.7933088302612304,59.96002664890073
part_003.mp4,837,0,8,0.0266404407422669,0.8749780654907227,0.7547665278116862,7,0.0068518722630687,0.7926573435465495,59.96002664890073
part_003.mp4,838,0,6,0.0270779990246444,0.875409189860026,0.7506042409826208,5,0.0068333357962385,0.7927433013916015,59.96002664890073
part_003.mp4,839,0,6,0.0272572156295144,0.8753914515177409,0.7470957862006293,5,0.0068244290067296,0.7926474253336588,59.96002664890073
part_003.mp4,840,0,6,0.0281903602192889,0.8778101603190104,0.7455154136375145,5,0.006465837373109,0.7913174947102865,59.96002664890073
part_003.mp4,841,0,8,0.0284055963776686,0.8769580841064453,0.7413473058629919,7,0.0064410809103261,0.7914056777954102,59.96002664890073
part_003.mp4,842,0,7,0.0286424854509554,0.8757308959960938,0.7387430120397497,6,0.0064704830181371,0.7919396082560222,59.96002664890073
part_003.mp4,843,0,6,0.0287929447914292,0.8754257202148438,0.7361919826931423,5,0.0062796887091395,0.7914745966593425,59.96002664890073
part_003.mp4,844,0,6,0.029070879960895,0.8738039016723633,0.7307069990370009,5,0.0062936741859367,0.7916707992553711,59.96002664890073
part_003.mp4,845,0,6,0.0295681846176901,0.8740849177042643,0.7285703447129991,5,0.0064915624851063,0.7919577280680339,59.96002664890073
part_003.mp4,846,0,6,0.0295597412671836,0.8723789850870768,0.7259082511619285,5,0.0063389820007917,0.7917088190714519,59.96002664890073
part_003.mp4,847,0,6,0.0295046456054074,0.8719114939371745,0.7250583436754015,5,0.0064218867548819,0.792184321085612,59.96002664890073
part_003.mp4,848,0,7,0.0299098498366247,0.8716163635253906,0.7203019601327402,6,0.0062798741608006,0.7918083190917968,59.96002664890073
part_003.mp4,849,0,6,0.0305041247065673,0.8719044367472331,0.7174661848280165,5,0.0061820310402254,0.7912817637125651,59.96002664890073
part_003.mp4,850,0,8,0.0313513856468489,0.8740646362304687,0.7160060458713108,7,0.0059647647583502,0.7910097122192383,59.96002664890073
part_003.mp4,851,0,8,0.0313831073283735,0.8735334396362304,0.7143550448947482,7,0.0056898225117604,0.7914402643839519,59.96002664890073
part_003.mp4,852,0,9,0.0315536159472928,0.8724710464477539,0.7110458374023437,8,0.0057520494938297,0.7916429519653321,59.96002664890073
part_003.mp4,853,0,8,0.0317543011781162,0.8708711624145508,0.7059445593092176,7,0.0056715892691109,0.7905925750732422,59.96002664890073
part_003.mp4,854,0,8,0.0313127760520836,0.8690530776977539,0.7050972126148365,7,0.0057615038804942,0.7916630427042644,59.96002664890073
part_003.mp4,855,0,6,0.0317606618435214,0.8694765090942382,0.7039099587334527,5,0.005785547964333,0.7900637308756511,59.96002664890073
part_003.mp4,856,0,8,0.0320780686363825,0.8691511154174805,0.7001269587764034,7,0.0055430003484627,0.7902992248535157,59.96002664890073
part_003.mp4,857,0,7,0.03195079965269,0.8679956436157227,0.6968929432056569,6,0.005627252853511,0.790017573038737,59.96002664890073
part_003.mp4,858,0,8,0.0324805384360337,0.8689264933268229,0.6935360096119069,7,0.0054148561317641,0.7893980662027995,59.96002664890073
part_003.mp4,859,0,7,0.0324829946993594,0.8677818298339843,0.6912810466907643,6,0.0056534379572258,0.7898641586303711,59.96002664890073
part_003.mp4,860,0,6,0.0327052960871865,0.8666866302490235,0.6896565472638165,5,0.0054511659049118,0.7896868387858073,59.96002664890073
part_003.mp4,861,0,5,0.0327813244616259,0.8661962509155273,0.6870451079474555,4,0.0054276083033161,0.7895779927571615,59.96002664890073
part_003.mp4,862,0,5,0.0325417269866631,0.8647834777832031,0.6850900438096789,4,0.0054209882519595,0.789439074198405,59.96002664890073
part_003.mp4,863,0,5,0.0332889072208975,0.866000747680664,0.6820707533094618,4,0.0054090275511973,0.7894306818644206,59.96002664890073
part_003.mp4,864,0,5,0.0335422926343131,0.8657848358154296,0.6797538651360406,4,0.0052579538217913,0.7879927317301433,59.96002664890073
part_003.mp4,865,0,5,0.0326827384911767,0.8637866973876953,0.6762227482265897,4,0.0052785575621399,0.7881658554077149,59.96002664890073
part_003.mp4,866,0,6,0.0321740422538924,0.8613901138305664,0.6739203453063964,5,0.005145921316084,0.7877634048461915,59.96002664890073
part_003.mp4,867,0,5,0.0327342369213389,0.8625198364257812,0.6699798583984375,4,0.0051496660231269,0.7879820505777995,59.96002664890073
part_003.mp4,868,0,5,0.0326367332754044,0.8615604400634765,0.6664553218417697,4,0.0052385588839253,0.7881568908691406,59.96002664890073
part_003.mp4,869,0,6,0.0315599193955394,0.8595238367716471,0.6568196861832231,5,0.0052053846182523,0.7880505243937175,59.96002664890073
part_003.mp4,870,0,6,0.0302538326569871,0.8565521876017252,0.6479761759440105,5,0.005189996214079,0.7877687454223633,59.96002664890073
part_003.mp4,871,0,6,0.0302947854106362,0.8557519912719727,0.6434367285834418,5,0.0057341997948781,0.7892316818237305,59.96002664890073
part_003.mp4,872,0,6,0.0297964934169754,0.8559707641601563,0.6334737141927084,5,0.0056134127255063,0.7888631820678711,59.96002664890073
part_003.mp4,873,0,6,0.0298862995927831,0.8560785293579102,0.6295070966084798,5,0.0054263814547448,0.7887243906656901,59.96002664890073
part_003.mp4,874,0,7,0.0293753093352225,0.8549516677856446,0.6186890920003255,6,0.0050704755021811,0.7873165766398112,59.96002664890073
part_003.mp4,875,0,6,0.028841604071343,0.8533697764078776,0.6129512468973796,5,0.0051329273653552,0.7873541514078776,59.96002664890073
part_003.mp4,876,0,6,0.0287841172720429,0.8536996841430664,0.6066818272625959,5,0.0053400507196784,0.7873126983642578,59.96002664890073
part_003.mp4,877,0,7,0.0281325050176484,0.8528499603271484,0.5987624521608705,7,0.0281325050176484,0.8528499603271484,59.96002664890073
part_003.mp4,878,0,7,0.028115914888743,0.8526215235392253,0.5933549245198567,7,0.028115914888743,0.8526215235392253,59.96002664890073
part_003.mp4,879,0,6,0.0274297996663638,0.8513280868530273,0.5838313703183775,6,0.0274297996663638,0.8513280868530273,59.96002664890073
part_003.mp4,880,0,6,0.0270975011804774,0.8502007166544596,0.5778568691677517,6,0.0270975011804774,0.8502007166544596,59.96002664890073
part_003.mp4,881,0,7,0.0259964893790176,0.847882334391276,0.5691108844898365,7,0.0259964893790176,0.847882334391276,59.96002664890073
part_003.mp4,882,0,7,0.0263009802158046,0.8485525131225586,0.5649244449756764,7,0.0263009802158046,0.8485525131225586,59.96002664890073
part_003.mp4,883,0,7,0.0262039261069721,0.8490148544311523,0.5596795117413557,7,0.0262039261069721,0.8490148544311523,59.96002664890073
part_003.mp4,884,0,6,0.0253094104599828,0.8473308563232422,0.5515712596752026,6,0.0253094104599828,0.8473308563232422,59.96002664890073
part_003.mp4,885,0,5,0.0247632895734083,0.8455312728881836,0.5471997578938802,5,0.0247632895734083,0.8455312728881836,59.96002664890073
part_003.mp4,886,0,6,0.0246398525426532,0.8449726104736328,0.5394466894644278,6,0.0246398525426532,0.8449726104736328,59.96002664890073
part_003.mp4,887,0,5,0.0242878530891903,0.8450321197509766,0.535460846512406,5,0.0242878530891903,0.8450321197509766,59.96002664890073
part_003.mp4,888,0,5,0.0237751822867721,0.8437110900878906,0.5270677778455947,5,0.0237751822867721,0.8437110900878906,59.96002664890073
part_003.mp4,889,0,5,0.0231596492244231,0.842214838663737,0.5180190616183811,5,0.0231596492244231,0.842214838663737,59.96002664890073
part_003.mp4,890,0,6,0.0231360993873368,0.8422756830851237,0.5137881950095847,5,0.0231360993873368,0.8422756830851237,59.96002664890073
part_003.mp4,891,0,6,0.0224366864476232,0.8403731028238932,0.5068302295826099,5,0.0224366864476232,0.8403731028238932,59.96002664890073
part_003.mp4,892,0,7,0.0225124924512244,0.8408253351847331,0.5011348441795066,6,0.0225124924512244,0.8408253351847331,59.96002664890073
part_003.mp4,893,0,7,0.0221760781599867,0.8399925867716471,0.4956091280336733,6,0.0221760781599867,0.8399925867716471,59.96002664890073
part_003.mp4,894,0,8,0.0218189720704362,0.8399778366088867,0.4906812173348886,7,0.0218189720704362,0.8399778366088867,59.96002664890073
part_003.mp4,895,0,8,0.0212416034435025,0.8388378779093425,0.4848469769513165,7,0.0212416034435025,0.8388378779093425,59.96002664890073
part_003.mp4,896,0,8,0.0212801038784285,0.8392227172851563,0.4810984293619791,7,0.0212801038784285,0.8392227172851563,59.96002664890073
part_003.mp4,897,0,8,0.0209207326428144,0.8379194895426433,0.4752655453152127,7,0.0209207326428144,0.8379194895426433,59.96002664890073
part_003.mp4,898,0,7,0.0202789563778221,0.8359130859375,0.4672550201416016,6,0.0202789563778221,0.8359130859375,59.96002664890073
part_003.mp4,899,0,7,0.0202457994077121,0.8353246688842774,0.4610526190863715,6,0.0202457994077121,0.8353246688842774,59.96002664890073
part_003.mp4,900,0,6,0.0197514615691788,0.8348888397216797,0.4544295982078269,5,0.0197514615691788,0.8348888397216797,59.96002664890073
part_003.mp4,901,0,5,0.0194186227525912,0.8343624114990235,0.44844970703125,4,0.0194186227525912,0.8343624114990235,59.96002664890073
part_003.mp4,902,0,6,0.0192742978512359,0.8336775461832683,0.4462313334147135,5,0.0192742978512359,0.8336775461832683,59.96002664890073
part_003.mp4,903,0,6,0.0191884237790284,0.8333828608194987,0.4417002925166377,5,0.0191884237790284,0.8333828608194987,59.96002664890073
part_003.mp4,904,0,6,0.0184983602300035,0.8314058303833007,0.4362748181378399,5,0.0184983602300035,0.8314058303833007,59.96002664890073
part_003.mp4,905,0,6,0.0184789414304961,0.8315608978271485,0.432999688607675,5,0.0184789414304961,0.8315608978271485,59.96002664890073
part_003.mp4,906,0,7,0.0182466525041448,0.8305643717447917,0.4278090724238643,6,0.0182466525041448,0.8305643717447917,59.96002664890073
part_003.mp4,907,0,6,0.0179623828731699,0.8303081512451171,0.423468667489511,5,0.0179623828731699,0.8303081512451171,59.96002664890073
part_003.mp4,908,0,8,0.0174771141013398,0.8287952423095704,0.4198203334101924,7,0.0174771141013398,0.8287952423095704,59.96002664890073
part_003.mp4,909,0,7,0.0174338763073238,0.828666877746582,0.4168492211235894,6,0.0174338763073238,0.828666877746582,59.96002664890073
part_003.mp4,910,0,7,0.0172222941473771,0.8279085795084635,0.4120578907154225,6,0.0172222941473771,0.8279085795084635,59.96002664890073
part_003.mp4,911,0,7,0.0168659988503754,0.8270807266235352,0.4069502936469184,6,0.0168659988503754,0.8270807266235352,59.96002664890073
part_003.mp4,912,0,9,0.0168779572456043,0.876732063293457,0.8553641319274903,7,0.0167860332000849,0.8262166976928711,59.96002664890073
part_003.mp4,913,0,6,0.0172096705808265,0.8753503799438477,0.8465895758734809,5,0.0165008331080833,0.825111198425293,59.96002664890073
part_003.mp4,914,0,7,0.0176681774355529,0.8738758087158203,0.8465285407172309,5,0.0164421546528337,0.8250004450480143,59.96002664890073
part_003.mp4,915,0,8,0.017866624649129,0.8712742487589519,0.8414915720621745,6,0.0158896928057543,0.8237516403198242,59.96002664890073
part_003.mp4,916,0,8,0.0182984053086491,0.8712545394897461,0.8375232325659858,6,0.0157381174984173,0.8230070114135742,59.96002664890073
part_003.mp4,917,0,8,0.0183407586437169,0.8690370559692383,0.8316440953148736,7,0.0155921924558123,0.8221260070800781,59.96002664890073
part_003.mp4,918,0,7,0.0184356277903215,0.8674633661905925,0.8281062232123481,6,0.0155634396920235,0.8215948104858398,59.96002664890073
part_003.mp4,919,0,8,0.0198077616205167,0.8704853693644206,0.8221403333875869,7,0.0152771601546483,0.8206050872802735,59.96002664890073
part_003.mp4,920,0,7,0.0201448677999131,0.8698780059814453,0.8187412915406403,6,0.0152011354795023,0.8201263427734375,59.96002664890073
part_003.mp4,921,0,5,0.0206066084605319,0.8684595743815104,0.8130716747707791,4,0.0149600042116583,0.8198760986328125,59.96002664890073
part_003.mp4,922,0,5,0.0209759409356801,0.8679402033487956,0.8108370745623553,4,0.0148163625526002,0.8194693247477214,59.96002664890073
part_003.mp4,923,0,6,0.0207566469973244,0.8660722732543945,0.8091045379638672,5,0.0151196287001086,0.8191662470499674,59.96002664890073
part_003.mp4,924,0,6,0.0209222551530708,0.8643702189127604,0.804851934644911,5,0.0149158220885173,0.8179623285929362,59.96002664890073
part_003.mp4,925,0,6,0.0213524294795934,0.8642393747965494,0.7994183858235677,5,0.0149713436122962,0.8175694147745768,59.96002664890073
part_003.mp4,926,0,6,0.0218156111654438,0.8639884948730469,0.7961884887130172,5,0.0147317221901741,0.8169883728027344,59.96002664890073
part_003.mp4,927,0,6,0.0221320368121572,0.8629681269327799,0.7916147514625832,5,0.0141986184520835,0.8170059204101563,59.96002664890073
part_003.mp4,928,0,7,0.0224815049650836,0.862865702311198,0.7896379682752821,6,0.0136982599548148,0.8164310455322266,59.96002664890073
part_003.mp4,929,0,6,0.0227403313455094,0.8625802993774414,0.7869340260823567,5,0.0135023406476318,0.8149738311767578,59.96002664890073
part_003.mp4,930,0,6,0.0230850146121924,0.8624169031778971,0.7858435312906901,5,0.0133880368879181,0.8142141342163086,59.96002664890073
part_003.mp4,931,0,6,0.024997731905589,0.867155647277832,0.7805863133183232,5,0.0128321059735888,0.8130176544189454,59.96002664890073
part_003.mp4,932,0,6,0.0256680905421025,0.8668455759684245,0.7745218488905165,5,0.0125968197523131,0.8115787506103516,59.96002664890073
part_003.mp4,933,0,6,0.0270449912087712,0.8713314056396484,0.7727461496988932,5,0.0120942908651906,0.8115439097086589,59.96002664890073
part_003.mp4,934,0,6,0.0277838421808297,0.8725698471069336,0.7697654724121094,5,0.0118814110550253,0.8108879725138346,59.96002664890073
part_003.mp4,935,0,7,0.0286933815647514,0.8743894577026368,0.7657290564643012,6,0.0121273296215804,0.8111569086710612,59.96002664890073
part_003.mp4,936,0,7,0.0287925064932318,0.874029541015625,0.7638757564403392,6,0.0120647374111986,0.8103296915690105,59.96002664890073
part_003.mp4,937,0,6,0.0294427291460306,0.8743480682373047,0.7592179404364692,5,0.0123738034046255,0.8102657953898112,59.96002664890073
part_003.mp4,938,0,6,0.0298217890622375,0.8744125366210938,0.7552350150214301,5,0.0125436945684163,0.8085079828898112,59.96002664890073
part_003.mp4,939,0,6,0.0303025727476563,0.8745424270629882,0.7532984556975189,5,0.012841574351,0.8081930796305339,59.96002664890073
part_003.mp4,940,0,6,0.0301337076682345,0.8721270243326823,0.7501257154676649,5,0.0133342003332897,0.8080667495727539,59.96002664890073
part_003.mp4,941,0,6,0.0307441744392228,0.871461296081543,0.7480413083676939,5,0.0135080580296261,0.8084198633829752,59.96002664890073
part_003.mp4,942,0,7,0.030805233530944,0.8705282211303711,0.7454319353456851,6,0.0140475086784809,0.8084343592325847,59.96002664890073
part_003.mp4,943,0,6,0.0309044098949137,0.8700597763061524,0.7448409186469184,5,0.0146290358034699,0.8084053675333659,59.96002664890073
part_003.mp4,944,0,8,0.0317039792285257,0.8685201644897461,0.7407187638459383,7,0.0140981134745783,0.8088466644287109,59.96002664890073
part_003.mp4,945,0,8,0.0322375214638736,0.8676014582316081,0.7354374638310185,7,0.0199606609392126,0.8091094970703125,59.96002664890073
part_003.mp4,946,0,8,0.0322439126490886,0.8661621729532878,0.7323620478312175,7,0.0204959757316262,0.8097387313842773,59.96002664890073
part_003.mp4,947,0,6,0.0327881171233241,0.8653687159220378,0.726466362564652,5,0.0151778802275657,0.8103900909423828,59.96002664890073
part_003.mp4,948,0,7,0.0323578528537257,0.8639318466186523,0.7232576299596716,6,0.0150017025625857,0.8112966537475585,59.96002664890073
part_003.mp4,949,0,9,0.0322499821789582,0.8618284225463867,0.7236662970648872,8,0.0151224358631427,0.8116571426391601,59.96002664890073
part_003.mp4,950,0,7,0.0317281631890822,0.8582527796427409,0.7164887039749711,6,0.0151915668587834,0.8121498107910157,59.96002664890073
part_003.mp4,951,0,9,0.0323173849903105,0.8574884414672852,0.7118728425767686,8,0.0153124562093365,0.8127934137980143,59.96002664890073
part_003.mp4,952,0,8,0.0322377592742527,0.8564762115478516,0.7104834026760525,7,0.0155142405220949,0.8139961242675782,59.96002664890073
part_003.mp4,953,0,8,0.0324717130905871,0.8566153208414714,0.709215008770978,7,0.0159184951725183,0.8149065653483073,59.96002664890073
part_003.mp4,954,0,7,0.0326656947480741,0.8560379028320313,0.7044443059850622,6,0.0160918819140729,0.8154542922973633,59.96002664890073
part_003.mp4,955,0,7,0.0331178283269643,0.8552221934000651,0.7036975330776638,6,0.0170034108824135,0.8167322794596354,59.96002664890073
part_003.mp4,956,0,6,0.0332962125960195,0.8548182169596354,0.7009917789035374,5,0.0180679969426408,0.8173236846923828,59.96002664890073
part_003.mp4,957,0,7,0.0333927743835617,0.853233528137207,0.6950845930311415,6,0.0182850968554802,0.8173845291137696,59.96002664890073
part_003.mp4,958,0,6,0.033393470891816,0.8518994013468425,0.6919939394350405,5,0.0186625485297958,0.8176676432291666,59.96002664890073
part_003.mp4,959,0,6,0.0332001638529892,0.8502988815307617,0.6903919290613245,5,0.0181890797954919,0.8173628489176432,59.96002664890073
part_003.mp4,960,0,5,0.0336520307698325,0.8501110712687174,0.6853867848714192,4,0.0179654406761767,0.8181224822998047,59.96002664890073
part_003.mp4,961,0,6,0.0339724202688106,0.8497331619262696,0.683141475253635,5,0.0183119235411221,0.8186321894327799,59.96002664890073
part_003.mp4,962,0,5,0.0338532851248331,0.8501190185546875,0.6781280941433376,4,0.0184024651546496,0.8194973627726237,59.96002664890073
part_003.mp4,963,0,5,0.0340313874760694,0.8489450454711914,0.6682246314154731,4,0.0188182090646457,0.8213945388793945,59.96002664890073
part_003.mp4,964,0,6,0.0334023657534271,0.8476282119750976,0.6637455410427517,5,0.0191632159741632,0.8222244262695313,59.96002664890073
part_003.mp4,965,0,6,0.0323881161053766,0.845301628112793,0.6564125626175492,5,0.0192248300183061,0.8230196634928385,59.96002664890073
part_003.mp4,966,0,5,0.0317395619162117,0.8439661026000976,0.6497534257394296,4,0.0193615758361799,0.823939323425293,59.96002664890073
part_003.mp4,967,0,6,0.0312888817842381,0.8431764602661133,0.6428137602629485,5,0.0197621492062656,0.8245165506998698,59.96002664890073
part_003.mp4,968,0,6,0.0305616121856696,0.841922378540039,0.6366580256709347,5,0.020342541044473,0.8255960464477539,59.96002664890073
part_003.mp4,969,0,6,0.0302249562134602,0.8410131454467773,0.6264454205830892,5,0.0211328670387026,0.8272438685099284,59.96002664890073
part_003.mp4,970,0,5,0.0295642881130475,0.839149284362793,0.614363596174452,4,0.0218379837133128,0.8278183619181315,59.96002664890073
part_003.mp4,971,0,6,0.0289081545577769,0.8371500651041667,0.6100596993057816,5,0.0219282327445793,0.8281505584716797,59.96002664890073
part_003.mp4,972,0,5,0.0281754200860046,0.8363300959269205,0.6056166330973307,4,0.022316500456967,0.8296410242716471,59.96002664890073
part_003.mp4,973,0,5,0.0272988472968184,0.8352850596110026,0.60484619140625,4,0.023217491105653,0.829775873819987,59.96002664890073
part_003.mp4,974,0,5,0.026441521357747,0.8350130716959635,0.60098429079409,4,0.0235603599288259,0.8301165262858073,59.96002664890073
part_003.mp4,975,0,6,0.0262406639121763,0.8335792541503906,0.5941999223497179,6,0.0262406639121763,0.8335792541503906,59.96002664890073
part_003.mp4,976,0,5,0.0257783408310233,0.8333302179972331,0.5940898612693504,5,0.0257783408310233,0.8333302179972331,59.96002664890073
part_003.mp4,977,0,6,0.025344081234604,0.8322930018107096,0.5882801550405997,6,0.025344081234604,0.8322930018107096,59.96002664890073
part_003.mp4,978,0,6,0.0254505044884151,0.8330612818400065,0.2383171929253472,6,0.0254505044884151,0.8330612818400065,59.96002664890073
part_003.mp4,979,0,6,0.0258230096636624,0.8336483001708984,0.243544034604673,6,0.0258230096636624,0.8336483001708984,59.96002664890073
part_003.mp4,980,0,6,0.0263664955611952,0.8346645991007487,0.2511783458568432,6,0.0263664955611952,0.8346645991007487,59.96002664890073
part_003.mp4,981,0,5,0.0272621912354611,0.8357309341430664,0.2595343978316695,5,0.0272621912354611,0.8357309341430664,59.96002664890073
part_003.mp4,982,0,5,0.027188926293893,0.8357346216837566,0.2597541809082031,5,0.027188926293893,0.8357346216837566,59.96002664890073
part_003.mp4,983,0,5,0.0272833768243435,0.8366730372111003,0.2658702143916377,5,0.0272833768243435,0.8366730372111003,59.96002664890073
part_003.mp4,984,0,6,0.02772540632091,0.8373994827270508,0.2802009017379195,6,0.02772540632091,0.8373994827270508,59.96002664890073
part_003.mp4,985,0,7,0.0281434847380539,0.8384199778238932,0.2930879380967882,7,0.0281434847380539,0.8384199778238932,59.96002664890073
part_003.mp4,986,0,7,0.0288502516550134,0.8393362045288086,0.3010061475965712,7,0.0288502516550134,0.8393362045288086,59.96002664890073
part_003.mp4,987,0,6,0.029493169688417,0.8404402414957682,0.3120765968605324,6,0.029493169688417,0.8404402414957682,59.96002664890073
part_003.mp4,988,0,7,0.0303906139937074,0.8410597483317057,0.3221103244357639,7,0.0303906139937074,0.8410597483317057,59.96002664890073
part_003.mp4,989,0,7,0.0310893215785894,0.8425854365030925,0.3340949305781611,7,0.0310893215785894,0.8425854365030925,59.96002664890073
part_003.mp4,990,0,8,0.0315857909549258,0.8442001342773438,0.3435372387921369,8,0.0315857909549258,0.8442001342773438,59.96002664890073
part_003.mp4,991,0,7,0.0340461257731442,0.8447004954020182,0.3690086929886429,7,0.0340461257731442,0.8447004954020182,59.96002664890073
part_003.mp4,992,0,7,0.0337271750586202,0.84796142578125,0.3650588989257812,7,0.0337271750586202,0.84796142578125,59.96002664890073
part_003.mp4,993,0,8,0.0353142347499346,0.8502424240112305,0.3772948371039497,6,0.0353142347499346,0.8502424240112305,59.96002664890073
part_003.mp4,994,0,9,0.0360063052183654,0.851414680480957,0.3884621090359158,6,0.0360063052183654,0.851414680480957,59.96002664890073
part_003.mp4,995,0,8,0.0373506689146597,0.85304381052653,0.3969204796685113,6,0.0373506689146597,0.85304381052653,59.96002664890073
part_003.mp4,996,0,6,0.0382926243551709,0.8528843561808268,0.4112196180555555,5,0.0382926243551709,0.8528843561808268,59.96002664890073
part_003.mp4,997,0,6,0.038315987475087,0.8532468795776367,0.4188635225649233,5,0.038315987475087,0.8532468795776367,59.96002664890073
part_003.mp4,998,0,7,0.0388902045796405,0.8549029032389323,0.4314751519097222,6,0.0388902045796405,0.8549029032389323,59.96002664890073
part_003.mp4,999,0,6,0.0400600631437717,0.8566687266031902,0.4451104482014974,5,0.0400600631437717,0.8566687266031902,59.96002664890073
part_003.mp4,1000,0,7,0.0423805116267168,0.8592098871866862,0.4582985842669451,6,0.0423805116267168,0.8592098871866862,59.96002664890073
part_003.mp4,1001,0,7,0.0432709890123482,0.8598430633544922,0.468389892578125,6,0.0432709890123482,0.8598430633544922,59.96002664890073
part_003.mp4,1002,0,7,0.044218607302279,0.8624258677164713,0.4801223896167896,6,0.044218607302279,0.8624258677164713,59.96002664890073
part_003.mp4,1003,0,7,0.0447431798880081,0.8639424006144206,0.4908569901077835,6,0.0447431798880081,0.8639424006144206,59.96002664890073
part_003.mp4,1004,0,7,0.0466630175110023,0.8647886912027994,0.5092380382396556,6,0.0466630175110023,0.8647886912027994,59.96002664890073
part_003.mp4,1005,0,7,0.0488546019479232,0.8682037989298502,0.5292383971037689,6,0.0488546019479232,0.8682037989298502,59.96002664890073
part_003.mp4,1006,0,6,0.050980399060063,0.8707464218139649,0.544201151529948,5,0.050980399060063,0.8707464218139649,59.96002664890073
part_003.mp4,1007,0,7,0.052885707866913,0.8735197067260743,0.5582215627034505,6,0.052885707866913,0.8735197067260743,59.96002664890073
part_003.mp4,1008,0,9,0.054358018170584,0.8761648813883464,0.5695081216317636,8,0.054358018170584,0.8761648813883464,59.96002664890073
part_003.mp4,1009,0,8,0.0555102792838847,0.8769674301147461,0.5862213134765625,7,0.0555102792838847,0.8769674301147461,59.96002664890073
part_003.mp4,1010,0,10,0.0578443691093653,0.8806232452392578,0.6028097364637587,8,0.0054224203188075,0.7756647109985352,59.96002664890073
part_003.mp4,1011,0,8,0.0595641032149729,0.8844825744628906,0.608324220445421,7,0.0053204445944478,0.7739109039306641,59.96002664890073
part_003.mp4,1012,0,7,0.0603755714196665,0.8862114588419596,0.6104839042381004,6,0.004981102430045,0.7730618158976237,59.96002664890073
part_003.mp4,1013,0,7,0.0609514800511937,0.887045160929362,0.6125577432137949,6,0.0050170502247055,0.7734508514404297,59.96002664890073
part_003.mp4,1014,0,7,0.0597229279160846,0.8882602691650391,0.6211909965232566,6,0.0052695794928014,0.7737648010253906,59.96002664890073
part_003.mp4,1015,0,7,0.0593676132099332,0.8894212722778321,0.6257910127992983,6,0.0052162104071531,0.786084238688151,59.96002664890073
part_003.mp4,1016,0,8,0.0606950695762659,0.8957689921061198,0.6308049943712023,7,0.0051570632460169,0.7880138397216797,59.96002664890073
part_003.mp4,1017,0,6,0.060618195623147,0.898635737101237,0.6336042757387514,5,0.0051499625193375,0.7873751322428385,59.96002664890073
part_003.mp4,1018,0,7,0.0603769693057984,0.9003582000732422,0.6349138047960069,6,0.0051491353525219,0.788576889038086,59.96002664890073
part_003.mp4,1019,0,7,0.0593510049514184,0.9006298065185547,0.6412346875226056,6,0.0052572116480183,0.7864639282226562,59.96002664890073
part_003.mp4,1020,0,7,0.0590403548283123,0.9055200576782226,0.6523261070251465,6,0.0050721017286083,0.788771120707194,59.96002664890073
part_003.mp4,1021,0,7,0.0588017585204107,0.9075920740763348,0.661923994841399,6,0.0054099882766981,0.7892890294392904,59.96002664890073
part_003.mp4,1022,0,7,0.0581107664224509,0.9088960647583008,0.667885324690077,6,0.0056058438650021,0.7903583526611329,59.96002664890073
part_003.mp4,1023,0,9,0.0570246065251046,0.9086880366007488,0.6733100608543113,8,0.0060927287033862,0.790411631266276,59.96002664890073
part_003.mp4,1024,0,8,0.0575020966423296,0.9119980494181316,0.6761593783343279,7,0.0066242525449747,0.791652234395345,59.96002664890073
part_003.mp4,1025,0,9,0.057833746981278,0.9145975748697917,0.6799974724098489,8,0.0070707399114326,0.7917312622070313,59.96002664890073
part_003.mp4,1026,0,9,0.0572337224890406,0.9182790756225586,0.6886603602656611,8,0.0077196391675776,0.794592539469401,59.96002664890073
part_003.mp4,1027,0,9,0.0566371996376408,0.921013641357422,0.6947470064516421,8,0.0083125274985515,0.7956745147705078,59.96002664890073
part_003.mp4,1028,0,10,0.056710219396746,0.9257782618204752,0.7000803664878562,9,0.0092909496826986,0.7977329889933268,59.96002664890073
part_003.mp4,1029,0,9,0.0561106561422639,0.9290274302164714,0.7071105674461082,8,0.0096686379081263,0.7959184010823568,59.96002664890073
part_003.mp4,1030,0,9,0.0546908456512432,0.928825569152832,0.7140040503607856,8,0.009960978112827,0.7966569900512696,59.96002664890073
part_003.mp4,1031,0,10,0.0537712003477753,0.9286434173583984,0.7173060240568938,9,0.0104813168087706,0.7965710322062175,59.96002664890073
part_003.mp4,1032,0,11,0.0508802694558026,0.9223649978637696,0.7249099307590061,10,0.0107965228887688,0.7968310038248698,59.96002664890073
part_003.mp4,1033,0,10,0.0481963398048645,0.9163959503173827,0.7304534770824291,9,0.011466261859621,0.7971834182739258,59.96002664890073
part_003.mp4,1034,0,11,0.0451380942540708,0.9106258392333983,0.7383112589518229,10,0.0118903565162704,0.7977357864379883,59.96002664890073
part_003.mp4,1035,0,10,0.0433901079979841,0.9113613128662108,0.7480628331502278,9,0.0124049636132015,0.7979660034179688,59.96002664890073
part_003.mp4,1036,0,11,0.041610133430028,0.9099136352539062,0.7540623135036892,10,0.0129405552564949,0.7970388412475586,59.96002664890073
part_003.mp4,1037,0,7,0.0403456232064571,0.9091252009073894,0.7591948615180122,6,0.0130948662763047,0.7972139994303385,59.96002664890073
part_003.mp4,1038,0,7,0.0390950743763797,0.9082031885782876,0.7655719191939743,6,0.0128886946011334,0.7966712951660156,59.96002664890073
part_003.mp4,1039,0,8,0.0382085424260731,0.908769989013672,0.7707222055505824,7,0.0129006499337265,0.7971208572387696,59.96002664890073
part_003.mp4,1040,0,7,0.0378361458064723,0.9082834879557292,0.7727616062870732,6,0.0129065832501186,0.7965710322062175,59.96002664890073
part_003.mp4,1041,0,7,0.0372315772933911,0.9081174850463868,0.774432118733724,6,0.012889555631207,0.7963648478190104,59.96002664890073
part_003.mp4,1042,0,9,0.0366017096906903,0.9078929901123048,0.7757516225179036,8,0.0124847278420929,0.812769889831543,59.96002664890073
part_003.mp4,1043,0,10,0.0360972985640438,0.9077699661254884,0.7792009636207863,9,0.0124358795494966,0.820159912109375,59.96002664890073
part_003.mp4,1044,0,9,0.0311300691677752,0.9105066299438476,0.8104412078857421,8,0.0125632326498938,0.821696662902832,59.96002664890073
part_003.mp4,1045,0,9,0.0294055709355668,0.9082244873046876,0.8182695547739665,8,0.0123457913550858,0.8233030954996745,59.96002664890073
part_003.mp4,1046,0,9,0.0284554340590855,0.9104480743408204,0.8261134253607856,7,0.0123593576299026,0.7946182250976562,59.96002664890073
part_003.mp4,1047,0,9,0.0267688245736859,0.9107845306396484,0.8380516175870543,7,0.0122714100626439,0.794165293375651,59.96002664890073
part_003.mp4,1048,0,8,0.0260020225755848,0.9159751892089844,0.8470031173140914,6,0.0120648912722309,0.7937580744425455,59.96002664890073
part_003.mp4,1049,0,9,0.0245324395827628,0.9186649958292644,0.8578215069240994,7,0.0120153360878692,0.7934812545776367,59.96002664890073
part_003.mp4,1050,0,9,0.0234864516235662,0.9198688507080078,0.8638872358534071,7,0.011538167604616,0.7925621032714844,59.96002664890073
part_003.mp4,1051,0,9,0.0212598862869964,0.9210642496744792,0.8764807877717194,7,0.0113545507912338,0.7919974644978841,59.96002664890073
part_003.mp4,1052,0,9,0.0205081286737266,0.9253023783365886,0.883491055170695,7,0.0115774343882609,0.7917116165161133,59.96002664890073
part_003.mp4,1053,0,9,0.0183048253646726,0.9283798217773438,0.8970868216620551,7,0.0117654238796482,0.7918205897013346,59.96002664890073
part_003.mp4,1054,0,9,0.0177162447104916,0.8411869049072266,0.6575221732810691,7,0.0111722338955344,0.7900110880533854,59.96002664890073
part_003.mp4,1055,0,9,0.0188850558740712,0.8414039611816406,0.662416754828559,7,0.0111260679051338,0.7898445129394531,59.96002664890073
part_003.mp4,1056,0,9,0.0208084112674825,0.843638292948405,0.6723366348831742,7,0.0110738146972909,0.7906869888305664,59.96002664890073
part_003.mp4,1057,0,9,0.0215769097589873,0.8418682098388672,0.6769559436374241,7,0.0105080958913701,0.7895181020100911,59.96002664890073
part_003.mp4,1058,0,8,0.022149668776013,0.8391792297363281,0.6863939921061198,6,0.0104639972168768,0.7892670313517253,59.96002664890073
part_003.mp4,1059,0,8,0.0237554303253071,0.8402933120727539,0.6914661901968496,7,0.0104186249017301,0.7901742935180665,59.96002664890073
part_003.mp4,1060,0,8,0.0262253238758744,0.8435671488444011,0.7021197848849826,7,0.0102075110665679,0.7896514892578125,59.96002664890073
part_003.mp4,1061,0,8,0.0271327112651946,0.8437012354532878,0.7052381974679452,7,0.0100988530110008,0.7893825531005859,59.96002664890073
part_003.mp4,1062,0,8,0.026876643183827,0.8429019927978516,0.6970843067875615,7,0.0100967900369141,0.7889267603556315,59.96002664890073
part_003.mp4,1063,0,8,0.0272645859482192,0.8429494857788086,0.6930495474073622,7,0.0101560227713478,0.7887401580810547,59.96002664890073
part_003.mp4,1064,0,8,0.0259318815051476,0.8401929855346679,0.6860574510362413,7,0.0098938016907238,0.787240473429362,59.96002664890073
part_003.mp4,1065,0,7,0.0261149241877218,0.8410269419352213,0.6822615305582682,6,0.0098091259766348,0.7885354995727539,59.96002664890073
part_003.mp4,1066,0,7,0.0259038824122399,0.8414721171061198,0.6723646375868055,6,0.0093072080446614,0.7872446060180665,59.96002664890073
part_003.mp4,1067,0,8,0.0251957699524609,0.8397014617919922,0.6610435591803656,7,0.0090046039129406,0.7864803314208985,59.96002664890073
part_003.mp4,1068,0,8,0.0256495622195426,0.8406532287597657,0.655085203382704,7,0.0092607028050496,0.7866994857788085,59.96002664890073
part_003.mp4,1069,0,9,0.0248996826508502,0.8390121459960938,0.6438754752830222,8,0.0096274240547198,0.7871755599975586,59.96002664890073
part_003.mp4,1070,0,8,0.0240181176241932,0.836262321472168,0.6320071573610659,7,0.0094556742037336,0.7875457763671875,59.96002664890073
part_003.mp4,1071,0,7,0.0238269035568598,0.8357753753662109,0.6231480633770978,6,0.0094746598386943,0.787347412109375,59.96002664890073
part_003.mp4,1072,0,9,0.0236150149150444,0.835568618774414,0.6133476822464554,8,0.0098068910255258,0.7866739273071289,59.96002664890073
part_003.mp4,1073,0,7,0.0228836515655954,0.8338666915893554,0.6054740481906467,6,0.0086114483780046,0.78516845703125,59.96002664890073
part_003.mp4,1074,0,8,0.0222612705382656,0.8324880599975586,0.5985157578079788,8,0.0222612705382656,0.8324880599975586,59.96002664890073
part_003.mp4,1075,0,8,0.0216149931381611,0.8310773849487305,0.5854509141710069,8,0.0216149931381611,0.8310773849487305,59.96002664890073
part_003.mp4,1076,0,7,0.0210561921243788,0.8307575861612956,0.5767967506691262,7,0.0210561921243788,0.8307575861612956,59.96002664890073
part_003.mp4,1077,0,8,0.0209312076982368,0.830140749613444,0.5688226064046223,8,0.0209312076982368,0.830140749613444,59.96002664890073
part_003.mp4,1078,0,8,0.0207063592255387,0.8298542658487956,0.5614509582519531,8,0.0207063592255387,0.8298542658487956,59.96002664890073
part_003.mp4,1079,0,7,0.0204830254923796,0.8301376342773438,0.5567680500171802,7,0.0204830254923796,0.8301376342773438,59.96002664890073
part_003.mp4,1080,0,10,0.0200569566368358,0.829134178161621,0.5478077782524957,10,0.0200569566368358,0.829134178161621,59.96002664890073
part_003.mp4,1081,0,7,0.0197987838758234,0.8274526596069336,0.5353555608678747,7,0.0197987838758234,0.8274526596069336,59.96002664890073
part_003.mp4,1082,0,9,0.0199516126442661,0.8285221735636393,0.5294774797227647,9,0.0199516126442661,0.8285221735636393,59.96002664890073
part_003.mp4,1083,0,8,0.0201371299413666,0.8283124923706054,0.5228877668027525,8,0.0201371299413666,0.8283124923706054,59.96002664890073
part_003.mp4,1084,0,8,0.019769241739817,0.8280967712402344,0.51200478165238,8,0.019769241739817,0.8280967712402344,59.96002664890073
part_003.mp4,1085,0,7,0.0194413276553273,0.8269174575805665,0.5053951263427734,7,0.0194413276553273,0.8269174575805665,59.96002664890073
part_003.mp4,1086,0,8,0.0188423959880355,0.8257013956705729,0.4967153902407045,8,0.0188423959880355,0.8257013956705729,59.96002664890073
part_003.mp4,1087,0,7,0.0189246170923029,0.8260822931925456,0.4916109720865885,7,0.0189246170923029,0.8260822931925456,59.96002664890073
part_003.mp4,1088,0,8,0.0186739981468741,0.8242779413859049,0.4838075425889757,8,0.0186739981468741,0.8242779413859049,59.96002664890073
part_003.mp4,1089,0,7,0.0179552230871195,0.8235012690226237,0.4726705339219835,7,0.0179552230871195,0.8235012690226237,59.96002664890073
part_003.mp4,1090,0,5,0.0175110106081895,0.8213407516479492,0.4639178805881076,5,0.0175110106081895,0.8213407516479492,59.96002664890073
part_003.mp4,1091,0,9,0.0178332726720035,0.8228752772013347,0.4603085977059823,8,0.0178332726720035,0.8228752772013347,59.96002664890073
part_003.mp4,1092,0,6,0.0172372833572552,0.820240592956543,0.4507423118308738,5,0.0172372833572552,0.820240592956543,59.96002664890073
part_003.mp4,1093,0,7,0.0175427304513222,0.8221256891886394,0.4446356879340278,7,0.0175427304513222,0.8221256891886394,59.96002664890073
part_003.mp4,1094,0,6,0.0166671758819144,0.8204534530639649,0.435311762491862,5,0.0166671758819144,0.8204534530639649,59.96002664890073
part_003.mp4,1095,0,7,0.0166704095801321,0.8206789652506511,0.4280810885959201,6,0.0166704095801321,0.8206789652506511,59.96002664890073
part_003.mp4,1096,0,8,0.0165048629525295,0.8193931579589844,0.4190291086832682,7,0.0165048629525295,0.8193931579589844,59.96002664890073
part_003.mp4,1097,0,6,0.0165689397827211,0.8195701599121094,0.4109821319580078,5,0.0165689397827211,0.8195701599121094,59.96002664890073
part_003.mp4,1098,0,6,0.0161333929566252,0.8195594787597656,0.4007127549913194,5,0.0161333929566252,0.8195594787597656,59.96002664890073
part_003.mp4,1099,0,5,0.0154975614847164,0.8176256815592448,0.3952602386474609,5,0.0154975614847164,0.8176256815592448,59.96002664890073
part_003.mp4,1100,0,9,0.0148258668543551,0.8150644302368164,0.3875039983678747,8,0.0148258668543551,0.8150644302368164,59.96002664890073
part_003.mp4,1101,0,7,0.0150167890828258,0.8149906158447265,0.3826342264811198,6,0.0150167890828258,0.8149906158447265,59.96002664890073
part_003.mp4,1102,0,8,0.0149459252832457,0.8148792902628581,0.3752039591471354,7,0.0149459252832457,0.8148792902628581,59.96002664890073
part_003.mp4,1103,0,7,0.0144728605849215,0.8145759582519532,0.3705473299379702,7,0.0144728605849215,0.8145759582519532,59.96002664890073
part_003.mp4,1104,0,7,0.0143765508270007,0.8140730539957682,0.365793623747649,7,0.0143765508270007,0.8140730539957682,59.96002664890073
part_003.mp4,1105,0,9,0.0142911935242268,0.814155387878418,0.3577996148003472,8,0.0142911935242268,0.814155387878418,59.96002664890073
part_003.mp4,1106,0,8,0.0139654641706147,0.8128288269042969,0.3488783094618055,7,0.0139654641706147,0.8128288269042969,59.96002664890073
part_003.mp4,1107,0,6,0.0139955664437891,0.8123611450195313,0.3423657735188802,6,0.0139955664437891,0.8123611450195313,59.96002664890073
part_003.mp4,1108,0,8,0.0138391830821979,0.8115870157877604,0.3339964407461661,7,0.0138391830821979,0.8115870157877604,59.96002664890073
part_003.mp4,1109,0,7,0.013502647212078,0.8115336100260416,0.3270004555031105,7,0.013502647212078,0.8115336100260416,59.96002664890073
part_003.mp4,1110,0,8,0.0134917500613503,0.8112417221069336,0.3197829352484809,8,0.0134917500613503,0.8112417221069336,59.96002664890073
part_003.mp4,1111,0,8,0.0129687810368853,0.8097284317016602,0.3147157457139757,8,0.0129687810368853,0.8097284317016602,59.96002664890073
part_003.mp4,1112,0,6,0.0130289195876684,0.8098219553629558,0.3096349928114149,6,0.0130289195876684,0.8098219553629558,59.96002664890073
part_003.mp4,1113,0,7,0.0126213711742053,0.8082882563273112,0.304252454969618,7,0.0126213711742053,0.8082882563273112,59.96002664890073
part_003.mp4,1114,0,8,0.0126780410497528,0.8081193923950195,0.2977781790274161,7,0.0126780410497528,0.8081193923950195,59.96002664890073
part_003.mp4,1115,0,7,0.0125027698918388,0.8078394571940104,0.2905264960394965,7,0.0125027698918388,0.8078394571940104,59.96002664890073
part_003.mp4,1116,0,6,0.0124451628139488,0.8075073877970378,0.2849843343098958,6,0.0124451628139488,0.8075073877970378,59.96002664890073
part_003.mp4,1117,0,6,0.0123111572436593,0.8069358825683594,0.2788646274142795,6,0.0123111572436593,0.8069358825683594,59.96002664890073
part_003.mp4,1118,0,6,0.0123847528822996,0.7905530293782552,0.2857075443974248,6,0.0123847528822996,0.8070841471354167,59.96002664890073
part_003.mp4,1119,0,7,0.012628857901544,0.7910474141438802,0.2837778162073206,6,0.012628857901544,0.80634765625,59.96002664890073
part_003.mp4,1120,0,6,0.0126552174603394,0.7917665481567383,0.2819798787434895,6,0.0126552174603394,0.8056961059570312,59.96002664890073
part_003.mp4,1121,0,6,0.0128368692414369,0.7923293431599935,0.2820197211371528,6,0.0128368692414369,0.8057914733886719,59.96002664890073
part_003.mp4,1122,0,6,0.0131300437944203,0.7927803039550781,0.2801221494321469,6,0.0131300437944203,0.8048454920450846,59.96002664890073
part_003.mp4,1123,0,6,0.0132726997856473,0.793188730875651,0.2806066442418981,6,0.0132726997856473,0.8034772872924805,59.96002664890073
part_003.mp4,1124,0,6,0.0134209261354408,0.7934101104736329,0.2801577532732928,6,0.0134209261354408,0.8021963119506836,59.96002664890073
part_003.mp4,1125,0,7,0.0135372836101386,0.7939888000488281,0.2795230441623264,7,0.0135372836101386,0.801690673828125,59.96002664890073
part_003.mp4,1126,0,5,0.0139706628600833,0.795598856608073,0.2779022216796875,5,0.0139706628600833,0.8017552057902019,59.96002664890073
part_003.mp4,1127,0,7,0.0143812522053162,0.795909309387207,0.2763410215024595,7,0.0143812522053162,0.8016437530517578,59.96002664890073
part_003.mp4,1128,0,6,0.0144862574582091,0.7969890594482422,0.2763390435112847,6,0.0144862574582091,0.8004412333170573,59.96002664890073
part_003.mp4,1129,0,6,0.0148209274644937,0.7978630701700846,0.2759346290870949,6,0.0148209274644937,0.7999157587687175,59.96002664890073
part_003.mp4,1130,0,6,0.0152520298705591,0.79877134958903,0.2730406019422743,6,0.0152520298705591,0.799305534362793,59.96002664890073
part_003.mp4,1131,0,5,0.0154469659988104,0.7994741439819336,0.2703544334129051,5,0.0154469659988104,0.7994741439819336,59.96002664890073
part_003.mp4,1132,0,5,0.0156506447074934,0.8005667368570963,0.2684530752676504,5,0.0156506447074934,0.8005667368570963,59.96002664890073
part_003.mp4,1133,0,6,0.0159502470982584,0.8011416117350261,0.2665973239474826,6,0.0159502470982584,0.8011416117350261,59.96002664890073
part_003.mp4,1134,0,5,0.0162331725518509,0.8019615173339844,0.2646228931568287,5,0.0162331725518509,0.8019615173339844,59.96002664890073
part_003.mp4,1135,0,7,0.0165998248197461,0.8028900146484375,0.2608791210033275,7,0.0165998248197461,0.8028900146484375,59.96002664890073
part_003.mp4,1136,0,7,0.01663986490453,0.8028987884521485,0.2585595024956597,7,0.01663986490453,0.8028987884521485,59.96002664890073
part_003.mp4,1137,0,8,0.0168051164333721,0.8030230204264323,0.2561590689199942,8,0.0168051164333721,0.8030230204264323,59.96002664890073
part_003.mp4,1138,0,7,0.0170216180725859,0.8033844629923502,0.2554177178276909,7,0.0170216180725859,0.8033844629923502,59.96002664890073
part_003.mp4,1139,0,6,0.0172825043269161,0.8040972391764323,0.2541181211118345,6,0.0172825043269161,0.8040972391764323,59.96002664890073
part_003.mp4,1140,1,6,0.0177284169803627,0.8049954096476237,0.2508504796911169,6,0.0177284169803627,0.8049954096476237,59.96002664890073
part_003.mp4,1141,1,6,0.0178491841070354,0.8054297129313152,0.2501139322916667,6,0.0178491841070354,0.8054297129313152,59.96002664890073
part_003.mp4,1142,1,6,0.0178438419838763,0.8053398132324219,0.2501057942708333,6,0.0178438419838763,0.8053398132324219,59.96002664890073
part_003.mp4,1143,1,6,0.0181707258896764,0.8061646143595378,0.248511646412037,6,0.0181707258896764,0.8061646143595378,59.96002664890073
part_003.mp4,1144,1,7,0.0186774493841868,0.8078291575113933,0.2464046902126736,7,0.0186774493841868,0.8078291575113933,59.96002664890073
part_003.mp4,1145,1,6,0.0190562431277228,0.8083812713623046,0.2434820669668692,6,0.0190562431277228,0.8083812713623046,59.96002664890073
part_003.mp4,1146,1,8,0.0193107737496676,0.8090773264567057,0.2409791734483506,8,0.0193107737496676,0.8090773264567057,59.96002664890073
part_003.mp4,1147,1,7,0.0198235309515924,0.8101400375366211,0.2372221204969618,7,0.0198235309515924,0.8101400375366211,59.96002664890073
part_003.mp4,1148,1,7,0.0200369688836185,0.8107994715372722,0.234998858416522,7,0.0200369688836185,0.8107994715372722,59.96002664890073
part_003.mp4,1149,1,6,0.0203676296304264,0.8115142822265625,0.2324016994900173,6,0.0203676296304264,0.8115142822265625,59.96002664890073
part_003.mp4,1150,1,7,0.0208934040612219,0.8130703608194987,0.2295544659649884,7,0.0208934040612219,0.8130703608194987,59.96002664890073
part_003.mp4,1151,1,6,0.0214696383765355,0.8143961588541667,0.227875660083912,6,0.0214696383765355,0.8143961588541667,59.96002664890073
part_003.mp4,1152,1,6,0.0220510406066184,0.8151518503824869,0.2221284654405382,6,0.0220510406066184,0.8151518503824869,59.96002664890073
part_003.mp4,1153,1,6,0.0224396199824426,0.8156997680664062,0.2198595965350115,6,0.0224396199824426,0.8156997680664062,59.96002664890073
part_003.mp4,1154,1,5,0.0226958039563032,0.8164162317911784,0.2167227851019965,5,0.0226958039563032,0.8164162317911784,59.96002664890073
part_003.mp4,1155,1,5,0.0226228637965741,0.8168203989664714,0.2153193721064814,5,0.0226228637965741,0.8168203989664714,59.96002664890073
part_003.mp4,1156,1,7,0.0229932218336789,0.8176349639892578,0.2100083527741608,7,0.0229932218336789,0.8176349639892578,59.96002664890073
part_003.mp4,1157,1,6,0.0237027644739201,0.8186149597167969,0.2057037353515625,6,0.0237027644739201,0.8186149597167969,59.96002664890073
part_003.mp4,1158,1,8,0.0241723228192005,0.8200984954833984,0.2023261741355613,8,0.0241723228192005,0.8200984954833984,59.96002664890073
part_003.mp4,1159,1,6,0.0247600034497574,0.8210655848185221,0.1988165396231192,6,0.0247600034497574,0.8210655848185221,59.96002664890073
part_003.mp4,1160,1,8,0.0255669991133294,0.8221445083618164,0.1935792711046007,8,0.0255669991133294,0.8221445083618164,59.96002664890073
part_003.mp4,1161,1,8,0.0257921680386385,0.8231103897094727,0.1899088541666666,8,0.0257921680386385,0.8231103897094727,59.96002664890073
part_003.mp4,1162,1,7,0.0262703553234502,0.8243795394897461,0.1855206524884259,7,0.0262703553234502,0.8243795394897461,59.96002664890073
part_003.mp4,1163,1,6,0.0268934915019296,0.8256413141886393,0.1798305087619357,6,0.0268934915019296,0.8256413141886393,59.96002664890073
part_003.mp4,1164,1,5,0.0277395896797113,0.8275015513102214,0.1726186964246961,5,0.0277395896797113,0.8275015513102214,59.96002664890073
part_003.mp4,1165,1,6,0.0279755289151432,0.8281939188639323,0.1718700832790798,6,0.0279755289151432,0.8281939188639323,59.96002664890073
part_003.mp4,1166,1,7,0.0287332996842451,0.8299457550048828,0.1662096659342448,7,0.0287332996842451,0.8299457550048828,59.96002664890073
part_003.mp4,1167,1,7,0.0290154982774563,0.8295162836710612,0.1612588670518663,7,0.0290154982774563,0.8295162836710612,59.96002664890073
part_003.mp4,1168,1,6,0.0301275840050032,0.8318342208862305,0.15340251216182,6,0.0301275840050032,0.8318342208862305,59.96002664890073
part_003.mp4,1169,1,7,0.0307669623136192,0.8317783991495769,0.1472910563151041,7,0.0307669623136192,0.8317783991495769,59.96002664890073
part_003.mp4,1170,1,7,0.0314062764467477,0.8334884643554688,0.1433466593424479,7,0.0314062764467477,0.8334884643554688,59.96002664890073
part_003.mp4,1171,1,8,0.0325275666368812,0.8359323501586914,0.1386070816605179,8,0.0325275666368812,0.8359323501586914,59.96002664890073
part_003.mp4,1172,1,8,0.0331701099839389,0.8378126780192058,0.1308509544089988,8,0.0331701099839389,0.8378126780192058,59.96002664890073
part_003.mp4,1173,1,9,0.0341696342795923,0.838385264078776,0.1238230387369791,9,0.0341696342795923,0.838385264078776,59.96002664890073
part_003.mp4,1174,1,9,0.0345593657635618,0.8398216247558594,0.1183756510416666,9,0.0345593657635618,0.8398216247558594,59.96002664890073
part_003.mp4,1175,1,7,0.0358335791745856,0.8407909393310546,0.1094185440628617,7,0.0358335791745856,0.8407909393310546,59.96002664890073
part_003.mp4,1176,1,7,0.0363964522224678,0.8416269938151042,0.1023271348741319,7,0.0363964522224678,0.8416269938151042,59.96002664890073
part_003.mp4,1177,1,6,0.0369854986169041,0.8417055765787761,0.0945172627766927,6,0.0369854986169041,0.8417055765787761,59.96002664890073
part_003.mp4,1178,1,6,0.0376716206290034,0.8434741973876954,0.0898308648003472,6,0.0376716206290034,0.8434741973876954,59.96002664890073
part_003.mp4,1179,1,5,0.0391302833839048,0.8470722198486328,0.0857436286078559,5,0.0391302833839048,0.8470722198486328,59.96002664890073
part_003.mp4,1180,1,7,0.0403333855589638,0.8486248652140299,0.0749470180935329,7,0.0403333855589638,0.8486248652140299,59.96002664890073
part_003.mp4,1181,1,8,0.0415294687812113,0.8502680460611979,0.0677897135416666,8,0.0415294687812113,0.8502680460611979,59.96002664890073
part_003.mp4,1182,1,7,0.0424799836652042,0.8514738082885742,0.0599654303656684,7,0.0424799836652042,0.8514738082885742,59.96002664890073
part_003.mp4,1183,1,7,0.0431570063838605,0.8525972366333008,0.0523407830132378,7,0.0431570063838605,0.8525972366333008,59.96002664890073
part_003.mp4,1184,1,7,0.0442589206571304,0.8530914306640625,0.0401473151312934,7,0.0442589206571304,0.8530914306640625,59.96002664890073
part_003.mp4,1185,1,10,0.0453770382546914,0.8545057296752929,0.0321390505190248,10,0.0453770382546914,0.8545057296752929,59.96002664890073
part_003.mp4,1186,1,9,0.0464650223552922,0.8574169794718425,0.0228679798267505,9,0.0464650223552922,0.8574169794718425,59.96002664890073
part_003.mp4,1187,1,7,0.0472030462921894,0.858050537109375,0.0134054113317418,7,0.0472030462921894,0.858050537109375,59.96002664890073
part_003.mp4,1188,1,7,0.0486512895848136,0.8627288818359375,0.0030614217122395,7,0.0486512895848136,0.8627288818359375,59.96002664890073
part_003.mp4,1189,1,6,0.0497823245001361,0.8633317947387695,0.0044284396701388,5,0.0497823245001361,0.8633317947387695,59.96002664890073
part_003.mp4,1190,1,5,0.050617938166855,0.8635614395141602,0.0147043298791956,5,0.050617938166855,0.8635614395141602,59.96002664890073
part_003.mp4,1191,1,5,0.0519072085439032,0.8641759872436523,0.0265419288917824,5,0.0519072085439032,0.8641759872436523,59.96002664890073
part_003.mp4,1192,1,6,0.0529461324983276,0.8661410013834635,0.0377469663266782,6,0.0529461324983276,0.8661410013834635,59.96002664890073
part_003.mp4,1193,1,7,0.0547970241519825,0.8687240600585937,0.0504913047507957,7,0.0547970241519825,0.8687240600585937,59.96002664890073
part_003.mp4,1194,1,7,0.0569177775554837,0.8722738901774089,0.0596193101671006,7,0.0569177775554837,0.8722738901774089,59.96002664890073
part_003.mp4,1195,1,8,0.0597030668463601,0.8742053985595704,0.0687690452293113,8,0.0597030668463601,0.8742053985595704,59.96002664890073
part_003.mp4,1196,1,8,0.0579209730391287,0.8728781382242838,0.0848656548394097,8,0.0579209730391287,0.8728781382242838,59.96002664890073
part_003.mp4,1197,1,9,0.0604481095949369,0.8756786982218424,0.0946422435619213,9,0.0604481095949369,0.8756786982218424,59.96002664890073
part_003.mp4,1198,1,8,0.062734662314049,0.8793265024820963,0.1107349537037037,8,0.062734662314049,0.8793265024820963,59.96002664890073
part_003.mp4,1199,1,8,0.0645953404292878,0.8830102920532227,0.1246775309244791,8,0.0645953404292878,0.8830102920532227,59.96002664890073
part_003.mp4,1200,2,8,0.0659491424223556,0.8831011454264323,0.1377240922715928,8,0.0659491424223556,0.8831011454264323,59.96002664890073
part_003.mp4,1201,2,8,0.0683667100276431,0.8857803344726562,0.1529403969093605,8,0.0683667100276431,0.8857803344726562,59.96002664890073
part_003.mp4,1202,2,10,0.0743749188330467,0.8969869613647461,0.1685586858678747,10,0.0743749188330467,0.8969869613647461,59.96002664890073
part_003.mp4,1203,2,9,0.0751708440370944,0.8963586807250976,0.1801067211009838,9,0.0751708440370944,0.8963586807250976,59.96002664890073
part_003.mp4,1204,2,8,0.0775004645209965,0.8981969833374024,0.1974895759865089,8,0.0775004645209965,0.8981969833374024,59.96002664890073
part_003.mp4,1205,2,8,0.0804978458500121,0.9017681121826172,0.2144124631528501,8,0.0804978458500121,0.9017681121826172,59.96002664890073
part_003.mp4,1206,2,7,0.0844687269860016,0.9065500259399414,0.2344239411530671,7,0.0844687269860016,0.9065500259399414,59.96002664890073
part_003.mp4,1207,2,7,0.0866423297881044,0.9085041046142578,0.2467812290898075,7,0.0866423297881044,0.9085041046142578,59.96002664890073
part_003.mp4,1208,2,8,0.0902288939982611,0.9129833221435548,0.2666252136230468,8,0.0902288939982611,0.9129833221435548,59.96002664890073
part_003.mp4,1209,2,7,0.0938437835975491,0.916683832804362,0.2877508375379774,7,0.0938437835975491,0.916683832804362,59.96002664890073
part_003.mp4,1210,2,10,0.0971447021947824,0.9199024200439452,0.3050178103976779,10,0.0971447021947824,0.9199024200439452,59.96002664890073
part_003.mp4,1211,2,8,0.1017714587632508,0.9231517791748048,0.3268136766221788,8,0.1017714587632508,0.9231517791748048,59.96002664890073
part_003.mp4,1212,2,9,0.1071245935120748,0.9289159774780272,0.3467190283316153,9,0.1071245935120748,0.9289159774780272,59.96002664890073
part_003.mp4,1213,2,9,0.1113902505566969,0.9357089996337892,0.3673626087330006,9,0.1113902505566969,0.9357089996337892,59.96002664890073
part_003.mp4,1214,2,8,0.1167746111885127,0.9410998026529948,0.3898450215657552,8,0.1167746111885127,0.9410998026529948,59.96002664890073
part_003.mp4,1215,2,9,0.1212787087488632,0.9436704635620116,0.412206706294307,9,0.1212787087488632,0.9436704635620116,59.96002664890073
part_003.mp4,1216,2,9,0.1283085295581851,0.9521687189737956,0.4326727266664858,9,0.1283085295581851,0.9521687189737956,59.96002664890073
part_003.mp4,1217,2,8,0.1311180221906559,0.9581613540649414,0.4399221773500795,8,0.1311180221906559,0.9581613540649414,59.96002664890073
part_003.mp4,1218,2,7,0.1334405446760178,0.9640251795450846,0.4467776404486762,7,0.1334405446760178,0.9640251795450846,59.96002664890073
part_003.mp4,1219,2,6,0.1379596515050564,0.9764093399047852,0.4544626306604456,6,0.1379596515050564,0.9764093399047852,59.96002664890073
part_003.mp4,1220,2,6,0.1359846046284332,0.97630672454834,0.4584959242078993,6,0.1359846046284332,0.97630672454834,59.96002664890073
part_003.mp4,1221,2,6,0.1372997617054217,0.981313959757487,0.4642590275517216,6,0.1372997617054217,0.981313959757487,59.96002664890073
part_003.mp4,1222,2,6,0.1427329799913423,0.9937931696573892,0.4699857499864366,6,0.1427329799913423,0.9937931696573892,59.96002664890073
part_003.mp4,1223,2,7,0.1409643231271022,0.9926357269287108,0.4743663787841797,7,0.1409643231271022,0.9926357269287108,59.96002664890073
part_003.mp4,1224,2,8,0.1404676490026435,0.99617125193278,0.4831637064615885,8,0.1404676490026435,0.99617125193278,59.96002664890073
part_003.mp4,1225,2,8,0.1395645273134168,0.9985449473063152,0.4884293732819734,8,0.1395645273134168,0.9985449473063152,59.96002664890073
part_003.mp4,1226,2,8,0.1377925033322794,0.9994253158569336,0.4953135172526041,8,0.1377925033322794,0.9994253158569336,59.96002664890073
part_003.mp4,1227,2,7,0.1362972111182871,0.9995041529337564,0.5004135414406106,7,0.1362972111182871,0.9995041529337564,59.96002664890073
part_003.mp4,1228,2,8,0.1355439101046499,0.999500846862793,0.5046919646086516,8,0.1355439101046499,0.999500846862793,59.96002664890073
part_003.mp4,1229,2,8,0.1349975699157463,0.9995250701904296,0.5079255704526549,8,0.1349975699157463,0.9995250701904296,59.96002664890073
part_003.mp4,1230,2,8,0.1340158172272128,0.9995201110839844,0.5096344559280961,8,0.1340158172272128,0.9995201110839844,59.96002664890073
part_003.mp4,1231,2,7,0.1321573191679393,0.9994981765747072,0.5148847791883681,7,0.1321573191679393,0.9994981765747072,59.96002664890073
part_003.mp4,1232,2,7,0.1307089205766614,0.9994888305664062,0.5205381605360243,7,0.1307089205766614,0.9994888305664062,59.96002664890073
part_003.mp4,1233,2,7,0.1290076839295215,0.9994361877441408,0.524286397298177,7,0.1290076839295215,0.9994361877441408,59.96002664890073
part_003.mp4,1234,2,6,0.1278296499876348,0.9994625091552736,0.5284776475694445,6,0.1278296499876348,0.9994625091552736,59.96002664890073
part_003.mp4,1235,2,6,0.1262535796996585,0.999472999572754,0.5305367928964121,6,0.1262535796996585,0.999472999572754,59.96002664890073
part_003.mp4,1236,2,8,0.1259954497386287,0.9997045516967772,0.5346398812753183,8,0.1259954497386287,0.9997045516967772,59.96002664890073
part_003.mp4,1237,2,9,0.1247294218050902,0.9996726989746094,0.5366748103389034,9,0.1247294218050902,0.9996726989746094,59.96002664890073
part_003.mp4,1238,2,7,0.1233347345370566,0.9997539520263672,0.5398952907986111,7,0.1233347345370566,0.9997539520263672,59.96002664890073
part_003.mp4,1239,2,8,0.1221832771378103,0.9997762680053712,0.5431248982747395,8,0.1221832771378103,0.9997762680053712,59.96002664890073
part_003.mp4,1240,2,9,0.1211950215466155,0.9997900644938152,0.5480101267496745,9,0.1211950215466155,0.9997900644938152,59.96002664890073
part_003.mp4,1241,2,7,0.1196288359374523,0.9995183944702148,0.5511934068467882,7,0.1196288359374523,0.9995183944702148,59.96002664890073
part_003.mp4,1242,2,6,0.1185554149371455,0.9995272318522136,0.5523629082573784,6,0.1185554149371455,0.9995272318522136,59.96002664890073
part_003.mp4,1243,2,8,0.1176753162262159,0.9995023727416992,0.5536498599582248,8,0.1176753162262159,0.9995023727416992,59.96002664890073
part_003.mp4,1244,2,8,0.1168011372516524,0.999519157409668,0.5563843762433087,8,0.1168011372516524,0.999519157409668,59.96002664890073
part_003.mp4,1245,2,10,0.1156527721507397,0.9994978586832682,0.5595665543167679,10,0.1156527721507397,0.9994978586832682,59.96002664890073
part_003.mp4,1246,2,9,0.1148976558610296,0.9994348526000976,0.5624285521330656,9,0.1148976558610296,0.9994348526000976,59.96002664890073
part_003.mp4,1247,2,9,0.1141590416550833,0.9994565963745116,0.5648902469211154,9,0.1141590416550833,0.9994565963745116,59.96002664890073
part_003.mp4,1248,2,11,0.1133661076003692,0.9993820826212564,0.567845704820421,11,0.1133661076003692,0.9993820826212564,59.96002664890073
part_003.mp4,1249,2,10,0.112111173061634,0.9993986129760742,0.5712418026394315,10,0.112111173061634,0.9993986129760742,59.96002664890073
part_003.mp4,1250,2,10,0.1116849589014923,0.9994821548461914,0.5710891299777561,10,0.1116849589014923,0.9994821548461914,59.96002664890073
part_003.mp4,1251,2,8,0.1097611311971289,0.999406051635742,0.5745468987358942,8,0.1097611311971289,0.999406051635742,59.96002664890073
part_003.mp4,1252,2,6,0.1086967119320696,0.9994382858276368,0.5788590325249566,6,0.1086967119320696,0.9994382858276368,59.96002664890073
part_003.mp4,1253,2,7,0.1075124931107065,0.9994143168131512,0.5829268137613932,7,0.1075124931107065,0.9994143168131512,59.96002664890073
part_003.mp4,1254,2,7,0.106797101743723,0.999461555480957,0.5852327982584635,7,0.106797101743723,0.999461555480957,59.96002664890073
part_003.mp4,1255,2,6,0.1060849878256623,0.9994410196940104,0.5863839043511285,6,0.1060849878256623,0.9994410196940104,59.96002664890073
part_003.mp4,1256,2,8,0.1046532600655633,0.9993928909301758,0.5889232352927879,8,0.1046532600655633,0.9993928909301758,59.96002664890073
part_003.mp4,1257,2,8,0.1036329907581589,0.9994255065917969,0.5902365931758174,8,0.1036329907581589,0.9994255065917969,59.96002664890073
part_003.mp4,1258,2,7,0.1027030802825228,0.999417495727539,0.5927302042643229,7,0.1027030802825228,0.999417495727539,59.96002664890073
part_003.mp4,1259,2,9,0.1010380079503563,0.9994837443033854,0.5964869322600188,9,0.1010380079503563,0.9994837443033854,59.96002664890073
part_003.mp4,1260,0,9,0.0987868414272843,0.999478530883789,0.6023652818467882,8,0.0037431095810704,0.7605133692423502,59.96002664890073
part_003.mp4,1261,0,7,0.0971312338636683,0.9994573593139648,0.6058071277759693,6,0.0037769244345017,0.7612238566080729,59.96002664890073
part_003.mp4,1262,0,8,0.0959718474682934,0.9994722366333008,0.6093836890326606,7,0.0038378998131655,0.7610240300496419,59.96002664890073
part_003.mp4,1263,0,8,0.0944077377960315,0.9994377136230468,0.6153120676676432,7,0.0038526105369048,0.7614554087320964,59.96002664890073
part_003.mp4,1264,0,7,0.0921374761703191,0.999436378479004,0.6205329047309027,6,0.0037372112857324,0.7603626887003581,59.96002664890073
part_003.mp4,1265,0,8,0.0907220374920601,0.99959716796875,0.6271007255271629,6,0.0036815438052333,0.7611366271972656,59.96002664890073
part_003.mp4,1266,0,7,0.0883001039294834,0.9994085311889648,0.6312920181839554,6,0.0036472333862911,0.7600671768188476,59.96002664890073
part_003.mp4,1267,0,7,0.0858828648245253,0.9993464152018228,0.6370117328785084,5,0.0036916778347437,0.7603099822998047,59.96002664890073
part_003.mp4,1268,0,8,0.0828056267045515,0.9994126001993816,0.6457860734727647,6,0.0036657080430692,0.7599476496378581,59.96002664890073
part_003.mp4,1269,0,6,0.0804943304776895,0.9994410196940104,0.6528101320619937,4,0.0036474908281686,0.7592787424723307,59.96002664890073
part_003.mp4,1270,0,8,0.0775920496175482,0.9994160334269204,0.660029881088822,6,0.0035735796399832,0.7599953969319662,59.96002664890073
part_003.mp4,1271,0,7,0.0738875229731093,0.9994255065917969,0.6699871593051486,5,0.0033838762280841,0.759634272257487,59.96002664890073
part_003.mp4,1272,0,7,0.0710125841720986,0.99932066599528,0.6780102199978298,6,0.0034567025595525,0.7587966918945312,59.96002664890073
part_003.mp4,1273,0,6,0.0670563869886488,0.999485969543457,0.6906356811523438,5,0.0034518022214372,0.7583820978800456,59.96002664890073
part_003.mp4,1274,0,8,0.0628765323621404,0.999551264444987,0.7027088235925745,6,0.0035339263348012,0.758582878112793,59.96002664890073
part_003.mp4,1275,0,8,0.0593137361152656,0.9996115366617838,0.7144899933426468,6,0.0033561856057106,0.758482551574707,59.96002664890073
part_003.mp4,1276,0,7,0.0554572523787565,0.9997472763061525,0.7293273007428205,5,0.0034408946746003,0.7588633219401042,59.96002664890073
part_003.mp4,1277,0,7,0.0507218091463275,0.9995527267456056,0.7411519792344835,4,0.003472204034484,0.7589218139648437,59.96002664890073
part_003.mp4,1278,0,8,0.0469725917987994,0.9995636622111004,0.7544072892930772,5,0.0035101805933259,0.758099365234375,59.96002664890073
part_003.mp4,1279,0,7,0.0427507468506276,1.0,0.7724217591462312,4,0.0034107600338757,0.7574125289916992,59.96002664890073
part_003.mp4,1280,0,9,0.0386216423135354,1.0,0.7912406921386719,6,0.0034349113193995,0.7577204386393229,59.96002664890073
part_003.mp4,1281,0,8,0.0345323955860092,1.0,0.811093627081977,5,0.0033704138409423,0.7579466501871744,59.96002664890073
part_003.mp4,1282,0,7,0.0301901960943952,0.9995243708292644,0.8316871289853697,4,0.0032489292611501,0.7578936258951823,59.96002664890073
part_003.mp4,1283,0,8,0.0255452362094365,0.999643898010254,0.8522822697957356,4,0.0032879321962375,0.7579350153605143,59.96002664890073
part_003.mp4,1284,0,6,0.0035389615480218,0.741390609741211,0.6427671079282408,4,0.0033395419862655,0.7579617182413737,59.96002664890073
part_003.mp4,1285,0,7,0.0035724136528248,0.7411502838134766,0.6492468939887153,5,0.0034099741408135,0.7579626083374024,59.96002664890073
part_003.mp4,1286,0,6,0.0037392159049071,0.7418431599934896,0.6562189737955729,4,0.0033083915803581,0.7575078964233398,59.96002664890073
part_003.mp4,1287,0,6,0.003596817132784,0.7416571299235026,0.6613966200086806,4,0.0032735408082738,0.7573850631713868,59.96002664890073
part_003.mp4,1288,0,5,0.0035439489640864,0.7412679672241211,0.6649468315972222,4,0.0032704899818234,0.7577579498291016,59.96002664890073
part_003.mp4,1289,0,6,0.0036805311471107,0.742138671875,0.6686111450195312,4,0.0031722644829036,0.7577082316080729,59.96002664890073
part_003.mp4,1290,0,7,0.0035640888297348,0.7424810409545899,0.6696498729564525,5,0.0031102709391982,0.7577886581420898,59.96002664890073
part_003.mp4,1291,0,8,0.0035857832936906,0.7428606669108073,0.673822021484375,5,0.0032828779052511,0.7570475896199544,59.96002664890073
part_003.mp4,1292,0,5,0.0034213466114468,0.7430858612060547,0.676890394422743,3,0.0031406146300853,0.7560272216796875,59.96002664890073
part_003.mp4,1293,0,7,0.0033387403410031,0.7432488123575847,0.6811652289496528,5,0.0031184307963121,0.7562786102294922,59.96002664890073
part_003.mp4,1294,0,6,0.0033733820221904,0.7434082667032877,0.6830386691623264,4,0.0031479621590632,0.7564318974812826,59.96002664890073
part_003.mp4,1295,0,6,0.0034796218397483,0.7437220255533854,0.6870442143192997,4,0.0031436467214694,0.756571896870931,59.96002664890073
part_003.mp4,1296,0,7,0.0039379065362219,0.7452917734781901,0.6917246500651042,5,0.0032170920056739,0.7572645823160807,59.96002664890073
part_003.mp4,1297,0,5,0.0038751039508497,0.7460563659667969,0.6915284898546007,3,0.0031992538991228,0.7571633021036784,59.96002664890073
part_003.mp4,1298,0,5,0.0038536565518006,0.7465074539184571,0.6920884874131944,3,0.0031899564443544,0.757432238260905,59.96002664890073
part_003.mp4,1299,0,6,0.0039524215797428,0.7471206665039063,0.6945105658637153,4,0.0030527056014398,0.7573333740234375,59.96002664890073
part_003.mp4,1300,0,6,0.0039774231030605,0.7477895736694335,0.6952592637803819,4,0.0030765636038267,0.7575251897176106,59.96002664890073
part_003.mp4,1301,0,5,0.0040949379466474,0.7484439849853516,0.6964604130497685,3,0.0029944124920034,0.7575472513834636,59.96002664890073
part_003.mp4,1302,0,5,0.0042126152335873,0.7492188135782878,0.6963319001374422,3,0.003079104153504,0.7576103210449219,59.96002664890073
part_003.mp4,1303,0,4,0.0042628858471289,0.7495061874389648,0.6980061848958333,3,0.0029445722954416,0.757403564453125,59.96002664890073
part_003.mp4,1304,0,4,0.0043710804971245,0.7500041961669922,0.6987109148943865,3,0.0031022710943404,0.7576599756876627,59.96002664890073
part_003.mp4,1305,0,5,0.0043171461659949,0.7505456924438476,0.6983574761284722,3,0.0030972915779178,0.7578118006388347,59.96002664890073
part_003.mp4,1306,0,4,0.0044309933499122,0.750917116800944,0.6993886311848958,3,0.0031355295632965,0.7577905654907227,59.96002664890073
part_003.mp4,1307,0,4,0.0043064307165332,0.7518760681152343,0.7006727430555556,3,0.0030015285638445,0.7577423731486003,59.96002664890073
part_003.mp4,1308,0,5,0.0043474531515191,0.7525346755981446,0.7017703586154513,4,0.0029081046310207,0.7580657958984375,59.96002664890073
part_003.mp4,1309,0,6,0.0043818749953061,0.7532428741455078,0.7029266357421875,5,0.0028420651314836,0.7580211003621419,59.96002664890073
part_003.mp4,1310,0,5,0.0045480458355612,0.7541721979777019,0.7033749050564236,4,0.002977943541482,0.7577688217163085,59.96002664890073
part_003.mp4,1311,0,3,0.0044993085553869,0.7549856821695964,0.7035063001844618,2,0.0028839946831116,0.7580774943033854,59.96002664890073
part_003.mp4,1312,0,5,0.0047089652789549,0.7557716369628906,0.7030514187282986,3,0.0028629384785502,0.7581367492675781,59.96002664890073
part_003.mp4,1313,0,5,0.0047026430267012,0.7560747782389323,0.7019636366102431,3,0.0027858446513548,0.7580462137858073,59.96002664890073
part_003.mp4,1314,0,4,0.0047213218102115,0.756765619913737,0.7010679456922743,3,0.0030206460751489,0.7589623133341471,59.96002664890073
part_003.mp4,1315,0,5,0.0047800029992746,0.7572790781656901,0.70145263671875,3,0.0030589215911459,0.7591026306152344,59.96002664890073
part_003.mp4,1316,0,5,0.0047272140925957,0.7578108469645183,0.7011869077329282,3,0.0030116834631189,0.7592605590820313,59.96002664890073
part_003.mp4,1317,0,5,0.0047338567383121,0.7585549036661784,0.7007486979166667,3,0.0028943624104269,0.7590032577514648,59.96002664890073
part_003.mp4,1318,0,5,0.00482319134792,0.759259033203125,0.7001902262369791,3,0.00298351925506,0.7596960067749023,59.96002664890073
part_003.mp4,1319,0,5,0.0049863280269912,0.7600709915161132,0.6986290825737848,3,0.0029600717065881,0.7602569580078125,59.96002664890073
part_003.mp4,1320,0,5,0.005074684268049,0.7606929143269857,0.6956380208333334,3,0.0030142434374687,0.7605831782023112,59.96002664890073
part_003.mp4,1321,0,5,0.0049980367880952,0.7611631393432617,0.6958384195963542,3,0.0030663950342891,0.7607710520426433,59.96002664890073
part_003.mp4,1322,0,6,0.0050691898115393,0.7615952173868815,0.6954867892795139,3,0.0030736310728954,0.7610003153483073,59.96002664890073
part_003.mp4,1323,0,5,0.0050955415084414,0.7621554056803386,0.6947731300636574,3,0.0029791802908423,0.7612092971801758,59.96002664890073
part_003.mp4,1324,0,5,0.0050847905971265,0.7625213623046875,0.6930352105034723,3,0.0028888161635647,0.7613662719726563,59.96002664890073
part_003.mp4,1325,0,5,0.0048465918282616,0.7621231079101562,0.687974378797743,3,0.0029882149674813,0.7614782969156901,59.96002664890073
part_003.mp4,1326,0,5,0.0049414480413543,0.7627647399902344,0.6872563680013021,4,0.0029574875327374,0.7613073348999023,59.96002664890073
part_003.mp4,1327,0,5,0.0049162840135977,0.7637682596842448,0.686046854654948,4,0.0028902905346411,0.7608779907226563,59.96002664890073
part_003.mp4,1328,0,5,0.0049996640401271,0.7646587371826172,0.6864973280164931,4,0.0028916531628541,0.7613491694132487,59.96002664890073
part_003.mp4,1329,0,7,0.0048992339645822,0.764828109741211,0.6810170491536458,5,0.0027516028246221,0.7615352630615234,59.96002664890073
part_003.mp4,1330,0,4,0.0049985925408718,0.7651381174723307,0.6819074277524595,3,0.0027589681113345,0.7620029449462891,59.96002664890073
part_003.mp4,1331,0,5,0.0049434229938196,0.7654970169067383,0.6810763323748553,4,0.0026118200912605,0.7622188568115235,59.96002664890073
part_003.mp4,1332,0,4,0.0050003188694999,0.7660022099812825,0.6803077980324074,3,0.0025936172347455,0.7620995203653972,59.96002664890073
part_003.mp4,1333,0,4,0.0050842718385953,0.766446876525879,0.6788549917715567,3,0.0024607265573339,0.7617525736490885,59.96002664890073
part_003.mp4,1334,0,5,0.0051988321938551,0.767068354288737,0.6765397813585069,3,0.002636122102073,0.7620835622151693,59.96002664890073
part_003.mp4,1335,0,4,0.0051989146298728,0.7674322764078776,0.6738925509982638,3,0.0027155875891481,0.7626544952392578,59.96002664890073
part_003.mp4,1336,0,4,0.0052561526569964,0.7679400126139323,0.6719134860568576,3,0.0026540415730172,0.7626466751098633,59.96002664890073
part_003.mp4,1337,0,4,0.0051491390841288,0.7680694580078125,0.6713281702112268,3,0.0024978635795802,0.7625518798828125,59.96002664890073
part_003.mp4,1338,0,4,0.005251318969919,0.7691154479980469,0.6704433299877025,3,0.0025969319765055,0.7629245758056641,59.96002664890073
part_003.mp4,1339,0,4,0.0052456559073309,0.7695867538452148,0.6693274038809317,2,0.0025459414836303,0.7629943211873372,59.96002664890073
part_003.mp4,1340,0,3,0.0052649314294103,0.7698925654093425,0.6679925989221643,2,0.0027032787838187,0.7632883707682292,59.96002664890073
part_003.mp4,1341,0,3,0.0052282884639377,0.7703641891479492,0.6671793619791667,2,0.002809618155265,0.7632731119791667,59.96002664890073
part_003.mp4,1342,0,3,0.0052916900813579,0.7712553024291993,0.6663265652126736,2,0.0026850287360139,0.7634902954101562,59.96002664890073
part_003.mp4,1343,0,3,0.0053202395979315,0.7715946197509765,0.6649729410807291,2,0.0025048421815908,0.7635047912597657,59.96002664890073
part_003.mp4,1344,0,3,0.0053960640656899,0.7719673792521159,0.6635972764756944,2,0.0025214117461453,0.7635129928588867,59.96002664890073
part_003.mp4,1345,0,4,0.0054592593162562,0.7721745173136393,0.6605899386935764,3,0.0029354607368198,0.7634351094563802,59.96002664890073
part_003.mp4,1346,0,4,0.0056678070003787,0.7726698557535807,0.6567972819010417,3,0.0031038483384893,0.7635586420694987,59.96002664890073
part_003.mp4,1347,0,4,0.0057420652366191,0.7733839670817058,0.6553093804253473,3,0.003111062848579,0.7642786026000976,59.96002664890073
part_003.mp4,1348,0,4,0.0058220692545485,0.7739050547281902,0.6530910915798611,3,0.0031328606712243,0.7644739786783854,59.96002664890073
part_003.mp4,1349,0,4,0.0058283837457161,0.7742072423299153,0.6505964491102431,3,0.0029083134985153,0.7645946502685547,59.96002664890073
part_003.mp4,1350,0,4,0.0058264742605388,0.774494743347168,0.6482011583116319,3,0.0029207804355515,0.7645931879679362,59.96002664890073
part_003.mp4,1351,0,4,0.0058970783935014,0.7746671040852865,0.6454251889829282,3,0.0028164766170084,0.7644584019978841,59.96002664890073
part_003.mp4,1352,0,4,0.0060149596839134,0.7751989364624023,0.6419336954752605,3,0.0028339752896809,0.7644266764322917,59.96002664890073
part_003.mp4,1353,0,4,0.0061233465721468,0.7754772822062175,0.6387708875868056,3,0.0023726413018691,0.764498519897461,59.96002664890073
part_003.mp4,1354,0,4,0.0062276800616571,0.7756802876790364,0.636594475640191,3,0.0023683861944462,0.7644667307535807,59.96002664890073
part_003.mp4,1355,0,3,0.0062184209752983,0.7763004938761393,0.6351277669270833,2,0.0023648955092519,0.7645038604736328,59.96002664890073
part_003.mp4,1356,0,3,0.0061809720502545,0.776351801554362,0.6345004611545139,2,0.002357649677433,0.7644444147745768,59.96002664890073
part_003.mp4,1357,0,3,0.0061816764611285,0.7766734441121419,0.6328670925564236,2,0.0024394529958738,0.7639394124348958,59.96002664890073
part_003.mp4,1358,0,3,0.0061864668658624,0.7768747965494792,0.6299699571397569,2,0.002421853191271,0.7638840357462565,59.96002664890073
part_003.mp4,1359,0,4,0.0062819655452363,0.7773904800415039,0.6244055853949653,3,0.0023608821290286,0.7637172698974609,59.96002664890073
part_003.mp4,1360,0,5,0.0060377178991782,0.7770579020182292,0.6218546549479167,4,0.0021805644644902,0.7635065078735351,59.96002664890073
part_003.mp4,1361,0,4,0.0059584323033858,0.7774127960205078,0.6180862426757813,3,0.0021005892194807,0.7640625,59.96002664890073
part_003.mp4,1362,0,7,0.0060028006701031,0.7776845296223959,0.6144677056206598,5,0.0020425335987238,0.763210678100586,59.96002664890073
part_003.mp4,1363,0,7,0.006303003023883,0.778531265258789,0.611212158203125,4,0.0020449892035685,0.7632500330607096,59.96002664890073
part_003.mp4,1364,0,7,0.0064234517050984,0.7789470672607421,0.6062435574001737,4,0.0020703843809746,0.7635432561238606,59.96002664890073
part_003.mp4,1365,0,5,0.0064990502202999,0.779385757446289,0.6011181301540799,3,0.0020663310920591,0.7637702941894531,59.96002664890073
part_003.mp4,1366,0,5,0.0064553480833354,0.779487419128418,0.5971652560763889,4,0.0064553480833354,0.779487419128418,59.96002664890073
part_003.mp4,1367,0,2,0.0061720555596467,0.7786575317382812,0.5916614108615451,2,0.0061720555596467,0.7786575317382812,59.96002664890073
part_003.mp4,1368,0,3,0.0062206438620773,0.7787220001220703,0.5897745768229167,2,0.0062206438620773,0.7787220001220703,59.96002664890073
part_003.mp4,1369,0,2,0.0063339770805517,0.779010264078776,0.5874374389648438,2,0.0063339770805517,0.779010264078776,59.96002664890073
part_003.mp4,1370,0,3,0.0065235675357851,0.7786508560180664,0.5849077012803819,2,0.0065235675357851,0.7786508560180664,59.96002664890073
part_003.mp4,1371,0,3,0.0064626473467797,0.7789953867594401,0.5805423312717014,2,0.0064626473467797,0.7789953867594401,59.96002664890073
part_003.mp4,1372,0,2,0.0065359302219089,0.7792086283365885,0.5776723225911459,2,0.0065359302219089,0.7792086283365885,59.96002664890073
part_003.mp4,1373,0,2,0.0066488093787942,0.779187266031901,0.5742184109157986,2,0.0066488093787942,0.779187266031901,59.96002664890073
part_003.mp4,1374,0,4,0.0071887278246275,0.7806578318277995,0.5679499308268229,2,0.0071887278246275,0.7806578318277995,59.96002664890073
part_003.mp4,1375,0,4,0.0073497171810595,0.7810696283976237,0.5634083500614873,2,0.0073497171810595,0.7810696283976237,59.96002664890073
part_003.mp4,1376,0,3,0.0073091054500805,0.7809738794962565,0.5603339301215278,2,0.0073091054500805,0.7809738794962565,59.96002664890073
part_003.mp4,1377,0,4,0.0070512980067481,0.7811558405558269,0.5559885660807292,2,0.0070512980067481,0.7811558405558269,59.96002664890073
part_003.mp4,1378,0,3,0.0070327236201652,0.7813460032145182,0.5522189104998553,2,0.0070327236201652,0.7813460032145182,59.96002664890073
part_003.mp4,1379,0,4,0.0068563184407927,0.779609743754069,0.5483676486545139,2,0.0068563184407927,0.779609743754069,59.96002664890073
part_003.mp4,1380,0,4,0.0069879007525742,0.7803093592325846,0.5420494927300348,2,0.0069879007525742,0.7803093592325846,59.96002664890073
part_003.mp4,1381,0,4,0.0071670174540486,0.7811264038085938,0.5401963975694445,2,0.0071670174540486,0.7811264038085938,59.96002664890073
part_003.mp4,1382,0,3,0.0074383350221129,0.7830339431762695,0.5359399866174769,2,0.0074383350221129,0.7830339431762695,59.96002664890073
part_003.mp4,1383,0,3,0.0074144732143678,0.7828867594401042,0.5305323282877604,2,0.0074144732143678,0.7828867594401042,59.96002664890073
part_003.mp4,1384,0,5,0.007504787149244,0.7834949493408203,0.5263899061414931,3,0.007504787149244,0.7834949493408203,59.96002664890073
part_003.mp4,1385,0,4,0.0074676839956858,0.782488759358724,0.5238254123263889,2,0.0074676839956858,0.782488759358724,59.96002664890073
part_003.mp4,1386,0,5,0.0077317015780135,0.7840574900309245,0.5160225197120949,3,0.0077317015780135,0.7840574900309245,59.96002664890073
part_003.mp4,1387,0,3,0.0076892808775301,0.7842289606730143,0.5126515141239872,2,0.0076892808775301,0.7842289606730143,59.96002664890073
part_003.mp4,1388,0,3,0.0076312174962367,0.7824541727701823,0.5071194118923611,2,0.0076312174962367,0.7824541727701823,59.96002664890073
part_003.mp4,1389,0,2,0.0081013284256267,0.7850170135498047,0.5004443133318865,1,0.0081013284256267,0.7850170135498047,59.96002664890073
part_003.mp4,1390,0,3,0.0078074243668622,0.7830446879069011,0.4952519169560185,1,0.0078074243668622,0.7830446879069011,59.96002664890073
part_003.mp4,1391,0,3,0.0083185696259089,0.7853249231974284,0.4896434642650463,1,0.0083185696259089,0.7853249231974284,59.96002664890073
part_003.mp4,1392,0,3,0.0084976909717726,0.7855754852294922,0.4839107937282986,1,0.0084976909717726,0.7855754852294922,59.96002664890073
part_003.mp4,1393,0,3,0.0087117664246276,0.7862780253092448,0.4779899879738136,1,0.0087117664246276,0.7862780253092448,59.96002664890073
part_003.mp4,1394,0,2,0.0086146552620252,0.7862615585327148,0.474245368109809,1,0.0086146552620252,0.7862615585327148,59.96002664890073
part_003.mp4,1395,0,3,0.0087549685782222,0.78667786916097,0.4671057241934317,1,0.0087549685782222,0.78667786916097,59.96002664890073
part_003.mp4,1396,0,2,0.0088349461929734,0.7866952896118165,0.4615740740740741,1,0.0088349461929734,0.7866952896118165,59.96002664890073
part_003.mp4,1397,0,2,0.0087408283984081,0.7871467590332031,0.4589358859592014,1,0.0087408283984081,0.7871467590332031,59.96002664890073
part_003.mp4,1398,0,2,0.0086538325250903,0.7874053955078125,0.4574864705403645,1,0.0086538325250903,0.7874053955078125,59.96002664890073
part_003.mp4,1399,0,3,0.028858574600689,0.8265605926513672,0.8604516488534433,1,0.0084980171146647,0.7875470479329427,59.96002664890073
part_003.mp4,1400,0,2,0.0085453948580349,0.7870909372965494,0.4451073540581597,1,0.0085453948580349,0.7870909372965494,59.96002664890073
part_003.mp4,1401,0,2,0.008646096007174,0.787936019897461,0.4442352294921875,1,0.008646096007174,0.787936019897461,59.96002664890073
part_003.mp4,1402,0,2,0.008702177577652,0.7881168365478516,0.441130687572338,1,0.008702177577652,0.7881168365478516,59.96002664890073
part_003.mp4,1403,0,2,0.008943357467522,0.7885838190714518,0.4359371609157986,1,0.008943357467522,0.7885838190714518,59.96002664890073
part_003.mp4,1404,0,2,0.0091774751284457,0.7894200007120769,0.4294662475585937,1,0.0091774751284457,0.7894200007120769,59.96002664890073
part_003.mp4,1405,0,2,0.0095076128781053,0.7907501856486002,0.4228969432689525,1,0.0095076128781053,0.7907501856486002,59.96002664890073
part_003.mp4,1406,0,3,0.009824214345879,0.7913484573364258,0.416798683449074,1,0.009824214345879,0.7913484573364258,59.96002664890073
part_003.mp4,1407,0,2,0.0098916345839906,0.7916529337565105,0.4108635796440972,1,0.0098916345839906,0.7916529337565105,59.96002664890073
part_003.mp4,1408,0,2,0.0098666680617801,0.7918436686197917,0.4054359718605324,1,0.0098666680617801,0.7918436686197917,59.96002664890073
part_003.mp4,1409,0,2,0.0098090678397429,0.7919485092163085,0.4004736441153067,1,0.0098090678397429,0.7919485092163085,59.96002664890073
part_003.mp4,1410,0,2,0.0099006005548828,0.7915404001871745,0.3926621613679109,2,0.0099006005548828,0.7915404001871745,59.96002664890073
part_003.mp4,1411,0,2,0.009988854229461,0.7920797348022461,0.386781989203559,2,0.009988854229461,0.7920797348022461,59.96002664890073
part_003.mp4,1412,0,3,0.0100644323178696,0.7926319758097331,0.3831448025173611,2,0.0100644323178696,0.7926319758097331,59.96002664890073
part_003.mp4,1413,0,2,0.0099681842023144,0.7921663284301758,0.3777678878219039,2,0.0099681842023144,0.7921663284301758,59.96002664890073
part_003.mp4,1414,0,4,0.0100869794359378,0.7927270889282226,0.3714234528718171,4,0.0100869794359378,0.7927270889282226,59.96002664890073
part_003.mp4,1415,0,3,0.0103845048488842,0.7940882364908854,0.3674489339192708,3,0.0103845048488842,0.7940882364908854,59.96002664890073
part_003.mp4,1416,0,4,0.0105213559087779,0.7939544677734375,0.3610292222764757,4,0.0105213559087779,0.7939544677734375,59.96002664890073
part_003.mp4,1417,0,4,0.0106855579179404,0.7940304438273112,0.3527608800817419,3,0.0106855579179404,0.7940304438273112,59.96002664890073
part_003.mp4,1418,0,3,0.0107277023295561,0.7954968134562175,0.3468417132342303,3,0.0107277023295561,0.7954968134562175,59.96002664890073
part_003.mp4,1419,0,2,0.0110098032301822,0.7970728556315104,0.3379964757848669,2,0.0110098032301822,0.7970728556315104,59.96002664890073
part_003.mp4,1420,0,2,0.0111519666906032,0.797422981262207,0.331304931640625,2,0.0111519666906032,0.797422981262207,59.96002664890073
part_003.mp4,1421,0,2,0.0111892017341839,0.7979687372843425,0.3242767333984375,2,0.0111892017341839,0.7979687372843425,59.96002664890073
part_003.mp4,1422,0,2,0.0115880590106538,0.7983366648356119,0.3146695172345197,2,0.0115880590106538,0.7983366648356119,59.96002664890073
part_003.mp4,1423,0,3,0.0117445334611046,0.7982376098632813,0.3094826592339409,2,0.0117445334611046,0.7982376098632813,59.96002664890073
part_003.mp4,1424,0,4,0.0116813022721153,0.7980979283650717,0.3040346498842592,3,0.0116813022721153,0.7980979283650717,59.96002664890073
part_003.mp4,1425,0,4,0.011788516196959,0.7981295267740885,0.2990383006908275,4,0.011788516196959,0.7981295267740885,59.96002664890073
part_003.mp4,1426,0,5,0.0119780307482384,0.7990766525268554,0.2945690013744212,4,0.0119780307482384,0.7990766525268554,59.96002664890073
part_003.mp4,1427,0,4,0.0121556373733458,0.7997883478800456,0.2843429000289352,4,0.0121556373733458,0.7997883478800456,59.96002664890073
part_003.mp4,1428,0,5,0.0124476161393743,0.8006813049316406,0.2749841195565682,4,0.0124476161393743,0.8006813049316406,59.96002664890073
part_003.mp4,1429,0,4,0.0123954642187648,0.8013971328735352,0.2689568413628472,3,0.0123954642187648,0.8013971328735352,59.96002664890073
part_003.mp4,1430,0,5,0.012833935855241,0.8019145965576172,0.2589026557074653,4,0.012833935855241,0.8019145965576172,59.96002664890073
part_003.mp4,1431,0,5,0.0129829375007345,0.8025737762451172,0.2536732991536458,4,0.0129829375007345,0.8025737762451172,59.96002664890073
part_003.mp4,1432,0,6,0.0129916441359307,0.8026666641235352,0.2473332722981771,4,0.0129916441359307,0.8026666641235352,59.96002664890073
part_003.mp4,1433,0,5,0.0134301961099521,0.8036497116088868,0.2354355423538773,4,0.0134301961099521,0.8036497116088868,59.96002664890073
part_003.mp4,1434,0,6,0.0133626883468349,0.8034690856933594,0.2287448459201388,4,0.0133626883468349,0.8034690856933594,59.96002664890073
part_003.mp4,1435,0,6,0.0136972840612374,0.804414176940918,0.2208007247359664,4,0.0136972840612374,0.804414176940918,59.96002664890073
part_003.mp4,1436,0,5,0.0138721151859499,0.8048422495524089,0.215346442328559,4,0.0138721151859499,0.8048422495524089,59.96002664890073
part_003.mp4,1437,0,5,0.014059080652419,0.8060091018676758,0.2057861893265335,4,0.014059080652419,0.8060091018676758,59.96002664890073
part_003.mp4,1438,0,4,0.014211772678989,0.8061611175537109,0.2003192477756076,4,0.014211772678989,0.8061611175537109,59.96002664890073
part_003.mp4,1439,0,6,0.0146294859541942,0.8071693420410156,0.1931550202546296,4,0.0146294859541942,0.8071693420410156,59.96002664890073
part_003.mp4,1440,1,4,0.015034709504107,0.808502197265625,0.1839170102719907,4,0.015034709504107,0.808502197265625,59.96002664890073
part_003.mp4,1441,1,4,0.0149630173617782,0.8091030756632487,0.1753574512622974,4,0.0149630173617782,0.8091030756632487,59.96002664890073
part_003.mp4,1442,1,4,0.015424855518892,0.8099170684814453,0.1669759114583333,3,0.015424855518892,0.8099170684814453,59.96002664890073
part_003.mp4,1443,1,4,0.015569370916152,0.809799067179362,0.1592620284469039,3,0.015569370916152,0.809799067179362,59.96002664890073
part_003.mp4,1444,1,4,0.0158411981817334,0.8104023615519206,0.1492089165581597,4,0.0158411981817334,0.8104023615519206,59.96002664890073
part_003.mp4,1445,1,7,0.0160453259255909,0.8116224924723308,0.1459136115180121,7,0.0160453259255909,0.8116224924723308,59.96002664890073
part_003.mp4,1446,1,5,0.0166196987117057,0.8140999476114908,0.1386047080711082,5,0.0166196987117057,0.8140999476114908,59.96002664890073
part_003.mp4,1447,1,6,0.0169816211297034,0.8149896621704101,0.1307415432400173,6,0.0169816211297034,0.8149896621704101,59.96002664890073
part_003.mp4,1448,1,5,0.0175483816593057,0.816091791788737,0.1204576280381944,5,0.0175483816593057,0.816091791788737,59.96002664890073
part_003.mp4,1449,1,6,0.0179839142476406,0.8170391082763672,0.1125444200303819,6,0.0179839142476406,0.8170391082763672,59.96002664890073
part_003.mp4,1450,1,3,0.0181365147267394,0.8173805236816406,0.1049917998137297,3,0.0181365147267394,0.8173805236816406,59.96002664890073
part_003.mp4,1451,1,6,0.0182469500731773,0.8175172805786133,0.0915867840802228,6,0.0182469500731773,0.8175172805786133,59.96002664890073
part_003.mp4,1452,1,6,0.0187596902008064,0.8190576553344726,0.0850663926866319,6,0.0187596902008064,0.8190576553344726,59.96002664890073
part_003.mp4,1453,1,3,0.0194658514931399,0.8199412027994791,0.0765290719491464,3,0.0194658514931399,0.8199412027994791,59.96002664890073
part_003.mp4,1454,1,3,0.0199683671938449,0.8206676483154297,0.0669407314724392,3,0.0199683671938449,0.8206676483154297,59.96002664890073
part_003.mp4,1455,1,5,0.0204529949282004,0.8209291458129883,0.0559330975567853,5,0.0204529949282004,0.8209291458129883,59.96002664890073
part_003.mp4,1456,1,4,0.0208885713716261,0.8226111094156902,0.0471946433738425,4,0.0208885713716261,0.8226111094156902,59.96002664890073
part_003.mp4,1457,1,5,0.0212540301287016,0.8232677459716797,0.0381290859646267,5,0.0212540301287016,0.8232677459716797,59.96002664890073
part_003.mp4,1458,1,4,0.0219736856843681,0.8247791290283203,0.0272063643844039,4,0.0219736856843681,0.8247791290283203,59.96002664890073
part_003.mp4,1459,1,4,0.022635928373482,0.8260031382242838,0.0170684814453125,4,0.022635928373482,0.8260031382242838,59.96002664890073
part_003.mp4,1460,1,7,0.022927722294305,0.8264425913492839,0.0062596356427228,7,0.022927722294305,0.8264425913492839,59.96002664890073
part_003.mp4,1461,1,5,0.023572080394418,0.828327751159668,0.0032139248318142,5,0.023572080394418,0.828327751159668,59.96002664890073
part_003.mp4,1462,1,3,0.0235841017249608,0.8279199600219727,0.0122981036150896,3,0.0235841017249608,0.8279199600219727,59.96002664890073
part_003.mp4,1463,1,4,0.0246663074969025,0.831541633605957,0.025139730947989,4,0.0246663074969025,0.831541633605957,59.96002664890073
part_003.mp4,1464,1,4,0.0252725070483197,0.8325695037841797,0.0366713064688223,4,0.0252725070483197,0.8325695037841797,59.96002664890073
part_003.mp4,1465,1,3,0.0263107626289301,0.834797732035319,0.0467596266004774,3,0.0263107626289301,0.834797732035319,59.96002664890073
part_003.mp4,1466,1,3,0.0269147096502876,0.8358238855997722,0.0564522354691116,3,0.0269147096502876,0.8358238855997722,59.96002664890073
part_003.mp4,1467,1,3,0.028140656579441,0.8381939570109049,0.0688623498987268,3,0.028140656579441,0.8381939570109049,59.96002664890073
part_003.mp4,1468,1,4,0.0287051912801366,0.8398140589396159,0.0846956606264467,4,0.0287051912801366,0.8398140589396159,59.96002664890073
part_003.mp4,1469,1,4,0.0298888963943183,0.8423910776774088,0.0989234076605902,4,0.0298888963943183,0.8423910776774088,59.96002664890073
part_003.mp4,1470,1,5,0.030757415035138,0.8440430323282878,0.1118531121148003,5,0.030757415035138,0.8440430323282878,59.96002664890073
part_003.mp4,1471,1,5,0.0320500009439894,0.8455963134765625,0.1219438623498987,5,0.0320500009439894,0.8455963134765625,59.96002664890073
part_003.mp4,1472,1,4,0.0340722497242192,0.8485315958658854,0.136309814453125,4,0.0340722497242192,0.8485315958658854,59.96002664890073
part_003.mp4,1473,1,4,0.0352891129859684,0.8498855590820312,0.1554425840024595,4,0.0352891129859684,0.8498855590820312,59.96002664890073
part_003.mp4,1474,1,4,0.0354718150482599,0.8515081405639648,0.1614614416051794,4,0.0354718150482599,0.8515081405639648,59.96002664890073
part_003.mp4,1475,1,4,0.0363444081609127,0.8534746170043945,0.1756378456398293,4,0.0363444081609127,0.8534746170043945,59.96002664890073
part_003.mp4,1476,1,5,0.0368525098097032,0.8541858673095704,0.1857693707501446,5,0.0368525098097032,0.8541858673095704,59.96002664890073
part_003.mp4,1477,1,4,0.0384514954520623,0.856395975748698,0.2036084634286386,4,0.0384514954520623,0.856395975748698,59.96002664890073
part_003.mp4,1478,1,4,0.0387239786491004,0.8578128814697266,0.2154495804398148,4,0.0387239786491004,0.8578128814697266,59.96002664890073
part_003.mp4,1479,1,4,0.0404204249211519,0.8596184412638347,0.2335004594590928,4,0.0404204249211519,0.8596184412638347,59.96002664890073
part_003.mp4,1480,1,4,0.0415792782262508,0.8610706329345703,0.248079921581127,4,0.0415792782262508,0.8610706329345703,59.96002664890073
part_003.mp4,1481,1,4,0.0422759535877654,0.861064592997233,0.264980626989294,4,0.0422759535877654,0.861064592997233,59.96002664890073
part_003.mp4,1482,1,4,0.0441530788234861,0.864714241027832,0.2786849127875434,4,0.0441530788234861,0.864714241027832,59.96002664890073
part_003.mp4,1483,1,4,0.0478377897801854,0.8712312698364257,0.3004442144323278,4,0.0478377897801854,0.8712312698364257,59.96002664890073
part_003.mp4,1484,1,4,0.0490492781409287,0.87303466796875,0.3150400091100622,4,0.0490492781409287,0.87303466796875,59.96002664890073
part_003.mp4,1485,1,5,0.0500674383391742,0.8739803314208985,0.3320875521059389,5,0.0500674383391742,0.8739803314208985,59.96002664890073
part_003.mp4,1486,1,4,0.0512447715467068,0.8738630294799805,0.3508904209843388,4,0.0512447715467068,0.8738630294799805,59.96002664890073
part_003.mp4,1487,1,5,0.0537049082469537,0.8778024673461914,0.3734558953179253,5,0.0537049082469537,0.8778024673461914,59.96002664890073
part_003.mp4,1488,1,5,0.0549701454774347,0.8780789057413737,0.3926791720920138,5,0.0549701454774347,0.8780789057413737,59.96002664890073
part_003.mp4,1489,1,5,0.0569647374203217,0.8815422058105469,0.4128017284252025,5,0.0569647374203217,0.8815422058105469,59.96002664890073
part_003.mp4,1490,1,5,0.0605550279010828,0.8866358439127604,0.4301674454300492,5,0.0605550279010828,0.8866358439127604,59.96002664890073
part_003.mp4,1491,1,4,0.0639375473450248,0.8905775070190429,0.4538960774739583,4,0.0639375473450248,0.8905775070190429,59.96002664890073
part_003.mp4,1492,1,5,0.0690933869546063,0.8981327692667643,0.4755551938657407,5,0.0690933869546063,0.8981327692667643,59.96002664890073
part_003.mp4,1493,1,5,0.0704961795220151,0.8983064651489258,0.5014970567491319,5,0.0704961795220151,0.8983064651489258,59.96002664890073
part_003.mp4,1494,1,4,0.0744668598004823,0.9036842981974283,0.5182675962094907,4,0.0744668598004823,0.9036842981974283,59.96002664890073
part_003.mp4,1495,1,4,0.0740713111633441,0.9041627883911132,0.5317550800464771,4,0.0740713111633441,0.9041627883911132,59.96002664890073
part_003.mp4,1496,1,4,0.0741825809837286,0.906362533569336,0.5376029968261719,4,0.0741825809837286,0.906362533569336,59.96002664890073
part_003.mp4,1497,1,4,0.0766889503168976,0.9132778167724608,0.5401424125388816,4,0.0766889503168976,0.9132778167724608,59.96002664890073
part_003.mp4,1498,1,4,0.078755384805554,0.9208404541015623,0.5463732825385199,4,0.078755384805554,0.9208404541015623,59.96002664890073
part_003.mp4,1499,1,5,0.0788550991070924,0.923650614420573,0.5516891196922019,5,0.0788550991070924,0.923650614420573,59.96002664890073
part_003.mp4,1500,0,4,0.0802421116079333,0.9295673370361328,0.5570562715883608,4,0.0802421116079333,0.9295673370361328,59.96002664890073
part_003.mp4,1501,0,4,0.0806257424009365,0.9350128809611002,0.5678220254403573,4,0.0806257424009365,0.9350128809611002,59.96002664890073
part_003.mp4,1502,0,4,0.0816994078810913,0.9408306121826172,0.5754824885615596,4,0.0816994078810913,0.9408306121826172,59.96002664890073
part_003.mp4,1503,0,4,0.0835082984867686,0.9477895736694336,0.5795525444878472,4,0.0835082984867686,0.9477895736694336,59.96002664890073
part_003.mp4,1504,0,6,0.0838351571291611,0.9519412994384766,0.5865999009874132,6,0.0838351571291611,0.9519412994384766,59.96002664890073
part_003.mp4,1505,0,5,0.0865625279398066,0.9615081787109376,0.5914341396755642,5,0.0865625279398066,0.9615081787109376,59.96002664890073
part_003.mp4,1506,0,5,0.0892329274692855,0.971871821085612,0.5964316615351924,5,0.0892329274692855,0.971871821085612,59.96002664890073
part_003.mp4,1507,0,5,0.0892552377985676,0.9774500528971354,0.603850272849754,4,0.0029089522052536,0.7681861241658529,59.96002664890073
part_003.mp4,1508,0,5,0.0882757943244036,0.9807384490966796,0.6111548953586154,4,0.0026430084082918,0.7682233810424804,59.96002664890073
part_003.mp4,1509,0,6,0.0867965119031497,0.9820636749267578,0.6188058641221789,5,0.0025288063650778,0.7688182830810547,59.96002664890073
part_003.mp4,1510,0,5,0.0827430366861894,0.9771640777587892,0.6277761812563296,4,0.002834854915585,0.7682686487833659,59.96002664890073
part_003.mp4,1511,0,5,0.0782398816998412,0.970391082763672,0.6395569695366754,4,0.002659313706099,0.7687030792236328,59.96002664890073
part_003.mp4,1512,0,6,0.0722932581385248,0.9575003306070964,0.6445106506347656,5,0.0025623051110111,0.7689666748046875,59.96002664890073
part_003.mp4,1513,0,5,0.0717006796283628,0.9611745834350586,0.6517590840657552,4,0.0027040059941161,0.7686253229777018,59.96002664890073
part_003.mp4,1514,0,5,0.0697733148811191,0.9622535705566406,0.6620864868164062,4,0.0027998938040454,0.768708610534668,59.96002664890073
part_003.mp4,1515,0,3,0.0682281106535676,0.9622596740722656,0.6689143286810981,2,0.0028142758751831,0.768764877319336,59.96002664890073
part_003.mp4,1516,0,3,0.065714081959385,0.9624759674072264,0.6784541377314814,2,0.0029075949859193,0.7689056396484375,59.96002664890073
part_003.mp4,1517,0,3,0.0642356780786778,0.964776611328125,0.68789712411386,2,0.0029415920197088,0.7689474741617839,59.96002664890073
part_003.mp4,1518,0,3,0.0620832210699208,0.9644362131754556,0.6953300193504051,2,0.0028460195591604,0.7686813354492188,59.96002664890073
part_003.mp4,1519,0,3,0.0598513313674549,0.9664834976196288,0.7071575588650174,2,0.0029736738064093,0.7687365214029948,59.96002664890073
part_003.mp4,1520,0,3,0.0574228294985773,0.9665243784586588,0.7172022148414895,2,0.0029538991837223,0.7687004725138347,59.96002664890073
part_003.mp4,1521,0,3,0.0545936345595489,0.9670265197753908,0.7264475575199834,2,0.0029491718359619,0.7688295364379882,59.96002664890073
part_003.mp4,1522,0,3,0.0521104455560594,0.9673179626464844,0.7370897505018447,2,0.0029819050040613,0.7689048767089843,59.96002664890073
part_003.mp4,1523,0,3,0.0512032995770816,0.9731901168823244,0.7488611080028392,2,0.0030635787150175,0.7690058390299479,59.96002664890073
part_003.mp4,1524,0,3,0.0483874000020538,0.9744495391845704,0.759866205851237,2,0.0030585963219292,0.7691146850585937,59.96002664890073
part_003.mp4,1525,0,3,0.0448132388484642,0.9720346450805664,0.7720663141321253,2,0.0028344443470511,0.7691057205200196,59.96002664890073
part_003.mp4,1526,0,3,0.0416699570101951,0.9730287551879884,0.7862689971923829,2,0.0027397215424571,0.7690952301025391,59.96002664890073
part_003.mp4,1527,0,3,0.0399287157497989,0.9809536616007488,0.8021930270724826,2,0.002725170177248,0.7693014780680338,59.96002664890073
part_003.mp4,1528,0,3,0.03692700230565,0.9848023096720376,0.8144982655843099,2,0.0026729438406376,0.7693201065063476,59.96002664890073
part_003.mp4,1529,0,3,0.0341798045123414,0.988497543334961,0.8292927794986301,2,0.0026299217327808,0.7693510055541992,59.96002664890073
part_003.mp4,1530,0,3,0.0301445106420587,0.9917919158935546,0.8484984786422164,2,0.0026679959802465,0.7691668828328451,59.96002664890073
part_003.mp4,1531,0,3,0.0259498918249044,0.9900470733642578,0.8642521875875967,2,0.0026763123041018,0.7689415613810221,59.96002664890073
part_003.mp4,1532,0,3,0.0197105400592489,0.9787786483764648,0.8854042477077908,2,0.0026340644461258,0.7686561584472656,59.96002664890073
part_003.mp4,1533,0,3,0.0137532897276792,0.9605712890625,0.9051329188876682,2,0.0026396992652573,0.7687145233154297,59.96002664890073
part_003.mp4,1534,0,3,0.0104848888133373,0.9569706598917644,0.9268236222090545,2,0.0026477120881382,0.7687851587931315,59.96002664890073
part_003.mp4,1535,0,2,0.002789644463761,0.7690410614013672,0.2713235360604745,2,0.002789644463761,0.7690410614013672,59.96002664890073
part_003.mp4,1536,0,2,0.0028590963076243,0.7691195170084636,0.2705798678927951,2,0.0028590963076243,0.7691195170084636,59.96002664890073
part_003.mp4,1537,0,2,0.0026024488036529,0.7689798990885417,0.2668973004376447,2,0.0026024488036529,0.7689798990885417,59.96002664890073
part_003.mp4,1538,0,3,0.0026846201816806,0.763496462504069,0.4208406236436632,3,0.0026846201816806,0.7687471389770508,59.96002664890073
part_003.mp4,1539,0,3,0.0028090041697335,0.7635757446289062,0.4162590874565972,3,0.0028090041697335,0.7684946060180664,59.96002664890073
part_003.mp4,1540,0,2,0.0024021065780349,0.7685398737589518,0.2610539189091435,2,0.0024021065780349,0.7685398737589518,59.96002664890073
part_003.mp4,1541,0,2,0.0026572770858039,0.7685636520385742,0.2650805438006365,2,0.0026572770858039,0.7685636520385742,59.96002664890073
part_003.mp4,1542,0,2,0.0023601532043647,0.7689539591471354,0.2534414785879629,2,0.0023601532043647,0.7689539591471354,59.96002664890073
part_003.mp4,1543,0,2,0.0023650593776902,0.7689752578735352,0.2493284437391493,2,0.0023650593776902,0.7689752578735352,59.96002664890073
part_003.mp4,1544,0,2,0.0022991441669413,0.7686298370361329,0.2476069697627314,2,0.0022991441669413,0.7686298370361329,59.96002664890073
part_003.mp4,1545,0,2,0.002229721652499,0.7684242248535156,0.2437754313151041,2,0.002229721652499,0.7684242248535156,59.96002664890073
part_003.mp4,1546,0,2,0.0022830116894005,0.768011728922526,0.2421262953016493,2,0.0022830116894005,0.768011728922526,59.96002664890073
part_003.mp4,1547,0,3,0.0022142529645848,0.760256830851237,0.4277079264322916,3,0.0022142529645848,0.7677580515543619,59.96002664890073
part_003.mp4,1548,0,2,0.0022516950544539,0.7671552658081054,0.2406627513744213,2,0.0022516950544539,0.7671552658081054,59.96002664890073
part_003.mp4,1549,0,2,0.0023810732181623,0.7617731094360352,0.4052098592122395,2,0.0023810732181623,0.7667791366577148,59.96002664890073
part_003.mp4,1550,0,2,0.0023944035178283,0.7668252944946289,0.2382983172381365,2,0.0023944035178283,0.7668252944946289,59.96002664890073
part_003.mp4,1551,0,2,0.0023648833117396,0.7666223526000977,0.2342785305447048,2,0.0023648833117396,0.7666223526000977,59.96002664890073
part_003.mp4,1552,0,2,0.002332595363518,0.7591444651285807,0.3874362521701389,2,0.002332595363518,0.7664216995239258,59.96002664890073
part_003.mp4,1553,0,2,0.0027050095313461,0.7606468836466471,0.3694289595992477,2,0.0027050095313461,0.7658974329630533,59.96002664890073
part_003.mp4,1554,0,4,0.0046333501724681,0.7636962890625,0.2921570954499421,4,0.0046333501724681,0.7655701319376628,59.96002664890073
part_003.mp4,1555,0,2,0.0026892574580334,0.7611076354980468,0.3644432915581597,2,0.0026892574580334,0.7656099319458007,59.96002664890073
part_003.mp4,1556,0,2,0.0023934174175546,0.7656319300333659,0.212867510760272,2,0.0023934174175546,0.7656319300333659,59.96002664890073
part_003.mp4,1557,0,2,0.0025712676651892,0.7658329645792643,0.2127636379665798,2,0.0025712676651892,0.7658329645792643,59.96002664890073
part_003.mp4,1558,0,2,0.002570979149831,0.7656874338785807,0.2080380475079571,2,0.002570979149831,0.7656874338785807,59.96002664890073
part_003.mp4,1559,0,2,0.0025274841403761,0.7638766606648763,0.2094338876229745,2,0.0025274841403761,0.7638766606648763,59.96002664890073
part_003.mp4,1560,0,3,0.0023580662518118,0.7652569452921549,0.1977505154079861,3,0.0023580662518118,0.7652569452921549,59.96002664890073
part_003.mp4,1561,0,2,0.0024815639594776,0.7650789896647135,0.1981751618561921,2,0.0024815639594776,0.7650789896647135,59.96002664890073
part_003.mp4,1562,0,2,0.0024821214408277,0.7652181625366211,0.1931410047743055,2,0.0024821214408277,0.7652181625366211,59.96002664890073
part_003.mp4,1563,0,2,0.0027268177514067,0.7634337107340495,0.200422046802662,2,0.0027268177514067,0.7634337107340495,59.96002664890073
part_003.mp4,1564,0,2,0.0022975101217593,0.7641508102416992,0.184534200032552,2,0.0022975101217593,0.7641508102416992,59.96002664890073
part_003.mp4,1565,0,3,0.0049599606450647,0.75728759765625,0.8849107530381944,2,0.0024028573021792,0.763931147257487,59.96002664890073
part_003.mp4,1566,0,3,0.0049514843316326,0.7569416681925456,0.8831315217194734,2,0.0024239733349531,0.7635343551635743,59.96002664890073
part_003.mp4,1567,0,3,0.0049293923196576,0.7565773646036784,0.8833051328305845,2,0.0024402561195893,0.7635002136230469,59.96002664890073
part_003.mp4,1568,0,4,0.0048655837664328,0.7561638514200847,0.8840666594328703,3,0.0025829803768687,0.7633783340454101,59.96002664890073
part_003.mp4,1569,0,3,0.0022609963668704,0.7615478515625,0.2147155196578414,3,0.0022609963668704,0.7631724039713542,59.96002664890073
part_003.mp4,1570,0,3,0.0028008511578405,0.7622353235880533,0.1883821840639467,3,0.0028008511578405,0.7631601333618164,59.96002664890073
part_003.mp4,1571,0,3,0.0029060279565682,0.7623465855916342,0.1860770896629051,3,0.0029060279565682,0.7636629104614258,59.96002664890073
part_003.mp4,1572,0,4,0.0048088806380595,0.7556420644124349,0.8812082926432292,3,0.0028802512699945,0.7638250986735026,59.96002664890073
part_003.mp4,1573,0,3,0.0028889584435684,0.7621349970499675,0.1842885900426794,3,0.0028889584435684,0.7639718373616536,59.96002664890073
part_003.mp4,1574,0,3,0.0028428785908208,0.7621530532836914,0.1826362892433449,3,0.0028428785908208,0.7641550064086914,59.96002664890073
part_003.mp4,1575,0,3,0.002233372050622,0.764119021097819,0.1587388780381944,3,0.002233372050622,0.764119021097819,59.96002664890073
part_003.mp4,1576,0,3,0.002282651240918,0.7645741144816081,0.158996186433015,3,0.002282651240918,0.7645741144816081,59.96002664890073
part_003.mp4,1577,0,3,0.0025402935720975,0.7652498881022135,0.1583153053566261,3,0.0025402935720975,0.7652498881022135,59.96002664890073
part_003.mp4,1578,0,3,0.0025364781123223,0.765021006266276,0.1582460756655092,3,0.0025364781123223,0.765021006266276,59.96002664890073
part_003.mp4,1579,0,3,0.0026339303018714,0.7649873733520508,0.1580787941261574,3,0.0026339303018714,0.7649873733520508,59.96002664890073
part_003.mp4,1580,0,3,0.0025800231038657,0.7650741577148438,0.1573887012622974,3,0.0025800231038657,0.7650741577148438,59.96002664890073
part_003.mp4,1581,0,3,0.0026392345534663,0.7648242950439453,0.1544063991970486,3,0.0026392345534663,0.7648242950439453,59.96002664890073
part_003.mp4,1582,0,3,0.002551560264417,0.7647806167602539,0.1540534125434027,3,0.002551560264417,0.7647806167602539,59.96002664890073
part_003.mp4,1583,0,3,0.0025959414113916,0.7652594884236653,0.1534387094003182,3,0.0025959414113916,0.7652594884236653,59.96002664890073
part_003.mp4,1584,0,3,0.0026842298608971,0.7649379730224609,0.1526920459888599,3,0.0026842298608971,0.7649379730224609,59.96002664890073
part_003.mp4,1585,0,3,0.0027573976020923,0.7646492640177409,0.152022467719184,3,0.0027573976020923,0.7646492640177409,59.96002664890073
part_003.mp4,1586,0,3,0.0027741048047189,0.7647144317626953,0.1513778121383102,3,0.0027741048047189,0.7647144317626953,59.96002664890073
part_003.mp4,1587,0,3,0.0027551031467737,0.7645912806193034,0.1503952026367187,3,0.0027551031467737,0.7645912806193034,59.96002664890073
part_003.mp4,1588,0,3,0.0028108319023158,0.7646148681640625,0.1515270091869213,3,0.0028108319023158,0.7646148681640625,59.96002664890073
part_003.mp4,1589,0,3,0.0028538107161552,0.7646839777628581,0.1530294347692418,3,0.0028538107161552,0.7646839777628581,59.96002664890073
part_003.mp4,1590,0,3,0.0028891736823371,0.7648320515950521,0.1546755755389178,3,0.0028891736823371,0.7648320515950521,59.96002664890073
part_003.mp4,1591,0,3,0.0029658290171129,0.7651654561360677,0.1570631804289641,3,0.0029658290171129,0.7651654561360677,59.96002664890073
part_003.mp4,1592,0,3,0.0029952222305776,0.7652332941691081,0.1566143459743923,3,0.0029952222305776,0.7652332941691081,59.96002664890073
part_003.mp4,1593,0,3,0.0029690842036399,0.765391222635905,0.1548140914351851,3,0.0029690842036399,0.765391222635905,59.96002664890073
part_003.mp4,1594,0,3,0.0029174626529479,0.765574328104655,0.152291926631221,3,0.0029174626529479,0.765574328104655,59.96002664890073
part_003.mp4,1595,0,2,0.0029583102663875,0.7657124201456705,0.1520563196252893,2,0.0029583102663875,0.7657124201456705,59.96002664890073
part_003.mp4,1596,0,2,0.0029487043093346,0.7658990859985352,0.1505313449435764,2,0.0029487043093346,0.7658990859985352,59.96002664890073
part_003.mp4,1597,0,2,0.0030112635991449,0.7658821105957031,0.1507139983000578,2,0.0030112635991449,0.7658821105957031,59.96002664890073
part_003.mp4,1598,0,2,0.0030642144787297,0.7659144083658854,0.1496773048683449,2,0.0030642144787297,0.7659144083658854,59.96002664890073
part_003.mp4,1599,0,2,0.0031812225972923,0.7659845352172852,0.1477615356445312,2,0.0031812225972923,0.7659845352172852,59.96002664890073
part_003.mp4,1600,0,2,0.003145873627606,0.7660959879557292,0.1464729026511863,2,0.003145873627606,0.7660959879557292,59.96002664890073
part_003.mp4,1601,0,2,0.0030962871015071,0.7661298751831055,0.146402429651331,2,0.0030962871015071,0.7661298751831055,59.96002664890073
part_003.mp4,1602,0,3,0.0031334381036526,0.7663717269897461,0.1456874706127025,3,0.0031334381036526,0.7663717269897461,59.96002664890073
part_003.mp4,1603,0,2,0.0032286399695698,0.7666994094848633,0.1442361902307581,2,0.0032286399695698,0.7666994094848633,59.96002664890073
part_003.mp4,1604,0,2,0.0032397851092671,0.7670271555582683,0.1416622585720486,2,0.0032397851092671,0.7670271555582683,59.96002664890073
part_003.mp4,1605,0,2,0.0032617214856414,0.7673219680786133,0.1422251948603877,2,0.0032617214856414,0.7673219680786133,59.96002664890073
part_003.mp4,1606,0,3,0.0032486435397165,0.7675220489501953,0.1421611644603587,3,0.0032486435397165,0.7675220489501953,59.96002664890073
part_003.mp4,1607,0,3,0.0032623367644501,0.7682123184204102,0.1410196940104166,3,0.0032623367644501,0.7682123184204102,59.96002664890073
part_003.mp4,1608,0,2,0.0032630515754485,0.7684315363566081,0.1384349116572627,2,0.0032630515754485,0.7684315363566081,59.96002664890073
part_003.mp4,1609,0,3,0.0033991295001598,0.7687517166137695,0.1364128395363136,3,0.0033991295001598,0.7687517166137695,59.96002664890073
part_003.mp4,1610,0,3,0.0034107794146014,0.7688926696777344,0.1348103276005497,3,0.0034107794146014,0.7688926696777344,59.96002664890073
part_003.mp4,1611,0,2,0.0033887717658352,0.7690301259358724,0.1332770453559028,2,0.0033887717658352,0.7690301259358724,59.96002664890073
part_003.mp4,1612,0,3,0.0056156017013069,0.7525801340738932,0.8645676789460359,2,0.0033393598466904,0.7695655822753906,59.96002664890073
part_003.mp4,1613,0,2,0.0033692969640186,0.7698497772216797,0.1293739036277488,2,0.0033692969640186,0.7698497772216797,59.96002664890073
part_003.mp4,1614,0,2,0.0035222681334643,0.7695158004760743,0.1300071998878761,2,0.0035222681334643,0.7695158004760743,59.96002664890073
part_003.mp4,1615,0,3,0.0035702911523791,0.7697897593180338,0.1323025173611111,3,0.0035702911523791,0.7697897593180338,59.96002664890073
part_003.mp4,1616,0,3,0.0036714360829878,0.7698986689249675,0.1313558507848669,3,0.0036714360829878,0.7698986689249675,59.96002664890073
part_003.mp4,1617,0,2,0.0036104584019631,0.7699907938639323,0.1320329454210069,2,0.0036104584019631,0.7699907938639323,59.96002664890073
part_003.mp4,1618,0,3,0.0034843785739697,0.7702081680297852,0.1289552476671007,3,0.0034843785739697,0.7702081680297852,59.96002664890073
part_003.mp4,1619,0,3,0.0035167746105731,0.770329475402832,0.1281112105758101,3,0.0035167746105731,0.770329475402832,59.96002664890073
part_003.mp4,1620,0,3,0.0034923980649478,0.7704240798950195,0.1293317441587095,3,0.0034923980649478,0.7704240798950195,59.96002664890073
part_003.mp4,1621,0,4,0.0058636847203942,0.7524169921875,0.8636472348813657,3,0.0034067276524836,0.7704423268636068,59.96002664890073
part_003.mp4,1622,0,4,0.00585262604296,0.7524362564086914,0.8635751794885707,3,0.0034129722216339,0.7705403645833333,59.96002664890073
part_003.mp4,1623,0,3,0.0034568015598105,0.7708008448282878,0.123890968605324,3,0.0034568015598105,0.7708008448282878,59.96002664890073
part_003.mp4,1624,0,4,0.0056945931488492,0.7519272486368815,0.8636817084418402,3,0.0035604196280473,0.771131960550944,59.96002664890073
part_003.mp4,1625,0,3,0.0035503857778126,0.771278190612793,0.1209426879882812,3,0.0035503857778126,0.771278190612793,59.96002664890073
part_003.mp4,1626,0,3,0.0034532952627503,0.7712371190388997,0.1220294528537326,3,0.0034532952627503,0.7712371190388997,59.96002664890073
part_003.mp4,1627,0,3,0.003483245761858,0.771359634399414,0.1201586688006365,3,0.003483245761858,0.771359634399414,59.96002664890073
part_003.mp4,1628,0,3,0.0034507381458361,0.7713236490885417,0.1196578414351851,3,0.0034507381458361,0.7713236490885417,59.96002664890073
part_003.mp4,1629,0,4,0.0034786426982868,0.7714271545410156,0.1189416390878182,4,0.0034786426982868,0.7714271545410156,59.96002664890073
part_003.mp4,1630,0,3,0.0035116168159853,0.7714705149332682,0.1182575367115162,3,0.0035116168159853,0.7714705149332682,59.96002664890073
part_003.mp4,1631,0,3,0.0035149616579939,0.7715078989664713,0.118202492042824,3,0.0035149616579939,0.7715078989664713,59.96002664890073
part_003.mp4,1632,0,3,0.0035334180127958,0.7715598424275716,0.118536885579427,3,0.0035334180127958,0.7715598424275716,59.96002664890073
part_003.mp4,1633,0,3,0.003580975522216,0.7715920130411784,0.1183499371563946,3,0.003580975522216,0.7715920130411784,59.96002664890073
part_003.mp4,1634,0,4,0.0055341439555006,0.751736068725586,0.8636847036856192,3,0.0036033954843878,0.7716147104899088,59.96002664890073
part_003.mp4,1635,0,3,0.0036542313877079,0.7717695236206055,0.1179820873119213,3,0.0036542313877079,0.7717695236206055,59.96002664890073
part_003.mp4,1636,0,3,0.0037015825240545,0.771923828125,0.1178869741934317,3,0.0037015825240545,0.771923828125,59.96002664890073
part_003.mp4,1637,0,3,0.0036957835236616,0.7719603220621745,0.117332288953993,3,0.0036957835236616,0.7719603220621745,59.96002664890073
part_003.mp4,1638,0,4,0.0036990711971237,0.7720392227172852,0.1165375886140046,4,0.0036990711971237,0.7720392227172852,59.96002664890073
part_003.mp4,1639,0,4,0.0036955777055118,0.7720727920532227,0.1163649947554976,4,0.0036955777055118,0.7720727920532227,59.96002664890073
part_003.mp4,1640,0,4,0.0036967033869586,0.7720713297526042,0.1162948043258101,4,0.0036967033869586,0.7720713297526042,59.96002664890073
part_003.mp4,1641,0,4,0.0037108996721346,0.7719985961914062,0.1153801812065972,4,0.0037108996721346,0.7719985961914062,59.96002664890073
part_003.mp4,1642,0,4,0.0037395956715134,0.7720481872558593,0.1149373937536169,4,0.0037395956715134,0.7720481872558593,59.96002664890073
part_003.mp4,1643,0,3,0.0037428756011649,0.7727747599283854,0.1154430813259548,3,0.0037428756011649,0.7727747599283854,59.96002664890073
part_003.mp4,1644,0,2,0.003775513030705,0.7720506668090821,0.113313971625434,2,0.003775513030705,0.7720506668090821,59.96002664890073
part_003.mp4,1645,0,2,0.0037574773219724,0.7726898193359375,0.1148694638852719,2,0.0037574773219724,0.7726898193359375,59.96002664890073
part_003.mp4,1646,0,2,0.0038199130626809,0.772836176554362,0.1137648970992476,2,0.0038199130626809,0.772836176554362,59.96002664890073
part_003.mp4,1647,0,2,0.0038844838049435,0.768356450398763,0.290640710901331,2,0.0038844838049435,0.7726150512695312,59.96002664890073
part_003.mp4,1648,0,2,0.0038907225626624,0.7682418823242188,0.2904657434534143,2,0.0038907225626624,0.7724791208902995,59.96002664890073
part_003.mp4,1649,0,2,0.0039198614819259,0.768406359354655,0.2906338161892361,2,0.0039198614819259,0.7721258163452148,59.96002664890073
part_003.mp4,1650,0,2,0.0039692025146602,0.7686164220174153,0.2909232245551215,2,0.0039692025146602,0.7720652898152669,59.96002664890073
part_003.mp4,1651,0,2,0.0040083795340938,0.7687451044718424,0.291554542824074,2,0.0040083795340938,0.7726143519083659,59.96002664890073
part_003.mp4,1652,0,2,0.0040164605403939,0.7688453038533528,0.2915696885850694,2,0.0040164605403939,0.7720898310343425,59.96002664890073
part_003.mp4,1653,0,3,0.0040707382396687,0.7692641576131185,0.2925416734483507,3,0.0040707382396687,0.7720851898193359,59.96002664890073
part_003.mp4,1654,0,3,0.0041009530624271,0.7694494247436523,0.2933290269639756,3,0.0041009530624271,0.7720179239908854,59.96002664890073
part_003.mp4,1655,0,4,0.0045789411863316,0.7477146784464518,0.879715813530816,3,0.0041466033682449,0.7727147420247396,59.96002664890073
part_003.mp4,1656,0,4,0.0044633450872555,0.7472286224365234,0.8808369389286748,3,0.0041690502917669,0.7719352722167969,59.96002664890073
part_003.mp4,1657,0,3,0.0042268095754466,0.7698123296101888,0.2938201904296875,3,0.0042268095754466,0.7725853602091471,59.96002664890073
part_003.mp4,1658,0,5,0.0043295048798124,0.7462421417236328,0.8817694769965277,4,0.0042709652391042,0.7726354598999023,59.96002664890073
part_003.mp4,1659,0,5,0.0043277558264104,0.7469138463338216,0.8828168515805845,4,0.0042930347643495,0.7726007461547851,59.96002664890073
part_003.mp4,1660,0,4,0.0043864072954251,0.7703670501708985,0.2949012473777488,3,0.0043864072954251,0.7724973042805989,59.96002664890073
part_003.mp4,1661,0,3,0.0045048577945757,0.7705477396647136,0.2966433489764178,3,0.0045048577945757,0.7726401011149089,59.96002664890073
part_003.mp4,1662,0,4,0.0045357796943453,0.7705648422241211,0.2972317165798611,4,0.0045357796943453,0.772675895690918,59.96002664890073
part_003.mp4,1663,0,3,0.0045733308578039,0.7706964492797852,0.2977401168258102,3,0.0045733308578039,0.7727638244628906,59.96002664890073
part_003.mp4,1664,0,3,0.0045764893007516,0.7707531611124675,0.2981322111906829,3,0.0045764893007516,0.7726619084676106,59.96002664890073
part_003.mp4,1665,0,3,0.0046453636026126,0.7710989634195964,0.29878500479239,3,0.0046453636026126,0.7725486755371094,59.96002664890073
part_003.mp4,1666,0,3,0.0046922227540764,0.7713125864664714,0.2996120311595775,3,0.0046922227540764,0.7724526087443034,59.96002664890073
part_003.mp4,1667,0,2,0.0047417575223975,0.771721076965332,0.2995557996961805,2,0.0047417575223975,0.7722718556722005,59.96002664890073
part_003.mp4,1668,0,3,0.0048090689340218,0.771977424621582,0.3003158004195602,3,0.0048090689340218,0.7723192850748698,59.96002664890073
part_003.mp4,1669,0,3,0.0048645894198367,0.7721696853637695,0.3010304768880208,3,0.0048645894198367,0.7721696853637695,59.96002664890073
part_003.mp4,1670,0,3,0.0049141424467153,0.7722511291503906,0.3017323246708622,3,0.0049141424467153,0.7722511291503906,59.96002664890073
part_003.mp4,1671,0,4,0.004985153638139,0.7725875854492188,0.3020854243525752,3,0.004985153638139,0.7725875854492188,59.96002664890073
part_003.mp4,1672,0,4,0.0050453069581029,0.7728012084960938,0.3026904070818865,3,0.0050453069581029,0.7728012084960938,59.96002664890073
part_003.mp4,1673,0,3,0.0050580141001329,0.7731122970581055,0.3018517388237847,3,0.0050580141001329,0.7731122970581055,59.96002664890073
part_003.mp4,1674,0,4,0.0050685766850559,0.7731416702270508,0.3017729017469618,4,0.0050685766850559,0.7731416702270508,59.96002664890073
part_003.mp4,1675,0,3,0.0051348911161767,0.7735485712687175,0.3020701090494792,3,0.0051348911161767,0.7735485712687175,59.96002664890073
part_003.mp4,1676,0,3,0.0052089563582773,0.7738277435302734,0.3019859031394676,3,0.0052089563582773,0.7738277435302734,59.96002664890073
part_003.mp4,1677,0,3,0.0052673078274043,0.7739434560139974,0.3021529586226852,3,0.0052673078274043,0.7739434560139974,59.96002664890073
part_003.mp4,1678,0,3,0.0053298873297171,0.7740515391031901,0.3026273939344618,3,0.0053298873297171,0.7740515391031901,59.96002664890073
part_003.mp4,1679,0,4,0.0054467981313333,0.7741781234741211,0.3038512618453414,3,0.0054467981313333,0.7741781234741211,59.96002664890073
part_003.mp4,1680,0,4,0.0055103586161729,0.7744236628214518,0.3038054854781539,3,0.0055103586161729,0.7744236628214518,59.96002664890073
part_003.mp4,1681,0,4,0.0055325110272193,0.7745175043741862,0.3035881325050636,3,0.0055325110272193,0.7745175043741862,59.96002664890073
part_003.mp4,1682,0,4,0.0055649303913944,0.7746161142985026,0.303862621166088,3,0.0055649303913944,0.7746161142985026,59.96002664890073
part_003.mp4,1683,0,4,0.0055925985326757,0.7747699737548828,0.3037267049153646,3,0.0055925985326757,0.7747699737548828,59.96002664890073
part_003.mp4,1684,0,4,0.0056110383328955,0.774821662902832,0.3033464219835069,3,0.0056110383328955,0.774821662902832,59.96002664890073
part_003.mp4,1685,0,3,0.0056257686989826,0.7748876571655273,0.3032617074471933,2,0.0056257686989826,0.7748876571655273,59.96002664890073
part_003.mp4,1686,0,3,0.0057493265984036,0.7752513885498047,0.3039763839156539,2,0.0057493265984036,0.7752513885498047,59.96002664890073
part_003.mp4,1687,0,4,0.005772072668446,0.7756080627441406,0.3032772488064236,3,0.005772072668446,0.7756080627441406,59.96002664890073
part_003.mp4,1688,0,4,0.0058378402924346,0.7760338465372721,0.3030667905454282,3,0.0058378402924346,0.7760338465372721,59.96002664890073
part_003.mp4,1689,0,4,0.0059920914069193,0.776501210530599,0.3042622318974248,3,0.0059920914069193,0.776501210530599,59.96002664890073
part_003.mp4,1690,0,4,0.0061398338967356,0.7770235061645507,0.3052587438512731,3,0.0061398338967356,0.7770235061645507,59.96002664890073
part_003.mp4,1691,0,4,0.0061673211287901,0.7772762934366862,0.3044253313982928,3,0.0061673211287901,0.7772762934366862,59.96002664890073
part_003.mp4,1692,0,4,0.0061860772548243,0.777646827697754,0.3042474817346643,4,0.0061860772548243,0.777646827697754,59.96002664890073
part_003.mp4,1693,0,4,0.0062972964880625,0.7779735565185547,0.3047184696903935,4,0.0062972964880625,0.7779735565185547,59.96002664890073
part_003.mp4,1694,0,3,0.006361551877732,0.7782062530517578,0.3052796540436921,3,0.006361551877732,0.7782062530517578,59.96002664890073
part_003.mp4,1695,0,3,0.0064627605595483,0.7784778594970703,0.3059556183991608,3,0.0064627605595483,0.7784778594970703,59.96002664890073
part_003.mp4,1696,0,4,0.0065086050122044,0.7786972681681316,0.3068908126265914,4,0.0065086050122044,0.7786972681681316,59.96002664890073
part_003.mp4,1697,0,4,0.0065870894619298,0.7788735071818034,0.3067844532154224,3,0.0065870894619298,0.7788735071818034,59.96002664890073
part_003.mp4,1698,0,4,0.006703913537753,0.7791652679443359,0.3068353158456308,3,0.006703913537753,0.7791652679443359,59.96002664890073
part_003.mp4,1699,0,4,0.0067701882321853,0.7792634963989258,0.3072916666666667,3,0.0067701882321853,0.7792634963989258,59.96002664890073
part_003.mp4,1700,0,6,0.0068060372617414,0.7792933146158855,0.3071949146412037,5,0.0068060372617414,0.7792933146158855,59.96002664890073
part_003.mp4,1701,0,6,0.0070463490356794,0.7796749750773112,0.3085552074291088,5,0.0070463490356794,0.7796749750773112,59.96002664890073
part_003.mp4,1702,0,5,0.006976895339386,0.7790960947672526,0.3066390426070602,4,0.006976895339386,0.7790960947672526,59.96002664890073
part_003.mp4,1703,0,5,0.0071293776418961,0.7795244216918945,0.3071897153501157,4,0.0071293776418961,0.7795244216918945,59.96002664890073
part_003.mp4,1704,0,5,0.0073905132056097,0.7805575688680013,0.3101182160554109,4,0.0073905132056097,0.7805575688680013,59.96002664890073
part_003.mp4,1705,0,5,0.007583713644805,0.7808479309082031,0.310411693431713,4,0.007583713644805,0.7808479309082031,59.96002664890073
part_003.mp4,1706,0,5,0.0076726618086427,0.7811578750610352,0.3104634602864583,4,0.0076726618086427,0.7811578750610352,59.96002664890073
part_003.mp4,1707,0,5,0.0077849620971526,0.781436030069987,0.3102776986581307,4,0.0077849620971526,0.781436030069987,59.96002664890073
part_003.mp4,1708,0,6,0.0078460914082501,0.7816553751627604,0.3103152239764178,4,0.0078460914082501,0.7816553751627604,59.96002664890073
part_003.mp4,1709,0,6,0.0079626432546582,0.7819647471110026,0.3097750628436053,4,0.0079626432546582,0.7819647471110026,59.96002664890073
part_003.mp4,1710,0,6,0.0080459926684852,0.7821598052978516,0.3090484619140625,4,0.0080459926684852,0.7821598052978516,59.96002664890073
part_003.mp4,1711,0,6,0.0081974909235766,0.7824464797973633,0.3078969319661458,4,0.0081974909235766,0.7824464797973633,59.96002664890073
part_003.mp4,1712,0,7,0.0083294465776028,0.7829676310221354,0.3074130022967303,5,0.0083294465776028,0.7829676310221354,59.96002664890073
part_003.mp4,1713,0,6,0.0083905677409141,0.7831895828247071,0.3073997214988426,4,0.0083905677409141,0.7831895828247071,59.96002664890073
part_003.mp4,1714,0,6,0.0085002223966229,0.7835646311442057,0.3072089301215278,4,0.0085002223966229,0.7835646311442057,59.96002664890073
part_003.mp4,1715,0,6,0.0086671285890042,0.78377259572347,0.3070480346679687,4,0.0086671285890042,0.78377259572347,59.96002664890073
part_003.mp4,1716,0,7,0.0088622310032197,0.7841846466064453,0.3072767469618055,5,0.0088622310032197,0.7841846466064453,59.96002664890073
part_003.mp4,1717,0,6,0.0088813602967463,0.7843011856079102,0.3063736527054398,4,0.0088813602967463,0.7843011856079102,59.96002664890073
part_003.mp4,1718,0,5,0.0089963336349076,0.7844409942626953,0.3063399703414352,3,0.0089963336349076,0.7844409942626953,59.96002664890073
part_003.mp4,1719,0,5,0.009021203314866,0.7846495946248372,0.3053153143988715,3,0.009021203314866,0.7846495946248372,59.96002664890073
part_003.mp4,1720,0,5,0.0090732153594554,0.7851059595743816,0.3052629258897569,4,0.0090732153594554,0.7851059595743816,59.96002664890073
part_003.mp4,1721,0,5,0.0091904121687144,0.7851387023925781,0.3028397736725984,4,0.0091904121687144,0.7851387023925781,59.96002664890073
part_003.mp4,1722,0,6,0.0093652597720372,0.7851179122924805,0.3017614859121817,4,0.0093652597720372,0.7851179122924805,59.96002664890073
part_003.mp4,1723,0,7,0.009509883467108,0.7854143142700195,0.3010962592230903,5,0.009509883467108,0.7854143142700195,59.96002664890073
part_003.mp4,1724,0,6,0.0096070869729198,0.7857447306315104,0.3004596851490162,4,0.0096070869729198,0.7857447306315104,59.96002664890073
part_003.mp4,1725,0,7,0.0097365821939699,0.7858695983886719,0.3003062495478877,5,0.0097365821939699,0.7858695983886719,59.96002664890073
part_003.mp4,1726,0,7,0.0097869454652795,0.7859878540039062,0.2995349460177951,5,0.0097869454652795,0.7859878540039062,59.96002664890073
part_003.mp4,1727,0,7,0.0095060419961292,0.7857960383097331,0.2983842072663484,5,0.0095060419961292,0.7857960383097331,59.96002664890073
part_003.mp4,1728,0,7,0.0095434047088794,0.7861658732096354,0.2967968976056134,5,0.0095434047088794,0.7861658732096354,59.96002664890073
part_003.mp4,1729,0,6,0.0099111249683536,0.7864089965820312,0.295649097583912,4,0.0099111249683536,0.7864089965820312,59.96002664890073
part_003.mp4,1730,0,9,0.0097496781420727,0.786721928914388,0.294068287037037,7,0.0097496781420727,0.786721928914388,59.96002664890073
part_003.mp4,1731,0,8,0.0097672639370688,0.7869669596354166,0.2926210756655092,6,0.0097672639370688,0.7869669596354166,59.96002664890073
part_003.mp4,1732,0,8,0.0098828797414791,0.7872842788696289,0.2901713618525752,6,0.0098828797414791,0.7872842788696289,59.96002664890073
part_003.mp4,1733,0,8,0.0100267447344204,0.7874539057413737,0.2872370402018229,6,0.0100267447344204,0.7874539057413737,59.96002664890073
part_003.mp4,1734,0,8,0.0101591230302195,0.7879381815592448,0.2843717787000868,6,0.0101591230302195,0.7879381815592448,59.96002664890073
part_003.mp4,1735,0,9,0.0103799769502883,0.7882744471232096,0.2838322392216435,7,0.0103799769502883,0.7882744471232096,59.96002664890073
part_003.mp4,1736,0,8,0.010545890975239,0.7888313929239908,0.2825689810293692,6,0.010545890975239,0.7888313929239908,59.96002664890073
part_003.mp4,1737,0,9,0.0105709508904773,0.7893718083699545,0.2812293723777488,7,0.0105709508904773,0.7893718083699545,59.96002664890073
part_003.mp4,1738,0,8,0.0107229280851121,0.7899480819702148,0.2808351304796007,6,0.0107229280851121,0.7899480819702148,59.96002664890073
part_003.mp4,1739,0,6,0.0109831390886231,0.7902973175048829,0.2784618801540798,4,0.0109831390886231,0.7902973175048829,59.96002664890073
part_003.mp4,1740,1,5,0.0111614494317607,0.7907129923502604,0.2762583979853877,4,0.0111614494317607,0.7907129923502604,59.96002664890073
part_003.mp4,1741,1,6,0.0114761217668031,0.7912298838297526,0.274313806604456,4,0.0114761217668031,0.7912298838297526,59.96002664890073
part_003.mp4,1742,1,7,0.0115580761640578,0.7916950225830078,0.2718076917860243,4,0.0115580761640578,0.7916950225830078,59.96002664890073
part_003.mp4,1743,1,6,0.0116003036425724,0.791806157430013,0.2697024875217014,3,0.0116003036425724,0.791806157430013,59.96002664890073
part_003.mp4,1744,1,6,0.0116879749443614,0.7924505869547526,0.2662672254774305,4,0.0116879749443614,0.7924505869547526,59.96002664890073
part_003.mp4,1745,1,7,0.0119530401252753,0.7932069778442383,0.2655428851092303,5,0.0119530401252753,0.7932069778442383,59.96002664890073
part_003.mp4,1746,1,7,0.0121575988718541,0.7932655334472656,0.2623582628038194,5,0.0121575988718541,0.7932655334472656,59.96002664890073
part_003.mp4,1747,1,6,0.012466680143908,0.7940082550048828,0.261357851381655,4,0.012466680143908,0.7940082550048828,59.96002664890073
part_003.mp4,1748,1,7,0.0126462176098289,0.7947710037231446,0.2576590643988715,5,0.0126462176098289,0.7947710037231446,59.96002664890073
part_003.mp4,1749,1,6,0.012946400834739,0.7955291748046875,0.2541522555881076,4,0.012946400834739,0.7955291748046875,59.96002664890073
part_003.mp4,1750,1,7,0.0132918773455592,0.797031847635905,0.253117596661603,5,0.0132918773455592,0.797031847635905,59.96002664890073
part_003.mp4,1751,1,6,0.01348673534438,0.7975854237874349,0.2512692486798322,4,0.01348673534438,0.7975854237874349,59.96002664890073
part_003.mp4,1752,1,6,0.0134581558359786,0.7975607554117838,0.246160888671875,4,0.0134581558359786,0.7975607554117838,59.96002664890073
part_003.mp4,1753,1,7,0.0137683418317465,0.7984629313151042,0.2445875379774305,5,0.0137683418317465,0.7984629313151042,59.96002664890073
part_003.mp4,1754,1,6,0.0139076258724175,0.7994926452636719,0.2424684877748842,4,0.0139076258724175,0.7994926452636719,59.96002664890073
part_003.mp4,1755,1,6,0.0140987976462282,0.7995887756347656,0.2399517483181423,4,0.0140987976462282,0.7995887756347656,59.96002664890073
part_003.mp4,1756,1,7,0.0143846405044314,0.8000538508097331,0.2383707117151331,5,0.0143846405044314,0.8000538508097331,59.96002664890073
part_003.mp4,1757,1,6,0.014670032462864,0.8005592346191406,0.2350203337492766,4,0.014670032462864,0.8005592346191406,59.96002664890073
part_003.mp4,1758,1,6,0.0149116507661492,0.8015585581461588,0.2289425885235821,4,0.0149116507661492,0.8015585581461588,59.96002664890073
part_003.mp4,1759,1,6,0.0152373870339943,0.8023722330729167,0.2252521091037326,4,0.0152373870339943,0.8023722330729167,59.96002664890073
part_003.mp4,1760,1,5,0.0156235336364221,0.8026994705200196,0.2241761949327257,3,0.0156235336364221,0.8026994705200196,59.96002664890073
part_003.mp4,1761,1,6,0.0157496650604442,0.8030676523844401,0.2230238737883391,4,0.0157496650604442,0.8030676523844401,59.96002664890073
part_003.mp4,1762,1,6,0.0158384051867243,0.8037624994913737,0.2181117305049189,4,0.0158384051867243,0.8037624994913737,59.96002664890073
part_003.mp4,1763,1,7,0.0165132980118505,0.8045669555664062,0.2167613841869212,5,0.0165132980118505,0.8045669555664062,59.96002664890073
part_003.mp4,1764,1,7,0.0166463962512595,0.8050905227661133,0.2102069430881076,5,0.0166463962512595,0.8050905227661133,59.96002664890073
part_003.mp4,1765,1,6,0.0170316781471612,0.8056353251139323,0.2055997495298032,5,0.0170316781471612,0.8056353251139323,59.96002664890073
part_003.mp4,1766,1,6,0.0171565311874642,0.8067710876464844,0.2002965291341145,4,0.0171565311874642,0.8067710876464844,59.96002664890073
part_003.mp4,1767,1,6,0.0175523038425793,0.807708740234375,0.1956876401548032,4,0.0175523038425793,0.807708740234375,59.96002664890073
part_003.mp4,1768,1,7,0.0179333712952211,0.8083791732788086,0.1916666666666666,5,0.0179333712952211,0.8083791732788086,59.96002664890073
part_003.mp4,1769,1,5,0.0181500319749466,0.8090728759765625,0.1878043280707465,4,0.0181500319749466,0.8090728759765625,59.96002664890073
part_003.mp4,1770,1,6,0.0187070286508727,0.8106769561767578,0.1856856734664352,4,0.0187070286508727,0.8106769561767578,59.96002664890073
part_003.mp4,1771,1,7,0.0190119002853774,0.8116867701212566,0.1801568490487557,5,0.0190119002853774,0.8116867701212566,59.96002664890073
part_003.mp4,1772,1,6,0.019121423995174,0.8126213073730468,0.1750343605324074,5,0.019121423995174,0.8126213073730468,59.96002664890073
part_003.mp4,1773,1,6,0.019343988405049,0.8128737131754558,0.1679841218171296,5,0.019343988405049,0.8128737131754558,59.96002664890073
part_003.mp4,1774,1,6,0.0201744593731213,0.8149682998657226,0.162392340766059,4,0.0201744593731213,0.8149682998657226,59.96002664890073
part_003.mp4,1775,1,7,0.0203371472947765,0.8152620951334636,0.1577576813874421,5,0.0203371472947765,0.8152620951334636,59.96002664890073
part_003.mp4,1776,1,6,0.0207552144885347,0.8162021636962891,0.1541702270507812,4,0.0207552144885347,0.8162021636962891,59.96002664890073
part_003.mp4,1777,1,8,0.0209992660737286,0.8167114893595377,0.1492302788628472,6,0.0209992660737286,0.8167114893595377,59.96002664890073
part_003.mp4,1778,1,8,0.0213554226533803,0.8170375823974609,0.1438901830602575,6,0.0213554226533803,0.8170375823974609,59.96002664890073
part_003.mp4,1779,1,8,0.0224700241929773,0.819307009379069,0.1359121251989294,6,0.0224700241929773,0.819307009379069,59.96002664890073
part_003.mp4,1780,1,7,0.0228260745034397,0.8203887939453125,0.1308211149992766,5,0.0228260745034397,0.8203887939453125,59.96002664890073
part_003.mp4,1781,1,8,0.0230858662836023,0.82139892578125,0.1272083423755787,6,0.0230858662836023,0.82139892578125,59.96002664890073
part_003.mp4,1782,1,7,0.0238134924356806,0.8229900995890299,0.1237792121039496,5,0.0238134924356806,0.8229900995890299,59.96002664890073
part_003.mp4,1783,1,7,0.0242033412460834,0.8239307403564453,0.1182181181731047,5,0.0242033412460834,0.8239307403564453,59.96002664890073
part_003.mp4,1784,1,8,0.024296919608605,0.8243611017862956,0.1140958997938368,5,0.024296919608605,0.8243611017862956,59.96002664890073
part_003.mp4,1785,1,8,0.025016305283902,0.8257333755493164,0.1088601006401909,5,0.025016305283902,0.8257333755493164,59.96002664890073
part_003.mp4,1786,1,8,0.0261120802943593,0.8268217086791992,0.1000943219220196,5,0.0261120802943593,0.8268217086791992,59.96002664890073
part_003.mp4,1787,1,9,0.0263507663924606,0.8274021784464518,0.0968796341507523,6,0.0263507663924606,0.8274021784464518,59.96002664890073
part_003.mp4,1788,1,8,0.0268441192651408,0.8285858790079753,0.0904186672634548,5,0.0268441192651408,0.8285858790079753,59.96002664890073
part_003.mp4,1789,1,8,0.0276457771510144,0.8294525782267252,0.0871008978949652,5,0.0276457771510144,0.8294525782267252,59.96002664890073
part_003.mp4,1790,1,8,0.0283738746886094,0.8312883377075195,0.0801154807761863,6,0.0283738746886094,0.8312883377075195,59.96002664890073
part_003.mp4,1791,1,7,0.0293844391952842,0.8334075927734375,0.0752071521900318,5,0.0293844391952842,0.8334075927734375,59.96002664890073
part_003.mp4,1792,1,8,0.0298990109853966,0.8347050348917643,0.0705410144947193,6,0.0298990109853966,0.8347050348917643,59.96002664890073
part_003.mp4,1793,1,8,0.0304245353308592,0.8350973765055338,0.0634931493688512,6,0.0304245353308592,0.8350973765055338,59.96002664890073
part_003.mp4,1794,1,8,0.031017305732045,0.8364800135294597,0.0569229125976562,6,0.031017305732045,0.8364800135294597,59.96002664890073
part_003.mp4,1795,1,8,0.0321351735202457,0.8383838653564453,0.0506937380190248,6,0.0321351735202457,0.8383838653564453,59.96002664890073
part_003.mp4,1796,1,8,0.0333315431592604,0.8393619537353516,0.0422551190411603,6,0.0333315431592604,0.8393619537353516,59.96002664890073
part_003.mp4,1797,1,9,0.0336376366697476,0.8401255289713542,0.0377792923538773,7,0.0336376366697476,0.8401255289713542,59.96002664890073
part_003.mp4,1798,1,9,0.0340901290361459,0.8413763046264648,0.0335673014322916,7,0.0340901290361459,0.8413763046264648,59.96002664890073
part_003.mp4,1799,1,9,0.0347830304569912,0.8424402236938476,0.0290438899287471,7,0.0347830304569912,0.8424402236938476,59.96002664890073
part_003.mp4,1800,2,9,0.0368724879064636,0.8466384887695313,0.0173670450846354,7,0.0368724879064636,0.8466384887695313,59.96002664890073
part_003.mp4,1801,2,10,0.03787245381861,0.8481838862101237,0.0108328642668547,7,0.03787245381861,0.8481838862101237,59.96002664890073
part_003.mp4,1802,2,9,0.038158884276158,0.8494134902954101,0.0047369780363859,6,0.038158884276158,0.8494134902954101,59.96002664890073
part_003.mp4,1803,2,9,0.0391629982677724,0.8506963729858399,0.001008634214048,6,0.0391629982677724,0.8506963729858399,59.96002664890073
part_003.mp4,1804,2,9,0.0391716377591095,0.8508096694946289,0.0010922184696903,6,0.0391716377591095,0.8508096694946289,59.96002664890073
part_003.mp4,1805,2,9,0.040147846873699,0.8530800501505534,0.0087283946849681,5,0.040147846873699,0.8530800501505534,59.96002664890073
part_003.mp4,1806,2,8,0.0411121489423223,0.8537130991617838,0.0147881401909722,5,0.0411121489423223,0.8537130991617838,59.96002664890073
part_003.mp4,1807,2,7,0.0417999886957221,0.8548851013183594,0.0180476153338397,4,0.0417999886957221,0.8548851013183594,59.96002664890073
part_003.mp4,1808,2,7,0.0423296078800059,0.8566002527872721,0.0237146448206018,5,0.0423296078800059,0.8566002527872721,59.96002664890073
part_003.mp4,1809,2,7,0.0443966664895048,0.8589305877685547,0.0338153697826244,5,0.0443966664895048,0.8589305877685547,59.96002664890073
part_003.mp4,1810,2,6,0.0454700901748718,0.8596567153930664,0.0441790827998408,5,0.0454700901748718,0.8596567153930664,59.96002664890073
part_003.mp4,1811,2,6,0.0469179818986837,0.8617912292480469,0.0510249667697482,5,0.0469179818986837,0.8617912292480469,59.96002664890073
part_003.mp4,1812,2,7,0.0486275580064623,0.8646942138671875,0.0604821381745515,5,0.0486275580064623,0.8646942138671875,59.96002664890073
part_003.mp4,1813,2,7,0.0496239669859211,0.8658199310302734,0.0708147402162905,5,0.0496239669859211,0.8658199310302734,59.96002664890073
part_003.mp4,1814,2,5,0.0505200982836928,0.8666032791137696,0.0795082939995659,4,0.0505200982836928,0.8666032791137696,59.96002664890073
part_003.mp4,1815,2,7,0.0525274312372655,0.8700894037882487,0.0872433980305989,6,0.0525274312372655,0.8700894037882487,59.96002664890073
part_003.mp4,1816,2,8,0.0547594374400796,0.8718788146972656,0.098427497016059,6,0.0547594374400796,0.8718788146972656,59.96002664890073
part_003.mp4,1817,2,8,0.0566513312022028,0.8746836344401042,0.1068647879141348,7,0.0566513312022028,0.8746836344401042,59.96002664890073
part_003.mp4,1818,2,7,0.0592403306365411,0.8786474227905273,0.1162419919614438,6,0.0592403306365411,0.8786474227905273,59.96002664890073
part_003.mp4,1819,2,7,0.0611313714921966,0.8811804453531901,0.1270255194769965,6,0.0611313714921966,0.8811804453531901,59.96002664890073
part_003.mp4,1820,2,7,0.0621783168839986,0.8817541758219402,0.1375483477557147,6,0.0621783168839986,0.8817541758219402,59.96002664890073
part_003.mp4,1821,2,7,0.0652214928515119,0.8860546112060547,0.148901621500651,6,0.0652214928515119,0.8860546112060547,59.96002664890073
part_003.mp4,1822,2,7,0.0672653700164584,0.8888706207275391,0.1598084767659505,6,0.0672653700164584,0.8888706207275391,59.96002664890073
part_003.mp4,1823,2,6,0.0698724333295184,0.891505241394043,0.1732092963324653,5,0.0698724333295184,0.891505241394043,59.96002664890073
part_003.mp4,1824,2,6,0.0715214828981455,0.8935429255167643,0.1840098204436125,5,0.0715214828981455,0.8935429255167643,59.96002664890073
part_003.mp4,1825,2,6,0.0740884817119603,0.8966632843017578,0.1957854659469039,5,0.0740884817119603,0.8966632843017578,59.96002664890073
part_003.mp4,1826,2,5,0.0771377961873184,0.8994379043579102,0.2098458042851201,4,0.0771377961873184,0.8994379043579102,59.96002664890073
part_003.mp4,1827,2,6,0.0811764413148436,0.9040115356445312,0.2215768602159288,4,0.0811764413148436,0.9040115356445312,59.96002664890073
part_003.mp4,1828,2,6,0.0837904571379638,0.9059986114501952,0.2345054343894675,4,0.0837904571379638,0.9059986114501952,59.96002664890073
part_003.mp4,1829,2,6,0.087275044315902,0.90965633392334,0.246651373969184,4,0.087275044315902,0.90965633392334,59.96002664890073
part_003.mp4,1830,2,8,0.0913407562236534,0.9138490676879882,0.2604564242892795,6,0.0913407562236534,0.9138490676879882,59.96002664890073
part_003.mp4,1831,2,7,0.0948855615984777,0.9157564163208008,0.2748384263780382,5,0.0948855615984777,0.9157564163208008,59.96002664890073
part_003.mp4,1832,2,8,0.0980076894071923,0.9191830317179362,0.2896852352001048,6,0.0980076894071923,0.9191830317179362,59.96002664890073
part_003.mp4,1833,2,6,0.1031364192371903,0.925482940673828,0.3072948879665799,4,0.1031364192371903,0.925482940673828,59.96002664890073
part_003.mp4,1834,2,7,0.107368055638074,0.9285491943359376,0.3244394231725622,5,0.107368055638074,0.9285491943359376,59.96002664890073
part_003.mp4,1835,2,7,0.1131716482907318,0.9340702056884764,0.3402681350708008,5,0.1131716482907318,0.9340702056884764,59.96002664890073
part_003.mp4,1836,2,6,0.1182520245022897,0.9387458801269531,0.3574789259168837,4,0.1182520245022897,0.9387458801269531,59.96002664890073
part_003.mp4,1837,2,5,0.1250649072156914,0.9444669723510742,0.3772768797697844,4,0.1250649072156914,0.9444669723510742,59.96002664890073
part_003.mp4,1838,2,7,0.1290584286447793,0.9479937235514324,0.3937422293203848,6,0.1290584286447793,0.9479937235514324,59.96002664890073
part_003.mp4,1839,2,5,0.1368738001961739,0.9556842803955078,0.4120163811577691,4,0.1368738001961739,0.9556842803955078,59.96002664890073
part_003.mp4,1840,2,5,0.1405053544254114,0.960209846496582,0.4217975757740162,4,0.1405053544254114,0.960209846496582,59.96002664890073
part_003.mp4,1841,2,5,0.1430204442165699,0.9651508331298828,0.4265982592547381,4,0.1430204442165699,0.9651508331298828,59.96002664890073
part_003.mp4,1842,2,6,0.1460223602249688,0.971682357788086,0.4294669257269965,5,0.1460223602249688,0.971682357788086,59.96002664890073
part_003.mp4,1843,2,6,0.148145444995424,0.9765701293945312,0.4325024074978298,5,0.148145444995424,0.9765701293945312,59.96002664890073
part_003.mp4,1844,2,6,0.1525676146484329,0.9856560389200848,0.4367593977186415,5,0.1525676146484329,0.9856560389200848,59.96002664890073
part_003.mp4,1845,2,6,0.1584324080807422,0.9972810745239258,0.4400164992720992,5,0.1584324080807422,0.9972810745239258,59.96002664890073
part_003.mp4,1846,2,6,0.1578979987092082,0.9993427276611327,0.4427431177209924,5,0.1578979987092082,0.9993427276611327,59.96002664890073
part_003.mp4,1847,2,6,0.157804812349517,0.999551010131836,0.4462386519820602,5,0.157804812349517,0.999551010131836,59.96002664890073
part_003.mp4,1848,2,6,0.1580586563842371,0.9995639801025392,0.448675537109375,5,0.1580586563842371,0.9995639801025392,59.96002664890073
part_003.mp4,1849,2,6,0.156054863030936,0.9996246337890624,0.4522228523536964,5,0.156054863030936,0.9996246337890624,59.96002664890073
part_003.mp4,1850,2,5,0.1552978314873083,0.9995452880859376,0.4537476292362919,5,0.1552978314873083,0.9995452880859376,59.96002664890073
part_003.mp4,1851,2,5,0.1550118019781075,0.9995664596557616,0.4598839653862847,5,0.1550118019781075,0.9995664596557616,59.96002664890073
part_003.mp4,1852,2,6,0.1538448645831603,0.999592653910319,0.4630628797743055,6,0.1538448645831603,0.999592653910319,59.96002664890073
part_003.mp4,1853,2,6,0.152232090368017,0.999533462524414,0.4606202443440755,6,0.152232090368017,0.999533462524414,59.96002664890073
part_003.mp4,1854,2,6,0.15195706818311,0.9995111465454102,0.4678220960828993,6,0.15195706818311,0.9995111465454102,59.96002664890073
part_003.mp4,1855,2,5,0.1499423817654261,0.9994863510131836,0.4680748127124928,5,0.1499423817654261,0.9994863510131836,59.96002664890073
part_003.mp4,1856,2,6,0.1492435510257362,0.9995948791503906,0.4730806986490885,6,0.1492435510257362,0.9995948791503906,59.96002664890073
part_003.mp4,1857,2,5,0.1478014173994274,0.999499003092448,0.4771698845757378,5,0.1478014173994274,0.999499003092448,59.96002664890073
part_003.mp4,1858,2,6,0.1470097342989713,0.9995058059692384,0.4816464600739655,6,0.1470097342989713,0.9995058059692384,59.96002664890073
part_003.mp4,1859,2,5,0.1463111822156093,0.999499766031901,0.4849989997016059,5,0.1463111822156093,0.999499766031901,59.96002664890073
part_003.mp4,1860,0,6,0.1452396728236581,0.9995128631591796,0.4892208381935402,6,0.1452396728236581,0.9995128631591796,59.96002664890073
part_003.mp4,1861,0,6,0.1452346788800787,0.9996322631835938,0.4929293314615885,6,0.1452346788800787,0.9996322631835938,59.96002664890073
part_003.mp4,1862,0,7,0.1442108886330081,0.9998579025268556,0.4987639957004123,7,0.1442108886330081,0.9998579025268556,59.96002664890073
part_003.mp4,1863,0,6,0.1428607112138221,0.9997804641723632,0.5033318413628473,6,0.1428607112138221,0.9997804641723632,59.96002664890073
part_003.mp4,1864,0,6,0.1420585014645055,0.9996471405029296,0.50494261847602,6,0.1420585014645055,0.9996471405029296,59.96002664890073
part_003.mp4,1865,0,6,0.1412862984659592,0.999618911743164,0.5080567253960504,6,0.1412862984659592,0.999618911743164,59.96002664890073
part_003.mp4,1866,0,6,0.1402678020696718,0.9996006647745768,0.5125845167371962,6,0.1402678020696718,0.9996006647745768,59.96002664890073
part_003.mp4,1867,0,4,0.1377858465107824,0.9996710459391276,0.519496183042173,4,0.1377858465107824,0.9996710459391276,59.96002664890073
part_003.mp4,1868,0,6,0.1358798723413632,0.9996166229248048,0.525919681125217,6,0.1358798723413632,0.9996166229248048,59.96002664890073
part_003.mp4,1869,0,6,0.1341171347413264,0.9995348612467448,0.5295819317853009,6,0.1341171347413264,0.9995348612467448,59.96002664890073
part_003.mp4,1870,0,6,0.1319108134594474,0.9996950149536132,0.5354381985134549,6,0.1319108134594474,0.9996950149536132,59.96002664890073
part_003.mp4,1871,0,5,0.1301014680859872,0.9996397018432616,0.5411516825358073,5,0.1301014680859872,0.9996397018432616,59.96002664890073
part_003.mp4,1872,0,4,0.1278220946570703,0.9996694564819336,0.5495276557074653,4,0.1278220946570703,0.9996694564819336,59.96002664890073
part_003.mp4,1873,0,5,0.1268886450791615,0.9994646072387696,0.5522873772515191,5,0.1268886450791615,0.9994646072387696,59.96002664890073
part_003.mp4,1874,0,4,0.1252074288539761,0.9994715372721354,0.5592308185718677,4,0.1252074288539761,0.9994715372721354,59.96002664890073
part_003.mp4,1875,0,4,0.1229881644967503,0.9995394388834636,0.565607198079427,4,0.1229881644967503,0.9995394388834636,59.96002664890073
part_003.mp4,1876,0,5,0.1213512425205704,0.9994441986083984,0.5730920297128183,5,0.1213512425205704,0.9994441986083984,59.96002664890073
part_003.mp4,1877,0,5,0.1197025664166344,0.9994215647379556,0.579187661630136,5,0.1197025664166344,0.9994215647379556,59.96002664890073
part_003.mp4,1878,0,4,0.1181901174956389,0.9994031906127928,0.5857945760091146,4,0.1181901174956389,0.9994031906127928,59.96002664890073
part_003.mp4,1879,0,4,0.1162458675610833,0.9994226455688476,0.5931445651584202,4,0.1162458675610833,0.9994226455688476,59.96002664890073
part_003.mp4,1880,0,4,0.1138806066148552,0.9994491577148438,0.600364006890191,3,0.0034987453263494,0.7662151336669922,59.96002664890073
part_003.mp4,1881,0,3,0.1117991152306893,0.9994499206542968,0.6074126490840206,2,0.0034489946957263,0.7660823822021484,59.96002664890073
part_003.mp4,1882,0,3,0.1090018716549255,0.9994293212890624,0.616527811686198,2,0.0034095640399027,0.7687987009684245,59.96002664890073
part_003.mp4,1883,0,3,0.1063211815107035,0.9994855880737304,0.6265335224292896,2,0.0035378260711311,0.7709541320800781,59.96002664890073
part_003.mp4,1884,0,3,0.1032558642901373,0.9994565963745116,0.636510255601671,2,0.0035094030946493,0.7702686309814453,59.96002664890073
part_003.mp4,1885,0,4,0.0999447741707121,0.9994901657104492,0.6479844941033257,2,0.003573610545233,0.7704580942789714,59.96002664890073
part_003.mp4,1886,0,5,0.0980433543745951,0.9995061874389648,0.6547553274366591,3,0.0036055869862105,0.7702608108520508,59.96002664890073
part_003.mp4,1887,0,5,0.0948997257159909,0.9994993209838868,0.6650659596478498,3,0.003624950253493,0.7706650416056315,59.96002664890073
part_003.mp4,1888,0,5,0.0910115572294711,0.999516487121582,0.6776260093406394,3,0.003709785551376,0.7705240249633789,59.96002664890073
part_003.mp4,1889,0,5,0.0871922762588009,0.9994590759277344,0.6904710981580946,3,0.0037458802362218,0.7706971486409505,59.96002664890073
part_003.mp4,1890,0,6,0.0824107839376504,0.9995502471923828,0.7042264302571615,4,0.0037112489886931,0.7703176498413086,59.96002664890073
part_003.mp4,1891,0,6,0.0787294468774537,0.9997896194458008,0.7162220848931207,4,0.0037930128962034,0.7708847681681316,59.96002664890073
part_003.mp4,1892,0,6,0.0737191269225149,0.999533462524414,0.7342223485310873,4,0.0038885394983097,0.7701029459635417,59.96002664890073
part_003.mp4,1893,0,7,0.0693466657295856,0.9995773315429688,0.75004781793665,5,0.0040453279369264,0.7846886316935221,59.96002664890073
part_003.mp4,1894,0,9,0.0637068248436251,0.998866081237793,0.7695263615360967,5,0.0038709661501343,0.7817980448404948,59.96002664890073
part_003.mp4,1895,0,8,0.0588854076688585,0.9993885040283204,0.785889646742079,5,0.004471918190921,0.785991096496582,59.96002664890073
part_003.mp4,1896,0,9,0.0516745596050896,0.9994176864624024,0.8066491444905599,5,0.0043686404621608,0.785597292582194,59.96002664890073
part_003.mp4,1897,0,7,0.0435242666699196,0.9991981506347656,0.8312874264187283,5,0.0041946016124226,0.7842542648315429,59.96002664890073
part_003.mp4,1898,0,8,0.0359785263705513,0.9994903564453124,0.85344484117296,6,0.0039629213463437,0.7838638305664063,59.96002664890073
part_003.mp4,1899,0,8,0.0283110390780186,0.9995111465454102,0.8783293459150526,6,0.0040741231370581,0.7835556666056315,59.96002664890073
part_003.mp4,1900,0,7,0.0041276996703042,0.769845453898112,0.0310797797309027,6,0.0041276996703042,0.7824034372965495,59.96002664890073
part_003.mp4,1901,0,8,0.0041654828062746,0.7705593744913737,0.0291377597384982,7,0.0041654828062746,0.7816444396972656,59.96002664890073
part_003.mp4,1902,0,8,0.0041213670536591,0.7699530919392904,0.0270731890643084,6,0.0041213670536591,0.7821105321248373,59.96002664890073
part_003.mp4,1903,0,7,0.0041969917093714,0.7695597330729167,0.0242638481987847,6,0.0041969917093714,0.7819305419921875,59.96002664890073
part_003.mp4,1904,0,7,0.0042851067802068,0.7698932647705078,0.0214436566388165,5,0.0042851067802068,0.7841395696004232,59.96002664890073
part_003.mp4,1905,0,6,0.0043548526383798,0.7701055526733398,0.0188443784360532,4,0.0043548526383798,0.7820765177408854,59.96002664890073
part_003.mp4,1906,0,5,0.004358292163147,0.7697984059651692,0.0177118654604311,4,0.004358292163147,0.7832967122395833,59.96002664890073
part_003.mp4,1907,0,6,0.0043682665680894,0.7704744338989258,0.0135750382034866,5,0.0043682665680894,0.7792781829833985,59.96002664890073
part_003.mp4,1908,0,3,0.0045439427582846,0.770753542582194,0.0105376066984953,2,0.0045439427582846,0.770753542582194,59.96002664890073
part_003.mp4,1909,0,3,0.0045560814918685,0.7706958770751953,0.0097711916323061,2,0.0045560814918685,0.7706958770751953,59.96002664890073
part_003.mp4,1910,0,3,0.004603802909698,0.7706469853719076,0.0065287837275752,2,0.004603802909698,0.7706469853719076,59.96002664890073
part_003.mp4,1911,0,5,0.0045689920174535,0.7705020904541016,0.0051839192708333,3,0.0045689920174535,0.7705020904541016,59.96002664890073
part_003.mp4,1912,0,5,0.0047002614476595,0.771073849995931,0.0021169874403211,3,0.0047002614476595,0.771073849995931,59.96002664890073
part_003.mp4,1913,0,5,0.0065990730533721,0.7836494445800781,0.5275679411711516,3,0.0065990730533721,0.7836494445800781,59.96002664890073
part_003.mp4,1914,0,6,0.0063893149149576,0.7826784133911133,0.5229496426052518,5,0.0063893149149576,0.7826784133911133,59.96002664890073
part_003.mp4,1915,0,7,0.0055287998368644,0.7811936060587565,0.513549479731807,6,0.0055287998368644,0.7811936060587565,59.96002664890073
part_003.mp4,1916,0,7,0.0064624013667344,0.7832665125528971,0.5204300774468316,6,0.0064624013667344,0.7832665125528971,59.96002664890073
part_003.mp4,1917,0,7,0.0066226955920137,0.7844953536987305,0.5243151488127532,6,0.0066226955920137,0.7844953536987305,59.96002664890073
part_003.mp4,1918,0,6,0.0050318626706979,0.7725151062011719,0.016168212890625,4,0.0050318626706979,0.7725151062011719,59.96002664890073
part_003.mp4,1919,0,4,0.0050255146648366,0.7722757975260417,0.0167660465946903,2,0.0050255146648366,0.7722757975260417,59.96002664890073
part_003.mp4,1920,0,4,0.0050189167856135,0.772105852762858,0.0194529215494791,3,0.0050189167856135,0.789552370707194,59.96002664890073
part_003.mp4,1921,0,5,0.0049453270466646,0.7722518920898438,0.0225926999692563,3,0.0049453270466646,0.7864021301269531,59.96002664890073
part_003.mp4,1922,0,5,0.0064774615177399,0.7864225387573243,0.5254844806812428,4,0.0064774615177399,0.7880272547403971,59.96002664890073
part_003.mp4,1923,0,7,0.0062009855961191,0.7821600596110027,0.5168886961760344,6,0.0062009855961191,0.7869087855021158,59.96002664890073
part_003.mp4,1924,0,5,0.0062659341672567,0.7824627558390299,0.5152095512107566,4,0.0062659341672567,0.7824627558390299,59.96002664890073
part_003.mp4,1925,0,5,0.005536516411715,0.7748531977335612,0.0305154871057581,4,0.005536516411715,0.7797189712524414,59.96002664890073
part_003.mp4,1926,0,7,0.0054584305551058,0.7743015925089518,0.0327306676793981,6,0.0054584305551058,0.7788469314575195,59.96002664890073
part_003.mp4,1927,0,7,0.0056849105036451,0.775257937113444,0.0343141626428674,6,0.0056849105036451,0.7791905721028646,59.96002664890073
part_003.mp4,1928,0,5,0.0056337703091924,0.7750032424926758,0.035141697636357,4,0.0056337703091924,0.7803119659423828,59.96002664890073
part_003.mp4,1929,0,6,0.0058314927855584,0.7758808771769206,0.036862889042607,5,0.0058314927855584,0.7803026835123698,59.96002664890073
part_003.mp4,1930,0,5,0.0059392807740045,0.776356569925944,0.0408738878038194,4,0.0059392807740045,0.7781024932861328,59.96002664890073
part_003.mp4,1931,0,6,0.0060908916547972,0.7771526336669922,0.0435970730251736,5,0.0060908916547972,0.781156349182129,59.96002664890073
part_003.mp4,1932,0,6,0.0061415587013578,0.7770125071207682,0.0446897718641493,5,0.0061415587013578,0.78330078125,59.96002664890073
part_003.mp4,1933,0,5,0.006109179841598,0.7770540237426757,0.0453974405924479,4,0.006109179841598,0.7793263117472331,59.96002664890073
part_003.mp4,1934,0,6,0.0062285334271965,0.7776540120442709,0.0466016981336805,5,0.0062285334271965,0.7810314814249675,59.96002664890073
part_003.mp4,1935,0,7,0.0063295036541078,0.7781866709391276,0.0476048787434895,6,0.0063295036541078,0.7797098159790039,59.96002664890073
part_003.mp4,1936,0,6,0.0063263505095771,0.778536033630371,0.0467273288302951,5,0.0063263505095771,0.7794147491455078,59.96002664890073
part_003.mp4,1937,0,6,0.006380762912126,0.7791317621866862,0.0473379347059461,5,0.006380762912126,0.7799404780069987,59.96002664890073
part_003.mp4,1938,0,6,0.0063441095953695,0.7795670191446941,0.0482957628038194,5,0.0063441095953695,0.7795670191446941,59.96002664890073
part_003.mp4,1939,0,5,0.0063899446329688,0.7798300425211588,0.0489349365234375,4,0.0063899446329688,0.7798930486043294,59.96002664890073
part_003.mp4,1940,0,6,0.0064494280334878,0.7801376342773437,0.0497014646176938,5,0.0064494280334878,0.7806690216064454,59.96002664890073
part_003.mp4,1941,0,6,0.0065147544903447,0.7804484049479167,0.0497250027126736,6,0.0065147544903447,0.7804484049479167,59.96002664890073
part_003.mp4,1942,0,6,0.0066552642494368,0.7812192916870118,0.0492498044614438,5,0.0066552642494368,0.7812192916870118,59.96002664890073
part_003.mp4,1943,0,6,0.0067925437252011,0.7820269266764323,0.048590596516927,5,0.0067925437252011,0.7820269266764323,59.96002664890073
part_003.mp4,1944,0,5,0.0069637122673264,0.7830170313517253,0.047204448558666,5,0.0069637122673264,0.7830170313517253,59.96002664890073
part_003.mp4,1945,0,7,0.0069196553895879,0.7833607355753581,0.045959331371166,6,0.0069196553895879,0.7833607355753581,59.96002664890073
part_003.mp4,1946,0,7,0.0068230943454545,0.7836366017659505,0.0472040812174479,6,0.0068230943454545,0.7836366017659505,59.96002664890073
part_003.mp4,1947,0,7,0.0067973864747909,0.7835310618082683,0.0456740767867476,6,0.0067973864747909,0.7835310618082683,59.96002664890073
part_003.mp4,1948,0,5,0.0069234196284863,0.7840246200561524,0.0435262044270833,4,0.0069234196284863,0.7846900939941406,59.96002664890073
part_003.mp4,1949,0,5,0.0069796929744835,0.7846752166748047,0.0441197995786313,5,0.0069796929744835,0.7846752166748047,59.96002664890073
part_003.mp4,1950,0,6,0.0070547401345619,0.7850975036621094,0.0434404161241319,5,0.0070547401345619,0.7850975036621094,59.96002664890073
part_003.mp4,1951,0,6,0.0071300878173173,0.7856603622436523,0.0424056724265769,6,0.0071300878173173,0.7856603622436523,59.96002664890073
part_003.mp4,1952,0,5,0.0073659898201219,0.7872636795043946,0.0405473779748987,5,0.0073659898201219,0.7872636795043946,59.96002664890073
part_003.mp4,1953,0,6,0.0075571654582314,0.7880367914835612,0.0383131521719473,5,0.0075571654582314,0.7880367914835612,59.96002664890073
part_003.mp4,1954,0,6,0.0077326912890809,0.7880319595336914,0.0392411973741319,5,0.0077326912890809,0.7880319595336914,59.96002664890073
part_003.mp4,1955,0,6,0.0076911545464665,0.7890648523966471,0.0338669105812355,5,0.0076911545464665,0.7890648523966471,59.96002664890073
part_003.mp4,1956,0,6,0.0083291226036467,0.7913774490356446,0.0331472043637876,5,0.0083291226036467,0.7913774490356446,59.96002664890073
part_003.mp4,1957,0,6,0.0084389145554612,0.7918052673339844,0.0311568083586516,5,0.0084389145554612,0.7918052673339844,59.96002664890073
part_003.mp4,1958,0,6,0.0085663743317504,0.7929313659667969,0.0311477378562644,5,0.0085663743317504,0.7929313659667969,59.96002664890073
part_003.mp4,1959,0,5,0.0084735753046751,0.7930425008138021,0.0273488645200376,5,0.0084735753046751,0.7930425008138021,59.96002664890073
part_003.mp4,1960,0,5,0.0084286176393895,0.7931923548380534,0.027520751953125,4,0.0084286176393895,0.7931923548380534,59.96002664890073
part_003.mp4,1961,0,5,0.0085197474935557,0.7946618398030599,0.0269232855902777,4,0.0085197474935557,0.7946618398030599,59.96002664890073
part_003.mp4,1962,0,5,0.0085744197379056,0.7955891291300455,0.0270775971589265,4,0.0085744197379056,0.7955891291300455,59.96002664890073
part_003.mp4,1963,0,4,0.0089043935126715,0.7970223108927409,0.0271164222999855,4,0.0089043935126715,0.7970223108927409,59.96002664890073
part_003.mp4,1964,0,5,0.0092405825067544,0.798742930094401,0.0271224975585937,4,0.0092405825067544,0.798742930094401,59.96002664890073
part_003.mp4,1965,0,5,0.0092101192921109,0.7989678064982096,0.0279638502332899,4,0.0092101192921109,0.7989678064982096,59.96002664890073
part_003.mp4,1966,0,5,0.0094418202076728,0.7993890762329101,0.0308924639666521,4,0.0094418202076728,0.7993890762329101,59.96002664890073
part_003.mp4,1967,0,5,0.0094967407456374,0.7997425079345704,0.0318876760977285,4,0.0094967407456374,0.7997425079345704,59.96002664890073
part_003.mp4,1968,0,5,0.0097666161620711,0.8006580352783204,0.0342497366446035,4,0.0097666161620711,0.8006580352783204,59.96002664890073
part_003.mp4,1969,0,4,0.0100453493967156,0.8017726898193359,0.0367313243724681,4,0.0100453493967156,0.8017726898193359,59.96002664890073
part_003.mp4,1970,0,5,0.0102038118520027,0.8024746576944987,0.039316248010706,5,0.0102038118520027,0.8024746576944987,59.96002664890073
part_003.mp4,1971,0,4,0.0103087542187293,0.8032707850138346,0.0404434204101562,4,0.0103087542187293,0.8032707850138346,59.96002664890073
part_003.mp4,1972,0,4,0.0103245264558063,0.803719965616862,0.0432507267704716,4,0.0103245264558063,0.803719965616862,59.96002664890073
part_003.mp4,1973,0,4,0.0103790700413325,0.8041923522949219,0.0446898848922164,4,0.0103790700413325,0.8041923522949219,59.96002664890073
part_003.mp4,1974,0,4,0.010387043480328,0.8046009063720703,0.0479676988389757,4,0.010387043480328,0.8046009063720703,59.96002664890073
part_003.mp4,1975,0,4,0.0108066167894543,0.8054147720336914,0.0534138997395833,4,0.0108066167894543,0.8054147720336914,59.96002664890073
part_003.mp4,1976,0,4,0.010986805486063,0.8059483210245768,0.0575656749584056,4,0.010986805486063,0.8059483210245768,59.96002664890073
part_003.mp4,1977,0,4,0.0111022986652096,0.8062670389811198,0.0599231296115451,4,0.0111022986652096,0.8062670389811198,59.96002664890073
part_003.mp4,1978,0,4,0.0112322681749032,0.8069442749023438,0.0646355523003472,3,0.0112322681749032,0.8069442749023438,59.96002664890073
part_003.mp4,1979,0,6,0.0112839748711364,0.8072069803873698,0.070319112141927,5,0.0112839748711364,0.8072069803873698,59.96002664890073
part_003.mp4,1980,0,6,0.0113403277806014,0.8078451792399088,0.0758653711389612,5,0.0113403277806014,0.8078451792399088,59.96002664890073
part_003.mp4,1981,0,5,0.0116106323120119,0.8084297180175781,0.0820999145507812,4,0.0116106323120119,0.8084297180175781,59.96002664890073
part_003.mp4,1982,0,5,0.0119801249079561,0.808863639831543,0.0889787462022569,4,0.0119801249079561,0.808863639831543,59.96002664890073
part_003.mp4,1983,0,5,0.0122739940659731,0.8099154154459636,0.094201010244864,4,0.0122739940659731,0.8099154154459636,59.96002664890073
part_003.mp4,1984,0,5,0.0122151185670381,0.8096501032511393,0.0977363021285445,4,0.0122151185670381,0.8096501032511393,59.96002664890073
part_003.mp4,1985,0,4,0.0123264125688001,0.8099660873413086,0.1047741360134548,3,0.0123264125688001,0.8099660873413086,59.96002664890073
part_003.mp4,1986,0,4,0.0124632718949363,0.8113918304443359,0.1112335487648292,4,0.0124632718949363,0.8113918304443359,59.96002664890073
part_003.mp4,1987,0,4,0.0123656594975155,0.811666742960612,0.1166163409197772,3,0.0123656594975155,0.811666742960612,59.96002664890073
part_003.mp4,1988,0,4,0.012860654051781,0.8125900268554688,0.1261924743652343,3,0.012860654051781,0.8125900268554688,59.96002664890073
part_003.mp4,1989,0,3,0.0131622146553127,0.812816047668457,0.1330232408311631,3,0.0131622146553127,0.812816047668457,59.96002664890073
part_003.mp4,1990,0,5,0.0132010393543653,0.8130428949991862,0.1373095194498698,4,0.0132010393543653,0.8130428949991862,59.96002664890073
part_003.mp4,1991,0,5,0.0133290759072082,0.8136119842529297,0.1441729227701823,4,0.0133290759072082,0.8136119842529297,59.96002664890073
part_003.mp4,1992,0,5,0.0133718698575264,0.8137762069702148,0.1517069498697916,4,0.0133718698575264,0.8137762069702148,59.96002664890073
part_003.mp4,1993,0,5,0.013524906237877,0.8147305170694987,0.1548973931206597,4,0.013524906237877,0.8147305170694987,59.96002664890073
part_003.mp4,1994,0,5,0.013862332680545,0.8151587168375651,0.1632753160264757,4,0.013862332680545,0.8151587168375651,59.96002664890073
part_003.mp4,1995,0,5,0.0137778982442493,0.8148117701212565,0.1719910233109085,4,0.0137778982442493,0.8148117701212565,59.96002664890073
part_003.mp4,1996,0,5,0.0139336875639855,0.8151983261108399,0.1778918230975116,4,0.0139336875639855,0.8151983261108399,59.96002664890073
part_003.mp4,1997,0,5,0.0143172071020429,0.8156082789103191,0.185133644386574,4,0.0143172071020429,0.8156082789103191,59.96002664890073
part_003.mp4,1998,0,6,0.0146730765036988,0.8161684036254883,0.1892001964427806,5,0.0146730765036988,0.8161684036254883,59.96002664890073
part_003.mp4,1999,0,6,0.0149149949038128,0.8161279678344726,0.1993756047001591,5,0.0149149949038128,0.8161279678344726,59.96002664890073
part_003.mp4,2000,0,5,0.0150322236274466,0.8165660858154297,0.2010878103750723,4,0.0150322236274466,0.8165660858154297,59.96002664890073
part_003.mp4,2001,0,6,0.0155058241910592,0.8174059549967448,0.2099461025661892,5,0.0155058241910592,0.8174059549967448,59.96002664890073
part_003.mp4,2002,0,5,0.0151180476227014,0.8170494715372721,0.218137303105107,5,0.0151180476227014,0.8170494715372721,59.96002664890073
part_003.mp4,2003,0,5,0.015337521813204,0.8173662821451823,0.227147787588614,5,0.015337521813204,0.8173662821451823,59.96002664890073
part_003.mp4,2004,0,5,0.0156649697621595,0.8180341720581055,0.2341990435564959,5,0.0156649697621595,0.8180341720581055,59.96002664890073
part_003.mp4,2005,0,6,0.0159811052810982,0.8181522369384766,0.2386713946307147,5,0.0159811052810982,0.8181522369384766,59.96002664890073
part_003.mp4,2006,0,6,0.0167245383402957,0.8193459192911784,0.2464296129014757,5,0.0167245383402957,0.8193459192911784,59.96002664890073
part_003.mp4,2007,0,6,0.0170181208688882,0.8217623392740886,0.2522246466742621,5,0.0170181208688882,0.8217623392740886,59.96002664890073
part_003.mp4,2008,0,7,0.0169517718708066,0.8206478754679362,0.259198647958261,6,0.0169517718708066,0.8206478754679362,59.96002664890073
part_003.mp4,2009,0,5,0.0174788728982093,0.8212256113688151,0.2661046346028646,5,0.0174788728982093,0.8212256113688151,59.96002664890073
part_003.mp4,2010,0,6,0.0175690100462007,0.8221754709879557,0.2713497868290654,5,0.0175690100462007,0.8221754709879557,59.96002664890073
part_003.mp4,2011,0,5,0.0182958917832487,0.8234049479166666,0.2801373799641927,5,0.0182958917832487,0.8234049479166666,59.96002664890073
part_003.mp4,2012,0,5,0.0184522377615859,0.8238867441813151,0.285498046875,5,0.0184522377615859,0.8238867441813151,59.96002664890073
part_003.mp4,2013,0,5,0.0187140460646952,0.824496078491211,0.290783295808015,5,0.0187140460646952,0.824496078491211,59.96002664890073
part_003.mp4,2014,0,3,0.019229480288258,0.8261571884155273,0.2986950627079716,3,0.019229480288258,0.8261571884155273,59.96002664890073
part_003.mp4,2015,0,3,0.0200182169520606,0.8274227142333984,0.3075919539840133,3,0.0200182169520606,0.8274227142333984,59.96002664890073
part_003.mp4,2016,0,5,0.0200116885755657,0.8278980890909831,0.3187154416684751,4,0.0200116885755657,0.8278980890909831,59.96002664890073
part_003.mp4,2017,0,4,0.0199243695367261,0.8273674647013346,0.3248575846354166,2,0.0199243695367261,0.8273674647013346,59.96002664890073
part_003.mp4,2018,0,4,0.0199927186904527,0.8280176798502604,0.3326861204924407,2,0.0199927186904527,0.8280176798502604,59.96002664890073
part_003.mp4,2019,0,4,0.0203470191772794,0.8283865610758464,0.3378662109375,2,0.0203470191772794,0.8283865610758464,59.96002664890073
part_003.mp4,2020,0,4,0.0201572593338049,0.8273058573404948,0.3491156825312861,2,0.0201572593338049,0.8273058573404948,59.96002664890073
part_003.mp4,2021,0,5,0.0201618481743045,0.8276872634887695,0.3546678472448278,3,0.0201618481743045,0.8276872634887695,59.96002664890073
part_003.mp4,2022,0,4,0.0205221816303189,0.8291754404703776,0.3603423648410373,2,0.0205221816303189,0.8291754404703776,59.96002664890073
part_003.mp4,2023,0,5,0.0206501729041553,0.8292641321818034,0.3681886884901258,3,0.0206501729041553,0.8292641321818034,59.96002664890073
part_003.mp4,2024,0,5,0.0224105995657333,0.8321592330932617,0.3835618054425275,3,0.0224105995657333,0.8321592330932617,59.96002664890073
part_003.mp4,2025,0,5,0.0227137732607985,0.8339003245035808,0.3900918466073495,3,0.0227137732607985,0.8339003245035808,59.96002664890073
part_003.mp4,2026,0,5,0.0238716762740336,0.8368803024291992,0.3959926605224609,3,0.0238716762740336,0.8368803024291992,59.96002664890073
part_003.mp4,2027,0,5,0.0243399061302059,0.8362985610961914,0.4084230211046007,3,0.0243399061302059,0.8362985610961914,59.96002664890073
part_003.mp4,2028,0,4,0.0244092580488278,0.8374162673950195,0.4220511118570964,2,0.0244092580488278,0.8374162673950195,59.96002664890073
part_003.mp4,2029,0,4,0.0246392356198339,0.838353983561198,0.4286910163031684,2,0.0246392356198339,0.838353983561198,59.96002664890073
part_003.mp4,2030,0,5,0.0253625714463743,0.8394626617431641,0.4398359651918764,2,0.0253625714463743,0.8394626617431641,59.96002664890073
part_003.mp4,2031,0,6,0.0250965441269282,0.8384010314941406,0.4512291802300347,3,0.0250965441269282,0.8384010314941406,59.96002664890073
part_003.mp4,2032,0,5,0.0268934197080078,0.8422125498453776,0.4596740863941334,3,0.0268934197080078,0.8422125498453776,59.96002664890073
part_003.mp4,2033,0,4,0.026397821930624,0.8407140731811523,0.471490407873083,2,0.026397821930624,0.8407140731811523,59.96002664890073
part_003.mp4,2034,0,5,0.0269621539878426,0.8420141220092774,0.4844546847873264,3,0.0269621539878426,0.8420141220092774,59.96002664890073
part_003.mp4,2035,0,4,0.0295954401339016,0.847202746073405,0.4955500849971064,2,0.0295954401339016,0.847202746073405,59.96002664890073
part_003.mp4,2036,0,5,0.0308676535211661,0.8500736872355144,0.5119698347868743,2,0.0308676535211661,0.8500736872355144,59.96002664890073
part_003.mp4,2037,0,5,0.0311498154704599,0.8510990778605143,0.5215544947871456,2,0.0311498154704599,0.8510990778605143,59.96002664890073
part_003.mp4,2038,0,5,0.0317096141246266,0.8505796432495117,0.5274453339753328,2,0.0317096141246266,0.8505796432495117,59.96002664890073
part_003.mp4,2039,0,5,0.0321932333376025,0.8526973724365234,0.5480614980061849,2,0.0321932333376025,0.8526973724365234,59.96002664890073
part_003.mp4,2040,0,5,0.0326522836480257,0.8524152755737304,0.5584412892659505,2,0.0326522836480257,0.8524152755737304,59.96002664890073
part_003.mp4,2041,0,5,0.032177707418725,0.8509763717651367,0.5734472486707899,2,0.032177707418725,0.8509763717651367,59.96002664890073
part_003.mp4,2042,0,6,0.0326965933013491,0.8506383895874023,0.5834442279956958,3,0.0326965933013491,0.8506383895874023,59.96002664890073
part_003.mp4,2043,0,5,0.033028767502401,0.8506752649943033,0.5971327039930555,3,0.033028767502401,0.8506752649943033,59.96002664890073
part_003.mp4,2044,0,5,0.0345028271955325,0.8550656000773112,0.6160827354148583,1,0.0005177523661404,0.7266756057739258,59.96002664890073
part_003.mp4,2045,0,5,0.0388225577047604,0.8636783599853516,0.6356286896599663,1,0.0005804211972281,0.7267673492431641,59.96002664890073
part_003.mp4,2046,0,4,0.0394694799136939,0.8661329269409179,0.6445342169867622,1,0.0004915298217545,0.7263502756754557,59.96002664890073
part_003.mp4,2047,0,5,0.0391900097687054,0.8670415878295898,0.6479776912265354,1,0.0004653342755045,0.726431147257487,59.96002664890073
part_003.mp4,2048,0,5,0.0374706419354515,0.8662805557250977,0.6585151778327094,1,0.0005230783339141,0.7266437530517578,59.96002664890073
part_003.mp4,2049,0,5,0.03754915429643,0.8665724436442057,0.660222922431098,1,0.0004650441347621,0.7260324478149414,59.96002664890073
part_003.mp4,2050,0,5,0.0364762199500142,0.8651051203409831,0.6635545942518446,1,0.0004776573034555,0.7262660980224609,59.96002664890073
part_003.mp4,2051,0,5,0.0366380334884861,0.8679376602172851,0.6740627430103443,1,0.0004607602736602,0.7259891510009766,59.96002664890073
part_003.mp4,2052,0,4,0.035969847662709,0.8678244272867839,0.6810272640652126,1,0.0004680055721352,0.7259924570719402,59.96002664890073
part_003.mp4,2053,0,5,0.0360461136927437,0.8709917068481445,0.6845890504342539,2,0.0005731504864093,0.7255757649739584,59.96002664890073
part_003.mp4,2054,0,5,0.0358522220090553,0.8730528513590495,0.6895266462255407,2,0.0010705528173518,0.7262535095214844,59.96002664890073
part_003.mp4,2055,0,5,0.0350122312401656,0.873193359375,0.6982764491328487,2,0.0008617701803773,0.7265124003092448,59.96002664890073
part_003.mp4,2056,0,5,0.0341651372996339,0.8720354080200196,0.6992911444769965,2,0.0009159262728644,0.7267238616943359,59.96002664890073
part_003.mp4,2057,0,4,0.0338488727551615,0.8741157531738282,0.703043379607024,2,0.0011707170984785,0.7265583674112955,59.96002664890073
part_003.mp4,2058,0,4,0.0327326390924281,0.8744040171305338,0.7144330413253219,2,0.0011923663948524,0.7268177032470703,59.96002664890073
part_003.mp4,2059,0,4,0.0320146387309715,0.8766108194986979,0.7240074228357386,2,0.0010981203772502,0.7266189575195312,59.96002664890073
part_003.mp4,2060,0,3,0.0304634812125004,0.87423095703125,0.7304677327473958,1,0.0005650790123682,0.7265190760294596,59.96002664890073
part_003.mp4,2061,0,4,0.0294827480191519,0.8734463373819987,0.7376302577831128,2,0.0013280839691287,0.7268049875895183,59.96002664890073
part_003.mp4,2062,0,4,0.0280748385295508,0.8718556086222331,0.7455831668995044,1,0.0006491683179046,0.7268074035644532,59.96002664890073
part_003.mp4,2063,0,4,0.0269202573179009,0.8701252619425456,0.7514230445579246,1,0.0005942935372392,0.7268348058064779,59.96002664890073
part_003.mp4,2064,0,4,0.0241632860911906,0.8649524688720703,0.7562681198120117,1,0.0005611448152059,0.7271106719970704,59.96002664890073
part_003.mp4,2065,0,5,0.0228598698962337,0.864170519510905,0.7671725802951389,1,0.0006128640840243,0.7275402069091796,59.96002664890073
part_003.mp4,2066,0,4,0.022095445722861,0.8635183334350586,0.7723086321795428,1,0.0004667054344382,0.727129872639974,59.96002664890073
part_003.mp4,2067,0,3,0.0200130605220329,0.8585065841674805,0.7826364941067165,2,0.0005707779209155,0.7270998001098633,59.96002664890073
part_003.mp4,2068,0,3,0.0186199806859561,0.8564749399820963,0.7918218259458188,2,0.0005569118564017,0.7267805735270182,59.96002664890073
part_003.mp4,2069,0,3,0.0190267623867354,0.862075678507487,0.8009895324707031,2,0.0005704433637826,0.7268593470255534,59.96002664890073
part_003.mp4,2070,0,6,0.017853982846694,0.8621053695678711,0.811467530992296,3,0.000886097139446,0.726429812113444,59.96002664890073
part_003.mp4,2071,0,4,0.0168778410216327,0.8610771814982097,0.8193253411187066,3,0.0007573385016035,0.7269428253173829,59.96002664890073
part_003.mp4,2072,0,4,0.0161230413432834,0.8628795623779297,0.8301704406738282,2,0.0005662765819579,0.7265569686889648,59.96002664890073
part_003.mp4,2073,0,4,0.0154491056675518,0.8655145645141602,0.8398949517144098,2,0.000567413477434,0.726064936319987,59.96002664890073
part_003.mp4,2074,0,3,0.0138342140196982,0.8646853129069011,0.8541760126749675,2,0.0005724350214263,0.7274393717447917,59.96002664890073
part_003.mp4,2075,0,3,0.012999324532265,0.863682746887207,0.8605895854808666,2,0.0005771030012207,0.7272086461385091,59.96002664890073
part_003.mp4,2076,0,4,0.0118259945553897,0.8652170181274415,0.8731609132554796,3,0.0007075009733671,0.7277872085571289,59.96002664890073
part_003.mp4,2077,0,4,0.010697793272686,0.8667099634806316,0.8839623769124348,3,0.0006974041749749,0.7278249740600586,59.96002664890073
part_003.mp4,2078,0,5,0.0096639401210349,0.8676586786905924,0.8948564741346571,4,0.0011670953582506,0.7278196334838867,59.96002664890073
part_003.mp4,2079,0,4,0.0086969248213426,0.8687369028727213,0.905450948079427,2,0.0005473417870881,0.7277462641398112,59.96002664890073
part_003.mp4,2080,0,5,0.0073133866115434,0.868309211730957,0.91837068133884,3,0.0012593957799253,0.7540608088175456,59.96002664890073
part_003.mp4,2081,0,5,0.0056482955355729,0.8664333979288737,0.9297747956381904,3,0.0015289715440788,0.7580395380655924,59.96002664890073
part_003.mp4,2082,0,4,0.0038550498918353,0.8541322708129883,0.9414445559183756,2,0.0006130845734151,0.7278562545776367,59.96002664890073
part_003.mp4,2083,0,4,0.0025400048368234,0.8494342803955078,0.9540832546022204,2,0.0006133830837508,0.7276503880818684,59.96002664890073
part_003.mp4,2084,0,3,0.0011708184311929,0.7205536524454753,0.8311586168077257,2,0.0005219657764407,0.7275866190592448,59.96002664890073
part_003.mp4,2085,0,2,0.0005173595172904,0.7278592427571614,0.4626269870334201,2,0.0005173595172904,0.7278592427571614,59.96002664890073
part_003.mp4,2086,0,3,0.0010982732253614,0.7199108123779296,0.8223130967881944,2,0.0005299814231693,0.7276909510294597,59.96002664890073
part_003.mp4,2087,0,2,0.0005769459738749,0.7278461456298828,0.4629594025788484,2,0.0005769459738749,0.7278461456298828,59.96002664890073
part_003.mp4,2088,0,1,0.0005506597921743,0.7244691848754883,0.547929212782118,1,0.0005506597921743,0.7244691848754883,59.96002664890073
part_003.mp4,2089,0,2,0.0005490353813446,0.7244537353515625,0.5468800862630209,2,0.0005490353813446,0.7268248240152995,59.96002664890073
part_003.mp4,2090,0,2,0.0005201974329409,0.7240379969278972,0.5470911096643518,2,0.0005201974329409,0.7270685195922851,59.96002664890073
part_003.mp4,2091,0,2,0.0005375955462093,0.7267723083496094,0.451372386791088,2,0.0005375955462093,0.7267723083496094,59.96002664890073
part_003.mp4,2092,0,3,0.0009584485240823,0.7490020751953125,0.2251903392650463,3,0.0009584485240823,0.7490020751953125,59.96002664890073
part_003.mp4,2093,0,2,0.0005170505384254,0.7239044189453125,0.541226139775029,2,0.0005170505384254,0.7265763600667318,59.96002664890073
part_003.mp4,2094,0,2,0.0004747969243908,0.7239807764689128,0.5351890846535011,2,0.0004747969243908,0.727215067545573,59.96002664890073
part_003.mp4,2095,0,2,0.0005345061581465,0.727260971069336,0.4486429285120081,2,0.0005345061581465,0.727260971069336,59.96002664890073
part_003.mp4,2096,0,3,0.0009370708955382,0.7179796854654948,0.7928700764973958,2,0.000498602261327,0.7279167811075846,59.96002664890073
part_003.mp4,2097,0,4,0.0016178892713247,0.7243126551310222,0.8024302164713542,2,0.0005553117541475,0.7275713602701823,59.96002664890073
part_003.mp4,2098,0,5,0.0015784236675352,0.7242449442545573,0.8034627278645833,3,0.0007399106402105,0.7266000111897787,59.96002664890073
part_003.mp4,2099,0,2,0.0009328096537501,0.7185638427734375,0.7882980346679688,1,0.0005245345675696,0.7248977661132813,59.96002664890073
part_003.mp4,2100,0,3,0.0009649492699989,0.7186893463134766,0.7880801730685764,2,0.0005246933161591,0.7268238067626953,59.96002664890073
part_003.mp4,2101,0,3,0.0009232913875732,0.7187025070190429,0.7840072631835937,2,0.0005331799810907,0.7266365051269531,59.96002664890073
part_003.mp4,2102,0,2,0.0009472895888352,0.7184158325195312,0.7835528903537327,1,0.0005411116354581,0.7267422358194987,59.96002664890073
part_003.mp4,2103,0,2,0.0005099644716311,0.7242839813232422,0.5142140706380208,2,0.0005099644716311,0.7267286300659179,59.96002664890073
part_003.mp4,2104,0,1,0.0004867851311616,0.7267086029052734,0.4322591145833333,1,0.0004867851311616,0.7267086029052734,59.96002664890073
part_003.mp4,2105,0,1,0.0005629404267529,0.7262003580729167,0.4342993842230903,1,0.0005629404267529,0.7262003580729167,59.96002664890073
part_003.mp4,2106,0,2,0.0005274287145584,0.7258693059285481,0.429875013563368,2,0.0005274287145584,0.7258693059285481,59.96002664890073
part_003.mp4,2107,0,2,0.0004935620444787,0.7256767272949218,0.4264602661132812,2,0.0004935620444787,0.7256767272949218,59.96002664890073
part_003.mp4,2108,0,2,0.0004433994071937,0.7255777359008789,0.4252239086009838,2,0.0004433994071937,0.7255777359008789,59.96002664890073
part_003.mp4,2109,0,2,0.0004557139528009,0.7227904001871744,0.5065022786458333,2,0.0004557139528009,0.72523619333903,59.96002664890073
part_003.mp4,2110,0,2,0.0004650988347647,0.7225849787394206,0.5048431396484375,2,0.0004650988347647,0.7248884836832682,59.96002664890073
part_003.mp4,2111,0,2,0.0004843824887993,0.7222153981526692,0.5056223551432292,2,0.0004843824887993,0.7244850794474283,59.96002664890073
part_003.mp4,2112,0,2,0.0005074534351782,0.7222479502360026,0.5056942409939236,2,0.0005074534351782,0.724462381998698,59.96002664890073
part_003.mp4,2113,0,1,0.0005490567801623,0.724461046854655,0.4229094893844039,1,0.0005490567801623,0.724461046854655,59.96002664890073
part_003.mp4,2114,0,1,0.0005611347189793,0.7242328643798828,0.4217749701605903,1,0.0005611347189793,0.7242328643798828,59.96002664890073
part_003.mp4,2115,0,1,0.0005806343851145,0.7244430541992187,0.4214253743489583,1,0.0005806343851145,0.7244430541992187,59.96002664890073
part_003.mp4,2116,0,3,0.0013570292222235,0.7212208429972331,0.7574591177481192,1,0.000503607688006,0.7243216196695964,59.96002664890073
part_003.mp4,2117,0,3,0.0012327300175093,0.7208651224772136,0.7497175428602431,1,0.0005576680469029,0.7239128112792969,59.96002664890073
part_003.mp4,2118,0,2,0.0007794907220522,0.71668701171875,0.7398829142252604,1,0.0004954797499037,0.7240407307942708,59.96002664890073
part_003.mp4,2119,0,2,0.0008526581644804,0.7170690536499024,0.7390479193793402,1,0.0004603972777517,0.7236300150553385,59.96002664890073
part_003.mp4,2120,0,2,0.0007578122036647,0.7165043512980144,0.7368333039460359,1,0.0004197977927591,0.7234257380167644,59.96002664890073
part_003.mp4,2121,0,2,0.000815391606884,0.7171194076538085,0.7364857991536459,1,0.0004131800299122,0.7232423782348633,59.96002664890073
part_003.mp4,2122,0,2,0.0008404111857008,0.7173854827880859,0.7339908175998264,1,0.0004023146605403,0.7236774444580079,59.96002664890073
part_003.mp4,2123,0,2,0.000422154516596,0.7208602905273438,0.4784540812174479,2,0.000422154516596,0.7235793431599935,59.96002664890073
part_003.mp4,2124,0,1,0.000435096362942,0.7229005813598632,0.4024388631184896,1,0.000435096362942,0.7229005813598632,59.96002664890073
part_003.mp4,2125,0,2,0.0005116277006972,0.7227549235026042,0.4034759521484375,2,0.0005116277006972,0.723430061340332,59.96002664890073
part_003.mp4,2126,0,1,0.0004723635379923,0.7234302520751953,0.3909427218967014,1,0.0004723635379923,0.7234302520751953,59.96002664890073
part_003.mp4,2127,0,1,0.000488425604999,0.7237382888793945,0.3899464925130208,1,0.000488425604999,0.7237382888793945,59.96002664890073
part_003.mp4,2128,0,1,0.0022451968687905,0.7566024780273437,0.2277932061089409,1,0.0022451968687905,0.7566024780273437,59.96002664890073
part_003.mp4,2129,0,3,0.0023714456107376,0.7561973571777344,0.2239620632595486,3,0.0023714456107376,0.7561973571777344,59.96002664890073
part_003.mp4,2130,0,3,0.0021491218241,0.7531847635904948,0.2256698608398437,2,0.0021491218241,0.7531847635904948,59.96002664890073
part_003.mp4,2131,0,1,0.0023577317362004,0.7526958465576172,0.2194188435872396,1,0.0023577317362004,0.7526958465576172,59.96002664890073
part_003.mp4,2132,0,0,0.0,0.0,0.0,0,0.0,0.0,59.96002664890073
part_003.mp4,2133,0,1,0.000472689150936,0.7224931716918945,0.3837714301215277,1,0.000472689150936,0.7224931716918945,59.96002664890073
part_003.mp4,2134,0,0,0.0,0.0,0.0,0,0.0,0.0,59.96002664890073
part_003.mp4,2135,0,1,0.0004200598011569,0.7224419275919597,0.3750111332646123,1,0.0004200598011569,0.7224419275919597,59.96002664890073
part_003.mp4,2136,0,1,0.0004177989403574,0.7225422541300456,0.3722014815719039,1,0.0004177989403574,0.7225422541300456,59.96002664890073
part_003.mp4,2137,0,0,0.0,0.0,0.0,0,0.0,0.0,59.96002664890073
part_003.mp4,2138,0,1,0.000460738126389,0.7221913019816081,0.3694849650065104,1,0.000460738126389,0.7221913019816081,59.96002664890073
part_003.mp4,2139,0,1,0.0004118152303595,0.7220830917358398,0.366623376916956,1,0.0004118152303595,0.7220830917358398,59.96002664890073
part_003.mp4,2140,0,0,0.0,0.0,0.0,0,0.0,0.0,59.96002664890073
part_003.mp4,2141,0,2,0.0020265043059933,0.7488344192504883,0.2261271158854166,2,0.0020265043059933,0.7488344192504883,59.96002664890073
part_003.mp4,2142,0,0,0.0,0.0,0.0,0,0.0,0.0,59.96002664890073
part_003.mp4,2143,0,1,0.0005008609590327,0.7213651021321614,0.3670878092447917,1,0.0005008609590327,0.7213651021321614,59.96002664890073
part_003.mp4,2144,0,4,0.0011857650137648,0.7413841247558594,0.242486572265625,3,0.0011857650137648,0.7463743209838867,59.96002664890073
part_003.mp4,2145,0,3,0.000989556648527,0.7463457107543945,0.2634453667534722,1,0.000989556648527,0.7463457107543945,59.96002664890073
part_003.mp4,2146,0,2,0.000921043556882,0.7447007497151693,0.2667970445421007,1,0.000921043556882,0.7447007497151693,59.96002664890073
part_003.mp4,2147,0,3,0.0017780701515719,0.7444897969563802,0.2297787984212239,3,0.0017780701515719,0.7452810923258464,59.96002664890073
part_003.mp4,2148,0,3,0.0018809066743415,0.7454154968261719,0.2305410597059461,3,0.0018809066743415,0.7456531524658203,59.96002664890073
part_003.mp4,2149,0,3,0.0019204234180991,0.7465794245402019,0.2335768805609809,3,0.0019204234180991,0.7465794245402019,59.96002664890073
part_003.mp4,2150,0,3,0.0017430971220137,0.7451076507568359,0.2348190590187355,3,0.0017430971220137,0.7451076507568359,59.96002664890073
part_003.mp4,2151,0,2,0.0009147097563793,0.742930793762207,0.2668474833170572,2,0.0009147097563793,0.742930793762207,59.96002664890073
part_003.mp4,2152,0,4,0.0017185452498961,0.7440502802530925,0.2356229146321614,4,0.0017185452498961,0.7440502802530925,59.96002664890073
part_003.mp4,2153,0,3,0.0021552794375101,0.7473864237467448,0.2313748112431279,3,0.0021552794375101,0.7473864237467448,59.96002664890073
part_003.mp4,2154,0,3,0.0024095346619961,0.7492321014404297,0.2316112942165798,3,0.0024095346619961,0.7492321014404297,59.96002664890073
part_003.mp4,2155,0,2,0.0023794946509749,0.7485538482666015,0.2312806871202257,2,0.0023794946509749,0.7485538482666015,59.96002664890073
part_003.mp4,2156,0,3,0.0023193196832047,0.7483512878417968,0.2295422024197048,3,0.0023193196832047,0.7483512878417968,59.96002664890073
part_003.mp4,2157,0,3,0.0022258440171652,0.7473073959350586,0.2304026285807291,3,0.0022258440171652,0.7473073959350586,59.96002664890073
part_003.mp4,2158,0,3,0.0021395324975148,0.7462186813354492,0.23109130859375,3,0.0021395324975148,0.7462186813354492,59.96002664890073
part_003.mp4,2159,0,2,0.0021665751004022,0.7463020960489909,0.2324389987521701,2,0.0021665751004022,0.7463020960489909,59.96002664890073
part_003.mp4,2160,0,3,0.0022120752237323,0.747365125020345,0.2349343193901909,3,0.0022120752237323,0.747365125020345,59.96002664890073
part_003.mp4,2161,0,3,0.002336389021161,0.7494234085083008,0.2400743272569444,3,0.002336389021161,0.7494234085083008,59.96002664890073
part_003.mp4,2162,0,3,0.0023953910269483,0.7498622258504232,0.2410101148817274,3,0.0023953910269483,0.7498622258504232,59.96002664890073
part_003.mp4,2163,0,4,0.0024294441594975,0.7497808456420898,0.2412026299370659,4,0.0024294441594975,0.7497808456420898,59.96002664890073
part_003.mp4,2164,0,5,0.0023766594654363,0.7478897730509441,0.2406850179036458,4,0.0023766594654363,0.7478897730509441,59.96002664890073
part_003.mp4,2165,0,4,0.0022839702026599,0.7470605850219727,0.2432807922363281,4,0.0022839702026599,0.7470605850219727,59.96002664890073
part_003.mp4,2166,0,5,0.0022246018069886,0.7464160283406576,0.2440704345703125,4,0.0022246018069886,0.7464160283406576,59.96002664890073
part_003.mp4,2167,0,6,0.0023380271844669,0.7490472793579102,0.2475940280490451,5,0.0023380271844669,0.7490472793579102,59.96002664890073
part_003.mp4,2168,0,5,0.0012855440376572,0.74193115234375,0.2674414740668402,4,0.0012855440376572,0.74193115234375,59.96002664890073
part_003.mp4,2169,0,3,0.0016906619589307,0.7423786163330078,0.2486055444788049,3,0.0016906619589307,0.7423786163330078,59.96002664890073
part_003.mp4,2170,0,2,0.0018206276121135,0.742100207010905,0.2453180948893229,2,0.0018206276121135,0.742100207010905,59.96002664890073
part_003.mp4,2171,0,5,0.0017822019383311,0.7406959533691406,0.2451273035120081,4,0.0017822019383311,0.7406959533691406,59.96002664890073
part_003.mp4,2172,0,7,0.0021906439508893,0.7442974090576172,0.2405633714463975,6,0.0021906439508893,0.7442974090576172,59.96002664890073
part_003.mp4,2173,0,5,0.002145169811362,0.7439359029134115,0.2411251491970486,4,0.002145169811362,0.7439359029134115,59.96002664890073
part_003.mp4,2174,0,5,0.0021204587630604,0.7438695271809895,0.2413398742675781,4,0.0021204587630604,0.7438695271809895,59.96002664890073
part_003.mp4,2175,0,6,0.0022810376228557,0.7466922124226888,0.2414689805772569,5,0.0022810376228557,0.7466922124226888,59.96002664890073
part_003.mp4,2176,0,5,0.0022836180263052,0.746870485941569,0.2410746256510416,4,0.0022836180263052,0.746870485941569,59.96002664890073
part_003.mp4,2177,0,5,0.0022872192855639,0.7467550277709961,0.2402945624457465,4,0.0022872192855639,0.7467550277709961,59.96002664890073
part_003.mp4,2178,0,5,0.0022521224860166,0.7466803232828776,0.2405598958333333,4,0.0022521224860166,0.7466803232828776,59.96002664890073
part_003.mp4,2179,0,4,0.0022347997981705,0.7466246287027994,0.2417488098144531,3,0.0022347997981705,0.7466246287027994,59.96002664890073
part_003.mp4,2180,0,4,0.0021584753376157,0.7465890884399414,0.2429822285970052,3,0.0021584753376157,0.7465890884399414,59.96002664890073
part_003.mp4,2181,0,5,0.0017012751661241,0.7413906733194987,0.2483591715494791,4,0.0017012751661241,0.7413906733194987,59.96002664890073
part_003.mp4,2182,0,3,0.0018694912461473,0.7434314727783203,0.2476982964409722,2,0.0018694912461473,0.7434314727783203,59.96002664890073
part_003.mp4,2183,0,5,0.0018704949013449,0.7429361343383789,0.2460126523618344,5,0.0018704949013449,0.7429361343383789,59.96002664890073
part_003.mp4,2184,0,5,0.001833833116042,0.7426973978678385,0.2451419689037181,5,0.001833833116042,0.7426973978678385,59.96002664890073
part_003.mp4,2185,0,5,0.0017519293187608,0.7423181533813477,0.2471220510977285,4,0.0017519293187608,0.7423181533813477,59.96002664890073
part_003.mp4,2186,0,5,0.0017764290052905,0.7431396484375,0.2485736423068576,4,0.0017764290052905,0.7431396484375,59.96002664890073
part_003.mp4,2187,0,2,0.0018204856604926,0.7441947301228841,0.2495331658257378,2,0.0018204856604926,0.7441947301228841,59.96002664890073
part_003.mp4,2188,0,1,0.0017279740940365,0.743596076965332,0.2500217013888889,1,0.0017279740940365,0.743596076965332,59.96002664890073
part_003.mp4,2189,0,1,0.0017592843693974,0.7439598083496094,0.2491192287868923,1,0.0017592843693974,0.7439598083496094,59.96002664890073
part_003.mp4,2190,0,1,0.0017870324168082,0.7439211527506511,0.24830322265625,1,0.0017870324168082,0.7439211527506511,59.96002664890073
part_003.mp4,2191,0,1,0.0017574248582726,0.7436071395874023,0.2481001959906684,1,0.0017574248582726,0.7436071395874023,59.96002664890073
part_003.mp4,2192,0,2,0.0017406244097381,0.7432718276977539,0.2473793877495659,2,0.0017406244097381,0.7432718276977539,59.96002664890073
part_003.mp4,2193,0,1,0.0016853228621281,0.7429791132609049,0.245691172281901,1,0.0016853228621281,0.7429791132609049,59.96002664890073
part_003.mp4,2194,0,3,0.0014287295039846,0.7410666147867838,0.2499643961588541,2,0.0014287295039846,0.7410666147867838,59.96002664890073
part_003.mp4,2195,0,2,0.0013053155114175,0.7096797943115234,0.6112136275679977,1,0.0004892838782527,0.7114967346191406,59.96002664890073
part_003.mp4,2196,0,1,0.0004778133626678,0.7112595240275065,0.3807223284686053,1,0.0004778133626678,0.7112595240275065,59.96002664890073
part_003.mp4,2197,0,2,0.0010461107055824,0.7390837987263997,0.2572499593098958,2,0.0010461107055824,0.7390837987263997,59.96002664890073
part_003.mp4,2198,0,2,0.0011006362690952,0.7388912200927734,0.2529664781358507,2,0.0011006362690952,0.7388912200927734,59.96002664890073
part_003.mp4,2199,0,2,0.0011675070555712,0.7390669504801433,0.2466610378689236,2,0.0011675070555712,0.7390669504801433,59.96002664890073
part_003.mp4,2200,0,2,0.0012220116579879,0.7395589828491211,0.245253668891059,2,0.0012220116579879,0.7395589828491211,59.96002664890073
part_003.mp4,2201,0,2,0.0013824762669779,0.7396504084269205,0.2368984646267361,2,0.0013824762669779,0.7396504084269205,59.96002664890073
part_003.mp4,2202,0,1,0.0012539184987933,0.7391477584838867,0.2399797227647569,1,0.0012539184987933,0.7391477584838867,59.96002664890073
part_003.mp4,2203,0,2,0.0012322406211751,0.7377922058105468,0.2381464640299479,2,0.0012322406211751,0.7377922058105468,59.96002664890073
part_003.mp4,2204,0,3,0.0012028339723797,0.7377094904581706,0.2355534871419271,3,0.0012028339723797,0.7377094904581706,59.96002664890073
part_003.mp4,2205,0,3,0.0011529524967772,0.737397829691569,0.2368794759114583,3,0.0011529524967772,0.737397829691569,59.96002664890073
part_003.mp4,2206,0,4,0.0010750302206724,0.7374273935953776,0.2387912326388888,4,0.0010750302206724,0.7374273935953776,59.96002664890073
part_003.mp4,2207,0,4,0.0010805860948231,0.7372133255004882,0.2380735609266493,4,0.0010805860948231,0.7372133255004882,59.96002664890073
part_003.mp4,2208,0,4,0.0010884352026429,0.7372332255045573,0.2356562296549479,4,0.0010884352026429,0.7372332255045573,59.96002664890073
part_003.mp4,2209,0,3,0.0010211472438014,0.7368895212809244,0.2402235525625723,3,0.0010211472438014,0.7368895212809244,59.96002664890073
part_003.mp4,2210,0,3,0.0009887836861889,0.7365200678507487,0.2434598286946614,3,0.0009887836861889,0.7365200678507487,59.96002664890073
part_003.mp4,2211,0,4,0.0009640650947888,0.7362957636515299,0.2417865329318576,4,0.0009640650947888,0.7362957636515299,59.96002664890073
part_003.mp4,2212,0,4,0.00093260529713,0.736676025390625,0.2399084303114149,4,0.00093260529713,0.736676025390625,59.96002664890073
part_003.mp4,2213,0,4,0.0008846776225254,0.736575698852539,0.2374993218315972,4,0.0008846776225254,0.736575698852539,59.96002664890073
part_003.mp4,2214,0,4,0.0008786366010058,0.7370080312093099,0.2371005588107639,4,0.0008786366010058,0.7370080312093099,59.96002664890073
part_003.mp4,2215,0,4,0.0008307535650588,0.7366674423217774,0.2337357697663483,4,0.0008307535650588,0.7366674423217774,59.96002664890073
part_003.mp4,2216,0,4,0.0008519013535502,0.7368867874145508,0.2317666230378327,4,0.0008519013535502,0.7368867874145508,59.96002664890073
part_003.mp4,2217,0,4,0.0009973624815756,0.7384765625,0.2247079072175202,4,0.0009973624815756,0.7384765625,59.96002664890073
part_003.mp4,2218,0,3,0.0009482677824659,0.7380214691162109,0.2245638529459635,3,0.0009482677824659,0.7380214691162109,59.96002664890073
part_003.mp4,2219,0,2,0.001044632994324,0.7384262720743815,0.2197297837999132,2,0.001044632994324,0.7384262720743815,59.96002664890073
part_003.mp4,2220,0,1,0.0010870865925055,0.7380414962768554,0.2086056179470486,1,0.0010870865925055,0.7380414962768554,59.96002664890073
part_003.mp4,2221,0,1,0.001062591244085,0.7376594543457031,0.2059794108072916,1,0.001062591244085,0.7376594543457031,59.96002664890073
part_003.mp4,2222,0,0,0.0,0.0,0.0,0,0.0,0.0,59.96002664890073
part_003.mp4,2223,0,0,0.0,0.0,0.0,0,0.0,0.0,59.96002664890073
part_003.mp4,2224,0,0,0.0,0.0,0.0,0,0.0,0.0,59.96002664890073
part_003.mp4,2225,0,0,0.0,0.0,0.0,0,0.0,0.0,59.96002664890073
part_003.mp4,2226,0,1,0.0010397200258793,0.7381490707397461,0.2003780788845486,1,0.0010397200258793,0.7381490707397461,59.96002664890073
part_003.mp4,2227,0,1,0.001013008338244,0.7384045282999675,0.1985319349500868,1,0.001013008338244,0.7384045282999675,59.96002664890073
part_003.mp4,2228,0,2,0.0015684952726156,0.7069115320841471,0.6120218912760417,1,0.0009771748348915,0.738614018758138,59.96002664890073
part_003.mp4,2229,0,1,0.0014973470595173,0.7067087173461915,0.6133170233832466,0,0.0,0.0,59.96002664890073
part_003.mp4,2230,0,1,0.0015949332426923,0.7067761103312175,0.6153876410590278,0,0.0,0.0,59.96002664890073
part_003.mp4,2231,0,2,0.0016467654588632,0.7066649754842123,0.6157267252604167,1,0.0009166763774475,0.7384925206502279,59.96002664890073
part_003.mp4,2232,0,1,0.0014794585108757,0.7065184275309245,0.6138441297743056,0,0.0,0.0,59.96002664890073
part_003.mp4,2233,0,1,0.001361569854931,0.7067169189453125,0.6159525553385417,0,0.0,0.0,59.96002664890073
part_003.mp4,2234,0,1,0.0013583939245263,0.7068560282389323,0.617969258626302,0,0.0,0.0,59.96002664890073
part_003.mp4,2235,0,0,0.0,0.0,0.0,0,0.0,0.0,59.96002664890073
part_003.mp4,2236,0,1,0.0006168257460619,0.7104332605997722,0.4234622531467014,1,0.0006168257460619,0.7104332605997722,59.96002664890073
part_003.mp4,2237,0,3,0.0014107877331682,0.7064201990763347,0.6201440881799769,2,0.0012420641176868,0.7104648590087891,59.96002664890073
part_003.mp4,2238,0,3,0.0015275554567536,0.7066551208496094,0.6204687613028067,2,0.0012752042153281,0.710987917582194,59.96002664890073
part_003.mp4,2239,0,2,0.0011583689928132,0.7110198974609375,0.4540232340494791,2,0.0011583689928132,0.7110198974609375,59.96002664890073
part_003.mp4,2240,0,2,0.0013111825077794,0.711526362101237,0.4571347837094907,2,0.0013111825077794,0.711526362101237,59.96002664890073
part_003.mp4,2241,0,2,0.0012940768705448,0.7051592508951823,0.62169189453125,1,0.0012551922168091,0.7116108576456706,59.96002664890073
part_003.mp4,2242,0,2,0.001328225481298,0.7048720041910808,0.6266625298394097,1,0.0010472884966293,0.7113019307454427,59.96002664890073
part_003.mp4,2243,0,2,0.0010649981260023,0.7113157272338867,0.4644232855902778,2,0.0010649981260023,0.7118340174357096,59.96002664890073
part_003.mp4,2244,0,0,0.0,0.0,0.0,0,0.0,0.0,59.96002664890073
part_003.mp4,2245,0,1,0.0011963524908491,0.7444112141927083,0.1453123304578993,1,0.0011963524908491,0.7444112141927083,59.96002664890073
part_003.mp4,2246,0,2,0.0013524553641521,0.7035268783569336,0.6413896348741319,1,0.0010219981799794,0.7436867396036784,59.96002664890073
part_003.mp4,2247,0,1,0.0011808280529523,0.7448904673258464,0.1423073097511574,1,0.0011808280529523,0.7448904673258464,59.96002664890073
part_003.mp4,2248,0,3,0.0018713449488859,0.7136144638061523,0.4489579942491319,3,0.0018713449488859,0.7432001113891602,59.96002664890073
part_003.mp4,2249,0,1,0.0019574003524569,0.7141193389892578,0.4454906887478299,1,0.0019574003524569,0.7141193389892578,59.96002664890073
part_003.mp4,2250,0,2,0.0020060577468636,0.714457639058431,0.4406422932942708,1,0.0020060577468636,0.714457639058431,59.96002664890073
part_003.mp4,2251,0,2,0.0016751222205412,0.7139250437418619,0.4374409428349248,1,0.0016751222205412,0.7139250437418619,59.96002664890073
part_003.mp4,2252,0,2,0.0016811088203556,0.7143788019816081,0.4278454250759548,1,0.0016811088203556,0.7143788019816081,59.96002664890073
part_003.mp4,2253,0,0,0.0,0.0,0.0,0,0.0,0.0,59.96002664890073
part_003.mp4,2254,0,0,0.0,0.0,0.0,0,0.0,0.0,59.96002664890073
part_003.mp4,2255,0,2,0.0014131600448551,0.7037416458129883,0.6591807047526042,1,0.0007556070255426,0.7392929712931315,59.96002664890073
part_003.mp4,2256,0,2,0.0014104872131375,0.7035744984944662,0.6614122178819445,1,0.000964588259295,0.713772964477539,59.96002664890073
part_003.mp4,2257,0,1,0.0013891885661157,0.7043170293172201,0.6625608656141493,0,0.0,0.0,59.96002664890073
part_003.mp4,2258,0,2,0.0013779211116747,0.7042408625284831,0.6638231065538195,1,0.0009835305346253,0.7136045455932617,59.96002664890073
part_003.mp4,2259,0,3,0.0013871434521732,0.7043348948160807,0.6658593071831598,2,0.0008353380908859,0.7433946609497071,59.96002664890073
part_003.mp4,2260,0,1,0.0013560143163151,0.7047170639038086,0.6690290662977431,0,0.0,0.0,59.96002664890073
part_003.mp4,2261,0,1,0.0015974459729881,0.7055920282999675,0.6644327799479167,0,0.0,0.0,59.96002664890073
part_003.mp4,2262,0,0,0.0,0.0,0.0,0,0.0,0.0,59.96002664890073
part_003.mp4,2263,0,0,0.0,0.0,0.0,0,0.0,0.0,59.96002664890073
part_003.mp4,2264,0,2,0.0018635436080189,0.7058713277180989,0.6752539740668403,1,0.0012352638127696,0.7145769755045573,59.96002664890073
part_003.mp4,2265,0,2,0.0016269460799069,0.7042461395263672,0.6847542091652199,1,0.0010421454616718,0.7146238327026367,59.96002664890073
part_003.mp4,2266,0,1,0.0009600833443174,0.7146823883056641,0.4588821411132812,1,0.0009600833443174,0.7146823883056641,59.96002664890073
part_003.mp4,2267,0,1,0.0009796730242669,0.7153753916422526,0.4585110134548611,1,0.0009796730242669,0.7153753916422526,59.96002664890073
part_003.mp4,2268,0,1,0.0010918901358187,0.7159698486328125,0.4634440104166666,1,0.0010918901358187,0.7159698486328125,59.96002664890073
part_003.mp4,2269,0,1,0.0013732558297407,0.7172529220581054,0.4622317843967014,1,0.0013732558297407,0.7172529220581054,59.96002664890073
part_003.mp4,2270,0,1,0.0010722538763851,0.7163143793741862,0.4610553317599826,1,0.0010722538763851,0.7163143793741862,59.96002664890073
part_003.mp4,2271,0,1,0.0008772717609665,0.7148006439208985,0.4667990225332755,1,0.0008772717609665,0.7148006439208985,59.96002664890073
part_003.mp4,2272,0,0,0.0,0.0,0.0,0,0.0,0.0,59.96002664890073
part_003.mp4,2273,0,0,0.0,0.0,0.0,0,0.0,0.0,59.96002664890073
part_003.mp4,2274,0,0,0.0,0.0,0.0,0,0.0,0.0,59.96002664890073
part_003.mp4,2275,0,1,0.0015502429586679,0.7054382960001627,0.6982937282986111,0,0.0,0.0,59.96002664890073
part_003.mp4,2276,0,1,0.0015195457441559,0.7051646550496419,0.7017903645833333,0,0.0,0.0,59.96002664890073
part_003.mp4,2277,0,1,0.0015977092203037,0.7056951522827148,0.7067895959924768,0,0.0,0.0,59.96002664890073
part_003.mp4,2278,0,0,0.0,0.0,0.0,0,0.0,0.0,59.96002664890073
part_003.mp4,2279,0,0,0.0,0.0,0.0,0,0.0,0.0,59.96002664890073
part_003.mp4,2280,0,0,0.0,0.0,0.0,0,0.0,0.0,59.96002664890073
part_003.mp4,2281,0,1,0.0012735726661048,0.7040267944335937,0.7308220757378472,0,0.0,0.0,59.96002664890073
part_003.mp4,2282,0,1,0.0013539528372671,0.7048485438028972,0.736065673828125,0,0.0,0.0,59.96002664890073
part_003.mp4,2283,0,0,0.0,0.0,0.0,0,0.0,0.0,59.96002664890073
part_003.mp4,2284,0,0,0.0,0.0,0.0,0,0.0,0.0,59.96002664890073
part_003.mp4,2285,0,1,0.0025047245079379,0.7101317087809245,0.7131265710901331,0,0.0,0.0,59.96002664890073
part_003.mp4,2286,0,1,0.0023301202847829,0.7103037516276042,0.7150448269314236,0,0.0,0.0,59.96002664890073
part_003.mp4,2287,0,0,0.0,0.0,0.0,0,0.0,0.0,59.96002664890073
part_003.mp4,2288,0,2,0.0016864842204894,0.7092408498128255,0.7411346435546875,1,0.0015903069713385,0.7274574915568034,59.96002664890073
part_003.mp4,2289,0,1,0.0016438573951988,0.7093269983927409,0.7440453423394098,0,0.0,0.0,59.96002664890073
part_003.mp4,2290,0,0,0.0,0.0,0.0,0,0.0,0.0,59.96002664890073
part_003.mp4,2291,0,1,0.0018403393013351,0.7103480021158854,0.7397528754340278,0,0.0,0.0,59.96002664890073
part_003.mp4,2292,0,1,0.0016816489608027,0.7105945587158203,0.747265625,0,0.0,0.0,59.96002664890073
part_003.mp4,2293,0,1,0.0017785086875341,0.7115354537963867,0.74249267578125,0,0.0,0.0,59.96002664890073
part_003.mp4,2294,0,1,0.0017060252443318,0.7116722742716471,0.7418307834201389,0,0.0,0.0,59.96002664890073
part_003.mp4,2295,0,1,0.0018201118190255,0.712465476989746,0.7386925591362847,0,0.0,0.0,59.96002664890073
part_003.mp4,2296,0,2,0.0018759601739994,0.7290470759073894,0.4290482697663483,1,0.0018759601739994,0.7290470759073894,59.96002664890073
part_003.mp4,2297,0,1,0.0016109828859205,0.7115507125854492,0.7448513454861111,0,0.0,0.0,59.96002664890073
part_003.mp4,2298,0,0,0.0,0.0,0.0,0,0.0,0.0,59.96002664890073
part_003.mp4,2299,0,1,0.0020891803210489,0.7133515040079753,0.7293975830078125,0,0.0,0.0,59.96002664890073
part_003.mp4,2300,0,1,0.0019867130844957,0.7137044270833334,0.7261820475260417,0,0.0,0.0,59.96002664890073
part_003.mp4,2301,0,1,0.0019968548172619,0.7145327250162761,0.7257012261284722,0,0.0,0.0,59.96002664890073
part_003.mp4,2302,0,0,0.0,0.0,0.0,0,0.0,0.0,59.96002664890073
part_003.mp4,2303,0,1,0.0021256665734108,0.7151119867960612,0.7286897447374132,0,0.0,0.0,59.96002664890073
part_003.mp4,2304,0,1,0.0017322385205059,0.7154407501220703,0.7398773193359375,0,0.0,0.0,59.96002664890073
part_003.mp4,2305,0,2,0.0018361521206356,0.7158586502075195,0.7417149861653646,1,0.0017340537788666,0.7339008967081706,59.96002664890073
part_003.mp4,2306,0,2,0.0015673616481298,0.7158472696940105,0.7456828929759838,1,0.0014318372258437,0.7338009516398112,59.96002664890073
part_003.mp4,2307,0,2,0.0017813738885646,0.7165396372477214,0.7406837745949074,1,0.0016229696915036,0.7342979431152343,59.96002664890073
part_003.mp4,2308,0,3,0.0022039024456171,0.7186050415039062,0.7234520806206597,1,0.0017160162096843,0.734234110514323,59.96002664890073
part_003.mp4,2309,0,3,0.0023548208727152,0.7196226755777995,0.7229929040979456,1,0.0017427099318916,0.7351008097330729,59.96002664890073
part_003.mp4,2310,0,3,0.0030901922592117,0.7208859761555989,0.7359878540039062,1,0.0019535279165332,0.7357103983561198,59.96002664890073
part_003.mp4,2311,0,3,0.0021927163785827,0.7189334869384766,0.7239138567889178,1,0.001904562093518,0.7351336161295573,59.96002664890073
part_003.mp4,2312,0,4,0.0022547485160369,0.7194253921508789,0.7265928480360243,2,0.0019530619491814,0.7359825770060221,59.96002664890073
part_003.mp4,2313,0,3,0.002314238147422,0.735798454284668,0.4057027180989583,2,0.002314238147422,0.736320432027181,59.96002664890073
part_003.mp4,2314,0,3,0.0019286123570054,0.735252571105957,0.4031495270905671,2,0.0019286123570054,0.7363949457804362,59.96002664890073
part_003.mp4,2315,0,3,0.001802324502496,0.7184698104858398,0.7216298421223958,2,0.0015545496504745,0.7368465423583984,59.96002664890073
part_003.mp4,2316,0,2,0.0018361652313938,0.7187620798746744,0.7174106174045138,1,0.0014770854511556,0.7370894114176433,59.96002664890073
part_003.mp4,2317,0,2,0.0016823737180352,0.7182016372680664,0.7156049375180845,1,0.0014941051845075,0.737449836730957,59.96002664890073
part_003.mp4,2318,0,1,0.0015987987497592,0.7180574417114258,0.7166003757052951,0,0.0,0.0,59.96002664890073
part_003.mp4,2319,0,3,0.0018671696340445,0.7195825576782227,0.710935295952691,2,0.0018006664077229,0.7373687744140625,59.96002664890073
part_003.mp4,2320,0,2,0.0025450953564399,0.72107359568278,0.7282318115234375,1,0.0017277263815049,0.7385801951090495,59.96002664890073
part_003.mp4,2321,0,3,0.0031064760907449,0.7233465194702149,0.7287426418728299,1,0.0016992366300101,0.7386966705322265,59.96002664890073
part_003.mp4,2322,0,2,0.0020504911841837,0.7217409769694011,0.7092459784613715,1,0.0016175504067602,0.7387816111246744,59.96002664890073
part_003.mp4,2323,0,2,0.0027873394714616,0.7225586573282877,0.7363962809244792,1,0.0017473877029691,0.7385625839233398,59.96002664890073
part_003.mp4,2324,0,2,0.0026838341332256,0.7225379943847656,0.7326517740885417,1,0.0013989072598633,0.7384998321533203,59.96002664890073
part_003.mp4,2325,0,1,0.002697590838264,0.7220789591471354,0.7318986680772569,0,0.0,0.0,59.96002664890073
part_003.mp4,2326,0,2,0.0023792175071085,0.7228364944458008,0.7206517537434896,1,0.0016307277749486,0.7395142237345378,59.96002664890073
part_003.mp4,2327,0,1,0.0014771151269518,0.740011469523112,0.3438999317310474,1,0.0014771151269518,0.740011469523112,59.96002664890073
part_003.mp4,2328,0,1,0.0014546526163919,0.7400279362996419,0.3401204427083333,1,0.0014546526163919,0.7400279362996419,59.96002664890073
part_003.mp4,2329,0,2,0.0014523099275323,0.7401576995849609,0.3360547101056134,2,0.0014523099275323,0.7401576995849609,59.96002664890073
part_003.mp4,2330,0,2,0.001464673274313,0.7403937021891276,0.3294321695963542,2,0.001464673274313,0.7403937021891276,59.96002664890073
part_003.mp4,2331,0,2,0.0014557745862812,0.7403011322021484,0.3291494298864294,2,0.0014557745862812,0.7403011322021484,59.96002664890073
part_003.mp4,2332,0,2,0.001147551098709,0.7392545700073242,0.3248025964807581,2,0.001147551098709,0.7392545700073242,59.96002664890073
part_003.mp4,2333,0,2,0.0011532063487296,0.7394844690958658,0.3238505045572916,2,0.0011532063487296,0.7394844690958658,59.96002664890073
part_003.mp4,2334,0,2,0.0013089485691981,0.7399860382080078,0.3083021375868056,2,0.0013089485691981,0.7399860382080078,59.96002664890073
part_003.mp4,2335,0,3,0.0020937354798661,0.7251164118448893,0.6952206081814236,2,0.0016913015208922,0.7407711029052735,59.96002664890073
part_003.mp4,2336,0,2,0.0018906522421511,0.7248729705810547,0.6928324381510417,1,0.001823242806519,0.7407499949137369,59.96002664890073
part_003.mp4,2337,0,2,0.0022785374841057,0.7266908645629883,0.6816141764322917,1,0.0015108955150935,0.740345573425293,59.96002664890073
part_003.mp4,2338,0,2,0.0019319431660093,0.7259934107462566,0.6770595974392362,1,0.0012135519513524,0.7389832814534505,59.96002664890073
part_003.mp4,2339,0,2,0.0022695831754632,0.7256945292154948,0.693495856391059,1,0.0015893091889059,0.7410385131835937,59.96002664890073
part_003.mp4,2340,0,2,0.0021423141881112,0.7261024475097656,0.6743536489981192,1,0.0016181723951982,0.7404014587402343,59.96002664890073
part_003.mp4,2341,0,2,0.0024205769691616,0.7274159113566081,0.6614791304976851,1,0.0019234064996514,0.7408915201822917,59.96002664890073
part_003.mp4,2342,0,2,0.0020394662112992,0.7403858184814454,0.2893757007740162,1,0.0020394662112992,0.7403858184814454,59.96002664890073
part_003.mp4,2343,0,3,0.0035083247593138,0.7408516565958659,0.2792488945855034,2,0.0035083247593138,0.7408516565958659,59.96002664890073
part_003.mp4,2344,0,2,0.0031132226867204,0.740337053934733,0.2747642234519676,1,0.0031132226867204,0.740337053934733,59.96002664890073
part_003.mp4,2345,0,2,0.0026656216860606,0.7405511856079101,0.2726063481083622,1,0.0026656216860606,0.7405511856079101,59.96002664890073
part_003.mp4,2346,0,2,0.0021778475004248,0.7264190673828125,0.6562964545355903,1,0.0020677248213259,0.7415075302124023,59.96002664890073
part_003.mp4,2347,0,1,0.0023996308315933,0.7283966064453125,0.6441246880425348,0,0.0,0.0,59.96002664890073
part_003.mp4,2348,0,1,0.0021533087084363,0.728103764851888,0.6359744601779513,0,0.0,0.0,59.96002664890073
part_003.mp4,2349,0,1,0.0018895078891849,0.7274803797403971,0.6340690895363137,0,0.0,0.0,59.96002664890073
part_003.mp4,2350,0,2,0.0022812117956345,0.7412273406982421,0.2483219853153935,1,0.0022812117956345,0.7412273406982421,59.96002664890073
part_003.mp4,2351,0,2,0.0019618222637843,0.7419197082519531,0.2424515335648148,1,0.0019618222637843,0.7419197082519531,59.96002664890073
part_003.mp4,2352,0,2,0.0018981082225218,0.7269830703735352,0.6308010525173611,1,0.0017254965389535,0.7409500122070313,59.96002664890073
part_003.mp4,2353,0,1,0.0018975489586591,0.7274875640869141,0.6217966715494792,0,0.0,0.0,59.96002664890073
part_003.mp4,2354,0,1,0.0019804979790933,0.7279030481974283,0.6168472290039062,0,0.0,0.0,59.96002664890073
part_003.mp4,2355,0,1,0.0018523068184731,0.7283273696899414,0.6167222764756944,0,0.0,0.0,59.96002664890073
part_003.mp4,2356,0,1,0.0018857264124865,0.7278427124023438,0.6163293909143519,0,0.0,0.0,59.96002664890073
part_003.mp4,2357,0,1,0.0018189653402509,0.7280843098958333,0.6137710571289062,0,0.0,0.0,59.96002664890073
part_003.mp4,2358,0,1,0.0018706856435164,0.7279623031616211,0.6097596345124421,0,0.0,0.0,59.96002664890073
part_003.mp4,2359,0,1,0.0018310232615072,0.7283061345418295,0.6032484266493056,0,0.0,0.0,59.96002664890073
part_003.mp4,2360,0,2,0.0016011807786438,0.7278820673624674,0.6020680745442708,1,0.0014830278598108,0.7399795532226563,59.96002664890073
part_003.mp4,2361,0,1,0.0018704849088357,0.7285006205240886,0.5907623291015625,1,0.0018704849088357,0.7285006205240886,59.96002664890073
part_003.mp4,2362,0,2,0.0017909512901463,0.7285133361816406,0.5830223931206597,2,0.0017909512901463,0.7426206588745117,59.96002664890073
part_003.mp4,2363,0,2,0.0017168691661208,0.741762924194336,0.187027429651331,2,0.0017168691661208,0.741762924194336,59.96002664890073
part_003.mp4,2364,0,2,0.0014027022002092,0.7388706207275391,0.1831049036096643,2,0.0014027022002092,0.7388706207275391,59.96002664890073
part_003.mp4,2365,0,2,0.0014868783115956,0.7402048746744792,0.1786366215458622,2,0.0014868783115956,0.7402048746744792,59.96002664890073
part_003.mp4,2366,0,2,0.0013623151543584,0.7398234685262044,0.1754911069516782,2,0.0013623151543584,0.7398234685262044,59.96002664890073
part_003.mp4,2367,0,2,0.0013422761856431,0.739027468363444,0.1730310510706018,2,0.0013422761856431,0.739027468363444,59.96002664890073
part_003.mp4,2368,0,2,0.0012994061084464,0.7382835388183594,0.168777917932581,2,0.0012994061084464,0.7382835388183594,59.96002664890073
part_003.mp4,2369,0,2,0.0013277849297608,0.7384639739990234,0.1636916549117477,2,0.0013277849297608,0.7384639739990234,59.96002664890073
part_003.mp4,2370,0,1,0.0011853353493346,0.7253774007161459,0.5701098406756365,1,0.0011853353493346,0.7253774007161459,59.96002664890073
part_003.mp4,2371,0,1,0.0011434478836599,0.724446169535319,0.5669043646918402,1,0.0011434478836599,0.724446169535319,59.96002664890073
part_003.mp4,2372,0,2,0.0018594399539978,0.7254274368286133,0.5343964753327546,2,0.0018594399539978,0.7254274368286133,59.96002664890073
part_003.mp4,2373,0,2,0.0017009617577099,0.7250202178955079,0.5331817626953125,2,0.0017009617577099,0.7250202178955079,59.96002664890073
part_003.mp4,2374,0,2,0.0016127450764179,0.724948501586914,0.5323089599609375,2,0.0016127450764179,0.724948501586914,59.96002664890073
part_003.mp4,2375,0,1,0.0014518730989139,0.7249113718668619,0.5322662353515625,1,0.0014518730989139,0.7249113718668619,59.96002664890073
part_003.mp4,2376,0,1,0.0016535509106082,0.7247001647949218,0.5213373254846644,1,0.0016535509106082,0.7247001647949218,59.96002664890073
part_003.mp4,2377,0,2,0.001566375125193,0.7241530100504557,0.5216406363028067,2,0.001566375125193,0.7359242121378581,59.96002664890073
part_003.mp4,2378,0,1,0.0018053521567748,0.7256340662638346,0.5163628472222223,1,0.0018053521567748,0.7256340662638346,59.96002664890073
part_003.mp4,2379,0,1,0.0015903742905895,0.724662971496582,0.5178168402777777,1,0.0015903742905895,0.724662971496582,59.96002664890073
part_003.mp4,2380,0,1,0.0017171656693487,0.7260360717773438,0.5134389241536458,1,0.0017171656693487,0.7260360717773438,59.96002664890073
part_003.mp4,2381,0,1,0.0016066265693882,0.7252906163533529,0.5102484809027777,1,0.0016066265693882,0.7252906163533529,59.96002664890073
part_003.mp4,2382,0,2,0.0016104977015574,0.7246896107991536,0.5066263269495082,2,0.0016104977015574,0.7246896107991536,59.96002664890073
part_003.mp4,2383,0,2,0.0016590610385173,0.7253132502237956,0.503550550672743,2,0.0016590610385173,0.7253132502237956,59.96002664890073
part_003.mp4,2384,0,1,0.0015954364616212,0.7242048899332683,0.4961671617296007,1,0.0015954364616212,0.7242048899332683,59.96002664890073
part_003.mp4,2385,0,1,0.0015778279858447,0.7246061325073242,0.4984597100151909,1,0.0015778279858447,0.7246061325073242,59.96002664890073
part_003.mp4,2386,0,2,0.0014888088963925,0.7242796579996745,0.4927985297309027,2,0.0014888088963925,0.7242796579996745,59.96002664890073
part_003.mp4,2387,0,2,0.0014581111408511,0.724064826965332,0.4895060221354166,2,0.0014581111408511,0.7243103663126628,59.96002664890073
part_003.mp4,2388,0,3,0.0017576059960346,0.7248516718546549,0.4447736386899595,3,0.0017576059960346,0.7248516718546549,59.96002664890073
part_003.mp4,2389,0,3,0.0016745301748246,0.7244204203287761,0.4408257378472222,3,0.0016745301748246,0.7244204203287761,59.96002664890073
part_003.mp4,2390,0,3,0.0014662405779624,0.7243801752726237,0.4315173678927951,3,0.0014662405779624,0.7243801752726237,59.96002664890073
part_003.mp4,2391,0,3,0.0017240987652567,0.7241549809773763,0.4414286295572917,3,0.0017240987652567,0.7241549809773763,59.96002664890073
part_003.mp4,2392,0,2,0.00134882127297,0.7224599838256835,0.4774861653645833,2,0.00134882127297,0.7230709075927735,59.96002664890073
part_003.mp4,2393,0,3,0.0016307670798657,0.7235008239746094,0.4496276290328414,3,0.0016307670798657,0.7235008239746094,59.96002664890073
part_003.mp4,2394,0,3,0.0018109660674127,0.7234329223632813,0.4370798746744792,3,0.0018109660674127,0.7234329223632813,59.96002664890073
part_003.mp4,2395,0,3,0.001701444791397,0.7234270095825195,0.4367088600441262,3,0.001701444791397,0.7234270095825195,59.96002664890073
part_003.mp4,2396,0,1,0.0016844055762393,0.7227560043334961,0.439495849609375,1,0.0016844055762393,0.7227560043334961,59.96002664890073
part_003.mp4,2397,0,1,0.0015659148449776,0.7216379801432292,0.4426706949869791,1,0.0015659148449776,0.7216379801432292,59.96002664890073
part_003.mp4,2398,0,1,0.0015174839796964,0.7204895655314127,0.4438752350983796,1,0.0015174839796964,0.7204895655314127,59.96002664890073
part_003.mp4,2399,0,2,0.0020094840185871,0.7221739451090495,0.4233049180772569,2,0.0020094840185871,0.7221739451090495,59.96002664890073
part_003.mp4,2400,0,1,0.0015569774259347,0.7198340098063151,0.4318400065104166,1,0.0015569774259347,0.7198340098063151,59.96002664890073
part_003.mp4,2401,0,2,0.0019561375622288,0.7210201899210612,0.4127599080403646,2,0.0019561375622288,0.7210201899210612,59.96002664890073
part_003.mp4,2402,0,1,0.001319230609914,0.7201299031575521,0.4377440841109664,1,0.001319230609914,0.7201299031575521,59.96002664890073
part_003.mp4,2403,0,0,0.0,0.0,0.0,0,0.0,0.0,59.96002664890073
part_003.mp4,2404,0,1,0.0011938310020465,0.7189221064249675,0.4356970893012152,1,0.0011938310020465,0.7189221064249675,59.96002664890073
part_003.mp4,2405,0,2,0.0015818566744133,0.7186464309692383,0.4233569675021701,2,0.0015818566744133,0.7186464309692383,59.96002664890073
part_003.mp4,2406,0,2,0.0012905475759827,0.717967414855957,0.426146556712963,2,0.0012905475759827,0.717967414855957,59.96002664890073
part_003.mp4,2407,0,2,0.0017194596241461,0.719708251953125,0.3959534821686921,2,0.0017194596241461,0.719708251953125,59.96002664890073
part_003.mp4,2408,0,3,0.0015415324319878,0.7203493118286133,0.3848715322989005,3,0.0015415324319878,0.7203493118286133,59.96002664890073
part_003.mp4,2409,0,2,0.0015837665693511,0.7194694519042969,0.3982556943540219,2,0.0015837665693511,0.7194694519042969,59.96002664890073
part_003.mp4,2410,0,2,0.0015722847071851,0.7187744776407877,0.3959967154043692,2,0.0015722847071851,0.7187744776407877,59.96002664890073
part_003.mp4,2411,0,3,0.0013694819951154,0.7182754516601563,0.4007161458333333,3,0.0013694819951154,0.7191623687744141,59.96002664890073
part_003.mp4,2412,0,3,0.0015494600507534,0.7175371170043945,0.3944779572663484,3,0.0015494600507534,0.7186807632446289,59.96002664890073
part_003.mp4,2413,0,3,0.0014839124668786,0.7174755096435547,0.3905907524956597,3,0.0014839124668786,0.7186973571777344,59.96002664890073
part_003.mp4,2414,0,3,0.0011673843689883,0.7173605600992838,0.3732016104239005,3,0.0011673843689883,0.7181230545043945,59.96002664890073
part_003.mp4,2415,0,1,0.0013103717395764,0.7172853469848632,0.3745739407009548,1,0.0013103717395764,0.7172853469848632,59.96002664890073
part_003.mp4,2416,0,2,0.0014204970374056,0.7179934819539388,0.3701239691840278,2,0.0014204970374056,0.7179934819539388,59.96002664890073
part_003.mp4,2417,0,2,0.0014572266518371,0.7168706893920899,0.3724502563476562,2,0.0014572266518371,0.717944590250651,59.96002664890073
part_003.mp4,2418,0,1,0.0013732024298709,0.7162184397379557,0.3653441817672164,1,0.0013732024298709,0.7162184397379557,59.96002664890073
part_003.mp4,2419,0,1,0.001014268331867,0.7156581878662109,0.3668954919885706,1,0.001014268331867,0.7156581878662109,59.96002664890073
part_003.mp4,2420,0,2,0.0013437014054377,0.7161165237426758,0.3600465562608507,2,0.0013437014054377,0.7170647939046224,59.96002664890073
part_003.mp4,2421,0,2,0.0013587172329425,0.715978495279948,0.3600321451822916,2,0.0013587172329425,0.7166330337524414,59.96002664890073
part_003.mp4,2422,0,1,0.0012490741893998,0.7158119201660156,0.3633848402235243,1,0.0012490741893998,0.7158119201660156,59.96002664890073
part_003.mp4,2423,0,1,0.0012382317099211,0.71516908009847,0.3561672069408275,1,0.0012382317099211,0.71516908009847,59.96002664890073
part_003.mp4,2424,0,1,0.0012385503391528,0.7149913787841797,0.3576234040436921,1,0.0012385503391528,0.7149913787841797,59.96002664890073
part_003.mp4,2425,0,1,0.0012772004591318,0.7152455012003581,0.3535029658564815,1,0.0012772004591318,0.7152455012003581,59.96002664890073
part_003.mp4,2426,0,1,0.0011070527615784,0.7153324762980143,0.3492125334563078,1,0.0011070527615784,0.7153324762980143,59.96002664890073
part_003.mp4,2427,0,3,0.001143992663678,0.7152485529581706,0.3476482815212673,3,0.001143992663678,0.7159697850545247,59.96002664890073
part_003.mp4,2428,0,3,0.0011706457776017,0.7150534311930339,0.347089131673177,3,0.0011706457776017,0.7158069610595703,59.96002664890073
part_003.mp4,2429,0,3,0.0012826616223901,0.7150139490763346,0.3006595187717014,3,0.0012826616223901,0.7158992131551106,59.96002664890073
part_003.mp4,2430,0,2,0.0013183579829206,0.7148192723592123,0.3427448979130498,2,0.0013183579829206,0.7156021753946941,59.96002664890073
part_003.mp4,2431,0,2,0.0013420941570075,0.7145628611246745,0.3425077650282118,2,0.0013420941570075,0.7156162261962891,59.96002664890073
part_003.mp4,2432,0,2,0.0013235755917331,0.7143943786621094,0.3438638192635995,2,0.0013235755917331,0.7156740188598633,59.96002664890073
part_003.mp4,2433,0,2,0.0013397627187401,0.7140815734863282,0.3438717312282986,2,0.0013397627187401,0.7154064178466797,59.96002664890073
part_003.mp4,2434,0,2,0.0013480307967229,0.7139785766601563,0.344954992223669,2,0.0013480307967229,0.7153731028238932,59.96002664890073
part_003.mp4,2435,0,2,0.0013943677975251,0.713870620727539,0.3432458383065683,2,0.0013943677975251,0.7154560089111328,59.96002664890073
part_003.mp4,2436,0,2,0.0014622145688109,0.7139540990193685,0.3395399305555555,2,0.0014622145688109,0.7154710769653321,59.96002664890073
part_003.mp4,2437,0,2,0.0014933199377695,0.7140356063842773,0.3391378332067419,2,0.0014933199377695,0.7153982162475586,59.96002664890073
part_003.mp4,2438,0,3,0.0014728927981599,0.7139567057291667,0.3378822044089988,3,0.0014728927981599,0.7153213500976563,59.96002664890073
part_003.mp4,2439,0,2,0.0014472763652318,0.7138451258341472,0.3378929420753762,2,0.0014472763652318,0.715366808573405,59.96002664890073
part_003.mp4,2440,0,3,0.0013590642570569,0.7132898966471354,0.3420036598488136,3,0.0013590642570569,0.7154409408569335,59.96002664890073
part_003.mp4,2441,0,3,0.0013727201439905,0.7133356094360351,0.3411648785626446,3,0.0013727201439905,0.7152729034423828,59.96002664890073
part_003.mp4,2442,0,3,0.0012401595711708,0.712644386291504,0.3438191731770833,3,0.0012401595711708,0.7151529312133789,59.96002664890073
part_003.mp4,2443,0,2,0.0012560098695879,0.7124596277872721,0.3481692843967013,2,0.0012560098695879,0.7148481369018554,59.96002664890073
part_003.mp4,2444,0,3,0.0013378778647165,0.7124500274658203,0.3451517175745081,3,0.0013378778647165,0.7144590377807617,59.96002664890073
part_003.mp4,2445,0,2,0.0010956436029583,0.7118915557861328,0.3493653474030671,2,0.0010956436029583,0.7136747360229492,59.96002664890073
part_003.mp4,2446,0,2,0.0012683870120586,0.7119047164916992,0.3466166178385416,2,0.0012683870120586,0.7134911219278971,59.96002664890073
part_003.mp4,2447,0,2,0.0012553991200143,0.7116073608398438,0.3451670328776041,2,0.0012553991200143,0.7131229400634765,59.96002664890073
part_003.mp4,2448,0,3,0.0011941878581031,0.7114203135172527,0.3504174126519097,3,0.0011941878581031,0.7131877899169922,59.96002664890073
part_003.mp4,2449,0,4,0.0013544882177181,0.7114760716756184,0.3501511750397859,4,0.0013544882177181,0.7129449844360352,59.96002664890073
part_003.mp4,2450,0,3,0.0013100958064508,0.7113775253295899,0.3488006591796875,3,0.0013100958064508,0.7128734588623047,59.96002664890073
part_003.mp4,2451,0,3,0.0012825685409673,0.7114609400431315,0.3434102376302083,3,0.0012825685409673,0.7128622690836589,59.96002664890073
part_003.mp4,2452,0,3,0.0011671752506905,0.7111202239990234,0.3455076429578993,3,0.0011671752506905,0.7126522699991862,59.96002664890073
part_003.mp4,2453,0,3,0.0011980648058751,0.7107214609781901,0.3526010583948206,3,0.0011980648058751,0.7124370574951172,59.96002664890073
part_003.mp4,2454,0,2,0.0013098062826665,0.7105527877807617,0.3572549890588831,2,0.0013098062826665,0.7115581512451172,59.96002664890073
part_003.mp4,2455,0,2,0.0013979987375061,0.7110843658447266,0.3643120094581886,2,0.0013979987375061,0.7117279052734375,59.96002664890073
part_003.mp4,2456,0,2,0.0013986756996018,0.711017926534017,0.3680668583622685,2,0.0013986756996018,0.711808713277181,59.96002664890073
part_003.mp4,2457,0,2,0.0012956379891774,0.7103359858194987,0.3774545740198206,2,0.0012956379891774,0.712042236328125,59.96002664890073
part_003.mp4,2458,0,2,0.0014000718635334,0.710200309753418,0.3803185356987847,2,0.0014000718635334,0.7121051788330078,59.96002664890073
part_003.mp4,2459,0,4,0.0015321185247739,0.7111305872599284,0.3809259485315393,4,0.0015321185247739,0.7203165054321289,59.96002664890073
part_003.mp4,2460,0,5,0.0015507995416798,0.7070564905802409,0.4254571985315393,5,0.0015507995416798,0.7197729110717773,59.96002664890073
part_003.mp4,2461,0,5,0.0016670304466539,0.7080880482991536,0.4235829671223958,5,0.0016670304466539,0.7206700007120769,59.96002664890073
part_003.mp4,2462,0,3,0.0013298068190515,0.711285400390625,0.3984150639286747,3,0.0013298068190515,0.7212784449259441,59.96002664890073
part_003.mp4,2463,0,3,0.0014307188675674,0.7112071990966797,0.4054649635597511,3,0.0014307188675674,0.7121039072672526,59.96002664890073
part_003.mp4,2464,0,4,0.0013575784871742,0.7109924952189127,0.4129550509982639,4,0.0013575784871742,0.7215459823608399,59.96002664890073
part_003.mp4,2465,0,4,0.001342276589033,0.7109243392944335,0.4128278379087094,4,0.001342276589033,0.723141098022461,59.96002664890073
part_003.mp4,2466,0,4,0.0013527076937945,0.7104864756266276,0.419331133807147,4,0.0013527076937945,0.7243203481038412,59.96002664890073
part_003.mp4,2467,0,3,0.0014819834947465,0.7108370463053385,0.422816241229022,3,0.0014819834947465,0.7126951853434245,59.96002664890073
part_003.mp4,2468,0,4,0.0015175321077307,0.7105736414591471,0.4278701217086227,4,0.0015175321077307,0.7126044591267904,59.96002664890073
part_003.mp4,2469,0,2,0.0013952104436854,0.7095596313476562,0.4361475061487268,2,0.0013952104436854,0.7106952667236328,59.96002664890073
part_003.mp4,2470,0,2,0.0013428224325697,0.7101566314697265,0.4423336452907986,2,0.0013428224325697,0.7182387034098308,59.96002664890073
part_003.mp4,2471,0,3,0.0012690521475613,0.710214106241862,0.4453761913158275,3,0.0012690521475613,0.7182587305704753,59.96002664890073
part_003.mp4,2472,0,2,0.0013340102620228,0.7107751846313477,0.4491531372070312,2,0.0013340102620228,0.7198522567749024,59.96002664890073
part_003.mp4,2473,0,2,0.0014121935470029,0.7108748118082683,0.4526014539930555,2,0.0014121935470029,0.7202552795410156,59.96002664890073
part_003.mp4,2474,0,2,0.0013701225562383,0.711140251159668,0.4541612413194444,2,0.0013701225562383,0.7201278686523438,59.96002664890073
part_003.mp4,2475,0,2,0.0012265211691717,0.7103729248046875,0.4635586208767361,2,0.0012265211691717,0.7103729248046875,59.96002664890073
part_003.mp4,2476,0,1,0.0012713609653292,0.7115239461263021,0.4593746609157986,1,0.0012713609653292,0.7115239461263021,59.96002664890073
part_003.mp4,2477,0,2,0.0013187336332716,0.7116055170694987,0.4636896204065393,2,0.0013187336332716,0.7221202850341797,59.96002664890073
part_003.mp4,2478,0,2,0.0012932922638719,0.7117022832234701,0.4688839382595486,2,0.0012932922638719,0.7232999801635742,59.96002664890073
part_003.mp4,2479,0,2,0.0011143300952001,0.7120884577433269,0.4587714301215277,2,0.0011143300952001,0.7230370203653972,59.96002664890073
part_003.mp4,2480,0,2,0.0012452009787213,0.7125176111857097,0.4610093858506944,2,0.0012452009787213,0.7232212066650391,59.96002664890073
part_003.mp4,2481,0,3,0.0010956050817751,0.7109146118164062,0.4825914171006944,3,0.0010956050817751,0.7120994567871094,59.96002664890073
part_003.mp4,2482,0,3,0.0012736248919585,0.7124297459920247,0.4823760421187789,3,0.0012736248919585,0.7212064743041993,59.96002664890073
part_003.mp4,2483,0,1,0.0012397979164961,0.7129928588867187,0.4808746337890625,1,0.0012397979164961,0.7129928588867187,59.96002664890073
part_003.mp4,2484,0,3,0.0012821523286402,0.7133607864379883,0.4821373833550347,3,0.0012821523286402,0.7217089335123698,59.96002664890073
part_003.mp4,2485,0,2,0.0013528652440678,0.7137747446695963,0.4819057888454861,2,0.0013528652440678,0.7191992441813151,59.96002664890073
part_003.mp4,2486,0,2,0.0013559545506723,0.7137930552164714,0.4833021375868055,2,0.0013559545506723,0.7193788528442383,59.96002664890073
part_003.mp4,2487,0,2,0.0013571962339079,0.7137697855631511,0.4838680691189236,2,0.0013571962339079,0.718679936726888,59.96002664890073
part_003.mp4,2488,0,2,0.0013302895270236,0.713719367980957,0.4832065158420139,2,0.0013302895270236,0.7184489568074545,59.96002664890073
part_003.mp4,2489,0,2,0.0013229953914156,0.7137248992919922,0.4825486924913194,2,0.0013229953914156,0.7186814626057942,59.96002664890073
part_003.mp4,2490,0,2,0.0013039782539837,0.7137200673421223,0.4820970323350694,2,0.0013039782539837,0.7182631174723307,59.96002664890073
part_003.mp4,2491,0,2,0.0013449591933749,0.7137825647989909,0.481436609338831,2,0.0013449591933749,0.7188226064046224,59.96002664890073
part_003.mp4,2492,0,2,0.0013869606658247,0.7141462326049804,0.4814449734157986,2,0.0013869606658247,0.7186157862345378,59.96002664890073
part_003.mp4,2493,0,2,0.0013448201072471,0.7142065684000651,0.4806616889105903,2,0.0013448201072471,0.7188201904296875,59.96002664890073
part_003.mp4,2494,0,2,0.0012803219410771,0.7148165384928385,0.4777048746744791,2,0.0012803219410771,0.720691172281901,59.96002664890073
part_003.mp4,2495,0,2,0.0013052284989195,0.7153036753336589,0.4762966579861111,2,0.0013052284989195,0.7202789942423503,59.96002664890073
part_003.mp4,2496,0,4,0.0012807543545366,0.7154983520507813,0.4730434841579861,4,0.0012807543545366,0.7244518915812175,59.96002664890073
part_003.mp4,2497,0,3,0.0012328586541116,0.715567143758138,0.4684244791666667,3,0.0012328586541116,0.7224660237630208,59.96002664890073
part_003.mp4,2498,0,4,0.0012054079578309,0.7160608927408855,0.4643910725911458,4,0.0012054079578309,0.7228294372558594,59.96002664890073
part_003.mp4,2499,0,4,0.001135264769093,0.7162483851114909,0.4610227796766493,4,0.001135264769093,0.7232544581095378,59.96002664890073
part_003.mp4,2500,0,2,0.0010124344011354,0.7165504455566406,0.4523301866319444,2,0.0010124344011354,0.7232404708862304,59.96002664890073
part_003.mp4,2501,0,2,0.0010814820899179,0.7171318054199218,0.4495045979817708,2,0.0010814820899179,0.7233856201171875,59.96002664890073
part_003.mp4,2502,0,4,0.0013706491173555,0.7157890319824218,0.461334228515625,4,0.0013706491173555,0.7246969858805339,59.96002664890073
part_003.mp4,2503,0,4,0.0011993312422418,0.7146679560343424,0.4585384792751736,4,0.0011993312422418,0.723974609375,59.96002664890073
part_003.mp4,2504,0,3,0.0010543716220288,0.7239590962727864,0.2528192590784143,3,0.0010543716220288,0.7239590962727864,59.96002664890073
part_003.mp4,2505,0,2,0.0010616607845683,0.7170492172241211,0.435063001844618,2,0.0010616607845683,0.7241478602091471,59.96002664890073
part_003.mp4,2506,0,2,0.0011382630197503,0.7173275629679362,0.4280358208550347,2,0.0011382630197503,0.723507308959961,59.96002664890073
part_003.mp4,2507,0,2,0.0010280293529892,0.7173257827758789,0.4161304050021701,2,0.0010280293529892,0.7229011535644532,59.96002664890073
part_003.mp4,2508,0,3,0.0011012163603057,0.717633056640625,0.4145484076605902,3,0.0011012163603057,0.7224053064982097,59.96002664890073
part_003.mp4,2509,0,4,0.0010465900314092,0.7159519195556641,0.4252726236979167,4,0.0010465900314092,0.7222179412841797,59.96002664890073
part_003.mp4,2510,0,3,0.0009419034851857,0.7155361175537109,0.42793539541739,3,0.0009419034851857,0.7233541488647461,59.96002664890073
part_003.mp4,2511,0,3,0.0008721138717373,0.7183787663777669,0.3887910065827546,3,0.0008721138717373,0.7232685724894206,59.96002664890073
part_003.mp4,2512,0,3,0.0008565519674448,0.7189114252726237,0.3849057798032407,3,0.0008565519674448,0.7234814325968425,59.96002664890073
part_003.mp4,2513,0,3,0.0008809393976332,0.7192604064941406,0.3848477964048032,3,0.0008809393976332,0.7237375259399415,59.96002664890073
part_003.mp4,2514,0,3,0.0009771903579369,0.7192793528238932,0.3843234026873553,3,0.0009771903579369,0.7244002024332682,59.96002664890073
part_003.mp4,2515,0,3,0.0010567082368328,0.719288190205892,0.3848137749565972,3,0.0010567082368328,0.7235004425048828,59.96002664890073
part_003.mp4,2516,0,4,0.0009913365656788,0.7240075429280599,0.2170980947989004,4,0.0009913365656788,0.7240075429280599,59.96002664890073
part_003.mp4,2517,0,4,0.0009931545932259,0.7190503438313802,0.3763760036892361,4,0.0009931545932259,0.7222571055094401,59.96002664890073
part_003.mp4,2518,0,4,0.0009977095838015,0.7190008163452148,0.369833826135706,4,0.0009977095838015,0.7217374801635742,59.96002664890073
part_003.mp4,2519,0,4,0.0009497019518339,0.7190986633300781,0.3615336100260417,4,0.0009497019518339,0.7216474533081054,59.96002664890073
part_003.mp4,2520,0,3,0.001031509537101,0.7237808227539062,0.2131245365849247,3,0.001031509537101,0.7237808227539062,59.96002664890073
part_003.mp4,2521,0,3,0.0010607811606368,0.7236850738525391,0.2139546712239583,3,0.0010607811606368,0.7236850738525391,59.96002664890073
part_003.mp4,2522,0,4,0.0010073854382628,0.7189558664957683,0.355689776385272,4,0.0010073854382628,0.7216009140014649,59.96002664890073
part_003.mp4,2523,0,3,0.0010196680769203,0.7209453582763672,0.2132039388020833,3,0.0010196680769203,0.7209453582763672,59.96002664890073
part_003.mp4,2524,0,2,0.0011142027781224,0.7220870971679687,0.2118175930447048,2,0.0011142027781224,0.7220870971679687,59.96002664890073
part_003.mp4,2525,0,2,0.0010290263669513,0.720492426554362,0.2167976096824363,2,0.0010290263669513,0.720492426554362,59.96002664890073
part_003.mp4,2526,0,3,0.0011128093955145,0.7217751820882161,0.215420588740596,3,0.0011128093955145,0.7217751820882161,59.96002664890073
part_003.mp4,2527,0,2,0.0010083298759612,0.7205494562784831,0.2170880353009259,2,0.0010083298759612,0.7205494562784831,59.96002664890073
part_003.mp4,2528,0,2,0.000971573125571,0.7203664779663086,0.2169426812065972,2,0.000971573125571,0.7203664779663086,59.96002664890073
part_003.mp4,2529,0,3,0.0009398225052993,0.7200380325317383,0.2209954720956307,3,0.0009398225052993,0.7200380325317383,59.96002664890073
part_003.mp4,2530,0,3,0.0011241514148423,0.720237922668457,0.2166405571831597,3,0.0011241514148423,0.720237922668457,59.96002664890073
part_003.mp4,2531,0,3,0.0010704558451996,0.7199615478515625,0.2154772723162615,3,0.0010704558451996,0.7199615478515625,59.96002664890073
part_003.mp4,2532,0,3,0.0010598841283892,0.7199737548828125,0.2161569665979456,3,0.0010598841283892,0.7199737548828125,59.96002664890073
part_003.mp4,2533,0,2,0.0010437218575302,0.719915771484375,0.2161752771448206,2,0.0010437218575302,0.719915771484375,59.96002664890073
part_003.mp4,2534,0,2,0.0010481188799409,0.7196943283081054,0.2163314254195601,2,0.0010481188799409,0.7196943283081054,59.96002664890073
part_003.mp4,2535,0,3,0.0011754537157873,0.7145877838134765,0.350044024432147,3,0.0011754537157873,0.7196208318074544,59.96002664890073
part_003.mp4,2536,0,3,0.0011061655429916,0.7135609944661458,0.3487623426649305,3,0.0011061655429916,0.7195582707722982,59.96002664890073
part_003.mp4,2537,0,3,0.0011485140264267,0.71351318359375,0.3506832546657986,3,0.0011485140264267,0.7194547653198242,59.96002664890073
part_003.mp4,2538,0,3,0.0010415843993326,0.7193715413411458,0.2157995718496817,3,0.0010415843993326,0.7193715413411458,59.96002664890073
part_003.mp4,2539,0,2,0.001056331237778,0.7190393447875977,0.2160753038194444,2,0.001056331237778,0.7190393447875977,59.96002664890073
part_003.mp4,2540,0,2,0.0010655405041891,0.7189186731974284,0.2170919347692419,2,0.0010655405041891,0.7189186731974284,59.96002664890073
part_003.mp4,2541,0,2,0.0010295368583885,0.7187276840209961,0.2187815913447627,2,0.0010295368583885,0.7187276840209961,59.96002664890073
part_003.mp4,2542,0,2,0.0009870808206665,0.718503761291504,0.2178705286096643,2,0.0009870808206665,0.718503761291504,59.96002664890073
part_003.mp4,2543,0,2,0.000953532854274,0.7183372497558593,0.2179641723632812,2,0.000953532854274,0.7183372497558593,59.96002664890073
part_003.mp4,2544,0,2,0.0009076329054207,0.7182005564371745,0.2204316315827546,2,0.0009076329054207,0.7182005564371745,59.96002664890073
part_003.mp4,2545,0,2,0.0009167897063134,0.7152842203776042,0.3284084743923611,2,0.0009167897063134,0.718133544921875,59.96002664890073
part_003.mp4,2546,0,2,0.0009194125070482,0.7154720306396485,0.3282778704607928,2,0.0009194125070482,0.7180116653442383,59.96002664890073
part_003.mp4,2547,0,2,0.0009053576500176,0.7156305948893229,0.3235745465313946,2,0.0009053576500176,0.7181362787882487,59.96002664890073
part_003.mp4,2548,0,3,0.0009329025476149,0.7132386525472005,0.3323143287941261,3,0.0009329025476149,0.7182001113891602,59.96002664890073
part_003.mp4,2549,0,2,0.0009569355907539,0.7161260604858398,0.3204050134729456,2,0.0009569355907539,0.7181324005126953,59.96002664890073
part_003.mp4,2550,0,3,0.0009517884911016,0.7157641092936198,0.3204382437246817,3,0.0009517884911016,0.7180757522583008,59.96002664890073
part_003.mp4,2551,0,3,0.0009559665381675,0.7157280604044597,0.3185443454318576,3,0.0009559665381675,0.7180615107218424,59.96002664890073
part_003.mp4,2552,0,2,0.0009719177036054,0.7157636642456054,0.3196752477575231,2,0.0009719177036054,0.718114725748698,59.96002664890073
part_003.mp4,2553,0,2,0.0008892449194617,0.7160343170166016,0.3166299890588831,2,0.0008892449194617,0.7182205200195313,59.96002664890073
part_003.mp4,2554,0,3,0.0008501000008416,0.7158441543579102,0.3142215304904514,3,0.0008501000008416,0.7181219100952149,59.96002664890073
part_003.mp4,2555,0,4,0.0011751831602305,0.7174285888671875,0.2441036648220486,4,0.0011751831602305,0.7178270975748698,59.96002664890073
part_003.mp4,2556,0,3,0.0012381839752197,0.7177342732747396,0.2492092556423611,3,0.0012381839752197,0.7181684494018554,59.96002664890073
part_003.mp4,2557,0,2,0.0012824796826613,0.7182172139485677,0.2486083984375,2,0.0012824796826613,0.7182172139485677,59.96002664890073
part_003.mp4,2558,0,3,0.001345030529321,0.7186115264892579,0.2537900571469907,3,0.001345030529321,0.7186115264892579,59.96002664890073
part_003.mp4,2559,0,3,0.0014354409124482,0.7181201934814453,0.2601317794234664,3,0.0014354409124482,0.7181201934814453,59.96002664890073
part_003.mp4,2560,0,5,0.0014360888464014,0.7187378565470378,0.26065673828125,5,0.0014360888464014,0.7191006342569987,59.96002664890073
part_003.mp4,2561,0,4,0.0014371997076604,0.7190334955851237,0.2630018446180555,4,0.0014371997076604,0.7193151473999023,59.96002664890073
part_003.mp4,2562,0,5,0.0014502120615604,0.7195412953694661,0.2604929606119792,5,0.0014502120615604,0.7199051539103191,59.96002664890073
part_003.mp4,2563,0,4,0.0015510336383832,0.7197872797648112,0.2605932165075231,4,0.0015510336383832,0.7197872797648112,59.96002664890073
part_003.mp4,2564,0,5,0.0016334531838462,0.7198321024576823,0.2602106165002893,5,0.0016334531838462,0.7202986399332683,59.96002664890073
part_003.mp4,2565,0,5,0.0016718644609338,0.7205425262451172,0.2565880669487847,5,0.0016718644609338,0.7205425262451172,59.96002664890073
part_003.mp4,2566,0,3,0.0014266910706503,0.7194005330403646,0.2576194480613425,3,0.0014266910706503,0.7194005330403646,59.96002664890073
part_003.mp4,2567,0,3,0.001426764178107,0.7192782084147136,0.25192221182364,3,0.001426764178107,0.7192782084147136,59.96002664890073
part_003.mp4,2568,0,3,0.0014390017394907,0.7195127487182618,0.2503161960177951,3,0.0014390017394907,0.7195127487182618,59.96002664890073
part_003.mp4,2569,0,2,0.0014891124414862,0.7206246058146158,0.247266924822772,2,0.0014891124414862,0.7206246058146158,59.96002664890073
part_003.mp4,2570,0,3,0.0015044392289645,0.7201559702555339,0.2479025381582754,3,0.0015044392289645,0.7201559702555339,59.96002664890073
part_003.mp4,2571,0,3,0.0015069115814683,0.7205316543579101,0.2481155960648148,3,0.0015069115814683,0.7205316543579101,59.96002664890073
part_003.mp4,2572,0,3,0.0015346692403976,0.7216919581095378,0.2467561509874132,3,0.0015346692403976,0.7216919581095378,59.96002664890073
part_003.mp4,2573,0,3,0.001374860150746,0.7210966110229492,0.2467680189344618,3,0.001374860150746,0.7210966110229492,59.96002664890073
part_003.mp4,2574,0,3,0.0011900259741944,0.7213226318359375,0.250968763563368,3,0.0011900259741944,0.7213226318359375,59.96002664890073
part_003.mp4,2575,0,2,0.0014691268813071,0.7222579956054688,0.2343582718460648,2,0.0014691268813071,0.7222579956054688,59.96002664890073
part_003.mp4,2576,0,2,0.0016087998078243,0.7225056330362956,0.2341820045753761,2,0.0016087998078243,0.7225056330362956,59.96002664890073
part_003.mp4,2577,0,3,0.0015788805291285,0.7232652028401693,0.227454121907552,3,0.0015788805291285,0.7232652028401693,59.96002664890073
part_003.mp4,2578,0,3,0.0016008317220257,0.7237127304077149,0.2272616351092303,3,0.0016008317220257,0.7237127304077149,59.96002664890073
part_003.mp4,2579,0,4,0.0012385158702575,0.7236328125,0.2403796725802951,4,0.0012385158702575,0.7236328125,59.96002664890073
part_003.mp4,2580,0,4,0.0014564149796367,0.7241217295328776,0.2253199259440104,4,0.0014564149796367,0.7241217295328776,59.96002664890073
part_003.mp4,2581,0,1,0.0014686256099311,0.72399476369222,0.2235532972547743,1,0.0014686256099311,0.72399476369222,59.96002664890073
part_003.mp4,2582,0,2,0.0014499848648578,0.7250522613525391,0.2242625483760127,2,0.0014499848648578,0.7250522613525391,59.96002664890073
part_003.mp4,2583,0,2,0.0012953912745227,0.7264230728149415,0.2240433304398148,2,0.0012953912745227,0.7264230728149415,59.96002664890073
part_003.mp4,2584,0,1,0.001303641208344,0.7271265029907227,0.2202738444010416,1,0.001303641208344,0.7271265029907227,59.96002664890073
part_003.mp4,2585,0,1,0.0013413071416226,0.7278394063313802,0.2218167905454282,1,0.0013413071416226,0.7278394063313802,59.96002664890073
part_003.mp4,2586,0,1,0.0012531405284621,0.7281862258911133,0.2204373395001446,1,0.0012531405284621,0.7281862258911133,59.96002664890073
part_003.mp4,2587,0,1,0.0011788442788787,0.72861328125,0.2175623575846354,1,0.0011788442788787,0.72861328125,59.96002664890073
part_003.mp4,2588,0,1,0.0012234895583888,0.7288698196411133,0.2158309371383102,1,0.0012234895583888,0.7288698196411133,59.96002664890073
part_003.mp4,2589,0,2,0.0011210934286484,0.7291482925415039,0.2115236070421007,2,0.0011210934286484,0.7291482925415039,59.96002664890073
part_003.mp4,2590,0,2,0.00090405051936,0.7296693801879883,0.2069892600730613,2,0.00090405051936,0.7296693801879883,59.96002664890073
part_003.mp4,2591,0,1,0.0010490415508594,0.7297789255777994,0.2068690547236689,1,0.0010490415508594,0.7297789255777994,59.96002664890073
part_003.mp4,2592,0,2,0.0010246426095599,0.7303696314493815,0.2063448305483217,2,0.0010246426095599,0.7303696314493815,59.96002664890073
part_003.mp4,2593,0,2,0.0009919357770639,0.7308581670125326,0.2029520670572916,2,0.0009919357770639,0.7308581670125326,59.96002664890073
part_003.mp4,2594,0,2,0.0011968479386996,0.7315832138061523,0.2075064765082465,2,0.0011968479386996,0.7315832138061523,59.96002664890073
part_003.mp4,2595,0,2,0.0010778933587587,0.7317204157511393,0.2035768862123842,2,0.0010778933587587,0.7317204157511393,59.96002664890073
part_003.mp4,2596,0,4,0.0009618479410871,0.731753412882487,0.19989584463614,4,0.0009618479410871,0.731753412882487,59.96002664890073
part_003.mp4,2597,0,3,0.0009656480809725,0.7318560282389323,0.1990598890516493,3,0.0009656480809725,0.7318560282389323,59.96002664890073
part_003.mp4,2598,0,3,0.001010924199665,0.7320458730061848,0.1991215458622685,3,0.001010924199665,0.7320458730061848,59.96002664890073
part_003.mp4,2599,0,3,0.0009934344619978,0.7324295043945312,0.1939997355143229,3,0.0009934344619978,0.7324295043945312,59.96002664890073
part_003.mp4,2600,0,3,0.001034229393074,0.733201281229655,0.1939011185257523,3,0.001034229393074,0.733201281229655,59.96002664890073
part_003.mp4,2601,0,4,0.0010316342896678,0.7332132975260417,0.1916812472873263,4,0.0010316342896678,0.7332132975260417,59.96002664890073
part_003.mp4,2602,0,3,0.0010580504800762,0.7336846033732096,0.1903093126085069,3,0.0010580504800762,0.7336846033732096,59.96002664890073
part_003.mp4,2603,0,1,0.001008271711568,0.7339778900146484,0.1888630054615162,1,0.001008271711568,0.7339778900146484,59.96002664890073
part_003.mp4,2604,0,2,0.0010767358854408,0.7346213022867839,0.1927264743381076,2,0.0010767358854408,0.7346213022867839,59.96002664890073
part_003.mp4,2605,0,2,0.0011866422161175,0.7352148056030273,0.1949174669053819,2,0.0011866422161175,0.7352148056030273,59.96002664890073
part_003.mp4,2606,0,1,0.0012234638004641,0.7363658905029297,0.1888049655490451,1,0.0012234638004641,0.7363658905029297,59.96002664890073
part_003.mp4,2607,0,2,0.0012879296532188,0.7343903223673502,0.1953540943287037,2,0.0012879296532188,0.7365201950073242,59.96002664890073
part_003.mp4,2608,0,1,0.0009647834289353,0.7366065979003906,0.1754837036132812,1,0.0009647834289353,0.7366065979003906,59.96002664890073
part_003.mp4,2609,0,1,0.0010121959203388,0.7366996765136719,0.1782715974030671,1,0.0010121959203388,0.7366996765136719,59.96002664890073
part_003.mp4,2610,0,2,0.0011965184174995,0.7349867502848307,0.1889628092447916,2,0.0011965184174995,0.7369626998901367,59.96002664890073
part_003.mp4,2611,0,1,0.0008787201659935,0.7374181747436523,0.1660724216037326,1,0.0008787201659935,0.7374181747436523,59.96002664890073
part_003.mp4,2612,0,1,0.0008937008366532,0.7378294626871745,0.1645597669813368,1,0.0008937008366532,0.7378294626871745,59.96002664890073
part_003.mp4,2613,0,1,0.0009874758571903,0.7385120391845703,0.1675160160771122,1,0.0009874758571903,0.7385120391845703,59.96002664890073
part_003.mp4,2614,0,1,0.0010289664117024,0.7390796025594075,0.1655732331452546,1,0.0010289664117024,0.7390796025594075,59.96002664890073
part_003.mp4,2615,0,1,0.0010312593739945,0.739755121866862,0.1631942183883102,1,0.0010312593739945,0.739755121866862,59.96002664890073
part_003.mp4,2616,0,2,0.0009538987496246,0.7400798797607422,0.1608951144748263,2,0.0009538987496246,0.7400798797607422,59.96002664890073
part_003.mp4,2617,0,1,0.0009378064712681,0.740483283996582,0.1606413099500868,1,0.0009378064712681,0.740483283996582,59.96002664890073
part_003.mp4,2618,0,2,0.0012078086262853,0.7387336730957031,0.1781040332935474,2,0.0012078086262853,0.7406328837076823,59.96002664890073
part_003.mp4,2619,0,3,0.0013482993628174,0.7389972686767579,0.1817005298755787,3,0.0013482993628174,0.7408943812052409,59.96002664890073
part_003.mp4,2620,0,3,0.0012469765738933,0.7389151255289713,0.1782516479492187,3,0.0012469765738933,0.7411190668741862,59.96002664890073
part_003.mp4,2621,0,3,0.0012445847593308,0.73924134572347,0.17756918447989,3,0.0012445847593308,0.7413893381754557,59.96002664890073
part_003.mp4,2622,0,3,0.0011807787814177,0.7394023895263672,0.1759258128978588,3,0.0011807787814177,0.7416417439778645,59.96002664890073
part_003.mp4,2623,0,3,0.0012452521010224,0.7397207895914714,0.1782040066189236,3,0.0012452521010224,0.7418769836425781,59.96002664890073
part_003.mp4,2624,0,3,0.0012689778207762,0.740174929300944,0.1771653351960359,3,0.0012689778207762,0.7423057556152344,59.96002664890073
part_003.mp4,2625,0,3,0.0013101960512964,0.740613047281901,0.1756290011935763,3,0.0013101960512964,0.7426597595214843,59.96002664890073
part_003.mp4,2626,0,3,0.0014242711746245,0.7402996063232422,0.1805986192491319,3,0.0014242711746245,0.7425559997558594,59.96002664890073
part_003.mp4,2627,0,3,0.0011913865730295,0.7409187316894531,0.1656888608579282,3,0.0011913865730295,0.7427857081095378,59.96002664890073
part_003.mp4,2628,0,2,0.0009664952315183,0.7428812662760417,0.1531295211226851,2,0.0009664952315183,0.7428812662760417,59.96002664890073
part_003.mp4,2629,0,2,0.0009792872161617,0.7431421915690104,0.1536429511176215,2,0.0009792872161617,0.7431421915690104,59.96002664890073
part_003.mp4,2630,0,2,0.0009976203346418,0.7434458414713542,0.1537650779441551,2,0.0009976203346418,0.7434458414713542,59.96002664890073
part_003.mp4,2631,0,2,0.0009921706529955,0.7435802459716797,0.1529351128472222,2,0.0009921706529955,0.7435802459716797,59.96002664890073
part_003.mp4,2632,0,3,0.0012277549877762,0.7421705881754558,0.1616540979456018,3,0.0012277549877762,0.7436840057373046,59.96002664890073
part_003.mp4,2633,0,3,0.001320085557473,0.7419132232666016,0.1662987037941261,3,0.001320085557473,0.7437687555948893,59.96002664890073
part_003.mp4,2634,0,2,0.0009387129588867,0.7437885920206706,0.147753510651765,2,0.0009387129588867,0.7437885920206706,59.96002664890073
part_003.mp4,2635,0,2,0.0009518725983798,0.7439433415730794,0.1470873797381365,2,0.0009518725983798,0.7439433415730794,59.96002664890073
part_003.mp4,2636,0,2,0.0010408520953583,0.7446205774943034,0.1441659998010706,2,0.0010408520953583,0.7446205774943034,59.96002664890073
part_003.mp4,2637,0,3,0.0012773320365145,0.7418432871500651,0.1604333383065682,3,0.0012773320365145,0.7446210225423177,59.96002664890073
part_003.mp4,2638,0,2,0.0011088040820322,0.744556999206543,0.1464644820601852,2,0.0011088040820322,0.744556999206543,59.96002664890073
part_003.mp4,2639,0,2,0.0011015333367201,0.7444851557413737,0.1467654758029513,2,0.0011015333367201,0.7444851557413737,59.96002664890073
part_003.mp4,2640,0,3,0.0010782488504709,0.7444010416666667,0.1461746215820312,3,0.0010782488504709,0.7444010416666667,59.96002664890073
part_003.mp4,2641,0,4,0.0012849515077606,0.7423624038696289,0.1594250714337384,4,0.0012849515077606,0.7443490982055664,59.96002664890073
part_003.mp4,2642,0,4,0.0012454111681694,0.7425306955973308,0.1570084748444734,4,0.0012454111681694,0.7442975997924804,59.96002664890073
part_003.mp4,2643,0,2,0.0009692581014939,0.7438781102498372,0.1414832786277488,2,0.0009692581014939,0.7438781102498372,59.96002664890073
part_003.mp4,2644,0,2,0.0009367952253604,0.7436124801635742,0.1395482381184895,2,0.0009367952253604,0.7436124801635742,59.96002664890073
part_003.mp4,2645,0,2,0.0008917108476506,0.7433265050252279,0.1381165681061921,2,0.0008917108476506,0.7433265050252279,59.96002664890073
part_003.mp4,2646,0,2,0.0008697692699368,0.7432304382324219,0.1373513115776909,2,0.0008697692699368,0.7432304382324219,59.96002664890073
part_003.mp4,2647,0,2,0.000868440849008,0.7432369232177735,0.136692640516493,2,0.000868440849008,0.7432369232177735,59.96002664890073
part_003.mp4,2648,0,2,0.0008395491165315,0.7430862426757813,0.1359390258789062,2,0.0008395491165315,0.7430862426757813,59.96002664890073
part_003.mp4,2649,0,2,0.000809844179592,0.742795181274414,0.135366877803096,2,0.000809844179592,0.742795181274414,59.96002664890073
part_003.mp4,2650,0,2,0.0008499880326066,0.7426645278930664,0.135991131817853,2,0.0008499880326066,0.7426645278930664,59.96002664890073
part_003.mp4,2651,0,2,0.0008517202644725,0.7424654006958008,0.136775885687934,2,0.0008517202644725,0.7424654006958008,59.96002664890073
part_003.mp4,2652,0,3,0.0008771011714297,0.7423264821370442,0.1352105034722222,3,0.0008771011714297,0.7423264821370442,59.96002664890073
part_003.mp4,2653,0,3,0.0009583161536742,0.7419130961100261,0.1339279739945023,3,0.0009583161536742,0.7419130961100261,59.96002664890073
part_003.mp4,2654,0,2,0.0010172251473076,0.7417253494262696,0.132909760651765,2,0.0010172251473076,0.7417253494262696,59.96002664890073
part_003.mp4,2655,0,2,0.0009867291363318,0.7415486017862956,0.1313498037832754,2,0.0009867291363318,0.7415486017862956,59.96002664890073
part_003.mp4,2656,0,2,0.0009138667853376,0.7412596384684245,0.1342666060836226,2,0.0009138667853376,0.7412596384684245,59.96002664890073
part_003.mp4,2657,0,2,0.0008931999288809,0.7411108652750651,0.1356645372178819,2,0.0008931999288809,0.7411108652750651,59.96002664890073
part_003.mp4,2658,0,2,0.0009495236852564,0.7409093221028645,0.1349835996274594,2,0.0009495236852564,0.7409093221028645,59.96002664890073
part_003.mp4,2659,0,2,0.0009456080194838,0.7404773076375325,0.1330790201822916,2,0.0009456080194838,0.7404773076375325,59.96002664890073
part_003.mp4,2660,0,2,0.0009344569950674,0.7400890986124674,0.1328581633391203,2,0.0009344569950674,0.7400890986124674,59.96002664890073
part_003.mp4,2661,0,2,0.0008722578093875,0.7398162841796875,0.1325783058449074,2,0.0008722578093875,0.7398162841796875,59.96002664890073
part_003.mp4,2662,0,2,0.0008543324621213,0.7391691207885742,0.1325859352394386,2,0.0008543324621213,0.7391691207885742,59.96002664890073
part_003.mp4,2663,0,2,0.000854776188466,0.7384473800659179,0.1329128124095775,2,0.000854776188466,0.7384473800659179,59.96002664890073
part_003.mp4,2664,0,2,0.0008943673827754,0.7380580902099609,0.132500429506655,2,0.0008943673827754,0.7380580902099609,59.96002664890073
part_003.mp4,2665,0,2,0.0009210377068181,0.7379587173461915,0.132388757776331,2,0.0009210377068181,0.7379587173461915,59.96002664890073
part_003.mp4,2666,0,2,0.0009014667736159,0.7373298009236654,0.1334499782986111,2,0.0009014667736159,0.7373298009236654,59.96002664890073
part_003.mp4,2667,0,2,0.0008884565494049,0.7369675318400065,0.1352357087311921,2,0.0008884565494049,0.7369675318400065,59.96002664890073
part_003.mp4,2668,0,2,0.0009178939668884,0.7365960439046224,0.1344964486581308,2,0.0009178939668884,0.7365960439046224,59.96002664890073
part_003.mp4,2669,0,2,0.0010005964529571,0.7368033091227214,0.1309321085611979,2,0.0010005964529571,0.7368033091227214,59.96002664890073
part_003.mp4,2670,0,2,0.0009534171932264,0.7364504496256511,0.1306548507125289,2,0.0009534171932264,0.7364504496256511,59.96002664890073
part_003.mp4,2671,0,2,0.0008831303161935,0.7356039047241211,0.1340867219147858,2,0.0008831303161935,0.7356039047241211,59.96002664890073
part_003.mp4,2672,0,2,0.0009644279646131,0.7351696014404296,0.1332678335684317,2,0.0009644279646131,0.7351696014404296,59.96002664890073
part_003.mp4,2673,0,2,0.0010105163251325,0.7358349482218425,0.1300975658275463,2,0.0010105163251325,0.7358349482218425,59.96002664890073
part_003.mp4,2674,0,2,0.0009459164849896,0.734260622660319,0.1336864330150463,2,0.0009459164849896,0.734260622660319,59.96002664890073
part_003.mp4,2675,0,2,0.0009134083228612,0.7340588887532552,0.1353344387478298,2,0.0009134083228612,0.7340588887532552,59.96002664890073
part_003.mp4,2676,0,2,0.0009863662453911,0.7339535395304362,0.1342848601164641,2,0.0009863662453911,0.7339535395304362,59.96002664890073
part_003.mp4,2677,0,2,0.0009866473883933,0.73368714650472,0.1302936130099826,2,0.0009866473883933,0.73368714650472,59.96002664890073
part_003.mp4,2678,0,2,0.0010154510035903,0.7335793177286783,0.1307074652777777,2,0.0010154510035903,0.7335793177286783,59.96002664890073
part_003.mp4,2679,0,2,0.0010510031217967,0.7333703994750976,0.1331772980866608,2,0.0010510031217967,0.7333703994750976,59.96002664890073
part_003.mp4,2680,0,2,0.0011161377085954,0.7328140258789062,0.1337130511248553,2,0.0011161377085954,0.7328140258789062,59.96002664890073
part_003.mp4,2681,0,2,0.0010279097394582,0.7322563807169596,0.133769452130353,2,0.0010279097394582,0.7322563807169596,59.96002664890073
part_003.mp4,2682,0,2,0.0010622620538924,0.732115109761556,0.135280524359809,2,0.0010622620538924,0.732115109761556,59.96002664890073
part_003.mp4,2683,0,3,0.0011026195534591,0.7320290247599284,0.135488948115596,3,0.0011026195534591,0.7320290247599284,59.96002664890073
part_003.mp4,2684,0,2,0.0010774431252502,0.7313343048095703,0.1345919573748553,2,0.0010774431252502,0.7313343048095703,59.96002664890073
part_003.mp4,2685,0,2,0.0010580388493447,0.7312056223551432,0.1331956651475694,2,0.0010580388493447,0.7312056223551432,59.96002664890073
part_003.mp4,2686,0,2,0.0010224175471295,0.7313589731852214,0.132631202980324,2,0.0010224175471295,0.7313589731852214,59.96002664890073
part_003.mp4,2687,0,2,0.0009484817539945,0.7308497746785482,0.1353593614366319,2,0.0009484817539945,0.7308497746785482,59.96002664890073
part_003.mp4,2688,0,2,0.0010851259905353,0.7304356257120769,0.1346944173177083,2,0.0010851259905353,0.7304356257120769,59.96002664890073
part_003.mp4,2689,0,2,0.0010812140374593,0.7300100326538086,0.1351686830873842,2,0.0010812140374593,0.7300100326538086,59.96002664890073
part_003.mp4,2690,0,2,0.0011060547693,0.7294321060180664,0.1363880298755787,2,0.0011060547693,0.7294321060180664,59.96002664890073
part_003.mp4,2691,0,2,0.0010525983511319,0.7290711085001628,0.1373986703378182,2,0.0010525983511319,0.7290711085001628,59.96002664890073
part_003.mp4,2692,0,2,0.0011462816646154,0.7285790125528971,0.1407172874168113,2,0.0011462816646154,0.7285790125528971,59.96002664890073
part_003.mp4,2693,0,2,0.001186731774942,0.7281935373942058,0.1400279857494213,2,0.001186731774942,0.7281935373942058,59.96002664890073
part_003.mp4,2694,0,2,0.0012064172849447,0.7278704325358073,0.1421234130859375,2,0.0012064172849447,0.7278704325358073,59.96002664890073
part_003.mp4,2695,0,2,0.0012479329021557,0.7271549860636394,0.143135748969184,2,0.0012479329021557,0.7271549860636394,59.96002664890073
part_003.mp4,2696,0,2,0.0011370990478525,0.7254308064778646,0.1423437613028067,2,0.0011370990478525,0.7254308064778646,59.96002664890073
part_003.mp4,2697,0,3,0.0011254011114835,0.7246138890584309,0.1417656792534722,3,0.0011254011114835,0.7246138890584309,59.96002664890073
part_003.mp4,2698,0,2,0.0011504883085662,0.7248065948486329,0.1438893636067708,2,0.0011504883085662,0.7248065948486329,59.96002664890073
part_003.mp4,2699,0,3,0.0011873912811279,0.7245538711547852,0.1445868598090277,3,0.0011873912811279,0.7245538711547852,59.96002664890073
part_003.mp4,2700,0,2,0.001221901207011,0.7244797388712565,0.1426736902307581,2,0.001221901207011,0.7244797388712565,59.96002664890073
part_003.mp4,2701,0,2,0.00116241425878,0.7242365519205729,0.1441201669198495,2,0.00116241425878,0.7242365519205729,59.96002664890073
part_003.mp4,2702,0,3,0.0012086880652026,0.723945426940918,0.1461519594545717,3,0.0012086880652026,0.723945426940918,59.96002664890073
part_003.mp4,2703,0,2,0.0011788659747711,0.7230382919311523,0.1459632590964988,2,0.0011788659747711,0.7230382919311523,59.96002664890073
part_003.mp4,2704,0,3,0.001184707332092,0.7222050984700521,0.1451727407949942,3,0.001184707332092,0.7222050984700521,59.96002664890073
part_003.mp4,2705,0,3,0.0011883707111701,0.7216636657714843,0.1456722683376736,3,0.0011883707111701,0.7216636657714843,59.96002664890073
part_003.mp4,2706,0,3,0.001171599219303,0.7211311976114909,0.1459219473379629,3,0.001171599219303,0.7211311976114909,59.96002664890073
part_003.mp4,2707,0,4,0.0010863328036955,0.7206199645996094,0.1471404464156539,4,0.0010863328036955,0.7206199645996094,59.96002664890073
part_003.mp4,2708,0,2,0.0010152291433338,0.7204278945922852,0.1498774210611979,2,0.0010152291433338,0.7204278945922852,59.96002664890073
part_003.mp4,2709,0,2,0.0010512414217328,0.7203268051147461,0.1500046341507523,2,0.0010512414217328,0.7203268051147461,59.96002664890073
part_003.mp4,2710,0,3,0.0010675723958087,0.7199085871378581,0.1521189371744791,3,0.0010675723958087,0.7199085871378581,59.96002664890073
part_003.mp4,2711,0,3,0.0010910638720896,0.7196828206380208,0.1530251397026909,3,0.0010910638720896,0.7196828206380208,59.96002664890073
part_003.mp4,2712,0,2,0.0011184374373018,0.7194549560546875,0.1518976847330729,2,0.0011184374373018,0.7194549560546875,59.96002664890073
part_003.mp4,2713,0,2,0.0011617097153147,0.7191766103108724,0.1535811247649016,2,0.0011617097153147,0.7191766103108724,59.96002664890073
part_003.mp4,2714,0,3,0.0011658516559961,0.7189807891845703,0.1539897212275752,3,0.0011658516559961,0.7189807891845703,59.96002664890073
part_003.mp4,2715,0,2,0.0011094079120084,0.7189427057902018,0.1540023238570602,2,0.0011094079120084,0.7189427057902018,59.96002664890073
part_003.mp4,2716,0,2,0.0010458779048726,0.7184286753336588,0.1536963003653067,2,0.0010458779048726,0.7184286753336588,59.96002664890073
part_003.mp4,2717,0,2,0.001056083061784,0.7179788589477539,0.1557604754412615,2,0.001056083061784,0.7179788589477539,59.96002664890073
part_003.mp4,2718,0,3,0.0033289097158962,0.8441622416178386,0.9589405183438902,2,0.0010495297962808,0.7176029841105144,59.96002664890073
part_003.mp4,2719,0,3,0.0043383931270421,0.8444568634033203,0.9494794757277876,2,0.0010942134548289,0.7175116221110026,59.96002664890073
part_003.mp4,2720,0,3,0.00555270696813,0.8469661712646485,0.9383840596234356,2,0.0010396190278697,0.7168472290039063,59.96002664890073
part_003.mp4,2721,0,2,0.0069778251998556,0.8495464324951172,0.9262533223187482,1,0.0010634669418558,0.7165497461954753,59.96002664890073
part_003.mp4,2722,0,3,0.008134604584686,0.8509674708048502,0.9219777990270543,2,0.0011342531432294,0.7164766947428386,59.96002664890073
part_003.mp4,2723,0,3,0.0099533465079124,0.8604738235473632,0.9119434286046912,2,0.001166614901449,0.7162940979003907,59.96002664890073
part_003.mp4,2724,0,2,0.0121591337471511,0.8707598368326823,0.9029001907066062,1,0.0011191201070323,0.7157182693481445,59.96002664890073
part_003.mp4,2725,0,3,0.0132815484794264,0.8705360412597656,0.897220696343316,2,0.0011015599857933,0.7153470993041993,59.96002664890073
part_003.mp4,2726,0,3,0.0148678055975768,0.8737425486246745,0.8902463100574635,2,0.0011450701655121,0.7151611328125,59.96002664890073
part_003.mp4,2727,0,3,0.0164293582790368,0.8770248413085937,0.8815383116404215,2,0.0011771949270041,0.7150318145751953,59.96002664890073
part_003.mp4,2728,0,3,0.0177229814775805,0.8756790161132812,0.8750664622695358,2,0.0010450267720928,0.7133415857950847,59.96002664890073
part_003.mp4,2729,0,3,0.0195192988483338,0.8760929107666016,0.8661417078088831,2,0.0010194569761127,0.712179438273112,59.96002664890073
part_003.mp4,2730,0,3,0.0206466910316948,0.8758462905883789,0.858299050507722,2,0.0010928325389546,0.7115242640177409,59.96002664890073
part_003.mp4,2731,0,3,0.0209015940011451,0.8723438898722331,0.8532122135162353,2,0.0010715069019352,0.711612319946289,59.96002664890073
part_003.mp4,2732,0,3,0.022467654553776,0.87244078318278,0.8442331473032634,2,0.0011611536089912,0.7117485682169596,59.96002664890073
part_003.mp4,2733,0,4,0.0234983010287679,0.8705642700195313,0.8377812350237811,3,0.0012043599675827,0.7113420486450195,59.96002664890073
part_003.mp4,2734,0,3,0.0244008265528676,0.8699242273966471,0.8332539399464926,2,0.001240046316913,0.7114473978678385,59.96002664890073
part_003.mp4,2735,0,3,0.0254109233922766,0.8685551325480143,0.8272228452894422,2,0.001224154433326,0.7115348815917969,59.96002664890073
part_003.mp4,2736,0,4,0.0267899882549116,0.868025271097819,0.8180716055410879,3,0.0012594526671131,0.7110332489013672,59.96002664890073
part_003.mp4,2737,0,3,0.0271610027172923,0.8654117584228516,0.8135494514747902,2,0.0012255231049601,0.7102848688761393,59.96002664890073
part_003.mp4,2738,0,3,0.0277747352147667,0.8640039443969727,0.8072709048235858,2,0.0012523765350838,0.7102596282958984,59.96002664890073
part_003.mp4,2739,0,3,0.0282006950801911,0.8613461176554362,0.8003850724962023,2,0.001240046758666,0.7102056503295898,59.96002664890073
part_003.mp4,2740,0,4,0.0294272885833008,0.8620245615641277,0.793479961819119,3,0.0011765645871896,0.7098283131917318,59.96002664890073
part_003.mp4,2741,0,4,0.0294191743426064,0.8587145487467448,0.7906317463627568,3,0.0011693324901977,0.7091111501057943,59.96002664890073
part_003.mp4,2742,0,4,0.0301906425840301,0.85864683787028,0.7849491967095269,3,0.0011480806278996,0.7085006078084309,59.96002664890073
part_003.mp4,2743,0,4,0.0318262332160008,0.8609533945719401,0.7792005750868055,3,0.0011481955487828,0.7081844965616862,59.96002664890073
part_003.mp4,2744,0,3,0.0307517587115257,0.8501404444376628,0.7717486981992369,2,0.0011959790270797,0.7083002726236979,59.96002664890073
part_003.mp4,2745,0,4,0.0315368228215447,0.8497486750284831,0.766935200161404,3,0.0012313716602942,0.7081261952718099,59.96002664890073
part_003.mp4,2746,0,4,0.0356093694124798,0.8625007629394531,0.7603839521054868,3,0.001212158349334,0.7075294494628906,59.96002664890073
part_003.mp4,2747,0,4,0.0361868451093929,0.8613121032714843,0.7561738544040256,3,0.0011958740125582,0.707234255472819,59.96002664890073
part_003.mp4,2748,0,3,0.0373447306553817,0.8608320236206055,0.7523623713740596,2,0.0012196594091235,0.7071476618448893,59.96002664890073
part_003.mp4,2749,0,3,0.038342670400075,0.8622610727945964,0.7482581809714989,2,0.0012322720528269,0.7070629119873046,59.96002664890073
part_003.mp4,2750,0,3,0.0393753022823498,0.8620721817016601,0.7436893816347475,2,0.0012324239366959,0.7069424947102865,59.96002664890073
part_003.mp4,2751,0,3,0.0397107611299725,0.8623558044433594,0.7387284172905816,2,0.0012956569476317,0.7068763732910156,59.96002664890073
part_003.mp4,2752,0,3,0.0408667577396732,0.8640575408935547,0.7345601823594835,2,0.0012710589314465,0.706596310933431,59.96002664890073
part_003.mp4,2753,0,3,0.0417732712603699,0.863521957397461,0.7283406081023039,2,0.0012680463696597,0.7063098907470703,59.96002664890073
part_003.mp4,2754,0,3,0.0426755313184575,0.8637422561645508,0.7241122422394929,2,0.0012366452013763,0.7060331344604492,59.96002664890073
part_003.mp4,2755,0,3,0.0434514801983095,0.8641092300415039,0.7199384548045971,2,0.0012461723120779,0.7057549794514973,59.96002664890073
part_003.mp4,2756,0,3,0.0441294768156512,0.8633921305338542,0.7157910029093425,2,0.0012858080462966,0.7055685679117839,59.96002664890073
part_003.mp4,2757,0,3,0.0448585437899695,0.863598124186198,0.7126925645051179,2,0.0013633142749313,0.7057268142700195,59.96002664890073
part_003.mp4,2758,0,4,0.0457538886370417,0.864276123046875,0.7068392682958532,3,0.0013476659712614,0.7054527282714844,59.96002664890073
part_003.mp4,2759,0,3,0.0466290183334013,0.8642999649047851,0.7012343230070891,2,0.0013104752173724,0.7050385157267253,59.96002664890073
part_003.mp4,2760,0,3,0.0471692240895161,0.8636742273966471,0.6979517866064001,2,0.0013104423715008,0.7046051661173502,59.96002664890073
part_003.mp4,2761,0,3,0.0478268644928013,0.8640531539916992,0.6955884721544053,2,0.0013073290176193,0.7043615341186523,59.96002664890073
part_003.mp4,2762,0,4,0.0485715405689795,0.8636920928955079,0.6919222089979383,3,0.0013136897493084,0.7041070938110352,59.96002664890073
part_003.mp4,2763,0,4,0.0505519412304588,0.8659101486206054,0.6867623470447681,3,0.0012942852059387,0.7041570663452148,59.96002664890073
part_003.mp4,2764,0,4,0.0517638903974633,0.866840934753418,0.683092286851671,3,0.0013046059362018,0.7041919708251954,59.96002664890073
part_003.mp4,2765,0,4,0.0521987889959806,0.8671598434448242,0.6802973570647063,3,0.0013221701276617,0.7039943695068359,59.96002664890073
part_003.mp4,2766,0,4,0.0531594311065149,0.8676580429077149,0.6765141946298104,3,0.0013214488440684,0.7037223815917969,59.96002664890073
part_003.mp4,2767,0,4,0.0535953023401089,0.8670282363891602,0.6745546129014757,3,0.0013181683262034,0.703350321451823,59.96002664890073
part_003.mp4,2768,0,4,0.0540047496087047,0.8666676203409831,0.6710015614827474,3,0.0013227209448814,0.7031295776367188,59.96002664890073
part_003.mp4,2769,0,5,0.0548186184470614,0.8656728744506836,0.6662284957038032,4,0.0013366594179145,0.7030205408732096,59.96002664890073
part_003.mp4,2770,0,5,0.055835674558176,0.8656089782714844,0.663697263929579,4,0.0013532809539299,0.70323486328125,59.96002664890073
part_003.mp4,2771,0,5,0.0562837407854709,0.8648977915445963,0.6613828870985243,4,0.0013807413426952,0.7031795501708984,59.96002664890073
part_003.mp4,2772,0,5,0.0557628197995618,0.8624560038248698,0.6583792933711299,4,0.001450508308599,0.7030302047729492,59.96002664890073
part_003.mp4,2773,0,5,0.0562631641118605,0.8613569895426433,0.6523312992519803,4,0.0015075808072126,0.7029692331949869,59.96002664890073
part_003.mp4,2774,0,5,0.0567030186764895,0.8597066879272461,0.6497667100694444,4,0.0015056924174617,0.7027292887369792,59.96002664890073
part_003.mp4,2775,0,5,0.0573269153903468,0.8601436614990234,0.6468719199851707,4,0.0014744503375388,0.7023759841918945,59.96002664890073
part_003.mp4,2776,0,5,0.0577707161805301,0.8597892761230469,0.6441717359754774,4,0.0013362910524786,0.7015966415405274,59.96002664890073
part_003.mp4,2777,0,5,0.0580892746243625,0.8583337783813476,0.6394565158420139,4,0.0013589720572862,0.7015122095743815,59.96002664890073
part_003.mp4,2778,0,4,0.0580995056851239,0.8566593805948893,0.6373313197383175,3,0.0013640616135671,0.7011921564737956,59.96002664890073
part_003.mp4,2779,0,4,0.0578655091077477,0.8554225921630859,0.6353173997667101,3,0.0014212061677244,0.7013216018676758,59.96002664890073
part_003.mp4,2780,0,4,0.0574191214004208,0.8531028747558593,0.6320022583007813,3,0.0014544265545339,0.7014870325724284,59.96002664890073
part_003.mp4,2781,0,4,0.0574267652323706,0.8508073806762695,0.6286615159776475,3,0.0014764645663348,0.7011815388997396,59.96002664890073
part_003.mp4,2782,0,4,0.0568467212549337,0.8479053497314453,0.6263764275444879,3,0.0014705841770261,0.7010829289754231,59.96002664890073
part_003.mp4,2783,0,4,0.0565115137468918,0.845593516031901,0.6240350228768808,3,0.0014117332819431,0.7006162643432617,59.96002664890073
part_003.mp4,2784,0,4,0.0567271501322587,0.8448453903198242,0.6216342502170139,3,0.0013682672371699,0.7002294540405274,59.96002664890073
part_003.mp4,2785,0,3,0.0561115016016346,0.8411581675211589,0.619271002875434,2,0.0013554973096729,0.6997550964355469,59.96002664890073
part_003.mp4,2786,0,3,0.0556713149675892,0.8384830474853515,0.6166719224717881,2,0.0013357199043614,0.6993208567301432,59.96002664890073
part_003.mp4,2787,0,3,0.0550807963582445,0.836163584391276,0.6154044822410301,2,0.0013623909057329,0.699303944905599,59.96002664890073
part_003.mp4,2788,0,3,0.0548241650381047,0.8339641571044922,0.6120556301540798,2,0.0013438068288249,0.6992035547892252,59.96002664890073
part_003.mp4,2789,0,3,0.0552412352345951,0.8323234558105469,0.607534662882487,2,0.0013897605341238,0.69951171875,59.96002664890073
part_003.mp4,2790,0,3,0.0545481746862518,0.8302462259928386,0.6055754061098452,2,0.0013954168944447,0.6994604110717774,59.96002664890073
part_003.mp4,2791,0,3,0.0545786625077986,0.8292657852172851,0.602006106906467,2,0.0013930559509834,0.6994354248046875,59.96002664890073
part_003.mp4,2792,0,3,0.0550438184028543,0.8288047790527344,0.5995207044813368,3,0.0550438184028543,0.8288047790527344,59.96002664890073
part_003.mp4,2793,0,3,0.0543955457329004,0.8261582056681315,0.5967349582248264,3,0.0543955457329004,0.8261582056681315,59.96002664890073
part_003.mp4,2794,0,3,0.0541937834341661,0.8248203277587891,0.5937935864483869,3,0.0541937834341661,0.8248203277587891,59.96002664890073
part_003.mp4,2795,0,3,0.0540411878488521,0.8240621566772461,0.5921075750280309,3,0.0540411878488521,0.8240621566772461,59.96002664890073
part_003.mp4,2796,0,3,0.0530626575058515,0.8208959579467774,0.5903514155635128,3,0.0530626575058515,0.8208959579467774,59.96002664890073
part_003.mp4,2797,0,3,0.0517663400965587,0.8178939819335938,0.5842225392659505,3,0.0517663400965587,0.8178939819335938,59.96002664890073
part_003.mp4,2798,0,3,0.0508336407944255,0.8166430155436198,0.5757534592239945,3,0.0508336407944255,0.8166430155436198,59.96002664890073
part_003.mp4,2799,0,3,0.049404952158026,0.8156286875406901,0.5662130143907335,3,0.049404952158026,0.8156286875406901,59.96002664890073
part_003.mp4,2800,0,3,0.0484125589763021,0.8139746348063152,0.5609995947943793,3,0.0484125589763021,0.8139746348063152,59.96002664890073
part_003.mp4,2801,0,3,0.047189596823523,0.8123976389567057,0.5539210142912688,3,0.047189596823523,0.8123976389567057,59.96002664890073
part_003.mp4,2802,0,3,0.0460809543272976,0.809903907775879,0.5455207118281612,3,0.0460809543272976,0.809903907775879,59.96002664890073
part_003.mp4,2803,0,2,0.0453770632317326,0.8089392344156902,0.5386272147849754,2,0.0453770632317326,0.8089392344156902,59.96002664890073
part_003.mp4,2804,0,3,0.0448241067585735,0.8085012435913086,0.5343332078721789,3,0.0448241067585735,0.8085012435913086,59.96002664890073
part_003.mp4,2805,0,3,0.0428926603986312,0.8056201934814453,0.5243492126464844,3,0.0428926603986312,0.8056201934814453,59.96002664890073
part_003.mp4,2806,0,3,0.0421471413185322,0.8038105010986328,0.5196586750171802,3,0.0421471413185322,0.8038105010986328,59.96002664890073
part_003.mp4,2807,0,3,0.0416947329855045,0.8033960978190104,0.5163016425238716,3,0.0416947329855045,0.8033960978190104,59.96002664890073
part_003.mp4,2808,0,3,0.0412467006043071,0.8025901794433594,0.5121891445583767,3,0.0412467006043071,0.8025901794433594,59.96002664890073
part_003.mp4,2809,0,3,0.0403067547427053,0.8013751983642579,0.5054075029161241,3,0.0403067547427053,0.8013751983642579,59.96002664890073
part_003.mp4,2810,0,3,0.0391343466829749,0.7993913650512695,0.500974358452691,3,0.0391343466829749,0.7993913650512695,59.96002664890073
part_003.mp4,2811,0,2,0.0377686912705636,0.7970011393229167,0.4994942982991536,2,0.0377686912705636,0.7970011393229167,59.96002664890073
part_003.mp4,2812,0,3,0.0370716210712055,0.7960697174072265,0.4932149392587167,3,0.0370716210712055,0.7960697174072265,59.96002664890073
part_003.mp4,2813,0,2,0.0362685385014952,0.7942815780639648,0.4888554043240017,2,0.0362685385014952,0.7942815780639648,59.96002664890073
part_003.mp4,2814,0,3,0.0361770637127124,0.7940636952718099,0.4902965051156503,3,0.0361770637127124,0.7940636952718099,59.96002664890073
part_003.mp4,2815,0,3,0.0352014359466449,0.7914627075195313,0.4855323085078487,3,0.0352014359466449,0.7914627075195313,59.96002664890073
part_003.mp4,2816,0,3,0.0350124536589201,0.7912303924560546,0.4846600002712674,3,0.0350124536589201,0.7912303924560546,59.96002664890073
part_003.mp4,2817,0,3,0.0345631643252245,0.7907112757364909,0.4775833553738064,3,0.0345631643252245,0.7907112757364909,59.96002664890073
part_003.mp4,2818,0,3,0.0341156073252366,0.7897722244262695,0.4764378441704644,3,0.0341156073252366,0.7897722244262695,59.96002664890073
part_003.mp4,2819,0,3,0.0333301783292942,0.7882759094238281,0.4733780331081814,3,0.0333301783292942,0.7882759094238281,59.96002664890073
part_003.mp4,2820,1,3,0.0329129453321365,0.7875647226969401,0.4744520823160807,3,0.0329129453321365,0.7875647226969401,59.96002664890073
part_003.mp4,2821,1,3,0.0320695879739709,0.7858331680297852,0.4702217031408239,3,0.0320695879739709,0.7858331680297852,59.96002664890073
part_003.mp4,2822,1,3,0.0314544999442983,0.7847992579142252,0.4677267215870045,3,0.0314544999442983,0.7847992579142252,59.96002664890073
part_003.mp4,2823,1,3,0.0309774183693257,0.7839025497436524,0.4648361347339771,3,0.0309774183693257,0.7839025497436524,59.96002664890073
part_003.mp4,2824,1,2,0.0303274131321881,0.7823446909586589,0.4616276140566225,2,0.0303274131321881,0.7823446909586589,59.96002664890073
part_003.mp4,2825,1,2,0.0297492495244067,0.7817455291748047,0.4576177808973524,2,0.0297492495244067,0.7817455291748047,59.96002664890073
part_003.mp4,2826,1,3,0.0295581481888317,0.780962880452474,0.4561044057210286,3,0.0295581481888317,0.780962880452474,59.96002664890073
part_003.mp4,2827,1,3,0.0286400690914592,0.779374631245931,0.4520988605640553,3,0.0286400690914592,0.779374631245931,59.96002664890073
part_003.mp4,2828,1,3,0.0280238036427208,0.7788671493530274,0.4487264138680917,3,0.0280238036427208,0.7788671493530274,59.96002664890073
part_003.mp4,2829,1,3,0.0275591258458815,0.7783123652140299,0.4457136789957682,3,0.0275591258458815,0.7783123652140299,59.96002664890073
part_003.mp4,2830,1,3,0.027468229411822,0.7779380798339843,0.4439740075005425,3,0.027468229411822,0.7779380798339843,59.96002664890073
part_003.mp4,2831,1,3,0.0267523319493112,0.7761079788208007,0.4412499886971933,3,0.0267523319493112,0.7761079788208007,59.96002664890073
part_003.mp4,2832,1,3,0.0265835857055854,0.7762104670206705,0.4386945088704427,3,0.0265835857055854,0.7762104670206705,59.96002664890073
part_003.mp4,2833,1,3,0.0260146177793245,0.7756196975708007,0.4322341918945312,3,0.0260146177793245,0.7756196975708007,59.96002664890073
part_003.mp4,2834,1,3,0.0255425181082601,0.7747520446777344,0.4289123111300998,3,0.0255425181082601,0.7747520446777344,59.96002664890073
part_003.mp4,2835,1,3,0.0251153604005032,0.7741497039794922,0.4266227015742549,3,0.0251153604005032,0.7741497039794922,59.96002664890073
part_003.mp4,2836,1,3,0.0245929561801959,0.7736498514811198,0.4230593787299262,3,0.0245929561801959,0.7736498514811198,59.96002664890073
part_003.mp4,2837,1,3,0.0241238487662,0.7725399653116862,0.419961420694987,3,0.0241238487662,0.7725399653116862,59.96002664890073
part_003.mp4,2838,1,3,0.0235076091232864,0.7708013534545899,0.4158854166666667,3,0.0235076091232864,0.7708013534545899,59.96002664890073
part_003.mp4,2839,1,4,0.0233215408707716,0.7714223861694336,0.411564212375217,4,0.0233215408707716,0.7714223861694336,59.96002664890073
part_003.mp4,2840,1,5,0.0228691714567442,0.7710512797037761,0.4050281100802951,4,0.0228691714567442,0.7710512797037761,59.96002664890073
part_003.mp4,2841,1,6,0.0221404795206251,0.7689345677693685,0.4022059970431857,5,0.0221404795206251,0.7689345677693685,59.96002664890073
part_003.mp4,2842,1,6,0.0220320452072822,0.7687173843383789,0.3948329925537109,5,0.0220320452072822,0.7687173843383789,59.96002664890073
part_003.mp4,2843,1,6,0.0216737833895496,0.7682479858398438,0.3921444363064236,5,0.0216737833895496,0.7682479858398438,59.96002664890073
part_003.mp4,2844,1,6,0.0211783378553836,0.7676315307617188,0.3894350263807509,5,0.0211783378553836,0.7676315307617188,59.96002664890073
part_003.mp4,2845,1,6,0.0208963259557945,0.7676715215047201,0.3826733200638382,5,0.0208963259557945,0.7676715215047201,59.96002664890073
part_003.mp4,2846,1,6,0.0203685400333294,0.7676477432250977,0.3772190517849392,5,0.0203685400333294,0.7676477432250977,59.96002664890073
part_003.mp4,2847,1,6,0.0201698063939585,0.7671410878499348,0.3731819576687283,5,0.0201698063939585,0.7671410878499348,59.96002664890073
part_003.mp4,2848,1,5,0.0200265312063111,0.7670653661092123,0.366454753169307,4,0.0200265312063111,0.7670653661092123,59.96002664890073
part_003.mp4,2849,1,6,0.042924377013955,0.9990432739257812,0.856035402086046,4,0.0197747761756424,0.7667147954305013,59.96002664890073
part_003.mp4,2850,1,5,0.0500800834135292,0.998679542541504,0.8361963925538239,4,0.019783986216757,0.7669677734375,59.96002664890073
part_003.mp4,2851,1,6,0.0560845251119634,0.999587059020996,0.8190690517425537,5,0.0192736179006439,0.7664915084838867,59.96002664890073
part_003.mp4,2852,1,6,0.0645932071955003,0.9994176864624024,0.8029369636818214,5,0.0188185369551609,0.766223653157552,59.96002664890073
part_003.mp4,2853,1,7,0.0699401857826667,0.9995311737060548,0.787874228866012,6,0.0186534012980647,0.7657295862833658,59.96002664890073
part_003.mp4,2854,1,5,0.0764619533990965,0.9995145797729492,0.7687281078762478,4,0.0183461781013951,0.7655353546142578,59.96002664890073
part_003.mp4,2855,1,6,0.082052630984116,0.9996450424194336,0.754796423735442,5,0.0180033227578085,0.7650759379069011,59.96002664890073
part_003.mp4,2856,1,6,0.0861850266521166,0.999239730834961,0.7446738772922092,5,0.0174823953925052,0.7639856338500977,59.96002664890073
part_003.mp4,2857,1,5,0.0907355120908444,0.9992737452189128,0.7334242290920682,4,0.0169166896479038,0.7639583587646485,59.96002664890073
part_003.mp4,2858,1,5,0.0963149746267865,0.9990652084350586,0.7153381983439128,4,0.0170190803864183,0.7637425740559896,59.96002664890073
part_003.mp4,2859,1,5,0.1007121244192758,0.9994739532470704,0.7013236257765029,4,0.016475862587276,0.7630338668823242,59.96002664890073
part_003.mp4,2860,1,5,0.1042719650411459,0.9994340896606444,0.6922264522976346,4,0.0158406204845016,0.7626461664835612,59.96002664890073
part_003.mp4,2861,1,5,0.1090271958663733,0.9994495391845704,0.6789956410725911,4,0.0155884725574125,0.7620388666788737,59.96002664890073
part_003.mp4,2862,1,5,0.1124327826703302,0.9994600296020508,0.6693135685390896,4,0.0150337485548839,0.7620513916015625,59.96002664890073
part_003.mp4,2863,1,6,0.1159671539340504,0.999487559000651,0.6575697157118056,5,0.0148085638203257,0.7618534088134765,59.96002664890073
part_003.mp4,2864,1,5,0.1189893539518016,0.9994997024536132,0.6485057300991482,4,0.0136570906472883,0.7597663879394532,59.96002664890073
part_003.mp4,2865,1,4,0.1217596429522705,0.999402109781901,0.6384391360812717,3,0.0131620214741754,0.7598621368408203,59.96002664890073
part_003.mp4,2866,1,4,0.1257936524537783,0.9994359970092772,0.6269736819797092,3,0.0119735620170831,0.7592371622721354,59.96002664890073
part_003.mp4,2867,1,5,0.1288555110725348,0.9994208017985026,0.6163920508490668,4,0.0116062619838788,0.7581714630126953,59.96002664890073
part_003.mp4,2868,1,5,0.1321552397365276,0.9994266510009766,0.6075008533619068,4,0.0112054906427187,0.7561408996582031,59.96002664890073
part_003.mp4,2869,1,5,0.1347433428236399,0.99943052927653,0.600081041124132,4,0.010763071849193,0.756014633178711,59.96002664890073
part_003.mp4,2870,1,4,0.138222701101137,0.9994242350260416,0.5896007961697048,4,0.138222701101137,0.9994242350260416,59.96002664890073
part_003.mp4,2871,1,5,0.139782719277573,0.9994604746500652,0.583394792344835,5,0.139782719277573,0.9994604746500652,59.96002664890073
part_003.mp4,2872,1,4,0.1424659411827128,0.9994373321533204,0.5755814446343316,4,0.1424659411827128,0.9994373321533204,59.96002664890073
part_003.mp4,2873,1,4,0.1446951785864776,0.999477195739746,0.568854014078776,4,0.1446951785864776,0.999477195739746,59.96002664890073
part_003.mp4,2874,1,4,0.1469341057662462,0.999449348449707,0.5606540397361472,4,0.1469341057662462,0.999449348449707,59.96002664890073
part_003.mp4,2875,1,5,0.1498498799840389,0.999476687113444,0.5525476667616103,5,0.1498498799840389,0.999476687113444,59.96002664890073
part_003.mp4,2876,1,4,0.1512741037183851,0.9994928359985352,0.5478273179796007,4,0.1512741037183851,0.9994928359985352,59.96002664890073
part_003.mp4,2877,1,4,0.1530443937862421,0.9995166778564452,0.542415279812283,4,0.1530443937862421,0.9995166778564452,59.96002664890073
part_003.mp4,2878,1,4,0.1553614668530644,0.99964656829834,0.53348388671875,4,0.1553614668530644,0.99964656829834,59.96002664890073
part_003.mp4,2879,1,4,0.1571147767786492,0.999603271484375,0.5256110297309028,4,0.1571147767786492,0.999603271484375,59.96002664890073
part_003.mp4,2880,1,4,0.1594988777115294,0.9996524810791017,0.5205898143627026,4,0.1594988777115294,0.9996524810791017,59.96002664890073
part_003.mp4,2881,1,4,0.1613703207645772,0.999379539489746,0.515531963772244,4,0.1613703207645772,0.999379539489746,59.96002664890073
part_003.mp4,2882,1,5,0.1637284396542236,0.999457041422526,0.5069566514756945,5,0.1637284396542236,0.999457041422526,59.96002664890073
part_003.mp4,2883,1,4,0.1650179881496251,0.9995458602905274,0.5040869677508318,4,0.1650179881496251,0.9995458602905274,59.96002664890073
part_003.mp4,2884,1,4,0.1657672122118405,0.9994451522827148,0.5003874178285952,4,0.1657672122118405,0.9994451522827148,59.96002664890073
part_003.mp4,2885,1,4,0.1676454873933781,0.9995616912841796,0.4960413191053602,4,0.1676454873933781,0.9995616912841796,59.96002664890073
part_003.mp4,2886,1,4,0.1689827992912722,0.9994548797607422,0.4922473483615451,4,0.1689827992912722,0.9994548797607422,59.96002664890073
part_003.mp4,2887,1,4,0.1702243110541167,0.9995429992675782,0.4867805904812283,4,0.1702243110541167,0.9995429992675782,59.96002664890073
part_003.mp4,2888,1,4,0.1716732600344969,0.999543571472168,0.4827995724148221,4,0.1716732600344969,0.999543571472168,59.96002664890073
part_003.mp4,2889,1,5,0.1720015314932917,0.9996271133422852,0.4794369874177155,5,0.1720015314932917,0.9996271133422852,59.96002664890073
part_003.mp4,2890,1,5,0.1741731884442075,0.999733543395996,0.4741196808991609,5,0.1741731884442075,0.999733543395996,59.96002664890073
part_003.mp4,2891,1,5,0.1756907927206581,0.9996936798095704,0.4698851691351997,5,0.1756907927206581,0.9996936798095704,59.96002664890073
part_003.mp4,2892,1,5,0.1775480254291324,0.9997039794921876,0.4649119624385127,5,0.1775480254291324,0.9997039794921876,59.96002664890073
part_003.mp4,2893,1,5,0.1778111730492673,0.999615478515625,0.4629553900824653,5,0.1778111730492673,0.999615478515625,59.96002664890073
part_003.mp4,2894,1,3,0.1789732582013433,0.999658203125,0.4594774034288194,3,0.1789732582013433,0.999658203125,59.96002664890073
part_003.mp4,2895,1,3,0.1802121732904386,0.9996738433837892,0.4537468662968388,3,0.1802121732904386,0.9996738433837892,59.96002664890073
part_003.mp4,2896,1,3,0.181159555309176,0.9996261596679688,0.4515857131392867,3,0.181159555309176,0.9996261596679688,59.96002664890073
part_003.mp4,2897,1,3,0.1818390054360363,0.999501609802246,0.4486217781349464,3,0.1818390054360363,0.999501609802246,59.96002664890073
part_003.mp4,2898,1,3,0.1826037348490156,0.9995628356933594,0.4452903888843678,3,0.1826037348490156,0.9995628356933594,59.96002664890073
part_003.mp4,2899,1,3,0.1843093062985065,0.9995789210001628,0.4411502696849682,3,0.1843093062985065,0.9995789210001628,59.96002664890073
part_003.mp4,2900,1,3,0.1851654039540638,0.9997093836466472,0.4391278867368345,3,0.1851654039540638,0.9997093836466472,59.96002664890073
part_003.mp4,2901,1,3,0.1859366939426399,0.9997568766276042,0.4362169901529948,3,0.1859366939426399,0.9997568766276042,59.96002664890073
part_003.mp4,2902,1,3,0.1878480570868123,0.9998992919921876,0.4334747314453125,3,0.1878480570868123,0.9998992919921876,59.96002664890073
part_003.mp4,2903,1,3,0.1885486059747586,0.999672508239746,0.4316103899920428,3,0.1885486059747586,0.999672508239746,59.96002664890073
part_003.mp4,2904,1,2,0.1889730545659808,0.9996719360351562,0.4287772284613715,2,0.1889730545659808,0.9996719360351562,59.96002664890073
part_003.mp4,2905,1,2,0.1896223340168944,0.9998007456461588,0.4259723239474826,2,0.1896223340168944,0.9998007456461588,59.96002664890073
part_003.mp4,2906,1,2,0.1902352393105522,0.9998001098632812,0.4231561448838976,2,0.1902352393105522,0.9998001098632812,59.96002664890073
part_003.mp4,2907,1,2,0.1906612480504231,0.999626922607422,0.4209207605432581,2,0.1906612480504231,0.999626922607422,59.96002664890073
part_003.mp4,2908,1,2,0.1918404295611091,0.9996788024902344,0.4167619493272569,2,0.1918404295611091,0.9996788024902344,59.96002664890073
part_003.mp4,2909,1,2,0.1915771230187965,0.998445192972819,0.4139147723162615,2,0.1915771230187965,0.998445192972819,59.96002664890073
part_003.mp4,2910,1,2,0.1893469149680566,0.9927923202514648,0.4101962054217303,2,0.1893469149680566,0.9927923202514648,59.96002664890073
part_003.mp4,2911,1,2,0.1824415059051588,0.980994987487793,0.4084950199833623,2,0.1824415059051588,0.980994987487793,59.96002664890073
part_003.mp4,2912,1,2,0.177937404463349,0.973625373840332,0.4069799211290147,2,0.177937404463349,0.973625373840332,59.96002664890073
part_003.mp4,2913,1,2,0.1743909001093858,0.9663756052652996,0.4063207555700232,2,0.1743909001093858,0.9663756052652996,59.96002664890073
part_003.mp4,2914,1,2,0.1706891474255098,0.959043312072754,0.4027670542399088,2,0.1706891474255098,0.959043312072754,59.96002664890073
part_003.mp4,2915,1,2,0.1679519877089415,0.9522899627685548,0.4010234550193504,2,0.1679519877089415,0.9522899627685548,59.96002664890073
part_003.mp4,2916,1,2,0.165422893747512,0.9475465774536131,0.3986881962528935,2,0.165422893747512,0.9475465774536131,59.96002664890073
part_003.mp4,2917,1,3,0.1609517043865344,0.9416189829508465,0.3947525872124566,2,0.1609517043865344,0.9416189829508465,59.96002664890073
part_003.mp4,2918,1,2,0.1569283357661872,0.9360851923624676,0.3875826235170717,2,0.1569283357661872,0.9360851923624676,59.96002664890073
part_003.mp4,2919,1,4,0.1521985965330388,0.9302759170532228,0.3764582457365813,2,0.1521985965330388,0.9302759170532228,59.96002664890073
part_003.mp4,2920,1,3,0.1446069596377555,0.9244869867960612,0.3559893996627242,2,0.1446069596377555,0.9244869867960612,59.96002664890073
part_003.mp4,2921,1,3,0.1399881326791459,0.9189369201660156,0.3441652580543801,2,0.1399881326791459,0.9189369201660156,59.96002664890073
part_003.mp4,2922,1,3,0.1344916556048944,0.9159361521402994,0.3298688888549804,2,0.1344916556048944,0.9159361521402994,59.96002664890073
part_003.mp4,2923,1,3,0.1296805196005475,0.9115718841552736,0.3136788262261284,2,0.1296805196005475,0.9115718841552736,59.96002664890073
part_003.mp4,2924,1,3,0.1238791925052754,0.9069334030151368,0.2982393052842882,2,0.1238791925052754,0.9069334030151368,59.96002664890073
part_003.mp4,2925,1,3,0.1200549431303564,0.903853225708008,0.2911575458667896,2,0.1200549431303564,0.903853225708008,59.96002664890073
part_003.mp4,2926,1,3,0.1145988223298142,0.8990001678466797,0.2738611857096354,2,0.1145988223298142,0.8990001678466797,59.96002664890073
part_003.mp4,2927,1,4,0.110760302425042,0.8945907592773438,0.264522213406033,3,0.110760302425042,0.8945907592773438,59.96002664890073
part_003.mp4,2928,1,3,0.1063985815443483,0.8915276209513346,0.2457208704065393,2,0.1063985815443483,0.8915276209513346,59.96002664890073
part_003.mp4,2929,1,4,0.102093543530306,0.8875930786132813,0.2385364108615451,3,0.102093543530306,0.8875930786132813,59.96002664890073
part_003.mp4,2930,1,4,0.0985729549136742,0.8835636774698893,0.2289033819127965,3,0.0985729549136742,0.8835636774698893,59.96002664890073
part_003.mp4,2931,1,4,0.0960019859063161,0.8801076889038086,0.2163254631890191,3,0.0960019859063161,0.8801076889038086,59.96002664890073
part_003.mp4,2932,1,3,0.0932547189544776,0.8764961878458659,0.2098254309760199,2,0.0932547189544776,0.8764961878458659,59.96002664890073
part_003.mp4,2933,1,3,0.0915458554804399,0.8744406382242839,0.2009885293466073,2,0.0915458554804399,0.8744406382242839,59.96002664890073
part_003.mp4,2934,1,3,0.0896886385680031,0.8727165222167969,0.1848376662642867,2,0.0896886385680031,0.8727165222167969,59.96002664890073
part_003.mp4,2935,1,4,0.0867784053281502,0.8697057723999023,0.1734197122079354,3,0.0867784053281502,0.8697057723999023,59.96002664890073
part_003.mp4,2936,1,4,0.0841911487477935,0.8686592102050781,0.1627440275969328,3,0.0841911487477935,0.8686592102050781,59.96002664890073
part_003.mp4,2937,1,4,0.0788007489324476,0.8636890411376953,0.1495170875831886,3,0.0788007489324476,0.8636890411376953,59.96002664890073
part_003.mp4,2938,1,4,0.0768728114693227,0.8615892410278321,0.1408976802119502,3,0.0768728114693227,0.8615892410278321,59.96002664890073
part_003.mp4,2939,1,4,0.075280337934172,0.8601949691772461,0.127589444760923,3,0.075280337934172,0.8601949691772461,59.96002664890073
part_003.mp4,2940,1,4,0.0727504405766699,0.8583358764648438,0.1149462664568865,3,0.0727504405766699,0.8583358764648438,59.96002664890073
part_003.mp4,2941,1,4,0.0713266710272809,0.8558327356974283,0.1059566921657986,3,0.0713266710272809,0.8558327356974283,59.96002664890073
part_003.mp4,2942,1,4,0.0699040586364464,0.8542078018188477,0.0974642153139467,3,0.0699040586364464,0.8542078018188477,59.96002664890073
part_003.mp4,2943,1,4,0.0672243070217384,0.852827517191569,0.0850044533058449,3,0.0672243070217384,0.852827517191569,59.96002664890073
part_003.mp4,2944,1,4,0.0655799625669501,0.8498850504557292,0.0784780149106626,3,0.0655799625669501,0.8498850504557292,59.96002664890073
part_003.mp4,2945,1,4,0.0632504446254622,0.8472370783487956,0.0763098540129485,3,0.0632504446254622,0.8472370783487956,59.96002664890073
part_003.mp4,2946,1,4,0.0625298118728851,0.8470932642618815,0.0673566465024595,3,0.0625298118728851,0.8470932642618815,59.96002664890073
part_003.mp4,2947,1,4,0.0607500328844374,0.844012705485026,0.0638294078685619,3,0.0607500328844374,0.844012705485026,59.96002664890073
part_003.mp4,2948,1,4,0.0598280448791262,0.8420384089152019,0.0541180363407841,3,0.0598280448791262,0.8420384089152019,59.96002664890073
part_003.mp4,2949,1,4,0.0582611979644463,0.8412010828653972,0.0498732107656973,3,0.0582611979644463,0.8412010828653972,59.96002664890073
part_003.mp4,2950,1,4,0.0561243634212371,0.8392603556315105,0.0357201752839265,3,0.0561243634212371,0.8392603556315105,59.96002664890073
part_003.mp4,2951,1,4,0.0545062243723455,0.837580680847168,0.0326909100567853,3,0.0545062243723455,0.837580680847168,59.96002664890073
part_003.mp4,2952,1,5,0.0537532798426562,0.8360250473022461,0.0272257486979166,3,0.0537532798426562,0.8360250473022461,59.96002664890073
part_003.mp4,2953,1,5,0.052178554675904,0.8327875773111979,0.0221507884837962,3,0.052178554675904,0.8327875773111979,59.96002664890073
part_003.mp4,2954,1,6,0.0514915293707285,0.832690684000651,0.0168302182798032,4,0.0514915293707285,0.832690684000651,59.96002664890073
part_003.mp4,2955,1,5,0.0500614780389393,0.8303213119506836,0.0108293321397569,3,0.0500614780389393,0.8303213119506836,59.96002664890073
part_003.mp4,2956,1,5,0.0491505203562943,0.8288931528727214,0.0014748467339409,3,0.0491505203562943,0.8288931528727214,59.96002664890073
part_003.mp4,2957,1,5,0.0479982752606533,0.8267996470133464,0.0049234743471498,3,0.0479982752606533,0.8267996470133464,59.96002664890073
part_003.mp4,2958,1,6,0.0466124236731169,0.825628153483073,0.010198974609375,4,0.0466124236731169,0.825628153483073,59.96002664890073
part_003.mp4,2959,1,6,0.0477876181061152,0.9992439905802408,0.7530365979229963,4,0.0458422826272241,0.8244757334391276,59.96002664890073
part_003.mp4,2960,1,5,0.0520489689643,0.999580192565918,0.7379320568508572,3,0.0450288790927367,0.8218949000040691,59.96002664890073
part_003.mp4,2961,1,6,0.0584279079562596,0.9985374450683594,0.7146368521231192,4,0.0434060501596347,0.8188385645548503,59.96002664890073
part_003.mp4,2962,1,6,0.062838139527331,0.9997432708740236,0.704633723364936,4,0.0424003884204365,0.8172571182250976,59.96002664890073
part_003.mp4,2963,1,5,0.0676956892357453,0.9997364044189452,0.6896622657775879,3,0.0414139470402086,0.8160898208618164,59.96002664890073
part_003.mp4,2964,1,5,0.0731809512151004,0.9995075225830078,0.6751079700611256,3,0.039925602544099,0.8138286590576171,59.96002664890073
part_003.mp4,2965,1,5,0.0791256398757345,0.99952335357666,0.6645594526220251,3,0.038849695149531,0.8129560470581054,59.96002664890073
part_003.mp4,2966,1,5,0.0833802490438554,0.999509048461914,0.6534953223334419,3,0.0380718833416985,0.8112262725830078,59.96002664890073
part_003.mp4,2967,1,5,0.0881899759174147,0.9994813919067382,0.6389578925238715,3,0.0374652687747862,0.8093477884928385,59.96002664890073
part_003.mp4,2968,1,5,0.0916815766824422,0.9995208740234376,0.6292008293999566,3,0.0366082209044507,0.8076002120971679,59.96002664890073
part_003.mp4,2969,1,5,0.0949216042913138,0.9995107650756836,0.6204490802906177,3,0.0355101975513119,0.8057865778605143,59.96002664890073
part_003.mp4,2970,1,5,0.0979784830555015,0.9995040893554688,0.6085004312020761,3,0.0347484620330753,0.8043938318888346,59.96002664890073
part_003.mp4,2971,1,5,0.1016646228473352,0.9994978586832682,0.5990269554985894,4,0.1016646228473352,0.9994978586832682,59.96002664890073
part_003.mp4,2972,1,5,0.1054665779741346,0.999472427368164,0.5886625643129701,4,0.1054665779741346,0.999472427368164,59.96002664890073
part_003.mp4,2973,1,5,0.1081520627763475,0.9994857788085938,0.5819765020299841,4,0.1081520627763475,0.9994857788085938,59.96002664890073
part_003.mp4,2974,1,5,0.1113974281956702,0.999482536315918,0.5747056042706525,4,0.1113974281956702,0.999482536315918,59.96002664890073
part_003.mp4,2975,1,5,0.1151015583561739,0.9994930267333983,0.5675153096516927,4,0.1151015583561739,0.9994930267333983,59.96002664890073
part_003.mp4,2976,1,5,0.1175383778414592,0.9994699478149414,0.5586024814181858,4,0.1175383778414592,0.9994699478149414,59.96002664890073
part_003.mp4,2977,1,5,0.1234089962960677,0.9994209289550782,0.5506179527000145,4,0.1234089962960677,0.9994209289550782,59.96002664890073
part_003.mp4,2978,1,5,0.1274911539433944,0.9995153427124024,0.5424051072862414,5,0.1274911539433944,0.9995153427124024,59.96002664890073
part_003.mp4,2979,1,5,0.1287102268543094,0.9994945526123048,0.5375774807400173,5,0.1287102268543094,0.9994945526123048,59.96002664890073
part_003.mp4,2980,1,5,0.1316199920675555,0.9995041529337564,0.5331940544976128,5,0.1316199920675555,0.9995041529337564,59.96002664890073
part_003.mp4,2981,1,5,0.1342776285983078,0.9994873682657878,0.5263030582004123,5,0.1342776285983078,0.9994873682657878,59.96002664890073
part_003.mp4,2982,1,6,0.1375249271578246,0.9994400024414064,0.5197508917914496,5,0.1375249271578246,0.9994400024414064,59.96002664890073
part_003.mp4,2983,1,5,0.1401603843945683,0.999411392211914,0.5144852814850984,5,0.1401603843945683,0.999411392211914,59.96002664890073
part_003.mp4,2984,1,5,0.1425484034258665,0.9994261423746744,0.5077114529079861,5,0.1425484034258665,0.9994261423746744,59.96002664890073
part_003.mp4,2985,1,5,0.1436435342671164,0.9994245529174804,0.5043760511610244,5,0.1436435342671164,0.9994245529174804,59.96002664890073
part_003.mp4,2986,1,5,0.1446511819305952,0.9994091033935548,0.5016821119520399,5,0.1446511819305952,0.9994091033935548,59.96002664890073
part_003.mp4,2987,1,5,0.1474968680855117,0.9994274139404296,0.4970014077645761,5,0.1474968680855117,0.9994274139404296,59.96002664890073
part_003.mp4,2988,1,5,0.1493491955522956,0.9993892669677734,0.4921622523555049,5,0.1493491955522956,0.9993892669677734,59.96002664890073
part_003.mp4,2989,1,5,0.1504663879794922,0.9993350982666016,0.4908163000036169,5,0.1504663879794922,0.9993350982666016,59.96002664890073
part_003.mp4,2990,1,5,0.1528952630461221,0.9995180130004884,0.4837755697744864,5,0.1528952630461221,0.9995180130004884,59.96002664890073
part_003.mp4,2991,1,4,0.1557118500971814,0.9996273040771484,0.4796694013807508,4,0.1557118500971814,0.9996273040771484,59.96002664890073
part_003.mp4,2992,1,4,0.1587429188424721,0.9996094385782878,0.4748038963035301,4,0.1587429188424721,0.9996094385782878,59.96002664890073
part_003.mp4,2993,1,4,0.1600883673527278,0.9995458602905274,0.4686746102792245,4,0.1600883673527278,0.9995458602905274,59.96002664890073
part_003.mp4,2994,1,5,0.1635181841348471,0.999509620666504,0.4641153830069083,5,0.1635181841348471,0.999509620666504,59.96002664890073
part_003.mp4,2995,1,4,0.1636696259025241,0.9995072046915692,0.4607379348189742,4,0.1636696259025241,0.9995072046915692,59.96002664890073
part_003.mp4,2996,1,4,0.164774689753362,0.9994621912638346,0.4548593309190538,4,0.164774689753362,0.9994621912638346,59.96002664890073
part_003.mp4,2997,1,5,0.1660884145555125,0.9994822184244792,0.4491860283745659,5,0.1660884145555125,0.9994822184244792,59.96002664890073
part_003.mp4,2998,1,4,0.1666305692768138,0.9994922637939452,0.4456268310546875,4,0.1666305692768138,0.9994922637939452,59.96002664890073
part_003.mp4,2999,1,5,0.1683762421613533,0.9995290756225584,0.441904534233941,5,0.1683762421613533,0.9995290756225584,59.96002664890073
part_003.mp4,3000,1,4,0.1696942229399509,0.9995058059692384,0.4364947848849826,4,0.1696942229399509,0.9995058059692384,59.96002664890073
part_003.mp4,3001,1,4,0.1711687523399531,0.9994810104370118,0.4342386881510416,4,0.1711687523399531,0.9994810104370118,59.96002664890073
part_003.mp4,3002,1,5,0.1725366296110183,0.9994594573974608,0.4305581269440827,5,0.1725366296110183,0.9994594573974608,59.96002664890073
part_003.mp4,3003,1,3,0.173694167164261,0.9994362513224284,0.427725346883138,3,0.173694167164261,0.9994362513224284,59.96002664890073
part_003.mp4,3004,1,4,0.1759751848120261,0.9994403839111328,0.4237351735432942,4,0.1759751848120261,0.9994403839111328,59.96002664890073
part_003.mp4,3005,1,4,0.1771602649916894,0.9995403289794922,0.4187160915798611,4,0.1771602649916894,0.9995403289794922,59.96002664890073
part_003.mp4,3006,1,4,0.1783594280339304,0.9995122909545898,0.4160118385597511,4,0.1783594280339304,0.9995122909545898,59.96002664890073
part_003.mp4,3007,1,4,0.1791617385625916,0.9996280670166016,0.4135250515407986,4,0.1791617385625916,0.9996280670166016,59.96002664890073
part_003.mp4,3008,1,4,0.1795714005587312,0.9996746063232422,0.4111660427517361,4,0.1795714005587312,0.9996746063232422,59.96002664890073
part_003.mp4,3009,1,4,0.1801783673867855,0.9996686935424804,0.4091517130533854,4,0.1801783673867855,0.9996686935424804,59.96002664890073
part_003.mp4,3010,1,4,0.1823228688156652,0.9994417190551758,0.4050884388111256,4,0.1823228688156652,0.9994417190551758,59.96002664890073
part_003.mp4,3011,1,4,0.1845406439679209,0.9994491577148438,0.4017005072699652,4,0.1845406439679209,0.9994491577148438,59.96002664890073
part_003.mp4,3012,1,5,0.1848432821872147,0.9995709101359048,0.4010419068513093,5,0.1848432821872147,0.9995709101359048,59.96002664890073
part_003.mp4,3013,1,3,0.1874752324975647,0.9995492935180664,0.3981765181929977,3,0.1874752324975647,0.9995492935180664,59.96002664890073
part_003.mp4,3014,1,4,0.1877925165585537,0.999537467956543,0.3953786920618128,4,0.1877925165585537,0.999537467956543,59.96002664890073
part_003.mp4,3015,1,3,0.1896871006237321,0.999477195739746,0.3926997149432147,3,0.1896871006237321,0.999477195739746,59.96002664890073
part_003.mp4,3016,1,3,0.188397658168903,0.9994173685709636,0.3929249516239873,3,0.188397658168903,0.9994173685709636,59.96002664890073
part_003.mp4,3017,1,3,0.1888534937772244,0.9993326187133788,0.3915062233253761,3,0.1888534937772244,0.9993326187133788,59.96002664890073
part_003.mp4,3018,1,4,0.1898392737896561,0.9992294311523438,0.3890435112847222,4,0.1898392737896561,0.9992294311523438,59.96002664890073
part_003.mp4,3019,1,3,0.1907531879136028,0.9991682052612304,0.3883563571506076,3,0.1907531879136028,0.9991682052612304,59.96002664890073
part_003.mp4,3020,1,4,0.1904501001159466,0.9991199493408204,0.3872645060221354,4,0.1904501001159466,0.9991199493408204,59.96002664890073
part_003.mp4,3021,1,3,0.1913832490983164,0.9991127649943032,0.3860586095739294,3,0.1913832490983164,0.9991127649943032,59.96002664890073
part_003.mp4,3022,1,3,0.1925827071715159,0.9997976303100586,0.3855912385163483,3,0.1925827071715159,0.9997976303100586,59.96002664890073
part_003.mp4,3023,1,3,0.1927105572233106,0.999163818359375,0.3835406833224826,3,0.1927105572233106,0.999163818359375,59.96002664890073
part_003.mp4,3024,1,3,0.1923461204117565,0.9990423202514648,0.3839533487955729,3,0.1923461204117565,0.9990423202514648,59.96002664890073
part_003.mp4,3025,1,3,0.1925830924026538,0.9988672256469726,0.3840160793728299,3,0.1925830924026538,0.9988672256469726,59.96002664890073
part_003.mp4,3026,1,3,0.1923544163545011,0.9982468287150064,0.3842507256401909,3,0.1923544163545011,0.9982468287150064,59.96002664890073
part_003.mp4,3027,1,3,0.1930698336210722,0.9979341506958008,0.3826151529947916,3,0.1930698336210722,0.9979341506958008,59.96002664890073
part_003.mp4,3028,1,3,0.1880128241319606,0.9901702880859377,0.3835165518301505,3,0.1880128241319606,0.9901702880859377,59.96002664890073
part_003.mp4,3029,1,3,0.1770037157769547,0.9713027954101564,0.3837392171223958,3,0.1770037157769547,0.9713027954101564,59.96002664890073
part_003.mp4,3030,1,3,0.1756323119391001,0.9699432373046876,0.3815123240152995,3,0.1756323119391001,0.9699432373046876,59.96002664890073
part_003.mp4,3031,1,3,0.174031680279435,0.9666217803955078,0.3797399167661314,3,0.174031680279435,0.9666217803955078,59.96002664890073
part_003.mp4,3032,1,3,0.1686239861256224,0.959840202331543,0.3750702328152127,3,0.1686239861256224,0.959840202331543,59.96002664890073
part_003.mp4,3033,1,3,0.1596196266371407,0.952029037475586,0.3590133666992187,3,0.1596196266371407,0.952029037475586,59.96002664890073
part_003.mp4,3034,1,3,0.1521218401759499,0.9427995681762696,0.3521062356454355,3,0.1521218401759499,0.9427995681762696,59.96002664890073
part_003.mp4,3035,1,3,0.1445137285620957,0.9335230509440104,0.3411705864800347,3,0.1445137285620957,0.9335230509440104,59.96002664890073
part_003.mp4,3036,1,3,0.1387005945156677,0.926784896850586,0.333258275632505,3,0.1387005945156677,0.926784896850586,59.96002664890073
part_003.mp4,3037,1,3,0.1373476975126606,0.929091453552246,0.3264519585503472,3,0.1373476975126606,0.929091453552246,59.96002664890073
part_003.mp4,3038,1,3,0.1256648405410211,0.914927864074707,0.3138805106834129,3,0.1256648405410211,0.914927864074707,59.96002664890073
part_003.mp4,3039,1,3,0.1206296145575955,0.910048484802246,0.3036893208821614,3,0.1206296145575955,0.910048484802246,59.96002664890073
part_003.mp4,3040,1,3,0.1193985391809496,0.9102961222330728,0.2988820888378002,3,0.1193985391809496,0.9102961222330728,59.96002664890073
part_003.mp4,3041,1,3,0.1139856513014011,0.9037432352701824,0.2880748960706922,3,0.1139856513014011,0.9037432352701824,59.96002664890073
part_003.mp4,3042,1,4,0.1105027575133997,0.9028509140014648,0.279025466353805,4,0.1105027575133997,0.9028509140014648,59.96002664890073
part_003.mp4,3043,1,4,0.1076353324453682,0.9000216166178385,0.2744171142578125,4,0.1076353324453682,0.9000216166178385,59.96002664890073
part_003.mp4,3044,1,4,0.1021845150335138,0.8915983835856119,0.2682415856255425,4,0.1021845150335138,0.8915983835856119,59.96002664890073
part_003.mp4,3045,1,5,0.0967013513788212,0.8865984598795573,0.2594942304823133,5,0.0967013513788212,0.8865984598795573,59.96002664890073
part_003.mp4,3046,1,5,0.0941272187182794,0.886179796854655,0.249800138120298,5,0.0941272187182794,0.886179796854655,59.96002664890073
part_003.mp4,3047,1,4,0.0909820671152637,0.8829342524210612,0.2398071430347584,4,0.0909820671152637,0.8829342524210612,59.96002664890073
part_003.mp4,3048,1,6,0.0886707595521497,0.880159060160319,0.2349732575593171,6,0.0886707595521497,0.880159060160319,59.96002664890073
part_003.mp4,3049,1,6,0.0840409616075339,0.871893564860026,0.2289169170238353,6,0.0840409616075339,0.871893564860026,59.96002664890073
part_003.mp4,3050,1,5,0.0808756470835601,0.8687307993570964,0.2200928864655671,5,0.0808756470835601,0.8687307993570964,59.96002664890073
part_003.mp4,3051,1,5,0.0784409107356937,0.8654478708902995,0.2159738470006872,5,0.0784409107356937,0.8654478708902995,59.96002664890073
part_003.mp4,3052,1,5,0.0749727806229166,0.8612836837768555,0.2066645586932147,5,0.0749727806229166,0.8612836837768555,59.96002664890073
part_003.mp4,3053,1,6,0.0733734799216553,0.8602369944254558,0.1994997377748842,6,0.0733734799216553,0.8602369944254558,59.96002664890073
part_003.mp4,3054,1,6,0.0723055912409418,0.8598040262858073,0.1937912976300274,6,0.0723055912409418,0.8598040262858073,59.96002664890073
part_003.mp4,3055,1,6,0.0708379472593568,0.858262316385905,0.1906659585458261,6,0.0708379472593568,0.858262316385905,59.96002664890073
part_003.mp4,3056,1,5,0.066735470539853,0.8521000544230143,0.1810179392496745,5,0.066735470539853,0.8521000544230143,59.96002664890073
part_003.mp4,3057,1,5,0.0658380328828611,0.85292174021403,0.1745105319552951,5,0.0658380328828611,0.85292174021403,59.96002664890073
part_003.mp4,3058,1,6,0.0646388763389404,0.8521066665649414,0.1687459451180917,6,0.0646388763389404,0.8521066665649414,59.96002664890073
part_003.mp4,3059,1,5,0.063042890546575,0.8506555557250977,0.1628649817572699,5,0.063042890546575,0.8506555557250977,59.96002664890073
part_003.mp4,3060,2,4,0.0609270572458087,0.8482378005981446,0.1557334334762008,4,0.0609270572458087,0.8482378005981446,59.96002664890073
part_003.mp4,3061,2,4,0.0588072773266312,0.8455295562744141,0.1485170435022424,4,0.0588072773266312,0.8455295562744141,59.96002664890073
part_003.mp4,3062,2,4,0.0577727757616365,0.8447249094645183,0.1436306988751446,4,0.0577727757616365,0.8447249094645183,59.96002664890073
part_003.mp4,3063,2,5,0.055181451592701,0.8386728922526042,0.141220799198857,5,0.055181451592701,0.8386728922526042,59.96002664890073
part_003.mp4,3064,2,5,0.0539642824611952,0.8379600524902344,0.1368247420699508,5,0.0539642824611952,0.8379600524902344,59.96002664890073
part_003.mp4,3065,2,4,0.0534261569005644,0.8360207239786784,0.1297387299714265,4,0.0534261569005644,0.8360207239786784,59.96002664890073
part_003.mp4,3066,2,5,0.0516155298759608,0.8341238021850585,0.1254162823712384,5,0.0516155298759608,0.8341238021850585,59.96002664890073
part_003.mp4,3067,2,6,0.0510844640723748,0.8343582153320312,0.120991798683449,6,0.0510844640723748,0.8343582153320312,59.96002664890073
part_003.mp4,3068,2,4,0.0491938720414157,0.8313667297363281,0.1149277015968605,4,0.0491938720414157,0.8313667297363281,59.96002664890073
part_003.mp4,3069,2,4,0.0492511315661249,0.8310401916503907,0.1086833247432002,4,0.0492511315661249,0.8310401916503907,59.96002664890073
part_003.mp4,3070,2,4,0.047789760555423,0.828833262125651,0.1074414005985966,4,0.047789760555423,0.828833262125651,59.96002664890073
part_003.mp4,3071,2,5,0.0523845151063142,0.9979581832885742,0.8354558096991644,4,0.0469234248977887,0.8274401346842448,59.96002664890073
part_003.mp4,3072,2,6,0.0601947056404147,0.9988462448120116,0.8199245452880859,5,0.0468167265310842,0.8279289881388346,59.96002664890073
part_003.mp4,3073,2,6,0.0662026572972414,0.9977294921875,0.8015604866875543,5,0.0460256855754414,0.8260351181030273,59.96002664890073
part_003.mp4,3074,2,6,0.0719913480085233,0.9981477737426758,0.7859670639038085,5,0.0449678546696021,0.8234566370646159,59.96002664890073
part_003.mp4,3075,2,8,0.0780910169512935,0.9989733378092448,0.7708592308892144,7,0.0427873001395103,0.8186327616373698,59.96002664890073
part_003.mp4,3076,2,7,0.083847548627495,0.9992466608683268,0.7549157884385851,6,0.0415113808433589,0.8172990798950195,59.96002664890073
part_003.mp4,3077,2,7,0.0892158770786611,0.9993921279907226,0.7411671461882414,6,0.0403441003646578,0.8149281183878581,59.96002664890073
part_003.mp4,3078,2,6,0.0940459804471713,0.9995006561279296,0.7267147205494068,5,0.0389691007257001,0.8122074762980144,59.96002664890073
part_003.mp4,3079,2,6,0.0986069976103856,0.9990345001220704,0.7149196342185692,5,0.0384518437657,0.8102913538614909,59.96002664890073
part_003.mp4,3080,2,5,0.1020221008784439,0.9986752192179362,0.7045086895978009,4,0.0369623481236178,0.8077847162882487,59.96002664890073
part_003.mp4,3081,2,7,0.106506809528837,0.999370574951172,0.6931805716620552,6,0.0364389850922937,0.8073048273722331,59.96002664890073
part_003.mp4,3082,2,7,0.1109460568423451,0.999447504679362,0.6817965436864782,6,0.0354844760928244,0.806661860148112,59.96002664890073
part_003.mp4,3083,2,7,0.115015887058665,0.99949893951416,0.6707981957329644,6,0.0347104605558949,0.804903793334961,59.96002664890073
part_003.mp4,3084,2,7,0.1196193062230008,0.9995637893676758,0.6609155019124349,6,0.0333033216596501,0.8026726404825847,59.96002664890073
part_003.mp4,3085,2,5,0.1227042643878606,0.999563217163086,0.6526875213340476,4,0.0325781684808747,0.801524035135905,59.96002664890073
part_003.mp4,3086,2,6,0.1269705751667687,0.999509048461914,0.6445272551642524,5,0.0323342031012591,0.8023637771606446,59.96002664890073
part_003.mp4,3087,2,6,0.1293105487037489,0.9994710922241212,0.6343534681532118,5,0.0325973160368933,0.8023955027262369,59.96002664890073
part_003.mp4,3088,2,6,0.1321687786174071,0.9994544982910156,0.6260469224717882,5,0.032162992558151,0.8032379786173502,59.96002664890073
part_003.mp4,3089,2,5,0.1349090477558396,0.9994829177856446,0.6176445855034722,4,0.0314949345489946,0.8022286097208658,59.96002664890073
part_003.mp4,3090,2,5,0.1371134857851494,0.9994171142578124,0.6107125176323784,4,0.030435758208968,0.8011337916056315,59.96002664890073
part_003.mp4,3091,2,6,0.140028761026042,0.9995399475097656,0.6044553544786241,5,0.0297423765873342,0.7984553654988606,59.96002664890073
part_003.mp4,3092,2,7,0.1431278425666096,0.9995686213175456,0.595468662403248,7,0.1431278425666096,0.9995686213175456,59.96002664890073
part_003.mp4,3093,2,7,0.1464300372602883,0.9995230356852214,0.5879521687825521,7,0.1464300372602883,0.9995230356852214,59.96002664890073
part_003.mp4,3094,2,4,0.1484808161383262,0.999533462524414,0.5859369066026475,4,0.1484808161383262,0.999533462524414,59.96002664890073
part_003.mp4,3095,2,4,0.1499435185277791,0.99956423441569,0.5811827906855831,4,0.1499435185277791,0.99956423441569,59.96002664890073
part_003.mp4,3096,2,4,0.1512683442888374,0.9995355606079102,0.5757239871554904,4,0.1512683442888374,0.9995355606079102,59.96002664890073
part_003.mp4,3097,2,4,0.1527944746632905,0.9994684219360352,0.5719868977864583,4,0.1527944746632905,0.9994684219360352,59.96002664890073
part_003.mp4,3098,2,6,0.1523978299005345,0.999504852294922,0.5670419481065538,6,0.1523978299005345,0.999504852294922,59.96002664890073
part_003.mp4,3099,2,6,0.1539384235680336,0.9994861602783204,0.5630377451578776,6,0.1539384235680336,0.9994861602783204,59.96002664890073
part_003.mp4,3100,2,6,0.1556046808367439,0.9995990753173828,0.5551456027560764,6,0.1556046808367439,0.9995990753173828,59.96002664890073
part_003.mp4,3101,2,6,0.1581212796592741,0.9995168685913086,0.5490333980984158,6,0.1581212796592741,0.9995168685913086,59.96002664890073
part_003.mp4,3102,2,6,0.1596179782500257,0.9995441436767578,0.5444811503092448,6,0.1596179782500257,0.9995441436767578,59.96002664890073
part_003.mp4,3103,2,5,0.1612170169935173,0.999752108256022,0.5380719078911675,5,0.1612170169935173,0.999752108256022,59.96002664890073
part_003.mp4,3104,2,7,0.1631920525084327,0.999757194519043,0.5338219536675347,7,0.1631920525084327,0.999757194519043,59.96002664890073
part_003.mp4,3105,2,4,0.1645785389990837,0.9996891657511392,0.5309619620994285,4,0.1645785389990837,0.9996891657511392,59.96002664890073
part_003.mp4,3106,2,5,0.1663499388373263,0.9991376876831056,0.5257281409369574,5,0.1663499388373263,0.9991376876831056,59.96002664890073
part_003.mp4,3107,2,4,0.1677462772542882,0.9991357803344728,0.5208752102322048,4,0.1677462772542882,0.9991357803344728,59.96002664890073
part_003.mp4,3108,2,5,0.1691446781343148,0.99915771484375,0.5132968620017723,5,0.1691446781343148,0.99915771484375,59.96002664890073
part_003.mp4,3109,2,5,0.1711258380512946,0.99925594329834,0.5091959917986835,5,0.1711258380512946,0.99925594329834,59.96002664890073
part_003.mp4,3110,2,5,0.17255498422659,0.9992996215820312,0.5064782036675347,5,0.17255498422659,0.9992996215820312,59.96002664890073
part_003.mp4,3111,2,5,0.1728855005473451,0.999458122253418,0.5023277706570095,5,0.1728855005473451,0.999458122253418,59.96002664890073
part_003.mp4,3112,2,4,0.1735203298810692,0.9995368957519531,0.5002631575972946,4,0.1735203298810692,0.9995368957519531,59.96002664890073
part_003.mp4,3113,2,4,0.1752174096640966,0.9995824813842772,0.4960635149920428,4,0.1752174096640966,0.9995824813842772,59.96002664890073
part_003.mp4,3114,2,6,0.1766924002254274,0.9996519088745116,0.4912130002622251,6,0.1766924002254274,0.9996519088745116,59.96002664890073
part_003.mp4,3115,2,4,0.1780595672206039,0.99969482421875,0.4871056733308015,4,0.1780595672206039,0.99969482421875,59.96002664890073
part_003.mp4,3116,2,4,0.1782220966345954,0.9996786753336588,0.4842594711868851,4,0.1782220966345954,0.9996786753336588,59.96002664890073
part_003.mp4,3117,2,5,0.1798693611966963,0.9996817270914714,0.4819112141927083,5,0.1798693611966963,0.9996817270914714,59.96002664890073
part_003.mp4,3118,2,4,0.1816881007483203,0.9995405197143554,0.4761695014105903,4,0.1816881007483203,0.9995405197143554,59.96002664890073
part_003.mp4,3119,2,4,0.1817732738355833,0.999587631225586,0.4739983311405888,4,0.1817732738355833,0.999587631225586,59.96002664890073
part_003.mp4,3120,2,4,0.1837668351159879,0.9996086120605469,0.4671510767053675,4,0.1837668351159879,0.9996086120605469,59.96002664890073
part_003.mp4,3121,2,4,0.1851224820463405,0.9995903650919596,0.4629374468768084,4,0.1851224820463405,0.9995903650919596,59.96002664890073
part_003.mp4,3122,2,4,0.1854108624785501,0.9996515274047852,0.4618060359248409,4,0.1854108624785501,0.9996515274047852,59.96002664890073
part_003.mp4,3123,2,4,0.1861985009809642,0.999448585510254,0.4571089426676432,4,0.1861985009809642,0.999448585510254,59.96002664890073
part_003.mp4,3124,2,4,0.1874831209475572,0.9995326995849608,0.4535669538709852,4,0.1874831209475572,0.9995326995849608,59.96002664890073
part_003.mp4,3125,2,5,0.1878653806888097,0.999561882019043,0.4517139434814453,5,0.1878653806888097,0.999561882019043,59.96002664890073
part_003.mp4,3126,2,5,0.1877447536270968,0.999546241760254,0.4519532521565755,5,0.1877447536270968,0.999546241760254,59.96002664890073
part_003.mp4,3127,2,4,0.1886201515716594,0.999518648783366,0.448603778415256,4,0.1886201515716594,0.999518648783366,59.96002664890073
part_003.mp4,3128,2,4,0.189140820365094,0.9995203018188475,0.4463300069173177,4,0.189140820365094,0.9995203018188475,59.96002664890073
part_003.mp4,3129,2,3,0.1896211891163073,0.9995109558105468,0.4455656404848452,3,0.1896211891163073,0.9995109558105468,59.96002664890073
part_003.mp4,3130,2,3,0.1902358369421078,0.9995306015014648,0.4439157274034288,3,0.1902358369421078,0.9995306015014648,59.96002664890073
part_003.mp4,3131,2,4,0.1902158218337636,0.9995529174804688,0.4418504785608362,4,0.1902158218337636,0.9995529174804688,59.96002664890073
part_003.mp4,3132,2,4,0.1920001749055841,0.999575678507487,0.4382030063205295,4,0.1920001749055841,0.999575678507487,59.96002664890073
part_003.mp4,3133,2,4,0.1939245487496948,0.9997573852539062,0.4344410649052372,4,0.1939245487496948,0.9997573852539062,59.96002664890073
part_003.mp4,3134,2,4,0.1934841772980386,0.9994846979777018,0.4330433315700955,4,0.1934841772980386,0.9994846979777018,59.96002664890073
part_003.mp4,3135,2,4,0.1934876241334132,0.9994917551676432,0.4315485212537977,4,0.1934876241334132,0.9994917551676432,59.96002664890073
part_003.mp4,3136,2,4,0.194677489543311,0.9995384216308594,0.4285802346688729,4,0.194677489543311,0.9995384216308594,59.96002664890073
part_003.mp4,3137,2,4,0.1957779263436694,0.9994782129923504,0.4263926612006293,4,0.1957779263436694,0.9994782129923504,59.96002664890073
part_003.mp4,3138,2,4,0.1968385115342163,0.9994909286499024,0.4246556599934896,4,0.1968385115342163,0.9994909286499024,59.96002664890073
part_003.mp4,3139,2,3,0.1969141849158956,0.999504852294922,0.423131928620515,3,0.1969141849158956,0.999504852294922,59.96002664890073
part_003.mp4,3140,2,3,0.1975231577942112,0.9994917551676432,0.4213731129964193,3,0.1975231577942112,0.9994917551676432,59.96002664890073
part_003.mp4,3141,2,3,0.1984593993834421,0.999445343017578,0.4188512448911313,3,0.1984593993834421,0.999445343017578,59.96002664890073
part_003.mp4,3142,2,3,0.1982450779222078,0.9994669596354168,0.4179571787516276,3,0.1982450779222078,0.9994669596354168,59.96002664890073
part_003.mp4,3143,2,3,0.1995101500901364,0.999416732788086,0.4151864369710286,3,0.1995101500901364,0.999416732788086,59.96002664890073
part_003.mp4,3144,2,3,0.1995836721065064,0.999545669555664,0.4148187425401475,3,0.1995836721065064,0.999545669555664,59.96002664890073
part_003.mp4,3145,2,3,0.2005216714495543,0.9995344161987304,0.4130882545753762,3,0.2005216714495543,0.9995344161987304,59.96002664890073
part_003.mp4,3146,2,3,0.2005283640758177,0.9997454325358072,0.4126874570493345,3,0.2005283640758177,0.9997454325358072,59.96002664890073
part_003.mp4,3147,2,4,0.2016729254504753,0.9992775599161784,0.4108096228705512,4,0.2016729254504753,0.9992775599161784,59.96002664890073
part_003.mp4,3148,2,4,0.2009606122611615,0.9997962951660156,0.4111596284089265,4,0.2009606122611615,0.9997962951660156,59.96002664890073
part_003.mp4,3149,2,3,0.2014985109348991,0.9994440078735352,0.4091546376546224,3,0.2014985109348991,0.9994440078735352,59.96002664890073
part_003.mp4,3150,2,3,0.2018290302666719,0.999746576944987,0.4083535088433159,3,0.2018290302666719,0.999746576944987,59.96002664890073
part_003.mp4,3151,2,3,0.2028653476150713,0.9997633616129558,0.4060230113841869,3,0.2028653476150713,0.9997633616129558,59.96002664890073
part_003.mp4,3152,2,3,0.2033000886358786,0.9997545878092448,0.404208826135706,3,0.2033000886358786,0.9997545878092448,59.96002664890073
part_003.mp4,3153,2,3,0.2035659847302466,0.999723243713379,0.4038392808702257,3,0.2035659847302466,0.999723243713379,59.96002664890073
part_003.mp4,3154,2,3,0.2042706041070805,0.9994949340820312,0.401087725604022,3,0.2042706041070805,0.9994949340820312,59.96002664890073
part_003.mp4,3155,2,3,0.2045361989873021,0.9995163599650064,0.4005500793457031,3,0.2045361989873021,0.9995163599650064,59.96002664890073
part_003.mp4,3156,2,3,0.2050107151284464,0.9995996475219726,0.3994363855432581,3,0.2050107151284464,0.9995996475219726,59.96002664890073
part_003.mp4,3157,2,3,0.2049215349409038,0.9996042251586914,0.3992246698450159,3,0.2049215349409038,0.9996042251586914,59.96002664890073
part_003.mp4,3158,2,4,0.2053171646921485,0.9996040344238282,0.3985326413755063,4,0.2053171646921485,0.9996040344238282,59.96002664890073
part_003.mp4,3159,2,5,0.2056294119495389,0.9996320724487304,0.3973042240849248,5,0.2056294119495389,0.9996320724487304,59.96002664890073
part_003.mp4,3160,2,5,0.2062063375379484,0.9996337890625,0.395802335385923,5,0.2062063375379484,0.9996337890625,59.96002664890073
part_003.mp4,3161,2,4,0.2068200322639313,0.9996761322021483,0.3941574096679687,4,0.2068200322639313,0.9996761322021483,59.96002664890073
part_003.mp4,3162,2,3,0.2073584787893924,0.9996771494547526,0.3927074856228298,3,0.2073584787893924,0.9996771494547526,59.96002664890073
part_003.mp4,3163,2,3,0.2077612347795231,0.999611473083496,0.3921742192021122,3,0.2077612347795231,0.999611473083496,59.96002664890073
part_003.mp4,3164,2,3,0.2074894951002648,0.999610964457194,0.3922173535382306,3,0.2074894951002648,0.999610964457194,59.96002664890073
part_003.mp4,3165,2,2,0.2079922762804819,0.9991655985514324,0.3922066723858868,2,0.2079922762804819,0.9991655985514324,59.96002664890073
part_003.mp4,3166,2,2,0.2086099881199253,0.99919490814209,0.3910606808132595,2,0.2086099881199253,0.99919490814209,59.96002664890073
part_003.mp4,3167,2,2,0.2080693237390369,0.9996732711791992,0.3905387878417968,2,0.2080693237390369,0.9996732711791992,59.96002664890073
part_003.mp4,3168,2,2,0.2087525978109463,0.9997070948282878,0.3894853662561487,2,0.2087525978109463,0.9997070948282878,59.96002664890073
part_003.mp4,3169,2,2,0.2092000015245867,0.9996933619181316,0.3878837161593967,2,0.2092000015245867,0.9996933619181316,59.96002664890073
part_003.mp4,3170,2,3,0.2096057216212675,0.9996689478556317,0.3869946232548466,3,0.2096057216212675,0.9996689478556317,59.96002664890073
part_003.mp4,3171,2,3,0.2094746971606164,0.9996301651000976,0.3875635217737268,3,0.2094746971606164,0.9996301651000976,59.96002664890073
part_003.mp4,3172,2,3,0.2093470222416928,0.9996562957763672,0.3879185994466146,3,0.2093470222416928,0.9996562957763672,59.96002664890073
part_003.mp4,3173,2,3,0.2104037521334203,0.9996429443359376,0.3864971443458839,3,0.2104037521334203,0.9996429443359376,59.96002664890073
part_003.mp4,3174,2,3,0.2105505171209289,0.9996376037597656,0.3855448687518084,3,0.2105505171209289,0.9996376037597656,59.96002664890073
part_003.mp4,3175,2,2,0.210252902014181,0.9996166865030924,0.3846076117621528,2,0.210252902014181,0.9996166865030924,59.96002664890073
part_003.mp4,3176,2,2,0.2102855859007589,0.9996404647827148,0.3844893985324435,2,0.2102855859007589,0.9996404647827148,59.96002664890073
part_003.mp4,3177,2,2,0.2104349768541902,0.999614397684733,0.383862559000651,2,0.2104349768541902,0.999614397684733,59.96002664890073
part_003.mp4,3178,2,3,0.2108890645672309,0.9996795654296876,0.383647706773546,3,0.2108890645672309,0.9996795654296876,59.96002664890073
part_003.mp4,3179,2,3,0.2114999238906522,0.9996685028076172,0.3825133288348162,3,0.2114999238906522,0.9996685028076172,59.96002664890073
part_003.mp4,3180,1,4,0.2112503909626199,0.9996654510498046,0.382887946234809,3,0.2112503909626199,0.9996654510498046,59.96002664890073
part_003.mp4,3181,1,3,0.2115924012315156,0.9996547698974608,0.3824873606363932,3,0.2115924012315156,0.9996547698974608,59.96002664890073
part_003.mp4,3182,1,4,0.2116138269892609,0.9996997833251952,0.3831463283962674,4,0.2116138269892609,0.9996997833251952,59.96002664890073
part_003.mp4,3183,1,3,0.212014721609716,0.9997011184692384,0.3830321700484664,3,0.212014721609716,0.9997011184692384,59.96002664890073
part_003.mp4,3184,1,2,0.2122465886439884,0.9997203826904296,0.3827954610188802,2,0.2122465886439884,0.9997203826904296,59.96002664890073
part_003.mp4,3185,1,2,0.2128351241604724,0.9996716181437174,0.3823889555754485,2,0.2128351241604724,0.9996716181437174,59.96002664890073
part_003.mp4,3186,1,3,0.2130599955341079,0.9996461868286132,0.3814116018789786,3,0.2130599955341079,0.9996461868286132,59.96002664890073
part_003.mp4,3187,1,3,0.2131600864900328,0.9996719360351562,0.3810782962375217,3,0.2131600864900328,0.9996719360351562,59.96002664890073
part_003.mp4,3188,1,3,0.2142209081033797,0.9997133255004884,0.3787959487349899,3,0.2142209081033797,0.9997133255004884,59.96002664890073
part_003.mp4,3189,1,4,0.2146507469272182,0.9996818542480468,0.3797225104437934,4,0.2146507469272182,0.9996818542480468,59.96002664890073
part_003.mp4,3190,1,4,0.2150061329659904,0.9996688842773438,0.3786226908365885,4,0.2150061329659904,0.9996688842773438,59.96002664890073
part_003.mp4,3191,1,3,0.2147036810918031,0.9995677947998048,0.3786179719147858,3,0.2147036810918031,0.9995677947998048,59.96002664890073
part_003.mp4,3192,1,3,0.2149023326241392,0.9995977401733398,0.3788596117938006,3,0.2149023326241392,0.9995977401733398,59.96002664890073
part_003.mp4,3193,1,3,0.2162358637685247,0.9996238708496094,0.3773165384928385,3,0.2162358637685247,0.9996238708496094,59.96002664890073
part_003.mp4,3194,1,2,0.2159244338242893,0.9996360778808594,0.3769930804217303,2,0.2159244338242893,0.9996360778808594,59.96002664890073
part_003.mp4,3195,1,2,0.2162086658935166,0.9996198654174804,0.376396730211046,2,0.2162086658935166,0.9996198654174804,59.96002664890073
part_003.mp4,3196,1,2,0.2167437765964617,0.9996620178222656,0.3751028272840712,2,0.2167437765964617,0.9996620178222656,59.96002664890073
part_003.mp4,3197,1,2,0.2163995852849621,0.9996824264526368,0.3764696333143446,2,0.2163995852849621,0.9996824264526368,59.96002664890073
part_003.mp4,3198,1,2,0.2164806631565982,0.9996721267700196,0.3763300012659143,2,0.2164806631565982,0.9996721267700196,59.96002664890073
part_003.mp4,3199,1,3,0.2170000535501943,0.999705696105957,0.3750454372829861,2,0.2170000535501943,0.999705696105957,59.96002664890073
part_003.mp4,3200,1,3,0.2169605709153014,0.9997397104899088,0.3748087988959418,2,0.2169605709153014,0.9997397104899088,59.96002664890073
part_003.mp4,3201,1,3,0.2162924709017426,0.9996612548828124,0.37537639759205,2,0.2162924709017426,0.9996612548828124,59.96002664890073
part_003.mp4,3202,1,3,0.2157680523621254,0.9997051239013672,0.3769900851779514,2,0.2157680523621254,0.9997051239013672,59.96002664890073
part_003.mp4,3203,1,3,0.2163434429594862,0.999691390991211,0.37712525261773,2,0.2163434429594862,0.999691390991211,59.96002664890073
part_003.mp4,3204,1,2,0.2163504535695042,0.9997573852539062,0.3774398944996021,2,0.2163504535695042,0.9997573852539062,59.96002664890073
part_003.mp4,3205,1,3,0.2168578769393252,0.9996789932250976,0.3774931307192202,2,0.2168578769393252,0.9996789932250976,59.96002664890073
part_003.mp4,3206,1,3,0.216311246338109,0.9996673583984376,0.3781086815728081,3,0.216311246338109,0.9996673583984376,59.96002664890073
part_003.mp4,3207,1,2,0.2160971403722295,0.999641482035319,0.3775753868950738,2,0.2160971403722295,0.999641482035319,59.96002664890073
part_003.mp4,3208,1,2,0.2155370883060239,0.9996828079223632,0.3782681217900029,2,0.2155370883060239,0.9996828079223632,59.96002664890073
part_003.mp4,3209,1,2,0.215641324455285,0.999677276611328,0.3788041291413483,2,0.215641324455285,0.999677276611328,59.96002664890073
part_003.mp4,3210,1,2,0.2152045006658968,0.9996788024902344,0.3804629290545428,2,0.2152045006658968,0.9996788024902344,59.96002664890073
part_003.mp4,3211,1,2,0.2150521471376608,0.9996007919311524,0.3807562086317274,2,0.2150521471376608,0.9996007919311524,59.96002664890073
part_003.mp4,3212,1,2,0.2151688434194807,0.9996580123901369,0.3803703590675636,2,0.2151688434194807,0.9996580123901369,59.96002664890073
part_003.mp4,3213,1,2,0.2153724813575877,0.9996463775634764,0.3801899521439164,2,0.2153724813575877,0.9996463775634764,59.96002664890073
part_003.mp4,3214,1,2,0.2142845913901207,0.9995604197184244,0.3821947309705946,2,0.2142845913901207,0.9995604197184244,59.96002664890073
part_003.mp4,3215,1,2,0.2138809373564597,0.9995072046915692,0.3826818112973814,2,0.2138809373564597,0.9995072046915692,59.96002664890073
part_003.mp4,3216,1,2,0.2134628512191314,0.999546496073405,0.3843765258789062,2,0.2134628512191314,0.999546496073405,59.96002664890073
part_003.mp4,3217,1,2,0.2128919350742459,0.9995484034220378,0.3851720598008897,2,0.2128919350742459,0.9995484034220378,59.96002664890073
part_003.mp4,3218,1,2,0.2129224320226596,0.9995529174804688,0.3853242944788049,2,0.2129224320226596,0.9995529174804688,59.96002664890073
part_003.mp4,3219,1,2,0.2127403461884773,0.9995420455932618,0.3855907298900463,2,0.2127403461884773,0.9995420455932618,59.96002664890073
part_003.mp4,3220,1,2,0.2127102053890929,0.9995325724283854,0.38631389759205,2,0.2127102053890929,0.9995325724283854,59.96002664890073
part_003.mp4,3221,1,2,0.2128100620964597,0.9995637893676758,0.3874239744963469,2,0.2128100620964597,0.9995637893676758,59.96002664890073
part_003.mp4,3222,1,2,0.2125195561489898,0.9995878219604492,0.3872001647949218,2,0.2125195561489898,0.9995878219604492,59.96002664890073
part_003.mp4,3223,1,2,0.2128592932881373,0.9993581771850586,0.3870312160915798,2,0.2128592932881373,0.9993581771850586,59.96002664890073
part_003.mp4,3224,1,2,0.2120266292995721,0.9993585586547852,0.3897917005750868,2,0.2120266292995721,0.9993585586547852,59.96002664890073
part_003.mp4,3225,1,2,0.21160611045985,0.9996129989624024,0.3895282745361328,2,0.21160611045985,0.9996129989624024,59.96002664890073
part_003.mp4,3226,1,2,0.2118279588581954,0.9996551513671876,0.3908378318504051,2,0.2118279588581954,0.9996551513671876,59.96002664890073
part_003.mp4,3227,1,3,0.2115578765775555,0.9994218826293946,0.391280859488028,3,0.2115578765775555,0.9994218826293946,59.96002664890073
part_003.mp4,3228,1,3,0.212159829616829,0.9998550415039062,0.3917646761293764,3,0.212159829616829,0.9998550415039062,59.96002664890073
part_003.mp4,3229,1,3,0.2114483677784975,0.9997841517130532,0.3920724091706452,3,0.2114483677784975,0.9997841517130532,59.96002664890073
part_003.mp4,3230,1,4,0.2103282401079519,0.9998163223266602,0.3937015109592013,4,0.2103282401079519,0.9998163223266602,59.96002664890073
part_003.mp4,3231,1,3,0.2102801973355397,0.9998157501220704,0.3939981672498915,3,0.2102801973355397,0.9998157501220704,59.96002664890073
part_003.mp4,3232,1,3,0.2107256711941833,0.9997598648071288,0.3958504570855035,3,0.2107256711941833,0.9997598648071288,59.96002664890073
part_003.mp4,3233,1,3,0.2097400455146594,0.999483553568522,0.3968844519721137,3,0.2097400455146594,0.999483553568522,59.96002664890073
part_003.mp4,3234,1,3,0.2087294562879833,0.9997150421142578,0.3997029198540581,3,0.2087294562879833,0.9997150421142578,59.96002664890073
part_003.mp4,3235,1,3,0.2089127810046381,0.9994733810424804,0.3987018020064742,3,0.2089127810046381,0.9994733810424804,59.96002664890073
part_003.mp4,3236,1,3,0.2087709236072583,0.9997051239013672,0.4023182621708622,3,0.2087709236072583,0.9997051239013672,59.96002664890073
part_003.mp4,3237,1,3,0.209449748084142,0.9997204462687176,0.4028218869809751,3,0.209449748084142,0.9997204462687176,59.96002664890073
part_003.mp4,3238,1,3,0.208449952629065,0.9997577667236328,0.4024740431043836,3,0.208449952629065,0.9997577667236328,59.96002664890073
part_003.mp4,3239,1,3,0.2089788701604508,0.9997568130493164,0.4037016974555121,3,0.2089788701604508,0.9997568130493164,59.96002664890073
part_003.mp4,3240,1,3,0.2089574198739137,0.9997211456298828,0.4036614312065972,3,0.2089574198739137,0.9997211456298828,59.96002664890073
part_003.mp4,3241,1,3,0.2079223871584609,0.9997745513916017,0.4044211917453342,3,0.2079223871584609,0.9997745513916017,59.96002664890073
part_003.mp4,3242,1,3,0.2078078497224379,0.9997962951660156,0.4044700057418258,3,0.2078078497224379,0.9997962951660156,59.96002664890073
part_003.mp4,3243,1,3,0.207229508888324,0.9998062133789064,0.4057797608552155,3,0.207229508888324,0.9998062133789064,59.96002664890073
part_003.mp4,3244,1,3,0.2077595073194243,0.9998029708862304,0.4061516655815972,3,0.2077595073194243,0.9998029708862304,59.96002664890073
part_003.mp4,3245,1,3,0.207661566851182,0.999840799967448,0.4071839226616753,3,0.207661566851182,0.999840799967448,59.96002664890073
part_003.mp4,3246,1,3,0.2061230910067603,0.9998294830322264,0.4101657726146556,3,0.2061230910067603,0.9998294830322264,59.96002664890073
part_003.mp4,3247,1,3,0.2065505563959272,0.9995389938354492,0.4095506456163194,3,0.2065505563959272,0.9995389938354492,59.96002664890073
part_003.mp4,3248,1,3,0.2054092351649888,0.9992449442545572,0.4103552076551649,3,0.2054092351649888,0.9992449442545572,59.96002664890073
part_003.mp4,3249,1,3,0.2060246870264678,0.9991024653116862,0.4137240374529803,3,0.2060246870264678,0.9991024653116862,59.96002664890073
part_003.mp4,3250,1,3,0.2057170657535607,0.9995416641235352,0.414497799343533,3,0.2057170657535607,0.9995416641235352,59.96002664890073
part_003.mp4,3251,1,3,0.2047044169606912,0.9995203653971354,0.4173498365614149,3,0.2047044169606912,0.9995203653971354,59.96002664890073
part_003.mp4,3252,1,3,0.2041404262205038,0.9994741439819336,0.420304051151982,3,0.2041404262205038,0.9994741439819336,59.96002664890073
part_003.mp4,3253,1,3,0.201964176931371,0.9994100570678712,0.4241170953821253,3,0.201964176931371,0.9994100570678712,59.96002664890073
part_003.mp4,3254,1,3,0.2011182794828498,0.9994686126708984,0.4256616945619936,3,0.2011182794828498,0.9994686126708984,59.96002664890073
part_003.mp4,3255,1,3,0.201123919225065,0.9993911743164062,0.4271993001302083,3,0.201123919225065,0.9993911743164062,59.96002664890073
part_003.mp4,3256,1,3,0.199693684165767,0.9993703842163086,0.4321217007107205,3,0.199693684165767,0.9993703842163086,59.96002664890073
part_003.mp4,3257,1,3,0.2004238426806976,0.9994184494018554,0.4319967481825086,3,0.2004238426806976,0.9994184494018554,59.96002664890073
part_003.mp4,3258,1,3,0.2016515931399125,0.9994237899780274,0.4316106443051938,3,0.2016515931399125,0.9994237899780274,59.96002664890073
part_003.mp4,3259,1,3,0.2001668361390249,0.9993553161621094,0.4343984815809462,3,0.2001668361390249,0.9993553161621094,59.96002664890073
part_003.mp4,3260,1,3,0.1999520058986834,0.999362564086914,0.4355923122829861,3,0.1999520058986834,0.999362564086914,59.96002664890073
part_003.mp4,3261,1,3,0.1999772239493958,0.999376360575358,0.4353428452103226,3,0.1999772239493958,0.999376360575358,59.96002664890073
part_003.mp4,3262,1,3,0.1989782384800087,0.9993948618570964,0.438032489352756,3,0.1989782384800087,0.9993948618570964,59.96002664890073
part_003.mp4,3263,1,3,0.198080043399769,0.9994499206542968,0.4415135560212312,3,0.198080043399769,0.9994499206542968,59.96002664890073
part_003.mp4,3264,1,3,0.1972221684047932,0.9996164957682292,0.4438509623209635,3,0.1972221684047932,0.9996164957682292,59.96002664890073
part_003.mp4,3265,1,3,0.19647476543259,0.9996732711791992,0.4448834737141927,3,0.19647476543259,0.9996732711791992,59.96002664890073
part_003.mp4,3266,1,3,0.1948189271466119,0.9997737884521484,0.4462687457049334,3,0.1948189271466119,0.9997737884521484,59.96002664890073
part_003.mp4,3267,1,3,0.194885494923219,0.9997006098429362,0.4498012966579861,3,0.194885494923219,0.9997006098429362,59.96002664890073
part_003.mp4,3268,1,3,0.1937729890585049,0.9994982401529948,0.4551925235324435,3,0.1937729890585049,0.9994982401529948,59.96002664890073
part_003.mp4,3269,1,3,0.1927575949865179,0.9995832443237304,0.4574402703179253,3,0.1927575949865179,0.9995832443237304,59.96002664890073
part_003.mp4,3270,1,3,0.1907670326490601,0.9996171951293944,0.4604460257071036,3,0.1907670326490601,0.9996171951293944,59.96002664890073
part_003.mp4,3271,1,3,0.1904273414208081,0.9995846430460612,0.4633265883834274,3,0.1904273414208081,0.9995846430460612,59.96002664890073
part_003.mp4,3272,1,3,0.1896105227412476,0.99862060546875,0.4654142732973452,3,0.1896105227412476,0.99862060546875,59.96002664890073
part_003.mp4,3273,1,3,0.1875062661847268,0.9988786697387696,0.4680954968487775,3,0.1875062661847268,0.9988786697387696,59.96002664890073
part_003.mp4,3274,1,3,0.1867191561717266,0.9990243911743164,0.4744422912597656,3,0.1867191561717266,0.9990243911743164,59.96002664890073
part_003.mp4,3275,1,3,0.1853754161788459,0.9988479614257812,0.4784785800509982,3,0.1853754161788459,0.9988479614257812,59.96002664890073
part_003.mp4,3276,1,3,0.1844731999033118,0.998851203918457,0.4810394569679543,3,0.1844731999033118,0.998851203918457,59.96002664890073
part_003.mp4,3277,1,3,0.1840574513474469,0.999017333984375,0.4835459815131293,3,0.1840574513474469,0.999017333984375,59.96002664890073
part_003.mp4,3278,1,3,0.18358650325597,0.9995470682779948,0.4868192178231698,3,0.18358650325597,0.9995470682779948,59.96002664890073
part_003.mp4,3279,1,3,0.1824999895799385,0.9993820190429688,0.4883832437020761,3,0.1824999895799385,0.9993820190429688,59.96002664890073
part_003.mp4,3280,1,3,0.1815143841006189,0.9991256713867188,0.4921495225694444,3,0.1815143841006189,0.9991256713867188,59.96002664890073
part_003.mp4,3281,1,3,0.1806525731895817,0.9993770599365236,0.4968009101019965,3,0.1806525731895817,0.9993770599365236,59.96002664890073
part_003.mp4,3282,1,3,0.1799929185880885,0.9992158889770508,0.5009149198178892,3,0.1799929185880885,0.9992158889770508,59.96002664890073
part_003.mp4,3283,1,3,0.1797382964934513,0.9990962982177736,0.5031467861599392,3,0.1797382964934513,0.9990962982177736,59.96002664890073
part_003.mp4,3284,1,3,0.1781722458478125,0.9991209030151368,0.506652973316334,3,0.1781722458478125,0.9991209030151368,59.96002664890073
part_003.mp4,3285,1,3,0.1771110453324649,0.9994396209716796,0.510096260353371,3,0.1771110453324649,0.9994396209716796,59.96002664890073
part_003.mp4,3286,1,3,0.1741472317965559,0.9992612838745116,0.5169126722547743,3,0.1741472317965559,0.9992612838745116,59.96002664890073
part_003.mp4,3287,1,3,0.1735143316292669,0.9992378234863282,0.5200080023871527,3,0.1735143316292669,0.9992378234863282,59.96002664890073
part_003.mp4,3288,1,3,0.1718964309140574,0.9994443893432616,0.5230733235677083,3,0.1718964309140574,0.9994443893432616,59.96002664890073
part_003.mp4,3289,1,3,0.1708197025747116,0.9994924545288086,0.5252630445692275,3,0.1708197025747116,0.9994924545288086,59.96002664890073
part_003.mp4,3290,1,3,0.1692139842216662,0.9994860331217448,0.5319309658474393,3,0.1692139842216662,0.9994860331217448,59.96002664890073
part_003.mp4,3291,1,3,0.1679539833039194,0.999504852294922,0.5360082838270399,3,0.1679539833039194,0.999504852294922,59.96002664890073
part_003.mp4,3292,1,3,0.1659498092368529,0.999570083618164,0.5408568488226997,3,0.1659498092368529,0.999570083618164,59.96002664890073
part_003.mp4,3293,1,3,0.1639250558565901,0.9995447158813476,0.5449512481689454,3,0.1639250558565901,0.9995447158813476,59.96002664890073
part_003.mp4,3294,1,3,0.1617701608673087,0.9995145797729492,0.5508730146620009,3,0.1617701608673087,0.9995145797729492,59.96002664890073
part_003.mp4,3295,1,3,0.1593296344109047,0.9994801203409832,0.5589527553982205,3,0.1593296344109047,0.9994801203409832,59.96002664890073
part_003.mp4,3296,1,3,0.1583358792352373,0.9994470596313476,0.5617340935601128,3,0.1583358792352373,0.9994470596313476,59.96002664890073
part_003.mp4,3297,1,3,0.1556052113449873,0.9994165420532226,0.5686631096733941,3,0.1556052113449873,0.9994165420532226,59.96002664890073
part_003.mp4,3298,1,3,0.1539236765778494,0.999378776550293,0.5712209913465712,3,0.1539236765778494,0.999378776550293,59.96002664890073
part_003.mp4,3299,1,3,0.1500002210934137,0.9994871139526368,0.5809257648609303,3,0.1500002210934137,0.9994871139526368,59.96002664890073
part_003.mp4,3300,0,3,0.1486085316100474,0.9994129180908204,0.5853967030843099,3,0.1486085316100474,0.9994129180908204,59.96002664890073
part_003.mp4,3301,0,3,0.1459130544412215,0.9994384765625,0.591265289871781,3,0.1459130544412215,0.9994384765625,59.96002664890073
part_003.mp4,3302,0,3,0.1441238656595723,0.9994773864746094,0.597598648071289,3,0.1441238656595723,0.9994773864746094,59.96002664890073
part_003.mp4,3303,0,3,0.1403804568005544,0.9994743347167968,0.6067756794117115,2,0.005601776354985,0.7268016815185547,59.96002664890073
part_003.mp4,3304,0,3,0.1367427307582046,0.99938112894694,0.6126518249511719,2,0.0056640506810206,0.7268592834472656,59.96002664890073
part_003.mp4,3305,0,3,0.1333535993413534,0.99946346282959,0.6215530819363064,2,0.0057122837096728,0.7271533966064453,59.96002664890073
part_003.mp4,3306,0,3,0.1318039653970724,0.9995426177978516,0.6294687059190538,2,0.0057165857794461,0.7271198272705078,59.96002664890073
part_003.mp4,3307,0,4,0.1280193017453711,0.9995834350585936,0.637023205227322,3,0.0057312338223629,0.7271119435628255,59.96002664890073
part_003.mp4,3308,0,4,0.1242146438528369,0.9996086120605469,0.646273860224971,3,0.0057796369101076,0.7272074381510417,59.96002664890073
part_003.mp4,3309,0,4,0.1207571703318535,0.9996510187784832,0.6539096302456326,3,0.0057760161578793,0.727218755086263,59.96002664890073
part_003.mp4,3310,0,5,0.118851279881039,0.9995396296183268,0.6608208550347222,4,0.0087339948435934,0.774599266052246,59.96002664890073
part_003.mp4,3311,0,5,0.1151047793520936,0.9995803833007812,0.6716900189717611,4,0.0086899520469402,0.7768622080485026,59.96002664890073
part_003.mp4,3312,0,5,0.1105881690947232,0.999494743347168,0.6824349721272787,4,0.0111836396430994,0.7834836959838867,59.96002664890073
part_003.mp4,3313,0,5,0.1058310768732888,0.9995315551757812,0.6946021221302173,4,0.0124820216564694,0.7870952606201171,59.96002664890073
part_003.mp4,3314,0,5,0.1007931025889478,0.9995708465576172,0.708517689175076,4,0.0141839273430081,0.7919108072916666,59.96002664890073
part_003.mp4,3315,0,5,0.0975311989780877,0.999502436319987,0.7168389214409723,4,0.0167715668555849,0.7945093790690104,59.96002664890073
part_003.mp4,3316,0,5,0.0927740298981173,0.9992900848388672,0.7285887541594329,4,0.0170032314737154,0.7943277994791667,59.96002664890073
part_003.mp4,3317,0,5,0.0866926863650102,0.9992120742797852,0.7458126915825738,4,0.0171923722319156,0.7993719736735027,59.96002664890073
part_003.mp4,3318,0,5,0.0818123385852029,0.9979646682739258,0.7583941353691949,4,0.0180585778127715,0.8019132614135742,59.96002664890073
part_003.mp4,3319,0,5,0.0759461553719787,0.9978715896606444,0.7753536648220486,4,0.0189047700700757,0.8050324122111002,59.96002664890073
part_003.mp4,3320,0,5,0.0709723930408411,0.9977957407633464,0.7892489539252387,4,0.0218680990462437,0.8140692392985026,59.96002664890073
part_003.mp4,3321,0,5,0.0636598689674455,0.9980701446533204,0.8022044994212963,4,0.023527364166835,0.8179075241088867,59.96002664890073
part_003.mp4,3322,0,5,0.0569246295661731,0.9981012980143228,0.8162842909495036,3,0.0056634832556786,0.7275311152140299,59.96002664890073
part_003.mp4,3323,0,5,0.0495135117500952,0.9980779647827148,0.8362608220842149,3,0.0055725252054442,0.7276557922363281,59.96002664890073
part_003.mp4,3324,0,4,0.0423350497557906,0.997479248046875,0.8567585115079527,2,0.0054460258015077,0.7277402877807617,59.96002664890073
part_003.mp4,3325,0,3,0.0367616268662863,0.8366981506347656,0.6587737931145562,2,0.0061169554609632,0.728448232014974,59.96002664890073
part_003.mp4,3326,0,3,0.0391061425746747,0.8344551086425781,0.6863926604942039,2,0.0057891942909487,0.7282356897989909,59.96002664890073
part_003.mp4,3327,0,4,0.0432992281852488,0.8488434473673503,0.6887421219437211,2,0.0062048151049788,0.7285511016845703,59.96002664890073
part_003.mp4,3328,0,3,0.0455908169075256,0.8591013590494792,0.6942255020141601,2,0.0060526488981364,0.7283515930175781,59.96002664890073
part_003.mp4,3329,0,3,0.0489621787032606,0.8708838144938151,0.6969110842104311,2,0.0059909892387481,0.7284498850504557,59.96002664890073
part_003.mp4,3330,0,3,0.0492060629094339,0.8731733322143554,0.6997312333848741,2,0.0059613891763729,0.7285273869832357,59.96002664890073
part_003.mp4,3331,0,3,0.0487121566111454,0.8728242874145508,0.7013151168823242,2,0.0056991145254061,0.7287237803141277,59.96002664890073
part_003.mp4,3332,0,3,0.0462262190448732,0.8676433563232422,0.7032662003128617,2,0.0057195896166161,0.7285053253173828,59.96002664890073
part_003.mp4,3333,0,4,0.0440960635522787,0.8624111811319987,0.7056471188863118,3,0.0057261401022292,0.7285930633544921,59.96002664890073
part_003.mp4,3334,0,4,0.0451521873004363,0.8673761367797852,0.7076523745501483,3,0.005792952283583,0.7288599014282227,59.96002664890073
part_003.mp4,3335,0,4,0.0444981475069316,0.8688089370727539,0.7117103223447446,3,0.0058202423706412,0.7293088912963868,59.96002664890073
part_003.mp4,3336,0,4,0.0440839234311257,0.8693130493164063,0.714556920086896,3,0.0057727469571141,0.7296845118204752,59.96002664890073
part_003.mp4,3337,0,4,0.0436272531725424,0.86800537109375,0.7166043811374241,3,0.0058006084698718,0.729625384012858,59.96002664890073
part_003.mp4,3338,0,4,0.0428173244830018,0.8670593897501627,0.719227119728371,3,0.0056875597862138,0.7295989990234375,59.96002664890073
part_003.mp4,3339,0,4,0.0422657644638982,0.8689495086669922,0.7223951339721679,3,0.0057362618292487,0.7294745127360026,59.96002664890073
part_003.mp4,3340,0,4,0.0415170453028442,0.8680685679117839,0.7251037668298792,3,0.0056696236797681,0.7289766311645508,59.96002664890073
part_003.mp4,3341,0,4,0.0409829732501456,0.8676680246988933,0.72868204470034,3,0.0056245770686978,0.7292039871215821,59.96002664890073
part_003.mp4,3342,0,4,0.0401218482674197,0.8672768274943033,0.7327462655526621,3,0.0055094326389263,0.7292364120483399,59.96002664890073
part_003.mp4,3343,0,4,0.0393634434555982,0.8668176651000976,0.7357585695054796,3,0.0055347144444628,0.7290950775146484,59.96002664890073
part_003.mp4,3344,0,4,0.0384804150972073,0.8662940979003906,0.7389900702017325,3,0.0055367726151275,0.7293127695719401,59.96002664890073
part_003.mp4,3345,0,4,0.0378467616780889,0.8650648117065429,0.742008689597801,3,0.0055731652627906,0.729658571879069,59.96002664890073
part_003.mp4,3346,0,3,0.0374077243073613,0.865267817179362,0.7449648256655093,2,0.0054997271646883,0.7299474080403646,59.96002664890073
part_003.mp4,3347,0,3,0.0369150615320379,0.8653546015421549,0.7484488451922381,2,0.0056102461953479,0.7305784861246745,59.96002664890073
part_003.mp4,3348,0,3,0.0363406595966848,0.8652345657348632,0.751152229309082,2,0.0057660754850668,0.7311000823974609,59.96002664890073
part_003.mp4,3349,0,5,0.035991861767931,0.8652812957763671,0.7529264662000869,4,0.0057799763722276,0.7317792892456054,59.96002664890073
part_003.mp4,3350,0,5,0.0352102136338362,0.8644205093383789,0.7566257688734267,4,0.0058942184506924,0.7322800954182943,59.96002664890073
part_003.mp4,3351,0,4,0.0343361198043028,0.8633565902709961,0.7601481049149125,3,0.0059211309143359,0.732562255859375,59.96002664890073
part_003.mp4,3352,0,4,0.0334071591576988,0.8627602259318033,0.7645639207628038,3,0.0059018763835774,0.7331031799316406,59.96002664890073
part_003.mp4,3353,0,4,0.0326608265838769,0.8620031992594401,0.7676211886935764,3,0.0059147849070723,0.7336734771728516,59.96002664890073
part_003.mp4,3354,0,4,0.0325600418957594,0.8644708633422852,0.7720392721670645,3,0.0057218271198992,0.7339494069417317,59.96002664890073
part_003.mp4,3355,0,4,0.0317806113043075,0.8627559661865234,0.7717914157443576,3,0.0056325808025244,0.7340328216552734,59.96002664890073
part_003.mp4,3356,0,4,0.0316623031943325,0.8661134719848633,0.7776099381623445,3,0.0056977563094524,0.7344306945800781,59.96002664890073
part_003.mp4,3357,0,4,0.0308408321604414,0.8653173446655273,0.7814349916246203,3,0.0053736283167058,0.7346413294474284,59.96002664890073
part_003.mp4,3358,0,4,0.0302245000161821,0.8651285171508789,0.7846436677155672,3,0.0050981743158384,0.7345611572265625,59.96002664890073
part_003.mp4,3359,0,4,0.0293509944383307,0.864189338684082,0.7879289415147569,3,0.0054005345232629,0.7347703297932943,59.96002664890073
part_003.mp4,3360,0,5,0.0289790609158444,0.86527099609375,0.7915556801689996,4,0.0057471100398968,0.7352132161458333,59.96002664890073
part_003.mp4,3361,0,4,0.0284340259219728,0.86453857421875,0.7934398439195421,3,0.0061680931777098,0.7356964747111002,59.96002664890073
part_003.mp4,3362,0,4,0.0275742200422273,0.8635534922281901,0.7974266476101346,3,0.0066134767806053,0.7361336390177409,59.96002664890073
part_003.mp4,3363,0,4,0.0266205443926204,0.8620491663614909,0.802264044019911,3,0.0065547107912048,0.7352820078531901,59.96002664890073
part_003.mp4,3364,0,4,0.0259981027467357,0.8605175654093424,0.8052172837433992,3,0.0068310368081653,0.7368318557739257,59.96002664890073
part_003.mp4,3365,0,4,0.0251490689450885,0.8612879435221354,0.8107735810456452,3,0.0069381364923578,0.7369490305582682,59.96002664890073
part_003.mp4,3366,0,4,0.0246863947978757,0.8622915267944335,0.8143416934543186,3,0.0069285384018547,0.7371259053548177,59.96002664890073
part_003.mp4,3367,0,4,0.0247385219412131,0.8648506800333658,0.8177683512369792,3,0.0069765898146821,0.7372245788574219,59.96002664890073
part_003.mp4,3368,0,4,0.0241535295427052,0.8662725448608398,0.8219056394365098,3,0.0067719272930601,0.7365512847900391,59.96002664890073
part_003.mp4,3369,0,4,0.0237309286031732,0.867834726969401,0.8275155385335287,3,0.006768799877318,0.7367712020874023,59.96002664890073
part_003.mp4,3370,0,4,0.0229307481639413,0.8673559188842773,0.8315307352277967,3,0.0067769808825867,0.7366601308186849,59.96002664890073
part_003.mp4,3371,0,4,0.0222176475442817,0.866670290629069,0.8361500263214111,3,0.0068276491155955,0.7366537729899089,59.96002664890073
part_003.mp4,3372,0,4,0.0219347695113618,0.8672648111979167,0.8393356323242187,3,0.0067363630668195,0.7367437362670899,59.96002664890073
part_003.mp4,3373,0,4,0.0216037444830376,0.8692638397216796,0.8430985768636068,3,0.0070287643152685,0.737124506632487,59.96002664890073
part_003.mp4,3374,0,4,0.0207070252588093,0.8698311487833659,0.8494697588461416,3,0.0070057895474666,0.7373575846354167,59.96002664890073
part_003.mp4,3375,0,4,0.0202289379908877,0.871226692199707,0.8538956447883889,3,0.0070368959221781,0.7373045603434245,59.96002664890073
part_003.mp4,3376,0,4,0.0200807509072809,0.8716728210449218,0.8567847463819716,3,0.0071795714547624,0.7374950408935547,59.96002664890073
part_003.mp4,3377,0,4,0.0198329855741879,0.8744691848754883,0.8612108654446072,3,0.0071317113200375,0.7375443140665691,59.96002664890073
part_003.mp4,3378,0,4,0.0186460239522798,0.8736473083496094,0.8645362712718823,3,0.0071358015729735,0.7375284830729166,59.96002664890073
part_003.mp4,3379,0,4,0.0177596776022528,0.8739647547403971,0.8690006097157796,3,0.0072088252193363,0.7377347946166992,59.96002664890073
part_003.mp4,3380,0,4,0.0169310549307495,0.8752912521362305,0.8745269174929018,3,0.0071313665559217,0.7377533594767253,59.96002664890073
part_003.mp4,3381,0,4,0.0163035839268983,0.8760700225830078,0.8803242683410645,3,0.0071475618406354,0.7405483881632487,59.96002664890073
part_003.mp4,3382,0,4,0.0152636353004941,0.8742552439371745,0.8828617678748236,3,0.0070459023401871,0.740577761332194,59.96002664890073
part_003.mp4,3383,0,4,0.0149697514840388,0.8766152064005533,0.8898234296728064,3,0.0070384568375259,0.74071044921875,59.96002664890073
part_003.mp4,3384,0,4,0.0140620713722105,0.8763332366943359,0.894370644180863,3,0.0072094583372624,0.7409198760986329,59.96002664890073
part_003.mp4,3385,0,4,0.0132522945089597,0.8763309478759765,0.8995195706685384,3,0.0074768156035699,0.7411588668823242,59.96002664890073
part_003.mp4,3386,0,4,0.0127119175517401,0.8756460825602214,0.9022289523371944,3,0.0074951420901925,0.741255251566569,59.96002664890073
part_003.mp4,3387,0,4,0.0118809808081439,0.8733428955078125,0.905231977392126,3,0.0076458095202515,0.7414955774943034,59.96002664890073
part_003.mp4,3388,0,4,0.0110974985453604,0.8723005294799805,0.910214434729682,3,0.0075589451587034,0.7412960052490234,59.96002664890073
part_003.mp4,3389,0,4,0.0100804598087976,0.8717906951904297,0.9170054568184748,3,0.0077658342570138,0.7416335423787435,59.96002664890073
part_003.mp4,3390,0,4,0.0090194803255669,0.8715656280517579,0.9232204649183484,3,0.0075422402878757,0.7421199798583984,59.96002664890073
part_003.mp4,3391,0,4,0.0077253184761987,0.8607664108276367,0.9273058361477322,3,0.0076613181682963,0.7422581354777018,59.96002664890073
part_003.mp4,3392,0,4,0.0077577918830448,0.7422688166300456,0.1933791549117476,3,0.0077577918830448,0.7422688166300456,59.96002664890073
part_003.mp4,3393,0,4,0.0078858598994298,0.741804567972819,0.1915398491753472,3,0.0078858598994298,0.741804567972819,59.96002664890073
part_003.mp4,3394,0,5,0.0078105231322115,0.7415524800618489,0.1901741310402199,4,0.0078105231322115,0.7415524800618489,59.96002664890073
part_003.mp4,3395,0,4,0.007870033013837,0.7415539423624674,0.1868641606083622,3,0.007870033013837,0.7415539423624674,59.96002664890073
part_003.mp4,3396,0,4,0.0078199313549945,0.7418664932250977,0.1859847457320602,3,0.0078199313549945,0.7418664932250977,59.96002664890073
part_003.mp4,3397,0,4,0.0078416131748235,0.742489242553711,0.1830267447012442,3,0.0078416131748235,0.742489242553711,59.96002664890073
part_003.mp4,3398,0,4,0.0078678540856991,0.7427521387736002,0.181603608308015,3,0.0078678540856991,0.7427521387736002,59.96002664890073
part_003.mp4,3399,0,3,0.0078438582547823,0.7428842544555664,0.1802340472186053,3,0.0078438582547823,0.7428842544555664,59.96002664890073
part_003.mp4,3400,0,3,0.0079258109128568,0.7437038421630859,0.1765570746527777,3,0.0079258109128568,0.7437038421630859,59.96002664890073
part_003.mp4,3401,0,3,0.0081662802745187,0.7447551727294922,0.1765741984049479,3,0.0081662802745187,0.7447551727294922,59.96002664890073
part_003.mp4,3402,0,3,0.0084068549068696,0.7452200571695964,0.1730117797851562,3,0.0084068549068696,0.7452200571695964,59.96002664890073
part_003.mp4,3403,0,3,0.0085253600282939,0.7453550338745117,0.1720531322337962,3,0.0085253600282939,0.7453550338745117,59.96002664890073
part_003.mp4,3404,0,3,0.0087856999220093,0.7453887939453125,0.1697821723090277,3,0.0087856999220093,0.7453887939453125,59.96002664890073
part_003.mp4,3405,0,3,0.009011611024336,0.7462999979654948,0.1689605147750289,3,0.009011611024336,0.7462999979654948,59.96002664890073
part_003.mp4,3406,0,3,0.0091491491981655,0.7470215479532878,0.1676779287832754,3,0.0091491491981655,0.7470215479532878,59.96002664890073
part_003.mp4,3407,0,3,0.0091456296690847,0.746897570292155,0.1657795658817997,3,0.0091456296690847,0.746897570292155,59.96002664890073
part_003.mp4,3408,0,3,0.0093465692172887,0.7475946426391602,0.1646373607494212,3,0.0093465692172887,0.7475946426391602,59.96002664890073
part_003.mp4,3409,0,3,0.0094554329307011,0.7483763376871745,0.1634303905345775,3,0.0094554329307011,0.7483763376871745,59.96002664890073
part_003.mp4,3410,0,3,0.0095566307927049,0.7489093780517578,0.1617995085539641,3,0.0095566307927049,0.7489093780517578,59.96002664890073
part_003.mp4,3411,0,3,0.0096203115156903,0.74910093943278,0.1600704616970486,3,0.0096203115156903,0.74910093943278,59.96002664890073
part_003.mp4,3412,0,3,0.0096628743602375,0.7491767883300782,0.1581455371997974,3,0.0096628743602375,0.7491767883300782,59.96002664890073
part_003.mp4,3413,0,3,0.0097319330009674,0.7489187876383464,0.1567031860351562,3,0.0097319330009674,0.7489187876383464,59.96002664890073
part_003.mp4,3414,0,3,0.0098525299981702,0.7495484034220378,0.1559216534649884,3,0.0098525299981702,0.7495484034220378,59.96002664890073
part_003.mp4,3415,0,3,0.0098988195483495,0.7502830505371094,0.1534834685149016,3,0.0098988195483495,0.7502830505371094,59.96002664890073
part_003.mp4,3416,0,3,0.009960596032238,0.7509430567423503,0.1504440872757523,3,0.009960596032238,0.7509430567423503,59.96002664890073
part_003.mp4,3417,0,3,0.0101083794608712,0.7512907028198242,0.1479845965350116,3,0.0101083794608712,0.7512907028198242,59.96002664890073
part_003.mp4,3418,0,3,0.0104377528299853,0.7524895350138346,0.1485136809172453,3,0.0104377528299853,0.7524895350138346,59.96002664890073
part_003.mp4,3419,0,3,0.0106286250294457,0.7533712387084961,0.1486916436089409,3,0.0106286250294457,0.7533712387084961,59.96002664890073
part_003.mp4,3420,0,3,0.0108619628931369,0.7539979298909505,0.1460094310619213,3,0.0108619628931369,0.7539979298909505,59.96002664890073
part_003.mp4,3421,0,3,0.0108209737153137,0.7540178934733073,0.1437842475043402,3,0.0108209737153137,0.7540178934733073,59.96002664890073
part_003.mp4,3422,0,3,0.0109553357696643,0.7547524770100912,0.1421821876808449,3,0.0109553357696643,0.7547524770100912,59.96002664890073
part_003.mp4,3423,0,3,0.0110847502612267,0.7548744201660156,0.1420549180772569,3,0.0110847502612267,0.7548744201660156,59.96002664890073
part_003.mp4,3424,0,3,0.0112311869849347,0.755292002360026,0.140781995985243,3,0.0112311869849347,0.755292002360026,59.96002664890073
part_003.mp4,3425,0,3,0.0113498741431329,0.7557586034138998,0.1398744371202256,3,0.0113498741431329,0.7557586034138998,59.96002664890073
part_003.mp4,3426,0,3,0.0113857798314549,0.7555813471476237,0.1372547290943287,3,0.0113857798314549,0.7555813471476237,59.96002664890073
part_003.mp4,3427,0,3,0.0115290086522891,0.7558724085489908,0.1367864538122106,3,0.0115290086522891,0.7558724085489908,59.96002664890073
part_003.mp4,3428,0,3,0.0116979768070288,0.7563088099161784,0.1347591824001736,3,0.0116979768070288,0.7563088099161784,59.96002664890073
part_003.mp4,3429,0,3,0.0118545849419509,0.7568438212076823,0.1319091796875,3,0.0118545849419509,0.7568438212076823,59.96002664890073
part_003.mp4,3430,0,3,0.0120800925007077,0.7573753992716471,0.1303848266601562,3,0.0120800925007077,0.7573753992716471,59.96002664890073
part_003.mp4,3431,0,3,0.012230840217391,0.7577411651611328,0.1291310628255208,3,0.012230840217391,0.7577411651611328,59.96002664890073
part_003.mp4,3432,0,3,0.0122090796840428,0.7579859415690104,0.1277160079390914,3,0.0122090796840428,0.7579859415690104,59.96002664890073
part_003.mp4,3433,0,3,0.0125532090719207,0.7591543197631836,0.1237462361653645,3,0.0125532090719207,0.7591543197631836,59.96002664890073
part_003.mp4,3434,0,3,0.0127439629957855,0.7601518630981445,0.1220597443757233,3,0.0127439629957855,0.7601518630981445,59.96002664890073
part_003.mp4,3435,0,3,0.0129809410093973,0.7610121409098307,0.1194731535734953,3,0.0129809410093973,0.7610121409098307,59.96002664890073
part_003.mp4,3436,0,3,0.0131762232072651,0.7619283676147461,0.1175648442021122,3,0.0131762232072651,0.7619283676147461,59.96002664890073
part_003.mp4,3437,0,3,0.0132045714227057,0.762216313680013,0.1159963819715711,3,0.0132045714227057,0.762216313680013,59.96002664890073
part_003.mp4,3438,0,3,0.0133266694089512,0.7622444152832031,0.1138379980016637,3,0.0133266694089512,0.7622444152832031,59.96002664890073
part_003.mp4,3439,0,3,0.0132653272461525,0.7623359680175781,0.1121441311306423,3,0.0132653272461525,0.7623359680175781,59.96002664890073
part_003.mp4,3440,0,3,0.0134779333221269,0.7627267837524414,0.1095585858380353,3,0.0134779333221269,0.7627267837524414,59.96002664890073
part_003.mp4,3441,0,3,0.0135794534752979,0.7629417419433594,0.1081977844238281,3,0.0135794534752979,0.7629417419433594,59.96002664890073
part_003.mp4,3442,0,3,0.0137452659103803,0.7637233734130859,0.1074849164044415,3,0.0137452659103803,0.7637233734130859,59.96002664890073
part_003.mp4,3443,0,3,0.0139355278362927,0.7639894485473633,0.1054276925546151,3,0.0139355278362927,0.7639894485473633,59.96002664890073
part_003.mp4,3444,0,3,0.0143913812017503,0.7653460184733073,0.1014052214445891,3,0.0143913812017503,0.7653460184733073,59.96002664890073
part_003.mp4,3445,0,3,0.0146164258109854,0.7665999094645183,0.1008466367368344,3,0.0146164258109854,0.7665999094645183,59.96002664890073
part_003.mp4,3446,0,3,0.0147739449829936,0.7671592712402344,0.0991443210177951,3,0.0147739449829936,0.7671592712402344,59.96002664890073
part_003.mp4,3447,0,3,0.0148383521691559,0.7672142028808594,0.0979339599609375,3,0.0148383521691559,0.7672142028808594,59.96002664890073
part_003.mp4,3448,0,3,0.0149597786019633,0.7678731918334961,0.0969387478298611,3,0.0149597786019633,0.7678731918334961,59.96002664890073
part_003.mp4,3449,0,3,0.0148731430405233,0.7671919504801432,0.0954369439019097,3,0.0148731430405233,0.7671919504801432,59.96002664890073
part_003.mp4,3450,0,3,0.0148736387588238,0.7673250198364258,0.0943410237630208,3,0.0148736387588238,0.7673250198364258,59.96002664890073
part_003.mp4,3451,0,3,0.0151851817001847,0.7680490493774415,0.0938750090422453,3,0.0151851817001847,0.7680490493774415,59.96002664890073
part_003.mp4,3452,0,3,0.0155068617131931,0.7690735499064127,0.0909350359881365,3,0.0155068617131931,0.7690735499064127,59.96002664890073
part_003.mp4,3453,0,3,0.0156914623178086,0.769407081604004,0.0884663617169415,3,0.0156914623178086,0.769407081604004,59.96002664890073
part_003.mp4,3454,0,3,0.0159216844048286,0.7697350184122721,0.0867524888780382,3,0.0159216844048286,0.7697350184122721,59.96002664890073
part_003.mp4,3455,0,3,0.0159709981203842,0.7697125116984049,0.0864181235984519,3,0.0159709981203842,0.7697125116984049,59.96002664890073
part_003.mp4,3456,0,3,0.016198316829532,0.7701146443684895,0.0841270164207176,3,0.016198316829532,0.7701146443684895,59.96002664890073
part_003.mp4,3457,0,3,0.0164168048913308,0.7707937240600586,0.082441344084563,3,0.0164168048913308,0.7707937240600586,59.96002664890073
part_003.mp4,3458,0,3,0.0168430592534423,0.7732233683268229,0.0790009957772714,3,0.0168430592534423,0.7732233683268229,59.96002664890073
part_003.mp4,3459,0,3,0.0170687166700372,0.7739046096801758,0.0777979250307436,3,0.0170687166700372,0.7739046096801758,59.96002664890073
part_003.mp4,3460,0,3,0.0173077363600572,0.7745922724405925,0.0759906062373408,3,0.0173077363600572,0.7745922724405925,59.96002664890073
part_003.mp4,3461,0,3,0.0175151506716523,0.774871826171875,0.0723277339228877,3,0.0175151506716523,0.774871826171875,59.96002664890073
part_003.mp4,3462,0,3,0.0176834102991657,0.7751432418823242,0.0707241482204861,3,0.0176834102991657,0.7751432418823242,59.96002664890073
part_003.mp4,3463,0,3,0.0178302909262398,0.7754451751708984,0.0698052017777054,3,0.0178302909262398,0.7754451751708984,59.96002664890073
part_003.mp4,3464,0,3,0.0179286695589644,0.7759058634440105,0.0689596953215422,3,0.0179286695589644,0.7759058634440105,59.96002664890073
part_003.mp4,3465,0,3,0.0181467209688519,0.7765366236368815,0.0674867135507089,3,0.0181467209688519,0.7765366236368815,59.96002664890073
part_003.mp4,3466,0,3,0.0183257938421674,0.7768948237101237,0.0655129044144241,3,0.0183257938421674,0.7768948237101237,59.96002664890073
part_003.mp4,3467,0,3,0.0185319902116909,0.7769451141357422,0.0623330858018663,3,0.0185319902116909,0.7769451141357422,59.96002664890073
part_003.mp4,3468,0,3,0.0186532481086518,0.7774189631144206,0.0612345377604166,3,0.0186532481086518,0.7774189631144206,59.96002664890073
part_003.mp4,3469,0,3,0.0190152626238866,0.7776915232340494,0.0580495198567708,3,0.0190152626238866,0.7776915232340494,59.96002664890073
part_003.mp4,3470,0,3,0.0193115738216901,0.7784616470336914,0.0563450848614728,3,0.0193115738216901,0.7784616470336914,59.96002664890073
part_003.mp4,3471,0,3,0.0196702294947829,0.7788808822631836,0.0527734261971932,3,0.0196702294947829,0.7788808822631836,59.96002664890073
part_003.mp4,3472,0,3,0.020127766676564,0.7801244735717774,0.0494275976110387,3,0.020127766676564,0.7801244735717774,59.96002664890073
part_003.mp4,3473,0,3,0.0205988308970861,0.7809286753336588,0.0469600253634982,3,0.0205988308970861,0.7809286753336588,59.96002664890073
part_003.mp4,3474,0,3,0.0205049865311647,0.7804819107055664,0.0452804282859519,3,0.0205049865311647,0.7804819107055664,59.96002664890073
part_003.mp4,3475,0,3,0.0206824020113951,0.7814371744791667,0.042053731282552,3,0.0206824020113951,0.7814371744791667,59.96002664890073
part_003.mp4,3476,0,3,0.0209249218474724,0.7823200225830078,0.0401773805971498,3,0.0209249218474724,0.7823200225830078,59.96002664890073
part_003.mp4,3477,0,3,0.0209699948329836,0.78243408203125,0.0365557352701822,3,0.0209699948329836,0.78243408203125,59.96002664890073
part_003.mp4,3478,0,3,0.0217023639824873,0.7859006881713867,0.035161703604239,3,0.0217023639824873,0.7859006881713867,59.96002664890073
part_003.mp4,3479,0,3,0.0219256388637101,0.7861284255981446,0.0323293897840711,3,0.0219256388637101,0.7861284255981446,59.96002664890073
part_003.mp4,3480,0,3,0.0219519576574618,0.7870254516601562,0.02858807599103,3,0.0219519576574618,0.7870254516601562,59.96002664890073
part_003.mp4,3481,0,3,0.0222648166613991,0.787510363260905,0.0268011587637442,3,0.0222648166613991,0.787510363260905,59.96002664890073
part_003.mp4,3482,0,3,0.0224842378283695,0.78857847849528,0.0248669094509548,3,0.0224842378283695,0.78857847849528,59.96002664890073
part_003.mp4,3483,0,4,0.0230829279267345,0.7892426172892253,0.0264324329517505,4,0.0230829279267345,0.7892426172892253,59.96002664890073
part_003.mp4,3484,0,4,0.0235371221679896,0.790107536315918,0.0204394870334201,4,0.0235371221679896,0.790107536315918,59.96002664890073
part_003.mp4,3485,0,4,0.0243734374084782,0.7911237080891927,0.0202314306188512,4,0.0243734374084782,0.7911237080891927,59.96002664890073
part_003.mp4,3486,0,4,0.0246014578620411,0.7918427149454753,0.015230475531684,4,0.0246014578620411,0.7918427149454753,59.96002664890073
part_003.mp4,3487,0,4,0.02496449132534,0.7927418390909831,0.0127892388237847,4,0.02496449132534,0.7927418390909831,59.96002664890073
part_003.mp4,3488,0,4,0.0255888371690525,0.7947896957397461,0.0088227731210214,4,0.0255888371690525,0.7947896957397461,59.96002664890073
part_003.mp4,3489,0,4,0.0257876338931964,0.795067024230957,0.0069135030110677,4,0.0257876338931964,0.795067024230957,59.96002664890073
part_003.mp4,3490,0,4,0.0267225524616056,0.7967358907063802,0.0069455182110821,4,0.0267225524616056,0.7967358907063802,59.96002664890073
part_003.mp4,3491,0,4,0.0270517109267368,0.7977493286132813,0.001874937834563,4,0.0270517109267368,0.7977493286132813,59.96002664890073
part_003.mp4,3492,0,4,0.0273177633413838,0.7978184382120769,0.0019190752947771,4,0.0273177633413838,0.7978184382120769,59.96002664890073
part_003.mp4,3493,0,4,0.028508754430066,0.80042724609375,0.0052512557418258,4,0.028508754430066,0.80042724609375,59.96002664890073
part_003.mp4,3494,0,4,0.0286952171620753,0.801205062866211,0.0083387869375723,4,0.0286952171620753,0.801205062866211,59.96002664890073
part_003.mp4,3495,0,4,0.028973634498058,0.8012533187866211,0.0128469679090711,4,0.028973634498058,0.8012533187866211,59.96002664890073
part_003.mp4,3496,0,4,0.0290709711901824,0.8013175964355469,0.0159967210557725,4,0.0290709711901824,0.8013175964355469,59.96002664890073
part_003.mp4,3497,0,4,0.0297837821015855,0.8014507293701172,0.0216846042209201,4,0.0297837821015855,0.8014507293701172,59.96002664890073
part_003.mp4,3498,0,4,0.0298521803802577,0.8021711349487305,0.0226496661150897,4,0.0298521803802577,0.8021711349487305,59.96002664890073
part_003.mp4,3499,0,4,0.030354935642293,0.8028902689615885,0.0254193058720341,4,0.030354935642293,0.8028902689615885,59.96002664890073
