video,frame,risk_label,count_total,area_frac,bottom_y_norm,center_x_dist,count_in_roi_all,max_area_in_roi_all,max_bottom_y_in_roi_all,fps
part_005.mp4,0,0,2,0.0063852229067641,0.7172716776529948,0.1460324887876157,2,0.0063852229067641,0.7172716776529948,59.96002664890073
part_005.mp4,1,0,2,0.0060145075514231,0.7165531158447266,0.1450591475875289,2,0.0060145075514231,0.7165531158447266,59.96002664890073
part_005.mp4,2,0,2,0.005757933650252,0.7159420649210612,0.1441995126229745,2,0.005757933650252,0.7159420649210612,59.96002664890073
part_005.mp4,3,0,2,0.0057198013307061,0.7154202143351237,0.1483099478262442,2,0.0057198013307061,0.7154202143351237,59.96002664890073
part_005.mp4,4,0,2,0.0056546189533805,0.7152097066243489,0.1486756501374421,2,0.0056546189533805,0.7152097066243489,59.96002664890073
part_005.mp4,5,0,2,0.0056088438958222,0.7146528244018555,0.1518061885127314,2,0.0056088438958222,0.7146528244018555,59.96002664890073
part_005.mp4,6,0,2,0.0053923326325645,0.7137994766235352,0.1497768260814525,2,0.0053923326325645,0.7137994766235352,59.96002664890073
part_005.mp4,7,0,2,0.0053127769111112,0.7132801055908203,0.1499547322591145,2,0.0053127769111112,0.7132801055908203,59.96002664890073
part_005.mp4,8,0,2,0.005251280363343,0.7128468195597331,0.1514059561270254,2,0.005251280363343,0.7128468195597331,59.96002664890073
part_005.mp4,9,0,3,0.0052640318704652,0.7123034159342448,0.1544038560655382,3,0.0052640318704652,0.7123034159342448,59.96002664890073
part_005.mp4,10,0,2,0.0054141353741669,0.7121679306030273,0.1593892980504919,2,0.0054141353741669,0.7121679306030273,59.96002664890073
part_005.mp4,11,0,2,0.0053024983918294,0.711627451578776,0.1596799497251157,2,0.0053024983918294,0.711627451578776,59.96002664890073
part_005.mp4,12,0,2,0.005250156042166,0.7115261713663737,0.1602593315972222,2,0.005250156042166,0.7115261713663737,59.96002664890073
part_005.mp4,13,0,2,0.0053117436153762,0.7112059275309245,0.1622976232458044,2,0.0053117436153762,0.7112059275309245,59.96002664890073
part_005.mp4,14,0,2,0.0053635250147069,0.7109373728434245,0.1644767478660301,2,0.0053635250147069,0.7109373728434245,59.96002664890073
part_005.mp4,15,0,2,0.005434526737088,0.7103899637858073,0.1698076601381655,2,0.005434526737088,0.7103899637858073,59.96002664890073
part_005.mp4,16,0,3,0.0052743419060587,0.7096593221028645,0.1702217384620949,3,0.0052743419060587,0.7096593221028645,59.96002664890073
part_005.mp4,17,0,3,0.0051298989107211,0.7096260070800782,0.1697487160011574,3,0.0051298989107211,0.7096260070800782,59.96002664890073
part_005.mp4,18,0,2,0.0055152829542769,0.7097244262695312,0.1808389734338831,2,0.0055152829542769,0.7097244262695312,59.96002664890073
part_005.mp4,19,0,2,0.0056175808818079,0.7088871002197266,0.1834459092881944,2,0.0056175808818079,0.7088871002197266,59.96002664890073
part_005.mp4,20,0,2,0.0055382824154286,0.7076582590738932,0.186592384620949,2,0.0055382824154286,0.7076582590738932,59.96002664890073
part_005.mp4,21,0,3,0.0053381303377035,0.7068361282348633,0.1840306599934895,3,0.0053381303377035,0.7068361282348633,59.96002664890073
part_005.mp4,22,0,3,0.0053832965711545,0.7068534851074219,0.1878526475694444,3,0.0053832965711545,0.7068534851074219,59.96002664890073
part_005.mp4,23,0,2,0.0053141649803728,0.7066090901692709,0.18760336416739,2,0.0053141649803728,0.7066090901692709,59.96002664890073
part_005.mp4,24,0,2,0.0052130606072131,0.706123161315918,0.1858528984917534,2,0.0052130606072131,0.706123161315918,59.96002664890073
part_005.mp4,25,0,2,0.0052117998674253,0.705171267191569,0.1894931369357639,2,0.0052117998674253,0.705171267191569,59.96002664890073
part_005.mp4,26,0,2,0.0051789921726514,0.7052304585774739,0.1900910554108796,2,0.0051789921726514,0.7052304585774739,59.96002664890073
part_005.mp4,27,0,2,0.0053372566425349,0.705427614847819,0.1929103710033275,2,0.0053372566425349,0.705427614847819,59.96002664890073
part_005.mp4,28,0,2,0.0051874024564447,0.705197270711263,0.1927825362594039,2,0.0051874024564447,0.705197270711263,59.96002664890073
part_005.mp4,29,0,2,0.0052490559387175,0.705297342936198,0.1947199503580729,2,0.0052490559387175,0.705297342936198,59.96002664890073
part_005.mp4,30,0,2,0.0050980217261045,0.704150644938151,0.1978148848922164,2,0.0050980217261045,0.704150644938151,59.96002664890073
part_005.mp4,31,0,2,0.0051027023294267,0.7039484024047852,0.1996656629774305,2,0.0051027023294267,0.7039484024047852,59.96002664890073
part_005.mp4,32,0,2,0.0049591300386883,0.703132438659668,0.2004519992404514,2,0.0049591300386883,0.703132438659668,59.96002664890073
part_005.mp4,33,0,2,0.0048960346006788,0.7026224772135417,0.2017100016276041,2,0.0048960346006788,0.7026224772135417,59.96002664890073
part_005.mp4,34,0,1,0.0050118493152937,0.7028045654296875,0.2040004588939525,1,0.0050118493152937,0.7028045654296875,59.96002664890073
part_005.mp4,35,0,2,0.0049091112248909,0.7026085535685221,0.2052305433485243,2,0.0049091112248909,0.7026085535685221,59.96002664890073
part_005.mp4,36,0,2,0.0049306198658369,0.7028745651245117,0.2060422544126157,2,0.0049306198658369,0.7028745651245117,59.96002664890073
part_005.mp4,37,0,2,0.004866600590661,0.7025415420532226,0.2077211168077257,2,0.004866600590661,0.7025415420532226,59.96002664890073
part_005.mp4,38,0,2,0.0048125355739008,0.7025168736775717,0.2029064037181712,2,0.0048125355739008,0.7025168736775717,59.96002664890073
part_005.mp4,39,0,2,0.0047363038033816,0.7022264480590821,0.2052018342194733,2,0.0047363038033816,0.7022264480590821,59.96002664890073
part_005.mp4,40,0,1,0.004768644187299,0.7026686350504557,0.208008716724537,1,0.004768644187299,0.7026686350504557,59.96002664890073
part_005.mp4,41,0,2,0.0048073699644495,0.7019333521525065,0.2125599613896122,2,0.0048073699644495,0.7019333521525065,59.96002664890073
part_005.mp4,42,0,2,0.0047023090715002,0.7012859344482422,0.2126193576388889,2,0.0047023090715002,0.7012859344482422,59.96002664890073
part_005.mp4,43,0,2,0.0045641834509701,0.7006057739257813,0.2113962244104456,2,0.0045641834509701,0.7006057739257813,59.96002664890073
part_005.mp4,44,0,2,0.0044604752973342,0.699786376953125,0.2129852294921875,2,0.0044604752973342,0.699786376953125,59.96002664890073
part_005.mp4,45,0,2,0.0043803603419413,0.6988334655761719,0.2144142433449074,2,0.0043803603419413,0.6988334655761719,59.96002664890073
part_005.mp4,46,0,2,0.0042458611570678,0.6987558364868164,0.2164178353768807,2,0.0042458611570678,0.6987558364868164,59.96002664890073
part_005.mp4,47,0,2,0.0042215811588835,0.6987611770629882,0.2167098433883101,2,0.0042215811588835,0.6987611770629882,59.96002664890073
part_005.mp4,48,0,1,0.0040919443900857,0.6979337692260742,0.2161284270109953,1,0.0040919443900857,0.6979337692260742,59.96002664890073
part_005.mp4,49,0,1,0.0039127670364299,0.697157351175944,0.2157979329427083,1,0.0039127670364299,0.697157351175944,59.96002664890073
part_005.mp4,50,0,1,0.0038987450739498,0.6964456558227539,0.2171621817129629,1,0.0038987450739498,0.6964456558227539,59.96002664890073
part_005.mp4,51,0,1,0.0040312592683929,0.6961788177490235,0.2203392876519097,1,0.0040312592683929,0.6961788177490235,59.96002664890073
part_005.mp4,52,0,3,0.0039142148208338,0.6959869384765625,0.2203612716109664,3,0.0039142148208338,0.6959869384765625,59.96002664890073
part_005.mp4,53,0,2,0.0036956625786196,0.6957680384318033,0.2176575837311921,2,0.0036956625786196,0.6957680384318033,59.96002664890073
part_005.mp4,54,0,1,0.0031367409348604,0.6953205744425456,0.2047609117296007,1,0.0031367409348604,0.6953205744425456,59.96002664890073
part_005.mp4,55,0,1,0.0033630572623224,0.6952942530314128,0.2137450606734664,1,0.0033630572623224,0.6952942530314128,59.96002664890073
part_005.mp4,56,0,1,0.0034470703950105,0.6946329752604167,0.2195115266022858,1,0.0034470703950105,0.6946329752604167,59.96002664890073
part_005.mp4,57,0,1,0.0033681267741485,0.6945114135742188,0.2175425776728877,1,0.0033681267741485,0.6945114135742188,59.96002664890073
part_005.mp4,58,0,1,0.0032600866811979,0.6942697525024414,0.2170371726707176,1,0.0032600866811979,0.6942697525024414,59.96002664890073
part_005.mp4,59,0,3,0.0031508117452311,0.693912124633789,0.2187250773111979,3,0.0031508117452311,0.693912124633789,59.96002664890073
part_005.mp4,60,0,3,0.003265835423652,0.6938758850097656,0.2232627586082176,3,0.003265835423652,0.6938758850097656,59.96002664890073
part_005.mp4,61,0,2,0.0030104299778273,0.6938515345255534,0.2177513970269097,2,0.0030104299778273,0.6938515345255534,59.96002664890073
part_005.mp4,62,0,1,0.0029274940833177,0.6936332702636718,0.2151298805519386,1,0.0029274940833177,0.6936332702636718,59.96002664890073
part_005.mp4,63,0,1,0.0029073408544839,0.6935717264811198,0.2175396389431423,1,0.0029073408544839,0.6935717264811198,59.96002664890073
part_005.mp4,64,0,1,0.0028765596305796,0.6929062525431315,0.2187659369574652,1,0.0028765596305796,0.6929062525431315,59.96002664890073
part_005.mp4,65,0,1,0.0027971207678072,0.6926624298095703,0.2198784157081886,1,0.0027971207678072,0.6926624298095703,59.96002664890073
part_005.mp4,66,0,1,0.0027464025512403,0.6923124313354492,0.2203483864113136,1,0.0027464025512403,0.6923124313354492,59.96002664890073
part_005.mp4,67,0,2,0.0027578925605565,0.6921660105387369,0.2220967045536747,2,0.0027578925605565,0.6921660105387369,59.96002664890073
part_005.mp4,68,0,2,0.0028779560666427,0.6920694351196289,0.2245369240089699,2,0.0028779560666427,0.6920694351196289,59.96002664890073
part_005.mp4,69,0,2,0.0028755551023641,0.6916238784790039,0.2255523116500289,2,0.0028755551023641,0.6916238784790039,59.96002664890073
part_005.mp4,70,0,1,0.0028096364755442,0.6908206939697266,0.2265755547417534,1,0.0028096364755442,0.6908206939697266,59.96002664890073
part_005.mp4,71,0,2,0.0027657513077914,0.6901983896891276,0.2257650304723669,2,0.0027657513077914,0.6901983896891276,59.96002664890073
part_005.mp4,72,0,1,0.0028100007658293,0.6910916646321614,0.2253304375542534,1,0.0028100007658293,0.6910916646321614,59.96002664890073
part_005.mp4,73,0,1,0.0027989768257032,0.6906345367431641,0.2279570968062789,1,0.0027989768257032,0.6906345367431641,59.96002664890073
part_005.mp4,74,0,1,0.0027932497121704,0.6897497812906901,0.2285209373191551,1,0.0027932497121704,0.6897497812906901,59.96002664890073
part_005.mp4,75,0,2,0.0027317684510813,0.6893194198608399,0.2293537846317997,2,0.0027317684510813,0.6893194198608399,59.96002664890073
part_005.mp4,76,0,2,0.0026545061137854,0.6886987686157227,0.2290016456886574,2,0.0026545061137854,0.6886987686157227,59.96002664890073
part_005.mp4,77,0,2,0.0025983707418264,0.6878962198893229,0.2291615238896122,2,0.0025983707418264,0.6878962198893229,59.96002664890073
part_005.mp4,78,0,1,0.002565118372699,0.6873907089233399,0.2292200724283854,1,0.002565118372699,0.6873907089233399,59.96002664890073
part_005.mp4,79,0,1,0.0025541729809871,0.6873613357543945,0.2291641235351562,1,0.0025541729809871,0.6873613357543945,59.96002664890073
part_005.mp4,80,0,1,0.0026335921993746,0.6872994105021158,0.2302014386212384,1,0.0026335921993746,0.6872994105021158,59.96002664890073
part_005.mp4,81,0,2,0.0026768121776102,0.6871984481811524,0.231619714807581,2,0.0026768121776102,0.6871984481811524,59.96002664890073
part_005.mp4,82,0,2,0.0026536264644689,0.6870122909545898,0.2326374760380497,2,0.0026536264644689,0.6870122909545898,59.96002664890073
part_005.mp4,83,0,2,0.0026129421625389,0.6868288040161132,0.2318840874565972,2,0.0026129421625389,0.6868288040161132,59.96002664890073
part_005.mp4,84,0,2,0.0025933518929135,0.6865171432495117,0.2323701646592882,2,0.0025933518929135,0.6865171432495117,59.96002664890073
part_005.mp4,85,0,2,0.0025777942858015,0.6862430572509766,0.2329634489836516,2,0.0025777942858015,0.6862430572509766,59.96002664890073
part_005.mp4,86,0,2,0.0025190048703936,0.6849971135457357,0.2338127418800636,2,0.0025190048703936,0.6849971135457357,59.96002664890073
part_005.mp4,87,0,2,0.0024989114171123,0.6845958709716797,0.2341781051070602,2,0.0024989114171123,0.6845958709716797,59.96002664890073
part_005.mp4,88,0,2,0.0025243210836305,0.685340944925944,0.2345525670934606,2,0.0025243210836305,0.685340944925944,59.96002664890073
part_005.mp4,89,0,2,0.0024886384022344,0.6848549524943034,0.2350432784469039,2,0.0024886384022344,0.6848549524943034,59.96002664890073
part_005.mp4,90,0,2,0.0024403933397843,0.6844671249389649,0.2356619940863715,2,0.0024403933397843,0.6844671249389649,59.96002664890073
part_005.mp4,91,0,2,0.0024056750469349,0.6838476816813152,0.2361242788809317,2,0.0024056750469349,0.6838476816813152,59.96002664890073
part_005.mp4,92,0,2,0.0023914397669809,0.6827569961547851,0.2372824209707754,2,0.0023914397669809,0.6827569961547851,59.96002664890073
part_005.mp4,93,0,2,0.0023789318916452,0.6826072692871094,0.2368868792498553,2,0.0023789318916452,0.6826072692871094,59.96002664890073
part_005.mp4,94,0,2,0.0023733804413307,0.6824991861979167,0.2368119416413484,2,0.0023733804413307,0.6824991861979167,59.96002664890073
part_005.mp4,95,0,2,0.0023797117680078,0.6824932734171549,0.2365618670428241,2,0.0023797117680078,0.6824932734171549,59.96002664890073
part_005.mp4,96,0,2,0.0023943625468139,0.6824183146158854,0.2366770426432291,2,0.0023943625468139,0.6824183146158854,59.96002664890073
part_005.mp4,97,0,2,0.0023694928738404,0.6824251810709635,0.2358257717556423,2,0.0023694928738404,0.6824251810709635,59.96002664890073
part_005.mp4,98,0,2,0.0023432198506823,0.682362429300944,0.2360539189091435,2,0.0023432198506823,0.682362429300944,59.96002664890073
part_005.mp4,99,0,2,0.0023353264777903,0.6823635101318359,0.2361454716435185,2,0.0023353264777903,0.6823635101318359,59.96002664890073
part_005.mp4,100,0,2,0.0023048098261804,0.6822591781616211,0.2364900377061632,2,0.0023048098261804,0.6822591781616211,59.96002664890073
part_005.mp4,101,0,2,0.0022638729433917,0.6821070353190104,0.2371494434497974,2,0.0022638729433917,0.6821070353190104,59.96002664890073
part_005.mp4,102,0,2,0.0022297876395492,0.6819673538208008,0.2370426884403935,2,0.0022297876395492,0.6819673538208008,59.96002664890073
part_005.mp4,103,0,2,0.0022055393766883,0.6818306605021159,0.2378898903175636,2,0.0022055393766883,0.6818306605021159,59.96002664890073
part_005.mp4,104,0,2,0.0022041488974139,0.6817356745402018,0.23834799307364,2,0.0022041488974139,0.6817356745402018,59.96002664890073
part_005.mp4,105,0,2,0.0022032707960655,0.6816710789998373,0.2388451470269097,2,0.0022032707960655,0.6816710789998373,59.96002664890073
part_005.mp4,106,0,2,0.0022024662452167,0.6813722610473633,0.2398401896158854,2,0.0022024662452167,0.6813722610473633,59.96002664890073
part_005.mp4,107,0,2,0.002256937942778,0.6809544881184896,0.2409325493706597,2,0.002256937942778,0.6809544881184896,59.96002664890073
part_005.mp4,108,0,2,0.0023076774179935,0.6808698654174805,0.2431393093532986,2,0.0023076774179935,0.6808698654174805,59.96002664890073
part_005.mp4,109,0,2,0.002311328795137,0.6808520634969075,0.2440079865632233,2,0.002311328795137,0.6808520634969075,59.96002664890073
part_005.mp4,110,0,3,0.0021935975505039,0.681195068359375,0.2407133314344618,3,0.0021935975505039,0.681195068359375,59.96002664890073
part_005.mp4,111,0,3,0.0021828271567722,0.6811624526977539,0.2416207207573784,3,0.0021828271567722,0.6811624526977539,59.96002664890073
part_005.mp4,112,0,3,0.0022042756343984,0.6812180201212565,0.2417080349392361,3,0.0022042756343984,0.6812180201212565,59.96002664890073
part_005.mp4,113,0,3,0.0022494429652579,0.6812529881795247,0.2425595883969907,3,0.0022494429652579,0.6812529881795247,59.96002664890073
part_005.mp4,114,0,3,0.0022528890625108,0.681220817565918,0.2425095734772858,3,0.0022528890625108,0.681220817565918,59.96002664890073
part_005.mp4,115,0,3,0.002298791786328,0.680883280436198,0.2439414695457176,3,0.002298791786328,0.680883280436198,59.96002664890073
part_005.mp4,116,0,3,0.0022488102130591,0.6807268142700196,0.2425516764322916,3,0.0022488102130591,0.6807268142700196,59.96002664890073
part_005.mp4,117,0,2,0.0022590988664887,0.6806677500406901,0.2429883038556134,2,0.0022590988664887,0.6806677500406901,59.96002664890073
part_005.mp4,118,0,2,0.0022141504502441,0.680554453531901,0.2426168936270254,2,0.0022141504502441,0.680554453531901,59.96002664890073
part_005.mp4,119,0,2,0.0022340838147728,0.6804180145263672,0.2434850056966145,2,0.0022340838147728,0.6804180145263672,59.96002664890073
part_005.mp4,120,0,2,0.0022252034913334,0.6802685419718425,0.2435643513997396,2,0.0022252034913334,0.6802685419718425,59.96002664890073
part_005.mp4,121,0,2,0.002196235548278,0.6799891789754232,0.2436502527307581,2,0.002196235548278,0.6799891789754232,59.96002664890073
part_005.mp4,122,0,2,0.0021490581046263,0.6802611033121745,0.243260418927228,2,0.0021490581046263,0.6802611033121745,59.96002664890073
part_005.mp4,123,0,2,0.0021308096251191,0.6801661173502604,0.2431875723379629,2,0.0021308096251191,0.6801661173502604,59.96002664890073
part_005.mp4,124,0,1,0.002075647752801,0.6798741658528645,0.2431286847149884,1,0.002075647752801,0.6798741658528645,59.96002664890073
part_005.mp4,125,0,1,0.0020488235666696,0.6797646840413412,0.2431663795753761,1,0.0020488235666696,0.6797646840413412,59.96002664890073
part_005.mp4,126,0,1,0.0020069603008407,0.6796365737915039,0.2429454097041377,1,0.0020069603008407,0.6796365737915039,59.96002664890073
part_005.mp4,127,0,1,0.0020378565583895,0.6791528701782227,0.2427371554904513,1,0.0020378565583895,0.6791528701782227,59.96002664890073
part_005.mp4,128,0,1,0.0019633477303432,0.6791720072428385,0.2400336371527777,1,0.0019633477303432,0.6791720072428385,59.96002664890073
part_005.mp4,129,0,1,0.0021057005600865,0.6796062469482422,0.2413632993344907,1,0.0021057005600865,0.6796062469482422,59.96002664890073
part_005.mp4,130,0,1,0.0021838831713345,0.6799581527709961,0.2422480265299479,1,0.0021838831713345,0.6799581527709961,59.96002664890073
part_005.mp4,131,0,1,0.0022388495159814,0.6803937911987304,0.2430933634440104,1,0.0022388495159814,0.6803937911987304,59.96002664890073
part_005.mp4,132,0,1,0.0022561355515305,0.6806019465128581,0.2436586733217592,1,0.0022561355515305,0.6806019465128581,59.96002664890073
part_005.mp4,133,0,1,0.0022668826852653,0.6805671691894531,0.2448732164171007,1,0.0022668826852653,0.6805671691894531,59.96002664890073
part_005.mp4,134,0,1,0.0021931305807083,0.6808017730712891,0.2452735053168402,1,0.0021931305807083,0.6808017730712891,59.96002664890073
part_005.mp4,135,0,1,0.0021338545015213,0.6806936264038086,0.2444251731589988,1,0.0021338545015213,0.6806936264038086,59.96002664890073
part_005.mp4,136,0,1,0.0020290918933244,0.6805715560913086,0.2428502965856481,1,0.0020290918933244,0.6805715560913086,59.96002664890073
part_005.mp4,137,0,1,0.0019272979527401,0.6803302764892578,0.2411690040870949,1,0.0019272979527401,0.6803302764892578,59.96002664890073
part_005.mp4,138,0,1,0.0018960305467071,0.6800535202026368,0.241079768428096,1,0.0018960305467071,0.6800535202026368,59.96002664890073
part_005.mp4,139,0,1,0.0019239232035922,0.6800755182902019,0.241441175672743,1,0.0019239232035922,0.6800755182902019,59.96002664890073
part_005.mp4,140,0,1,0.0019539302104062,0.6801819483439128,0.2412355211046007,1,0.0019539302104062,0.6801819483439128,59.96002664890073
part_005.mp4,141,0,1,0.0020086503338663,0.6804286956787109,0.2413748281973379,1,0.0020086503338663,0.6804286956787109,59.96002664890073
part_005.mp4,142,0,1,0.0020154993224423,0.680471674601237,0.2413231743706597,1,0.0020154993224423,0.680471674601237,59.96002664890073
part_005.mp4,143,0,1,0.0020181142238693,0.6803693771362305,0.2416758219401041,1,0.0020181142238693,0.6803693771362305,59.96002664890073
part_005.mp4,144,0,1,0.0019772622890175,0.6802463531494141,0.2411671391239872,1,0.0019772622890175,0.6802463531494141,59.96002664890073
part_005.mp4,145,0,1,0.0019128900137729,0.6802755991617838,0.2409221507884838,1,0.0019128900137729,0.6802755991617838,59.96002664890073
part_005.mp4,146,0,1,0.0019169813528424,0.6803515116373698,0.2411856757269965,1,0.0019169813528424,0.6803515116373698,59.96002664890073
part_005.mp4,147,0,1,0.0019559567949424,0.6807519276936849,0.2420810275607638,1,0.0019559567949424,0.6807519276936849,59.96002664890073
part_005.mp4,148,0,1,0.0018956193917777,0.6807771682739258,0.2415743792498553,1,0.0018956193917777,0.6807771682739258,59.96002664890073
part_005.mp4,149,0,1,0.0019195833523688,0.6808949152628581,0.2414054022894965,1,0.0019195833523688,0.6808949152628581,59.96002664890073
part_005.mp4,150,0,1,0.0018146600963922,0.6808872222900391,0.2360336303710937,1,0.0018146600963922,0.6808872222900391,59.96002664890073
part_005.mp4,151,0,1,0.0019050548955177,0.6811581929524739,0.240677331995081,1,0.0019050548955177,0.6811581929524739,59.96002664890073
part_005.mp4,152,0,1,0.0018779099849699,0.6811769485473633,0.2406534265588831,1,0.0018779099849699,0.6811769485473633,59.96002664890073
part_005.mp4,153,0,1,0.0018814813203708,0.6811636606852214,0.2410192984121817,1,0.0018814813203708,0.6811636606852214,59.96002664890073
part_005.mp4,154,0,1,0.0019259963284338,0.6811167399088541,0.2417959707754629,1,0.0019259963284338,0.6811167399088541,59.96002664890073
part_005.mp4,155,0,1,0.0019524404665248,0.6810618718465169,0.2427854749891493,1,0.0019524404665248,0.6810618718465169,59.96002664890073
part_005.mp4,156,0,1,0.0019440009009688,0.6810423533121744,0.2432762428566261,1,0.0019440009009688,0.6810423533121744,59.96002664890073
part_005.mp4,157,0,1,0.0018946078925121,0.6810401916503906,0.2422758314344618,1,0.0018946078925121,0.6810401916503906,59.96002664890073
part_005.mp4,158,0,1,0.0018602234858553,0.6810209274291992,0.2414671156141493,1,0.0018602234858553,0.6810209274291992,59.96002664890073
part_005.mp4,159,0,1,0.0018493603538243,0.6810465494791667,0.2415525648328993,1,0.0018493603538243,0.6810465494791667,59.96002664890073
part_005.mp4,160,0,1,0.0018314843247127,0.6810709635416666,0.2413004557291666,1,0.0018314843247127,0.6810709635416666,59.96002664890073
part_005.mp4,161,0,1,0.0018343767069099,0.6810662587483723,0.2420365510163483,1,0.0018343767069099,0.6810662587483723,59.96002664890073
part_005.mp4,162,0,1,0.0018234934101821,0.6811138153076172,0.242119570131655,1,0.0018234934101821,0.6811138153076172,59.96002664890073
part_005.mp4,163,0,1,0.0018074665477292,0.6811773935953777,0.2418551974826389,1,0.0018074665477292,0.6811773935953777,59.96002664890073
part_005.mp4,164,0,1,0.0018083343036684,0.6812493006388346,0.2419480500397858,1,0.0018083343036684,0.6812493006388346,59.96002664890073
part_005.mp4,165,0,1,0.0017918747796728,0.68133544921875,0.2420568960684317,1,0.0017918747796728,0.68133544921875,59.96002664890073
part_005.mp4,166,0,1,0.0017885085262241,0.6814264933268229,0.2427498711480034,1,0.0017885085262241,0.6814264933268229,59.96002664890073
part_005.mp4,167,0,1,0.0018374186972505,0.6814125061035157,0.2432374742296006,1,0.0018374186972505,0.6814125061035157,59.96002664890073
part_005.mp4,168,0,1,0.0018620148269757,0.6813009262084961,0.2439034356011284,1,0.0018620148269757,0.6813009262084961,59.96002664890073
part_005.mp4,169,0,1,0.0019085988185058,0.6813545227050781,0.2439016836660879,1,0.0019085988185058,0.6813545227050781,59.96002664890073
part_005.mp4,170,0,1,0.0018782937787846,0.6814078648885091,0.2439007794415509,1,0.0018782937787846,0.6814078648885091,59.96002664890073
part_005.mp4,171,0,1,0.0018395653072123,0.6813837687174479,0.244124518500434,1,0.0018395653072123,0.6813837687174479,59.96002664890073
part_005.mp4,172,0,1,0.0017977284805965,0.6813430150349935,0.2439705742730034,1,0.0017977284805965,0.6813430150349935,59.96002664890073
part_005.mp4,173,0,1,0.0018133975396307,0.6813282012939453,0.2447040134006076,1,0.0018133975396307,0.6813282012939453,59.96002664890073
part_005.mp4,174,0,1,0.0017470797067896,0.6813690185546875,0.2450141059027777,1,0.0017470797067896,0.6813690185546875,59.96002664890073
part_005.mp4,175,0,1,0.0016725296897951,0.6813983917236328,0.2453682228370949,1,0.0016725296897951,0.6813983917236328,59.96002664890073
part_005.mp4,176,0,1,0.0015818033098777,0.6815622329711915,0.2463809543185764,1,0.0015818033098777,0.6815622329711915,59.96002664890073
part_005.mp4,177,0,1,0.0015116420666468,0.68151429494222,0.2468130606192129,1,0.0015116420666468,0.68151429494222,59.96002664890073
part_005.mp4,178,0,1,0.0014751985492357,0.6814971923828125,0.2472751758716724,1,0.0014751985492357,0.6814971923828125,59.96002664890073
part_005.mp4,179,0,1,0.0015526818499589,0.6815050125122071,0.2477289835611979,1,0.0015526818499589,0.6815050125122071,59.96002664890073
part_005.mp4,180,0,1,0.0015953642790231,0.6814675013224284,0.2482728181061921,1,0.0015953642790231,0.6814675013224284,59.96002664890073
part_005.mp4,181,0,1,0.001613661325666,0.6814534505208333,0.2515251442238136,1,0.001613661325666,0.6814534505208333,59.96002664890073
part_005.mp4,182,0,1,0.0015752454909185,0.6813940684000651,0.2543189154730902,1,0.0015752454909185,0.6813940684000651,59.96002664890073
part_005.mp4,183,0,1,0.0015606296690681,0.6814637502034505,0.2557713826497396,1,0.0015606296690681,0.6814637502034505,59.96002664890073
part_005.mp4,184,0,1,0.0015383161408115,0.6814263025919597,0.2566884923864294,1,0.0015383161408115,0.6814263025919597,59.96002664890073
part_005.mp4,185,0,1,0.0014993298365583,0.6813559214274089,0.2574529012044271,1,0.0014993298365583,0.6813559214274089,59.96002664890073
part_005.mp4,186,0,1,0.0014849668505808,0.6811622619628906,0.2578209205910011,1,0.0014849668505808,0.6811622619628906,59.96002664890073
part_005.mp4,187,0,1,0.0014601766404531,0.6811960856119792,0.2582559091073495,1,0.0014601766404531,0.6811960856119792,59.96002664890073
part_005.mp4,188,0,1,0.0014783954444876,0.6812934875488281,0.259616540979456,1,0.0014783954444876,0.6812934875488281,59.96002664890073
part_005.mp4,189,0,1,0.0014604911339443,0.681367301940918,0.2588561446578414,1,0.0014604911339443,0.681367301940918,59.96002664890073
part_005.mp4,190,0,1,0.0014453555457293,0.681429672241211,0.2592388011791088,1,0.0014453555457293,0.681429672241211,59.96002664890073
part_005.mp4,191,0,1,0.0014757535690233,0.6813818613688151,0.2607492517541956,1,0.0014757535690233,0.6813818613688151,59.96002664890073
part_005.mp4,192,0,1,0.0015310668367547,0.6814301172892253,0.2624937834563078,1,0.0015310668367547,0.6814301172892253,59.96002664890073
part_005.mp4,193,0,1,0.0015535482089035,0.6815329233805338,0.2642452663845486,1,0.0015535482089035,0.6815329233805338,59.96002664890073
part_005.mp4,194,0,1,0.0015457264665423,0.6816822052001953,0.2640119199399595,1,0.0015457264665423,0.6816822052001953,59.96002664890073
part_005.mp4,195,0,1,0.0014983479237546,0.681620979309082,0.2633951822916666,1,0.0014983479237546,0.681620979309082,59.96002664890073
part_005.mp4,196,0,1,0.0015066157473484,0.6817829132080078,0.2633635909469039,1,0.0015066157473484,0.6817829132080078,59.96002664890073
part_005.mp4,197,0,2,0.0031987498483254,0.8002269744873047,0.9542241599824692,1,0.0015569082575772,0.681660270690918,59.96002664890073
part_005.mp4,198,0,2,0.0041088159294769,0.8037872950236002,0.9469228426615396,1,0.0015459098862872,0.6816954294840495,59.96002664890073
part_005.mp4,199,0,2,0.0051255962325012,0.8044771194458008,0.9388791084289552,1,0.0015434326259289,0.6815654754638671,59.96002664890073
part_005.mp4,200,0,2,0.0069684909423685,0.8160717646280925,0.9289157055042409,1,0.0014540166286557,0.6813528696695964,59.96002664890073
part_005.mp4,201,0,2,0.0081797012819713,0.8245820999145508,0.9258141341032804,1,0.0014842295931453,0.6812597910563151,59.96002664890073
part_005.mp4,202,0,2,0.0094692422190888,0.825301996866862,0.9170873571325232,1,0.0015297403695553,0.6814096450805665,59.96002664890073
part_005.mp4,203,0,2,0.0113595972474953,0.8283317565917969,0.906630696190728,1,0.0015043512836564,0.681464958190918,59.96002664890073
part_005.mp4,204,0,2,0.0120751893211558,0.8296682993570964,0.9017344722041376,1,0.0014599721200396,0.6814744949340821,59.96002664890073
part_005.mp4,205,0,2,0.0130512438824748,0.8309408187866211,0.8971651713053386,1,0.001484397895757,0.6815220514933268,59.96002664890073
part_005.mp4,206,0,2,0.0146302382764446,0.8298323313395183,0.8874522103203668,1,0.0014414197681213,0.6814959208170573,59.96002664890073
part_005.mp4,207,0,2,0.015277317613347,0.8282926559448243,0.8820705413818359,1,0.0014713486017555,0.6816193262736002,59.96002664890073
part_005.mp4,208,0,2,0.0166782406958739,0.8307897567749023,0.873165409653275,1,0.0014350497322286,0.6815248489379883,59.96002664890073
part_005.mp4,209,0,2,0.0174644380377544,0.8292596817016602,0.86441112447668,1,0.0013790449862516,0.6812157313028971,59.96002664890073
part_005.mp4,210,0,2,0.0176964606253467,0.8246956507364909,0.8591993649800619,1,0.001367327042519,0.6813130060831706,59.96002664890073
part_005.mp4,211,0,2,0.0185373419792085,0.8223926544189453,0.8539779451158311,1,0.0014689416993685,0.6812431335449218,59.96002664890073
part_005.mp4,212,0,2,0.0192619894467942,0.8206091562906901,0.8459144380357531,1,0.0014929441728896,0.6812075297037761,59.96002664890073
part_005.mp4,213,0,2,0.0205227768811164,0.8226116180419922,0.8376070022583008,1,0.0015199670464628,0.6810312906901042,59.96002664890073
part_005.mp4,214,0,2,0.0208918352442884,0.8205112457275391,0.8318434821234809,1,0.0014537304660835,0.6808834711710612,59.96002664890073
part_005.mp4,215,0,2,0.0212716676001388,0.8173404693603515,0.8248782917305275,1,0.0013863453192364,0.6807932535807292,59.96002664890073
part_005.mp4,216,0,2,0.0224567891295926,0.8190824508666992,0.817988614682798,1,0.0012371959710597,0.6808290481567383,59.96002664890073
part_005.mp4,217,0,2,0.0232119031047989,0.8205248514811198,0.8136800836633753,1,0.0012762997392565,0.6807037353515625,59.96002664890073
part_005.mp4,218,0,2,0.0240928093607686,0.8195371627807617,0.8058335268938983,1,0.0012461858299017,0.6805676142374675,59.96002664890073
part_005.mp4,219,0,2,0.024469555025571,0.8185192108154297,0.8011929406060113,1,0.0012911929487017,0.6810141245524088,59.96002664890073
part_005.mp4,220,0,2,0.0256732553086494,0.8195924758911133,0.7950124811243128,1,0.0012709510054318,0.6813420613606771,59.96002664890073
part_005.mp4,221,0,2,0.0262342986713068,0.8201510111490885,0.7911523041901765,1,0.0012602728663478,0.6812784194946289,59.96002664890073
part_005.mp4,222,0,2,0.026962220448509,0.8200204849243165,0.7862305535210503,1,0.0012560071197933,0.6812009811401367,59.96002664890073
part_005.mp4,223,0,2,0.0275279235573382,0.819979476928711,0.7812726338704427,1,0.0012952269677771,0.6812189102172852,59.96002664890073
part_005.mp4,224,0,2,0.0285138097322191,0.8212534586588541,0.77641724480523,1,0.0012531092014978,0.6812551498413086,59.96002664890073
part_005.mp4,225,0,2,0.0290815778027333,0.820383898417155,0.7717389212714301,1,0.0012649914777527,0.6813234329223633,59.96002664890073
part_005.mp4,226,0,2,0.029877081780392,0.8206047693888346,0.7687504662407769,1,0.0012908949290673,0.6809261957804362,59.96002664890073
part_005.mp4,227,0,2,0.0313694074173798,0.8210776011149089,0.7583489523993598,1,0.0012910362795486,0.6805469512939453,59.96002664890073
part_005.mp4,228,0,2,0.0320459583221236,0.8221678415934245,0.7541028764512804,1,0.0012891794074676,0.6803504308064778,59.96002664890073
part_005.mp4,229,0,2,0.0328508115818517,0.8223102569580079,0.7485205756293403,1,0.0013299657852513,0.6803238550821941,59.96002664890073
part_005.mp4,230,0,2,0.0335212716243323,0.8229516983032227,0.7432454003228082,1,0.0012678783540872,0.6797960281372071,59.96002664890073
part_005.mp4,231,0,2,0.0343667753278337,0.823122215270996,0.7413056691487631,1,0.0012769493253694,0.6795468012491862,59.96002664890073
part_005.mp4,232,0,2,0.0352641731178336,0.822944704691569,0.7333981690583405,1,0.0013477715159145,0.6795141220092773,59.96002664890073
part_005.mp4,233,0,3,0.0376208505143788,0.830207888285319,0.7297961976793077,1,0.0013764487206935,0.680003547668457,59.96002664890073
part_005.mp4,234,0,2,0.0374947401406511,0.8269140243530273,0.7270968896371347,1,0.001281898824705,0.6802530924479167,59.96002664890073
part_005.mp4,235,0,2,0.0405225188532144,0.8352508544921875,0.7220568480315032,1,0.0012610029091269,0.6803053538004558,59.96002664890073
part_005.mp4,236,0,2,0.0419108680200467,0.8361408869425456,0.715198693452058,1,0.0012492527451831,0.6799584070841471,59.96002664890073
part_005.mp4,237,0,2,0.0433578754313202,0.840223757425944,0.7159562782005028,1,0.0012977122781901,0.6806949615478516,59.96002664890073
part_005.mp4,238,0,2,0.0440620630693026,0.8406879425048828,0.7097639013219763,1,0.001248750505555,0.6800936381022136,59.96002664890073
part_005.mp4,239,0,2,0.0464863366884364,0.8436405817667644,0.7022263456273962,1,0.0012183766210606,0.6802093505859375,59.96002664890073
part_005.mp4,240,0,2,0.0470719987223937,0.8428097407023112,0.6971864912245008,1,0.0012227254773541,0.6800579071044922,59.96002664890073
part_005.mp4,241,0,2,0.0476798359467971,0.8418453216552735,0.6922062344021267,1,0.0012456100482571,0.6799468994140625,59.96002664890073
part_005.mp4,242,0,2,0.0478420759259375,0.8413087844848632,0.6900597713611744,1,0.0011992293114114,0.6798323313395183,59.96002664890073
part_005.mp4,243,0,2,0.0480143075101767,0.8397573471069336,0.68690106427228,1,0.0010647225090199,0.6798946380615234,59.96002664890073
part_005.mp4,244,0,2,0.0481343858309453,0.8369558970133464,0.6822195512277108,1,0.0010346195803571,0.6798868179321289,59.96002664890073
part_005.mp4,245,0,2,0.0475245050383967,0.8341978073120118,0.6809922359607837,1,0.0010822627921071,0.6795642852783204,59.96002664890073
part_005.mp4,246,0,2,0.0479597086627176,0.8330936431884766,0.6743613066496672,1,0.0010986054561928,0.6792016347249349,59.96002664890073
part_005.mp4,247,0,2,0.0485271605690488,0.8333343505859375,0.670406723022461,1,0.0010930870778004,0.6794273376464843,59.96002664890073
part_005.mp4,248,0,3,0.048785831836285,0.8322868982950846,0.6669992234971788,2,0.0013145666343395,0.679776382446289,59.96002664890073
part_005.mp4,249,0,2,0.049157044545883,0.8308071772257487,0.6634851279082121,1,0.0010328913063858,0.6799547831217448,59.96002664890073
part_005.mp4,250,0,2,0.0494770809471191,0.8293564478556316,0.656920666164822,1,0.0011373175235887,0.6793305079142252,59.96002664890073
part_005.mp4,251,0,2,0.049761969018394,0.8279026031494141,0.6546262988337764,1,0.0011684975055201,0.6793214797973632,59.96002664890073
part_005.mp4,252,0,2,0.0489409235910628,0.8230085372924805,0.6474587440490722,1,0.0011095776540201,0.6793342590332031,59.96002664890073
part_005.mp4,253,0,2,0.0482641408095757,0.8212650934855144,0.6485719468858507,1,0.0011589546033496,0.6794807434082031,59.96002664890073
part_005.mp4,254,0,3,0.0481429798295721,0.8205924987792969,0.648846435546875,2,0.0013706665818096,0.6795816421508789,59.96002664890073
part_005.mp4,255,0,2,0.0501371795007273,0.8245765686035156,0.6462323506673177,1,0.0011873489840784,0.6797185897827148,59.96002664890073
part_005.mp4,256,0,2,0.0500706139370406,0.8233843485514323,0.6429391649034288,1,0.0011486602979237,0.6797075907389323,59.96002664890073
part_005.mp4,257,0,2,0.0505686587254361,0.823098627726237,0.6404357627586083,1,0.0011230887233978,0.6795696258544922,59.96002664890073
part_005.mp4,258,0,2,0.047951887173328,0.812893295288086,0.634997812906901,1,0.0010554960922246,0.6793939590454101,59.96002664890073
part_005.mp4,259,0,2,0.0470462645405037,0.8097660064697265,0.6316107432047526,1,0.001068172278012,0.6794199625651042,59.96002664890073
part_005.mp4,260,0,2,0.0478229147683143,0.8105427424112955,0.6291894276936849,1,0.0010815215549276,0.6793453852335612,59.96002664890073
part_005.mp4,261,0,2,0.0474191835864379,0.8083189010620118,0.6279031117757161,1,0.0011272847832663,0.6793318430582682,59.96002664890073
part_005.mp4,262,0,2,0.0463283824240109,0.8055776596069336,0.6277197096082899,1,0.0011685057820027,0.6794336954752604,59.96002664890073
part_005.mp4,263,0,2,0.0470756963794378,0.8067875544230143,0.6243860032823351,1,0.0011986622310683,0.6796264012654623,59.96002664890073
part_005.mp4,264,0,2,0.0478142053806206,0.8083260218302409,0.6212677143238209,1,0.0012143914740644,0.6798364639282226,59.96002664890073
part_005.mp4,265,0,2,0.0469135018773118,0.8048236846923829,0.618182373046875,1,0.0011555773057302,0.6799522399902344,59.96002664890073
part_005.mp4,266,0,2,0.0466194374067708,0.803076426188151,0.6129735310872396,1,0.0011255555630971,0.680065409342448,59.96002664890073
part_005.mp4,267,0,2,0.0477450215563294,0.8053503036499023,0.6071782006157769,1,0.0011055830158983,0.6801002502441407,59.96002664890073
part_005.mp4,268,0,2,0.0456172186467786,0.7997955322265625,0.604768724794741,1,0.0011093127386023,0.6800645192464193,59.96002664890073
part_005.mp4,269,0,2,0.0443625477671028,0.799870491027832,0.5915629069010416,2,0.0443625477671028,0.799870491027832,59.96002664890073
part_005.mp4,270,0,2,0.0430396842106872,0.7984865188598633,0.5826548399748626,2,0.0430396842106872,0.7984865188598633,59.96002664890073
part_005.mp4,271,0,2,0.0430771117814907,0.8005014419555664,0.5723590426974826,2,0.0430771117814907,0.8005014419555664,59.96002664890073
part_005.mp4,272,0,2,0.0425678529535753,0.800267219543457,0.5616799813729746,2,0.0425678529535753,0.800267219543457,59.96002664890073
part_005.mp4,273,0,2,0.0424938182061628,0.8005835215250651,0.5550360361735026,2,0.0424938182061628,0.8005835215250651,59.96002664890073
part_005.mp4,274,0,2,0.0414663091812447,0.799583625793457,0.5443520016140408,2,0.0414663091812447,0.799583625793457,59.96002664890073
part_005.mp4,275,0,3,0.0395355764330209,0.7962238947550456,0.5334839997468172,3,0.0395355764330209,0.7962238947550456,59.96002664890073
part_005.mp4,276,0,3,0.0391054381399145,0.7955151240030924,0.5273807878847475,3,0.0391054381399145,0.7955151240030924,59.96002664890073
part_005.mp4,277,0,3,0.0371937077860558,0.7907686869303385,0.5162843916151258,3,0.0371937077860558,0.7907686869303385,59.96002664890073
part_005.mp4,278,0,3,0.0352537646143847,0.7878671646118164,0.5079589773107458,3,0.0352537646143847,0.7878671646118164,59.96002664890073
part_005.mp4,279,0,3,0.0351851902997441,0.7891508102416992,0.4989795684814453,3,0.0351851902997441,0.7891508102416992,59.96002664890073
part_005.mp4,280,0,3,0.0344786381991192,0.7876679102579752,0.4903717041015625,3,0.0344786381991192,0.7876679102579752,59.96002664890073
part_005.mp4,281,0,3,0.0346091406133847,0.7890891393025716,0.4813695695665148,3,0.0346091406133847,0.7890891393025716,59.96002664890073
part_005.mp4,282,0,3,0.0337868546224759,0.7879119873046875,0.4769045229311343,3,0.0337868546224759,0.7879119873046875,59.96002664890073
part_005.mp4,283,0,3,0.0333474810454558,0.7866346995035808,0.4691186692979601,3,0.0333474810454558,0.7866346995035808,59.96002664890073
part_005.mp4,284,0,2,0.0326828777472298,0.7854165395100912,0.461354418154116,2,0.0326828777472298,0.7854165395100912,59.96002664890073
part_005.mp4,285,0,2,0.0319454025557044,0.7848533630371094,0.4525566666214554,2,0.0319454025557044,0.7848533630371094,59.96002664890073
part_005.mp4,286,0,2,0.0314155986945412,0.7838174184163411,0.442548257333261,2,0.0314155986945412,0.7838174184163411,59.96002664890073
part_005.mp4,287,0,2,0.0309637277821699,0.7822130203247071,0.4362489488389757,2,0.0309637277821699,0.7822130203247071,59.96002664890073
part_005.mp4,288,0,2,0.0303135392609638,0.7813215255737305,0.4335086963794849,2,0.0303135392609638,0.7813215255737305,59.96002664890073
part_005.mp4,289,0,3,0.0290921607619869,0.7790347417195638,0.4263101365831163,3,0.0290921607619869,0.7790347417195638,59.96002664890073
part_005.mp4,290,0,2,0.0280915691066184,0.7777904510498047,0.4199905395507812,2,0.0280915691066184,0.7777904510498047,59.96002664890073
part_005.mp4,291,0,2,0.0273626259007734,0.7770334879557291,0.4154499619095413,2,0.0273626259007734,0.7770334879557291,59.96002664890073
part_005.mp4,292,0,2,0.0275965272407726,0.778596560160319,0.4098082224527994,2,0.0275965272407726,0.778596560160319,59.96002664890073
part_005.mp4,293,0,2,0.0274126452990458,0.7789737701416015,0.4044207678900824,2,0.0274126452990458,0.7789737701416015,59.96002664890073
part_005.mp4,294,0,2,0.0271514524085302,0.7788351694742839,0.3962566093162254,2,0.0271514524085302,0.7788351694742839,59.96002664890073
part_005.mp4,295,0,2,0.0260451932031881,0.7765587488810222,0.3902872721354166,2,0.0260451932031881,0.7765587488810222,59.96002664890073
part_005.mp4,296,0,2,0.0248230567515242,0.7732045491536458,0.3839104970296224,2,0.0248230567515242,0.7732045491536458,59.96002664890073
part_005.mp4,297,0,2,0.0255845489283173,0.7751585006713867,0.3808083004421658,2,0.0255845489283173,0.7751585006713867,59.96002664890073
part_005.mp4,298,0,2,0.0245097923966521,0.7715645472208659,0.375049478036386,2,0.0245097923966521,0.7715645472208659,59.96002664890073
part_005.mp4,299,0,2,0.0236650640238992,0.770068359375,0.3655893679018374,2,0.0236650640238992,0.770068359375,59.96002664890073
part_005.mp4,300,0,3,0.0234415939556088,0.770863151550293,0.3625619817663122,2,0.0234415939556088,0.770863151550293,59.96002664890073
part_005.mp4,301,0,3,0.0226868748946731,0.7687239329020182,0.3554423296893084,2,0.0226868748946731,0.7687239329020182,59.96002664890073
part_005.mp4,302,0,3,0.0221819181164028,0.7682127634684245,0.3502068413628472,2,0.0221819181164028,0.7682127634684245,59.96002664890073
part_005.mp4,303,0,3,0.0219236239667386,0.7680419921875,0.3473868476019965,2,0.0219236239667386,0.7680419921875,59.96002664890073
part_005.mp4,304,0,3,0.0215173839086761,0.7670777002970378,0.3434415887903284,2,0.0215173839086761,0.7670777002970378,59.96002664890073
part_005.mp4,305,0,3,0.0209465296387012,0.7656696319580079,0.3387196011013454,2,0.0209465296387012,0.7656696319580079,59.96002664890073
part_005.mp4,306,0,3,0.020840981662849,0.7658728917439779,0.3333936055501302,2,0.020840981662849,0.7658728917439779,59.96002664890073
part_005.mp4,307,0,3,0.0204252468712689,0.765327517191569,0.3285755722611039,2,0.0204252468712689,0.765327517191569,59.96002664890073
part_005.mp4,308,0,3,0.020261566778882,0.7653280893961588,0.3236661981653284,2,0.020261566778882,0.7653280893961588,59.96002664890073
part_005.mp4,309,0,3,0.020486486848655,0.7660856246948242,0.3206400835955584,2,0.020486486848655,0.7660856246948242,59.96002664890073
part_005.mp4,310,0,3,0.0202472544806369,0.7649159113566081,0.3162435743543836,2,0.0202472544806369,0.7649159113566081,59.96002664890073
part_005.mp4,311,0,3,0.0194025026066487,0.7626783370971679,0.3081819322374132,2,0.0194025026066487,0.7626783370971679,59.96002664890073
part_005.mp4,312,0,3,0.0190038776259569,0.7614965438842773,0.3033961260760272,2,0.0190038776259569,0.7614965438842773,59.96002664890073
part_005.mp4,313,0,3,0.019490023603214,0.8433416366577149,0.8430419197788945,2,0.0185964658685002,0.7605808893839519,59.96002664890073
part_005.mp4,314,0,3,0.0209568679944248,0.844209861755371,0.8371107436992504,2,0.0181846160291267,0.7596797943115234,59.96002664890073
part_005.mp4,315,0,3,0.022428295280794,0.8467306137084961,0.830441681543986,2,0.0180387139374053,0.7588898340861002,59.96002664890073
part_005.mp4,316,0,4,0.0236102606973791,0.8466119766235352,0.8249257405598959,3,0.0178106964442607,0.7594436645507813,59.96002664890073
part_005.mp4,317,0,3,0.0241508334122772,0.8441475550333659,0.8181475321451823,2,0.0178178973253428,0.7595586776733398,59.96002664890073
part_005.mp4,318,0,3,0.0233971610749601,0.8348150253295898,0.8121955659654405,2,0.0168515268072304,0.7561100641886394,59.96002664890073
part_005.mp4,319,0,3,0.0251314255436106,0.8386415481567383,0.8052113003200955,2,0.0166216307661994,0.75571715037028,59.96002664890073
part_005.mp4,320,0,3,0.0255290956980905,0.8343812942504882,0.7977830533628111,2,0.0164259944547019,0.7566763559977213,59.96002664890073
part_005.mp4,321,0,3,0.0277578439914213,0.8418094635009765,0.7919212765163846,2,0.0162987019742959,0.7565754572550456,59.96002664890073
part_005.mp4,322,0,3,0.0273989554111441,0.8384411493937175,0.7882016994335034,2,0.015568047511881,0.7553342819213867,59.96002664890073
part_005.mp4,323,0,3,0.0291389109957746,0.8438873291015625,0.7852871435659903,2,0.0154466865357891,0.7549163818359375,59.96002664890073
part_005.mp4,324,0,3,0.0297173772702148,0.8409722010294597,0.775047238667806,2,0.015258457022746,0.7543718973795573,59.96002664890073
part_005.mp4,325,0,3,0.0304457631170962,0.8408074061075846,0.770386067143193,2,0.0150849731141028,0.7533834457397461,59.96002664890073
part_005.mp4,326,0,3,0.0318801198205215,0.8427220026652018,0.7660406748453776,2,0.0148638959501921,0.7530053456624349,59.96002664890073
part_005.mp4,327,0,3,0.0332021986248232,0.8439860026041667,0.7598527555112485,2,0.0147837633246025,0.7528311411539713,59.96002664890073
part_005.mp4,328,0,3,0.0341417625384686,0.8453409194946289,0.7583846833970812,2,0.0145438542185972,0.752621078491211,59.96002664890073
part_005.mp4,329,0,3,0.0354236995768062,0.84715576171875,0.7532648510403104,2,0.0143620484863083,0.7517731348673503,59.96002664890073
part_005.mp4,330,0,3,0.0360560096491099,0.8472370147705078,0.7497142791748047,2,0.0137781995506278,0.7503799438476563,59.96002664890073
part_005.mp4,331,0,3,0.0366290886393107,0.8471883773803711,0.7470072640313042,2,0.0135516836877892,0.7501574198404948,59.96002664890073
part_005.mp4,332,0,3,0.037128345042217,0.8471809387207031,0.742112343399613,2,0.0135937221489259,0.7500431060791015,59.96002664890073
part_005.mp4,333,0,3,0.0377520233451893,0.8466117858886719,0.7373424953884549,2,0.0137328727716683,0.7503863016764323,59.96002664890073
part_005.mp4,334,0,4,0.0393789142826237,0.8480291366577148,0.7313653380782515,3,0.0134734058853764,0.7499856313069662,59.96002664890073
part_005.mp4,335,0,3,0.0399332283332765,0.8480333964029948,0.7265396683304398,2,0.0132134722286449,0.74925111134847,59.96002664890073
part_005.mp4,336,0,3,0.0404554042888776,0.8453636169433594,0.7196569442749023,2,0.0129765453092724,0.7487726211547852,59.96002664890073
part_005.mp4,337,0,3,0.0423822957255034,0.8495798110961914,0.7170216383757415,2,0.0126188856985525,0.747848383585612,59.96002664890073
part_005.mp4,338,0,3,0.042741302357429,0.8496192932128906,0.7141058815850152,2,0.0122122895493197,0.7471763610839843,59.96002664890073
part_005.mp4,339,0,3,0.0439880501296903,0.8519779205322265,0.7120538428977684,2,0.0121994517084978,0.7471600214640299,59.96002664890073
part_005.mp4,340,0,4,0.0448155678424518,0.8530666987101237,0.706406995985243,3,0.0118777845903403,0.7457634607950846,59.96002664890073
part_005.mp4,341,0,3,0.0453986953443745,0.8522823969523112,0.7030926280551486,2,0.0116392792847613,0.7452158610026042,59.96002664890073
part_005.mp4,342,0,3,0.0464009013208043,0.8498303095499674,0.690517736364294,2,0.0115896325489113,0.7449837366739909,59.96002664890073
part_005.mp4,343,0,3,0.0464848324492534,0.8504484176635743,0.6932462550975659,2,0.0117870184297283,0.7449350357055664,59.96002664890073
part_005.mp4,344,0,3,0.0455638595822899,0.8479007720947266,0.6939079531916865,2,0.0115695359320509,0.7443112055460612,59.96002664890073
part_005.mp4,345,0,3,0.0465914648699343,0.8477884928385416,0.6918250684384947,2,0.0118813999264966,0.7438850402832031,59.96002664890073
part_005.mp4,346,0,3,0.0456579222563757,0.8441445032755533,0.689858161078559,2,0.0108037073051996,0.7421701431274415,59.96002664890073
part_005.mp4,347,0,3,0.0458223027076019,0.8436747233072917,0.6879778967963325,2,0.0109731604449916,0.742801284790039,59.96002664890073
part_005.mp4,348,0,3,0.0465294107982818,0.8433380126953125,0.6833709822760687,2,0.0104521210467529,0.74242738087972,59.96002664890073
part_005.mp4,349,0,3,0.0468987691185517,0.842099380493164,0.6783157560560439,2,0.0103637835313655,0.7420778274536133,59.96002664890073
part_005.mp4,350,0,3,0.0466781275698708,0.8418790817260742,0.6773574829101563,2,0.0105335268181914,0.7421501159667969,59.96002664890073
part_005.mp4,351,0,3,0.0459262644983454,0.8383975982666015,0.6752043547453703,2,0.010163643090728,0.7411054611206055,59.96002664890073
part_005.mp4,352,0,3,0.0474027436044067,0.8380498886108398,0.6647572022897226,2,0.0100075308183484,0.740663719177246,59.96002664890073
part_005.mp4,353,0,3,0.0475167320938608,0.836117172241211,0.6608335424352575,2,0.0097744939809975,0.739837646484375,59.96002664890073
part_005.mp4,354,0,3,0.0472399349416567,0.8345554351806641,0.6597522311740451,2,0.0099565779808822,0.740812873840332,59.96002664890073
part_005.mp4,355,0,3,0.047315315790151,0.8328807830810547,0.6556733873155381,2,0.0097695750065408,0.7397884368896485,59.96002664890073
part_005.mp4,356,0,3,0.0464479944705844,0.83173033396403,0.65941285027398,2,0.0098807856995511,0.739486567179362,59.96002664890073
part_005.mp4,357,0,3,0.0464945039289967,0.8305128733317058,0.6572700924343533,2,0.0091982252759636,0.7382540384928385,59.96002664890073
part_005.mp4,358,0,3,0.0458196849882127,0.8273291269938151,0.6552174462212457,2,0.0091142784215795,0.7378030141194661,59.96002664890073
part_005.mp4,359,0,3,0.0460455180364644,0.8262272516886393,0.6513912200927734,2,0.0089265187559282,0.7365595499674479,59.96002664890073
part_005.mp4,360,0,3,0.0466229527996889,0.8268330256144206,0.6489863219084563,2,0.0088025917825224,0.7363060633341472,59.96002664890073
part_005.mp4,361,0,3,0.0457843761896219,0.8240060806274414,0.6487626393636068,2,0.0083397936635958,0.7334265391031901,59.96002664890073
part_005.mp4,362,0,3,0.0453846336631694,0.821783447265625,0.6480306731330023,2,0.0083506558980971,0.7346136728922527,59.96002664890073
part_005.mp4,363,0,3,0.0445401932537842,0.8185755411783854,0.6454650596336082,2,0.0084802417917698,0.7339817682902018,59.96002664890073
part_005.mp4,364,0,3,0.0445855433513255,0.8162649154663086,0.641615464952257,2,0.0084986108519499,0.733544921875,59.96002664890073
part_005.mp4,365,0,3,0.0446505562991714,0.8143799463907878,0.6392398551658348,2,0.0083923069170257,0.7333383560180664,59.96002664890073
part_005.mp4,366,0,3,0.0445483522056558,0.8133890787760417,0.6367391091805917,2,0.0082877883255908,0.7329332987467448,59.96002664890073
part_005.mp4,367,0,3,0.044968275327869,0.813426399230957,0.6269568690547237,2,0.008244554693498,0.7329313278198242,59.96002664890073
part_005.mp4,368,0,3,0.0453072743464252,0.811808967590332,0.6278093549940321,2,0.0080680690810873,0.7327921549479167,59.96002664890073
part_005.mp4,369,0,3,0.0437807195904746,0.8086935679117838,0.6277316199408637,2,0.0078842743403381,0.7318761825561524,59.96002664890073
part_005.mp4,370,0,3,0.0420425452258334,0.8038013458251954,0.6202777862548828,2,0.0075675621261729,0.7311784744262695,59.96002664890073
part_005.mp4,371,0,3,0.0416587341844812,0.8033237457275391,0.6125709109836155,2,0.0073819107405358,0.7309995651245117,59.96002664890073
part_005.mp4,372,0,3,0.0407038615312194,0.8015255610148112,0.6021975199381511,2,0.0072918693386654,0.7311108271280925,59.96002664890073
part_005.mp4,373,0,3,0.0395865375278474,0.8010645548502604,0.5879990189163773,3,0.0395865375278474,0.8010645548502604,59.96002664890073
part_005.mp4,374,0,3,0.0392243573617856,0.8012235641479493,0.5814239925808377,3,0.0392243573617856,0.8012235641479493,59.96002664890073
part_005.mp4,375,0,3,0.0388186998162382,0.8003427505493164,0.5769791391160753,3,0.0388186998162382,0.8003427505493164,59.96002664890073
part_005.mp4,376,0,3,0.0369967306017686,0.798503303527832,0.5640467573095251,3,0.0369967306017686,0.798503303527832,59.96002664890073
part_005.mp4,377,0,3,0.0363272479572171,0.7978458404541016,0.5562236785888672,3,0.0363272479572171,0.7978458404541016,59.96002664890073
part_005.mp4,378,0,3,0.0355820941579925,0.7952306111653645,0.5490755858244719,3,0.0355820941579925,0.7952306111653645,59.96002664890073
part_005.mp4,379,0,3,0.0339803228938462,0.791392707824707,0.5454052960431134,3,0.0339803228938462,0.791392707824707,59.96002664890073
part_005.mp4,380,0,3,0.0330886096025696,0.7903549194335937,0.5369142885561342,3,0.0330886096025696,0.7903549194335937,59.96002664890073
part_005.mp4,381,0,3,0.032764941360187,0.7898201624552409,0.5243329507333261,3,0.032764941360187,0.7898201624552409,59.96002664890073
part_005.mp4,382,0,3,0.0325801775134297,0.7899370193481445,0.5183525933159723,3,0.0325801775134297,0.7899370193481445,59.96002664890073
part_005.mp4,383,0,3,0.0305539612102923,0.7858484268188477,0.5069115956624349,3,0.0305539612102923,0.7858484268188477,59.96002664890073
part_005.mp4,384,0,3,0.0298886283000939,0.7863869349161784,0.4983586629231771,3,0.0298886283000939,0.7863869349161784,59.96002664890073
part_005.mp4,385,0,3,0.0291904735369543,0.7846686681111653,0.4903192308213975,3,0.0291904735369543,0.7846686681111653,59.96002664890073
part_005.mp4,386,0,3,0.0287103939558922,0.7834569931030273,0.4868370903862847,3,0.0287103939558922,0.7834569931030273,59.96002664890073
part_005.mp4,387,0,3,0.0279115840859594,0.7817121505737304,0.4731482611762153,3,0.0279115840859594,0.7817121505737304,59.96002664890073
part_005.mp4,388,0,3,0.0270173606597759,0.7799509048461915,0.4682975910328052,3,0.0270173606597759,0.7799509048461915,59.96002664890073
part_005.mp4,389,0,3,0.0265255374462867,0.7798657099405925,0.4604712168375651,3,0.0265255374462867,0.7798657099405925,59.96002664890073
part_005.mp4,390,0,3,0.0257487931475905,0.7786819458007812,0.4579019475866247,3,0.0257487931475905,0.7786819458007812,59.96002664890073
part_005.mp4,391,0,3,0.0256992196760256,0.7772513071695963,0.4489815606011285,3,0.0256992196760256,0.7772513071695963,59.96002664890073
part_005.mp4,392,0,3,0.0258498780811593,0.7771868387858073,0.4437584771050347,3,0.0258498780811593,0.7771868387858073,59.96002664890073
part_005.mp4,393,0,3,0.024504473645987,0.7754730224609375,0.4346433427598741,3,0.024504473645987,0.7754730224609375,59.96002664890073
part_005.mp4,394,0,3,0.0229234593112293,0.7743784586588541,0.4312449985080295,3,0.0229234593112293,0.7743784586588541,59.96002664890073
part_005.mp4,395,0,3,0.0239718360817076,0.7747154235839844,0.4231065962049696,3,0.0239718360817076,0.7747154235839844,59.96002664890073
part_005.mp4,396,0,3,0.0233811731209883,0.773287836710612,0.4171836570457176,3,0.0233811731209883,0.773287836710612,59.96002664890073
part_005.mp4,397,0,3,0.0233525646246292,0.7724002838134766,0.4100373727303964,3,0.0233525646246292,0.7724002838134766,59.96002664890073
part_005.mp4,398,0,3,0.0224449871894062,0.7711561838785808,0.4024025811089409,3,0.0224449871894062,0.7711561838785808,59.96002664890073
part_005.mp4,399,0,3,0.022029144970713,0.7699431737263998,0.3960313161214193,3,0.022029144970713,0.7699431737263998,59.96002664890073
part_005.mp4,400,0,3,0.0217676731031409,0.7690013885498047,0.3914545694986979,3,0.0217676731031409,0.7690013885498047,59.96002664890073
part_005.mp4,401,0,3,0.0213393078340326,0.7674032211303711,0.3866278895625362,3,0.0213393078340326,0.7674032211303711,59.96002664890073
part_005.mp4,402,0,3,0.0207068019738977,0.7670548121134441,0.3781845940483941,3,0.0207068019738977,0.7670548121134441,59.96002664890073
part_005.mp4,403,0,3,0.0199270213439983,0.7659149169921875,0.3723181830512153,3,0.0199270213439983,0.7659149169921875,59.96002664890073
part_005.mp4,404,0,4,0.0195769618317717,0.7655887603759766,0.3658177693684896,3,0.0195769618317717,0.7655887603759766,59.96002664890073
part_005.mp4,405,0,4,0.0197882813639848,0.7656265258789062,0.3566610972086588,3,0.0197882813639848,0.7656265258789062,59.96002664890073
part_005.mp4,406,0,4,0.0189553792352294,0.7635885238647461,0.3491042384394893,3,0.0189553792352294,0.7635885238647461,59.96002664890073
part_005.mp4,407,0,4,0.0185673242898849,0.7621011734008789,0.3436559889051649,3,0.0185673242898849,0.7621011734008789,59.96002664890073
part_005.mp4,408,0,4,0.0181445194889831,0.7614744186401368,0.3384194409405743,3,0.0181445194889831,0.7614744186401368,59.96002664890073
part_005.mp4,409,0,4,0.0176631625262153,0.7602523803710938,0.3355932447645399,3,0.0176631625262153,0.7602523803710938,59.96002664890073
part_005.mp4,410,0,4,0.0185687143808172,0.8412973403930664,0.895208379957411,3,0.0174928024071225,0.7598047256469727,59.96002664890073
part_005.mp4,411,0,4,0.0208159531884801,0.8475390116373698,0.8875188827514648,3,0.0170384389771573,0.7594280242919922,59.96002664890073
part_005.mp4,412,0,4,0.0219942680942282,0.8486204147338867,0.8825854407416449,3,0.0163478305395175,0.7579381942749024,59.96002664890073
part_005.mp4,413,0,4,0.0234337922907434,0.8472019831339518,0.873992270010489,3,0.0164179885263244,0.7573726654052735,59.96002664890073
part_005.mp4,414,0,4,0.0253407182240658,0.8470354080200195,0.864105083324291,3,0.0169612067753921,0.7573786417643229,59.96002664890073
part_005.mp4,415,0,4,0.0263441199928566,0.8453985850016276,0.8573645556414569,3,0.0166224730611645,0.7569067001342773,59.96002664890073
part_005.mp4,416,0,4,0.0270147175280366,0.8443182627360026,0.8510431554582384,3,0.015690445636412,0.7554796854654948,59.96002664890073
part_005.mp4,417,0,4,0.0291876301795127,0.8431049982706705,0.8419627719455295,3,0.0154850142660197,0.7546608606974284,59.96002664890073
part_005.mp4,418,0,4,0.0298352400481235,0.8409042358398438,0.8351574367947049,3,0.0153577548630602,0.7539690017700196,59.96002664890073
part_005.mp4,419,0,4,0.0304540496977997,0.8402387619018554,0.8304358023184317,3,0.0153883077015052,0.7532791137695313,59.96002664890073
part_005.mp4,420,0,4,0.0323891791101939,0.839200782775879,0.8206919776068793,3,0.0149564645971178,0.7519166946411133,59.96002664890073
part_005.mp4,421,0,4,0.0326984695629231,0.8381643931070963,0.8161780745894821,3,0.0147741466527696,0.7513757705688476,59.96002664890073
part_005.mp4,422,0,4,0.0337390963641155,0.8376082102457683,0.8090906143188477,3,0.0142165443585322,0.7503175735473633,59.96002664890073
part_005.mp4,423,0,4,0.0335300928690574,0.8354675928751628,0.80533447265625,3,0.0139752016466108,0.7510332743326823,59.96002664890073
part_005.mp4,424,0,4,0.0339694903289017,0.8336450576782226,0.8001239423398618,3,0.0133172642307289,0.7506886164347331,59.96002664890073
part_005.mp4,425,0,4,0.0355208191115525,0.8342098236083985,0.7912920845879449,3,0.013105482317753,0.7488216400146485,59.96002664890073
part_005.mp4,426,0,4,0.0356353950459096,0.8300325393676757,0.7842319064670139,3,0.0134620663442183,0.7483634948730469,59.96002664890073
part_005.mp4,427,0,5,0.0370113273686406,0.8303442001342773,0.7758738199869791,3,0.0132798645304218,0.7474603017171224,59.96002664890073
part_005.mp4,428,0,5,0.0372886039139147,0.8266819636027019,0.7714834849039713,3,0.0127271361653348,0.7469911575317383,59.96002664890073
part_005.mp4,429,0,5,0.0383206014040883,0.8268024444580078,0.7668184068467881,3,0.012552097018019,0.7466869354248047,59.96002664890073
part_005.mp4,430,0,4,0.0400625778786208,0.8288620630900065,0.7608432911060474,3,0.0126547733799789,0.7456995010375976,59.96002664890073
part_005.mp4,431,0,4,0.0399195326538473,0.823698616027832,0.7549274091367368,3,0.012320952884523,0.7446207046508789,59.96002664890073
part_005.mp4,432,0,4,0.0407902435840568,0.8237661361694336,0.7510142573603877,3,0.01217877017727,0.7441128412882487,59.96002664890073
part_005.mp4,433,0,4,0.0413984209276774,0.8270235061645508,0.7469419055514865,3,0.012267602777946,0.7437508265177409,59.96002664890073
part_005.mp4,434,0,4,0.0422307622770528,0.8273420969645182,0.7435110445375795,3,0.0118464175279303,0.743159294128418,59.96002664890073
part_005.mp4,435,0,4,0.0429894868694827,0.8266384124755859,0.7388308207194011,3,0.0114276688532037,0.7426944732666015,59.96002664890073
part_005.mp4,436,0,4,0.045176454827225,0.8292549769083659,0.7318291346232096,3,0.0109868732635772,0.7421461741129557,59.96002664890073
part_005.mp4,437,0,4,0.0465376483042443,0.8315172831217448,0.7271704355875651,3,0.0109424881103238,0.7420550028483073,59.96002664890073
part_005.mp4,438,0,4,0.0466065704221887,0.829539171854655,0.724222684789587,3,0.011012773600676,0.7424066543579102,59.96002664890073
part_005.mp4,439,0,4,0.047543158539726,0.8316997528076172,0.7194918032045717,3,0.0111713227050171,0.7413590749104818,59.96002664890073
part_005.mp4,440,0,4,0.048970148559411,0.8307458877563476,0.7160258540400752,3,0.0110187517811492,0.7416021347045898,59.96002664890073
part_005.mp4,441,0,4,0.050425541652388,0.8333621978759765,0.7107545287520797,3,0.0106812539589656,0.7407024383544922,59.96002664890073
part_005.mp4,442,0,4,0.0521705652629693,0.835841178894043,0.7059075814706308,3,0.0105356717243881,0.7397064844767253,59.96002664890073
part_005.mp4,443,0,4,0.0527002379020551,0.8371511459350586,0.7035087620770489,3,0.0100761076928271,0.7389757792154948,59.96002664890073
part_005.mp4,444,0,4,0.0533678135881344,0.8361562728881836,0.6986867834020544,3,0.0100579198386252,0.7385282516479492,59.96002664890073
part_005.mp4,445,0,4,0.0562606187993353,0.8429278055826823,0.6934652681703921,3,0.0098486672563282,0.7375437418619791,59.96002664890073
part_005.mp4,446,0,4,0.05764741789915,0.8441093444824219,0.6894735548231337,3,0.0096597747098443,0.737261962890625,59.96002664890073
part_005.mp4,447,0,4,0.0576503688866095,0.8445247650146485,0.6864451514350043,3,0.0094316448165315,0.73656005859375,59.96002664890073
part_005.mp4,448,0,4,0.0597291061726907,0.8474800109863281,0.6802422417534723,3,0.0095336552262651,0.736461893717448,59.96002664890073
part_005.mp4,449,0,4,0.0615122031547225,0.8521870295206706,0.6777620845370822,3,0.0092626459772388,0.7357563018798828,59.96002664890073
part_005.mp4,450,0,4,0.0619968131113516,0.8529470443725586,0.6750052134195964,3,0.0090310221897308,0.7345347086588542,59.96002664890073
part_005.mp4,451,0,4,0.0631618310003311,0.8528124491373698,0.6713912222120497,3,0.0095707407405791,0.7351654688517253,59.96002664890073
part_005.mp4,452,0,4,0.0635396041001755,0.8517488479614258,0.6682538774278429,3,0.0090366587901748,0.7340509414672851,59.96002664890073
part_005.mp4,453,0,4,0.0638192900742855,0.8498360315958658,0.6667621753833912,3,0.008652484696865,0.7336432774861653,59.96002664890073
part_005.mp4,454,0,4,0.0639075465466885,0.8479667663574219,0.6634910583496094,3,0.0088710672117304,0.7337312698364258,59.96002664890073
part_005.mp4,455,0,4,0.0637430998884156,0.8475971857706706,0.659380669063992,3,0.0088551654791179,0.7335155487060547,59.96002664890073
part_005.mp4,456,0,4,0.0641844974688353,0.8466882705688477,0.6553286799678096,3,0.008002922112134,0.7326817194620768,59.96002664890073
part_005.mp4,457,0,4,0.064932669904849,0.8446788787841797,0.6516377025180393,3,0.0080903902918281,0.7325392405192057,59.96002664890073
part_005.mp4,458,0,4,0.0653615511593087,0.8425302505493164,0.6445445307978878,3,0.007906162579408,0.7317144393920898,59.96002664890073
part_005.mp4,459,0,4,0.0634616629383526,0.8385327021280925,0.6449171278211806,3,0.0077756449999287,0.7308931350708008,59.96002664890073
part_005.mp4,460,0,4,0.0631260525477948,0.8353750228881835,0.6390513949924045,3,0.007816799205385,0.7301362991333008,59.96002664890073
part_005.mp4,461,0,4,0.0643768583690851,0.8370367050170898,0.6337838066948784,3,0.007838406404739,0.7302410125732421,59.96002664890073
part_005.mp4,462,0,4,0.0634093677192985,0.8345186233520507,0.6329114419442636,3,0.0078974006660293,0.7296903610229493,59.96002664890073
part_005.mp4,463,0,4,0.0641686125337735,0.8333458582560221,0.6302600578025536,3,0.0075771229932918,0.7294906616210938,59.96002664890073
part_005.mp4,464,0,4,0.0635855795270698,0.8296413421630859,0.6219153510199653,3,0.0079278287417158,0.7302298227945964,59.96002664890073
part_005.mp4,465,0,5,0.0626062419248046,0.8262285868326823,0.6206698947482638,4,0.0077764137520635,0.7298559188842774,59.96002664890073
part_005.mp4,466,0,4,0.0617435362374287,0.824306869506836,0.6214405624954789,3,0.0069885809606434,0.7284082412719727,59.96002664890073
part_005.mp4,467,0,5,0.0602564642509538,0.8220115661621094,0.6197923165780527,4,0.0069527802953099,0.7275863647460937,59.96002664890073
part_005.mp4,468,0,5,0.0598628909800188,0.8181184768676758,0.6149202276159216,4,0.0068796819714825,0.7298038482666016,59.96002664890073
part_005.mp4,469,0,5,0.0596544703373607,0.818118667602539,0.6132411532931857,4,0.0070826267438975,0.7286360422770183,59.96002664890073
part_005.mp4,470,0,4,0.0590898603004506,0.8173128763834635,0.6131372381139685,3,0.0072917674484347,0.7283100763956706,59.96002664890073
part_005.mp4,471,0,5,0.0599562405627943,0.8177299499511719,0.6070861392550998,4,0.0071257720046236,0.7282538096110026,59.96002664890073
part_005.mp4,472,0,5,0.0601596258205568,0.8168476104736329,0.6036645677354601,4,0.0073185337426063,0.7283613840738933,59.96002664890073
part_005.mp4,473,0,5,0.0590639736872657,0.8146834055582682,0.602820078531901,4,0.0067403510266955,0.7280726114908854,59.96002664890073
part_005.mp4,474,0,5,0.0597812273073941,0.8152433395385742,0.6007717556423611,4,0.0069405856248502,0.7271629333496094,59.96002664890073
part_005.mp4,475,0,5,0.0603310861913183,0.8141223907470703,0.5948353378861039,5,0.0603310861913183,0.8141223907470703,59.96002664890073
part_005.mp4,476,0,5,0.0614758185543582,0.814279047648112,0.5925290566903574,5,0.0614758185543582,0.814279047648112,59.96002664890073
part_005.mp4,477,0,5,0.0619455842542092,0.8127231597900391,0.589813882333261,5,0.0619455842542092,0.8127231597900391,59.96002664890073
part_005.mp4,478,0,5,0.0596197041676431,0.810153071085612,0.5918643103705512,5,0.0596197041676431,0.810153071085612,59.96002664890073
part_005.mp4,479,0,5,0.0590670080154733,0.8085729598999023,0.5830840216742621,5,0.0590670080154733,0.8085729598999023,59.96002664890073
part_005.mp4,480,0,5,0.0579737828929258,0.8066921869913737,0.5738695074010778,5,0.0579737828929258,0.8066921869913737,59.96002664890073
part_005.mp4,481,0,5,0.057977226901828,0.8055896759033203,0.5627776675754124,5,0.057977226901828,0.8055896759033203,59.96002664890073
part_005.mp4,482,0,5,0.0577267485962861,0.8047998428344727,0.5547375996907552,5,0.0577267485962861,0.8047998428344727,59.96002664890073
part_005.mp4,483,0,4,0.0562535189094099,0.8040493647257487,0.5440353393554688,4,0.0562535189094099,0.8040493647257487,59.96002664890073
part_005.mp4,484,0,4,0.0551771403901107,0.8031644821166992,0.5340622372097439,4,0.0551771403901107,0.8031644821166992,59.96002664890073
part_005.mp4,485,0,4,0.0538853095374199,0.801867930094401,0.5250940110948351,4,0.0538853095374199,0.801867930094401,59.96002664890073
part_005.mp4,486,0,4,0.0517230337824057,0.7996721903483073,0.5164534816035518,4,0.0517230337824057,0.7996721903483073,59.96002664890073
part_005.mp4,487,0,4,0.0507593898727322,0.7982524871826172,0.5087291717529296,4,0.0507593898727322,0.7982524871826172,59.96002664890073
part_005.mp4,488,0,4,0.0496337363173855,0.7960838953653971,0.497319581773546,4,0.0496337363173855,0.7960838953653971,59.96002664890073
part_005.mp4,489,0,4,0.0482413881940657,0.7941366831461588,0.4917350769042968,4,0.0482413881940657,0.7941366831461588,59.96002664890073
part_005.mp4,490,0,4,0.0473131950581403,0.7926991144816081,0.4862162695990668,4,0.0473131950581403,0.7926991144816081,59.96002664890073
part_005.mp4,491,0,4,0.0454155207069211,0.791584587097168,0.4767884148491753,4,0.0454155207069211,0.791584587097168,59.96002664890073
part_005.mp4,492,0,4,0.0454621490165731,0.791010856628418,0.468020757039388,4,0.0454621490165731,0.791010856628418,59.96002664890073
part_005.mp4,493,0,4,0.0436474011325076,0.7904621760050455,0.4588495042588976,4,0.0436474011325076,0.7904621760050455,59.96002664890073
part_005.mp4,494,0,4,0.0432180341706852,0.7888773600260417,0.4505565996523256,4,0.0432180341706852,0.7888773600260417,59.96002664890073
part_005.mp4,495,0,4,0.0419103131081081,0.7872759501139323,0.4406524658203125,4,0.0419103131081081,0.7872759501139323,59.96002664890073
part_005.mp4,496,0,4,0.0410145881823619,0.7860615412394206,0.4337063683403863,4,0.0410145881823619,0.7860615412394206,59.96002664890073
part_005.mp4,497,0,4,0.0405853357583341,0.7845071792602539,0.4295913837574146,4,0.0405853357583341,0.7845071792602539,59.96002664890073
part_005.mp4,498,0,4,0.0405228566722292,0.7846548716227214,0.4159246797914858,4,0.0405228566722292,0.7846548716227214,59.96002664890073
part_005.mp4,499,0,4,0.0396468085387028,0.7842220306396485,0.4108890250877098,4,0.0396468085387028,0.7842220306396485,59.96002664890073
part_005.mp4,500,0,4,0.0383965216482223,0.7822982788085937,0.4043719115080657,4,0.0383965216482223,0.7822982788085937,59.96002664890073
part_005.mp4,501,0,4,0.0369300486908361,0.7797753016153971,0.3957634537308304,4,0.0369300486908361,0.7797753016153971,59.96002664890073
part_005.mp4,502,0,5,0.0366164426531363,0.7795165379842123,0.3902751216182002,4,0.0366164426531363,0.7795165379842123,59.96002664890073
part_005.mp4,503,0,5,0.0355952056734531,0.7783175150553385,0.3791559007432725,4,0.0355952056734531,0.7783175150553385,59.96002664890073
part_005.mp4,504,0,6,0.0353815058793406,0.7773454666137696,0.3706263224283854,5,0.0353815058793406,0.7773454666137696,59.96002664890073
part_005.mp4,505,0,6,0.0345051927612965,0.7761280059814453,0.3657023111979167,5,0.0345051927612965,0.7761280059814453,59.96002664890073
part_005.mp4,506,0,6,0.0341700697884274,0.7756734848022461,0.3620670742458767,5,0.0341700697884274,0.7756734848022461,59.96002664890073
part_005.mp4,507,0,6,0.0332189254982707,0.7745415369669596,0.3529056125217014,5,0.0332189254982707,0.7745415369669596,59.96002664890073
part_005.mp4,508,0,5,0.0323090351261069,0.7732317606608073,0.3486040751139322,4,0.0323090351261069,0.7732317606608073,59.96002664890073
part_005.mp4,509,0,5,0.0317885898743514,0.7730703353881836,0.3413791232638888,4,0.0317885898743514,0.7730703353881836,59.96002664890073
part_005.mp4,510,0,5,0.0306587959047249,0.7715803146362304,0.3368461043746383,4,0.0306587959047249,0.7715803146362304,59.96002664890073
part_005.mp4,511,0,5,0.0296335904228423,0.7705713272094726,0.3331641868308738,4,0.0296335904228423,0.7705713272094726,59.96002664890073
part_005.mp4,512,0,5,0.0294380716410766,0.7692074457804362,0.328199725680881,4,0.0294380716410766,0.7692074457804362,59.96002664890073
part_005.mp4,513,0,5,0.0283237850179931,0.768287722269694,0.321460935804579,4,0.0283237850179931,0.768287722269694,59.96002664890073
part_005.mp4,514,0,5,0.0284500941003702,0.7674726486206055,0.3184701283772786,4,0.0284500941003702,0.7674726486206055,59.96002664890073
part_005.mp4,515,0,5,0.0275843891458094,0.7668387095133463,0.3117982793737341,4,0.0275843891458094,0.7668387095133463,59.96002664890073
part_005.mp4,516,0,5,0.0271629868798697,0.7665481567382812,0.3082406220612702,4,0.0271629868798697,0.7665481567382812,59.96002664890073
part_005.mp4,517,0,5,0.0277818444501139,0.8512479782104492,0.8326356040106879,4,0.0269399927040406,0.7664726257324219,59.96002664890073
part_005.mp4,518,0,5,0.0292047340763749,0.8497833887736003,0.823932734242192,4,0.0264485205560696,0.7648983637491862,59.96002664890073
part_005.mp4,519,0,6,0.0292129439526373,0.8441765467325847,0.8178347905476888,5,0.0258701552252831,0.7635704676310221,59.96002664890073
part_005.mp4,520,0,5,0.0295142385061586,0.8415173212687175,0.813016700744629,4,0.0246384067482156,0.763156509399414,59.96002664890073
part_005.mp4,521,0,5,0.0294293289652067,0.8358307520548502,0.8017534962406865,4,0.0247444701379572,0.7624463399251302,59.96002664890073
part_005.mp4,522,0,6,0.0301717930338683,0.8340119043986003,0.7977951332374855,5,0.0244948992146794,0.7627987543741862,59.96002664890073
part_005.mp4,523,0,7,0.0301753529175874,0.8305751800537109,0.793613123010706,6,0.0243306547976681,0.7621254603068034,59.96002664890073
part_005.mp4,524,0,6,0.0309389174146943,0.828455924987793,0.7867278275666414,5,0.0235564831610234,0.7603182474772135,59.96002664890073
part_005.mp4,525,0,6,0.031304854747615,0.82730712890625,0.7784274631076389,5,0.0236520942072685,0.7597092310587565,59.96002664890073
part_005.mp4,526,0,7,0.0315045144060908,0.8239837646484375,0.7748527597498011,6,0.0233759381250193,0.7594645182291667,59.96002664890073
part_005.mp4,527,0,6,0.031613012519762,0.8213520050048828,0.7701059129503038,5,0.0233762245038168,0.758785629272461,59.96002664890073
part_005.mp4,528,0,6,0.0327908640081214,0.8208998362223308,0.7631679534912109,5,0.0230924886062793,0.7584182739257812,59.96002664890073
part_005.mp4,529,0,6,0.0335953792121155,0.8199860254923502,0.7569892883300782,5,0.0224993794048377,0.7584286371866862,59.96002664890073
part_005.mp4,530,0,6,0.0361006506234754,0.8278402964274089,0.7536515059294524,5,0.0221194573477313,0.7564123789469401,59.96002664890073
part_005.mp4,531,0,6,0.0340519967470521,0.8177431106567383,0.7515013942012081,5,0.0214428377506394,0.7552234013875325,59.96002664890073
part_005.mp4,532,0,6,0.0349809678896094,0.8195788065592448,0.7470930735270183,5,0.0208956600051088,0.754515266418457,59.96002664890073
part_005.mp4,533,0,6,0.0363583018124336,0.8220738093058269,0.7414368523491753,5,0.0205568189317192,0.7543495814005534,59.96002664890073
part_005.mp4,534,0,7,0.0366992686675587,0.9995277404785156,0.8588384840223524,5,0.0204164102801264,0.7541034698486329,59.96002664890073
part_005.mp4,535,0,6,0.0440673435218231,1.0,0.8390509570086444,4,0.0201882865949301,0.7534465789794922,59.96002664890073
part_005.mp4,536,0,7,0.0504821365080877,0.9992146174112956,0.8185287475585937,5,0.0199986920850067,0.7525652567545573,59.96002664890073
part_005.mp4,537,0,7,0.0577980983785043,0.999013328552246,0.80330810546875,5,0.0198166252183081,0.7521471659342448,59.96002664890073
part_005.mp4,538,0,7,0.0634802218510379,0.999350420633952,0.7878660272668909,5,0.0195919174623598,0.7512209574381511,59.96002664890073
part_005.mp4,539,0,7,0.0686922877046863,0.999553108215332,0.7722396285445602,5,0.0192856059615345,0.7505952835083007,59.96002664890073
part_005.mp4,540,1,7,0.0740536273014287,0.999086570739746,0.7577140313607675,5,0.0190119363649002,0.750516700744629,59.96002664890073
part_005.mp4,541,1,7,0.0801190995881673,0.9995162963867188,0.7419048097398546,5,0.0187661189647455,0.750219217936198,59.96002664890073
part_005.mp4,542,1,6,0.0865376283164854,0.9995094299316406,0.7265039797182437,4,0.0184380764820606,0.7501553217569987,59.96002664890073
part_005.mp4,543,1,6,0.0889915995250986,0.9995730082194012,0.7174137680618852,4,0.0178585345278002,0.749061648050944,59.96002664890073
part_005.mp4,544,1,6,0.0928244479868226,0.9993881225585938,0.7067358122931586,5,0.0224603456884829,0.7900990168253581,59.96002664890073
part_005.mp4,545,1,6,0.0954628755708809,0.9993518829345704,0.6962271089907046,5,0.0206891684553112,0.7801428476969401,59.96002664890073
part_005.mp4,546,1,7,0.0995446464643733,0.999452781677246,0.6841387572111907,5,0.0168253891509839,0.7593870162963867,59.96002664890073
part_005.mp4,547,1,6,0.1040507623112245,0.9994434356689452,0.6756149786489981,5,0.0170545278469217,0.7464800516764323,59.96002664890073
part_005.mp4,548,1,6,0.1070547669251391,0.9994925181070964,0.6652073330349393,5,0.0168004708975516,0.7469703674316406,59.96002664890073
part_005.mp4,549,1,6,0.1098956360849384,0.9995620727539064,0.6576400898121021,5,0.0158598839572395,0.7473093032836914,59.96002664890073
part_005.mp4,550,1,7,0.1129766938081963,0.9995670318603516,0.6498139169481065,6,0.0153571197375034,0.7429325739542644,59.96002664890073
part_005.mp4,551,1,5,0.1159453615570803,0.9995114008585612,0.6396948920355903,4,0.0149835965203848,0.7413745880126953,59.96002664890073
part_005.mp4,552,1,6,0.1184641743682247,0.9994686762491862,0.6332466125488281,5,0.014401650783968,0.7402451197306316,59.96002664890073
part_005.mp4,553,1,5,0.1212339583740362,0.9993934631347656,0.6249111599392361,4,0.014104983715569,0.7392030080159505,59.96002664890073
part_005.mp4,554,1,5,0.1231765068541022,0.999422264099121,0.6181156582302517,4,0.0140508090875907,0.739229393005371,59.96002664890073
part_005.mp4,555,1,5,0.1249204851773942,0.9993530909220376,0.6123101976182725,4,0.0133489830121735,0.738735580444336,59.96002664890073
part_005.mp4,556,1,5,0.127258299819336,0.9993635177612304,0.6051486545138889,4,0.0126567724841556,0.7387767791748047,59.96002664890073
part_005.mp4,557,1,5,0.1300057496957015,0.9993174235026042,0.5975348578559028,5,0.1300057496957015,0.9993174235026042,59.96002664890073
part_005.mp4,558,1,6,0.1318663053648197,0.999281883239746,0.5921078152126736,6,0.1318663053648197,0.999281883239746,59.96002664890073
part_005.mp4,559,1,6,0.133070322374201,0.9993547439575196,0.5868059511537905,6,0.133070322374201,0.9993547439575196,59.96002664890073
part_005.mp4,560,1,5,0.1347536538995013,0.9993629455566406,0.5829966651068793,5,0.1347536538995013,0.9993629455566406,59.96002664890073
part_005.mp4,561,1,5,0.1378098989860316,0.9993967056274414,0.5781584845648872,5,0.1378098989860316,0.9993967056274414,59.96002664890073
part_005.mp4,562,1,5,0.1392522387380773,0.999290657043457,0.5727861616346571,5,0.1392522387380773,0.999290657043457,59.96002664890073
part_005.mp4,563,1,5,0.1398834609451565,0.9991191864013672,0.5694564960621021,5,0.1398834609451565,0.9991191864013672,59.96002664890073
part_005.mp4,564,1,5,0.1423886242256978,0.9992233276367188,0.562092759874132,5,0.1423886242256978,0.9992233276367188,59.96002664890073
part_005.mp4,565,1,5,0.1436709074373572,0.99937686920166,0.5587651288067853,5,0.1436709074373572,0.99937686920166,59.96002664890073
part_005.mp4,566,1,5,0.1461213031389828,0.9993154525756835,0.5546292622884115,5,0.1461213031389828,0.9993154525756835,59.96002664890073
part_005.mp4,567,1,6,0.1466381599244454,0.9992189407348632,0.5517333984375,5,0.1466381599244454,0.9992189407348632,59.96002664890073
part_005.mp4,568,1,6,0.147984268817551,0.99962158203125,0.5473907046847873,5,0.147984268817551,0.99962158203125,59.96002664890073
part_005.mp4,569,1,6,0.1492764318500768,0.9993892669677734,0.5417503780788846,5,0.1492764318500768,0.9993892669677734,59.96002664890073
part_005.mp4,570,1,7,0.1505438079291505,0.9991601943969728,0.538439616450557,6,0.1505438079291505,0.9991601943969728,59.96002664890073
part_005.mp4,571,1,6,0.1517421687159609,0.9994922637939452,0.5330276489257812,5,0.1517421687159609,0.9994922637939452,59.96002664890073
part_005.mp4,572,1,6,0.1543013162647656,0.9994796752929688,0.5279971793845848,6,0.1543013162647656,0.9994796752929688,59.96002664890073
part_005.mp4,573,1,5,0.1530991847713745,0.9984317779541017,0.5244576065628617,5,0.1530991847713745,0.9984317779541017,59.96002664890073
part_005.mp4,574,1,5,0.1562455183051901,0.9992630640665692,0.5210114373101129,5,0.1562455183051901,0.9992630640665692,59.96002664890073
part_005.mp4,575,1,5,0.156515892711848,0.9992517471313476,0.5186793433295356,5,0.156515892711848,0.9992517471313476,59.96002664890073
part_005.mp4,576,1,7,0.1581230110157291,0.9993181864420572,0.5148860648826317,7,0.1581230110157291,0.9993181864420572,59.96002664890073
part_005.mp4,577,1,9,0.1586241651802427,0.9993499755859376,0.5120914035373264,9,0.1586241651802427,0.9993499755859376,59.96002664890073
part_005.mp4,578,1,7,0.159534211603308,0.9994661966959636,0.5098071063006365,7,0.159534211603308,0.9994661966959636,59.96002664890073
part_005.mp4,579,1,6,0.1609475600457355,0.9995508193969728,0.505831202754268,6,0.1609475600457355,0.9995508193969728,59.96002664890073
part_005.mp4,580,1,7,0.1616730804722465,0.9995896021525064,0.5037982940673829,7,0.1616730804722465,0.9995896021525064,59.96002664890073
part_005.mp4,581,1,8,0.163277912271361,0.9996243158976236,0.4991620381673177,8,0.163277912271361,0.9996243158976236,59.96002664890073
part_005.mp4,582,1,8,0.1646295269029818,0.9995081583658856,0.4957695289894386,8,0.1646295269029818,0.9995081583658856,59.96002664890073
part_005.mp4,583,1,7,0.1648604424864768,0.9996366500854492,0.4934305402967665,7,0.1648604424864768,0.9996366500854492,59.96002664890073
part_005.mp4,584,1,5,0.1652923947683087,0.9993911743164062,0.492634865089699,5,0.1652923947683087,0.9993911743164062,59.96002664890073
part_005.mp4,585,1,6,0.1661158116114287,0.9991641998291017,0.4890880160861545,6,0.1661158116114287,0.9991641998291017,59.96002664890073
part_005.mp4,586,1,6,0.1644213596222861,0.9956628799438476,0.4886543556495949,6,0.1644213596222861,0.9956628799438476,59.96002664890073
part_005.mp4,587,1,6,0.1606564266461646,0.986354128519694,0.4881627400716146,6,0.1606564266461646,0.986354128519694,59.96002664890073
part_005.mp4,588,1,6,0.1570022679923388,0.9783073425292969,0.4868743331344039,6,0.1570022679923388,0.9783073425292969,59.96002664890073
part_005.mp4,589,1,7,0.1517760660761268,0.9682374954223631,0.4863345675998264,7,0.1517760660761268,0.9682374954223631,59.96002664890073
part_005.mp4,590,1,7,0.1474797079560489,0.957212257385254,0.4806684564661097,7,0.1474797079560489,0.957212257385254,59.96002664890073
part_005.mp4,591,1,7,0.1418365266889008,0.946882438659668,0.4796603591353805,7,0.1418365266889008,0.946882438659668,59.96002664890073
part_005.mp4,592,1,6,0.1409041601454804,0.9437966028849284,0.4776789064760561,6,0.1409041601454804,0.9437966028849284,59.96002664890073
part_005.mp4,593,1,6,0.1345886923623146,0.9308799743652344,0.4780116893627025,6,0.1345886923623146,0.9308799743652344,59.96002664890073
part_005.mp4,594,1,5,0.131399356110285,0.9238670984903972,0.4775165557861328,5,0.131399356110285,0.9238670984903972,59.96002664890073
part_005.mp4,595,1,5,0.1285108742488093,0.9160715103149414,0.4736355534306279,5,0.1285108742488093,0.9160715103149414,59.96002664890073
part_005.mp4,596,1,5,0.12623362621203,0.9112434387207032,0.4721134044505932,5,0.12623362621203,0.9112434387207032,59.96002664890073
part_005.mp4,597,1,5,0.1228210520014868,0.90369021097819,0.4710538652208116,5,0.1228210520014868,0.90369021097819,59.96002664890073
part_005.mp4,598,1,5,0.1213442051509412,0.899051284790039,0.4685631928620515,5,0.1213442051509412,0.899051284790039,59.96002664890073
part_005.mp4,599,1,5,0.1188896780355975,0.8942591349283854,0.4663589901394314,5,0.1188896780355975,0.8942591349283854,59.96002664890073
part_005.mp4,600,2,5,0.1171007751674681,0.8904404322306315,0.4663694876211661,5,0.1171007751674681,0.8904404322306315,59.96002664890073
part_005.mp4,601,2,5,0.1147187042679676,0.8873423258463542,0.4628473069932726,5,0.1147187042679676,0.8873423258463542,59.96002664890073
part_005.mp4,602,2,5,0.111546395306747,0.8813374201456706,0.4582856072319878,5,0.111546395306747,0.8813374201456706,59.96002664890073
part_005.mp4,603,2,5,0.1080440415888446,0.8773103713989258,0.443282162701642,5,0.1080440415888446,0.8773103713989258,59.96002664890073
part_005.mp4,604,2,5,0.1040600442740348,0.8739771525065104,0.4288961198594835,5,0.1040600442740348,0.8739771525065104,59.96002664890073
part_005.mp4,605,2,6,0.0997171261115969,0.869117800394694,0.413398445977105,5,0.0997171261115969,0.869117800394694,59.96002664890073
part_005.mp4,606,2,6,0.0958417235294473,0.8677095413208008,0.3999386681450738,5,0.0958417235294473,0.8677095413208008,59.96002664890073
part_005.mp4,607,2,6,0.0926352558851552,0.8640130996704102,0.3869462754991319,4,0.0926352558851552,0.8640130996704102,59.96002664890073
part_005.mp4,608,2,6,0.0898127486015679,0.8620838801066081,0.3750147925482855,5,0.0898127486015679,0.8620838801066081,59.96002664890073
part_005.mp4,609,2,6,0.0864208342198981,0.8582369486490885,0.3642680274115668,5,0.0864208342198981,0.8582369486490885,59.96002664890073
part_005.mp4,610,2,6,0.0840084634370093,0.8563133239746094,0.3529120551215278,5,0.0840084634370093,0.8563133239746094,59.96002664890073
part_005.mp4,611,2,5,0.0796769539279629,0.8498060226440429,0.3424545358728479,4,0.0796769539279629,0.8498060226440429,59.96002664890073
part_005.mp4,612,2,5,0.07984029083731,0.8500404357910156,0.3424405839708116,4,0.07984029083731,0.8500404357910156,59.96002664890073
part_005.mp4,613,2,5,0.0776014745976782,0.8476980209350586,0.3288453420003255,4,0.0776014745976782,0.8476980209350586,59.96002664890073
part_005.mp4,614,2,5,0.0754159596285414,0.8456326166788737,0.3177760088885272,4,0.0754159596285414,0.8456326166788737,59.96002664890073
part_005.mp4,615,2,6,0.0731623042070085,0.8447643280029297,0.3068940339265046,5,0.0731623042070085,0.8447643280029297,59.96002664890073
part_005.mp4,616,2,6,0.0700326041104042,0.8386581420898438,0.2969368263527199,5,0.0700326041104042,0.8386581420898438,59.96002664890073
part_005.mp4,617,2,6,0.0679222131274744,0.8367151260375977,0.2857343885633681,5,0.0679222131274744,0.8367151260375977,59.96002664890073
part_005.mp4,618,2,6,0.0658558704682856,0.8346174875895183,0.277500562314634,5,0.0658558704682856,0.8346174875895183,59.96002664890073
part_005.mp4,619,2,6,0.0630360137515176,0.8317783355712891,0.2703587991219979,5,0.0630360137515176,0.8317783355712891,59.96002664890073
part_005.mp4,620,2,7,0.0616044710358525,0.8299116770426432,0.2552697358308015,6,0.0616044710358525,0.8299116770426432,59.96002664890073
part_005.mp4,621,2,6,0.060356022109068,0.8293514887491862,0.2461487098976418,5,0.060356022109068,0.8293514887491862,59.96002664890073
part_005.mp4,622,2,6,0.0574664618783392,0.8251692454020182,0.2373277734827112,5,0.0574664618783392,0.8251692454020182,59.96002664890073
part_005.mp4,623,2,6,0.0555967890585452,0.8228495279947917,0.2330183664957682,5,0.0555967890585452,0.8228495279947917,59.96002664890073
part_005.mp4,624,2,6,0.0539099639588244,0.8219908396402995,0.2244841116446035,5,0.0539099639588244,0.8219908396402995,59.96002664890073
part_005.mp4,625,2,8,0.0525690194861575,0.8194572448730468,0.2124032762315538,7,0.0525690194861575,0.8194572448730468,59.96002664890073
part_005.mp4,626,2,6,0.0513074649556253,0.8173765818277995,0.2069403047914858,5,0.0513074649556253,0.8173765818277995,59.96002664890073
part_005.mp4,627,2,6,0.0501044797099813,0.816352653503418,0.1981615278455946,5,0.0501044797099813,0.816352653503418,59.96002664890073
part_005.mp4,628,2,5,0.0488375699935325,0.8145742416381836,0.1894992969654224,4,0.0488375699935325,0.8145742416381836,59.96002664890073
part_005.mp4,629,2,6,0.0479331821930432,0.8130139032999675,0.1832481666847511,5,0.0479331821930432,0.8130139032999675,59.96002664890073
part_005.mp4,630,2,7,0.046924025972322,0.8091042200724284,0.1781989203559028,6,0.046924025972322,0.8091042200724284,59.96002664890073
part_005.mp4,631,2,7,0.0461083849510113,0.8085525512695313,0.1739171346028646,6,0.0461083849510113,0.8085525512695313,59.96002664890073
part_005.mp4,632,2,7,0.0449725714300897,0.8060438156127929,0.1707826967592592,6,0.0449725714300897,0.8060438156127929,59.96002664890073
part_005.mp4,633,2,3,0.0453271446822147,0.8066464106241862,0.1675739429615162,2,0.0453271446822147,0.8066464106241862,59.96002664890073
part_005.mp4,634,2,6,0.0436326732149852,0.8030805587768555,0.1607733267324942,5,0.0436326732149852,0.8030805587768555,59.96002664890073
part_005.mp4,635,2,5,0.0434028999467113,0.8014669418334961,0.1569363064236111,4,0.0434028999467113,0.8014669418334961,59.96002664890073
part_005.mp4,636,2,5,0.0429097820846234,0.7996567408243815,0.1527676052517361,4,0.0429097820846234,0.7996567408243815,59.96002664890073
part_005.mp4,637,2,5,0.0421985741416466,0.7984707514444987,0.1474350540726273,4,0.0421985741416466,0.7984707514444987,59.96002664890073
part_005.mp4,638,2,6,0.039475200639766,0.7972541173299154,0.1305172390407986,5,0.039475200639766,0.7972541173299154,59.96002664890073
part_005.mp4,639,2,5,0.0405176477783566,0.7946703592936198,0.1346099853515625,4,0.0405176477783566,0.7946703592936198,59.96002664890073
part_005.mp4,640,2,6,0.0370260399411091,0.7942099253336589,0.1110906247739438,5,0.0370260399411091,0.7942099253336589,59.96002664890073
part_005.mp4,641,2,5,0.0376555117755116,0.8372898101806641,0.7494023217095269,4,0.0354295108718603,0.7926916758219401,59.96002664890073
part_005.mp4,642,2,5,0.0403989441541044,0.8453451156616211,0.74778626759847,4,0.0352598436523867,0.7917871475219727,59.96002664890073
part_005.mp4,643,2,6,0.042362314648138,0.8488226572672526,0.7398960325453017,5,0.0341427940311539,0.7912607192993164,59.96002664890073
part_005.mp4,644,2,6,0.0441315682380432,0.8520685831705729,0.7347763909233941,5,0.0332106094116332,0.788701057434082,59.96002664890073
part_005.mp4,645,2,5,0.0451192222370688,0.8512110392252604,0.7295582241482205,4,0.0321369485406116,0.7879023234049479,59.96002664890073
part_005.mp4,646,2,5,0.045500547473542,0.851310920715332,0.726373185051812,4,0.0313793422241427,0.7876438140869141,59.96002664890073
part_005.mp4,647,2,5,0.0454647756552838,0.8500541687011719,0.723218027750651,4,0.0305159177881702,0.7860694885253906,59.96002664890073
part_005.mp4,648,2,6,0.0456791012242939,0.8472128550211588,0.7176622320104529,5,0.029226789483107,0.784950065612793,59.96002664890073
part_005.mp4,649,2,6,0.0458037470613783,0.8462188720703125,0.7154375782719364,5,0.0289601022429997,0.7824617385864258,59.96002664890073
part_005.mp4,650,2,5,0.046100466381338,0.8448656717936198,0.7125172438444914,4,0.0281046415039375,0.7809146881103516,59.96002664890073
part_005.mp4,651,2,3,0.0461362472680317,0.8429872512817382,0.7076036382604528,2,0.0285092138544401,0.7797225952148438,59.96002664890073
part_005.mp4,652,2,4,0.0467272389151944,0.8418285369873046,0.7032559359515155,3,0.0279875539493514,0.7789242426554362,59.96002664890073
part_005.mp4,653,2,3,0.0476188823413592,0.8415863037109375,0.6982802214445891,2,0.0279211211313865,0.778375244140625,59.96002664890073
part_005.mp4,654,2,2,0.0468002641925596,0.8377869288126628,0.6932854263870805,1,0.02755114642679,0.7774188995361329,59.96002664890073
part_005.mp4,655,2,4,0.0474121833327309,0.8382403055826823,0.692497009701199,3,0.0264016553806159,0.7762155532836914,59.96002664890073
part_005.mp4,656,2,3,0.0469826607975846,0.834688377380371,0.6892327414618598,2,0.0261724788092154,0.7744438171386718,59.96002664890073
part_005.mp4,657,2,6,0.0477259906826839,0.8344259262084961,0.6840778880649143,5,0.0254396687778514,0.7738346099853516,59.96002664890073
part_005.mp4,658,2,4,0.0477204674245944,0.8323729197184245,0.6808470196194119,3,0.025168305289537,0.7730846405029297,59.96002664890073
part_005.mp4,659,2,5,0.0477579636726214,0.8299104690551757,0.675770017835829,4,0.0243505515853219,0.7711235046386719,59.96002664890073
part_005.mp4,660,1,6,0.0479174053359181,0.8284004847208659,0.6730258517795139,5,0.0239384361392283,0.7692163467407227,59.96002664890073
part_005.mp4,661,1,5,0.0474828968224708,0.8253204345703125,0.6700709272314,3,0.0235156457322321,0.7678503672281901,59.96002664890073
part_005.mp4,662,1,3,0.0467106856671711,0.8221494674682617,0.6682608003969546,2,0.0225904502617992,0.7656494140625,59.96002664890073
part_005.mp4,663,1,4,0.0463512727958004,0.820034408569336,0.6661295996771919,2,0.0219184160286871,0.7650301615397136,59.96002664890073
part_005.mp4,664,1,4,0.0465259650328013,0.8187055587768555,0.6578118359601056,2,0.0218728806255913,0.7655928293863933,59.96002664890073
part_005.mp4,665,1,5,0.0465040422412992,0.8177305857340494,0.6577654096815321,3,0.0216759282222591,0.7654095331827799,59.96002664890073
part_005.mp4,666,1,5,0.0479238869065476,0.8193709055582682,0.6519802623324924,3,0.0214142668694667,0.764995829264323,59.96002664890073
part_005.mp4,667,1,5,0.0478485942619348,0.8175089518229167,0.6505258348253038,3,0.0210739218128125,0.7640640894571941,59.96002664890073
part_005.mp4,668,1,5,0.0468418502151667,0.8124121348063151,0.6450560393156829,3,0.0202555033333677,0.7629579544067383,59.96002664890073
part_005.mp4,669,1,6,0.0474987331937882,0.8126054763793945,0.6424600389268663,4,0.0198857675922889,0.7622049967447917,59.96002664890073
part_005.mp4,670,1,5,0.0474441075723842,0.8119968414306641,0.6419524298773871,4,0.0188831077356259,0.7612635294596354,59.96002664890073
part_005.mp4,671,1,6,0.0480762440893482,0.8122200647989909,0.6338013543023003,4,0.0192527100131351,0.7612730026245117,59.96002664890073
part_005.mp4,672,1,5,0.0484724572977063,0.8127066294352213,0.6300604219789858,3,0.0190540774982353,0.7603739420572917,59.96002664890073
part_005.mp4,673,1,4,0.0487760444616197,0.8121563593546549,0.6271514186152706,2,0.0189043261053868,0.7596736907958984,59.96002664890073
part_005.mp4,674,1,4,0.049178137484317,0.811616325378418,0.6226425170898438,2,0.0180253600414262,0.7575923919677734,59.96002664890073
part_005.mp4,675,1,4,0.0482487139165217,0.8093672434488932,0.6203235626220703,2,0.0180556426177456,0.7569653193155924,59.96002664890073
part_005.mp4,676,1,5,0.0480200843644949,0.8080671310424805,0.614607916937934,3,0.0177904681046493,0.7558996836344402,59.96002664890073
part_005.mp4,677,1,4,0.0475162707269191,0.8072245279947917,0.6093185424804688,2,0.0175320813093599,0.7549640655517578,59.96002664890073
part_005.mp4,678,1,5,0.0450851543043972,0.8051663080851237,0.593703375922309,4,0.0450851543043972,0.8051663080851237,59.96002664890073
part_005.mp4,679,1,4,0.0448411634285434,0.8043716430664063,0.5851833343505859,3,0.0448411634285434,0.8043716430664063,59.96002664890073
part_005.mp4,680,1,4,0.0439446632538485,0.8037607828776042,0.574578532466182,3,0.0439446632538485,0.8037607828776042,59.96002664890073
part_005.mp4,681,1,4,0.0433508499219897,0.8039682388305665,0.5643214331732855,3,0.0433508499219897,0.8039682388305665,59.96002664890073
part_005.mp4,682,1,4,0.0422549446783179,0.8021299362182617,0.5573372628953722,3,0.0422549446783179,0.8021299362182617,59.96002664890073
part_005.mp4,683,1,4,0.0411048296442176,0.8010875701904296,0.5490125974019369,3,0.0411048296442176,0.8010875701904296,59.96002664890073
part_005.mp4,684,1,4,0.0405207816927658,0.7995121002197265,0.5389119890001085,3,0.0405207816927658,0.7995121002197265,59.96002664890073
part_005.mp4,685,1,4,0.0401098279363294,0.7986430486043294,0.5333837721082899,3,0.0401098279363294,0.7986430486043294,59.96002664890073
part_005.mp4,686,1,5,0.0389356046011353,0.7961181640625,0.523156413325557,4,0.0389356046011353,0.7961181640625,59.96002664890073
part_005.mp4,687,1,4,0.0387110035072611,0.7954416275024414,0.519154781765408,3,0.0387110035072611,0.7954416275024414,59.96002664890073
part_005.mp4,688,1,4,0.0374751877068869,0.7935988108317057,0.5064472551699037,3,0.0374751877068869,0.7935988108317057,59.96002664890073
part_005.mp4,689,1,4,0.0364151207613758,0.7927940368652344,0.4989251030815972,3,0.0364151207613758,0.7927940368652344,59.96002664890073
part_005.mp4,690,1,4,0.0366227691745734,0.7922205607096354,0.4907965200918692,3,0.0366227691745734,0.7922205607096354,59.96002664890073
part_005.mp4,691,1,4,0.036737203337977,0.7916733423868815,0.4859734005398221,3,0.036737203337977,0.7916733423868815,59.96002664890073
part_005.mp4,692,1,5,0.0356207439313422,0.7905738830566407,0.4758390779848452,4,0.0356207439313422,0.7905738830566407,59.96002664890073
part_005.mp4,693,1,5,0.0355273571308606,0.7897865295410156,0.4694310082329644,4,0.0355273571308606,0.7897865295410156,59.96002664890073
part_005.mp4,694,1,5,0.0354556036086621,0.7892791748046875,0.4664353264702691,4,0.0354556036086621,0.7892791748046875,59.96002664890073
part_005.mp4,695,1,4,0.0337245986924568,0.7865327835083008,0.4552825503879123,3,0.0337245986924568,0.7865327835083008,59.96002664890073
part_005.mp4,696,1,4,0.0327778210663543,0.7850442886352539,0.4460329267713758,3,0.0327778210663543,0.7850442886352539,59.96002664890073
part_005.mp4,697,1,5,0.0320918680150022,0.783993911743164,0.4403248398392289,4,0.0320918680150022,0.783993911743164,59.96002664890073
part_005.mp4,698,1,4,0.032067996756442,0.7836088180541992,0.4352931552463107,3,0.032067996756442,0.7836088180541992,59.96002664890073
part_005.mp4,699,1,4,0.0314815644957383,0.7831506729125977,0.4245732907895688,3,0.0314815644957383,0.7831506729125977,59.96002664890073
part_005.mp4,700,1,4,0.0315106938195983,0.783206049601237,0.4223995632595486,3,0.0315106938195983,0.783206049601237,59.96002664890073
part_005.mp4,701,1,5,0.0309031272480529,0.782345962524414,0.4143440246582031,3,0.0309031272480529,0.782345962524414,59.96002664890073
part_005.mp4,702,1,5,0.0302147748803205,0.7810913721720377,0.4073883480495877,3,0.0302147748803205,0.7810913721720377,59.96002664890073
part_005.mp4,703,1,5,0.0302142696875671,0.7802606582641601,0.4040762724699797,3,0.0302142696875671,0.7802606582641601,59.96002664890073
part_005.mp4,704,1,5,0.0294051449004796,0.7784928639729818,0.3937098609076606,3,0.0294051449004796,0.7784928639729818,59.96002664890073
part_005.mp4,705,1,5,0.0294690330297776,0.7780593872070313,0.3906095716688368,3,0.0294690330297776,0.7780593872070313,59.96002664890073
part_005.mp4,706,1,5,0.0278273350171034,0.776951789855957,0.3811894875985605,3,0.0278273350171034,0.776951789855957,59.96002664890073
part_005.mp4,707,1,5,0.0281334694400918,0.7761968612670899,0.3722285517939814,3,0.0281334694400918,0.7761968612670899,59.96002664890073
part_005.mp4,708,1,5,0.0273861884187742,0.7763053894042968,0.3713488684760199,3,0.0273861884187742,0.7763053894042968,59.96002664890073
part_005.mp4,709,1,5,0.0271201414312236,0.7760935465494792,0.3649813334147135,3,0.0271201414312236,0.7760935465494792,59.96002664890073
part_005.mp4,710,1,5,0.0272075991079327,0.7760366439819336,0.3599447462293836,3,0.0272075991079327,0.7760366439819336,59.96002664890073
part_005.mp4,711,1,5,0.0267382314586467,0.7747905731201172,0.3548228087248625,3,0.0267382314586467,0.7747905731201172,59.96002664890073
part_005.mp4,712,1,5,0.0261533629986364,0.7741094589233398,0.3519395898889612,3,0.0261533629986364,0.7741094589233398,59.96002664890073
part_005.mp4,713,1,5,0.025800254964496,0.773039436340332,0.3476692906132451,3,0.025800254964496,0.773039436340332,59.96002664890073
part_005.mp4,714,1,5,0.0254619312859722,0.7719008127848307,0.3448091295030382,3,0.0254619312859722,0.7719008127848307,59.96002664890073
part_005.mp4,715,1,5,0.0246142004791828,0.7703982671101888,0.3376393636067708,3,0.0246142004791828,0.7703982671101888,59.96002664890073
part_005.mp4,716,1,5,0.0240010250265994,0.7689598719278972,0.3327160588017216,3,0.0240010250265994,0.7689598719278972,59.96002664890073
part_005.mp4,717,1,5,0.0235105612082353,0.7679281870524088,0.3304001137062355,3,0.0235105612082353,0.7679281870524088,59.96002664890073
part_005.mp4,718,1,5,0.0236383973154092,0.7680484771728515,0.3233078285499855,3,0.0236383973154092,0.7680484771728515,59.96002664890073
part_005.mp4,719,1,5,0.0235207629830498,0.7675779978434245,0.31260986328125,3,0.0235207629830498,0.7675779978434245,59.96002664890073
part_005.mp4,720,0,5,0.0235623571433358,0.7674154917399089,0.3087685761628327,3,0.0235623571433358,0.7674154917399089,59.96002664890073
part_005.mp4,721,0,5,0.0237647587273925,0.7668321609497071,0.3033053786666305,3,0.0237647587273925,0.7668321609497071,59.96002664890073
part_005.mp4,722,0,5,0.0229504157666168,0.7663555145263672,0.2997606065538194,3,0.0229504157666168,0.7663555145263672,59.96002664890073
part_005.mp4,723,0,5,0.0222716915845457,0.7652837753295898,0.2934926350911458,3,0.0222716915845457,0.7652837753295898,59.96002664890073
part_005.mp4,724,0,5,0.0221567080459984,0.7650335311889649,0.2903748123734085,3,0.0221567080459984,0.7650335311889649,59.96002664890073
part_005.mp4,725,0,5,0.0230292208358605,0.8406023025512696,0.8221939775678847,4,0.0222652458224668,0.7640932083129883,59.96002664890073
part_005.mp4,726,0,6,0.0234247222441788,0.8389351526896159,0.8159630245632595,5,0.0218368567907924,0.7640129089355469,59.96002664890073
part_005.mp4,727,0,6,0.0238321776653861,0.8391817728678386,0.8130301793416341,5,0.0214013771908745,0.7637859344482422,59.96002664890073
part_005.mp4,728,0,6,0.0249110073450315,0.8391960779825847,0.8067243999905056,5,0.0210396936530661,0.7632524490356445,59.96002664890073
part_005.mp4,729,0,6,0.0259966537374054,0.8388919830322266,0.7996364452220776,5,0.0212970642061447,0.7628887176513672,59.96002664890073
part_005.mp4,730,0,7,0.0261568575870842,0.8366215387980144,0.7957292556762695,6,0.0205499700559242,0.7617902755737305,59.96002664890073
part_005.mp4,731,0,6,0.0266104663805405,0.8364141464233399,0.7932621637980143,5,0.0204939062246207,0.76075865427653,59.96002664890073
part_005.mp4,732,0,6,0.0260773015005641,0.8328292846679688,0.7914672074494539,5,0.0201003489626465,0.7600059509277344,59.96002664890073
part_005.mp4,733,0,6,0.0270681667939371,0.8319832483927408,0.7871289641768844,5,0.0200533193415914,0.7585996627807617,59.96002664890073
part_005.mp4,734,0,6,0.0274114389160617,0.8305551528930664,0.7791178667986834,5,0.019442916770263,0.7571170806884766,59.96002664890073
part_005.mp4,735,0,6,0.0284247026470813,0.8300682067871094,0.7723440876713505,5,0.0194584563372794,0.757228406270345,59.96002664890073
part_005.mp4,736,0,6,0.0309716259220699,0.8398130416870118,0.769872538248698,5,0.0192905255725296,0.7563149134318033,59.96002664890073
part_005.mp4,737,0,6,0.0303659502561357,0.8360458374023437,0.7695179903948749,5,0.0193832811813159,0.7568717956542969,59.96002664890073
part_005.mp4,738,0,5,0.0322848904035682,0.8394304911295573,0.766211622732657,4,0.0194293395295972,0.7568527857462565,59.96002664890073
part_005.mp4,739,0,5,0.0325541372300601,0.8374031066894532,0.7601578394571941,4,0.019122990092254,0.7565220514933269,59.96002664890073
part_005.mp4,740,0,6,0.0314585485214155,0.8327189127604167,0.7540623629534686,5,0.0187573403519086,0.756077257792155,59.96002664890073
part_005.mp4,741,0,6,0.0311163087829859,0.8296236673990885,0.7508624324092159,5,0.0183753753586867,0.7554357528686524,59.96002664890073
part_005.mp4,742,0,6,0.025860555585447,0.8072407404581706,0.7511654535929362,5,0.0184413578218987,0.7551769892374675,59.96002664890073
part_005.mp4,743,0,6,0.0357402316807161,0.845167605082194,0.750851058959961,4,0.0181108470474525,0.7545553843180338,59.96002664890073
part_005.mp4,744,0,6,0.0357747420598267,0.8422014872233073,0.7453656514485677,4,0.017548953721488,0.7532700856526693,59.96002664890073
part_005.mp4,745,0,6,0.0365771569163674,0.8418980280558268,0.7437337027655707,4,0.0175587499615546,0.7531171798706054,59.96002664890073
part_005.mp4,746,0,6,0.038447729922436,0.8463188807169596,0.7390238020155165,4,0.0171819270598967,0.7523567199707031,59.96002664890073
part_005.mp4,747,0,5,0.03811042004474,0.8429101943969727,0.7337339330602575,4,0.0169306914308173,0.7521526336669921,59.96002664890073
part_005.mp4,748,0,5,0.0391761604747713,0.842730967203776,0.7275916205512153,4,0.0169325620625857,0.7515570322672526,59.96002664890073
part_005.mp4,749,0,5,0.0391499820697289,0.8403433481852214,0.7222715377807617,4,0.0167019018752034,0.7511925379435221,59.96002664890073
part_005.mp4,750,0,5,0.0385352378152472,0.8366352081298828,0.7225221210055881,4,0.0166155889560414,0.7514671325683594,59.96002664890073
part_005.mp4,751,0,5,0.0413955933885558,0.8453020731608073,0.7185217680754485,4,0.0163309279636962,0.7500391006469727,59.96002664890073
part_005.mp4,752,0,5,0.0432689703035942,0.8482023239135742,0.7116777490686488,4,0.0165447405778679,0.7495014190673828,59.96002664890073
part_005.mp4,753,0,5,0.0439271212710526,0.8499910990397136,0.7116417920147932,4,0.0164168762174085,0.7487110137939453,59.96002664890073
part_005.mp4,754,0,5,0.0447510728012814,0.8506732940673828,0.706936016789189,4,0.0163038508995668,0.7477059046427409,59.96002664890073
part_005.mp4,755,0,5,0.0477743215719702,0.8525499979654948,0.6934000545077854,4,0.0165442353063068,0.7481649398803711,59.96002664890073
part_005.mp4,756,0,5,0.0488006576250457,0.8518852869669596,0.6862846268547906,4,0.0162642836994901,0.7477781295776367,59.96002664890073
part_005.mp4,757,0,6,0.0466057271297648,0.8512340545654297,0.6977300749884712,4,0.0158168864583745,0.746540641784668,59.96002664890073
part_005.mp4,758,0,6,0.046906637285853,0.8513216654459635,0.6981524785359701,4,0.0160448563466262,0.7465353012084961,59.96002664890073
part_005.mp4,759,0,6,0.0464257964016239,0.8502291361490886,0.6994819217258029,4,0.0156566552555887,0.7459738413492839,59.96002664890073
part_005.mp4,760,0,6,0.0468561148671627,0.8490496317545573,0.694576538933648,4,0.0156706874713913,0.7458178202311198,59.96002664890073
part_005.mp4,761,0,7,0.0471669961756453,0.8461627960205078,0.6878422772442853,5,0.0154761050727393,0.7453794479370117,59.96002664890073
part_005.mp4,762,0,7,0.0474447370769799,0.8467907587687175,0.6893572206850405,5,0.0151252672937698,0.7445072174072266,59.96002664890073
part_005.mp4,763,0,7,0.046744005383469,0.8440811157226562,0.6859599678604691,5,0.015125044740551,0.7439213434855143,59.96002664890073
part_005.mp4,764,0,9,0.0467982656956856,0.8424943923950196,0.6830735241925275,6,0.0148476650807101,0.7434113184611003,59.96002664890073
part_005.mp4,765,0,7,0.0483218717947817,0.8424990336100261,0.6772818777296278,5,0.0147564011669601,0.7433937708536784,59.96002664890073
part_005.mp4,766,0,7,0.0482188554499427,0.841812006632487,0.6785728454589843,5,0.014574920599601,0.7431173960367838,59.96002664890073
part_005.mp4,767,0,7,0.0473829633251666,0.8390869140625,0.6774387889438205,5,0.0142889763605759,0.7425057729085286,59.96002664890073
part_005.mp4,768,0,6,0.04777317187917,0.8387842178344727,0.6735009087456597,4,0.0142356569554734,0.7421631495157878,59.96002664890073
part_005.mp4,769,0,6,0.0458532155361414,0.831919542948405,0.668124771118164,4,0.0141631015027168,0.742198371887207,59.96002664890073
part_005.mp4,770,0,6,0.045690416300492,0.8316277186075847,0.6665914041024668,4,0.0139393860891383,0.741213035583496,59.96002664890073
part_005.mp4,771,0,6,0.0464455895320861,0.8328016916910808,0.6641749064127604,4,0.0133756088688653,0.7385253270467123,59.96002664890073
part_005.mp4,772,0,7,0.0466403392217843,0.8318331400553386,0.6616437700059679,5,0.0133973466820316,0.7405338923136393,59.96002664890073
part_005.mp4,773,0,6,0.0462537025468162,0.8297449747721354,0.658656844386348,4,0.0137340331177013,0.7396663665771485,59.96002664890073
part_005.mp4,774,0,5,0.0473567606757535,0.8320114771525066,0.6601683757923268,3,0.0129530714044381,0.7370779037475585,59.96002664890073
part_005.mp4,775,0,6,0.0472663150609635,0.8307723999023438,0.6568207210964627,3,0.0136680431056438,0.7387598037719727,59.96002664890073
part_005.mp4,776,0,6,0.0479187041501669,0.8316600799560547,0.654915534125434,3,0.0142191897393948,0.7400712966918945,59.96002664890073
part_005.mp4,777,0,5,0.04772614525254,0.8302907943725586,0.6516732357166432,3,0.0136936688470962,0.7387497584025066,59.96002664890073
part_005.mp4,778,0,5,0.0482917496703097,0.8294095993041992,0.6484317461649577,3,0.0134044805145822,0.7382724126180013,59.96002664890073
part_005.mp4,779,0,5,0.0481765214680319,0.8276451746622722,0.645807534677011,3,0.0133921974603112,0.7390830993652344,59.96002664890073
part_005.mp4,780,0,7,0.0486485943721466,0.8285460154215495,0.645465776655409,5,0.0127759012421625,0.7390879313151042,59.96002664890073
part_005.mp4,781,0,7,0.0490180896260426,0.8288198471069336,0.6425223456488716,5,0.0118341267001125,0.7383478164672852,59.96002664890073
part_005.mp4,782,0,7,0.0491563647203292,0.8277725219726563,0.6391914791531033,5,0.010668333617537,0.7375052134195964,59.96002664890073
part_005.mp4,783,0,8,0.0482225730659869,0.8238501230875651,0.6365945745397497,6,0.0119943466090329,0.7371861775716145,59.96002664890073
part_005.mp4,784,0,7,0.0488132759715679,0.8243530909220378,0.6342262691921658,5,0.0120184724106285,0.7370023727416992,59.96002664890073
part_005.mp4,785,0,5,0.0481642144950456,0.8227556864420573,0.6333986070421007,3,0.0119356626706495,0.7352544784545898,59.96002664890073
part_005.mp4,786,0,5,0.0459799868149167,0.8143101374308268,0.6329742572925708,3,0.0117274627682949,0.7344347635904948,59.96002664890073
part_005.mp4,787,0,5,0.0453853816132206,0.8114306131998698,0.6309135154441551,3,0.0114292718149523,0.7344503402709961,59.96002664890073
part_005.mp4,788,0,5,0.0459956353893124,0.8118659973144531,0.6279387721308956,3,0.0114692904847605,0.7343718210856119,59.96002664890073
part_005.mp4,789,0,6,0.0464962762495054,0.8131987253824869,0.627297267207393,4,0.0117926147991966,0.734173583984375,59.96002664890073
part_005.mp4,790,0,5,0.0468367177751605,0.8130421320597331,0.6257022433810764,3,0.0114966559230388,0.7335365931193034,59.96002664890073
part_005.mp4,791,0,5,0.0466260805979254,0.8122219721476237,0.6231812371148003,3,0.0113412969995018,0.7326513926188151,59.96002664890073
part_005.mp4,792,0,7,0.0466563850787093,0.8115863800048828,0.6196880764431424,4,0.0109053578531731,0.7322460810343424,59.96002664890073
part_005.mp4,793,0,6,0.0458686240966037,0.8094036102294921,0.6184638977050781,4,0.0106648856953769,0.7318563461303711,59.96002664890073
part_005.mp4,794,0,6,0.0445609354845591,0.8054742813110352,0.6131485409206814,4,0.0107179598814562,0.7321916580200195,59.96002664890073
part_005.mp4,795,0,8,0.0452572085298231,0.8071693420410156,0.6071249785246673,4,0.0104325751856204,0.7316895167032877,59.96002664890073
part_005.mp4,796,0,10,0.04513869012568,0.8061233520507812,0.6047734578450521,5,0.0102451706096999,0.7308671951293946,59.96002664890073
part_005.mp4,797,0,6,0.0429883918873257,0.8047595977783203,0.5938499591968678,5,0.0429883918873257,0.8047595977783203,59.96002664890073
part_005.mp4,798,0,5,0.0421468922123313,0.8038748423258464,0.5885296291775174,4,0.0421468922123313,0.8038748423258464,59.96002664890073
part_005.mp4,799,0,5,0.0422390696076898,0.8036186218261718,0.5853365580240886,4,0.0422390696076898,0.8036186218261718,59.96002664890073
part_005.mp4,800,0,6,0.0408547197120922,0.8031395594278972,0.5711406425193504,4,0.0408547197120922,0.8031395594278972,59.96002664890073
part_005.mp4,801,0,5,0.0409283908282628,0.8029488245646159,0.5699555185106066,4,0.0409283908282628,0.8029488245646159,59.96002664890073
part_005.mp4,802,0,5,0.0398436980695825,0.8035074869791666,0.5553990681966146,4,0.0398436980695825,0.8035074869791666,59.96002664890073
part_005.mp4,803,0,6,0.0401747334880875,0.8022317886352539,0.5608925430862992,5,0.0401747334880875,0.8022317886352539,59.96002664890073
part_005.mp4,804,0,6,0.039338731504912,0.8000338236490886,0.5574863009982639,5,0.039338731504912,0.8000338236490886,59.96002664890073
part_005.mp4,805,0,8,0.0386915374465464,0.8004693984985352,0.5437965110496238,5,0.0386915374465464,0.8004693984985352,59.96002664890073
part_005.mp4,806,0,6,0.0375391531681493,0.7982298533121744,0.5349597224482784,4,0.0375391531681493,0.7982298533121744,59.96002664890073
part_005.mp4,807,0,6,0.0357905145483258,0.7960287729899088,0.524322184809932,4,0.0357905145483258,0.7960287729899088,59.96002664890073
part_005.mp4,808,0,7,0.0349602512518403,0.7933109283447266,0.52003419664171,5,0.0349602512518403,0.7933109283447266,59.96002664890073
part_005.mp4,809,0,7,0.034500527100382,0.7943614959716797,0.5131295945909288,5,0.034500527100382,0.7943614959716797,59.96002664890073
part_005.mp4,810,0,7,0.0334179079389556,0.791575813293457,0.5108776657669633,5,0.0334179079389556,0.791575813293457,59.96002664890073
part_005.mp4,811,0,7,0.033290877736846,0.7920468012491862,0.5075164088496456,5,0.033290877736846,0.7920468012491862,59.96002664890073
part_005.mp4,812,0,6,0.0329531751205892,0.7915519714355469,0.4998615123607494,5,0.0329531751205892,0.7915519714355469,59.96002664890073
part_005.mp4,813,0,6,0.0325268454636238,0.7910331726074219,0.4986183095861364,5,0.0325268454636238,0.7910331726074219,59.96002664890073
part_005.mp4,814,0,5,0.0324365775304613,0.7903196970621745,0.4967083401150173,4,0.0324365775304613,0.7903196970621745,59.96002664890073
part_005.mp4,815,0,6,0.0319917784134546,0.7911347071329753,0.4872229682074653,5,0.0319917784134546,0.7911347071329753,59.96002664890073
part_005.mp4,816,0,5,0.0314497774916041,0.7901365280151367,0.4850910186767578,4,0.0314497774916041,0.7901365280151367,59.96002664890073
part_005.mp4,817,0,5,0.0309419607786953,0.7890996932983398,0.4810029065167462,4,0.0309419607786953,0.7890996932983398,59.96002664890073
part_005.mp4,818,0,5,0.0301660374438039,0.7876595179239909,0.4780867399992766,4,0.0301660374438039,0.7876595179239909,59.96002664890073
part_005.mp4,819,0,5,0.0308386558273276,0.7880911509195964,0.4782955593532986,4,0.0308386558273276,0.7880911509195964,59.96002664890073
part_005.mp4,820,0,5,0.0299726045840271,0.7859383265177409,0.4710081453676576,4,0.0299726045840271,0.7859383265177409,59.96002664890073
part_005.mp4,821,0,6,0.0295748661899082,0.7866745630900065,0.4603219067608868,5,0.0295748661899082,0.7866745630900065,59.96002664890073
part_005.mp4,822,0,6,0.0296208743281938,0.7860820770263672,0.4611461356834129,5,0.0296208743281938,0.7860820770263672,59.96002664890073
part_005.mp4,823,0,6,0.0300268136476127,0.7853769938151042,0.4620838589138455,5,0.0300268136476127,0.7853769938151042,59.96002664890073
part_005.mp4,824,0,6,0.0296616684480492,0.7852820078531901,0.4557419670952691,5,0.0296616684480492,0.7852820078531901,59.96002664890073
part_005.mp4,825,0,5,0.0290506609857806,0.7826582590738932,0.453568861219618,4,0.0290506609857806,0.7826582590738932,59.96002664890073
part_005.mp4,826,0,5,0.0272166195924256,0.7819746017456055,0.4376211519594545,4,0.0272166195924256,0.7819746017456055,59.96002664890073
part_005.mp4,827,0,5,0.0270614751684479,0.7817398071289062,0.4345853452329282,4,0.0270614751684479,0.7817398071289062,59.96002664890073
part_005.mp4,828,0,5,0.0263684462296078,0.7800189971923828,0.4311940511067708,4,0.0263684462296078,0.7800189971923828,59.96002664890073
part_005.mp4,829,0,5,0.0260306355996771,0.7789854685465495,0.4303396154333044,4,0.0260306355996771,0.7789854685465495,59.96002664890073
part_005.mp4,830,0,5,0.0259348417505841,0.779225476582845,0.4269181993272569,4,0.0259348417505841,0.779225476582845,59.96002664890073
part_005.mp4,831,0,5,0.0257693459142885,0.7789740244547526,0.426572757297092,4,0.0257693459142885,0.7789740244547526,59.96002664890073
part_005.mp4,832,0,5,0.0255182873686862,0.7792736053466797,0.4230341169569227,4,0.0255182873686862,0.7792736053466797,59.96002664890073
part_005.mp4,833,0,5,0.0251727118575083,0.7800028483072917,0.4147542458993417,4,0.0251727118575083,0.7800028483072917,59.96002664890073
part_005.mp4,834,0,6,0.025367173810179,0.7782122294108073,0.7306050618489583,5,0.0251498844172601,0.7797977447509765,59.96002664890073
part_005.mp4,835,0,5,0.0252125765308274,0.7777424494425456,0.7296329357005932,4,0.0247764349758564,0.7794673919677735,59.96002664890073
part_005.mp4,836,0,5,0.0251608308786591,0.7776867548624674,0.7285432603624132,4,0.0245205359428331,0.77943115234375,59.96002664890073
part_005.mp4,837,0,5,0.0255103790887127,0.7777999877929688,0.7262530008951823,4,0.0240966039137614,0.7786598205566406,59.96002664890073
part_005.mp4,838,0,5,0.0254257163554333,0.7780815760294596,0.7267997176558884,4,0.023019067687419,0.776815668741862,59.96002664890073
part_005.mp4,839,0,5,0.0254585713413123,0.7779335021972656,0.7261851840549045,4,0.0231308059922917,0.776530647277832,59.96002664890073
part_005.mp4,840,0,5,0.0255755132394066,0.7775428771972657,0.723433600531684,4,0.0231954477660474,0.7765596389770508,59.96002664890073
part_005.mp4,841,0,5,0.0258871346237288,0.7772914886474609,0.7233093685574001,4,0.0230234557268704,0.7763757705688477,59.96002664890073
part_005.mp4,842,0,5,0.0253113784493325,0.7769648234049479,0.7227675120035807,4,0.0229881327699048,0.7758130391438802,59.96002664890073
part_005.mp4,843,0,5,0.0252298547345519,0.7763388315836589,0.7206200776276765,4,0.0225440303484598,0.7750797271728516,59.96002664890073
part_005.mp4,844,0,5,0.0254645131099419,0.7760801315307617,0.7196620729234483,4,0.0222465250627867,0.7745150248209636,59.96002664890073
part_005.mp4,845,0,5,0.0250364905043318,0.7756492614746093,0.7163172545256438,4,0.0222007833505954,0.7744133631388347,59.96002664890073
part_005.mp4,846,0,5,0.0253907060669079,0.7750516891479492,0.715455726340965,4,0.0214851401437772,0.7725915908813477,59.96002664890073
part_005.mp4,847,0,5,0.025438622557267,0.7751697540283203,0.7146742502848308,4,0.0210038669310354,0.7727306365966797,59.96002664890073
part_005.mp4,848,0,6,0.0243416025392353,0.7743581771850586,0.7094822247823079,5,0.0206611021915483,0.7722424825032552,59.96002664890073
part_005.mp4,849,0,6,0.024468987146078,0.7744746526082357,0.7087099110638654,5,0.020900001352897,0.7703625361124674,59.96002664890073
part_005.mp4,850,0,6,0.0243521454933126,0.773997942606608,0.7057902265478063,5,0.0206304412972881,0.7697511037190755,59.96002664890073
part_005.mp4,851,0,6,0.024059554487065,0.7735383987426758,0.7019745968006276,5,0.0203996042859216,0.769695536295573,59.96002664890073
part_005.mp4,852,0,5,0.0237436867609236,0.7732635498046875,0.6987326127511484,4,0.0200985866822965,0.7692158381144206,59.96002664890073
part_005.mp4,853,0,5,0.0239285671534431,0.7734257380167643,0.6963252738670066,4,0.0197185978807586,0.7682891209920247,59.96002664890073
part_005.mp4,854,0,6,0.0236005285475349,0.772954813639323,0.6920557799162688,5,0.0197420564310892,0.7685396194458007,59.96002664890073
part_005.mp4,855,0,5,0.0233866660262679,0.7725580215454102,0.690087710486518,4,0.019576866978753,0.7677169799804687,59.96002664890073
part_005.mp4,856,0,5,0.0230283058683809,0.7722656885782878,0.6860443150555646,4,0.0189760005898305,0.7664341608683268,59.96002664890073
part_005.mp4,857,0,5,0.0227633699845244,0.7718086242675781,0.6841990047030979,4,0.0188057913753436,0.7664020538330079,59.96002664890073
part_005.mp4,858,0,5,0.0225252826091235,0.7714689254760743,0.6816624994631166,4,0.0186262159555594,0.7674148559570313,59.96002664890073
part_005.mp4,859,0,5,0.0225203288968461,0.7713728586832682,0.6819398703398528,4,0.0184524962604318,0.7670740127563477,59.96002664890073
part_005.mp4,860,0,5,0.0222250598200642,0.7705893198649089,0.680231179131402,4,0.0183824954808261,0.7662388483683268,59.96002664890073
part_005.mp4,861,0,5,0.0221082766339855,0.7701908111572265,0.6795308430989583,4,0.0184839985978194,0.7664665222167969,59.96002664890073
part_005.mp4,862,0,5,0.0217735914371156,0.7698839823404948,0.6777604986120154,4,0.0183595084200557,0.7659163157145182,59.96002664890073
part_005.mp4,863,0,5,0.0217534937632283,0.7699286142985026,0.6757244675247758,4,0.0180253774695221,0.7658096313476562,59.96002664890073
part_005.mp4,864,0,6,0.0217934377747587,0.769760004679362,0.6729769812689887,5,0.0177102901903843,0.7648243586222331,59.96002664890073
part_005.mp4,865,0,6,0.0217380184554079,0.7696525573730468,0.6704723358154296,5,0.0173776944100191,0.7646982192993164,59.96002664890073
part_005.mp4,866,0,6,0.0217218482106949,0.7697752634684245,0.6679877528437862,5,0.0173442444184372,0.764424196879069,59.96002664890073
part_005.mp4,867,0,6,0.0215810227063546,0.7695629119873046,0.6658102318092629,5,0.0171211446286179,0.7637297312418619,59.96002664890073
part_005.mp4,868,0,5,0.0215128441817163,0.7693313598632813,0.6643630345662435,4,0.0168547759006711,0.763157844543457,59.96002664890073
part_005.mp4,869,0,5,0.0213278053538366,0.768979835510254,0.6634648888199418,4,0.0165903284307569,0.7619004567464193,59.96002664890073
part_005.mp4,870,0,5,0.0210114305507172,0.7680073420206706,0.6625246047973633,4,0.0165904526430596,0.761703364054362,59.96002664890073
part_005.mp4,871,0,5,0.0209485750430893,0.767854372660319,0.66083413583261,4,0.016383794519014,0.761292839050293,59.96002664890073
part_005.mp4,872,0,6,0.0206643188296207,0.7669830322265625,0.6595686312075014,5,0.0160542183864783,0.7593830744425456,59.96002664890073
part_005.mp4,873,0,6,0.0202194604715353,0.7659273147583008,0.6566802695945457,5,0.0158352883012654,0.7592595418294271,59.96002664890073
part_005.mp4,874,0,5,0.0202297817631215,0.7656799952189127,0.6547607209947374,4,0.0157921544020064,0.7585739135742188,59.96002664890073
part_005.mp4,875,0,5,0.0199482787200866,0.7650683085123698,0.654891084741663,4,0.0157573084136594,0.7581064224243164,59.96002664890073
part_005.mp4,876,0,6,0.019770411101777,0.7647265116373698,0.6541589419047038,5,0.0157421939048871,0.7580889383951823,59.96002664890073
part_005.mp4,877,0,6,0.0197349332575542,0.7650635401407878,0.6518770571108218,5,0.0155877804383312,0.7581713358561198,59.96002664890073
part_005.mp4,878,0,6,0.0197162209125289,0.7651804606119792,0.65103311891909,5,0.0153424563781623,0.7580596923828125,59.96002664890073
part_005.mp4,879,0,6,0.0197842050809433,0.7652397155761719,0.6504589610629612,5,0.0150352903964166,0.7575387318929037,59.96002664890073
part_005.mp4,880,0,6,0.0198058747066089,0.765230941772461,0.648970529768202,5,0.0148634567375605,0.7572212219238281,59.96002664890073
part_005.mp4,881,0,6,0.0198310670437597,0.7654704411824544,0.6468325085110135,5,0.015051460952236,0.7570804595947266,59.96002664890073
part_005.mp4,882,0,6,0.0200014781771514,0.7657964706420899,0.6440176716557255,5,0.0150919654499847,0.7569568634033204,59.96002664890073
part_005.mp4,883,0,7,0.0200480496312465,0.7659713745117187,0.6420233938429091,6,0.0150212125676625,0.7568977355957032,59.96002664890073
part_005.mp4,884,0,7,0.0198515244474078,0.7660408020019531,0.6403574766936125,6,0.015047645113184,0.757291603088379,59.96002664890073
part_005.mp4,885,0,6,0.0200549555439297,0.766019630432129,0.6397929756729691,5,0.0147572917858229,0.7562533696492513,59.96002664890073
part_005.mp4,886,0,5,0.020221119859335,0.7661565144856771,0.6396787502147533,4,0.014719954079515,0.7561356862386067,59.96002664890073
part_005.mp4,887,0,5,0.0199759383063388,0.7639141082763672,0.6413152624059606,4,0.0146782242403908,0.7561272303263347,59.96002664890073
part_005.mp4,888,0,5,0.0200037861129493,0.7642769495646159,0.6391229135018808,4,0.0145075162444199,0.7556934992472331,59.96002664890073
part_005.mp4,889,0,5,0.0199068314275993,0.7644718805948894,0.6347374068366156,4,0.014547089207594,0.7559144973754883,59.96002664890073
part_005.mp4,890,0,5,0.0199830773277179,0.7646112442016602,0.6323478840015553,4,0.0142855364121162,0.7558215459187826,59.96002664890073
part_005.mp4,891,0,6,0.019930690361869,0.7649887084960938,0.629205251623083,5,0.0141093216965317,0.7552339553833007,59.96002664890073
part_005.mp4,892,0,5,0.0197368430422405,0.7646859486897787,0.6274186028374567,4,0.0141286526334523,0.7552821477254231,59.96002664890073
part_005.mp4,893,0,5,0.0198214903636835,0.7646132151285807,0.6289129469129774,4,0.0137482773483498,0.7551177978515625,59.96002664890073
part_005.mp4,894,0,5,0.0191522938514551,0.7643679300944011,0.6212358404088903,4,0.0130935209617503,0.7530473709106446,59.96002664890073
part_005.mp4,895,0,5,0.0191346180717727,0.7644101460774739,0.620289965029116,4,0.0131628622675553,0.7531499862670898,59.96002664890073
part_005.mp4,896,0,5,0.0188754696845313,0.7643808364868164,0.6156745486789279,4,0.0128200948691099,0.7530569076538086,59.96002664890073
part_005.mp4,897,0,5,0.0187122622452281,0.7643795013427734,0.6162135865953233,4,0.0127446512808738,0.7530593872070312,59.96002664890073
part_005.mp4,898,0,5,0.0188024981285303,0.7644556681315104,0.615276414376718,4,0.0126078582477122,0.753439203898112,59.96002664890073
part_005.mp4,899,0,5,0.0186867561442421,0.764791742960612,0.6120024221914786,4,0.0125897157545033,0.7529879887898763,59.96002664890073
part_005.mp4,900,0,6,0.0186255763453906,0.7647069931030274,0.6130410512288411,5,0.0128545476597705,0.7525548934936523,59.96002664890073
part_005.mp4,901,0,6,0.0189311273962956,0.764985466003418,0.6127927073725947,5,0.012626234392961,0.752667490641276,59.96002664890073
part_005.mp4,902,0,6,0.0191400539379174,0.7653526306152344,0.6126832679465964,5,0.0121650477557624,0.7522578557332357,59.96002664890073
part_005.mp4,903,0,6,0.0190280701432493,0.7647537231445313,0.6137297171133536,4,0.011981675543292,0.7518677393595378,59.96002664890073
part_005.mp4,904,0,6,0.0190417939021952,0.7644890467325847,0.613591773421676,4,0.0119037418155736,0.7519267400105795,59.96002664890073
part_005.mp4,905,0,6,0.0189839748654426,0.7649410247802735,0.6109847598605685,4,0.0120661018302457,0.7518885294596355,59.96002664890073
part_005.mp4,906,0,6,0.0192701442029638,0.7650580724080404,0.6051316932395653,4,0.0118661707417049,0.7518147150675456,59.96002664890073
part_005.mp4,907,0,6,0.0189128433299225,0.7650532404581706,0.600312579119647,4,0.0121702008717585,0.7517812728881836,59.96002664890073
part_005.mp4,908,0,5,0.0186957346380748,0.7653966267903646,0.5978548897637261,5,0.0186957346380748,0.7653966267903646,59.96002664890073
part_005.mp4,909,0,6,0.0185608131010694,0.7656771341959635,0.5982795008906612,6,0.0185608131010694,0.7656771341959635,59.96002664890073
part_005.mp4,910,0,5,0.018539239299393,0.7659202575683594,0.5961377179181134,5,0.018539239299393,0.7659202575683594,59.96002664890073
part_005.mp4,911,0,6,0.0184885894542134,0.7658669789632161,0.5953987192224574,5,0.0184885894542134,0.7658669789632161,59.96002664890073
part_005.mp4,912,0,5,0.0185409659835649,0.7659706751505534,0.5921006238019025,5,0.0185409659835649,0.7659706751505534,59.96002664890073
part_005.mp4,913,0,5,0.0188596373896547,0.7658409754435221,0.5870793236626519,5,0.0188596373896547,0.7658409754435221,59.96002664890073
part_005.mp4,914,0,6,0.0184498374762134,0.7655125935872396,0.5867044519495082,5,0.0184498374762134,0.7655125935872396,59.96002664890073
part_005.mp4,915,0,6,0.0186557383481219,0.7654911677042643,0.5836405436197917,5,0.0186557383481219,0.7654911677042643,59.96002664890073
part_005.mp4,916,0,6,0.0185259941549507,0.7656199137369791,0.5818418856020326,5,0.0185259941549507,0.7656199137369791,59.96002664890073
part_005.mp4,917,0,6,0.0185092166243029,0.7655423482259115,0.5826457977294922,5,0.0185092166243029,0.7655423482259115,59.96002664890073
part_005.mp4,918,0,6,0.0184405058700859,0.7642920176188152,0.5768463205408167,5,0.0184405058700859,0.7642920176188152,59.96002664890073
part_005.mp4,919,0,6,0.0190178876483885,0.7662967681884766,0.5698262108696832,5,0.0190178876483885,0.7662967681884766,59.96002664890073
part_005.mp4,920,0,6,0.0195216449592758,0.7664909362792969,0.567271903709129,5,0.0195216449592758,0.7664909362792969,59.96002664890073
part_005.mp4,921,0,6,0.0194710151357058,0.7667690277099609,0.5682443689416956,5,0.0194710151357058,0.7667690277099609,59.96002664890073
part_005.mp4,922,0,6,0.019573825458644,0.7672762552897135,0.5648427468759042,5,0.019573825458644,0.7672762552897135,59.96002664890073
part_005.mp4,923,0,6,0.0189892682025513,0.7671651840209961,0.5664629194471571,5,0.0189892682025513,0.7671651840209961,59.96002664890073
part_005.mp4,924,0,7,0.0189621253801714,0.767448361714681,0.5654868161236798,6,0.0189621253801714,0.767448361714681,59.96002664890073
part_005.mp4,925,0,6,0.0189699460671163,0.7679815928141276,0.5685833330507631,5,0.0189699460671163,0.7679815928141276,59.96002664890073
part_005.mp4,926,0,7,0.0195262237840991,0.7686318079630534,0.5629709879557292,6,0.0195262237840991,0.7686318079630534,59.96002664890073
part_005.mp4,927,0,6,0.0189414595072109,0.7681841532389323,0.5621379004584418,5,0.0189414595072109,0.7681841532389323,59.96002664890073
part_005.mp4,928,0,6,0.0190308071561234,0.7680956522623698,0.5558439607973452,5,0.0190308071561234,0.7680956522623698,59.96002664890073
part_005.mp4,929,0,6,0.0189717250470911,0.7674166997273763,0.552963129679362,5,0.0189717250470911,0.7674166997273763,59.96002664890073
part_005.mp4,930,0,6,0.0187786207387802,0.7678564707438151,0.5498461546721282,5,0.0187786207387802,0.7678564707438151,59.96002664890073
part_005.mp4,931,0,6,0.0186588531925399,0.7677147547403972,0.545023360075774,5,0.0186588531925399,0.7677147547403972,59.96002664890073
part_005.mp4,932,0,7,0.0186315787314244,0.768513552347819,0.5471147466588904,6,0.0186315787314244,0.768513552347819,59.96002664890073
part_005.mp4,933,0,6,0.0189866444211966,0.7694094340006511,0.5499086238719799,5,0.0189866444211966,0.7694094340006511,59.96002664890073
part_005.mp4,934,0,7,0.0192215943004137,0.7689247131347656,0.5514408676712601,6,0.0192215943004137,0.7689247131347656,59.96002664890073
part_005.mp4,935,0,6,0.0189343355253233,0.7693119684855143,0.5510619834617332,5,0.0189343355253233,0.7693119684855143,59.96002664890073
part_005.mp4,936,0,6,0.01840945715589,0.769580078125,0.5469323970653392,5,0.01840945715589,0.769580078125,59.96002664890073
part_005.mp4,937,0,6,0.0182729842720706,0.769875971476237,0.5439450723153574,5,0.0182729842720706,0.769875971476237,59.96002664890073
part_005.mp4,938,0,6,0.0181134768085838,0.7698474884033203,0.5409547028718171,5,0.0181134768085838,0.7698474884033203,59.96002664890073
part_005.mp4,939,0,5,0.0179609182699641,0.7697366714477539,0.5391435128671151,4,0.0179609182699641,0.7697366714477539,59.96002664890073
part_005.mp4,940,0,6,0.0180478253032358,0.7702006022135417,0.5355655670166015,5,0.0180478253032358,0.7702006022135417,59.96002664890073
part_005.mp4,941,0,6,0.0181884312968382,0.7702705383300781,0.5331165737575955,5,0.0181884312968382,0.7702705383300781,59.96002664890073
part_005.mp4,942,0,6,0.0182142763133958,0.7703823725382487,0.5317584567599827,5,0.0182142763133958,0.7703823725382487,59.96002664890073
part_005.mp4,943,0,6,0.0183064901681899,0.7711085001627604,0.5312608648229529,5,0.0183064901681899,0.7711085001627604,59.96002664890073
part_005.mp4,944,0,6,0.0183840121079867,0.7710597356160481,0.5299330958613643,5,0.0183840121079867,0.7710597356160481,59.96002664890073
part_005.mp4,945,0,6,0.01823326490412,0.7710184733072917,0.529831059773763,5,0.01823326490412,0.7710184733072917,59.96002664890073
part_005.mp4,946,0,7,0.0179713168779535,0.7714931488037109,0.529245772185149,6,0.0179713168779535,0.7714931488037109,59.96002664890073
part_005.mp4,947,0,6,0.0180179645317835,0.7708839416503906,0.5281396795202185,5,0.0180179645317835,0.7708839416503906,59.96002664890073
part_005.mp4,948,0,6,0.0179032574506305,0.770775032043457,0.5255113531042028,5,0.0179032574506305,0.770775032043457,59.96002664890073
part_005.mp4,949,0,6,0.0178981948357869,0.7708839416503906,0.5235320621066624,5,0.0178981948357869,0.7708839416503906,59.96002664890073
part_005.mp4,950,0,6,0.0177823484337541,0.770745849609375,0.5224693298339844,5,0.0177823484337541,0.770745849609375,59.96002664890073
part_005.mp4,951,0,5,0.0179500093521346,0.7712543487548829,0.5187536027696398,5,0.0179500093521346,0.7712543487548829,59.96002664890073
part_005.mp4,952,0,5,0.0182899746051407,0.7721754709879557,0.5145461188422309,5,0.0182899746051407,0.7721754709879557,59.96002664890073
part_005.mp4,953,0,5,0.0181997116004317,0.7721334457397461,0.5122319821958189,5,0.0181997116004317,0.7721334457397461,59.96002664890073
part_005.mp4,954,0,5,0.0182179293590215,0.7723360061645508,0.5122011961760344,5,0.0182179293590215,0.7723360061645508,59.96002664890073
part_005.mp4,955,0,5,0.0184840327632264,0.7725820541381836,0.5086277431911892,5,0.0184840327632264,0.7725820541381836,59.96002664890073
part_005.mp4,956,0,5,0.0182209823014677,0.7722278594970703,0.5085946118390119,5,0.0182209823014677,0.7722278594970703,59.96002664890073
part_005.mp4,957,0,5,0.0184233176704987,0.7728926340738932,0.5068441602918837,5,0.0184233176704987,0.7728926340738932,59.96002664890073
part_005.mp4,958,0,5,0.0185697530828393,0.773632558186849,0.50644408331977,5,0.0185697530828393,0.773632558186849,59.96002664890073
part_005.mp4,959,0,5,0.0186025963405295,0.7738235473632813,0.5045443216959635,5,0.0186025963405295,0.7738235473632813,59.96002664890073
part_005.mp4,960,0,5,0.0187570040094821,0.773640251159668,0.5029493543836806,5,0.0187570040094821,0.773640251159668,59.96002664890073
part_005.mp4,961,0,5,0.0187501377073284,0.7737507502237956,0.50199870356807,5,0.0187501377073284,0.7737507502237956,59.96002664890073
part_005.mp4,962,0,5,0.0185763283596315,0.7734453837076823,0.4994766659206814,5,0.0185763283596315,0.7734453837076823,59.96002664890073
part_005.mp4,963,0,5,0.0184244587176928,0.7733532587687174,0.4984193731237341,5,0.0184244587176928,0.7733532587687174,59.96002664890073
part_005.mp4,964,0,5,0.0182468646557794,0.7724922815958659,0.4968153776945891,5,0.0182468646557794,0.7724922815958659,59.96002664890073
part_005.mp4,965,0,5,0.0184128759923084,0.7727666854858398,0.497561447708695,5,0.0184128759923084,0.7727666854858398,59.96002664890073
part_005.mp4,966,0,5,0.018417709548521,0.7729433059692383,0.497183100382487,5,0.018417709548521,0.7729433059692383,59.96002664890073
part_005.mp4,967,0,5,0.0182652264996189,0.7735103607177735,0.4954667974401403,5,0.0182652264996189,0.7735103607177735,59.96002664890073
part_005.mp4,968,0,5,0.0181436535171033,0.7734240214029948,0.4931683151810258,5,0.0181436535171033,0.7734240214029948,59.96002664890073
part_005.mp4,969,0,5,0.0180790443932669,0.7732428232828776,0.4922101903844763,5,0.0180790443932669,0.7732428232828776,59.96002664890073
part_005.mp4,970,0,6,0.0181457025274577,0.7733393351236979,0.4922866962574146,6,0.0181457025274577,0.7733393351236979,59.96002664890073
part_005.mp4,971,0,5,0.0181652866363107,0.7733503341674804,0.4912916536684389,5,0.0181652866363107,0.7733503341674804,59.96002664890073
part_005.mp4,972,0,5,0.0181645374159415,0.7736560821533203,0.4888058556450738,5,0.0181645374159415,0.7736560821533203,59.96002664890073
part_005.mp4,973,0,5,0.0182081076117659,0.7735748291015625,0.4885800962094907,5,0.0182081076117659,0.7735748291015625,59.96002664890073
part_005.mp4,974,0,5,0.0183488529887917,0.7736379623413085,0.4883183938485604,5,0.0183488529887917,0.7736379623413085,59.96002664890073
part_005.mp4,975,0,5,0.0182090393552142,0.7729670206705729,0.4861628214518229,5,0.0182090393552142,0.7729670206705729,59.96002664890073
part_005.mp4,976,0,5,0.018319146467321,0.7736461639404297,0.4836183901186343,5,0.018319146467321,0.7736461639404297,59.96002664890073
part_005.mp4,977,0,5,0.0182928652051163,0.7737024943033854,0.4831007215711805,5,0.0182928652051163,0.7737024943033854,59.96002664890073
part_005.mp4,978,0,5,0.0179859151567507,0.7726399739583333,0.483457522922092,5,0.0179859151567507,0.7726399739583333,59.96002664890073
part_005.mp4,979,0,5,0.0181098308309015,0.772894287109375,0.4824347601996527,5,0.0181098308309015,0.772894287109375,59.96002664890073
part_005.mp4,980,0,5,0.018288596243106,0.7737119674682618,0.4805068969726562,5,0.018288596243106,0.7737119674682618,59.96002664890073
part_005.mp4,981,0,5,0.0184339994079426,0.7736495971679688,0.4813685946994357,5,0.0184339994079426,0.7736495971679688,59.96002664890073
part_005.mp4,982,0,5,0.018445233432576,0.7724154790242513,0.4834843953450521,5,0.018445233432576,0.7724154790242513,59.96002664890073
part_005.mp4,983,0,5,0.0184984563289671,0.773223876953125,0.4794371428313079,5,0.0184984563289671,0.773223876953125,59.96002664890073
part_005.mp4,984,0,5,0.0186578761503187,0.7734010696411133,0.4805882347954644,5,0.0186578761503187,0.7734010696411133,59.96002664890073
part_005.mp4,985,0,5,0.0183949495484908,0.7730342864990234,0.4788686257821542,5,0.0183949495484908,0.7730342864990234,59.96002664890073
part_005.mp4,986,0,5,0.0182585423072898,0.772297477722168,0.4795317897090205,5,0.0182585423072898,0.772297477722168,59.96002664890073
part_005.mp4,987,0,5,0.0181972869806728,0.7723365783691406,0.4778631422254774,5,0.0181972869806728,0.7723365783691406,59.96002664890073
part_005.mp4,988,0,5,0.0181758446150019,0.7726559321085612,0.4778632269965278,5,0.0181758446150019,0.7726559321085612,59.96002664890073
part_005.mp4,989,0,5,0.0181763118116133,0.7724546432495117,0.4775337219238281,5,0.0181763118116133,0.7724546432495117,59.96002664890073
part_005.mp4,990,0,5,0.0180752289097236,0.772186279296875,0.4774184898093894,5,0.0180752289097236,0.772186279296875,59.96002664890073
part_005.mp4,991,0,5,0.0181361158253275,0.7725589116414388,0.4767267015245225,5,0.0181361158253275,0.7725589116414388,59.96002664890073
part_005.mp4,992,0,5,0.018116391280009,0.7732981363932292,0.4765896408646195,5,0.018116391280009,0.7732981363932292,59.96002664890073
part_005.mp4,993,0,5,0.0183684508425627,0.7734731674194336,0.479120522958261,5,0.0183684508425627,0.7734731674194336,59.96002664890073
part_005.mp4,994,0,5,0.0184246125905257,0.7733724594116211,0.4797548082139757,5,0.0184246125905257,0.7733724594116211,59.96002664890073
part_005.mp4,995,0,5,0.0184522627636761,0.7737421035766602,0.4782520294189453,5,0.0184522627636761,0.7737421035766602,59.96002664890073
part_005.mp4,996,0,5,0.0182474619133777,0.7738386789957682,0.4764084427445023,5,0.0182474619133777,0.7738386789957682,59.96002664890073
part_005.mp4,997,0,5,0.018270312858685,0.7737171808878581,0.4766596617522063,5,0.018270312858685,0.7737171808878581,59.96002664890073
part_005.mp4,998,0,5,0.0181185966920262,0.77394224802653,0.4759065416124132,5,0.0181185966920262,0.77394224802653,59.96002664890073
part_005.mp4,999,0,4,0.0182088786643896,0.7740207036336263,0.4766093501338252,4,0.0182088786643896,0.7740207036336263,59.96002664890073
part_005.mp4,1000,0,4,0.0184569330118563,0.774645741780599,0.4783996299461082,4,0.0184569330118563,0.774645741780599,59.96002664890073
part_005.mp4,1001,0,4,0.0183679272133546,0.774360466003418,0.4791680230034722,4,0.0183679272133546,0.774360466003418,59.96002664890073
part_005.mp4,1002,0,4,0.0183750015372761,0.7746386845906575,0.4788596400508174,4,0.0183750015372761,0.7746386845906575,59.96002664890073
part_005.mp4,1003,0,4,0.0185571585554485,0.7756413141886394,0.4799190238670066,4,0.0185571585554485,0.7756413141886394,59.96002664890073
part_005.mp4,1004,0,5,0.0186175310316338,0.7760199228922526,0.4808568036114728,5,0.0186175310316338,0.7760199228922526,59.96002664890073
part_005.mp4,1005,0,4,0.0184751891315681,0.7756845474243164,0.4810445149739583,4,0.0184751891315681,0.7756845474243164,59.96002664890073
part_005.mp4,1006,0,5,0.0185050387391513,0.775798225402832,0.4809290144178602,5,0.0185050387391513,0.775798225402832,59.96002664890073
part_005.mp4,1007,0,5,0.0184143150557065,0.7754152297973633,0.4828414493136935,5,0.0184143150557065,0.7754152297973633,59.96002664890073
part_005.mp4,1008,0,5,0.0186420926889695,0.776098887125651,0.4847672780354817,5,0.0186420926889695,0.776098887125651,59.96002664890073
part_005.mp4,1009,0,5,0.0187247965751858,0.7765459060668946,0.4855724052146629,5,0.0187247965751858,0.7765459060668946,59.96002664890073
part_005.mp4,1010,0,5,0.0184953118007871,0.7758867899576823,0.4854954331009476,5,0.0184953118007871,0.7758867899576823,59.96002664890073
part_005.mp4,1011,0,5,0.018557115817148,0.775761604309082,0.486629076357241,5,0.018557115817148,0.775761604309082,59.96002664890073
part_005.mp4,1012,0,5,0.0188097805551579,0.7762337366739909,0.4879636552598741,5,0.0188097805551579,0.7762337366739909,59.96002664890073
part_005.mp4,1013,0,5,0.0188093841609467,0.7761028289794922,0.4878783331976996,5,0.0188093841609467,0.7761028289794922,59.96002664890073
part_005.mp4,1014,0,5,0.0189062895405125,0.7761831283569336,0.4884973314073351,5,0.0189062895405125,0.7761831283569336,59.96002664890073
part_005.mp4,1015,0,5,0.0187399586002783,0.7756217320760092,0.4920250927960431,5,0.0187399586002783,0.7756217320760092,59.96002664890073
part_005.mp4,1016,0,5,0.019026748141694,0.7758390426635742,0.4924844671178747,5,0.019026748141694,0.7758390426635742,59.96002664890073
part_005.mp4,1017,0,5,0.0190014085460764,0.7751604080200195,0.4936399671766493,5,0.0190014085460764,0.7751604080200195,59.96002664890073
part_005.mp4,1018,0,5,0.0191877954094606,0.7756163279215494,0.4962788899739583,5,0.0191877954094606,0.7756163279215494,59.96002664890073
part_005.mp4,1019,0,5,0.0189197424967359,0.7755109786987304,0.4977539627640335,5,0.0189197424967359,0.7755109786987304,59.96002664890073
part_005.mp4,1020,0,5,0.0190838037495448,0.775852648417155,0.497935711895978,5,0.0190838037495448,0.775852648417155,59.96002664890073
part_005.mp4,1021,0,5,0.0191237081227882,0.7758895874023437,0.4985240512424045,5,0.0191237081227882,0.7758895874023437,59.96002664890073
part_005.mp4,1022,0,5,0.0189983866692313,0.7760622660319011,0.5012337578667535,5,0.0189983866692313,0.7760622660319011,59.96002664890073
part_005.mp4,1023,0,5,0.0188927515647568,0.7758389155069987,0.5043449401855469,5,0.0188927515647568,0.7758389155069987,59.96002664890073
part_005.mp4,1024,0,5,0.0187687306266161,0.7754616419474284,0.5049832238091363,5,0.0187687306266161,0.7754616419474284,59.96002664890073
part_005.mp4,1025,0,5,0.0184138489279441,0.7752888361612956,0.5072469499376085,5,0.0184138489279441,0.7752888361612956,59.96002664890073
part_005.mp4,1026,0,5,0.0186733475337839,0.7761833190917968,0.511250474717882,5,0.0186733475337839,0.7761833190917968,59.96002664890073
part_005.mp4,1027,0,5,0.018441901554707,0.7755777994791667,0.5163019250940394,5,0.018441901554707,0.7755777994791667,59.96002664890073
part_005.mp4,1028,0,5,0.0185411252439533,0.775306765238444,0.5217232880768953,5,0.0185411252439533,0.775306765238444,59.96002664890073
part_005.mp4,1029,0,5,0.0193444941864517,0.7762405395507812,0.5252310011121962,5,0.0193444941864517,0.7762405395507812,59.96002664890073
part_005.mp4,1030,0,5,0.0194071562036517,0.7764431635538737,0.5254742233841507,5,0.0194071562036517,0.7764431635538737,59.96002664890073
part_005.mp4,1031,0,5,0.0193810843167155,0.7760734558105469,0.5286928953947845,5,0.0193810843167155,0.7760734558105469,59.96002664890073
part_005.mp4,1032,0,5,0.0196812836765618,0.7759474436442058,0.5329063839382595,5,0.0196812836765618,0.7759474436442058,59.96002664890073
part_005.mp4,1033,0,6,0.0201480520826913,0.7757150650024414,0.5419132091380932,6,0.0201480520826913,0.7757150650024414,59.96002664890073
part_005.mp4,1034,0,5,0.0197452501679395,0.7756891886393229,0.5438941955566406,5,0.0197452501679395,0.7756891886393229,59.96002664890073
part_005.mp4,1035,0,5,0.0194099820770012,0.7757773081461589,0.5444770812988281,5,0.0194099820770012,0.7757773081461589,59.96002664890073
part_005.mp4,1036,0,5,0.0203329866195215,0.7769343694051106,0.5457171192875615,5,0.0203329866195215,0.7769343694051106,59.96002664890073
part_005.mp4,1037,0,5,0.0204184837735131,0.777677345275879,0.5476312001546224,5,0.0204184837735131,0.777677345275879,59.96002664890073
part_005.mp4,1038,0,5,0.0204171057828676,0.7774431228637695,0.547012922498915,5,0.0204171057828676,0.7774431228637695,59.96002664890073
part_005.mp4,1039,0,4,0.0204075631499883,0.7772459665934245,0.5475889841715494,4,0.0204075631499883,0.7772459665934245,59.96002664890073
part_005.mp4,1040,0,5,0.0203330572141567,0.7769055048624675,0.5501793755425347,5,0.0203330572141567,0.7769055048624675,59.96002664890073
part_005.mp4,1041,0,5,0.0206363665433875,0.7775180816650391,0.550669112028899,5,0.0206363665433875,0.7775180816650391,59.96002664890073
part_005.mp4,1042,0,5,0.0203885530381133,0.7770891825358073,0.5548758895308883,5,0.0203885530381133,0.7770891825358073,59.96002664890073
part_005.mp4,1043,0,5,0.0199648012395769,0.7762045542399089,0.5535768862123842,5,0.0199648012395769,0.7762045542399089,59.96002664890073
part_005.mp4,1044,0,5,0.019725856621215,0.7755711237589519,0.5567724015977648,5,0.019725856621215,0.7755711237589519,59.96002664890073
part_005.mp4,1045,0,5,0.0198201698783264,0.7759830474853515,0.559647637826425,5,0.0198201698783264,0.7759830474853515,59.96002664890073
part_005.mp4,1046,0,5,0.0195828634673833,0.775744883219401,0.5655345916748047,5,0.0195828634673833,0.775744883219401,59.96002664890073
part_005.mp4,1047,0,6,0.0197272715570256,0.7756689071655274,0.570411639743381,6,0.0197272715570256,0.7756689071655274,59.96002664890073
part_005.mp4,1048,0,5,0.0197815223020734,0.7754481633504232,0.5723907470703125,5,0.0197815223020734,0.7754481633504232,59.96002664890073
part_005.mp4,1049,0,6,0.0198583757594422,0.7758710861206055,0.5747744171707718,6,0.0198583757594422,0.7758710861206055,59.96002664890073
part_005.mp4,1050,0,5,0.0200154659034322,0.7762106577555339,0.5788848453097873,5,0.0200154659034322,0.7762106577555339,59.96002664890073
part_005.mp4,1051,0,6,0.0202864614052588,0.7768033981323242,0.5804117414686415,6,0.0202864614052588,0.7768033981323242,59.96002664890073
part_005.mp4,1052,0,5,0.0197495280553994,0.77568359375,0.5849859449598525,5,0.0197495280553994,0.77568359375,59.96002664890073
part_005.mp4,1053,0,5,0.0202163664876328,0.7762062708536784,0.5882092793782552,5,0.0202163664876328,0.7762062708536784,59.96002664890073
part_005.mp4,1054,0,5,0.0201233481365488,0.7762847264607747,0.5942108224939417,5,0.0201233481365488,0.7762847264607747,59.96002664890073
part_005.mp4,1055,0,5,0.0204660703563907,0.7770358403523763,0.5954178421585649,5,0.0204660703563907,0.7770358403523763,59.96002664890073
part_005.mp4,1056,0,4,0.020501141585927,0.7774553934733073,0.6010045934606482,3,0.0074568284128219,0.7385641733805338,59.96002664890073
part_005.mp4,1057,0,4,0.0207021437727549,0.777089246114095,0.60468851018835,3,0.0072335105302907,0.7381803512573242,59.96002664890073
part_005.mp4,1058,0,4,0.0205428375072423,0.7765567779541016,0.6093226256193938,3,0.0074402051936421,0.7382150014241536,59.96002664890073
part_005.mp4,1059,0,4,0.020440999053632,0.7763184229532878,0.6114863925509982,3,0.0074085535077999,0.7383066177368164,59.96002664890073
part_005.mp4,1060,0,5,0.0204168773507819,0.7762310028076171,0.6138402373702437,4,0.0074233924093897,0.7383864084879558,59.96002664890073
part_005.mp4,1061,0,4,0.0205125964376849,0.7765425364176433,0.6163926442464193,3,0.0075279942478906,0.7389439264933269,59.96002664890073
part_005.mp4,1062,0,5,0.0207281734272719,0.7774677912394206,0.6199719181767216,4,0.0074814311314926,0.7383251825968424,59.96002664890073
part_005.mp4,1063,0,5,0.0203603710010712,0.7761433283487956,0.6233892228868273,4,0.0076283534953189,0.7382030487060547,59.96002664890073
part_005.mp4,1064,0,5,0.0205439126079404,0.7762646357218425,0.6254814147949219,4,0.007490721140364,0.7379938125610351,59.96002664890073
part_005.mp4,1065,0,5,0.0203232955024847,0.7756287256876627,0.6288645567717376,4,0.0075511600857781,0.7383186976114909,59.96002664890073
part_005.mp4,1066,0,5,0.0203634107976055,0.775681749979655,0.6310554716322158,4,0.0075626579738228,0.7380788803100586,59.96002664890073
part_005.mp4,1067,0,5,0.0201214516909506,0.7760150909423829,0.6342266294691298,4,0.0076204579212773,0.7385587056477865,59.96002664890073
part_005.mp4,1068,0,4,0.0202547888509191,0.7764097213745117,0.6384106742011176,3,0.0075190058648715,0.7383080164591471,59.96002664890073
part_005.mp4,1069,0,4,0.0204914447499134,0.776905632019043,0.6408892808137117,3,0.0078186758268781,0.7404186884562175,59.96002664890073
part_005.mp4,1070,0,4,0.0206552365653503,0.7767679214477539,0.6452160835266113,3,0.0072403862724011,0.7380142211914062,59.96002664890073
part_005.mp4,1071,0,4,0.0206065905288751,0.7772442499796549,0.6495449701944987,3,0.0074849586261067,0.740076192220052,59.96002664890073
part_005.mp4,1072,0,4,0.0210544816643926,0.7778570810953777,0.6518827261748137,3,0.0072013369429084,0.7398276011149089,59.96002664890073
part_005.mp4,1073,0,3,0.0211371702731574,0.7781393686930339,0.6546873022008826,2,0.0076679839659482,0.7410896937052409,59.96002664890073
part_005.mp4,1074,0,3,0.0210719928094982,0.77695738474528,0.6578517525284379,2,0.0076871294769214,0.7417195002237956,59.96002664890073
part_005.mp4,1075,0,3,0.0212770110023848,0.7779450098673503,0.6601392110188802,2,0.0078723066826465,0.7420928955078125,59.96002664890073
part_005.mp4,1076,0,4,0.0218568897734722,0.7798725128173828,0.665373420715332,3,0.0077328087442071,0.7425769170125326,59.96002664890073
part_005.mp4,1077,0,4,0.0216787866882481,0.7802316665649414,0.669947913840965,3,0.0078059620237682,0.7428997039794922,59.96002664890073
part_005.mp4,1078,0,4,0.0217055851702753,0.7802136103312175,0.6723540977195457,3,0.0077324021281836,0.7423666000366211,59.96002664890073
part_005.mp4,1079,0,3,0.0219031758176829,0.7803267161051433,0.676812927811234,2,0.0082571713839166,0.7433933893839518,59.96002664890073
part_005.mp4,1080,0,4,0.0219920792819721,0.7807190577189128,0.6793192651536729,3,0.008102100315609,0.7435374577840169,59.96002664890073
part_005.mp4,1081,0,4,0.0221786156132428,0.7806711196899414,0.6820109084800438,3,0.0081268772358551,0.7437344868977864,59.96002664890073
part_005.mp4,1082,0,5,0.0221786861642693,0.780613390604655,0.6834204921015987,4,0.008086929391767,0.7435696283976237,59.96002664890073
part_005.mp4,1083,0,5,0.0224442671058716,0.7815840403238933,0.687936238889341,4,0.0080682247638631,0.744369379679362,59.96002664890073
part_005.mp4,1084,0,4,0.0223589216474189,0.7803232828776042,0.6902913976598669,3,0.008188045026424,0.74482847849528,59.96002664890073
part_005.mp4,1085,0,4,0.0225378156899845,0.7807968139648438,0.6928025280987775,3,0.0082929622724542,0.7449139912923177,59.96002664890073
part_005.mp4,1086,0,4,0.0223285759606178,0.7804241180419922,0.6939544713055646,3,0.0085572771701737,0.7461415608723958,59.96002664890073
part_005.mp4,1087,0,4,0.022567793586381,0.7810853958129883,0.6983274813051576,3,0.0087313361588167,0.7465206782023112,59.96002664890073
part_005.mp4,1088,0,4,0.0227389466841587,0.7818721771240235,0.7012070443895128,3,0.0089036241123728,0.7470390319824218,59.96002664890073
part_005.mp4,1089,0,5,0.0226937067841478,0.7796834945678711,0.7043116675482856,4,0.0090564299683535,0.747585678100586,59.96002664890073
part_005.mp4,1090,0,4,0.0229006902881843,0.7820285161336263,0.7071645312839084,3,0.0089471775516156,0.7475688934326172,59.96002664890073
part_005.mp4,1091,0,4,0.0230585613359067,0.782307497660319,0.7109542882000959,3,0.0089355097416167,0.7471699396769206,59.96002664890073
part_005.mp4,1092,0,5,0.0226484056014184,0.7797186533610027,0.7119546042548286,4,0.0091619075190586,0.7480732599894205,59.96002664890073
part_005.mp4,1093,0,5,0.0225798213061918,0.7803389231363932,0.7131747069182219,4,0.0091028764665275,0.7484003702799479,59.96002664890073
part_005.mp4,1094,0,4,0.0225697870055591,0.780619748433431,0.7135297280770762,3,0.0090572024627019,0.7486749649047851,59.96002664890073
part_005.mp4,1095,0,4,0.0225223666478767,0.780959955851237,0.714615751195837,3,0.0091263351407704,0.7484743118286132,59.96002664890073
part_005.mp4,1096,0,5,0.0225548620610896,0.780940055847168,0.7153318334508825,4,0.0091517475386111,0.7491211573282878,59.96002664890073
part_005.mp4,1097,0,4,0.02287951751735,0.781667963663737,0.7163869928430628,3,0.0091610594717699,0.7491039276123047,59.96002664890073
part_005.mp4,1098,0,4,0.0231712873001352,0.7819835662841796,0.7173663386592158,3,0.00905486323017,0.7487550735473633,59.96002664890073
part_005.mp4,1099,0,5,0.0230866383987503,0.7820901234944662,0.7201704661051432,4,0.0090097732558206,0.7487751642862955,59.96002664890073
part_005.mp4,1100,0,6,0.0233644168649334,0.7828508377075195,0.7218578762478298,5,0.0091043865956642,0.7490226745605468,59.96002664890073
part_005.mp4,1101,0,5,0.0231880233346493,0.7827952067057292,0.7227850666752568,4,0.0092107241484983,0.7489655812581381,59.96002664890073
part_005.mp4,1102,0,4,0.0231046647515994,0.7822678248087566,0.7229692105893736,3,0.0092948078726314,0.7492331186930339,59.96002664890073
part_005.mp4,1103,0,4,0.0225342516805782,0.7813839594523112,0.7248637305365668,3,0.0093557811457086,0.7496246973673503,59.96002664890073
part_005.mp4,1104,0,4,0.0225740670627042,0.7816805521647135,0.7246232633237486,3,0.009513547349747,0.7502378463745117,59.96002664890073
part_005.mp4,1105,0,3,0.0225949445331328,0.7819687525431315,0.7258047527737088,2,0.0096376641783475,0.7508073806762695,59.96002664890073
part_005.mp4,1106,0,3,0.0228068000891047,0.7828023910522461,0.7265391102543584,2,0.009823466056712,0.7515562057495118,59.96002664890073
part_005.mp4,1107,0,4,0.0225401651999269,0.7826521555582683,0.72663921073631,3,0.0099965203156655,0.752016830444336,59.96002664890073
part_005.mp4,1108,0,4,0.022470405362347,0.7825569152832031,0.7264133100156431,3,0.0101787812681221,0.7527549107869466,59.96002664890073
part_005.mp4,1109,0,4,0.0224677286980295,0.7823310852050781,0.7260986469410083,3,0.010262023872767,0.7529142379760743,59.96002664890073
part_005.mp4,1110,0,4,0.0224202519299298,0.7819889068603516,0.7263473510742188,3,0.0102537022576844,0.7531163533528645,59.96002664890073
part_005.mp4,1111,0,4,0.0224831633549596,0.7820215225219727,0.7265054632116247,3,0.0103103652523714,0.7530874252319336,59.96002664890073
part_005.mp4,1112,0,4,0.0223986833576903,0.7822612762451172,0.728067758348253,3,0.01033519803569,0.7530434290568034,59.96002664890073
part_005.mp4,1113,0,4,0.0222530096047557,0.7818666458129883,0.7286149766710069,3,0.010213282891782,0.7530986785888671,59.96002664890073
part_005.mp4,1114,0,4,0.0223760269759697,0.781768798828125,0.728985595703125,3,0.0100615259425831,0.7528621673583984,59.96002664890073
part_005.mp4,1115,0,4,0.0224276367544245,0.7823756535847982,0.7274751168710214,3,0.0101762051129211,0.7535759607950846,59.96002664890073
part_005.mp4,1116,0,5,0.0221194625128797,0.7823875427246094,0.7276263272320783,4,0.0102648626730175,0.7536257425944011,59.96002664890073
part_005.mp4,1117,0,5,0.0220281577788975,0.7821139017740886,0.7293072594536676,4,0.0103539474965752,0.7535512924194336,59.96002664890073
part_005.mp4,1118,0,4,0.0219143417079356,0.7816404978434245,0.7306446004796912,3,0.0106862873622837,0.754436175028483,59.96002664890073
part_005.mp4,1119,0,5,0.0218113903529511,0.781414286295573,0.7311149102670175,4,0.0107749243172293,0.7549017588297526,59.96002664890073
part_005.mp4,1120,0,5,0.0219425019301221,0.7815309524536133,0.7308350457085504,4,0.0108609719018729,0.7554875055948893,59.96002664890073
part_005.mp4,1121,0,5,0.0219428703351491,0.7814432779947916,0.7299574251528139,4,0.010980026805617,0.7555248260498046,59.96002664890073
part_005.mp4,1122,0,5,0.0218431461597935,0.7813561121622722,0.7306777459603769,4,0.0110749720423094,0.7556517283121745,59.96002664890073
part_005.mp4,1123,0,5,0.0218763310074266,0.7813189824422201,0.7295533215558088,4,0.0111363384286071,0.7559324900309244,59.96002664890073
part_005.mp4,1124,0,5,0.02174529296901,0.7813219706217448,0.731597794426812,4,0.011198693362789,0.7560995101928711,59.96002664890073
part_005.mp4,1125,0,4,0.0218222983686185,0.7807217280069987,0.7292318132188585,3,0.0112154314295912,0.7560356775919597,59.96002664890073
part_005.mp4,1126,0,5,0.0218392502338759,0.7808642069498698,0.7284649389761465,4,0.0112175431703023,0.755599848429362,59.96002664890073
part_005.mp4,1127,0,4,0.0219127980971825,0.780689811706543,0.7272487216525607,3,0.0115765972788331,0.7568044662475586,59.96002664890073
part_005.mp4,1128,0,4,0.0214172761655774,0.7796677271525065,0.7270946078830295,3,0.0115017227440397,0.7562770843505859,59.96002664890073
part_005.mp4,1129,0,5,0.0218640408627969,0.7810077667236328,0.7276863804569951,4,0.0118397818638833,0.757874870300293,59.96002664890073
part_005.mp4,1130,0,5,0.0216647910805544,0.780428949991862,0.7296066778677481,4,0.0118355890992097,0.7575368881225586,59.96002664890073
part_005.mp4,1131,0,5,0.0216562890753414,0.7810005187988281,0.7302955556798865,4,0.0118771986951469,0.7572687149047852,59.96002664890073
part_005.mp4,1132,0,5,0.0218441315465746,0.7811712265014649,0.7279067145453559,4,0.0120440831116111,0.7574430465698242,59.96002664890073
part_005.mp4,1133,0,5,0.0220499842350464,0.7809528350830078,0.7263724009195963,4,0.0120381774821133,0.7575472513834636,59.96002664890073
part_005.mp4,1134,0,6,0.0222391654318198,0.7808624903361002,0.7244708591037327,5,0.0119827171323467,0.7569870630900065,59.96002664890073
part_005.mp4,1135,0,5,0.0224647791255847,0.7810165405273437,0.7235441419813368,4,0.0120201656655182,0.7571177164713542,59.96002664890073
part_005.mp4,1136,0,5,0.0223175138421356,0.781462287902832,0.7239515516493056,4,0.011854812802846,0.757163937886556,59.96002664890073
part_005.mp4,1137,0,5,0.0222742025350857,0.7813339233398438,0.7252250247531467,4,0.0121734954238248,0.758225695292155,59.96002664890073
part_005.mp4,1138,0,5,0.0222177686674425,0.7807860056559245,0.7222784536856192,4,0.0124115271915959,0.7592296600341797,59.96002664890073
part_005.mp4,1139,0,5,0.0220834512266608,0.7809784571329753,0.7247963375515408,4,0.0125592268144504,0.7603927612304687,59.96002664890073
part_005.mp4,1140,0,6,0.0215380469364673,0.7810124079386394,0.7314150916205512,5,0.0126171649854869,0.7605504353841146,59.96002664890073
part_005.mp4,1141,0,6,0.0213320528167632,0.7813709259033204,0.7324746944286206,5,0.013100487882529,0.7617819468180339,59.96002664890073
part_005.mp4,1142,0,5,0.0216078418833421,0.7813257853190104,0.7272918489244249,4,0.0133353218667616,0.7625064849853516,59.96002664890073
part_005.mp4,1143,0,5,0.0213883535997134,0.7811277389526368,0.7297551684909397,4,0.0132814423641603,0.7627632141113281,59.96002664890073
part_005.mp4,1144,0,5,0.0213656840418709,0.7810209274291993,0.7306569558602792,4,0.0136079541697485,0.7636641184488933,59.96002664890073
part_005.mp4,1145,0,6,0.0208821848876713,0.7802270889282227,0.7350735134548612,5,0.0133405011743727,0.7630687077840169,59.96002664890073
part_005.mp4,1146,0,6,0.0208877806102774,0.7806328455607097,0.7369638372350622,5,0.0133270974613777,0.7631292978922526,59.96002664890073
part_005.mp4,1147,0,5,0.0208507455085014,0.7805707931518555,0.7380390803019206,4,0.0135461424039385,0.7636425654093425,59.96002664890073
part_005.mp4,1148,0,5,0.0207866121581901,0.7806127548217774,0.7377442677815755,4,0.0136562368881681,0.7638338724772136,59.96002664890073
part_005.mp4,1149,0,5,0.0211212969891979,0.781517219543457,0.7353039141054507,4,0.0137118170831753,0.7640564600626628,59.96002664890073
part_005.mp4,1150,0,5,0.0209507424485922,0.7816076914469401,0.7363523836489076,4,0.0139802370332472,0.7650001525878907,59.96002664890073
part_005.mp4,1151,0,5,0.0209631114131965,0.781654421488444,0.7356774012247721,4,0.0141348109340146,0.7653055191040039,59.96002664890073
part_005.mp4,1152,0,5,0.0205270377554175,0.7806469599405924,0.7399661523324472,4,0.0143324405701746,0.765949821472168,59.96002664890073
part_005.mp4,1153,0,5,0.0205508935037505,0.7811836242675781,0.7381767696804471,4,0.0144474590608539,0.7659117380777994,59.96002664890073
part_005.mp4,1154,0,5,0.0208359858487407,0.7811822891235352,0.7364000885574906,4,0.014668485637683,0.7661961237589519,59.96002664890073
part_005.mp4,1155,0,5,0.0200331529518173,0.7791728973388672,0.7349613684195059,4,0.0149088954255717,0.7665596008300781,59.96002664890073
part_005.mp4,1156,0,6,0.0207025447817997,0.7807488123575846,0.7374394452130353,5,0.0151303889798388,0.7668418884277344,59.96002664890073
part_005.mp4,1157,0,6,0.0203712233061701,0.7798326492309571,0.7366306940714519,5,0.0152685784657013,0.7670618693033854,59.96002664890073
part_005.mp4,1158,0,5,0.0204792324575343,0.779591433207194,0.7358876334296333,4,0.0152061780262738,0.7672559738159179,59.96002664890073
part_005.mp4,1159,0,5,0.0202890272918308,0.7790634155273437,0.7362600255895544,4,0.015225477067482,0.7673198699951171,59.96002664890073
part_005.mp4,1160,0,6,0.0201760422289194,0.7788890838623047,0.7358007148460105,5,0.0151034147187601,0.7673759460449219,59.96002664890073
part_005.mp4,1161,0,5,0.0201768005308703,0.7786779403686523,0.7347492712515372,4,0.0152279591411772,0.7675484339396159,59.96002664890073
part_005.mp4,1162,0,5,0.0200557375151698,0.7776146570841471,0.7332228907832393,4,0.0154440151464609,0.7679122924804688,59.96002664890073
part_005.mp4,1163,0,5,0.0197997292193543,0.7766834259033203,0.7360241077564381,4,0.0154351111047651,0.7683805465698242,59.96002664890073
part_005.mp4,1164,0,6,0.01974174180157,0.7761713663736979,0.736502202351888,5,0.0155644556812896,0.7683914184570313,59.96002664890073
part_005.mp4,1165,0,6,0.0198579532160524,0.7756333033243815,0.7333341598510742,5,0.0161204307092164,0.7698986689249675,59.96002664890073
part_005.mp4,1166,0,5,0.0195288088497262,0.7755393346150716,0.7352824317084419,4,0.016228361768597,0.7693836847941081,59.96002664890073
part_005.mp4,1167,0,5,0.0201638578817909,0.7772202173868815,0.7351808477331091,4,0.0163743990762547,0.7700890223185222,59.96002664890073
part_005.mp4,1168,0,5,0.0202058908456613,0.7775525410970052,0.7352384920473451,4,0.0171761310075655,0.7708100001017253,59.96002664890073
part_005.mp4,1169,0,5,0.0195646554357194,0.7755987803141277,0.7356826570298937,4,0.0180779971265507,0.7728235244750976,59.96002664890073
part_005.mp4,1170,0,5,0.0193986882537398,0.7757829030354818,0.739966505545157,4,0.0179688611841589,0.7730869928995768,59.96002664890073
part_005.mp4,1171,0,5,0.0188005450445322,0.7741417566935221,0.7361224563033493,4,0.0182612476763865,0.7737219492594402,59.96002664890073
part_005.mp4,1172,0,5,0.018855022787472,0.7736122131347656,0.7371925707216616,4,0.0182217585451629,0.7739586512247721,59.96002664890073
part_005.mp4,1173,0,5,0.0188393852606047,0.7736246109008789,0.736304579840766,4,0.0185658529132666,0.7748413721720377,59.96002664890073
part_005.mp4,1174,0,5,0.0188671137972711,0.7754804611206054,0.3290600105568215,4,0.0188671137972711,0.7754804611206054,59.96002664890073
part_005.mp4,1175,0,5,0.0193935812284083,0.7765294392903646,0.3322747972276476,4,0.0193935812284083,0.7765294392903646,59.96002664890073
part_005.mp4,1176,0,6,0.0193155337723119,0.777303949991862,0.3326749872278284,5,0.0193155337723119,0.777303949991862,59.96002664890073
part_005.mp4,1177,0,6,0.0194023691619804,0.7776379903157552,0.3307690938313802,5,0.0194023691619804,0.7776379903157552,59.96002664890073
part_005.mp4,1178,0,6,0.0198014088289508,0.7780061721801758,0.333484141031901,5,0.0198014088289508,0.7780061721801758,59.96002664890073
part_005.mp4,1179,0,6,0.0199332208705352,0.7782426198323568,0.3345406567608868,5,0.0199332208705352,0.7782426198323568,59.96002664890073
part_005.mp4,1180,0,6,0.0205238114889356,0.7779740651448568,0.33985147829409,5,0.0205238114889356,0.7779740651448568,59.96002664890073
part_005.mp4,1181,0,5,0.0204887139333067,0.7785547256469727,0.3435094056306061,4,0.0204887139333067,0.7785547256469727,59.96002664890073
part_005.mp4,1182,0,7,0.0207577859605468,0.7781185785929362,0.3455003526475694,6,0.0207577859605468,0.7781185785929362,59.96002664890073
part_005.mp4,1183,0,7,0.0205518156982599,0.7787165959676107,0.3480962400083188,6,0.0205518156982599,0.7787165959676107,59.96002664890073
part_005.mp4,1184,0,5,0.0209562343495314,0.7783749262491862,0.3505571435998987,4,0.0209562343495314,0.7783749262491862,59.96002664890073
part_005.mp4,1185,0,5,0.0211694505336749,0.7782958984375,0.3515765578658492,4,0.0211694505336749,0.7782958984375,59.96002664890073
part_005.mp4,1186,0,5,0.0212580710620386,0.7783760070800781,0.3517739189995659,4,0.0212580710620386,0.7783760070800781,59.96002664890073
part_005.mp4,1187,0,6,0.0210248026178889,0.7781937281290691,0.3537068967466001,5,0.0210248026178889,0.7781937281290691,59.96002664890073
part_005.mp4,1188,0,6,0.0212690124234467,0.7781949996948242,0.3562198638916015,5,0.0212690124234467,0.7781949996948242,59.96002664890073
part_005.mp4,1189,0,5,0.0220376803751504,0.7805879592895508,0.359609137641059,4,0.0220376803751504,0.7805879592895508,59.96002664890073
part_005.mp4,1190,0,5,0.0226549602420871,0.7816956202189128,0.3619843377007378,4,0.0226549602420871,0.7816956202189128,59.96002664890073
part_005.mp4,1191,0,6,0.022622528713861,0.781507937113444,0.362944836086697,5,0.022622528713861,0.781507937113444,59.96002664890073
part_005.mp4,1192,0,6,0.0227220815659125,0.7810192743937174,0.364789072672526,5,0.0227220815659125,0.7810192743937174,59.96002664890073
part_005.mp4,1193,0,6,0.022882195915689,0.7807518641153971,0.3682900040237992,5,0.022882195915689,0.7807518641153971,59.96002664890073
part_005.mp4,1194,0,5,0.0230597199476485,0.7810672760009766,0.3696449279785156,4,0.0230597199476485,0.7810672760009766,59.96002664890073
part_005.mp4,1195,0,6,0.0237059002440946,0.7828936258951823,0.3765515645345052,5,0.0237059002440946,0.7828936258951823,59.96002664890073
part_005.mp4,1196,0,7,0.0238213634554995,0.7839327494303385,0.3761785719129774,6,0.0238213634554995,0.7839327494303385,59.96002664890073
part_005.mp4,1197,0,7,0.0237784616090357,0.7851909637451172,0.3806779649522569,6,0.0237784616090357,0.7851909637451172,59.96002664890073
part_005.mp4,1198,0,5,0.0244648520001727,0.7865810394287109,0.3852375878228081,4,0.0244648520001727,0.7865810394287109,59.96002664890073
part_005.mp4,1199,0,7,0.0253812228524906,0.7892754236857097,0.3860492282443576,6,0.0253812228524906,0.7892754236857097,59.96002664890073
part_005.mp4,1200,0,6,0.0254624969330001,0.7894124984741211,0.392951089364511,5,0.0254624969330001,0.7894124984741211,59.96002664890073
part_005.mp4,1201,0,5,0.0260311713993777,0.7904869715372721,0.3974880642361111,4,0.0260311713993777,0.7904869715372721,59.96002664890073
part_005.mp4,1202,0,5,0.0265441950636293,0.7909285227457682,0.4040037508364077,4,0.0265441950636293,0.7909285227457682,59.96002664890073
part_005.mp4,1203,0,6,0.0261896501005685,0.7905110041300456,0.404984622531467,5,0.0261896501005685,0.7905110041300456,59.96002664890073
part_005.mp4,1204,0,6,0.0266084259518538,0.7912546157836914,0.4092798444959852,5,0.0266084259518538,0.7912546157836914,59.96002664890073
part_005.mp4,1205,0,5,0.0265453493682434,0.7915811538696289,0.4096138848198785,4,0.0265453493682434,0.7915811538696289,59.96002664890073
part_005.mp4,1206,0,5,0.0268566212396561,0.7923327128092448,0.4132399241129557,4,0.0268566212396561,0.7923327128092448,59.96002664890073
part_005.mp4,1207,0,5,0.0276756026192338,0.7940313975016277,0.4179933477331091,4,0.0276756026192338,0.7940313975016277,59.96002664890073
part_005.mp4,1208,0,5,0.027759544722503,0.7937810897827149,0.4219024658203125,4,0.027759544722503,0.7937810897827149,59.96002664890073
part_005.mp4,1209,0,4,0.0284064096906621,0.7953793207804362,0.4258428926821108,3,0.0284064096906621,0.7953793207804362,59.96002664890073
part_005.mp4,1210,0,4,0.0288326438076587,0.7961985905965169,0.4322789510091145,3,0.0288326438076587,0.7961985905965169,59.96002664890073
part_005.mp4,1211,0,4,0.0293529226773534,0.7976749420166016,0.4338568793402778,3,0.0293529226773534,0.7976749420166016,59.96002664890073
part_005.mp4,1212,0,4,0.0300487761363911,0.7993568420410156,0.4392636617024739,3,0.0300487761363911,0.7993568420410156,59.96002664890073
part_005.mp4,1213,0,4,0.0307486995630029,0.8012348175048828,0.4427723778618707,3,0.0307486995630029,0.8012348175048828,59.96002664890073
part_005.mp4,1214,0,5,0.0310314845763787,0.8021202087402344,0.4453030338993779,4,0.0310314845763787,0.8021202087402344,59.96002664890073
part_005.mp4,1215,0,5,0.0305490002707261,0.8022303263346354,0.4436838503237124,4,0.0305490002707261,0.8022303263346354,59.96002664890073
part_005.mp4,1216,0,4,0.0312138566289461,0.8036812464396159,0.4495303825095847,3,0.0312138566289461,0.8036812464396159,59.96002664890073
part_005.mp4,1217,0,4,0.0319394365544657,0.8042104721069336,0.4569397820366753,3,0.0319394365544657,0.8042104721069336,59.96002664890073
part_005.mp4,1218,0,5,0.0319578958550523,0.8046728134155273,0.457970470852322,4,0.0319578958550523,0.8046728134155273,59.96002664890073
part_005.mp4,1219,0,5,0.0318577197240665,0.8028997421264649,0.4632219102647569,4,0.0318577197240665,0.8028997421264649,59.96002664890073
part_005.mp4,1220,0,6,0.0328309156123497,0.8050264994303385,0.4714316050211588,5,0.0328309156123497,0.8050264994303385,59.96002664890073
part_005.mp4,1221,0,6,0.0329763467795823,0.8062385559082031,0.4744199964735243,5,0.0329763467795823,0.8062385559082031,59.96002664890073
part_005.mp4,1222,0,6,0.0333657810833015,0.8055771509806315,0.4821423989755136,5,0.0333657810833015,0.8055771509806315,59.96002664890073
part_005.mp4,1223,0,6,0.0333879281139363,0.8061720530192057,0.4876199439719871,5,0.0333879281139363,0.8061720530192057,59.96002664890073
part_005.mp4,1224,0,6,0.0340858026728609,0.808025042215983,0.4897160000271267,5,0.0340858026728609,0.808025042215983,59.96002664890073
part_005.mp4,1225,0,6,0.0350435210237628,0.8084337870279948,0.4989930894639757,5,0.0350435210237628,0.8084337870279948,59.96002664890073
part_005.mp4,1226,0,5,0.0354530530995382,0.8083339691162109,0.5011574568571868,4,0.0354530530995382,0.8083339691162109,59.96002664890073
part_005.mp4,1227,0,5,0.0361518402179838,0.8102104187011718,0.5059541914198133,4,0.0361518402179838,0.8102104187011718,59.96002664890073
part_005.mp4,1228,0,6,0.0371619304593574,0.8123209635416667,0.5122688364099574,5,0.0371619304593574,0.8123209635416667,59.96002664890073
part_005.mp4,1229,0,6,0.0380134414350417,0.8130280176798502,0.5218420169971607,5,0.0380134414350417,0.8130280176798502,59.96002664890073
part_005.mp4,1230,0,6,0.0384836636668802,0.8136648813883464,0.5290786460593895,5,0.0384836636668802,0.8136648813883464,59.96002664890073
part_005.mp4,1231,0,5,0.0383610918813024,0.8145273208618165,0.5345509069937247,4,0.0383610918813024,0.8145273208618165,59.96002664890073
part_005.mp4,1232,0,4,0.0396100071848599,0.8160900115966797,0.5454042646620009,3,0.0396100071848599,0.8160900115966797,59.96002664890073
part_005.mp4,1233,0,4,0.0403670290519374,0.8166756312052409,0.5520893238208912,3,0.0403670290519374,0.8166756312052409,59.96002664890073
part_005.mp4,1234,0,5,0.0423864034422634,0.8188753763834635,0.5634758843315972,4,0.0423864034422634,0.8188753763834635,59.96002664890073
part_005.mp4,1235,0,4,0.0431238249367925,0.820995585123698,0.568082947201199,3,0.0431238249367925,0.820995585123698,59.96002664890073
part_005.mp4,1236,0,4,0.0441083342621924,0.8225542068481445,0.5737717098659939,3,0.0441083342621924,0.8225542068481445,59.96002664890073
part_005.mp4,1237,0,5,0.044220683331681,0.8226816177368164,0.5809232923719618,4,0.044220683331681,0.8226816177368164,59.96002664890073
part_005.mp4,1238,0,4,0.0456861654091254,0.8253326416015625,0.5869299570719401,3,0.0456861654091254,0.8253326416015625,59.96002664890073
part_005.mp4,1239,0,4,0.0472827845462597,0.8283348083496094,0.5917068481445312,3,0.0472827845462597,0.8283348083496094,59.96002664890073
part_005.mp4,1240,0,4,0.0484955800535923,0.8289892196655273,0.6014605628119575,2,0.003338445833177,0.7127190272013346,59.96002664890073
part_005.mp4,1241,0,4,0.0478752282633892,0.8286916732788085,0.6054503546820746,2,0.0034777930402843,0.7132942199707031,59.96002664890073
part_005.mp4,1242,0,5,0.049966459185121,0.8325337092081706,0.6129951618335865,3,0.0044749176304321,0.7125585556030274,59.96002664890073
part_005.mp4,1243,0,5,0.0486044404870416,0.8302724838256836,0.6152540418836806,3,0.0045654981057978,0.7125633875528972,59.96002664890073
part_005.mp4,1244,0,5,0.049064605943546,0.8316042582194011,0.6197988722059462,3,0.0045645072810347,0.7123947143554688,59.96002664890073
part_005.mp4,1245,0,3,0.0488669533852953,0.8314255396525065,0.6229702419704861,2,0.0034918285114043,0.7126209894816081,59.96002664890073
part_005.mp4,1246,0,3,0.0478224533408582,0.8293149948120118,0.626357905069987,2,0.0034539019921039,0.7127389907836914,59.96002664890073
part_005.mp4,1247,0,3,0.0467818375050814,0.8273457209269206,0.6275576273600261,2,0.003565032513299,0.7134993235270183,59.96002664890073
part_005.mp4,1248,0,3,0.0483002764969811,0.8308178583780924,0.6284373389350043,2,0.0034849039656627,0.712870979309082,59.96002664890073
part_005.mp4,1249,0,3,0.0485861092100902,0.8328705469767252,0.6300084431966145,2,0.0035530884279136,0.7129335403442383,59.96002664890073
part_005.mp4,1250,0,4,0.0483668679080437,0.8338233947753906,0.63316650390625,3,0.0036449829140501,0.7133163452148438,59.96002664890073
part_005.mp4,1251,0,4,0.0481926748912384,0.8340279261271158,0.6376086764865452,3,0.0036539530738423,0.7130855560302735,59.96002664890073
part_005.mp4,1252,0,4,0.0475370126182355,0.832919692993164,0.6390061837655526,3,0.0036579523377198,0.7129635492960612,59.96002664890073
part_005.mp4,1253,0,5,0.0475967794681006,0.8345571517944336,0.6428603278266058,4,0.0036274947866331,0.7128671646118164,59.96002664890073
part_005.mp4,1254,0,4,0.0484321900072137,0.8384794235229492,0.6458413159405744,3,0.0035920559891383,0.7129077911376953,59.96002664890073
part_005.mp4,1255,0,3,0.0489879312280552,0.840914535522461,0.6496493021647135,2,0.0036039776031652,0.7132481257120769,59.96002664890073
part_005.mp4,1256,0,3,0.0505559657345185,0.8460084915161132,0.6509957207573784,2,0.003536948739482,0.7131416320800781,59.96002664890073
part_005.mp4,1257,0,3,0.0516645445403022,0.8508363723754883,0.6529975891113281,2,0.0035404478917458,0.7130409876505533,59.96002664890073
part_005.mp4,1258,0,3,0.0517710914102523,0.8530727386474609,0.6565795156690809,2,0.0035990631913214,0.7130468368530274,59.96002664890073
part_005.mp4,1259,0,3,0.0512331661955512,0.8534443537394206,0.6591721322801378,2,0.003669417446201,0.7131166458129883,59.96002664890073
part_005.mp4,1260,0,3,0.051533957665217,0.8553947448730469,0.661805174085829,2,0.0035482273562229,0.7124528884887695,59.96002664890073
part_005.mp4,1261,0,3,0.0479503776891673,0.8467866897583007,0.6661152451126664,2,0.0035544245807313,0.7124336878458659,59.96002664890073
part_005.mp4,1262,0,3,0.0487227918997167,0.8507453918457031,0.6698861863878038,2,0.003604160642911,0.7125141143798828,59.96002664890073
part_005.mp4,1263,0,3,0.049876121527055,0.8554475784301758,0.6723127153184679,2,0.0037883392988954,0.7129905700683594,59.96002664890073
part_005.mp4,1264,0,3,0.047720703612059,0.8500275293986003,0.672891828748915,2,0.0038751114122885,0.7130993525187175,59.96002664890073
part_005.mp4,1265,0,3,0.0487789158454688,0.8540882746378581,0.6752455711364747,2,0.0039039219350174,0.7130963007609049,59.96002664890073
part_005.mp4,1266,0,3,0.0485655383878528,0.8537672678629558,0.6777071211073133,2,0.0038818514173423,0.7130785624186198,59.96002664890073
part_005.mp4,1267,0,3,0.0485035346189922,0.8550882339477539,0.6800903532240126,2,0.003785089723533,0.7126104990641277,59.96002664890073
part_005.mp4,1268,0,3,0.048689277603181,0.8568798065185547,0.6837596610740378,2,0.0038875142358786,0.7127952575683594,59.96002664890073
part_005.mp4,1269,0,3,0.0485651187070237,0.8595428466796875,0.68634683114511,2,0.0039072284118896,0.712826665242513,59.96002664890073
part_005.mp4,1270,0,3,0.0488588194865345,0.8609493255615235,0.687138847068504,2,0.0039512394875378,0.7128746668497722,59.96002664890073
part_005.mp4,1271,0,3,0.0483464444796603,0.8606826782226562,0.6912470923529731,2,0.0040594212471343,0.7130905151367187,59.96002664890073
part_005.mp4,1272,0,3,0.0482809659227981,0.8631275177001954,0.6962423960367838,2,0.0041449601988791,0.7133993784586589,59.96002664890073
part_005.mp4,1273,0,3,0.0482749760356145,0.8631328582763672,0.6961777298538773,2,0.0041181701651118,0.7133901596069336,59.96002664890073
part_005.mp4,1274,0,3,0.0482613959210276,0.863693110148112,0.69789938043665,2,0.004121932211651,0.7134436289469401,59.96002664890073
part_005.mp4,1275,0,3,0.0471182622081667,0.8630926132202148,0.7043184810214572,2,0.0040766564725587,0.713450304667155,59.96002664890073
part_005.mp4,1276,0,3,0.0464536108843889,0.8623411178588867,0.7086891739456742,2,0.0040441412336399,0.7135376612345378,59.96002664890073
part_005.mp4,1277,0,3,0.0459065540975482,0.8623188654581706,0.7096471256679959,2,0.0040987515338713,0.7137624104817708,59.96002664890073
part_005.mp4,1278,0,3,0.0446000958946751,0.8606331507364909,0.713908322652181,2,0.0041575260799274,0.7140367507934571,59.96002664890073
part_005.mp4,1279,0,3,0.0436813767609742,0.8596398035685221,0.7173461278279623,2,0.004214896968333,0.7140617370605469,59.96002664890073
part_005.mp4,1280,0,3,0.0424119409285502,0.8566953659057617,0.7203069404319481,2,0.0041692140486298,0.7139839808146159,59.96002664890073
part_005.mp4,1281,0,3,0.0407174347207183,0.8548588434855143,0.7260832044813368,2,0.0042225244528122,0.7140143076578777,59.96002664890073
part_005.mp4,1282,0,3,0.0394853731166316,0.8536510467529297,0.7303965603863751,2,0.0042874433794834,0.7139690399169922,59.96002664890073
part_005.mp4,1283,0,3,0.0390576382259557,0.8526430130004883,0.7310489654541016,2,0.0042979976343404,0.7139026641845703,59.96002664890073
part_005.mp4,1284,0,3,0.0379333760813514,0.852389144897461,0.7377779854668511,2,0.0042709283549467,0.7139940897623698,59.96002664890073
part_005.mp4,1285,0,3,0.0364660543635734,0.8518325805664062,0.7451485881098995,2,0.0043421751395281,0.7143334070841472,59.96002664890073
part_005.mp4,1286,0,3,0.036640295905299,0.8531187693277995,0.7480936050415039,2,0.0043876737556678,0.7144619623819987,59.96002664890073
part_005.mp4,1287,0,3,0.035406385111152,0.8515474955240886,0.748978402879503,2,0.0044499865291355,0.7144236246744792,59.96002664890073
part_005.mp4,1288,0,3,0.0344676518429682,0.8509424209594727,0.7542008293999566,2,0.0044947942810917,0.7143065770467122,59.96002664890073
part_005.mp4,1289,0,3,0.0335097833646126,0.8509434382120769,0.7588735933657046,2,0.0045490251854708,0.7142775217692058,59.96002664890073
part_005.mp4,1290,0,3,0.0330048598878137,0.8511711756388346,0.7652952406141493,2,0.0045081795606529,0.7144586563110351,59.96002664890073
part_005.mp4,1291,0,3,0.0319600541284792,0.8524088541666667,0.7744638231065538,2,0.0044949353979986,0.714635721842448,59.96002664890073
part_005.mp4,1292,0,3,0.031066854993672,0.8514530817667644,0.7760977427164714,2,0.004512975992111,0.7149265289306641,59.96002664890073
part_005.mp4,1293,0,3,0.0309029448594406,0.8524149576822917,0.7781595442030165,2,0.0045993624136921,0.7152297337849934,59.96002664890073
part_005.mp4,1294,0,3,0.0293416902742562,0.8504194895426432,0.7829870012071397,2,0.0046470651953455,0.715312385559082,59.96002664890073
part_005.mp4,1295,0,3,0.0285536638619265,0.8512526194254557,0.7916440751817492,2,0.0046975599189452,0.7154882431030274,59.96002664890073
part_005.mp4,1296,0,3,0.027194337463106,0.8491462707519531,0.7966966063887985,2,0.0046670423800242,0.7154488245646159,59.96002664890073
part_005.mp4,1297,0,3,0.0263141942665197,0.8471720377604167,0.799518147221318,2,0.0046619099446494,0.7153393427530924,59.96002664890073
part_005.mp4,1298,0,3,0.0256368256828648,0.8476837793986003,0.8052396986219618,2,0.0047473378455407,0.7157623291015625,59.96002664890073
part_005.mp4,1299,0,3,0.0253407484947092,0.8489782333374023,0.8088933096991645,2,0.0048495242524788,0.7158798853556315,59.96002664890073
part_005.mp4,1300,0,3,0.0236587221717679,0.8468877792358398,0.8170674288714374,2,0.0047953863308066,0.715804926554362,59.96002664890073
part_005.mp4,1301,0,4,0.0226073805125057,0.8474870681762695,0.8256662527720133,2,0.0048303752957108,0.7158811569213868,59.96002664890073
part_005.mp4,1302,0,4,0.0220876154743773,0.8497610727945963,0.8312975565592448,2,0.0048412710040474,0.7160144805908203,59.96002664890073
part_005.mp4,1303,0,4,0.0213223960637858,0.8505135218302409,0.837957403394911,2,0.0048776678632359,0.7159938812255859,59.96002664890073
part_005.mp4,1304,0,4,0.0208269223152547,0.8508623123168946,0.842508872350057,2,0.0048488993283014,0.7158643086751302,59.96002664890073
part_005.mp4,1305,0,4,0.0195452875540744,0.8514885584513346,0.8519667378178349,2,0.0048667663993977,0.7158285776774088,59.96002664890073
part_005.mp4,1306,0,4,0.0183830734408002,0.8490856806437175,0.8581256919436985,2,0.004905535610979,0.7159112930297852,59.96002664890073
part_005.mp4,1307,0,4,0.0180358128342053,0.8506071090698242,0.8612044563999882,2,0.0049203608023364,0.7158000946044922,59.96002664890073
part_005.mp4,1308,0,5,0.0168645732649531,0.853536860148112,0.8700713122332537,3,0.0047957089695652,0.7154268264770508,59.96002664890073
part_005.mp4,1309,0,5,0.0161123084873597,0.8546196619669596,0.8772098823829934,3,0.0049072167789994,0.7152407328287761,59.96002664890073
part_005.mp4,1310,0,5,0.0147149140536981,0.8539560317993165,0.883696444829305,3,0.0051643373651636,0.7173849105834961,59.96002664890073
part_005.mp4,1311,0,5,0.0134933049530903,0.8558034896850586,0.8931128078036839,3,0.0052625338784505,0.717844835917155,59.96002664890073
part_005.mp4,1312,0,5,0.0125218269094956,0.8552784601847331,0.9002892918056912,3,0.005245576351881,0.71839599609375,59.96002664890073
part_005.mp4,1313,0,5,0.0115794459773638,0.8554028193155925,0.907295756869846,3,0.0052933750848751,0.7186840693155925,59.96002664890073
part_005.mp4,1314,0,5,0.0098353158830994,0.8537532806396484,0.9172973606321548,3,0.0053278916909281,0.7193976084391276,59.96002664890073
part_005.mp4,1315,0,5,0.0081864512990513,0.8498550415039062,0.926993645562066,3,0.0052311314510491,0.7196738560994466,59.96002664890073
part_005.mp4,1316,0,4,0.0052531453249738,0.7198873519897461,0.0872327451352719,3,0.0052531453249738,0.7198873519897461,59.96002664890073
part_005.mp4,1317,0,5,0.0056269503478284,0.838673464457194,0.9400609758165148,3,0.0053398030645136,0.7200035730997721,59.96002664890073
part_005.mp4,1318,0,5,0.0052942604212957,0.720219612121582,0.085822041829427,3,0.0052942604212957,0.720219612121582,59.96002664890073
part_005.mp4,1319,0,4,0.0053211305450423,0.7205794016520183,0.0838542796947338,3,0.0053211305450423,0.7205794016520183,59.96002664890073
part_005.mp4,1320,0,4,0.0054252139030399,0.7210960388183594,0.0811819005895543,3,0.0054252139030399,0.7210960388183594,59.96002664890073
part_005.mp4,1321,0,4,0.0056458415667293,0.7215154647827149,0.0821851942274305,3,0.0056458415667293,0.7215154647827149,59.96002664890073
part_005.mp4,1322,0,3,0.0057208648203716,0.7211740493774415,0.0825318513093171,2,0.0057208648203716,0.7211740493774415,59.96002664890073
part_005.mp4,1323,0,3,0.0056913844940402,0.7208921432495117,0.081366871021412,2,0.0056913844940402,0.7208921432495117,59.96002664890073
part_005.mp4,1324,0,3,0.0057309586692739,0.7211158116658528,0.0791047272858796,2,0.0057309586692739,0.7211158116658528,59.96002664890073
part_005.mp4,1325,0,3,0.0057842198815584,0.7215081532796224,0.0751066419813368,2,0.0057842198815584,0.7215081532796224,59.96002664890073
part_005.mp4,1326,0,2,0.0058416252065863,0.7215418497721354,0.0742158112702546,2,0.0058416252065863,0.7215418497721354,59.96002664890073
part_005.mp4,1327,0,2,0.0058329602228089,0.7216047922770182,0.0719761036060474,2,0.0058329602228089,0.7216047922770182,59.96002664890073
part_005.mp4,1328,0,2,0.0057619167998847,0.7220268249511719,0.069703956886574,2,0.0057619167998847,0.7220268249511719,59.96002664890073
part_005.mp4,1329,0,2,0.0058880423341179,0.7225220362345378,0.0679876822012442,2,0.0058880423341179,0.7225220362345378,59.96002664890073
part_005.mp4,1330,0,2,0.0058285886592542,0.7225427627563477,0.0656478316695601,2,0.0058285886592542,0.7225427627563477,59.96002664890073
part_005.mp4,1331,0,2,0.0058688814592702,0.7228811264038086,0.0649320814344618,2,0.0058688814592702,0.7228811264038086,59.96002664890073
part_005.mp4,1332,0,2,0.0058573323836349,0.7233043670654297,0.0634070219816985,2,0.0058573323836349,0.7233043670654297,59.96002664890073
part_005.mp4,1333,0,2,0.0059180810371375,0.7233955383300781,0.0636574639214409,2,0.0059180810371375,0.7233955383300781,59.96002664890073
part_005.mp4,1334,0,3,0.0059504437805038,0.7234748840332031,0.0586512530291522,3,0.0059504437805038,0.7234748840332031,59.96002664890073
part_005.mp4,1335,0,3,0.0059390160888789,0.723652203877767,0.0576295358163339,3,0.0059390160888789,0.723652203877767,59.96002664890073
part_005.mp4,1336,0,3,0.005899254823539,0.723379643758138,0.0570197211371527,3,0.005899254823539,0.723379643758138,59.96002664890073
part_005.mp4,1337,0,3,0.0059278337080549,0.7239547729492187,0.0535997178819444,3,0.0059278337080549,0.7239547729492187,59.96002664890073
part_005.mp4,1338,0,3,0.0058548845818343,0.7240601221720377,0.0534739176432291,3,0.0058548845818343,0.7240601221720377,59.96002664890073
part_005.mp4,1339,0,2,0.0058362525500059,0.7241683959960937,0.0526053534613715,2,0.0058362525500059,0.7241683959960937,59.96002664890073
part_005.mp4,1340,0,2,0.0058700882525752,0.7247641245524089,0.0506911948875144,2,0.0058700882525752,0.7247641245524089,59.96002664890073
part_005.mp4,1341,0,2,0.0059443557098145,0.724699592590332,0.0505649142795138,2,0.0059443557098145,0.724699592590332,59.96002664890073
part_005.mp4,1342,0,3,0.0062717977441692,0.7259678522745768,0.0482236791540075,3,0.0062717977441692,0.7259678522745768,59.96002664890073
part_005.mp4,1343,0,3,0.0062895401359721,0.726780891418457,0.0491817615650318,3,0.0062895401359721,0.726780891418457,59.96002664890073
part_005.mp4,1344,0,3,0.0062447440651616,0.7267579396565755,0.0495184439199942,3,0.0062447440651616,0.7267579396565755,59.96002664890073
part_005.mp4,1345,0,3,0.0062895829903168,0.727027702331543,0.0495717366536458,3,0.0062895829903168,0.727027702331543,59.96002664890073
part_005.mp4,1346,0,3,0.0061855148199376,0.726478385925293,0.0488686455620659,3,0.0061855148199376,0.726478385925293,59.96002664890073
part_005.mp4,1347,0,3,0.0061561246376691,0.726783816019694,0.0490711353443287,3,0.0061561246376691,0.726783816019694,59.96002664890073
part_005.mp4,1348,0,3,0.0062600617513116,0.7265398025512695,0.0459294354474103,3,0.0062600617513116,0.7265398025512695,59.96002664890073
part_005.mp4,1349,0,3,0.0063237903270558,0.7273250579833984,0.0455013416431568,3,0.0063237903270558,0.7273250579833984,59.96002664890073
part_005.mp4,1350,0,3,0.0064268524011519,0.727240244547526,0.041207038031684,3,0.0064268524011519,0.727240244547526,59.96002664890073
part_005.mp4,1351,0,3,0.0064458643750792,0.7268259048461914,0.0401680840386284,3,0.0064458643750792,0.7268259048461914,59.96002664890073
part_005.mp4,1352,0,4,0.0063140060652222,0.7266052881876628,0.0413106565122251,4,0.0063140060652222,0.7266052881876628,59.96002664890073
part_005.mp4,1353,0,4,0.0065194545080885,0.7271581649780273,0.0372656928168402,4,0.0065194545080885,0.7271581649780273,59.96002664890073
part_005.mp4,1354,0,4,0.0066239652057023,0.7273439407348633,0.0361782497829861,4,0.0066239652057023,0.7273439407348633,59.96002664890073
part_005.mp4,1355,0,4,0.0069570682227128,0.729107411702474,0.0325108563458478,4,0.0069570682227128,0.729107411702474,59.96002664890073
part_005.mp4,1356,0,4,0.0071905052611664,0.7303122202555339,0.0309362340856481,4,0.0071905052611664,0.7303122202555339,59.96002664890073
part_005.mp4,1357,0,4,0.0072770595555711,0.7302234649658204,0.0288123236762152,4,0.0072770595555711,0.7302234649658204,59.96002664890073
part_005.mp4,1358,0,4,0.0074359034888523,0.7306360244750977,0.0270923190646701,4,0.0074359034888523,0.7306360244750977,59.96002664890073
part_005.mp4,1359,0,4,0.007436970395207,0.7310080846150716,0.0266491925274884,4,0.007436970395207,0.7310080846150716,59.96002664890073
part_005.mp4,1360,0,4,0.0073695082563053,0.731348164876302,0.0254329822681568,4,0.0073695082563053,0.731348164876302,59.96002664890073
part_005.mp4,1361,0,4,0.0071339968477345,0.730931282043457,0.021715912995515,4,0.0071339968477345,0.730931282043457,59.96002664890073
part_005.mp4,1362,0,4,0.0071309173811136,0.7308736801147461,0.0195106223777488,4,0.0071309173811136,0.7308736801147461,59.96002664890073
part_005.mp4,1363,0,4,0.0072046767477877,0.7311883926391601,0.015705249927662,4,0.0072046767477877,0.7311883926391601,59.96002664890073
part_005.mp4,1364,0,4,0.0073128032294442,0.7335493723551433,0.0125237076370804,4,0.0073128032294442,0.7335493723551433,59.96002664890073
part_005.mp4,1365,0,4,0.0074462640782197,0.7339089075724284,0.0102250840928819,4,0.0074462640782197,0.7339089075724284,59.96002664890073
part_005.mp4,1366,0,4,0.0075508600007742,0.7339975357055664,0.0080196804470486,4,0.0075508600007742,0.7339975357055664,59.96002664890073
part_005.mp4,1367,0,4,0.0075605455832555,0.7343610763549805,0.0060049551504629,4,0.0075605455832555,0.7343610763549805,59.96002664890073
part_005.mp4,1368,0,4,0.0076429450520663,0.7342184066772461,0.0035591973198784,4,0.0076429450520663,0.7342184066772461,59.96002664890073
part_005.mp4,1369,0,4,0.0076928558858883,0.7348100026448567,0.0033119766800491,4,0.0076928558858883,0.7348100026448567,59.96002664890073
part_005.mp4,1370,0,4,0.0077210060521988,0.7346178690592448,0.0010735123245804,4,0.0077210060521988,0.7346178690592448,59.96002664890073
part_005.mp4,1371,0,4,0.0077349294306865,0.7347075780232747,0.0015281677246093,4,0.0077349294306865,0.7347075780232747,59.96002664890073
part_005.mp4,1372,0,4,0.0077876334175407,0.7348100026448567,0.0033824779369212,4,0.0077876334175407,0.7348100026448567,59.96002664890073
part_005.mp4,1373,0,4,0.008046310956647,0.7353777567545573,0.0076989350495515,4,0.008046310956647,0.7353777567545573,59.96002664890073
part_005.mp4,1374,0,3,0.0081903782591581,0.735919698079427,0.0089411417643229,3,0.0081903782591581,0.735919698079427,59.96002664890073
part_005.mp4,1375,0,4,0.0082525896455626,0.7359978357950846,0.0116822984483506,4,0.0082525896455626,0.7359978357950846,59.96002664890073
part_005.mp4,1376,0,4,0.0083909033075906,0.7365049362182617,0.0147232055664062,4,0.0083909033075906,0.7365049362182617,59.96002664890073
part_005.mp4,1377,0,4,0.0085385189692412,0.7368557612101237,0.0150597466362847,4,0.0085385189692412,0.7368557612101237,59.96002664890073
part_005.mp4,1378,0,4,0.0086071046309101,0.7376604715983073,0.0174875612612123,4,0.0086071046309101,0.7376604715983073,59.96002664890073
part_005.mp4,1379,0,4,0.0086292647609769,0.7375977834065756,0.0200033964934172,4,0.0086292647609769,0.7375977834065756,59.96002664890073
part_005.mp4,1380,2,3,0.0087129404535517,0.7379933039347331,0.0229142930772569,3,0.0087129404535517,0.7379933039347331,59.96002664890073
part_005.mp4,1381,2,3,0.0088667429194434,0.7382402420043945,0.0259828638147424,3,0.0088667429194434,0.7382402420043945,59.96002664890073
part_005.mp4,1382,2,3,0.0091435818894432,0.7385117848714192,0.0268325240523726,3,0.0091435818894432,0.7385117848714192,59.96002664890073
part_005.mp4,1383,2,4,0.010389239552153,0.998615328470866,0.9318696401737354,3,0.0092011495787301,0.7388242721557617,59.96002664890073
part_005.mp4,1384,2,4,0.0155600977668601,0.9984790802001952,0.9072041440893104,3,0.0092309096303587,0.7395279566446941,59.96002664890073
part_005.mp4,1385,2,4,0.020136460577778,0.9992023468017578,0.884660890367296,3,0.0092153470663685,0.7395821253458659,59.96002664890073
part_005.mp4,1386,2,4,0.0256552910697549,0.999493408203125,0.8578324070683232,3,0.0092065066369347,0.7400427500406901,59.96002664890073
part_005.mp4,1387,2,5,0.0300057788555743,0.9990495681762696,0.8406960505026358,4,0.0095024355849966,0.7410406112670899,59.96002664890073
part_005.mp4,1388,2,5,0.0350711228548991,0.9994009653727214,0.8184515158335368,4,0.0094241670389116,0.7411703745524089,59.96002664890073
part_005.mp4,1389,2,5,0.0394542855269214,0.9994749704996744,0.8007001735545971,4,0.0095432900727933,0.7416554133097331,59.96002664890073
part_005.mp4,1390,2,5,0.0436180063122366,0.9994234720865884,0.7861066182454427,4,0.0098286547491119,0.741975212097168,59.96002664890073
part_005.mp4,1391,2,5,0.0477987798160312,0.9992708206176758,0.7686993281046549,4,0.0099537060745771,0.742042605082194,59.96002664890073
part_005.mp4,1392,2,5,0.0518464387432215,0.999522590637207,0.7523609302662037,4,0.0098499856912207,0.7423253377278646,59.96002664890073
part_005.mp4,1393,2,5,0.0575339181232387,0.9995558420817058,0.7313814445778176,4,0.0099724201809213,0.7427268981933594,59.96002664890073
part_005.mp4,1394,2,5,0.0635042838932219,0.9995040893554688,0.7207399297643591,4,0.0100862413051773,0.7427120208740234,59.96002664890073
part_005.mp4,1395,2,5,0.0707638576124568,0.9995150248209635,0.7099934295371727,4,0.0101928625565293,0.7430735270182292,59.96002664890073
part_005.mp4,1396,2,5,0.0769827863351127,0.9995187759399414,0.6977652691028736,4,0.0104458313371808,0.743600336710612,59.96002664890073
part_005.mp4,1397,2,5,0.0826655771553083,0.9995028177897136,0.6823484350133825,4,0.0107026509807824,0.743661371866862,59.96002664890073
part_005.mp4,1398,2,5,0.0876741100156154,0.999456787109375,0.6729768682409216,4,0.0112030980180565,0.7446903228759766,59.96002664890073
part_005.mp4,1399,2,5,0.0932767381995591,0.9994524002075196,0.6599260683412905,4,0.0113019866117489,0.7449299494425455,59.96002664890073
part_005.mp4,1400,2,5,0.0973384008853086,0.9995709101359048,0.6507465927689163,4,0.0113808445625505,0.7451538721720378,59.96002664890073
part_005.mp4,1401,2,5,0.1005742308088681,0.9995353698730468,0.6409684922960069,4,0.0115418292321178,0.7457035700480144,59.96002664890073
part_005.mp4,1402,2,5,0.1044512214413326,0.9995189666748048,0.6318033854166667,4,0.0116015185203089,0.7462627410888671,59.96002664890073
part_005.mp4,1403,2,5,0.107403049573299,0.9995361328125,0.6210907830132378,4,0.0113374607029937,0.7462509791056315,59.96002664890073
part_005.mp4,1404,2,4,0.1101453279783082,0.9995232264200846,0.6140236466019242,3,0.0115345872176274,0.7463385264078776,59.96002664890073
part_005.mp4,1405,2,4,0.1134251211223373,0.9994827270507812,0.6043947007921007,3,0.0114412581610344,0.7471680959065755,59.96002664890073
part_005.mp4,1406,2,4,0.1155952454034155,0.9994871775309244,0.5975529140896267,4,0.1155952454034155,0.9994871775309244,59.96002664890073
part_005.mp4,1407,2,5,0.1181925044681379,0.999460792541504,0.589496103922526,5,0.1181925044681379,0.999460792541504,59.96002664890073
part_005.mp4,1408,2,4,0.120695185291169,0.9994806289672852,0.5838365342881945,4,0.120695185291169,0.9994806289672852,59.96002664890073
part_005.mp4,1409,2,5,0.1231823858577344,0.998374366760254,0.5757314046223958,5,0.1231823858577344,0.998374366760254,59.96002664890073
part_005.mp4,1410,2,4,0.1250361703153531,0.9985280990600586,0.5694823371039497,4,0.1250361703153531,0.9985280990600586,59.96002664890073
part_005.mp4,1411,2,5,0.1282103417466149,0.998529052734375,0.5611383226182726,5,0.1282103417466149,0.998529052734375,59.96002664890073
part_005.mp4,1412,2,5,0.1308544237171763,0.9989938735961914,0.5553326924641927,5,0.1308544237171763,0.9989938735961914,59.96002664890073
part_005.mp4,1413,2,6,0.1329738123793396,0.999394416809082,0.5493488876907914,6,0.1329738123793396,0.999394416809082,59.96002664890073
part_005.mp4,1414,2,5,0.1348365899277269,0.9994871775309244,0.5447174072265625,5,0.1348365899277269,0.9994871775309244,59.96002664890073
part_005.mp4,1415,2,5,0.1376667793486558,0.9996216456095378,0.5371145460340712,5,0.1376667793486558,0.9996216456095378,59.96002664890073
part_005.mp4,1416,2,5,0.1386812586009909,0.9996061325073242,0.5346614837646484,5,0.1386812586009909,0.9996061325073242,59.96002664890073
part_005.mp4,1417,2,5,0.1408104469136257,0.9994919459025066,0.5271894666883681,5,0.1408104469136257,0.9994919459025066,59.96002664890073
part_005.mp4,1418,2,5,0.1420936394224904,0.999502436319987,0.523039725974754,5,0.1420936394224904,0.999502436319987,59.96002664890073
part_005.mp4,1419,2,5,0.1439259564093447,0.9996531168619792,0.5180932221589265,5,0.1439259564093447,0.9996531168619792,59.96002664890073
part_005.mp4,1420,2,5,0.1446020669931021,0.9996419906616212,0.5138960944281684,5,0.1446020669931021,0.9996419906616212,59.96002664890073
part_005.mp4,1421,2,5,0.1470158638243447,0.9997519175211588,0.5089160495334202,5,0.1470158638243447,0.9997519175211588,59.96002664890073
part_005.mp4,1422,2,4,0.1486615971642863,0.9997620264689128,0.5047938876681858,4,0.1486615971642863,0.9997620264689128,59.96002664890073
part_005.mp4,1423,2,4,0.1496030472224811,0.9997103373209636,0.5029196845160591,4,0.1496030472224811,0.9997103373209636,59.96002664890073
part_005.mp4,1424,2,4,0.1525846241049374,0.9997868220011392,0.4957669999864366,4,0.1525846241049374,0.9997868220011392,59.96002664890073
part_005.mp4,1425,2,4,0.1535357893919421,0.9997271219889324,0.4924683323612919,4,0.1535357893919421,0.9997271219889324,59.96002664890073
part_005.mp4,1426,2,4,0.1551047016670701,0.9999114990234376,0.4902367909749349,4,0.1551047016670701,0.9999114990234376,59.96002664890073
part_005.mp4,1427,2,4,0.1569632219164675,1.0,0.4868858619972511,4,0.1569632219164675,1.0,59.96002664890073
part_005.mp4,1428,2,4,0.1589170777898673,0.9994935989379884,0.4835891864917896,4,0.1589170777898673,0.9994935989379884,59.96002664890073
part_005.mp4,1429,2,5,0.1598228268641509,0.9994285583496094,0.4809318118625217,5,0.1598228268641509,0.9994285583496094,59.96002664890073
part_005.mp4,1430,2,5,0.1615147609560787,0.9995157877604168,0.4763434798629196,5,0.1615147609560787,0.9995157877604168,59.96002664890073
part_005.mp4,1431,2,5,0.1617440421549322,0.999444580078125,0.4747026514123987,5,0.1617440421549322,0.999444580078125,59.96002664890073
part_005.mp4,1432,2,4,0.1627812638353659,0.9993660608927408,0.4718028174506293,4,0.1627812638353659,0.9993660608927408,59.96002664890073
part_005.mp4,1433,2,6,0.1643338788871187,0.9995174407958984,0.4717141469319661,6,0.1643338788871187,0.9995174407958984,59.96002664890073
part_005.mp4,1434,2,7,0.1652525269800192,0.9994964599609376,0.468136653193721,7,0.1652525269800192,0.9994964599609376,59.96002664890073
part_005.mp4,1435,2,7,0.1667421605589118,0.9996155420939128,0.463669021041305,7,0.1667421605589118,0.9996155420939128,59.96002664890073
part_005.mp4,1436,2,5,0.168177170493544,0.9995134353637696,0.4601234436035156,5,0.168177170493544,0.9995134353637696,59.96002664890073
part_005.mp4,1437,2,6,0.1690977377533434,0.999248504638672,0.459049563937717,6,0.1690977377533434,0.999248504638672,59.96002664890073
part_005.mp4,1438,2,6,0.1698781489869967,0.9995113372802734,0.4573460049099392,6,0.1698781489869967,0.9995113372802734,59.96002664890073
part_005.mp4,1439,2,4,0.1707950236770557,0.999518585205078,0.4564881218804253,4,0.1707950236770557,0.999518585205078,59.96002664890073
part_005.mp4,1440,2,4,0.1717364417270032,0.9995142618815104,0.4555450439453125,4,0.1717364417270032,0.9995142618815104,59.96002664890073
part_005.mp4,1441,2,3,0.1740243243726015,0.999362055460612,0.4548504582157841,3,0.1740243243726015,0.999362055460612,59.96002664890073
part_005.mp4,1442,2,3,0.1737131814486929,0.999385897318522,0.4527447594536675,3,0.1737131814486929,0.999385897318522,59.96002664890073
part_005.mp4,1443,2,4,0.1736879494840805,0.9994900385538736,0.4533052938955801,4,0.1736879494840805,0.9994900385538736,59.96002664890073
part_005.mp4,1444,2,4,0.1759152535556091,0.999312210083008,0.4529096815321181,4,0.1759152535556091,0.999312210083008,59.96002664890073
part_005.mp4,1445,2,4,0.1763692406779295,0.9993057250976562,0.4513628641764323,4,0.1763692406779295,0.9993057250976562,59.96002664890073
part_005.mp4,1446,2,3,0.177201685677331,0.999090576171875,0.4515677134195963,3,0.177201685677331,0.999090576171875,59.96002664890073
part_005.mp4,1447,2,3,0.1776798050266774,0.9984657287597656,0.4504320215295862,3,0.1776798050266774,0.9984657287597656,59.96002664890073
part_005.mp4,1448,2,4,0.1693493409083641,0.983562723795573,0.4489870142053674,4,0.1693493409083641,0.983562723795573,59.96002664890073
part_005.mp4,1449,2,4,0.1656499401986366,0.975751495361328,0.4480239020453559,4,0.1656499401986366,0.975751495361328,59.96002664890073
part_005.mp4,1450,2,3,0.1600523619358541,0.9663042068481446,0.4471124860975477,3,0.1600523619358541,0.9663042068481446,59.96002664890073
part_005.mp4,1451,2,3,0.1548292157331458,0.9561531066894532,0.4443244227656611,3,0.1548292157331458,0.9561531066894532,59.96002664890073
part_005.mp4,1452,2,4,0.1502447357471316,0.9473104476928712,0.4424299734610098,4,0.1502447357471316,0.9473104476928712,59.96002664890073
part_005.mp4,1453,2,4,0.1460814048426174,0.9374578475952148,0.4441206190321181,4,0.1460814048426174,0.9374578475952148,59.96002664890073
part_005.mp4,1454,2,3,0.1397386801373634,0.9260143915812176,0.4420473169397425,3,0.1397386801373634,0.9260143915812176,59.96002664890073
part_005.mp4,1455,2,4,0.1365043970868336,0.918815803527832,0.4397966314245153,4,0.1365043970868336,0.918815803527832,59.96002664890073
part_005.mp4,1456,2,3,0.1337328001752838,0.9129091262817384,0.4391605235912181,3,0.1337328001752838,0.9129091262817384,59.96002664890073
part_005.mp4,1457,2,4,0.1313451437304562,0.9059540430704752,0.4345348358154297,4,0.1313451437304562,0.9059540430704752,59.96002664890073
part_005.mp4,1458,2,4,0.1290560161671421,0.9015928268432616,0.4349203886809172,4,0.1290560161671421,0.9015928268432616,59.96002664890073
part_005.mp4,1459,2,3,0.1259956881985245,0.895588493347168,0.4336651272243924,3,0.1259956881985245,0.895588493347168,59.96002664890073
part_005.mp4,1460,2,4,0.1231387972670289,0.890811030069987,0.4331390663429543,4,0.1231387972670289,0.890811030069987,59.96002664890073
part_005.mp4,1461,2,5,0.1200029703512377,0.8848861694335938,0.432687900684498,5,0.1200029703512377,0.8848861694335938,59.96002664890073
part_005.mp4,1462,2,4,0.1149904318680691,0.8761824289957683,0.4317636419225622,4,0.1149904318680691,0.8761824289957683,59.96002664890073
part_005.mp4,1463,2,4,0.1132453159194038,0.8720289866129557,0.4281633730287905,4,0.1132453159194038,0.8720289866129557,59.96002664890073
part_005.mp4,1464,2,3,0.1101085335415754,0.8666870752970378,0.429208755493164,3,0.1101085335415754,0.8666870752970378,59.96002664890073
part_005.mp4,1465,2,3,0.107506088931674,0.8630781809488932,0.4273925216109664,3,0.107506088931674,0.8630781809488932,59.96002664890073
part_005.mp4,1466,2,3,0.1043544829931802,0.860689926147461,0.413192946822555,3,0.1043544829931802,0.860689926147461,59.96002664890073
part_005.mp4,1467,2,4,0.1016602245031067,0.859322992960612,0.4015146326135706,4,0.1016602245031067,0.859322992960612,59.96002664890073
part_005.mp4,1468,2,5,0.0952254907651944,0.852008056640625,0.3852385768183955,5,0.0952254907651944,0.852008056640625,59.96002664890073
part_005.mp4,1469,2,6,0.0916552844606081,0.8484695434570313,0.3737539785879629,5,0.0916552844606081,0.8484695434570313,59.96002664890073
part_005.mp4,1470,2,5,0.0889069704397115,0.8465694427490235,0.3684302012125651,4,0.0889069704397115,0.8465694427490235,59.96002664890073
part_005.mp4,1471,2,6,0.0871078743636184,0.8423988342285156,0.363361174971969,5,0.0871078743636184,0.8423988342285156,59.96002664890073
part_005.mp4,1472,2,7,0.0838739222585475,0.841862678527832,0.3486210293240017,6,0.0838739222585475,0.841862678527832,59.96002664890073
part_005.mp4,1473,2,5,0.0779976765067014,0.8386065165201823,0.3204176443594473,4,0.0779976765067014,0.8386065165201823,59.96002664890073
part_005.mp4,1474,2,6,0.0753383933607822,0.8358084360758463,0.3096072514851888,5,0.0753383933607822,0.8358084360758463,59.96002664890073
part_005.mp4,1475,2,6,0.0734294896123174,0.8355379104614258,0.2974111062509042,5,0.0734294896123174,0.8355379104614258,59.96002664890073
part_005.mp4,1476,2,6,0.0706346564333782,0.8349482218424479,0.2794847276475694,5,0.0706346564333782,0.8349482218424479,59.96002664890073
part_005.mp4,1477,2,5,0.0660208375409759,0.8313584009806315,0.2609446348967376,4,0.0660208375409759,0.8313584009806315,59.96002664890073
part_005.mp4,1478,2,6,0.0661418280111953,0.9983070373535156,0.7889006579363788,5,0.0647963776588666,0.8288357416788737,59.96002664890073
part_005.mp4,1479,2,5,0.070135105609069,0.998019790649414,0.780872415613245,4,0.0595446222798394,0.8226311365763347,59.96002664890073
part_005.mp4,1480,2,6,0.0744396823808225,1.0,0.7731290817260742,5,0.0558092625769297,0.8177790323893229,59.96002664890073
part_005.mp4,1481,2,5,0.0797740467138359,1.0,0.7590527145950883,4,0.0577779307022865,0.8162736892700195,59.96002664890073
part_005.mp4,1482,2,5,0.0839102881826935,1.0,0.7491112815009223,4,0.0563102505612079,0.8140121459960937,59.96002664890073
part_005.mp4,1483,2,5,0.0869535475571023,0.9988204956054688,0.7423625663474754,4,0.0523149663371872,0.8105646769205729,59.96002664890073
part_005.mp4,1484,2,5,0.0904679816955306,0.9987937927246092,0.7322926415337456,4,0.0496294396741651,0.8079306284586588,59.96002664890073
part_005.mp4,1485,2,5,0.0941959392857825,0.9987282435099284,0.7220238155788845,4,0.0464253835890472,0.8064002990722656,59.96002664890073
part_005.mp4,1486,2,5,0.0976992218106736,0.998740005493164,0.7141784244113498,4,0.0457531509041372,0.8065328598022461,59.96002664890073
part_005.mp4,1487,2,5,0.099957380975122,0.9989632288614908,0.7043129179212783,4,0.0460219643815772,0.8024126052856445,59.96002664890073
part_005.mp4,1488,2,5,0.1035991279503354,0.9987438201904296,0.6956743169713904,4,0.0436547631997058,0.7990843454996744,59.96002664890073
part_005.mp4,1489,2,5,0.1055318881591989,0.9961222330729168,0.6844597710503473,4,0.0436497382258595,0.7999826431274414,59.96002664890073
part_005.mp4,1490,2,6,0.1069644211754873,0.9925817489624024,0.6787721492626049,5,0.0447665062067756,0.799559211730957,59.96002664890073
part_005.mp4,1491,2,5,0.1111958581541936,0.9958063125610352,0.6702194107903374,4,0.0436656476177395,0.7979434967041016,59.96002664890073
part_005.mp4,1492,2,6,0.1128610538779887,0.99677791595459,0.6676471851490162,5,0.0434202113517299,0.7983489990234375,59.96002664890073
part_005.mp4,1493,2,5,0.115636786745963,0.9961485544840496,0.6591662512885199,4,0.0407482665321731,0.7927270889282226,59.96002664890073
part_005.mp4,1494,2,6,0.1167885678890807,0.9945066452026368,0.6568683200412326,5,0.0398967964043765,0.7909805297851562,59.96002664890073
part_005.mp4,1495,2,6,0.1180781931004242,0.993609619140625,0.6487556492840802,5,0.0313636609128055,0.7878524780273437,59.96002664890073
part_005.mp4,1496,2,4,0.1214523445230292,0.9947603225708008,0.6428136189778646,3,0.0293215671495353,0.7839517593383789,59.96002664890073
part_005.mp4,1497,2,4,0.1234290933026932,0.9939123153686524,0.6340230305989584,3,0.0294245523332695,0.7830720901489258,59.96002664890073
part_005.mp4,1498,2,4,0.125855674707957,0.9951763153076172,0.6293585035536025,3,0.0288694070391719,0.7830358505249023,59.96002664890073
part_005.mp4,1499,2,4,0.1284893906482547,0.9946418762207032,0.6228914048936632,3,0.0281298744513898,0.78038330078125,59.96002664890073
part_005.mp4,1500,2,5,0.1304626032958428,0.9950626373291016,0.6196465386284722,4,0.0277074019395028,0.7804943720499674,59.96002664890073
part_005.mp4,1501,2,5,0.1310697187238838,0.9927982966105144,0.6116105821397569,4,0.0263534161491649,0.7782747904459636,59.96002664890073
part_005.mp4,1502,2,4,0.1323650505973233,0.9943876266479492,0.6080256144205729,3,0.0248504653144958,0.7777830123901367,59.96002664890073
part_005.mp4,1503,2,4,0.134315994303971,0.9949251174926758,0.604239993625217,3,0.0242657172850068,0.7772087097167969,59.96002664890073
part_005.mp4,1504,2,6,0.1366806434158206,0.9952781677246094,0.5974984204327619,6,0.1366806434158206,0.9952781677246094,59.96002664890073
part_005.mp4,1505,2,6,0.1384678301644615,0.9954408645629884,0.5917077806260851,6,0.1384678301644615,0.9954408645629884,59.96002664890073
part_005.mp4,1506,2,6,0.1411721661447087,0.9954097747802736,0.5843647850884331,6,0.1411721661447087,0.9954097747802736,59.96002664890073
part_005.mp4,1507,2,7,0.143367591759371,0.9958605448404948,0.5771711561414931,7,0.143367591759371,0.9958605448404948,59.96002664890073
part_005.mp4,1508,2,5,0.1456340298476182,0.9966552734375,0.5728509691026475,5,0.1456340298476182,0.9966552734375,59.96002664890073
part_005.mp4,1509,2,5,0.1466578645823136,0.9959030151367188,0.5689119268346716,4,0.1466578645823136,0.9959030151367188,59.96002664890073
part_005.mp4,1510,2,5,0.1499359704845119,0.9965576171875,0.5599977281358507,5,0.1499359704845119,0.9965576171875,59.96002664890073
part_005.mp4,1511,2,6,0.1509721258235448,0.99725341796875,0.5568990071614583,5,0.1509721258235448,0.99725341796875,59.96002664890073
part_005.mp4,1512,2,5,0.1501495640922605,0.997187614440918,0.558698668303313,5,0.1501495640922605,0.997187614440918,59.96002664890073
part_005.mp4,1513,2,5,0.1535136189536489,0.997958246866862,0.5522865860550492,4,0.1535136189536489,0.997958246866862,59.96002664890073
part_005.mp4,1514,2,4,0.1566903285861675,0.999094009399414,0.5429171244303386,4,0.1566903285861675,0.999094009399414,59.96002664890073
part_005.mp4,1515,2,3,0.1554361017395125,0.9992002487182616,0.5443595603660301,3,0.1554361017395125,0.9992002487182616,59.96002664890073
part_005.mp4,1516,2,4,0.1566154792721499,0.9989223480224608,0.5394975450303819,4,0.1566154792721499,0.9989223480224608,59.96002664890073
part_005.mp4,1517,2,3,0.1574926276980841,0.9988685607910156,0.536175212153682,3,0.1574926276980841,0.9988685607910156,59.96002664890073
part_005.mp4,1518,2,4,0.1591755400586407,0.9993061065673828,0.5316975911458334,4,0.1591755400586407,0.9993061065673828,59.96002664890073
part_005.mp4,1519,2,4,0.1592749813214242,0.9992733001708984,0.5304335700141058,4,0.1592749813214242,0.9992733001708984,59.96002664890073
part_005.mp4,1520,2,5,0.1609320973260522,0.9992159525553386,0.5267725626627604,5,0.1609320973260522,0.9992159525553386,59.96002664890073
part_005.mp4,1521,2,3,0.1623222267954837,0.9988454818725586,0.5224062743010345,3,0.1623222267954837,0.9988454818725586,59.96002664890073
part_005.mp4,1522,2,3,0.1629363649815139,0.9992168426513672,0.5215719434950087,3,0.1629363649815139,0.9992168426513672,59.96002664890073
part_005.mp4,1523,2,3,0.163497606596599,0.9995006561279296,0.5190433078342014,3,0.163497606596599,0.9995006561279296,59.96002664890073
part_005.mp4,1524,2,3,0.1654768257595963,0.9994447708129884,0.5150142387107567,3,0.1654768257595963,0.9994447708129884,59.96002664890073
part_005.mp4,1525,2,3,0.1666658138692124,0.999159812927246,0.5121322631835937,3,0.1666658138692124,0.999159812927246,59.96002664890073
part_005.mp4,1526,2,3,0.1679473224328777,0.9991324106852214,0.5076606891773365,3,0.1679473224328777,0.9991324106852214,59.96002664890073
part_005.mp4,1527,2,3,0.1674605057080043,0.995680300394694,0.5031124821415653,3,0.1674605057080043,0.995680300394694,59.96002664890073
part_005.mp4,1528,2,3,0.1652969487628514,0.9867298126220704,0.4988287607828776,3,0.1652969487628514,0.9867298126220704,59.96002664890073
part_005.mp4,1529,2,5,0.1632233009295305,0.9827808380126952,0.4974678039550781,4,0.1632233009295305,0.9827808380126952,59.96002664890073
part_005.mp4,1530,2,4,0.1575900064852504,0.9693112055460612,0.4952040919551143,3,0.1575900064852504,0.9693112055460612,59.96002664890073
part_005.mp4,1531,2,4,0.151903230736813,0.9584096908569336,0.4948671552870008,3,0.151903230736813,0.9584096908569336,59.96002664890073
part_005.mp4,1532,2,4,0.1491886460545033,0.9518051147460938,0.4926725599500868,3,0.1491886460545033,0.9518051147460938,59.96002664890073
part_005.mp4,1533,2,5,0.1480502776196711,0.9482929865519206,0.4890480041503906,4,0.1480502776196711,0.9482929865519206,59.96002664890073
part_005.mp4,1534,2,5,0.1489526152975546,0.9482784907023112,0.4843043009440104,4,0.1489526152975546,0.9482784907023112,59.96002664890073
part_005.mp4,1535,2,5,0.1437097002957792,0.9355182647705078,0.4782304551866319,3,0.1437097002957792,0.9355182647705078,59.96002664890073
part_005.mp4,1536,2,5,0.1401092251193606,0.9280174255371094,0.4758580525716145,3,0.1401092251193606,0.9280174255371094,59.96002664890073
part_005.mp4,1537,2,5,0.137193381274949,0.9213306427001952,0.4737200136537905,3,0.137193381274949,0.9213306427001952,59.96002664890073
part_005.mp4,1538,2,4,0.1341349089855794,0.9152904510498048,0.4717269897460937,3,0.1341349089855794,0.9152904510498048,59.96002664890073
part_005.mp4,1539,2,6,0.128816517717955,0.90520445505778,0.4699759448016131,4,0.128816517717955,0.90520445505778,59.96002664890073
part_005.mp4,1540,2,7,0.1274783796967919,0.9012161254882812,0.4675704532199435,5,0.1274783796967919,0.9012161254882812,59.96002664890073
part_005.mp4,1541,2,8,0.1284640446651287,0.8996555964152019,0.4615234233714916,6,0.1284640446651287,0.8996555964152019,59.96002664890073
part_005.mp4,1542,2,7,0.1249899781674923,0.8911059061686198,0.4586230666549117,5,0.1249899781674923,0.8911059061686198,59.96002664890073
part_005.mp4,1543,2,5,0.1217493478834782,0.8850709915161132,0.4571767312509042,3,0.1217493478834782,0.8850709915161132,59.96002664890073
part_005.mp4,1544,2,5,0.1167867718227595,0.8774679183959961,0.4554202609592014,3,0.1167867718227595,0.8774679183959961,59.96002664890073
part_005.mp4,1545,2,6,0.1156292866523937,0.8745580673217773,0.4503916846381293,4,0.1156292866523937,0.8745580673217773,59.96002664890073
part_005.mp4,1546,2,5,0.1132583884945294,0.8706539154052735,0.4483794883445457,4,0.1132583884945294,0.8706539154052735,59.96002664890073
part_005.mp4,1547,2,4,0.1110593579594794,0.8679464340209961,0.4408231240731698,3,0.1110593579594794,0.8679464340209961,59.96002664890073
part_005.mp4,1548,2,5,0.109724185919215,0.8636043548583985,0.443107110482675,3,0.109724185919215,0.8636043548583985,59.96002664890073
part_005.mp4,1549,2,4,0.1054868028765701,0.8610078811645507,0.424049405698423,3,0.1054868028765701,0.8610078811645507,59.96002664890073
part_005.mp4,1550,2,4,0.1046508007993462,0.8557195663452148,0.4301200301558883,3,0.1046508007993462,0.8557195663452148,59.96002664890073
part_005.mp4,1551,2,6,0.1015823882170284,0.8549432754516602,0.4095211170337818,3,0.1015823882170284,0.8549432754516602,59.96002664890073
part_005.mp4,1552,2,6,0.1000969250046398,0.8523813247680664,0.4017397421377676,3,0.1000969250046398,0.8523813247680664,59.96002664890073
part_005.mp4,1553,2,5,0.0935620101395977,0.8506895701090494,0.3703301747639974,2,0.0935620101395977,0.8506895701090494,59.96002664890073
part_005.mp4,1554,2,4,0.08920206280395,0.8490975062052409,0.3454096758807147,2,0.08920206280395,0.8490975062052409,59.96002664890073
part_005.mp4,1555,2,6,0.0799693280300642,0.8434055328369141,0.3087900938811125,4,0.0799693280300642,0.8434055328369141,59.96002664890073
part_005.mp4,1556,2,6,0.0788261383806048,0.8415760040283203,0.305677823667173,4,0.0788261383806048,0.8415760040283203,59.96002664890073
part_005.mp4,1557,2,4,0.0747713347886908,0.839533805847168,0.2869010925292968,2,0.0747713347886908,0.839533805847168,59.96002664890073
part_005.mp4,1558,2,4,0.0720583406940092,0.8356300354003906,0.2725021221019603,2,0.0720583406940092,0.8356300354003906,59.96002664890073
part_005.mp4,1559,2,4,0.0694388986288686,0.83065185546875,0.2624821980794271,2,0.0694388986288686,0.83065185546875,59.96002664890073
part_005.mp4,1560,2,5,0.0690289993886835,0.8312667846679688,0.2511986626519097,3,0.0690289993886835,0.8312667846679688,59.96002664890073
part_005.mp4,1561,2,4,0.0673730339101166,0.8305479685465494,0.2397703665274161,2,0.0673730339101166,0.8305479685465494,59.96002664890073
part_005.mp4,1562,2,4,0.0701212651698679,0.9989885330200196,0.7439807185420284,2,0.0641640116911461,0.8264740626017253,59.96002664890073
part_005.mp4,1563,2,4,0.0758044670512996,0.9995363871256512,0.7302304161919488,3,0.0622891789357634,0.8273420333862305,59.96002664890073
part_005.mp4,1564,2,3,0.0802351214156765,0.9995203018188475,0.7191316604614257,2,0.0598765024416476,0.8241135279337565,59.96002664890073
part_005.mp4,1565,2,3,0.0841897628151114,0.999256706237793,0.7072522516603823,2,0.0570780353109391,0.8209351221720378,59.96002664890073
part_005.mp4,1566,2,3,0.0864236333418193,0.99933230082194,0.6957767804463705,2,0.0563417948993446,0.8194058100382487,59.96002664890073
part_005.mp4,1567,2,5,0.0886948429722704,0.9994916915893556,0.6844360987345378,4,0.0541636626086795,0.817138671875,59.96002664890073
part_005.mp4,1568,2,4,0.0914479133953136,0.9994638442993165,0.6751217736138238,3,0.0520435172552404,0.8149169921875,59.96002664890073
part_005.mp4,1569,2,3,0.0945181119565192,0.9994922637939452,0.6670247819688585,2,0.0513797524324575,0.8152490615844726,59.96002664890073
part_005.mp4,1570,2,3,0.0978313333230633,0.9993942260742188,0.6572403695848253,2,0.0493482566169153,0.8115758895874023,59.96002664890073
part_005.mp4,1571,2,3,0.1008763041917619,0.9993851343790692,0.6492935604519314,2,0.0492181022475792,0.8110383987426758,59.96002664890073
part_005.mp4,1572,2,4,0.1052457228680012,0.999208132425944,0.6369361594871238,3,0.0470697847176375,0.8078113555908203,59.96002664890073
part_005.mp4,1573,2,4,0.1067876372323371,0.9990514755249024,0.6310083177354601,3,0.0451471611057705,0.8051170349121094,59.96002664890073
part_005.mp4,1574,2,4,0.1092981389287618,0.998936653137207,0.6237120027895326,3,0.0438112048192214,0.8053013483683268,59.96002664890073
part_005.mp4,1575,2,3,0.1125973541726125,0.9992491404215494,0.614304436577691,2,0.0426741080447876,0.8038751602172851,59.96002664890073
part_005.mp4,1576,2,3,0.1149954239360603,0.9991886774698894,0.6069904044822411,2,0.0419347424128877,0.8023994445800782,59.96002664890073
part_005.mp4,1577,2,3,0.1184755600426774,0.9993770599365236,0.5963628274423105,3,0.1184755600426774,0.9993770599365236,59.96002664890073
part_005.mp4,1578,2,3,0.1209710899920739,0.9994904200236002,0.5905655754937066,3,0.1209710899920739,0.9994904200236002,59.96002664890073
part_005.mp4,1579,2,3,0.1230799104886439,0.9995884577433268,0.5860609266493055,3,0.1230799104886439,0.9995884577433268,59.96002664890073
part_005.mp4,1580,2,3,0.1258624138879369,0.9996547698974608,0.5794524298773871,3,0.1258624138879369,0.9996547698974608,59.96002664890073
part_005.mp4,1581,2,3,0.1278930911108586,0.9997048060099284,0.5710875617133246,3,0.1278930911108586,0.9997048060099284,59.96002664890073
part_005.mp4,1582,2,3,0.1304897372054013,0.9997026443481444,0.5643139309353299,3,0.1304897372054013,0.9997026443481444,59.96002664890073
part_005.mp4,1583,2,3,0.1326191919711763,0.9998016993204752,0.5578704975269458,3,0.1326191919711763,0.9998016993204752,59.96002664890073
part_005.mp4,1584,2,3,0.1356807197819903,0.999632453918457,0.5484107264765987,3,0.1356807197819903,0.999632453918457,59.96002664890073
part_005.mp4,1585,2,3,0.1378897574989618,0.9993928909301758,0.5439237947817201,3,0.1378897574989618,0.9993928909301758,59.96002664890073
part_005.mp4,1586,2,3,0.1397481648751838,0.9997398376464844,0.5386648531313296,3,0.1397481648751838,0.9997398376464844,59.96002664890073
part_005.mp4,1587,2,3,0.1411695356097334,0.9997407913208008,0.5312004513210721,3,0.1411695356097334,0.9997407913208008,59.96002664890073
part_005.mp4,1588,2,3,0.1452801943219297,0.99943904876709,0.5215382611310041,3,0.1452801943219297,0.99943904876709,59.96002664890073
part_005.mp4,1589,2,3,0.1450740892598535,0.9996368408203123,0.5219623141818577,3,0.1450740892598535,0.9996368408203123,59.96002664890073
part_005.mp4,1590,2,3,0.1481168014855939,0.9996514002482096,0.5156191084120009,3,0.1481168014855939,0.9996514002482096,59.96002664890073
part_005.mp4,1591,2,3,0.1495433959072451,0.9994694391886392,0.5106049149124711,3,0.1495433959072451,0.9994694391886392,59.96002664890073
part_005.mp4,1592,2,3,0.1526309023639543,0.999467086791992,0.5056772020128039,3,0.1526309023639543,0.999467086791992,59.96002664890073
part_005.mp4,1593,2,3,0.1535277323146174,0.9994818369547526,0.5021774574562355,3,0.1535277323146174,0.9994818369547526,59.96002664890073
part_005.mp4,1594,2,3,0.1547758320369757,0.9995155334472656,0.4969028049045139,3,0.1547758320369757,0.9995155334472656,59.96002664890073
part_005.mp4,1595,2,3,0.1556848547688558,0.9995935440063476,0.4936116819028501,3,0.1556848547688558,0.9995935440063476,59.96002664890073
part_005.mp4,1596,2,3,0.1571411927851538,0.99962526957194,0.4891883002387153,3,0.1571411927851538,0.99962526957194,59.96002664890073
part_005.mp4,1597,2,3,0.1593624228570843,0.9996582667032876,0.4837883843315972,3,0.1593624228570843,0.9996582667032876,59.96002664890073
part_005.mp4,1598,2,4,0.1602514687514252,0.999616813659668,0.4809733779342086,4,0.1602514687514252,0.999616813659668,59.96002664890073
part_005.mp4,1599,2,3,0.1617048844832445,0.9994904200236002,0.4769445207383898,3,0.1617048844832445,0.9994904200236002,59.96002664890073
part_005.mp4,1600,2,3,0.1634114299337185,0.999517822265625,0.4728373633490668,3,0.1634114299337185,0.999517822265625,59.96002664890073
part_005.mp4,1601,2,3,0.1643736628731023,0.9995571136474608,0.4669441505714699,3,0.1643736628731023,0.9995571136474608,59.96002664890073
part_005.mp4,1602,2,3,0.1657547400839394,0.9994230270385742,0.4631691261574074,3,0.1657547400839394,0.9994230270385742,59.96002664890073
part_005.mp4,1603,2,5,0.1682537196660547,0.999443244934082,0.4565012896502459,5,0.1682537196660547,0.999443244934082,59.96002664890073
part_005.mp4,1604,2,3,0.169836654147366,0.9996089935302734,0.4544255574544271,3,0.169836654147366,0.9996089935302734,59.96002664890073
part_005.mp4,1605,2,3,0.1698582438265697,0.9997234344482422,0.4534916630497685,3,0.1698582438265697,0.9997234344482422,59.96002664890073
part_005.mp4,1606,2,3,0.1710411061575481,0.9997291564941406,0.4515847947862413,3,0.1710411061575481,0.9997291564941406,59.96002664890073
part_005.mp4,1607,2,3,0.169995420550824,0.9966797510782878,0.4498680962456597,3,0.169995420550824,0.9966797510782878,59.96002664890073
part_005.mp4,1608,2,3,0.1718726931915282,0.9993419647216796,0.4485688951280382,3,0.1718726931915282,0.9993419647216796,59.96002664890073
part_005.mp4,1609,2,3,0.1735318586459228,0.9990718841552736,0.4433736165364583,3,0.1735318586459228,0.9990718841552736,59.96002664890073
part_005.mp4,1610,2,3,0.174073261011961,0.998371124267578,0.4382249620225694,3,0.174073261011961,0.998371124267578,59.96002664890073
part_005.mp4,1611,2,3,0.1704611753756115,0.9900007247924804,0.4341141877350983,3,0.1704611753756115,0.9900007247924804,59.96002664890073
part_005.mp4,1612,2,3,0.1559232022459432,0.963824462890625,0.4304343894675926,3,0.1559232022459432,0.963824462890625,59.96002664890073
part_005.mp4,1613,2,3,0.1550822343629081,0.9606124877929688,0.4275709646719473,3,0.1550822343629081,0.9606124877929688,59.96002664890073
part_005.mp4,1614,2,3,0.1488812064649957,0.94825496673584,0.4250499725341797,3,0.1488812064649957,0.94825496673584,59.96002664890073
part_005.mp4,1615,2,3,0.1457626076462528,0.9422319412231446,0.4220432564064308,3,0.1457626076462528,0.9422319412231446,59.96002664890073
part_005.mp4,1616,2,3,0.1408459187620933,0.9335943857828776,0.421524175008138,3,0.1408459187620933,0.9335943857828776,59.96002664890073
part_005.mp4,1617,2,3,0.1381696484691929,0.927127456665039,0.4145217895507812,3,0.1381696484691929,0.927127456665039,59.96002664890073
part_005.mp4,1618,2,4,0.134487730237572,0.9206693649291992,0.4140623869719328,4,0.134487730237572,0.9206693649291992,59.96002664890073
part_005.mp4,1619,2,4,0.1295785095498798,0.9151291529337564,0.4021348176179108,4,0.1295785095498798,0.9151291529337564,59.96002664890073
part_005.mp4,1620,0,4,0.123591312761052,0.9111359278361004,0.3843680770308883,4,0.123591312761052,0.9111359278361004,59.96002664890073
part_005.mp4,1621,0,4,0.1187437449347635,0.906149164835612,0.3661665598551432,4,0.1187437449347635,0.906149164835612,59.96002664890073
part_005.mp4,1622,0,4,0.1140289208318103,0.9033525466918946,0.3523605841177481,4,0.1140289208318103,0.9033525466918946,59.96002664890073
part_005.mp4,1623,0,4,0.1100724161242639,0.900893211364746,0.3362066763418692,4,0.1100724161242639,0.900893211364746,59.96002664890073
part_005.mp4,1624,0,4,0.1035763770427648,0.8949209849039713,0.3220385657416449,4,0.1035763770427648,0.8949209849039713,59.96002664890073
part_005.mp4,1625,0,4,0.0992028441321518,0.8880051294962565,0.3079271104600694,4,0.0992028441321518,0.8880051294962565,59.96002664890073
part_005.mp4,1626,0,4,0.094525369398717,0.882630729675293,0.2951144960191514,4,0.094525369398717,0.882630729675293,59.96002664890073
part_005.mp4,1627,0,3,0.0907878930442278,0.8769077936808268,0.2811050556324146,3,0.0907878930442278,0.8769077936808268,59.96002664890073
part_005.mp4,1628,0,3,0.0866565398166939,0.8729284286499024,0.2678650467484085,3,0.0866565398166939,0.8729284286499024,59.96002664890073
part_005.mp4,1629,0,3,0.0826644967094223,0.8691055933634441,0.257323823151765,3,0.0826644967094223,0.8691055933634441,59.96002664890073
part_005.mp4,1630,0,4,0.0802963960944584,0.8669060389200847,0.2424097696940104,4,0.0802963960944584,0.8669060389200847,59.96002664890073
part_005.mp4,1631,0,4,0.077259723538397,0.8625027338663737,0.2316690374303747,4,0.077259723538397,0.8625027338663737,59.96002664890073
part_005.mp4,1632,0,3,0.0745099929124747,0.8603544235229492,0.220196066962348,3,0.0745099929124747,0.8603544235229492,59.96002664890073
part_005.mp4,1633,0,3,0.071955935689653,0.8560522079467774,0.2112150686758536,3,0.071955935689653,0.8560522079467774,59.96002664890073
part_005.mp4,1634,0,3,0.0708328220449326,0.8553927103678386,0.198282637419524,3,0.0708328220449326,0.8553927103678386,59.96002664890073
part_005.mp4,1635,0,3,0.0675930745478641,0.8522073745727539,0.1916797779224537,3,0.0675930745478641,0.8522073745727539,59.96002664890073
part_005.mp4,1636,0,3,0.0675861407639766,0.8534795761108398,0.1821823543972439,3,0.0675861407639766,0.8534795761108398,59.96002664890073
part_005.mp4,1637,0,4,0.0654279453519578,0.852110481262207,0.1705783702709056,4,0.0654279453519578,0.852110481262207,59.96002664890073
part_005.mp4,1638,0,4,0.0622953144786017,0.8477832794189453,0.1579137731481481,4,0.0622953144786017,0.8477832794189453,59.96002664890073
part_005.mp4,1639,0,4,0.0597487256966996,0.8403393427530924,0.1492279900444878,4,0.0597487256966996,0.8403393427530924,59.96002664890073
part_005.mp4,1640,0,4,0.0600952743980451,0.8416694641113281,0.1378178066677517,3,0.0600952743980451,0.8416694641113281,59.96002664890073
part_005.mp4,1641,0,3,0.058119483756767,0.8373983383178711,0.133426609745732,3,0.058119483756767,0.8373983383178711,59.96002664890073
part_005.mp4,1642,0,4,0.0576407130142292,0.8378463745117187,0.1213793436686197,3,0.0576407130142292,0.8378463745117187,59.96002664890073
part_005.mp4,1643,0,4,0.0542812455943526,0.8310155868530273,0.1141974555121527,3,0.0542812455943526,0.8310155868530273,59.96002664890073
part_005.mp4,1644,0,4,0.0543430303468334,0.8311365763346354,0.1061394585503472,3,0.0543430303468334,0.8311365763346354,59.96002664890073
part_005.mp4,1645,0,4,0.052750575558457,0.8299029032389323,0.0980578952365451,3,0.052750575558457,0.8299029032389323,59.96002664890073
part_005.mp4,1646,0,4,0.0512413134542293,0.827757453918457,0.0919764765986689,3,0.0512413134542293,0.827757453918457,59.96002664890073
part_005.mp4,1647,0,4,0.0502496294262689,0.8259466171264649,0.0856692278826678,3,0.0502496294262689,0.8259466171264649,59.96002664890073
part_005.mp4,1648,0,5,0.0480410226103332,0.821505355834961,0.0796352810329861,4,0.0480410226103332,0.821505355834961,59.96002664890073
part_005.mp4,1649,0,5,0.0469139953978743,0.8209704081217448,0.0739948131419994,4,0.0469139953978743,0.8209704081217448,59.96002664890073
part_005.mp4,1650,0,5,0.0458460037641796,0.8200624465942383,0.066152106391059,4,0.0458460037641796,0.8200624465942383,59.96002664890073
part_005.mp4,1651,0,5,0.044637031757106,0.8177500406901042,0.0592397619176794,4,0.044637031757106,0.8177500406901042,59.96002664890073
part_005.mp4,1652,0,5,0.0432275852404051,0.8148647944132487,0.0546261257595486,4,0.0432275852404051,0.8148647944132487,59.96002664890073
part_005.mp4,1653,0,4,0.0419899276634721,0.8134037653605143,0.0481035868326822,4,0.0419899276634721,0.8134037653605143,59.96002664890073
part_005.mp4,1654,0,4,0.0413082902195229,0.8112677256266276,0.0411713494194878,4,0.0413082902195229,0.8112677256266276,59.96002664890073
part_005.mp4,1655,0,4,0.0401280045438842,0.8095094680786132,0.0359366522894965,4,0.0401280045438842,0.8095094680786132,59.96002664890073
part_005.mp4,1656,0,4,0.0390041898284215,0.8082468668619792,0.031643733271846,4,0.0390041898284215,0.8082468668619792,59.96002664890073
part_005.mp4,1657,0,4,0.0378729622417853,0.8065258026123047,0.0264651828342013,4,0.0378729622417853,0.8065258026123047,59.96002664890073
part_005.mp4,1658,0,4,0.037084044930234,0.8048383712768554,0.0212986416286892,4,0.037084044930234,0.8048383712768554,59.96002664890073
part_005.mp4,1659,0,5,0.0355046352991377,0.8040210723876953,0.0220903467248987,5,0.0355046352991377,0.8040210723876953,59.96002664890073
part_005.mp4,1660,0,5,0.0355510254533362,0.8029897689819336,0.0154415837040653,5,0.0355510254533362,0.8029897689819336,59.96002664890073
part_005.mp4,1661,0,3,0.0348645545222098,0.802142588297526,0.0168050130208333,3,0.0348645545222098,0.802142588297526,59.96002664890073
part_005.mp4,1662,0,3,0.0330676708572269,0.7992823282877605,0.0152173642758969,3,0.0330676708572269,0.7992823282877605,59.96002664890073
part_005.mp4,1663,0,3,0.032310632102536,0.7981180191040039,0.0083840546784577,3,0.032310632102536,0.7981180191040039,59.96002664890073
part_005.mp4,1664,0,3,0.0308731619378064,0.7945130030314128,0.0065710562246817,3,0.0308731619378064,0.7945130030314128,59.96002664890073
part_005.mp4,1665,0,4,0.0308397443261842,0.7935251871744792,0.0004666363751446,4,0.0308397443261842,0.7935251871744792,59.96002664890073
part_005.mp4,1666,0,3,0.0290483150851246,0.7918319702148438,0.0014693931297019,3,0.0290483150851246,0.7918319702148438,59.96002664890073
part_005.mp4,1667,0,4,0.0291916832355437,0.7914302825927735,0.0047711407696759,4,0.0291916832355437,0.7914302825927735,59.96002664890073
part_005.mp4,1668,0,4,0.028943496807737,0.7903994242350261,0.0135828653971354,4,0.028943496807737,0.7903994242350261,59.96002664890073
part_005.mp4,1669,0,4,0.0281641006993595,0.7890658060709635,0.0185904608832465,4,0.0281641006993595,0.7890658060709635,59.96002664890073
part_005.mp4,1670,0,4,0.0268177367643888,0.7876626968383789,0.018581955521195,4,0.0268177367643888,0.7876626968383789,59.96002664890073
part_005.mp4,1671,0,4,0.0263233038128668,0.7862836201985677,0.0237150404188368,4,0.0263233038128668,0.7862836201985677,59.96002664890073
part_005.mp4,1672,0,4,0.0261092049315144,0.7848297119140625,0.0311898125542534,4,0.0261092049315144,0.7848297119140625,59.96002664890073
part_005.mp4,1673,0,3,0.0256215761769756,0.7834425608317057,0.0323009914822048,3,0.0256215761769756,0.7834425608317057,59.96002664890073
part_005.mp4,1674,0,4,0.0253844812210472,0.7818128585815429,0.0335830688476562,4,0.0253844812210472,0.7818128585815429,59.96002664890073
part_005.mp4,1675,0,5,0.0245347433493912,0.7811400095621744,0.0350223117404513,5,0.0245347433493912,0.7811400095621744,59.96002664890073
part_005.mp4,1676,0,4,0.0247767015746999,0.7808035532633464,0.0321721112286603,4,0.0247767015746999,0.7808035532633464,59.96002664890073
part_005.mp4,1677,0,5,0.0241297116253473,0.7794597625732422,0.0398519727918836,5,0.0241297116253473,0.7794597625732422,59.96002664890073
part_005.mp4,1678,0,6,0.0231656953927422,0.7772382736206055,0.0486529597529658,6,0.0231656953927422,0.7772382736206055,59.96002664890073
part_005.mp4,1679,0,4,0.0223266104475758,0.7759258270263671,0.0536295290346498,4,0.0223266104475758,0.7759258270263671,59.96002664890073
part_005.mp4,1680,0,4,0.0216379733093425,0.7747945785522461,0.0602157310203269,4,0.0216379733093425,0.7747945785522461,59.96002664890073
part_005.mp4,1681,0,3,0.0212630833342188,0.7733492533365885,0.0632465503833912,3,0.0212630833342188,0.7733492533365885,59.96002664890073
part_005.mp4,1682,0,4,0.020656499068686,0.7723712921142578,0.0660258540400752,4,0.020656499068686,0.7723712921142578,59.96002664890073
part_005.mp4,1683,0,5,0.0204565928010614,0.7711681365966797,0.0683929443359375,5,0.0204565928010614,0.7711681365966797,59.96002664890073
part_005.mp4,1684,0,4,0.0197777485784091,0.7682016372680665,0.0737013075086805,4,0.0197777485784091,0.7682016372680665,59.96002664890073
part_005.mp4,1685,0,4,0.0194986905868076,0.7684296290079753,0.0762947647659866,4,0.0194986905868076,0.7684296290079753,59.96002664890073
part_005.mp4,1686,0,5,0.0194684303307008,0.767527961730957,0.0768212777596932,5,0.0194684303307008,0.767527961730957,59.96002664890073
part_005.mp4,1687,0,5,0.0192436000545664,0.7662210464477539,0.0807978877314814,5,0.0192436000545664,0.7662210464477539,59.96002664890073
part_005.mp4,1688,0,5,0.0189160951409333,0.764924685160319,0.0834457397460937,5,0.0189160951409333,0.764924685160319,59.96002664890073
part_005.mp4,1689,0,5,0.0186326153821331,0.7637784322102864,0.0848625183105468,5,0.0186326153821331,0.7637784322102864,59.96002664890073
part_005.mp4,1690,0,3,0.0183449841124874,0.762405268351237,0.0872134455928096,3,0.0183449841124874,0.762405268351237,59.96002664890073
part_005.mp4,1691,0,4,0.0180811862466389,0.7614121119181315,0.0893667998137297,4,0.0180811862466389,0.7614121119181315,59.96002664890073
part_005.mp4,1692,0,4,0.0180970445855119,0.7605110168457031,0.0901577137134693,4,0.0180970445855119,0.7605110168457031,59.96002664890073
part_005.mp4,1693,0,4,0.017535945281755,0.7604612986246745,0.0919754028320312,4,0.017535945281755,0.7604612986246745,59.96002664890073
part_005.mp4,1694,0,5,0.0170591743177727,0.7599380493164063,0.0922914010507089,5,0.0170591743177727,0.7599380493164063,59.96002664890073
part_005.mp4,1695,0,4,0.0169945654761977,0.7595266977945964,0.095658704969618,4,0.0169945654761977,0.7595266977945964,59.96002664890073
part_005.mp4,1696,0,5,0.0165854496241081,0.7586862564086914,0.0969780815972222,5,0.0165854496241081,0.7586862564086914,59.96002664890073
part_005.mp4,1697,0,7,0.0162474919367512,0.7577109018961589,0.1004569724754051,7,0.0162474919367512,0.7577109018961589,59.96002664890073
part_005.mp4,1698,0,7,0.0161530098797811,0.7565233866373698,0.1062860842104311,7,0.0161530098797811,0.7565233866373698,59.96002664890073
part_005.mp4,1699,0,6,0.0162337213270883,0.7562274932861328,0.1084523518880208,6,0.0162337213270883,0.7562274932861328,59.96002664890073
part_005.mp4,1700,0,5,0.0158304895639055,0.755529276529948,0.1075891847963686,5,0.0158304895639055,0.755529276529948,59.96002664890073
part_005.mp4,1701,0,5,0.0154640541422913,0.7546744028727214,0.1079793011700665,5,0.0154640541422913,0.7546744028727214,59.96002664890073
part_005.mp4,1702,0,6,0.0153427879217391,0.753482437133789,0.1095272488064236,5,0.0153427879217391,0.753482437133789,59.96002664890073
part_005.mp4,1703,0,5,0.0150985982539786,0.7524852116902669,0.1094292252152054,5,0.0150985982539786,0.7524852116902669,59.96002664890073
part_005.mp4,1704,0,4,0.0151229749310166,0.7519495010375976,0.1122972276475694,4,0.0151229749310166,0.7519495010375976,59.96002664890073
part_005.mp4,1705,0,4,0.0147964109985494,0.7509336471557617,0.1138178507486979,4,0.0147964109985494,0.7509336471557617,59.96002664890073
part_005.mp4,1706,0,4,0.0144804487871793,0.7490350723266601,0.1175762317798755,4,0.0144804487871793,0.7490350723266601,59.96002664890073
part_005.mp4,1707,0,4,0.0142410874590428,0.7486803690592448,0.118170674641927,4,0.0142410874590428,0.7486803690592448,59.96002664890073
part_005.mp4,1708,0,4,0.0137673812992741,0.7477560043334961,0.12090739497432,4,0.0137673812992741,0.7477560043334961,59.96002664890073
part_005.mp4,1709,0,4,0.0133029431773365,0.7468822479248047,0.1202119332772714,4,0.0133029431773365,0.7468822479248047,59.96002664890073
part_005.mp4,1710,0,3,0.013037575741085,0.7463800430297851,0.1212477789984809,3,0.013037575741085,0.7463800430297851,59.96002664890073
part_005.mp4,1711,0,4,0.0128614143270102,0.7459353129069011,0.1245864303023726,4,0.0128614143270102,0.7459353129069011,59.96002664890073
part_005.mp4,1712,0,3,0.012843610565081,0.7448205312093099,0.126771319354022,3,0.012843610565081,0.7448205312093099,59.96002664890073
part_005.mp4,1713,0,3,0.0127558874654156,0.744182014465332,0.1275069060149016,3,0.0127558874654156,0.744182014465332,59.96002664890073
part_005.mp4,1714,0,3,0.0137518549218657,0.7432907104492188,0.1429512871636284,3,0.0137518549218657,0.7432907104492188,59.96002664890073
part_005.mp4,1715,0,2,0.0132244698887613,0.7429817199707032,0.1396128336588541,2,0.0132244698887613,0.7429817199707032,59.96002664890073
part_005.mp4,1716,0,2,0.0125048535173603,0.7382829666137696,0.1726403130425347,2,0.0125048535173603,0.7424524943033854,59.96002664890073
part_005.mp4,1717,0,3,0.0127048207769015,0.7379566192626953,0.1736558702256944,3,0.0127048207769015,0.7423212051391601,59.96002664890073
part_005.mp4,1718,0,3,0.0127633081243986,0.7387918472290039,0.1781841984501591,3,0.0127633081243986,0.741920280456543,59.96002664890073
part_005.mp4,1719,0,2,0.0126598160370378,0.7381429672241211,0.1799935517487702,2,0.0126598160370378,0.741230583190918,59.96002664890073
part_005.mp4,1720,0,2,0.0128359944382603,0.7385868072509766,0.1816529733163339,2,0.0128359944382603,0.740141232808431,59.96002664890073
part_005.mp4,1721,0,2,0.0129395974894362,0.7385059356689453,0.1860966717755353,2,0.0129395974894362,0.7385059356689453,59.96002664890073
part_005.mp4,1722,0,2,0.0131451524120401,0.7382694880167643,0.1871283919722945,2,0.0131451524120401,0.7382694880167643,59.96002664890073
part_005.mp4,1723,0,3,0.0132384322031888,0.7383781433105469,0.189282876473886,3,0.0132384322031888,0.7383781433105469,59.96002664890073
part_005.mp4,1724,0,3,0.01342799021054,0.738716189066569,0.1903062891077112,3,0.01342799021054,0.738716189066569,59.96002664890073
part_005.mp4,1725,0,2,0.0136288155465283,0.7386595408121744,0.1909907588252314,2,0.0136288155465283,0.7386595408121744,59.96002664890073
part_005.mp4,1726,0,2,0.0135202066360377,0.7383316040039063,0.1969455577709056,2,0.0135202066360377,0.7383316040039063,59.96002664890073
part_005.mp4,1727,0,2,0.0136227714531479,0.7384910583496094,0.1991706848144531,2,0.0136227714531479,0.7384910583496094,59.96002664890073
part_005.mp4,1728,0,3,0.0136491892129049,0.7384292602539062,0.1968596846969039,3,0.0136491892129049,0.7384292602539062,59.96002664890073
part_005.mp4,1729,0,4,0.0136022084207743,0.7384866714477539,0.2023986533836082,4,0.0136022084207743,0.7384866714477539,59.96002664890073
part_005.mp4,1730,0,4,0.01363799910171,0.7379093805948893,0.2052015799063223,4,0.01363799910171,0.7379093805948893,59.96002664890073
part_005.mp4,1731,0,3,0.0136166546507422,0.7379195531209309,0.2060730545609085,3,0.0136166546507422,0.7379195531209309,59.96002664890073
part_005.mp4,1732,0,3,0.0134651136042116,0.737838872273763,0.2095371670193142,3,0.0134651136042116,0.737838872273763,59.96002664890073
part_005.mp4,1733,0,3,0.0135819431250957,0.737708854675293,0.2109034502947772,3,0.0135819431250957,0.737708854675293,59.96002664890073
part_005.mp4,1734,0,3,0.0136611555728279,0.737917137145996,0.2131009702329282,3,0.0136611555728279,0.737917137145996,59.96002664890073
part_005.mp4,1735,0,2,0.0136317111754033,0.7377412796020508,0.2143521626790364,2,0.0136317111754033,0.7377412796020508,59.96002664890073
part_005.mp4,1736,0,2,0.0139253703048445,0.7378475824991862,0.2139543886537905,2,0.0139253703048445,0.7378475824991862,59.96002664890073
part_005.mp4,1737,0,2,0.0138856759630531,0.7375431696573893,0.2153481942635995,2,0.0138856759630531,0.7375431696573893,59.96002664890073
part_005.mp4,1738,0,3,0.0138155110135644,0.7375598907470703,0.2169726619014033,3,0.0138155110135644,0.7375598907470703,59.96002664890073
part_005.mp4,1739,0,3,0.0137237912889557,0.7372576395670573,0.2181009363245081,3,0.0137237912889557,0.7372576395670573,59.96002664890073
part_005.mp4,1740,0,3,0.0136448274219421,0.7368368784586589,0.2190716213650173,3,0.0136448274219421,0.7368368784586589,59.96002664890073
part_005.mp4,1741,0,3,0.0137925768821797,0.736868158976237,0.2204052395290798,3,0.0137925768821797,0.736868158976237,59.96002664890073
part_005.mp4,1742,0,3,0.0139393961554742,0.7368555068969727,0.2192554050021701,3,0.0139393961554742,0.7368555068969727,59.96002664890073
part_005.mp4,1743,0,2,0.0140098905496595,0.7372063954671224,0.2216541996708622,2,0.0140098905496595,0.7372063954671224,59.96002664890073
part_005.mp4,1744,0,2,0.0141024033191206,0.7374205271402995,0.2225619563349971,2,0.0141024033191206,0.7374205271402995,59.96002664890073
part_005.mp4,1745,0,2,0.014071648303609,0.7374347686767578,0.2235107987015335,2,0.014071648303609,0.7374347686767578,59.96002664890073
part_005.mp4,1746,0,2,0.014074555489351,0.737350336710612,0.2241635923032407,2,0.014074555489351,0.737350336710612,59.96002664890073
part_005.mp4,1747,0,2,0.0140693543897941,0.7371945063273112,0.2248554371021412,2,0.0140693543897941,0.7371945063273112,59.96002664890073
part_005.mp4,1748,0,3,0.0140821306403139,0.7370723724365235,0.2254795215747974,3,0.0140821306403139,0.7370723724365235,59.96002664890073
part_005.mp4,1749,0,2,0.014071562121508,0.7368459701538086,0.2260483070656105,2,0.014071562121508,0.7368459701538086,59.96002664890073
part_005.mp4,1750,0,3,0.0140386073975403,0.7367586771647135,0.2261492976435908,3,0.0140386073975403,0.7367586771647135,59.96002664890073
part_005.mp4,1751,0,3,0.0141060408608654,0.7368709564208984,0.2264341001157407,3,0.0141060408608654,0.7368709564208984,59.96002664890073
part_005.mp4,1752,0,3,0.0141437335899617,0.7368148803710938,0.2271427013255931,3,0.0141437335899617,0.7368148803710938,59.96002664890073
part_005.mp4,1753,0,3,0.0141614189116484,0.7367827733357747,0.2276431330928096,3,0.0141614189116484,0.7367827733357747,59.96002664890073
part_005.mp4,1754,0,3,0.0141053662190851,0.736566162109375,0.228016040943287,3,0.0141053662190851,0.736566162109375,59.96002664890073
part_005.mp4,1755,0,3,0.0141463172358311,0.7366169611612956,0.2287257159197772,3,0.0141463172358311,0.7366169611612956,59.96002664890073
part_005.mp4,1756,0,3,0.0140975855303501,0.7366466522216797,0.2277305037887008,3,0.0140975855303501,0.7366466522216797,59.96002664890073
part_005.mp4,1757,0,3,0.0141137783897876,0.7367785135904948,0.2261077315719039,3,0.0141137783897876,0.7367785135904948,59.96002664890073
part_005.mp4,1758,0,3,0.014044465022679,0.7368021011352539,0.2248490510163484,3,0.014044465022679,0.7368021011352539,59.96002664890073
part_005.mp4,1759,0,3,0.0141259785153346,0.7368326822916667,0.2238700018988715,3,0.0141259785153346,0.7368326822916667,59.96002664890073
part_005.mp4,1760,0,4,0.0141293479116323,0.7368752797444661,0.2225637082700376,3,0.0141293479116323,0.7368752797444661,59.96002664890073
part_005.mp4,1761,0,4,0.0141963300765739,0.7370482126871745,0.2211366724084924,3,0.0141963300765739,0.7370482126871745,59.96002664890073
part_005.mp4,1762,0,5,0.0140869260824143,0.7370073318481445,0.2208854675292968,5,0.0140869260824143,0.7370073318481445,59.96002664890073
part_005.mp4,1763,0,4,0.0141289184477904,0.7369041442871094,0.2180721989384404,4,0.0141289184477904,0.7369041442871094,59.96002664890073
part_005.mp4,1764,0,5,0.014145549305831,0.7377939224243164,0.2169796978985821,5,0.014145549305831,0.7377939224243164,59.96002664890073
part_005.mp4,1765,0,3,0.0140262756108616,0.7386783599853516,0.2158827039930555,3,0.0140262756108616,0.7386783599853516,59.96002664890073
part_005.mp4,1766,0,5,0.0139672108244202,0.7391838709513346,0.2125421594690393,5,0.0139672108244202,0.7391838709513346,59.96002664890073
part_005.mp4,1767,0,5,0.0139553038723659,0.7398155212402344,0.2108857614022714,5,0.0139553038723659,0.7398155212402344,59.96002664890073
part_005.mp4,1768,0,4,0.0141598129240123,0.7406118392944336,0.2084788004557291,4,0.0141598129240123,0.7406118392944336,59.96002664890073
part_005.mp4,1769,0,4,0.0141461573916711,0.7412522633870443,0.2072738647460937,4,0.0141461573916711,0.7412522633870443,59.96002664890073
part_005.mp4,1770,0,5,0.0141803529946942,0.7414684295654297,0.2051764029043692,5,0.0141803529946942,0.7414684295654297,59.96002664890073
part_005.mp4,1771,0,3,0.014090595365923,0.741862932840983,0.2020784448694299,3,0.014090595365923,0.741862932840983,59.96002664890073
part_005.mp4,1772,0,3,0.0139126362468232,0.7417396545410156,0.2004531860351562,3,0.0139126362468232,0.7417396545410156,59.96002664890073
part_005.mp4,1773,0,4,0.013957996180074,0.7422317504882813,0.1969488073278356,4,0.013957996180074,0.7422317504882813,59.96002664890073
part_005.mp4,1774,0,3,0.0133818057027518,0.7406278610229492,0.1967158282244647,3,0.0133818057027518,0.7406278610229492,59.96002664890073
part_005.mp4,1775,0,4,0.0132569435449679,0.7401311874389649,0.1964225203902633,4,0.0132569435449679,0.7401311874389649,59.96002664890073
part_005.mp4,1776,0,4,0.0137747530984752,0.7427878061930339,0.195045245135272,4,0.0137747530984752,0.7427878061930339,59.96002664890073
part_005.mp4,1777,0,3,0.0133031479378782,0.7401224772135416,0.1965581823278356,3,0.0133031479378782,0.7401224772135416,59.96002664890073
part_005.mp4,1778,0,3,0.0133881687753913,0.74029541015625,0.1971079225893373,3,0.0133881687753913,0.74029541015625,59.96002664890073
part_005.mp4,1779,0,3,0.0138348355696552,0.7416997273763021,0.1960703814471209,3,0.0138348355696552,0.7416997273763021,59.96002664890073
part_005.mp4,1780,0,3,0.0138738311510112,0.7416778564453125,0.1962524696632668,3,0.0138738311510112,0.7416778564453125,59.96002664890073
part_005.mp4,1781,0,3,0.0137742642219355,0.7414673487345378,0.1977225692183883,3,0.0137742642219355,0.7414673487345378,59.96002664890073
part_005.mp4,1782,0,3,0.0139067375256585,0.7424822489420573,0.1987973813657407,3,0.0139067375256585,0.7424822489420573,59.96002664890073
part_005.mp4,1783,0,3,0.0139212739941689,0.7433940887451171,0.2010958918818721,3,0.0139212739941689,0.7433940887451171,59.96002664890073
part_005.mp4,1784,0,4,0.0138891471720611,0.7437439600626627,0.2024220219364872,4,0.0138891471720611,0.7437439600626627,59.96002664890073
part_005.mp4,1785,0,4,0.0137507435492021,0.7442699432373047,0.2061885975025318,4,0.0137507435492021,0.7442699432373047,59.96002664890073
part_005.mp4,1786,0,5,0.0135987133206476,0.7446334203084309,0.208656084979022,5,0.0135987133206476,0.7446334203084309,59.96002664890073
part_005.mp4,1787,0,4,0.0133506201161071,0.7448383967081705,0.2114245379412615,4,0.0133506201161071,0.7448383967081705,59.96002664890073
part_005.mp4,1788,0,4,0.0133584459005897,0.7447927474975586,0.2121692516185619,4,0.0133584459005897,0.7447927474975586,59.96002664890073
part_005.mp4,1789,0,3,0.0132461182186724,0.7447179158528646,0.2133388943142361,3,0.0132461182186724,0.7447179158528646,59.96002664890073
part_005.mp4,1790,0,3,0.0132101935872385,0.7447099685668945,0.2146652786820023,3,0.0132101935872385,0.7447099685668945,59.96002664890073
part_005.mp4,1791,0,3,0.0131684765581007,0.744636344909668,0.2147863882559317,3,0.0131684765581007,0.744636344909668,59.96002664890073
part_005.mp4,1792,0,3,0.0131086434027752,0.7445785522460937,0.2165346216272425,3,0.0131086434027752,0.7445785522460937,59.96002664890073
part_005.mp4,1793,0,3,0.013456708414812,0.7446468989054362,0.2158428615993923,3,0.013456708414812,0.7446468989054362,59.96002664890073
part_005.mp4,1794,0,3,0.0133116402722953,0.7441032409667969,0.2177682099518952,3,0.0133116402722953,0.7441032409667969,59.96002664890073
part_005.mp4,1795,0,4,0.0131166100560437,0.7430074691772461,0.2178004229510272,4,0.0131166100560437,0.7430074691772461,59.96002664890073
part_005.mp4,1796,0,3,0.013121936071359,0.742513910929362,0.2169684798629195,3,0.013121936071359,0.742513910929362,59.96002664890073
part_005.mp4,1797,0,3,0.0132055661523783,0.7426434199015299,0.2173481128833912,3,0.0132055661523783,0.7426434199015299,59.96002664890073
part_005.mp4,1798,0,4,0.013183846409245,0.7424465179443359,0.2176196628146701,4,0.013183846409245,0.7424465179443359,59.96002664890073
part_005.mp4,1799,0,4,0.0131852065387647,0.7418402353922526,0.2166048968279803,4,0.0131852065387647,0.7418402353922526,59.96002664890073
part_005.mp4,1800,0,3,0.0131007057118242,0.7413822809855143,0.2166258070203993,3,0.0131007057118242,0.7413822809855143,59.96002664890073
part_005.mp4,1801,0,3,0.0130276703649993,0.741238021850586,0.2166511818214699,3,0.0130276703649993,0.741238021850586,59.96002664890073
part_005.mp4,1802,0,4,0.0129968235499378,0.7411975860595703,0.2168143660933883,4,0.0129968235499378,0.7411975860595703,59.96002664890073
part_005.mp4,1803,0,4,0.0130214385109138,0.7408999125162761,0.2132572315357349,4,0.0130214385109138,0.7408999125162761,59.96002664890073
part_005.mp4,1804,0,4,0.0129780054610455,0.740838623046875,0.2106595639829282,4,0.0129780054610455,0.740838623046875,59.96002664890073
part_005.mp4,1805,0,4,0.0129015910055561,0.7406295776367188,0.209911063865379,4,0.0129015910055561,0.7406295776367188,59.96002664890073
part_005.mp4,1806,0,4,0.0126874843102026,0.7404350916544596,0.2085038926866319,4,0.0126874843102026,0.7404350916544596,59.96002664890073
part_005.mp4,1807,0,4,0.0125828411688551,0.7403214136759441,0.2069431163646556,4,0.0125828411688551,0.7403214136759441,59.96002664890073
part_005.mp4,1808,0,3,0.0124666395948992,0.7402245839436848,0.2068714283130787,3,0.0124666395948992,0.7402245839436848,59.96002664890073
part_005.mp4,1809,0,3,0.0124835235681772,0.7397670745849609,0.2034794560185185,3,0.0124835235681772,0.7397670745849609,59.96002664890073
part_005.mp4,1810,0,4,0.0124783581382319,0.7394956588745117,0.2012036358868634,4,0.0124783581382319,0.7394956588745117,59.96002664890073
part_005.mp4,1811,0,4,0.0124433385515456,0.7393886566162109,0.1979705245406539,4,0.0124433385515456,0.7393886566162109,59.96002664890073
part_005.mp4,1812,0,4,0.0123590373172191,0.7391555786132813,0.193355079933449,4,0.0123590373172191,0.7391555786132813,59.96002664890073
part_005.mp4,1813,0,4,0.012146677493357,0.7391830444335937,0.1909475255895543,4,0.012146677493357,0.7391830444335937,59.96002664890073
part_005.mp4,1814,0,4,0.0123968011773669,0.7398159027099609,0.1862645467122395,4,0.0123968011773669,0.7398159027099609,59.96002664890073
part_005.mp4,1815,0,3,0.0120904188184408,0.7396007537841797,0.1850221704553674,3,0.0120904188184408,0.7396007537841797,59.96002664890073
part_005.mp4,1816,0,3,0.0118007415072183,0.7386671702067057,0.1815155311867042,3,0.0118007415072183,0.7386671702067057,59.96002664890073
part_005.mp4,1817,0,3,0.0116959672382411,0.7380295435587565,0.1760138617621527,3,0.0116959672382411,0.7380295435587565,59.96002664890073
part_005.mp4,1818,0,4,0.0115636778087355,0.7380576451619466,0.1709570990668402,4,0.0115636778087355,0.7380576451619466,59.96002664890073
part_005.mp4,1819,0,5,0.0115250929131102,0.7379632949829101,0.1675444143789786,4,0.0115250929131102,0.7379632949829101,59.96002664890073
part_005.mp4,1820,0,5,0.0115440650882158,0.7376482645670573,0.1627352961787471,4,0.0115440650882158,0.7376482645670573,59.96002664890073
part_005.mp4,1821,0,5,0.0114514936389847,0.7376556396484375,0.1579564695005063,4,0.0114514936389847,0.7376556396484375,59.96002664890073
part_005.mp4,1822,0,4,0.0114582564725424,0.7376730600992839,0.1521579601146556,3,0.0114582564725424,0.7376730600992839,59.96002664890073
part_005.mp4,1823,0,4,0.011403576374664,0.7378674825032552,0.1477279663085937,3,0.011403576374664,0.7378674825032552,59.96002664890073
part_005.mp4,1824,0,4,0.0113726846501231,0.7380215326944987,0.1426812065972222,3,0.0113726846501231,0.7380215326944987,59.96002664890073
part_005.mp4,1825,0,4,0.0111985580011646,0.7382244110107422,0.1369678073459201,3,0.0111985580011646,0.7382244110107422,59.96002664890073
part_005.mp4,1826,0,4,0.0128155596363406,0.8381448745727539,0.9137962977091472,3,0.0112996285735722,0.7383445739746094,59.96002664890073
part_005.mp4,1827,0,4,0.0137974635559388,0.8395773569742838,0.9074944107620804,3,0.0111120177451327,0.7382168451944987,59.96002664890073
part_005.mp4,1828,0,4,0.014631718588517,0.840243148803711,0.9010613476788556,3,0.0111475825154533,0.7383822123209636,59.96002664890073
part_005.mp4,1829,0,4,0.015867702693844,0.839550272623698,0.8907893110204625,3,0.0110576427626559,0.7387838363647461,59.96002664890073
part_005.mp4,1830,0,4,0.0170844319846764,0.8403539657592773,0.8849247561560737,3,0.0108759690507011,0.738884162902832,59.96002664890073
part_005.mp4,1831,0,5,0.0177202925062803,0.8388203303019206,0.877458703076398,4,0.0107189519351878,0.7377361297607422,59.96002664890073
part_005.mp4,1832,0,5,0.0190130566394455,0.8382452011108399,0.8679381335223163,4,0.0104776223553765,0.7375082651774089,59.96002664890073
part_005.mp4,1833,0,4,0.0199750474076948,0.8388157526652018,0.8627982104266131,3,0.0106941523854954,0.7379684448242188,59.96002664890073
part_005.mp4,1834,0,4,0.0208709179033323,0.8376377741495769,0.8566483868492974,3,0.0106289989423627,0.7376922607421875,59.96002664890073
part_005.mp4,1835,0,4,0.0222242533160897,0.8381452560424805,0.8468810470015914,3,0.0105327406626828,0.7377468744913737,59.96002664890073
part_005.mp4,1836,0,4,0.0227547371129427,0.837716547648112,0.842129460087529,3,0.0104805041048287,0.7384700775146484,59.96002664890073
part_005.mp4,1837,0,4,0.023171855677285,0.8344329833984375,0.8353864475532814,3,0.0103182385572775,0.7373113632202148,59.96002664890073
part_005.mp4,1838,0,4,0.0236880099003112,0.8306261698404948,0.8263948882067645,3,0.0103106752203893,0.7375401178995769,59.96002664890073
part_005.mp4,1839,0,4,0.024499029665835,0.8298397699991862,0.8194043901231554,3,0.0104070760473001,0.7380228678385417,59.96002664890073
part_005.mp4,1840,0,4,0.0248455051524716,0.8286133448282877,0.8154449039035373,3,0.0103038584098168,0.7382940928141276,59.96002664890073
part_005.mp4,1841,0,4,0.0256819130902133,0.8281477610270183,0.8084294001261393,3,0.0099767160800305,0.7381884256998698,59.96002664890073
part_005.mp4,1842,0,4,0.0257499202198232,0.8254085540771484,0.8006250593397353,3,0.0099391581354171,0.7382968902587891,59.96002664890073
part_005.mp4,1843,0,5,0.0266827167325269,0.8246231079101562,0.7939037534925673,4,0.009928966934811,0.7383545557657878,59.96002664890073
part_005.mp4,1844,0,4,0.0273421596205621,0.8245048522949219,0.7897125667995877,3,0.0098096085782845,0.7381761550903321,59.96002664890073
part_005.mp4,1845,0,4,0.0278175726576228,0.8236279169718425,0.78232970767551,3,0.0095924256735317,0.7376873016357421,59.96002664890073
part_005.mp4,1846,0,5,0.1037620242981332,0.7325414021809896,0.5661800384521485,4,0.1037620242981332,0.7388971328735352,59.96002664890073
part_005.mp4,1847,0,5,0.1027918485107349,0.7295464833577474,0.5654182434082031,4,0.1027918485107349,0.7385090510050456,59.96002664890073
part_005.mp4,1848,0,4,0.0318800250027359,0.8307604471842448,0.7671609737254955,3,0.0097966831114091,0.7385038375854492,59.96002664890073
part_005.mp4,1849,0,5,0.1064045154915948,0.7344465255737305,0.5586939493815104,4,0.1064045154915948,0.7383261362711588,59.96002664890073
part_005.mp4,1850,0,4,0.0335341886027621,0.8318723678588867,0.7554764641655816,3,0.0095605460337968,0.7386943817138671,59.96002664890073
part_005.mp4,1851,0,4,0.0345311096184054,0.8340621948242187,0.7515218310885959,3,0.0095461497991992,0.7392295837402344,59.96002664890073
part_005.mp4,1852,0,4,0.0366372756048992,0.8394529342651367,0.7489746517605251,3,0.0094413816547603,0.7392517725626627,59.96002664890073
part_005.mp4,1853,0,4,0.0365215498909916,0.837501589457194,0.745711178249783,3,0.0092100152828465,0.7390577952067058,59.96002664890073
part_005.mp4,1854,0,5,0.1071024309964411,0.731007448832194,0.5509474436442058,4,0.1071024309964411,0.7387119928995768,59.96002664890073
part_005.mp4,1855,0,5,0.0380653953412143,0.8365743637084961,0.7346633487277561,4,0.0094022603805771,0.7400333404541015,59.96002664890073
part_005.mp4,1856,0,6,0.1069524258298707,0.7291880289713542,0.5454392044632523,5,0.1069524258298707,0.7399818420410156,59.96002664890073
part_005.mp4,1857,0,5,0.0402337822890411,0.8388042449951172,0.7270263883802626,4,0.0093618398069628,0.7398144404093424,59.96002664890073
part_005.mp4,1858,0,5,0.0410846633474984,0.8403774261474609,0.7247297640200014,4,0.008999621791612,0.7389961242675781,59.96002664890073
part_005.mp4,1859,0,5,0.043245384753749,0.8461914698282877,0.7216093416567202,4,0.0090020906011772,0.7385415395100912,59.96002664890073
part_005.mp4,1860,0,4,0.0461399608138243,0.8543509165445964,0.7193131906014901,3,0.0089998293627609,0.7384037653605143,59.96002664890073
part_005.mp4,1861,0,4,0.0468933221812282,0.8548521041870117,0.7162175496419271,3,0.0089321952066448,0.7383289972941081,59.96002664890073
part_005.mp4,1862,0,5,0.0469791816841178,0.8543571472167969,0.7125616073608398,4,0.0088418000135937,0.7381076812744141,59.96002664890073
part_005.mp4,1863,0,5,0.0475513206484113,0.8547100067138672,0.7101734479268392,4,0.0087315330826203,0.7376583735148112,59.96002664890073
part_005.mp4,1864,0,4,0.0487675571415456,0.8575873057047526,0.7083683155201099,3,0.008708486615042,0.737584114074707,59.96002664890073
part_005.mp4,1865,0,4,0.0494409867186173,0.8581840515136718,0.7045308536953396,3,0.0087174300698834,0.7374685923258464,59.96002664890073
part_005.mp4,1866,0,5,0.0501423117863143,0.8588558197021484,0.7036351521809896,4,0.0086693285839498,0.7372643788655598,59.96002664890073
part_005.mp4,1867,0,5,0.0501989019461082,0.8581193923950196,0.7016481611463758,4,0.0086664946675214,0.7372528711954752,59.96002664890073
part_005.mp4,1868,0,4,0.0499801729152467,0.8565723419189453,0.7004713164435492,3,0.0086025070599215,0.7369971593221029,59.96002664890073
part_005.mp4,1869,0,4,0.0505673184973959,0.8561576843261719,0.6998281408239294,3,0.0084357207876818,0.7361308415730794,59.96002664890073
part_005.mp4,1870,0,4,0.0509219853670664,0.8551771799723308,0.6971977339850531,3,0.0083526995937562,0.735986328125,59.96002664890073
part_005.mp4,1871,0,4,0.0510970584904619,0.8542778015136718,0.6949900309244792,3,0.0083002996306979,0.7363368988037109,59.96002664890073
part_005.mp4,1872,0,4,0.0515019621329621,0.853609848022461,0.6926294114854601,3,0.0082694571064267,0.7356098175048829,59.96002664890073
part_005.mp4,1873,0,4,0.0513692522943547,0.8514116287231446,0.6907080826935945,3,0.0083680177454651,0.7354094187418619,59.96002664890073
part_005.mp4,1874,0,4,0.0509330072384256,0.8481003443400065,0.6886311884279605,3,0.0083387350870179,0.7350025177001953,59.96002664890073
part_005.mp4,1875,0,4,0.0504467789109912,0.8459428787231446,0.6871742142571343,3,0.0083929762936248,0.734722391764323,59.96002664890073
part_005.mp4,1876,0,4,0.0506500876424665,0.8452817916870117,0.6841844488073279,3,0.0083688548790221,0.7343987147013347,59.96002664890073
part_005.mp4,1877,0,4,0.049753964903966,0.8434403101603191,0.6834567741111472,3,0.0082826426744254,0.7341405868530273,59.96002664890073
part_005.mp4,1878,0,4,0.0507442607540663,0.8435773849487305,0.6793996281094021,3,0.0081178202330031,0.7337984720865885,59.96002664890073
part_005.mp4,1879,0,5,0.0504836025800115,0.8424615859985352,0.6803596743830929,4,0.0081299865986457,0.7332850138346354,59.96002664890073
part_005.mp4,1880,0,4,0.0511691228076617,0.8418027877807617,0.6770378854539659,3,0.0082510911669911,0.7331214904785156,59.96002664890073
part_005.mp4,1881,0,5,0.050694766661246,0.8391201019287109,0.6753972265455458,4,0.0081049042141077,0.7324432373046875,59.96002664890073
part_005.mp4,1882,0,4,0.0507600823985436,0.8375617980957031,0.6730152448018392,3,0.0080433644092408,0.7320999145507813,59.96002664890073
part_005.mp4,1883,0,4,0.0507372112978555,0.8358732859293619,0.6711848894755046,3,0.0079274027599136,0.7314149856567382,59.96002664890073
part_005.mp4,1884,0,4,0.0511296271675059,0.835582415262858,0.6689722696940105,3,0.0079638586426153,0.7312945048014323,59.96002664890073
part_005.mp4,1885,0,4,0.0506727466831041,0.8324021021525065,0.6668594395672833,3,0.0079586126663101,0.7311532974243165,59.96002664890073
part_005.mp4,1886,0,4,0.0508629365705564,0.8319635391235352,0.6648326873779297,3,0.0079587710143877,0.7307879130045573,59.96002664890073
part_005.mp4,1887,0,4,0.0506679731492113,0.8300392786661784,0.6623427391052246,3,0.0081707523434791,0.7306632359822591,59.96002664890073
part_005.mp4,1888,0,4,0.0490448957176845,0.8235329310099284,0.6603636035212764,3,0.0080689786739336,0.7300059000651041,59.96002664890073
part_005.mp4,1889,0,4,0.0478807676582558,0.8191265106201172,0.6587320115831163,3,0.0080488248480833,0.7292810440063476,59.96002664890073
part_005.mp4,1890,0,4,0.04843815131484,0.8193809509277343,0.6568215370178223,3,0.007961953955614,0.7284183502197266,59.96002664890073
part_005.mp4,1891,0,4,0.0480497196731448,0.8164682388305664,0.6546589215596517,3,0.0078204162282539,0.7276256561279297,59.96002664890073
part_005.mp4,1892,0,4,0.0480047669229679,0.8140869140625,0.6528033786349826,3,0.0075842154458061,0.7264130910237631,59.96002664890073
part_005.mp4,1893,0,4,0.0477086479483141,0.8125580469767253,0.6512248604385941,3,0.0073504270662346,0.725489616394043,59.96002664890073
part_005.mp4,1894,0,4,0.0474674337219032,0.8108261744181315,0.6494208547804091,3,0.007393044735444,0.7252184549967448,59.96002664890073
part_005.mp4,1895,0,4,0.0482559362059873,0.8111888885498046,0.6464066434789587,3,0.0075561988839224,0.7251283645629882,59.96002664890073
part_005.mp4,1896,0,4,0.0487094745039939,0.8105531692504883,0.6453084309895833,3,0.0073712463709913,0.7241114298502604,59.96002664890073
part_005.mp4,1897,0,4,0.0489794173721586,0.8102205912272136,0.6431137650101273,3,0.0075088201199922,0.7239479064941406,59.96002664890073
part_005.mp4,1898,0,4,0.0492773974764094,0.8094412485758463,0.6400091383192275,3,0.0073761356219808,0.7234109878540039,59.96002664890073
part_005.mp4,1899,0,5,0.0494606120343195,0.8088071823120118,0.637054118403682,4,0.0073035356441705,0.72281494140625,59.96002664890073
part_005.mp4,1900,0,4,0.049444001630203,0.8073544184366862,0.6345008002387152,3,0.0073853914818243,0.7224655787150065,59.96002664890073
part_005.mp4,1901,0,5,0.0491933048138323,0.8056756973266601,0.6328100416395399,4,0.0072996167015276,0.7216424306233724,59.96002664890073
part_005.mp4,1902,0,5,0.0492031838552065,0.804156494140625,0.6296386294894748,4,0.0071227934736331,0.7204935709635417,59.96002664890073
part_005.mp4,1903,0,5,0.0487677570845914,0.8026795069376628,0.6282162136501737,4,0.0070977557376318,0.7193713506062825,59.96002664890073
part_005.mp4,1904,0,6,0.0487761525949247,0.8014791488647461,0.6265028211805556,5,0.0069270625034523,0.7184379577636719,59.96002664890073
part_005.mp4,1905,0,5,0.0486455506477822,0.8003813425699869,0.6241948586923105,4,0.0069778776383544,0.7177286783854167,59.96002664890073
part_005.mp4,1906,0,4,0.047905358425487,0.797941017150879,0.6208605448404948,3,0.0068244283061681,0.7171883265177409,59.96002664890073
part_005.mp4,1907,0,4,0.0471823415239163,0.7960547765096029,0.6163680606418186,3,0.0069916288691456,0.717235819498698,59.96002664890073
part_005.mp4,1908,0,6,0.0472702295321155,0.7958426157633464,0.6118112493444372,5,0.0070934012497309,0.7175630569458008,59.96002664890073
part_005.mp4,1909,0,6,0.046853317408402,0.7951288859049479,0.6013186984592014,5,0.0069576993963198,0.717534065246582,59.96002664890073
part_005.mp4,1910,0,5,0.0447117861385211,0.7927375793457031,0.5879842970106337,5,0.0447117861385211,0.7927375793457031,59.96002664890073
part_005.mp4,1911,0,5,0.0447043362300098,0.7914628982543945,0.5843942571569372,5,0.0447043362300098,0.7914628982543945,59.96002664890073
part_005.mp4,1912,0,5,0.042735116182087,0.7893688201904296,0.5747302726463035,5,0.042735116182087,0.7893688201904296,59.96002664890073
part_005.mp4,1913,0,6,0.0422382343397597,0.7887062072753906,0.5673867013719347,6,0.0422382343397597,0.7887062072753906,59.96002664890073
part_005.mp4,1914,0,6,0.0423882630635422,0.7881997426350912,0.5611770523919,6,0.0423882630635422,0.7881997426350912,59.96002664890073
part_005.mp4,1915,0,6,0.0418768511429112,0.786845588684082,0.5540802849663629,6,0.0418768511429112,0.786845588684082,59.96002664890073
part_005.mp4,1916,0,6,0.0407354405527915,0.7851896286010742,0.5421906082718461,6,0.0407354405527915,0.7851896286010742,59.96002664890073
part_005.mp4,1917,0,4,0.040176358891374,0.7840375264485677,0.5385449727376302,4,0.040176358891374,0.7840375264485677,59.96002664890073
part_005.mp4,1918,0,4,0.0398592009262992,0.784450912475586,0.5267547748706959,4,0.0398592009262992,0.784450912475586,59.96002664890073
part_005.mp4,1919,0,4,0.039218974088629,0.7836798350016276,0.5191613091362848,4,0.039218974088629,0.7836798350016276,59.96002664890073
part_005.mp4,1920,0,4,0.0383359572625205,0.7823567072550456,0.5129421587343569,4,0.0383359572625205,0.7823567072550456,59.96002664890073
part_005.mp4,1921,0,4,0.0379859224048333,0.7819250106811524,0.5039028662222403,4,0.0379859224048333,0.7819250106811524,59.96002664890073
part_005.mp4,1922,0,5,0.0373796697419886,0.7811494827270508,0.4972084610550492,5,0.0373796697419886,0.7811494827270508,59.96002664890073
part_005.mp4,1923,0,5,0.036292417432223,0.7792224884033203,0.4884379210295501,5,0.036292417432223,0.7792224884033203,59.96002664890073
part_005.mp4,1924,0,5,0.0354702298941606,0.7787478129069011,0.477880788732458,5,0.0354702298941606,0.7787478129069011,59.96002664890073
part_005.mp4,1925,0,5,0.0355400948084489,0.7778406778971354,0.4747658341019242,5,0.0355400948084489,0.7778406778971354,59.96002664890073
part_005.mp4,1926,0,4,0.035318111055288,0.7774297714233398,0.4675033993191189,4,0.035318111055288,0.7774297714233398,59.96002664890073
part_005.mp4,1927,0,7,0.0347719364431126,0.7763866424560547,0.4589972601996527,7,0.0347719364431126,0.7763866424560547,59.96002664890073
part_005.mp4,1928,0,7,0.0340949957348251,0.7750317891438802,0.4510780334472656,7,0.0340949957348251,0.7750317891438802,59.96002664890073
part_005.mp4,1929,0,7,0.033392933594196,0.7740962982177735,0.4438835285328052,7,0.033392933594196,0.7740962982177735,59.96002664890073
part_005.mp4,1930,0,5,0.0320769478024274,0.7717309315999349,0.4325143743444372,5,0.0320769478024274,0.7717309315999349,59.96002664890073
part_005.mp4,1931,0,5,0.0316400502361486,0.7708748499552409,0.4271609836154514,5,0.0316400502361486,0.7708748499552409,59.96002664890073
part_005.mp4,1932,0,5,0.0311373116874407,0.7703313827514648,0.4221939086914062,4,0.0311373116874407,0.7703313827514648,59.96002664890073
part_005.mp4,1933,0,5,0.0307357215030303,0.7695078531901042,0.4191617753770616,4,0.0307357215030303,0.7695078531901042,59.96002664890073
part_005.mp4,1934,0,8,0.0302268639562563,0.7685127894083659,0.4110474621808087,7,0.0302268639562563,0.7685127894083659,59.96002664890073
part_005.mp4,1935,0,8,0.0302082509345685,0.7683757781982422,0.4110043843587239,7,0.0302082509345685,0.7683757781982422,59.96002664890073
part_005.mp4,1936,0,7,0.0297160979246675,0.7667824427286783,0.4031298319498698,6,0.0297160979246675,0.7667824427286783,59.96002664890073
part_005.mp4,1937,0,6,0.0291100587353058,0.7662071863810221,0.396527608235677,5,0.0291100587353058,0.7662071863810221,59.96002664890073
part_005.mp4,1938,0,6,0.0289795694515433,0.7660356521606445,0.3895330782289858,5,0.0289795694515433,0.7660356521606445,59.96002664890073
part_005.mp4,1939,0,4,0.0286237527012687,0.7655231475830078,0.3809789586950231,3,0.0286237527012687,0.7655231475830078,59.96002664890073
part_005.mp4,1940,0,5,0.0282008608634189,0.7640924453735352,0.3762651372838903,4,0.0282008608634189,0.7640924453735352,59.96002664890073
part_005.mp4,1941,0,5,0.0276943981115133,0.7640804926554362,0.3683979882134331,4,0.0276943981115133,0.7640804926554362,59.96002664890073
part_005.mp4,1942,0,5,0.0271580354713175,0.7639150619506836,0.3611871931287977,4,0.0271580354713175,0.7639150619506836,59.96002664890073
part_005.mp4,1943,0,5,0.0270407273033493,0.7636973063151041,0.3552052674470124,4,0.0270407273033493,0.7636973063151041,59.96002664890073
part_005.mp4,1944,0,6,0.0267722590797347,0.7634493509928385,0.3506416320800781,5,0.0267722590797347,0.7634493509928385,59.96002664890073
part_005.mp4,1945,0,6,0.0261854904880754,0.7623657862345378,0.3451955442075376,5,0.0261854904880754,0.7623657862345378,59.96002664890073
part_005.mp4,1946,0,6,0.0257102313148088,0.7617151896158855,0.3382332978425202,5,0.0257102313148088,0.7617151896158855,59.96002664890073
part_005.mp4,1947,0,6,0.0254762704401425,0.7613730112711589,0.3339963418466073,5,0.0254762704401425,0.7613730112711589,59.96002664890073
part_005.mp4,1948,0,5,0.024872058582324,0.7601067225138346,0.3299170600043403,4,0.024872058582324,0.7601067225138346,59.96002664890073
part_005.mp4,1949,0,6,0.0246669517720066,0.7597672780354817,0.3226109822591146,5,0.0246669517720066,0.7597672780354817,59.96002664890073
part_005.mp4,1950,0,5,0.0243334724801739,0.7594398498535156,0.3162584375452112,4,0.0243334724801739,0.7594398498535156,59.96002664890073
part_005.mp4,1951,0,6,0.024047253685044,0.758847999572754,0.3085103494149667,5,0.024047253685044,0.758847999572754,59.96002664890073
part_005.mp4,1952,0,6,0.0238064195289431,0.7583985010782878,0.3030951605902778,5,0.0238064195289431,0.7583985010782878,59.96002664890073
part_005.mp4,1953,0,6,0.0234299247671986,0.7583574930826823,0.2959523660165292,5,0.0234299247671986,0.7583574930826823,59.96002664890073
part_005.mp4,1954,0,6,0.0231704109906458,0.7578912734985351,0.2915307928014685,5,0.0231704109906458,0.7578912734985351,59.96002664890073
part_005.mp4,1955,0,5,0.0233363440129323,0.821743392944336,0.8064817640516493,4,0.0230327549126943,0.7582171122233073,59.96002664890073
part_005.mp4,1956,0,6,0.0245479611290108,0.8234569549560546,0.7992868423461914,5,0.0228036795940608,0.7579203287760417,59.96002664890073
part_005.mp4,1957,0,5,0.025668013778566,0.8253704071044922,0.7941796055546513,4,0.0225462417778908,0.7573774973551433,59.96002664890073
part_005.mp4,1958,0,5,0.0261432405682676,0.8255016962687175,0.7923635906643338,4,0.0220022279114022,0.7567237854003906,59.96002664890073
part_005.mp4,1959,0,5,0.0277554563422705,0.828806749979655,0.785811240584762,4,0.0216198720488435,0.7559192657470704,59.96002664890073
part_005.mp4,1960,0,5,0.0284480257535405,0.8274738947550456,0.7803069220648872,4,0.0213768770835789,0.7558766047159831,59.96002664890073
part_005.mp4,1961,0,5,0.0291581281578202,0.8274948755900066,0.7749813574331778,4,0.0211740430078615,0.7559642155965169,59.96002664890073
part_005.mp4,1962,0,5,0.0297500630828411,0.8288210550944011,0.7734938515557184,4,0.0210597634888943,0.7548591613769531,59.96002664890073
part_005.mp4,1963,0,6,0.0307763493587117,0.8296982447306315,0.7660396364000108,5,0.0208075474037441,0.7541076024373372,59.96002664890073
part_005.mp4,1964,0,6,0.0316066339810748,0.8304131189982097,0.7602613519739222,5,0.0206074144264372,0.7538496653238932,59.96002664890073
part_005.mp4,1965,0,6,0.0326116873397197,0.8313661575317383,0.7534063692446108,5,0.0202828826149925,0.7536043802897135,59.96002664890073
part_005.mp4,1966,0,6,0.0335815691596656,0.8320541381835938,0.7505578288325557,5,0.0200269899586823,0.7535600662231445,59.96002664890073
part_005.mp4,1967,0,5,0.0339944692141166,0.8304123560587565,0.7459377006248191,4,0.0198496112598298,0.7536921183268229,59.96002664890073
part_005.mp4,1968,0,6,0.0341865050165021,0.8290463129679362,0.741596539815267,5,0.0192809544156922,0.7522478103637695,59.96002664890073
part_005.mp4,1969,0,5,0.0351255969789175,0.8302033106486003,0.7371993524056893,4,0.0191314138105371,0.7519435882568359,59.96002664890073
part_005.mp4,1970,0,6,0.0359764932487936,0.8317794799804688,0.7347716437445746,5,0.018806560554367,0.750812021891276,59.96002664890073
part_005.mp4,1971,0,6,0.0353463962413769,0.8257342020670573,0.7298707043683087,5,0.0186145247276807,0.7507960001627604,59.96002664890073
part_005.mp4,1972,0,5,0.0369947591835286,0.8321468989054362,0.730778475160952,4,0.0184995242983661,0.7508271535237631,59.96002664890073
part_005.mp4,1973,0,5,0.0389939618192875,0.8356594721476237,0.724453862508138,4,0.0181223324417024,0.7505096435546875,59.96002664890073
part_005.mp4,1974,0,5,0.040100144505408,0.8367174148559571,0.719545802363643,4,0.0179093765067245,0.7501195907592774,59.96002664890073
part_005.mp4,1975,0,5,0.041380262739398,0.8381362915039062,0.7155916002061632,4,0.0176635417279882,0.749310302734375,59.96002664890073
part_005.mp4,1976,0,6,0.0423218887171049,0.8392433802286784,0.7105330219975224,5,0.0174308221862201,0.748895263671875,59.96002664890073
part_005.mp4,1977,0,6,0.0429354516407571,0.8414274215698242,0.7094869825575086,5,0.0171213671384773,0.7481667836507161,59.96002664890073
part_005.mp4,1978,0,6,0.0440958185678708,0.8412954330444335,0.7028495188112612,5,0.0171655818984867,0.7480297088623047,59.96002664890073
part_005.mp4,1979,0,6,0.0448011854612397,0.840951410929362,0.6973406049940322,5,0.0168858729093658,0.7469863891601562,59.96002664890073
part_005.mp4,1980,0,6,0.0440472617392677,0.8396635055541992,0.6989599227905273,5,0.0167778295900724,0.7465309778849284,59.96002664890073
part_005.mp4,1981,0,6,0.0439577625026079,0.8378190994262695,0.696297804514567,5,0.016618686115533,0.7459345499674479,59.96002664890073
part_005.mp4,1982,0,6,0.0455878457196498,0.8381570816040039,0.6862607426113553,5,0.0163512290843452,0.7454710642496745,59.96002664890073
part_005.mp4,1983,0,6,0.0450538690535257,0.8366917292277019,0.6860021591186524,5,0.0160084769846677,0.7450094858805338,59.96002664890073
part_005.mp4,1984,0,6,0.0453051407417256,0.8360710779825846,0.6838223351372613,5,0.0158070099187251,0.7449708938598633,59.96002664890073
part_005.mp4,1985,0,6,0.0457782218492313,0.835996437072754,0.6800652433324743,5,0.0156648381619087,0.7449143727620443,59.96002664890073
part_005.mp4,1986,0,5,0.045882921311883,0.834932518005371,0.6751213497585721,4,0.0155699527915495,0.7445913314819336,59.96002664890073
part_005.mp4,1987,0,5,0.04582283574125,0.83414306640625,0.674808512793647,4,0.0153568991107534,0.744281260172526,59.96002664890073
part_005.mp4,1988,0,5,0.046515543231179,0.8340431213378906,0.6701175407127098,4,0.0151658543789695,0.7439109166463216,59.96002664890073
part_005.mp4,1989,0,5,0.0459293106118113,0.8314794540405274,0.66413003427011,4,0.0148234141278037,0.7433687210083008,59.96002664890073
part_005.mp4,1990,0,5,0.0457380779368152,0.8303329467773437,0.6641619505705657,4,0.0146498898143936,0.7434452056884766,59.96002664890073
part_005.mp4,1991,0,5,0.0444936785119352,0.8259499231974284,0.6627951833936904,4,0.0145275964625761,0.7433130900065105,59.96002664890073
part_005.mp4,1992,0,5,0.0450746018939571,0.8263938903808594,0.6604523658752441,4,0.0144324316886033,0.7430380503336589,59.96002664890073
part_005.mp4,1993,0,5,0.044051285761828,0.8221489588419596,0.6577030499776204,4,0.0142712215352932,0.74251708984375,59.96002664890073
part_005.mp4,1994,0,5,0.0444721543957263,0.8212665557861328,0.6546824278654876,4,0.0141170429231715,0.7422067642211914,59.96002664890073
part_005.mp4,1995,0,6,0.0446744073243381,0.8215670267740885,0.6543654441833496,5,0.0139201572588246,0.7417718251546224,59.96002664890073
part_005.mp4,1996,0,5,0.0442794671837947,0.8199394226074219,0.6546196831597222,4,0.0138298189810787,0.7414650599161784,59.96002664890073
part_005.mp4,1997,0,5,0.0441691891410603,0.8195776621500651,0.6546547041998969,4,0.0137015951354556,0.7412972132364909,59.96002664890073
part_005.mp4,1998,0,5,0.0433243021760912,0.8163789749145508,0.6526948716905382,4,0.0134572091000154,0.7408825556437174,59.96002664890073
part_005.mp4,1999,0,5,0.0435634979860137,0.8160829544067383,0.6515193762602629,4,0.013172057552276,0.7402329126993815,59.96002664890073
part_005.mp4,2000,0,6,0.0435125427925312,0.8148228327433268,0.6472707112630208,5,0.0128380692276038,0.7394796371459961,59.96002664890073
part_005.mp4,2001,0,5,0.0435767711040285,0.8141668955485026,0.6458760473463271,4,0.0127336035906962,0.7391135533650716,59.96002664890073
part_005.mp4,2002,0,5,0.0429505767336303,0.8122028350830078,0.6449058779963741,4,0.0126241327468453,0.7387399037679037,59.96002664890073
part_005.mp4,2003,0,5,0.0421612796698119,0.8093816757202148,0.6441230067500362,4,0.0124441442930967,0.7383230209350586,59.96002664890073
part_005.mp4,2004,0,5,0.0418778894325563,0.8076748530069987,0.6419263203938802,4,0.0122126075239201,0.7374200820922852,59.96002664890073
part_005.mp4,2005,0,5,0.0428096516727156,0.8086210886637369,0.6408078087700738,4,0.0119312678863018,0.7361076990763347,59.96002664890073
part_005.mp4,2006,0,6,0.0432231404493278,0.8079256693522135,0.6387228647867839,5,0.0116806323484181,0.7350281397501628,59.96002664890073
part_005.mp4,2007,0,5,0.0436896948005758,0.8069687525431315,0.6366981506347656,4,0.0118030303758375,0.7356590270996094,59.96002664890073
part_005.mp4,2008,0,5,0.042542942357492,0.8035887400309245,0.6336343553331163,4,0.0116727766865666,0.7353458404541016,59.96002664890073
part_005.mp4,2009,0,5,0.0424374522292055,0.803856086730957,0.6283905029296875,4,0.0116033108285153,0.7348755518595378,59.96002664890073
part_005.mp4,2010,0,5,0.0422231246433996,0.802694574991862,0.627606201171875,4,0.0116706391577005,0.7341974258422852,59.96002664890073
part_005.mp4,2011,0,5,0.0416301281492148,0.8009830474853515,0.625430100052445,4,0.0113938840053419,0.7332369486490885,59.96002664890073
part_005.mp4,2012,0,5,0.0406737963108591,0.7987477620442708,0.6217864142523871,4,0.0112994809809498,0.7328641891479493,59.96002664890073
part_005.mp4,2013,0,5,0.0384824538750763,0.7958042780558269,0.6109750641716851,4,0.0111697356994382,0.7324133555094401,59.96002664890073
part_005.mp4,2014,0,5,0.0382895956410599,0.794749132792155,0.605166498819987,4,0.0111761582386679,0.7321615219116211,59.96002664890073
part_005.mp4,2015,0,4,0.0372596379406701,0.7941553115844726,0.5976121725859466,4,0.0372596379406701,0.7941553115844726,59.96002664890073
part_005.mp4,2016,0,4,0.0368496669219085,0.7923576354980468,0.5964469485812717,4,0.0368496669219085,0.7923576354980468,59.96002664890073
part_005.mp4,2017,0,4,0.0369408173804509,0.7929782867431641,0.5947118229336209,4,0.0369408173804509,0.7929782867431641,59.96002664890073
part_005.mp4,2018,0,4,0.0361400468359028,0.7921303431193034,0.5889422946506077,4,0.0361400468359028,0.7921303431193034,59.96002664890073
part_005.mp4,2019,0,5,0.0354441686391106,0.789826774597168,0.5856311374240452,5,0.0354441686391106,0.789826774597168,59.96002664890073
part_005.mp4,2020,0,5,0.0351168467795186,0.7889507293701172,0.5792785891780147,5,0.0351168467795186,0.7889507293701172,59.96002664890073
part_005.mp4,2021,0,6,0.0344774102437744,0.7879077911376953,0.572439988454183,6,0.0344774102437744,0.7879077911376953,59.96002664890073
part_005.mp4,2022,0,4,0.0334537887524574,0.7861789703369141,0.5671192593044705,4,0.0334537887524574,0.7861789703369141,59.96002664890073
part_005.mp4,2023,0,4,0.0336117339127708,0.7850544611612956,0.5614739418029785,4,0.0336117339127708,0.7850544611612956,59.96002664890073
part_005.mp4,2024,0,5,0.0327772470631559,0.7827852249145508,0.5553006913926867,5,0.0327772470631559,0.7827852249145508,59.96002664890073
part_005.mp4,2025,0,5,0.0320850215260159,0.7822736740112305,0.548992594966182,5,0.0320850215260159,0.7822736740112305,59.96002664890073
part_005.mp4,2026,0,5,0.0315424143411089,0.7811601638793946,0.5463791741265192,5,0.0315424143411089,0.7811601638793946,59.96002664890073
part_005.mp4,2027,0,4,0.0306295414904943,0.7793366114298502,0.5395635110360605,4,0.0306295414904943,0.7793366114298502,59.96002664890073
part_005.mp4,2028,0,4,0.0307755928206542,0.7789388656616211,0.5352306083396628,4,0.0307755928206542,0.7789388656616211,59.96002664890073
part_005.mp4,2029,0,5,0.0306368180633535,0.778665288289388,0.5329653563322845,5,0.0306368180633535,0.778665288289388,59.96002664890073
part_005.mp4,2030,0,4,0.0302398986987329,0.7781944274902344,0.5283949887311017,4,0.0302398986987329,0.7781944274902344,59.96002664890073
part_005.mp4,2031,0,4,0.0298956339408404,0.777004623413086,0.5242118411593967,4,0.0298956339408404,0.777004623413086,59.96002664890073
part_005.mp4,2032,0,4,0.0294899967273253,0.7761437098185221,0.5223637192337601,4,0.0294899967273253,0.7761437098185221,59.96002664890073
part_005.mp4,2033,0,4,0.0283680940522269,0.7743324915568034,0.518195554945204,4,0.0283680940522269,0.7743324915568034,59.96002664890073
part_005.mp4,2034,0,5,0.027881136924528,0.7731620788574218,0.5135351534242983,5,0.027881136924528,0.7731620788574218,59.96002664890073
part_005.mp4,2035,0,4,0.0272123009365491,0.7712725321451823,0.5103140936957465,4,0.0272123009365491,0.7712725321451823,59.96002664890073
part_005.mp4,2036,0,4,0.0268773518231076,0.7700979232788085,0.5112211439344618,4,0.0268773518231076,0.7700979232788085,59.96002664890073
part_005.mp4,2037,0,5,0.0261172721403636,0.768587875366211,0.5063759627165618,5,0.0261172721403636,0.768587875366211,59.96002664890073
part_005.mp4,2038,0,5,0.026285852132876,0.7686325709025065,0.503556145562066,5,0.026285852132876,0.7686325709025065,59.96002664890073
part_005.mp4,2039,0,5,0.0255723990356879,0.7674999237060547,0.4994498076262297,5,0.0255723990356879,0.7674999237060547,59.96002664890073
part_005.mp4,2040,0,4,0.0252260852455219,0.7662352879842123,0.497021738688151,4,0.0252260852455219,0.7662352879842123,59.96002664890073
part_005.mp4,2041,0,5,0.0252955706767776,0.766360855102539,0.4929909176296658,5,0.0252955706767776,0.766360855102539,59.96002664890073
part_005.mp4,2042,0,5,0.0248536550882919,0.7662031173706054,0.4891897413465711,5,0.0248536550882919,0.7662031173706054,59.96002664890073
part_005.mp4,2043,0,4,0.0242796880978723,0.7653759638468425,0.4873340324119285,4,0.0242796880978723,0.7653759638468425,59.96002664890073
part_005.mp4,2044,0,5,0.0239882609024115,0.7640883763631184,0.4842085944281684,5,0.0239882609024115,0.7640883763631184,59.96002664890073
part_005.mp4,2045,0,4,0.0236157459315533,0.7629019419352213,0.4823015001085069,4,0.0236157459315533,0.7629019419352213,59.96002664890073
part_005.mp4,2046,0,4,0.0232130149088334,0.7621152877807618,0.4808631049262152,4,0.0232130149088334,0.7621152877807618,59.96002664890073
part_005.mp4,2047,0,4,0.0226655585154367,0.7605018615722656,0.4776860131157769,4,0.0226655585154367,0.7605018615722656,59.96002664890073
part_005.mp4,2048,0,4,0.0220756585205823,0.758555285135905,0.4731429206000434,4,0.0220756585205823,0.758555285135905,59.96002664890073
part_005.mp4,2049,0,4,0.0217059022077592,0.7582836151123047,0.4680864122178819,4,0.0217059022077592,0.7582836151123047,59.96002664890073
part_005.mp4,2050,0,4,0.0216656708491063,0.758124033610026,0.4609791649712456,4,0.0216656708491063,0.758124033610026,59.96002664890073
part_005.mp4,2051,0,4,0.0213769870391043,0.7573987960815429,0.4585167496292679,4,0.0213769870391043,0.7573987960815429,59.96002664890073
part_005.mp4,2052,0,4,0.021029163998661,0.7561824798583985,0.4546086770516854,4,0.021029163998661,0.7561824798583985,59.96002664890073
part_005.mp4,2053,0,4,0.0204691399706158,0.7549206415812174,0.4518469633879485,4,0.0204691399706158,0.7549206415812174,59.96002664890073
part_005.mp4,2054,0,4,0.0205371607242705,0.7544677734375,0.4502733442518446,4,0.0205371607242705,0.7544677734375,59.96002664890073
part_005.mp4,2055,0,4,0.0199977724625771,0.7530664443969727,0.4461280116328486,4,0.0199977724625771,0.7530664443969727,59.96002664890073
part_005.mp4,2056,0,4,0.0199271946146733,0.7524946212768555,0.4439960621021412,4,0.0199271946146733,0.7524946212768555,59.96002664890073
part_005.mp4,2057,0,4,0.0193754953925909,0.751559321085612,0.4403163627341941,4,0.0193754953925909,0.751559321085612,59.96002664890073
part_005.mp4,2058,0,5,0.0192763483498452,0.7515242258707683,0.4370929718017578,5,0.0192763483498452,0.7515242258707683,59.96002664890073
part_005.mp4,2059,0,4,0.0191027348033094,0.7492971420288086,0.432385508219401,4,0.0191027348033094,0.7492971420288086,59.96002664890073
part_005.mp4,2060,0,6,0.0189516265785641,0.7491249084472656,0.4262960222032335,5,0.0189516265785641,0.7491249084472656,59.96002664890073
part_005.mp4,2061,0,5,0.0184113206224279,0.7477358500162761,0.4257951241952402,4,0.0184113206224279,0.7477358500162761,59.96002664890073
part_005.mp4,2062,0,5,0.0181741939394285,0.7466608047485351,0.4230125003390842,4,0.0181741939394285,0.7466608047485351,59.96002664890073
part_005.mp4,2063,0,5,0.0179377455225309,0.7464731216430665,0.423985120985243,4,0.0179377455225309,0.7464731216430665,59.96002664890073
part_005.mp4,2064,0,5,0.0175700608668881,0.7454268773396809,0.4228207482231987,4,0.0175700608668881,0.7454268773396809,59.96002664890073
part_005.mp4,2065,0,6,0.0174220056468523,0.7450401306152343,0.420408206515842,5,0.0174220056468523,0.7450401306152343,59.96002664890073
part_005.mp4,2066,0,5,0.0170295491606898,0.7436052958170573,0.4187359421341508,4,0.0170295491606898,0.7436052958170573,59.96002664890073
part_005.mp4,2067,0,5,0.0168081196460789,0.7429773330688476,0.4165022249575014,4,0.0168081196460789,0.7429773330688476,59.96002664890073
part_005.mp4,2068,0,5,0.0166336810005682,0.7421082178751628,0.4122281109845196,4,0.0166336810005682,0.7421082178751628,59.96002664890073
part_005.mp4,2069,0,6,0.0164143779114803,0.741749382019043,0.4093822479248047,5,0.0164143779114803,0.741749382019043,59.96002664890073
part_005.mp4,2070,0,6,0.0160979723848383,0.7411064147949219,0.4069833543565538,5,0.0160979723848383,0.7411064147949219,59.96002664890073
part_005.mp4,2071,0,6,0.0156164366116152,0.7403286616007487,0.405745612250434,5,0.0156164366116152,0.7403286616007487,59.96002664890073
part_005.mp4,2072,0,6,0.0155112966816307,0.7401617050170899,0.399992342348452,5,0.0155112966816307,0.7401617050170899,59.96002664890073
part_005.mp4,2073,0,6,0.01568434515761,0.7395864486694336,0.3958241780598958,5,0.01568434515761,0.7395864486694336,59.96002664890073
part_005.mp4,2074,0,6,0.0154300209807438,0.739291763305664,0.3943165673149956,5,0.0154300209807438,0.739291763305664,59.96002664890073
part_005.mp4,2075,0,5,0.0151959711747864,0.7379477183024089,0.3925528632269965,4,0.0151959711747864,0.7379477183024089,59.96002664890073
part_005.mp4,2076,0,5,0.0150064203093885,0.7377712885538737,0.3887457529703776,4,0.0150064203093885,0.7377712885538737,59.96002664890073
part_005.mp4,2077,0,6,0.0148619743094335,0.7375675837198893,0.3856021598533348,5,0.0148619743094335,0.7375675837198893,59.96002664890073
part_005.mp4,2078,0,6,0.0148682821639199,0.737163798014323,0.3834516030770761,5,0.0148682821639199,0.737163798014323,59.96002664890073
part_005.mp4,2079,0,6,0.0146488568940791,0.7365538279215494,0.3822349972195095,5,0.0146488568940791,0.7365538279215494,59.96002664890073
part_005.mp4,2080,0,5,0.0147082947270596,0.7360206604003906,0.3790660575584129,4,0.0147082947270596,0.7360206604003906,59.96002664890073
part_005.mp4,2081,0,5,0.0145050212289447,0.7350121815999349,0.3761158978497541,4,0.0145050212289447,0.7350121815999349,59.96002664890073
part_005.mp4,2082,0,7,0.0148077166016203,0.7993196487426758,0.863659127553304,6,0.0142429639303979,0.7338921864827473,59.96002664890073
part_005.mp4,2083,0,6,0.0152597899954609,0.7994673411051433,0.8603175551803024,5,0.0137309164338404,0.7326372782389323,59.96002664890073
part_005.mp4,2084,0,5,0.0157062355034496,0.798862075805664,0.857074949476454,4,0.0138330976056157,0.7328071594238281,59.96002664890073
part_005.mp4,2085,0,5,0.01580005832183,0.7978804270426433,0.8546798494127061,4,0.013949773937606,0.7328092575073242,59.96002664890073
part_005.mp4,2086,0,5,0.0165733384649774,0.7977198282877604,0.8493500232696534,4,0.0139930259519207,0.7326452891031902,59.96002664890073
part_005.mp4,2087,0,5,0.0170651114004067,0.7975183486938476,0.8446684731377496,4,0.0139473724578339,0.7327760696411133,59.96002664890073
part_005.mp4,2088,0,5,0.0176369336033966,0.797909164428711,0.8404710681350143,4,0.0138661372937915,0.7321394602457683,59.96002664890073
part_005.mp4,2089,0,6,0.0176011559646774,0.7954343795776367,0.8375398070723922,5,0.0135279272886188,0.7318443934122721,59.96002664890073
part_005.mp4,2090,0,6,0.0175998009077577,0.7936142603556315,0.8356733322143555,5,0.0138155491509651,0.730693499247233,59.96002664890073
part_005.mp4,2091,0,5,0.018104057867337,0.794656244913737,0.8328334808349609,4,0.0140678716450929,0.7306040445963542,59.96002664890073
part_005.mp4,2092,0,5,0.0183048476197412,0.7931495666503906,0.8289357132381863,4,0.0141971759112924,0.7304800669352214,59.96002664890073
part_005.mp4,2093,0,5,0.0180532704999495,0.7912157058715821,0.8279548433091906,4,0.0141778161284121,0.7300511042277018,59.96002664890073
part_005.mp4,2094,0,5,0.0175364492282554,0.7861536661783854,0.8235551410251194,4,0.0142442340020594,0.7294361114501953,59.96002664890073
part_005.mp4,2095,0,5,0.0178786843379283,0.7849069595336914,0.8198565023916738,4,0.0143251664158068,0.7285247166951497,59.96002664890073
part_005.mp4,2096,0,5,0.0184501798815571,0.7859340667724609,0.8175556253503871,4,0.014405619550935,0.7285919189453125,59.96002664890073
part_005.mp4,2097,0,4,0.0185470803149049,0.7852170944213868,0.8152696185641819,3,0.0147012064172304,0.7273418426513671,59.96002664890073
part_005.mp4,2098,0,4,0.0185957128416788,0.784334373474121,0.8133635909469039,3,0.014683926539696,0.726842753092448,59.96002664890073
part_005.mp4,2099,0,4,0.0196825396302301,0.786537233988444,0.8104747984144423,3,0.0148089162138614,0.7259878794352214,59.96002664890073
part_005.mp4,2100,1,3,0.0203042786726049,0.78680419921875,0.807011710272895,2,0.0150612585405178,0.7260904312133789,59.96002664890073
part_005.mp4,2101,1,3,0.0204409574339418,0.7855221430460612,0.804258049858941,2,0.0151642639264586,0.7250677744547526,59.96002664890073
part_005.mp4,2102,1,3,0.0208800661462656,0.7869194666544597,0.8024197048611111,2,0.0154357336515386,0.7248654047648112,59.96002664890073
part_005.mp4,2103,1,3,0.0214264088676201,0.7878147761027018,0.8001721911960178,2,0.0158630523499515,0.7247703552246094,59.96002664890073
part_005.mp4,2104,1,3,0.0220100769426412,0.7888275146484375,0.7970301734076606,2,0.0161432775924374,0.7252434412638347,59.96002664890073
part_005.mp4,2105,1,3,0.0222498097659748,0.7892258326212566,0.7946259392632379,2,0.0159946062713344,0.7247687657674153,59.96002664890073
part_005.mp4,2106,1,3,0.0229436457430225,0.7908718109130859,0.7931432300143771,2,0.0161226078167048,0.7254570643107097,59.96002664890073
part_005.mp4,2107,1,3,0.0232494054985646,0.790926996866862,0.790994714807581,2,0.0161292239635561,0.7255390167236329,59.96002664890073
part_005.mp4,2108,1,3,0.0236179732166433,0.7910924911499023,0.7879417419433594,2,0.0163295012049073,0.7259274800618489,59.96002664890073
part_005.mp4,2109,1,3,0.0239684232193798,0.7916055679321289,0.7857325659857856,2,0.0164345547161496,0.7258707682291666,59.96002664890073
part_005.mp4,2110,1,4,0.0241600059584016,0.7913613001505534,0.7842216491699219,3,0.0166401698288542,0.7259644826253255,59.96002664890073
part_005.mp4,2111,1,4,0.0245357328389945,0.7910238901774088,0.7800090577867296,3,0.0168831277225399,0.7261037190755208,59.96002664890073
part_005.mp4,2112,1,4,0.0250444944818607,0.7915260314941406,0.7771859345612703,3,0.0170087078523593,0.7264862696329752,59.96002664890073
part_005.mp4,2113,1,4,0.0253122469750761,0.7920350392659505,0.7762328677707249,3,0.0169822409656383,0.7270711898803711,59.96002664890073
part_005.mp4,2114,1,4,0.0256611272819982,0.7924329121907552,0.7752798574942129,3,0.0173660361733345,0.7274602890014649,59.96002664890073
part_005.mp4,2115,1,4,0.025660193888899,0.7919642766316731,0.7749923494127061,3,0.0174398833475694,0.7278620402018229,59.96002664890073
part_005.mp4,2116,1,4,0.0264640805806064,0.7940258026123047,0.7730547799004449,3,0.0179455780900186,0.7291802088419597,59.96002664890073
part_005.mp4,2117,1,4,0.0274677820737512,0.7957873026529948,0.7686089833577474,3,0.0179446244967618,0.7299716949462891,59.96002664890073
part_005.mp4,2118,1,4,0.028549206818441,0.7985055923461915,0.7653373718261719,3,0.0179269513073894,0.7303572336832682,59.96002664890073
part_005.mp4,2119,1,4,0.0289440146443343,0.7981361389160156,0.7644796583387586,3,0.0179429056798539,0.7307045618693034,59.96002664890073
part_005.mp4,2120,1,4,0.0292637662670393,0.797817611694336,0.7610649391456886,3,0.0180875182665692,0.7310370127360026,59.96002664890073
part_005.mp4,2121,1,4,0.0298805534664849,0.7998554229736328,0.7588346198753074,3,0.0182174741964478,0.7313444137573242,59.96002664890073
part_005.mp4,2122,1,4,0.030151075834587,0.8003334045410156,0.7571151521470811,3,0.0185148325016942,0.7314575831095378,59.96002664890073
part_005.mp4,2123,1,4,0.0304758081328314,0.7998727798461914,0.7543721163714373,3,0.0185196181855334,0.7311563491821289,59.96002664890073
part_005.mp4,2124,1,4,0.0301947835232931,0.7989808400472005,0.7509804831610786,3,0.0185699234925171,0.7312022527058919,59.96002664890073
part_005.mp4,2125,1,4,0.0304638509465601,0.7997986475626627,0.7503266793710214,3,0.0188456171253831,0.731019401550293,59.96002664890073
part_005.mp4,2126,1,4,0.0304375665580785,0.7992271423339844,0.7491921742757162,3,0.0189567916630767,0.7307939529418945,59.96002664890073
part_005.mp4,2127,1,4,0.0307802389163479,0.7989749908447266,0.746389466744882,3,0.0192151324157434,0.7316174189249675,59.96002664890073
part_005.mp4,2128,1,4,0.0310298990863871,0.7995150248209636,0.7474502563476563,3,0.0192761345184677,0.731219482421875,59.96002664890073
part_005.mp4,2129,1,4,0.0311453444456047,0.798205820719401,0.7458195156521268,3,0.0189618282980787,0.7301569620768229,59.96002664890073
part_005.mp4,2130,1,4,0.031364306428803,0.7976806640625,0.7435174518161349,3,0.0189031647925299,0.729318110148112,59.96002664890073
part_005.mp4,2131,1,5,0.0314210301910075,0.7968541463216146,0.7405973151878075,4,0.0195951008153389,0.7303504943847656,59.96002664890073
part_005.mp4,2132,1,5,0.0314459834768664,0.7957196553548177,0.7388778474595812,4,0.0192355649980082,0.7303628921508789,59.96002664890073
part_005.mp4,2133,1,5,0.0316370440461981,0.7955721537272136,0.7368290230079934,4,0.0196835691778903,0.7314551035563152,59.96002664890073
part_005.mp4,2134,1,4,0.0313027375471736,0.7942577997843424,0.7371285756429037,3,0.0199046106237801,0.7323252360026041,59.96002664890073
part_005.mp4,2135,1,4,0.0318361808718354,0.7948114395141601,0.7365940235279225,3,0.0198389481288797,0.7315135955810547,59.96002664890073
part_005.mp4,2136,1,4,0.0312355576710575,0.7928860346476237,0.7371876186794705,3,0.0199525653404028,0.7319303512573242,59.96002664890073
part_005.mp4,2137,1,4,0.0316810142440671,0.7935489654541016,0.7355441411336263,3,0.0205124493839199,0.7344894409179688,59.96002664890073
part_005.mp4,2138,1,4,0.0321481986558865,0.794053332010905,0.7331769095526801,3,0.0210779923641045,0.7364629745483399,59.96002664890073
part_005.mp4,2139,1,5,0.0322338023287186,0.7932602564493815,0.7307610193888346,4,0.0209392330830451,0.7359991073608398,59.96002664890073
part_005.mp4,2140,1,5,0.0324683104896151,0.7934219996134441,0.7294729868570964,4,0.0213616790987995,0.7367415110270182,59.96002664890073
part_005.mp4,2141,1,6,0.0325567919481545,0.7932161331176758,0.7282414754231771,5,0.0217432715550886,0.7374884287516276,59.96002664890073
part_005.mp4,2142,1,6,0.032731843685949,0.792416000366211,0.7250083004986798,5,0.0217247009654058,0.7392431894938151,59.96002664890073
part_005.mp4,2143,1,5,0.0329336999887891,0.7922152201334636,0.7227887471516927,4,0.0219218961375062,0.7396568934122721,59.96002664890073
part_005.mp4,2144,1,6,0.0333490300812021,0.7921823501586914,0.7194663789537218,5,0.0221495476285323,0.7402811686197917,59.96002664890073
part_005.mp4,2145,1,5,0.0334582258334921,0.7915855407714844,0.7167117012871637,4,0.0224350911566346,0.7406330108642578,59.96002664890073
part_005.mp4,2146,1,5,0.0333386000607182,0.7903465906778971,0.711872567070855,4,0.0225744340157931,0.7415069580078125,59.96002664890073
part_005.mp4,2147,1,4,0.0328601369426178,0.7893291473388672,0.7117960823906793,3,0.0228475502179863,0.7417894999186198,59.96002664890073
part_005.mp4,2148,1,4,0.0330369328297948,0.7887311935424804,0.7098683922379105,3,0.0232146636194321,0.7420732498168945,59.96002664890073
part_005.mp4,2149,1,4,0.0328966073944087,0.7884447733561198,0.7111115844161422,3,0.0231392846544838,0.7418968200683593,59.96002664890073
part_005.mp4,2150,1,3,0.0334231530715435,0.7894109725952149,0.7087421982376664,2,0.0235479581630127,0.7424308776855468,59.96002664890073
part_005.mp4,2151,1,4,0.0327873026908916,0.7874640146891276,0.710281064775255,3,0.0234868056828085,0.7426689147949219,59.96002664890073
part_005.mp4,2152,1,4,0.0324188491217123,0.7863945007324219,0.7105787383185492,3,0.0238651686963513,0.7426105499267578,59.96002664890073
part_005.mp4,2153,1,3,0.0326546795561259,0.7863077799479167,0.7088687932049786,2,0.024149113340051,0.7428123474121093,59.96002664890073
part_005.mp4,2154,1,4,0.0323353686417896,0.7844872156778971,0.7075857798258464,3,0.0242990115203914,0.7428667068481445,59.96002664890073
part_005.mp4,2155,1,4,0.0325389656263337,0.7832361857096354,0.7034541377314815,3,0.0247535597183741,0.7441650390625,59.96002664890073
part_005.mp4,2156,1,4,0.032552005069572,0.7830947875976563,0.7035040855407715,3,0.0254139666974488,0.7455868403116862,59.96002664890073
part_005.mp4,2157,1,3,0.0327299444203881,0.7830159505208333,0.7019587693391023,2,0.0256486548058545,0.7461872736612956,59.96002664890073
part_005.mp4,2158,1,3,0.0326927431330895,0.7823862075805664,0.7012141474971065,2,0.0258342689794813,0.7466890335083007,59.96002664890073
part_005.mp4,2159,1,3,0.032684332370817,0.7830280939737956,0.7032711912084508,2,0.0262156152501874,0.7476264953613281,59.96002664890073
part_005.mp4,2160,1,3,0.0328950635282483,0.7829477945963542,0.7015901494909216,2,0.0267561738009573,0.748732058207194,59.96002664890073
part_005.mp4,2161,1,4,0.0333080371898929,0.7837554931640625,0.7007294584203649,3,0.0264828546773329,0.7487547556559245,59.96002664890073
part_005.mp4,2162,1,4,0.0330007193465172,0.783583132425944,0.7023157826176396,3,0.0266117469055785,0.7488033294677734,59.96002664890073
part_005.mp4,2163,1,3,0.0326553080082764,0.7826181411743164,0.7034269756740994,2,0.0266365758382663,0.7495470682779948,59.96002664890073
part_005.mp4,2164,1,3,0.0325700470373712,0.7820497512817383,0.7036730695653844,2,0.0269352276297286,0.7498831431070964,59.96002664890073
part_005.mp4,2165,1,4,0.0323600332786056,0.7814241409301758,0.7034523328145345,3,0.0270496878551299,0.7493515014648438,59.96002664890073
part_005.mp4,2166,1,2,0.0320296547542461,0.7800357182820638,0.7037846353318956,1,0.0271350163655329,0.7486993153889974,59.96002664890073
part_005.mp4,2167,1,5,0.0319250325371364,0.7793142318725585,0.7029427563702618,4,0.0272576040281758,0.7494394302368164,59.96002664890073
part_005.mp4,2168,1,4,0.0316434416437631,0.7787277857462566,0.7036968866984049,3,0.0273194071756572,0.7493289947509766,59.96002664890073
part_005.mp4,2169,1,4,0.0314284029761256,0.7786863962809245,0.7065457026163737,3,0.0274732658278716,0.7507223129272461,59.96002664890073
part_005.mp4,2170,1,4,0.0310939252639097,0.7780223846435547,0.7082179387410482,3,0.0277349036636641,0.7503567377726237,59.96002664890073
part_005.mp4,2171,1,4,0.0309690775630534,0.7778923670450847,0.7098496048538773,3,0.0286140297613046,0.7519124984741211,59.96002664890073
part_005.mp4,2172,1,4,0.0308348234190823,0.7771217981974284,0.7093609386020236,3,0.0287043120764967,0.7525295893351237,59.96002664890073
part_005.mp4,2173,1,6,0.03068053575997,0.7765673319498698,0.7098596254984538,5,0.0288820189424667,0.7530200322469075,59.96002664890073
part_005.mp4,2174,1,4,0.0304385771186232,0.7757876078287761,0.7098088829605668,3,0.0291951850321097,0.7534929911295573,59.96002664890073
part_005.mp4,2175,1,4,0.029869237423724,0.7746992746988932,0.7116298746179651,3,0.0293435457220766,0.7533712387084961,59.96002664890073
part_005.mp4,2176,1,5,0.0297670644205451,0.7542912165323893,0.218386897334346,4,0.0297670644205451,0.7542912165323893,59.96002664890073
part_005.mp4,2177,1,4,0.0301521093353545,0.7547510782877604,0.2220315156159577,3,0.0301521093353545,0.7547510782877604,59.96002664890073
part_005.mp4,2178,1,4,0.0303764031688038,0.7554462432861329,0.2241748668529369,3,0.0303764031688038,0.7554462432861329,59.96002664890073
part_005.mp4,2179,1,6,0.0305875775725674,0.7551454544067383,0.2264592206036603,5,0.0305875775725674,0.7551454544067383,59.96002664890073
part_005.mp4,2180,1,6,0.0311076543073404,0.7557787577311198,0.2287570246943721,5,0.0311076543073404,0.7557787577311198,59.96002664890073
part_005.mp4,2181,1,5,0.031236166919256,0.755430793762207,0.2325018423574942,4,0.031236166919256,0.755430793762207,59.96002664890073
part_005.mp4,2182,1,5,0.0324021949316375,0.7573816935221355,0.2392354329427083,4,0.0324021949316375,0.7573816935221355,59.96002664890073
part_005.mp4,2183,1,4,0.0326464191392814,0.7572155634562174,0.2396176090946904,3,0.0326464191392814,0.7572155634562174,59.96002664890073
part_005.mp4,2184,1,4,0.0324038353722102,0.7565996805826823,0.2427448413990162,3,0.0324038353722102,0.7565996805826823,59.96002664890073
part_005.mp4,2185,1,4,0.0339864599933261,0.7568719863891602,0.2316310741283275,3,0.0339864599933261,0.7568719863891602,59.96002664890073
part_005.mp4,2186,1,4,0.0353790053865668,0.756999397277832,0.2213719827157479,3,0.0353790053865668,0.756999397277832,59.96002664890073
part_005.mp4,2187,1,4,0.032918100437552,0.7560112635294597,0.2422420501708984,3,0.032918100437552,0.7560112635294597,59.96002664890073
part_005.mp4,2188,1,5,0.0323326363366235,0.7571488698323567,0.2513082998770254,4,0.0323326363366235,0.7571488698323567,59.96002664890073
part_005.mp4,2189,1,4,0.0326287323629367,0.7588709513346354,0.2554513012921369,3,0.0326287323629367,0.7588709513346354,59.96002664890073
part_005.mp4,2190,1,4,0.0324696752310419,0.7575850168863932,0.2557264822500723,3,0.0324696752310419,0.7575850168863932,59.96002664890073
part_005.mp4,2191,1,4,0.0322209025972183,0.7571517944335937,0.2584550928186487,3,0.0322209025972183,0.7571517944335937,59.96002664890073
part_005.mp4,2192,1,4,0.0330915415473228,0.7582437515258789,0.2644434893572772,3,0.0330915415473228,0.7582437515258789,59.96002664890073
part_005.mp4,2193,1,4,0.0334249151888663,0.7589334487915039,0.2689656858091001,3,0.0334249151888663,0.7589334487915039,59.96002664890073
part_005.mp4,2194,1,4,0.0334649039958188,0.7582948684692383,0.2708796324553313,3,0.0334649039958188,0.7582948684692383,59.96002664890073
part_005.mp4,2195,1,4,0.0341027898079914,0.7598806381225586,0.2766813772696035,3,0.0341027898079914,0.7598806381225586,59.96002664890073
part_005.mp4,2196,1,4,0.0341993792131068,0.7593120574951172,0.2796376546223958,3,0.0341993792131068,0.7593120574951172,59.96002664890073
part_005.mp4,2197,1,4,0.0343815444716192,0.7604240417480469,0.2817202532732928,3,0.0343815444716192,0.7604240417480469,59.96002664890073
part_005.mp4,2198,1,4,0.0350709017042363,0.7606573104858398,0.2875700491446036,3,0.0350709017042363,0.7606573104858398,59.96002664890073
part_005.mp4,2199,1,4,0.0354359347115839,0.7601685841878255,0.2915583716498481,3,0.0354359347115839,0.7601685841878255,59.96002664890073
part_005.mp4,2200,1,4,0.0366982014893114,0.7623447418212891,0.2955481635199652,3,0.0366982014893114,0.7623447418212891,59.96002664890073
part_005.mp4,2201,1,4,0.0371724251099173,0.7636573791503907,0.2956549609148944,3,0.0371724251099173,0.7636573791503907,59.96002664890073
part_005.mp4,2202,1,4,0.0380558267880675,0.764811642964681,0.2961302156801577,3,0.0380558267880675,0.764811642964681,59.96002664890073
part_005.mp4,2203,1,4,0.0377935170107876,0.7641783396402995,0.2959268358018663,3,0.0377935170107876,0.7641783396402995,59.96002664890073
part_005.mp4,2204,1,4,0.0377367992707877,0.76361509958903,0.2977013764558015,3,0.0377367992707877,0.76361509958903,59.96002664890073
part_005.mp4,2205,1,4,0.037886372594989,0.7640221277872722,0.2994513476336444,3,0.037886372594989,0.7640221277872722,59.96002664890073
part_005.mp4,2206,1,4,0.0381732824253979,0.7644088745117188,0.3009271833631727,3,0.0381732824253979,0.7644088745117188,59.96002664890073
part_005.mp4,2207,1,4,0.0385822172727057,0.7648006439208984,0.304074223836263,3,0.0385822172727057,0.7648006439208984,59.96002664890073
part_005.mp4,2208,1,3,0.0385031846628407,0.7644555409749348,0.3050049393265335,2,0.0385031846628407,0.7644555409749348,59.96002664890073
part_005.mp4,2209,1,3,0.0390674631115779,0.7651290893554688,0.3074926023130063,2,0.0390674631115779,0.7651290893554688,59.96002664890073
part_005.mp4,2210,1,3,0.0388392198423389,0.7644287109375,0.3098651462131076,2,0.0388392198423389,0.7644287109375,59.96002664890073
part_005.mp4,2211,1,3,0.038867169094972,0.7639841079711914,0.3109748133906612,2,0.038867169094972,0.7639841079711914,59.96002664890073
part_005.mp4,2212,1,4,0.0391790925491174,0.7642777125040691,0.3129691371211299,3,0.0391790925491174,0.7642777125040691,59.96002664890073
part_005.mp4,2213,1,4,0.0395646458160546,0.7649885177612304,0.3142175745081018,3,0.0395646458160546,0.7649885177612304,59.96002664890073
part_005.mp4,2214,1,4,0.0400190550310951,0.7662741978963216,0.3175115232114439,3,0.0400190550310951,0.7662741978963216,59.96002664890073
part_005.mp4,2215,1,4,0.0413795232766925,0.7693147659301758,0.3238078788474754,3,0.0413795232766925,0.7693147659301758,59.96002664890073
part_005.mp4,2216,1,5,0.0414398186253674,0.7690663019816081,0.3247957865397135,4,0.0414398186253674,0.7690663019816081,59.96002664890073
part_005.mp4,2217,1,6,0.0413173951068641,0.7684807459513346,0.327182783903899,5,0.0413173951068641,0.7684807459513346,59.96002664890073
part_005.mp4,2218,1,6,0.0410131672240014,0.767529551188151,0.3302860260009765,5,0.0410131672240014,0.767529551188151,59.96002664890073
part_005.mp4,2219,1,6,0.0407822035318369,0.7667629241943359,0.3315764815719039,5,0.0407822035318369,0.7667629241943359,59.96002664890073
part_005.mp4,2220,1,5,0.0406328506152688,0.7662376403808594,0.3324624803331163,4,0.0406328506152688,0.7662376403808594,59.96002664890073
part_005.mp4,2221,1,5,0.0409590577227828,0.7669977188110352,0.3351313555682147,4,0.0409590577227828,0.7669977188110352,59.96002664890073
part_005.mp4,2222,1,5,0.0414807792809976,0.7680363337198893,0.3360465014422381,4,0.0414807792809976,0.7680363337198893,59.96002664890073
part_005.mp4,2223,1,5,0.0420207450168985,0.7690304438273112,0.3384835419831452,4,0.0420207450168985,0.7690304438273112,59.96002664890073
part_005.mp4,2224,1,5,0.0423118217596412,0.7693241119384766,0.340548833211263,4,0.0423118217596412,0.7693241119384766,59.96002664890073
part_005.mp4,2225,1,5,0.0425465407764325,0.7700033187866211,0.3427641409414786,4,0.0425465407764325,0.7700033187866211,59.96002664890073
part_005.mp4,2226,1,5,0.0426740270456422,0.7698114395141602,0.3439651630542896,4,0.0426740270456422,0.7698114395141602,59.96002664890073
part_005.mp4,2227,1,5,0.0430068253693025,0.7708422342936198,0.3447899853741681,4,0.0430068253693025,0.7708422342936198,59.96002664890073
part_005.mp4,2228,1,5,0.0438804897929205,0.7721707026163737,0.3469011659975405,4,0.0438804897929205,0.7721707026163737,59.96002664890073
part_005.mp4,2229,1,5,0.0440383958661792,0.7716028849283855,0.3491206698947482,4,0.0440383958661792,0.7716028849283855,59.96002664890073
part_005.mp4,2230,1,5,0.0443458929163817,0.7723882675170899,0.3503518563729745,4,0.0443458929163817,0.7723882675170899,59.96002664890073
part_005.mp4,2231,1,4,0.0448335459877853,0.7732318878173828,0.3525523150408709,3,0.0448335459877853,0.7732318878173828,59.96002664890073
part_005.mp4,2232,1,4,0.0451272835356095,0.7737630844116211,0.3536994368941695,3,0.0451272835356095,0.7737630844116211,59.96002664890073
part_005.mp4,2233,1,4,0.0457781688931411,0.7742195129394531,0.3569688726354528,3,0.0457781688931411,0.7742195129394531,59.96002664890073
part_005.mp4,2234,1,4,0.0456940153370184,0.7743090311686198,0.3584154764811197,3,0.0456940153370184,0.7743090311686198,59.96002664890073
part_005.mp4,2235,1,4,0.0454175321235164,0.7748188654581706,0.3600461889196325,3,0.0454175321235164,0.7748188654581706,59.96002664890073
part_005.mp4,2236,1,5,0.0455657350839644,0.7749964396158854,0.3613670066550926,3,0.0455657350839644,0.7749964396158854,59.96002664890073
part_005.mp4,2237,1,6,0.0460833281405211,0.7744955062866211,0.3651456620958116,4,0.0460833281405211,0.7744955062866211,59.96002664890073
part_005.mp4,2238,1,7,0.0458502241571194,0.7738886515299479,0.3642642833568432,5,0.0458502241571194,0.7738886515299479,59.96002664890073
part_005.mp4,2239,1,7,0.0463479349383204,0.7727276484171549,0.3687076568603515,5,0.0463479349383204,0.7727276484171549,59.96002664890073
part_005.mp4,2240,1,7,0.0465546564863594,0.7733049392700195,0.3687387113217954,5,0.0465546564863594,0.7733049392700195,59.96002664890073
part_005.mp4,2241,1,6,0.0464735967814825,0.7739006042480469,0.3668259090847439,4,0.0464735967814825,0.7739006042480469,59.96002664890073
part_005.mp4,2242,1,7,0.0469512477157695,0.7738007227579753,0.3705041249593099,5,0.0469512477157695,0.7738007227579753,59.96002664890073
part_005.mp4,2243,1,8,0.0483614485185535,0.7739260355631511,0.3798663245307074,6,0.0483614485185535,0.7739260355631511,59.96002664890073
part_005.mp4,2244,1,5,0.0481086962265544,0.7733826319376628,0.3815044826931423,3,0.0481086962265544,0.7733826319376628,59.96002664890073
part_005.mp4,2245,1,7,0.0484361176021209,0.7729198455810546,0.3889149136013455,5,0.0484361176021209,0.7729198455810546,59.96002664890073
part_005.mp4,2246,1,7,0.0485536404806771,0.7736466089884441,0.3897097552264178,5,0.0485536404806771,0.7736466089884441,59.96002664890073
part_005.mp4,2247,1,7,0.0480832300862487,0.7741557439168294,0.3859677915219907,5,0.0480832300862487,0.7741557439168294,59.96002664890073
part_005.mp4,2248,1,5,0.0484697794231302,0.7735435485839843,0.3919625317608868,3,0.0484697794231302,0.7735435485839843,59.96002664890073
part_005.mp4,2249,1,4,0.0476917192727193,0.7737150192260742,0.38357829341182,3,0.0476917192727193,0.7737150192260742,59.96002664890073
part_005.mp4,2250,1,4,0.0476911884127292,0.7749331156412761,0.3797356216995804,3,0.0476911884127292,0.7749331156412761,59.96002664890073
part_005.mp4,2251,1,5,0.0479452015348296,0.7752577463785807,0.3810673466435185,3,0.0479452015348296,0.7752577463785807,59.96002664890073
part_005.mp4,2252,1,4,0.0479176493596363,0.774829610188802,0.383933342827691,3,0.0479176493596363,0.774829610188802,59.96002664890073
part_005.mp4,2253,1,4,0.0484886249541779,0.7745375315348307,0.3887641624168113,3,0.0484886249541779,0.7745375315348307,59.96002664890073
part_005.mp4,2254,1,4,0.0480760069426011,0.7741184234619141,0.3880404719599971,3,0.0480760069426011,0.7741184234619141,59.96002664890073
part_005.mp4,2255,1,4,0.0481261323162542,0.7740656534830729,0.3885620682327835,3,0.0481261323162542,0.7740656534830729,59.96002664890073
part_005.mp4,2256,1,4,0.0476729995855108,0.773719596862793,0.3855520884195964,3,0.0476729995855108,0.773719596862793,59.96002664890073
part_005.mp4,2257,1,4,0.0476575002600805,0.7743898391723633,0.3834522953739873,3,0.0476575002600805,0.7743898391723633,59.96002664890073
part_005.mp4,2258,1,5,0.0473582491770745,0.7739965438842773,0.380188313236943,4,0.0473582491770745,0.7739965438842773,59.96002664890073
part_005.mp4,2259,1,5,0.0472179001223987,0.7738569259643555,0.3783956457067419,4,0.0472179001223987,0.7738569259643555,59.96002664890073
part_005.mp4,2260,1,6,0.0473585959241097,0.7741413752237956,0.3774324911612051,5,0.0473585959241097,0.7741413752237956,59.96002664890073
part_005.mp4,2261,1,6,0.0474059249234738,0.7749128977457682,0.3789452022976345,5,0.0474059249234738,0.7749128977457682,59.96002664890073
part_005.mp4,2262,1,6,0.0474897865042698,0.7748138427734375,0.37792318838614,5,0.0474897865042698,0.7748138427734375,59.96002664890073
part_005.mp4,2263,1,5,0.0473459050095267,0.7748270034790039,0.3785153141728154,4,0.0473459050095267,0.7748270034790039,59.96002664890073
part_005.mp4,2264,1,5,0.0473554725860594,0.7750394821166993,0.3773167080349392,4,0.0473554725860594,0.7750394821166993,59.96002664890073
part_005.mp4,2265,1,6,0.0471650044154968,0.775158182779948,0.3784419730857566,5,0.0471650044154968,0.775158182779948,59.96002664890073
part_005.mp4,2266,1,6,0.0474609931030297,0.7754671732584636,0.3784752598515263,5,0.0474609931030297,0.7754671732584636,59.96002664890073
part_005.mp4,2267,1,6,0.0473357218630553,0.7754570007324219,0.3791727984393084,5,0.0473357218630553,0.7754570007324219,59.96002664890073
part_005.mp4,2268,1,5,0.0472062791683182,0.7756321589152019,0.3806648113109447,4,0.0472062791683182,0.7756321589152019,59.96002664890073
part_005.mp4,2269,1,5,0.0470571909506794,0.7756523768107096,0.3814991279884621,4,0.0470571909506794,0.7756523768107096,59.96002664890073
part_005.mp4,2270,1,5,0.0471094814356075,0.7757994333902994,0.3831146522804542,4,0.0471094814356075,0.7757994333902994,59.96002664890073
part_005.mp4,2271,1,5,0.0472305981189964,0.7755858103434244,0.3822341495090061,4,0.0472305981189964,0.7755858103434244,59.96002664890073
part_005.mp4,2272,1,5,0.047444016490179,0.7762084325154622,0.3829786512586806,4,0.047444016490179,0.7762084325154622,59.96002664890073
part_005.mp4,2273,1,5,0.0474444194266888,0.7761421839396159,0.3824424037226924,4,0.0474444194266888,0.7761421839396159,59.96002664890073
part_005.mp4,2274,1,5,0.047468135896903,0.7763016382853191,0.3840501855920862,4,0.047468135896903,0.7763016382853191,59.96002664890073
part_005.mp4,2275,1,5,0.0474142366847458,0.7761764526367188,0.3846464651602286,4,0.0474142366847458,0.7761764526367188,59.96002664890073
part_005.mp4,2276,1,5,0.0476268399468002,0.7763258616129557,0.3843688117133246,4,0.0476268399468002,0.7763258616129557,59.96002664890073
part_005.mp4,2277,1,6,0.047728918919484,0.7761367797851563,0.3837881724039713,5,0.047728918919484,0.7761367797851563,59.96002664890073
part_005.mp4,2278,1,5,0.0480675135727488,0.7765756607055664,0.3838204136601201,4,0.0480675135727488,0.7765756607055664,59.96002664890073
part_005.mp4,2279,1,5,0.048067522897201,0.7763603210449219,0.3834867124204282,4,0.048067522897201,0.7763603210449219,59.96002664890073
part_005.mp4,2280,1,6,0.0481442510861261,0.7765093485514323,0.383460772479022,5,0.0481442510861261,0.7765093485514323,59.96002664890073
part_005.mp4,2281,1,5,0.0481558316149339,0.7764551798502605,0.3829245390715422,4,0.0481558316149339,0.7764551798502605,59.96002664890073
part_005.mp4,2282,1,5,0.048268566017079,0.7766340255737305,0.382788340250651,4,0.048268566017079,0.7766340255737305,59.96002664890073
part_005.mp4,2283,1,5,0.0483827282195205,0.7766630172729492,0.3821605258517795,4,0.0483827282195205,0.7766630172729492,59.96002664890073
part_005.mp4,2284,1,6,0.0484212069220612,0.7766037623087565,0.3820419452808521,5,0.0484212069220612,0.7766037623087565,59.96002664890073
part_005.mp4,2285,1,6,0.0487494681553895,0.7768310546875,0.3803791046142578,5,0.0487494681553895,0.7768310546875,59.96002664890073
part_005.mp4,2286,1,6,0.0485764483973293,0.7765822092692057,0.3812999160201461,5,0.0485764483973293,0.7765822092692057,59.96002664890073
part_005.mp4,2287,1,6,0.0486701417110937,0.7767040888468425,0.3816639370388455,5,0.0486701417110937,0.7767040888468425,59.96002664890073
part_005.mp4,2288,1,5,0.0488029226871677,0.776682980855306,0.381787618001302,4,0.0488029226871677,0.776682980855306,59.96002664890073
part_005.mp4,2289,1,5,0.048982717389582,0.7764930089314779,0.3811517079671224,4,0.048982717389582,0.7764930089314779,59.96002664890073
part_005.mp4,2290,1,5,0.0492139878239848,0.7769220352172852,0.3829909006754557,4,0.0492139878239848,0.7769220352172852,59.96002664890073
part_005.mp4,2291,1,5,0.0492653025098277,0.776782480875651,0.3845603519015842,4,0.0492653025098277,0.776782480875651,59.96002664890073
part_005.mp4,2292,1,5,0.0494988457241561,0.776974105834961,0.3856072319878472,4,0.0494988457241561,0.776974105834961,59.96002664890073
part_005.mp4,2293,1,5,0.0496382157965989,0.7771427790323894,0.3867121237295645,4,0.0496382157965989,0.7771427790323894,59.96002664890073
part_005.mp4,2294,1,4,0.0496453712815559,0.7770761489868164,0.3873780144585503,3,0.0496453712815559,0.7770761489868164,59.96002664890073
part_005.mp4,2295,1,5,0.0495413421130797,0.7770416259765625,0.3880450354682074,4,0.0495413421130797,0.7770416259765625,59.96002664890073
part_005.mp4,2296,1,5,0.0494207889903676,0.7769060134887695,0.3895281615080657,4,0.0494207889903676,0.7769060134887695,59.96002664890073
part_005.mp4,2297,1,5,0.0493783209249765,0.7766039530436198,0.3899111712420428,4,0.0493783209249765,0.7766039530436198,59.96002664890073
part_005.mp4,2298,1,6,0.0494155645463058,0.7763316472371419,0.3904859330919054,5,0.0494155645463058,0.7763316472371419,59.96002664890073
part_005.mp4,2299,1,5,0.0493552933621398,0.7761074066162109,0.3898961526376229,4,0.0493552933621398,0.7761074066162109,59.96002664890073
part_005.mp4,2300,1,6,0.0493973624586134,0.7759649276733398,0.3899365743001302,5,0.0493973624586134,0.7759649276733398,59.96002664890073
part_005.mp4,2301,1,4,0.0494015083988473,0.7757306416829427,0.3904792644359447,3,0.0494015083988473,0.7757306416829427,59.96002664890073
part_005.mp4,2302,1,4,0.0494752850191327,0.7755359649658203,0.3916816005000361,3,0.0494752850191327,0.7755359649658203,59.96002664890073
part_005.mp4,2303,1,5,0.0495481487596838,0.775271224975586,0.3928654423466435,4,0.0495481487596838,0.775271224975586,59.96002664890073
part_005.mp4,2304,1,5,0.0492739244109813,0.7750730514526367,0.3939376265914351,4,0.0492739244109813,0.7750730514526367,59.96002664890073
part_005.mp4,2305,1,4,0.0492766231483417,0.7748083114624024,0.3952457004123264,3,0.0492766231483417,0.7748083114624024,59.96002664890073
part_005.mp4,2306,1,5,0.0488014807104475,0.7743898391723633,0.396256524545175,4,0.0488014807104475,0.7743898391723633,59.96002664890073
part_005.mp4,2307,1,5,0.0493899135885132,0.7750085830688477,0.3960202111138238,4,0.0493899135885132,0.7750085830688477,59.96002664890073
part_005.mp4,2308,1,5,0.0489775101109801,0.7747978210449219,0.3975110513192636,4,0.0489775101109801,0.7747978210449219,59.96002664890073
part_005.mp4,2309,1,6,0.0490385230636888,0.7747469584147135,0.3990639721905744,5,0.0490385230636888,0.7747469584147135,59.96002664890073
part_005.mp4,2310,1,5,0.0489359572281197,0.7743790944417318,0.4005378016719111,4,0.0489359572281197,0.7743790944417318,59.96002664890073
part_005.mp4,2311,1,5,0.0496016598049512,0.7749225616455078,0.4016049137821904,4,0.0496016598049512,0.7749225616455078,59.96002664890073
part_005.mp4,2312,1,6,0.04947387626303,0.7748581568400065,0.4018772972954644,5,0.04947387626303,0.7748581568400065,59.96002664890073
part_005.mp4,2313,1,6,0.0492933253747379,0.7750108718872071,0.402820007889359,5,0.0492933253747379,0.7750108718872071,59.96002664890073
part_005.mp4,2314,1,5,0.0494393204960538,0.7752381006876627,0.405279216059932,4,0.0494393204960538,0.7752381006876627,59.96002664890073
part_005.mp4,2315,1,5,0.0497161519644901,0.775788942972819,0.4064446484601056,4,0.0497161519644901,0.775788942972819,59.96002664890073
part_005.mp4,2316,1,6,0.0492591432927131,0.775681749979655,0.4079510582817925,5,0.0492591432927131,0.775681749979655,59.96002664890073
part_005.mp4,2317,1,6,0.0488619309522672,0.7756148020426432,0.4093517444751881,5,0.0488619309522672,0.7756148020426432,59.96002664890073
part_005.mp4,2318,1,5,0.0488253802850118,0.7752506891886394,0.4103391859266493,4,0.0488253802850118,0.7752506891886394,59.96002664890073
part_005.mp4,2319,1,5,0.048967009926882,0.7752972284952799,0.4108604996292679,4,0.048967009926882,0.7752972284952799,59.96002664890073
part_005.mp4,2320,1,6,0.0490369416651083,0.7752479553222656,0.4127454121907552,5,0.0490369416651083,0.7752479553222656,59.96002664890073
part_005.mp4,2321,1,7,0.048410831890545,0.7746609369913737,0.4145560087981047,6,0.048410831890545,0.7746609369913737,59.96002664890073
part_005.mp4,2322,1,6,0.0484404852933463,0.7743506113688151,0.4156767385977286,5,0.0484404852933463,0.7743506113688151,59.96002664890073
part_005.mp4,2323,1,6,0.0489317069217644,0.7747042338053386,0.4156452885380498,5,0.0489317069217644,0.7747042338053386,59.96002664890073
part_005.mp4,2324,1,5,0.0491816300845366,0.7747642517089843,0.4166459895946361,4,0.0491816300845366,0.7747642517089843,59.96002664890073
part_005.mp4,2325,1,5,0.0491047599523234,0.7746831893920898,0.4183796776665581,4,0.0491047599523234,0.7746831893920898,59.96002664890073
part_005.mp4,2326,1,5,0.048481679415175,0.773805046081543,0.4205317461932147,4,0.048481679415175,0.773805046081543,59.96002664890073
part_005.mp4,2327,1,6,0.0483254167198255,0.7736391067504883,0.421673004715531,5,0.0483254167198255,0.7736391067504883,59.96002664890073
part_005.mp4,2328,1,6,0.0484520361585569,0.7738039652506511,0.4233682349876121,5,0.0484520361585569,0.7738039652506511,59.96002664890073
part_005.mp4,2329,1,4,0.0484017027978925,0.773730723063151,0.4248296878955982,3,0.0484017027978925,0.773730723063151,59.96002664890073
part_005.mp4,2330,1,4,0.0481897546890347,0.7733345031738281,0.4267785390218099,3,0.0481897546890347,0.7733345031738281,59.96002664890073
part_005.mp4,2331,1,4,0.0482088197108977,0.7736661911010743,0.4288408138133861,3,0.0482088197108977,0.7736661911010743,59.96002664890073
part_005.mp4,2332,1,5,0.0482640383191432,0.7735256830851237,0.4296749114990234,4,0.0482640383191432,0.7735256830851237,59.96002664890073
part_005.mp4,2333,1,6,0.0482746140743526,0.7733626047770182,0.4299364160608362,5,0.0482746140743526,0.7733626047770182,59.96002664890073
part_005.mp4,2334,1,6,0.0484274032133265,0.7737356185913086,0.4303193127667462,5,0.0484274032133265,0.7737356185913086,59.96002664890073
part_005.mp4,2335,1,5,0.0482312968037957,0.7737929026285807,0.4316393534342448,4,0.0482312968037957,0.7737929026285807,59.96002664890073
part_005.mp4,2336,1,6,0.0481104078331393,0.773798942565918,0.4337564680311415,5,0.0481104078331393,0.773798942565918,59.96002664890073
part_005.mp4,2337,1,6,0.048279731576436,0.773788324991862,0.4339000701904297,5,0.048279731576436,0.773788324991862,59.96002664890073
part_005.mp4,2338,1,6,0.0485565271077643,0.7738925298055013,0.4350394354926215,5,0.0485565271077643,0.7738925298055013,59.96002664890073
part_005.mp4,2339,1,5,0.0481145596547741,0.7731334050496419,0.4345920280173972,4,0.0481145596547741,0.7731334050496419,59.96002664890073
part_005.mp4,2340,1,5,0.0478025022911606,0.7725448608398438,0.436281246609158,4,0.0478025022911606,0.7725448608398438,59.96002664890073
part_005.mp4,2341,1,5,0.0478208559402013,0.7725977579752604,0.4372444717972367,4,0.0478208559402013,0.7725977579752604,59.96002664890073
part_005.mp4,2342,1,4,0.0479679360161794,0.7727418899536133,0.4370527620668764,3,0.0479679360161794,0.7727418899536133,59.96002664890073
part_005.mp4,2343,1,4,0.0479831893989628,0.7727205912272136,0.437138847068504,3,0.0479831893989628,0.7727205912272136,59.96002664890073
part_005.mp4,2344,1,4,0.0480827714387105,0.7729014714558919,0.4386358614321108,3,0.0480827714387105,0.7729014714558919,59.96002664890073
part_005.mp4,2345,1,4,0.048305672694255,0.7737331390380859,0.4402847431324146,3,0.048305672694255,0.7737331390380859,59.96002664890073
part_005.mp4,2346,1,5,0.0481674661830927,0.7732524871826172,0.4409413938169126,4,0.0481674661830927,0.7732524871826172,59.96002664890073
part_005.mp4,2347,1,4,0.0483507157774389,0.7731774012247722,0.4414223141140408,3,0.0483507157774389,0.7731774012247722,59.96002664890073
part_005.mp4,2348,1,4,0.0480612424987635,0.773135757446289,0.4427979645905671,3,0.0480612424987635,0.773135757446289,59.96002664890073
part_005.mp4,2349,1,4,0.0477400431064813,0.7730987548828125,0.4445366894757306,3,0.0477400431064813,0.7730987548828125,59.96002664890073
part_005.mp4,2350,1,4,0.0475779619129833,0.7719192504882812,0.4451964484320747,3,0.0475779619129833,0.7719192504882812,59.96002664890073
part_005.mp4,2351,1,4,0.0472260258638588,0.7712422053019206,0.4459659717701099,3,0.0472260258638588,0.7712422053019206,59.96002664890073
part_005.mp4,2352,1,4,0.0465539937193615,0.7703200022379557,0.4471622890896267,3,0.0465539937193615,0.7703200022379557,59.96002664890073
part_005.mp4,2353,1,4,0.0462232408162769,0.7699966430664062,0.4488948822021484,3,0.0462232408162769,0.7699966430664062,59.96002664890073
part_005.mp4,2354,1,4,0.0463163936393485,0.769611104329427,0.4490293008309823,3,0.0463163936393485,0.769611104329427,59.96002664890073
part_005.mp4,2355,1,4,0.0462005934266522,0.769119135538737,0.449186282687717,3,0.0462005934266522,0.769119135538737,59.96002664890073
part_005.mp4,2356,1,4,0.0461211283741512,0.7692284266153971,0.4504178365071614,3,0.0461211283741512,0.7692284266153971,59.96002664890073
part_005.mp4,2357,1,4,0.0463641411566102,0.7699182510375977,0.452190116599754,3,0.0463641411566102,0.7699182510375977,59.96002664890073
part_005.mp4,2358,1,4,0.0462089115690711,0.7700193405151368,0.4525149451361762,3,0.0462089115690711,0.7700193405151368,59.96002664890073
part_005.mp4,2359,1,4,0.0465155342219212,0.7702757517496744,0.4530364990234375,3,0.0465155342219212,0.7702757517496744,59.96002664890073
part_005.mp4,2360,1,4,0.0465219580754395,0.7707889556884766,0.4542873099998191,3,0.0465219580754395,0.7707889556884766,59.96002664890073
part_005.mp4,2361,1,6,0.0465092817575449,0.771076774597168,0.4561137446650752,5,0.0465092817575449,0.771076774597168,59.96002664890073
part_005.mp4,2362,1,6,0.0465790402874214,0.7711254119873047,0.4573316362169053,5,0.0465790402874214,0.7711254119873047,59.96002664890073
part_005.mp4,2363,1,4,0.0462303525701119,0.771123758951823,0.4593505930017542,3,0.0462303525701119,0.771123758951823,59.96002664890073
part_005.mp4,2364,1,5,0.0459813862567049,0.7713675181070964,0.4627815246582031,4,0.0459813862567049,0.7713675181070964,59.96002664890073
part_005.mp4,2365,1,4,0.0460858295272919,0.7715621948242187,0.4640453197337963,3,0.0460858295272919,0.7715621948242187,59.96002664890073
part_005.mp4,2366,1,4,0.0462027248342928,0.7717887878417968,0.4649297502305772,3,0.0462027248342928,0.7717887878417968,59.96002664890073
part_005.mp4,2367,1,4,0.0462231709854677,0.7714675903320313,0.466988033718533,3,0.0462231709854677,0.7714675903320313,59.96002664890073
part_005.mp4,2368,1,4,0.0459922354266611,0.7715262095133464,0.4674497109872323,3,0.0459922354266611,0.7715262095133464,59.96002664890073
part_005.mp4,2369,1,4,0.046095875302235,0.7715054829915364,0.4669072539718062,3,0.046095875302235,0.7715054829915364,59.96002664890073
part_005.mp4,2370,1,4,0.046312695386813,0.7715665817260742,0.4677772945827908,3,0.046312695386813,0.7715665817260742,59.96002664890073
part_005.mp4,2371,1,4,0.0459853109880188,0.771487808227539,0.4692578774911386,3,0.0459853109880188,0.771487808227539,59.96002664890073
part_005.mp4,2372,1,4,0.0458429618972015,0.7710344314575195,0.4700376863832827,3,0.0458429618972015,0.7710344314575195,59.96002664890073
part_005.mp4,2373,1,4,0.0464016079494521,0.7717761993408203,0.4717247150562427,3,0.0464016079494521,0.7717761993408203,59.96002664890073
part_005.mp4,2374,1,4,0.0460401889372237,0.7723344802856446,0.472370034677011,3,0.0460401889372237,0.7723344802856446,59.96002664890073
part_005.mp4,2375,1,4,0.0462675975199157,0.7722256342569987,0.4742332387853551,3,0.0462675975199157,0.7722256342569987,59.96002664890073
part_005.mp4,2376,1,4,0.0461759540695682,0.7718254725138346,0.4774569193522135,3,0.0461759540695682,0.7718254725138346,59.96002664890073
part_005.mp4,2377,1,4,0.0465056168196836,0.7722002665201823,0.4810904538189923,3,0.0465056168196836,0.7722002665201823,59.96002664890073
part_005.mp4,2378,1,4,0.0463448619919937,0.7724133173624674,0.4836966691193757,3,0.0463448619919937,0.7724133173624674,59.96002664890073
part_005.mp4,2379,1,4,0.0463457215051581,0.7727315902709961,0.4866215317337601,3,0.0463457215051581,0.7727315902709961,59.96002664890073
part_005.mp4,2380,1,4,0.0461325839227356,0.7724595387776693,0.4875227468985098,3,0.0461325839227356,0.7724595387776693,59.96002664890073
part_005.mp4,2381,1,6,0.046333161081175,0.772601572672526,0.4901751129715531,5,0.046333161081175,0.772601572672526,59.96002664890073
part_005.mp4,2382,1,5,0.0460513186089034,0.7724380493164062,0.4921457926432291,4,0.0460513186089034,0.7724380493164062,59.96002664890073
part_005.mp4,2383,1,5,0.0460300418073435,0.7727644602457683,0.4931879820647063,4,0.0460300418073435,0.7727644602457683,59.96002664890073
part_005.mp4,2384,1,4,0.0458897104822972,0.7731180826822917,0.4947130839029948,3,0.0458897104822972,0.7731180826822917,59.96002664890073
part_005.mp4,2385,1,5,0.045714950249595,0.7732117335001628,0.4971673894811559,4,0.045714950249595,0.7732117335001628,59.96002664890073
part_005.mp4,2386,1,4,0.045288753216551,0.7732099533081055,0.5033970444290726,3,0.045288753216551,0.7732099533081055,59.96002664890073
part_005.mp4,2387,1,4,0.0453382523032794,0.7734184900919596,0.5057370927598741,3,0.0453382523032794,0.7734184900919596,59.96002664890073
part_005.mp4,2388,1,4,0.0459554147473762,0.7748647689819336,0.5109920854921695,3,0.0459554147473762,0.7748647689819336,59.96002664890073
part_005.mp4,2389,1,4,0.0461098091949679,0.7751294453938802,0.511176257663303,3,0.0461098091949679,0.7751294453938802,59.96002664890073
part_005.mp4,2390,1,5,0.0462345262779854,0.7755076726277669,0.5142286583229347,4,0.0462345262779854,0.7755076726277669,59.96002664890073
part_005.mp4,2391,1,5,0.0461955575570431,0.7759668350219726,0.5161172796178747,4,0.0461955575570431,0.7759668350219726,59.96002664890073
part_005.mp4,2392,1,5,0.0464036747658399,0.7761976242065429,0.5181055846037688,4,0.0464036747658399,0.7761976242065429,59.96002664890073
part_005.mp4,2393,1,5,0.0464625709478342,0.7767325083414713,0.5198296582257306,4,0.0464625709478342,0.7767325083414713,59.96002664890073
part_005.mp4,2394,1,5,0.046549281359524,0.77693297068278,0.5219463348388672,4,0.046549281359524,0.77693297068278,59.96002664890073
part_005.mp4,2395,1,6,0.0466451076797005,0.7772371292114257,0.5262395364266855,5,0.0466451076797005,0.7772371292114257,59.96002664890073
part_005.mp4,2396,1,4,0.046588136898933,0.7773229598999023,0.5273659741436993,3,0.046588136898933,0.7773229598999023,59.96002664890073
part_005.mp4,2397,1,4,0.0465114021121297,0.7769954681396485,0.5321828135737666,3,0.0465114021121297,0.7769954681396485,59.96002664890073
part_005.mp4,2398,1,4,0.0462074195365723,0.7768547693888347,0.5329893041540075,3,0.0462074195365723,0.7768547693888347,59.96002664890073
part_005.mp4,2399,1,4,0.0462962228746538,0.7767642974853516,0.5369976891411675,3,0.0462962228746538,0.7767642974853516,59.96002664890073
part_005.mp4,2400,0,4,0.046107044982103,0.7766071955362955,0.5392652723524306,3,0.046107044982103,0.7766071955362955,59.96002664890073
part_005.mp4,2401,0,3,0.0459840174976206,0.7764746348063151,0.5419770134819879,2,0.0459840174976206,0.7764746348063151,59.96002664890073
part_005.mp4,2402,0,4,0.0457995881999711,0.7757680892944336,0.5433198434335215,3,0.0457995881999711,0.7757680892944336,59.96002664890073
part_005.mp4,2403,0,4,0.0454256575360118,0.7756953557332357,0.5473256676285355,3,0.0454256575360118,0.7756953557332357,59.96002664890073
part_005.mp4,2404,0,4,0.0450218133013307,0.7753105163574219,0.5516515519883898,3,0.0450218133013307,0.7753105163574219,59.96002664890073
part_005.mp4,2405,0,4,0.0450153749543905,0.7749885559082031,0.5541305118136935,3,0.0450153749543905,0.7749885559082031,59.96002664890073
part_005.mp4,2406,0,4,0.0448905451758522,0.7752931594848633,0.5568648868136936,3,0.0448905451758522,0.7752931594848633,59.96002664890073
part_005.mp4,2407,0,4,0.0451295870426838,0.7756649017333984,0.5569446563720704,3,0.0451295870426838,0.7756649017333984,59.96002664890073
part_005.mp4,2408,0,4,0.0452850829823162,0.7761467615763347,0.5574783749050565,3,0.0452850829823162,0.7761467615763347,59.96002664890073
part_005.mp4,2409,0,5,0.0448032379130866,0.7757509231567383,0.5594201865019621,4,0.0448032379130866,0.7757509231567383,59.96002664890073
part_005.mp4,2410,0,4,0.04487839438745,0.775758934020996,0.5595971955193414,3,0.04487839438745,0.775758934020996,59.96002664890073
part_005.mp4,2411,0,4,0.0448227084107202,0.7759983698527019,0.5603372785780165,3,0.0448227084107202,0.7759983698527019,59.96002664890073
part_005.mp4,2412,0,5,0.0447572183236731,0.7759368260701497,0.5616365785951968,4,0.0447572183236731,0.7759368260701497,59.96002664890073
part_005.mp4,2413,0,4,0.0446943283778866,0.7755193710327148,0.5623919910854763,3,0.0446943283778866,0.7755193710327148,59.96002664890073
part_005.mp4,2414,0,4,0.0447924883324776,0.776355234781901,0.564056576622857,3,0.0447924883324776,0.776355234781901,59.96002664890073
part_005.mp4,2415,0,4,0.0446001869686491,0.7766907374064128,0.5660579257541233,3,0.0446001869686491,0.7766907374064128,59.96002664890073
part_005.mp4,2416,0,4,0.0443905053831858,0.7761637369791666,0.5666572818049678,3,0.0443905053831858,0.7761637369791666,59.96002664890073
part_005.mp4,2417,0,4,0.0442964789548487,0.7757169723510742,0.568731689453125,3,0.0442964789548487,0.7757169723510742,59.96002664890073
part_005.mp4,2418,0,4,0.0440982020312933,0.7759880065917969,0.5713361669469763,3,0.0440982020312933,0.7759880065917969,59.96002664890073
part_005.mp4,2419,0,4,0.0440436306175613,0.7764541625976562,0.5727283301176849,3,0.0440436306175613,0.7764541625976562,59.96002664890073
part_005.mp4,2420,0,3,0.0023933405884438,0.7273084640502929,0.3221251876265914,3,0.0023933405884438,0.7368021011352539,59.96002664890073
part_005.mp4,2421,0,2,0.0025817558637613,0.726553217569987,0.3244718763563368,2,0.0025817558637613,0.7360462188720703,59.96002664890073
part_005.mp4,2422,0,2,0.0028690707683563,0.7271004358927409,0.3248145209418402,2,0.0028690707683563,0.7354450861612956,59.96002664890073
part_005.mp4,2423,0,2,0.0023887238619895,0.7275674184163411,0.336628101490162,2,0.0023887238619895,0.7360918045043945,59.96002664890073
part_005.mp4,2424,0,3,0.002620941884945,0.7281084060668945,0.3371378580729167,3,0.002620941884945,0.7359882990519205,59.96002664890073
part_005.mp4,2425,0,2,0.0021269800329011,0.7270182291666667,0.3457007514105902,2,0.0021269800329011,0.736133066813151,59.96002664890073
part_005.mp4,2426,0,2,0.0025360516122438,0.7265474955240886,0.3492395471643518,2,0.0025360516122438,0.7360840479532877,59.96002664890073
part_005.mp4,2427,0,2,0.002367154986908,0.7272096633911133,0.3588919180410879,2,0.002367154986908,0.7356420516967773,59.96002664890073
part_005.mp4,2428,0,3,0.002317724089759,0.727771504720052,0.3641638861762152,3,0.002317724089759,0.7359726587931316,59.96002664890073
part_005.mp4,2429,0,3,0.0022752268074934,0.7266668319702149,0.3683068169487847,3,0.0022752268074934,0.7363212585449219,59.96002664890073
part_005.mp4,2430,0,3,0.0022681277513038,0.726197878519694,0.3738540084273727,3,0.0022681277513038,0.7364135106404622,59.96002664890073
part_005.mp4,2431,0,2,0.0025267866650311,0.7272944132486979,0.3729211877893518,2,0.0025267866650311,0.7359180450439453,59.96002664890073
part_005.mp4,2432,0,2,0.0021791939104958,0.7275564829508464,0.3820237901475694,2,0.0021791939104958,0.7358189264933268,59.96002664890073
part_005.mp4,2433,0,2,0.0025260492267746,0.7276239395141602,0.3852406254521123,2,0.0025260492267746,0.7356472651163737,59.96002664890073
part_005.mp4,2434,0,2,0.0024188142618377,0.727268664042155,0.3938764218930844,2,0.0024188142618377,0.736105219523112,59.96002664890073
part_005.mp4,2435,0,3,0.0034009050741722,0.7268163681030273,0.3659396701388889,3,0.0034009050741722,0.736417007446289,59.96002664890073
part_005.mp4,2436,0,3,0.0035126483210155,0.7266302108764648,0.3724149915907118,3,0.0035126483210155,0.736573855082194,59.96002664890073
part_005.mp4,2437,0,2,0.0026919282533668,0.7269426345825195,0.4005995008680555,2,0.0026919282533668,0.7357384363810221,59.96002664890073
part_005.mp4,2438,0,2,0.0024760976762519,0.7264617919921875,0.4099474871600115,2,0.0024760976762519,0.7358180999755859,59.96002664890073
part_005.mp4,2439,0,2,0.0025135725718508,0.7268550872802735,0.4143945764612268,2,0.0025135725718508,0.7368501663208008,59.96002664890073
part_005.mp4,2440,0,4,0.0072578101195783,0.7652562459309896,0.9252904256184896,3,0.0024851195044947,0.7368378321329753,59.96002664890073
part_005.mp4,2441,0,4,0.0072308086891037,0.7649662017822265,0.9252644856770832,3,0.0037790233960388,0.7364303588867187,59.96002664890073
part_005.mp4,2442,0,2,0.0036905380968366,0.7272480646769206,0.4002688937717014,2,0.0036905380968366,0.7354049682617188,59.96002664890073
part_005.mp4,2443,0,3,0.0070354768067934,0.7628376007080078,0.923454115125868,2,0.0031819143856409,0.7351446787516276,59.96002664890073
part_005.mp4,2444,0,3,0.006782535066121,0.7623940149943034,0.9260897035951968,2,0.0034664326673373,0.7352074940999349,59.96002664890073
part_005.mp4,2445,0,3,0.0070167556295119,0.7613676071166993,0.9221681382921006,2,0.0032970730182865,0.7357765833536783,59.96002664890073
part_005.mp4,2446,0,3,0.0068771426620595,0.7605293909708659,0.9224322848849826,2,0.0028562083335688,0.7352558135986328,59.96002664890073
part_005.mp4,2447,0,3,0.0065437988378107,0.7591179529825847,0.9241807725694444,2,0.0025727382100497,0.7350421905517578,59.96002664890073
part_005.mp4,2448,0,3,0.0065755177582441,0.7586257934570313,0.923401783130787,2,0.0025469125267894,0.7343800226847331,59.96002664890073
part_005.mp4,2449,0,3,0.0062915422552679,0.7592434565226237,0.9260264078776042,2,0.0024729520530672,0.7343643188476563,59.96002664890073
part_005.mp4,2450,0,3,0.0060854432145909,0.7590501785278321,0.9275509304470486,2,0.0024071855640633,0.7351959228515625,59.96002664890073
part_005.mp4,2451,0,4,0.0064435067476652,0.7584620157877604,0.9236833360460068,3,0.0023659133899814,0.7356330871582031,59.96002664890073
part_005.mp4,2452,0,2,0.002454299132719,0.7253017425537109,0.4727096557617187,2,0.002454299132719,0.7354391733805339,59.96002664890073
part_005.mp4,2453,0,2,0.0023980273629745,0.7251520792643229,0.4780632866753472,2,0.0023980273629745,0.7344925562540691,59.96002664890073
part_005.mp4,2454,0,3,0.0023280427604913,0.7256357192993164,0.484452650282118,3,0.0023280427604913,0.7339437484741211,59.96002664890073
part_005.mp4,2455,0,2,0.0024353638669061,0.7256887435913086,0.4861470540364583,2,0.0024353638669061,0.7344050089518229,59.96002664890073
part_005.mp4,2456,0,2,0.002341013421408,0.7254587809244791,0.4922797309027777,2,0.002341013421408,0.7342191696166992,59.96002664890073
part_005.mp4,2457,0,3,0.002406304535581,0.7251937866210938,0.4949323866102431,3,0.002406304535581,0.7346028645833333,59.96002664890073
part_005.mp4,2458,0,2,0.0024222049941481,0.7249623616536458,0.5009596082899306,2,0.0024222049941481,0.7346285502115886,59.96002664890073
part_005.mp4,2459,0,2,0.0024136262625688,0.7251106897989908,0.5015465630425348,2,0.0024136262625688,0.7342721939086914,59.96002664890073
part_005.mp4,2460,0,3,0.0069000244410199,0.8594783782958985,0.924377293056912,2,0.0024715427320916,0.7338115692138671,59.96002664890073
part_005.mp4,2461,0,3,0.0078293938948021,0.8592224756876627,0.9158906512790256,2,0.0026314897797743,0.7341079711914062,59.96002664890073
part_005.mp4,2462,0,2,0.0027064335125032,0.7255039215087891,0.5109683566623264,2,0.0027064335125032,0.7340449651082357,59.96002664890073
part_005.mp4,2463,0,3,0.0095954862289606,0.8596015930175781,0.9035095426771376,2,0.0027769468049518,0.7345679601033529,59.96002664890073
part_005.mp4,2464,0,3,0.0026712462933371,0.7247517267862956,0.5174245198567708,3,0.0026712462933371,0.7341992060343424,59.96002664890073
part_005.mp4,2465,0,3,0.0112191725454727,0.8613546371459961,0.8893186251322428,2,0.002646559405451,0.7338016510009766,59.96002664890073
part_005.mp4,2466,0,3,0.0028359023062512,0.7254013061523438,0.5240176730685764,3,0.0028359023062512,0.7332808812459309,59.96002664890073
part_005.mp4,2467,0,2,0.002740439693023,0.7249325434366862,0.528650410970052,2,0.002740439693023,0.7330022811889648,59.96002664890073
part_005.mp4,2468,0,3,0.0026068062711231,0.7246895472208659,0.5342115614149305,3,0.0026068062711231,0.7326203028361002,59.96002664890073
part_005.mp4,2469,0,2,0.0028904316835622,0.7245794296264648,0.5367414686414931,2,0.0028904316835622,0.7328056971232096,59.96002664890073
part_005.mp4,2470,0,3,0.0039776219637133,0.7441944758097331,0.9417683919270832,2,0.002803555083681,0.7330226898193359,59.96002664890073
part_005.mp4,2471,0,5,0.0158383379972858,0.85740172068278,0.849029435051812,2,0.0025902290684947,0.7327258427937825,59.96002664890073
part_005.mp4,2472,0,5,0.0165284184807387,0.856609598795573,0.8409434424506294,2,0.0024643761264289,0.7327253341674804,59.96002664890073
part_005.mp4,2473,0,4,0.0164594157638293,0.853802744547526,0.8390693187713623,2,0.0024396524221325,0.7329338709513347,59.96002664890073
part_005.mp4,2474,0,4,0.0168521275952823,0.8527811686197917,0.8271563070791739,2,0.0024725301685975,0.7326210657755534,59.96002664890073
part_005.mp4,2475,0,4,0.0168657483413052,0.8515869140625,0.8206891377766927,2,0.002526399234258,0.7324483871459961,59.96002664890073
part_005.mp4,2476,0,2,0.0025469908982308,0.7237957000732422,0.5668155246310764,2,0.0025469908982308,0.7322438557942709,59.96002664890073
part_005.mp4,2477,0,2,0.0027558414065451,0.7238893508911133,0.5679078278718172,2,0.0027558414065451,0.7321887969970703,59.96002664890073
part_005.mp4,2478,0,2,0.0026825234749789,0.7238203684488932,0.5699152628580729,2,0.0026825234749789,0.7322729746500651,59.96002664890073
part_005.mp4,2479,0,3,0.0027965689223492,0.723745600382487,0.5733174641927083,3,0.0027965689223492,0.7321839650472005,59.96002664890073
part_005.mp4,2480,0,4,0.0028371159833881,0.724017333984375,0.5780788845486111,4,0.0028371159833881,0.7321590423583985,59.96002664890073
part_005.mp4,2481,0,3,0.0029094085253826,0.7237624486287435,0.5794040256076389,3,0.0029094085253826,0.7321705500284831,59.96002664890073
part_005.mp4,2482,0,2,0.0027305832602238,0.7226406733194987,0.5847820140697338,2,0.0027305832602238,0.7321028391520182,59.96002664890073
part_005.mp4,2483,0,2,0.0028251502957815,0.7232627868652344,0.5873701307508681,2,0.0028251502957815,0.7320034027099609,59.96002664890073
part_005.mp4,2484,0,4,0.0028511161988717,0.7229499816894531,0.5895046092845776,3,0.0028511161988717,0.7319700241088867,59.96002664890073
part_005.mp4,2485,0,3,0.0133785155356015,0.8358120600382487,0.7092141822532371,2,0.0029293521512429,0.7319638570149739,59.96002664890073
part_005.mp4,2486,0,3,0.0028108758213541,0.7215799967447917,0.5995876736111111,3,0.0028108758213541,0.7320720036824544,59.96002664890073
part_005.mp4,2487,0,5,0.007264759051088,0.7146221796671549,0.9202938821580676,3,0.0024068173596687,0.7320829391479492,59.96002664890073
part_005.mp4,2488,0,3,0.0025272839139452,0.7206520080566406,0.610172356499566,2,0.0023131684475631,0.7323338190714518,59.96002664890073
part_005.mp4,2489,0,4,0.0026291733258403,0.7204149246215821,0.6098773532443577,3,0.0022899139507596,0.731869888305664,59.96002664890073
part_005.mp4,2490,0,5,0.0087573272211058,0.7168257395426433,0.9067200166207772,3,0.0023441648156019,0.7320098241170248,59.96002664890073
part_005.mp4,2491,0,3,0.0025066509288606,0.7201986312866211,0.6205824110243056,2,0.0023617992772617,0.7322736740112304,59.96002664890073
part_005.mp4,2492,0,4,0.0026738136629056,0.720700454711914,0.6216318766276042,3,0.0024719578980067,0.7322797775268555,59.96002664890073
part_005.mp4,2493,0,4,0.0026101103023393,0.7203741073608398,0.6245459662543402,3,0.0024113942149172,0.7318256378173829,59.96002664890073
part_005.mp4,2494,0,4,0.0024877218265707,0.7319557189941406,0.3791657624421296,3,0.0024877218265707,0.7319557189941406,59.96002664890073
part_005.mp4,2495,0,2,0.0025670408570052,0.720150375366211,0.6312876383463542,1,0.0025428199134896,0.7320093154907227,59.96002664890073
part_005.mp4,2496,0,2,0.0026856168291609,0.7193300882975261,0.6321014404296875,1,0.002550379885145,0.7320238749186198,59.96002664890073
part_005.mp4,2497,0,2,0.0024831806542351,0.7320693969726563,0.3829034875940393,1,0.0024831806542351,0.7320693969726563,59.96002664890073
part_005.mp4,2498,0,3,0.0073586957362109,0.842907969156901,0.9574852837456598,1,0.0024249073149338,0.7318794250488281,59.96002664890073
part_005.mp4,2499,0,3,0.0031391751397879,0.7194567362467448,0.6254779391818577,1,0.0023484098102414,0.7315956115722656,59.96002664890073
part_005.mp4,2500,0,5,0.0104854782693157,0.8812675476074219,0.9525397406684027,2,0.0023482500350089,0.7314517339070638,59.96002664890073
part_005.mp4,2501,0,5,0.01090687342568,0.8643947601318359,0.9471366034613716,2,0.0024191029347518,0.7316078186035156,59.96002664890073
part_005.mp4,2502,0,3,0.0128732026421521,0.8833335876464844,0.9433636135525174,1,0.0024175696201079,0.7314057032267253,59.96002664890073
part_005.mp4,2503,0,3,0.0143169452048217,0.8824275970458985,0.9366828070746528,1,0.0024188031433732,0.7312744776407878,59.96002664890073
part_005.mp4,2504,0,4,0.0152927915896806,0.8837018966674804,0.9326178656684028,1,0.0023959954593253,0.7311204274495443,59.96002664890073
part_005.mp4,2505,0,3,0.0161889311622319,0.8825534820556641,0.9291776869032118,1,0.0024222573010289,0.7310466130574544,59.96002664890073
part_005.mp4,2506,0,3,0.0166469986821283,0.8764892578125,0.9254528469509548,1,0.0024566908191061,0.7311268488566081,59.96002664890073
part_005.mp4,2507,0,3,0.0176697511698606,0.8858847300211589,0.921450070981626,1,0.0024607013689819,0.7311023712158203,59.96002664890073
part_005.mp4,2508,0,3,0.0190646416541292,0.8979286829630534,0.9196035879629628,1,0.0024428630836687,0.7310654322306315,59.96002664890073
part_005.mp4,2509,0,3,0.0190373100030787,0.8895257949829102,0.9171041983145256,1,0.0024449842486151,0.7309478759765625,59.96002664890073
part_005.mp4,2510,0,4,0.0207930417001976,0.8996223449707031,0.9136423181604456,2,0.002455496182428,0.7309427261352539,59.96002664890073
part_005.mp4,2511,0,4,0.0226188255838739,0.906416702270508,0.910223388671875,2,0.0024884230927219,0.7309738794962565,59.96002664890073
part_005.mp4,2512,0,4,0.0232599667499286,0.905754280090332,0.9079945317021124,2,0.0025047567521687,0.7310321807861329,59.96002664890073
part_005.mp4,2513,0,4,0.0245187773875012,0.9082951227823892,0.9044885140878184,2,0.0025095629623198,0.7308359146118164,59.96002664890073
part_005.mp4,2514,0,4,0.0254348003761454,0.906047248840332,0.9001034206814236,2,0.0025249026634264,0.7308298110961914,59.96002664890073
part_005.mp4,2515,0,5,0.02678077333762,0.9065982818603516,0.8951816134982639,2,0.0025396394529767,0.7307411829630533,59.96002664890073
part_005.mp4,2516,0,4,0.0267435971057519,0.9044840494791668,0.8944228560836227,2,0.002556790786829,0.730636469523112,59.96002664890073
part_005.mp4,2517,0,5,0.0273898890230878,0.9035703659057616,0.8924875330041956,2,0.0025510882004164,0.7304859161376953,59.96002664890073
part_005.mp4,2518,0,5,0.0279210898766501,0.8992977778116862,0.8877339680989583,3,0.0025311707705259,0.7304346720377605,59.96002664890073
part_005.mp4,2519,0,5,0.0279964788093046,0.8934482574462891,0.8851656878436053,3,0.0025414194552124,0.7302490234375,59.96002664890073
part_005.mp4,2520,0,6,0.0275909850688616,0.8895813624064127,0.8854113543475116,3,0.0025471414985238,0.7300291061401367,59.96002664890073
part_005.mp4,2521,0,6,0.027622274339406,0.8873467127482096,0.8843583283600984,3,0.0025665823111194,0.7301497141520182,59.96002664890073
part_005.mp4,2522,0,7,0.0280141946545336,0.8859532038370769,0.8826515480324074,3,0.0026042072733226,0.7302377700805665,59.96002664890073
part_005.mp4,2523,0,8,0.02826082903392,0.8847665786743164,0.8806260285554108,3,0.0025833589613385,0.730157470703125,59.96002664890073
part_005.mp4,2524,0,7,0.0286722539869757,0.8820431391398112,0.8774801183629919,3,0.002582041710697,0.7301216125488281,59.96002664890073
part_005.mp4,2525,0,6,0.0291869832731188,0.8802307764689128,0.8749689737955729,3,0.0026045712902365,0.7302244822184245,59.96002664890073
part_005.mp4,2526,0,7,0.0296280694946094,0.8789761225382487,0.8720015914351852,3,0.0026693610462969,0.7303037643432617,59.96002664890073
part_005.mp4,2527,0,7,0.0295299783544356,0.876600710550944,0.8702277289496527,3,0.002655158202526,0.7303185145060221,59.96002664890073
part_005.mp4,2528,0,8,0.0297991763112238,0.873904800415039,0.8663753368236401,3,0.0026712981178813,0.7301779429117838,59.96002664890073
part_005.mp4,2529,0,7,0.0304673067592537,0.874905014038086,0.8645306057400174,3,0.0026635756095573,0.7301815032958985,59.96002664890073
part_005.mp4,2530,0,6,0.0307452527464462,0.8732315063476562,0.8616135773835358,2,0.002672354231181,0.7300573984781901,59.96002664890073
part_005.mp4,2531,0,6,0.0312500648871337,0.8721569061279297,0.8597869307906539,2,0.0026635239175111,0.7300682067871094,59.96002664890073
part_005.mp4,2532,0,6,0.0313908929229256,0.870028305053711,0.8574065596969039,2,0.0026733716888271,0.7299837748209635,59.96002664890073
part_005.mp4,2533,0,5,0.0323138760253399,0.8693691889444987,0.8536951700846355,2,0.0027387946028546,0.7304468154907227,59.96002664890073
part_005.mp4,2534,0,6,0.0326184952268118,0.8706926345825196,0.8508863661024305,2,0.0027420456540615,0.7302648544311523,59.96002664890073
part_005.mp4,2535,0,6,0.032833146186327,0.8716554641723633,0.8508198490849248,2,0.0027151039701938,0.7300592422485351,59.96002664890073
part_005.mp4,2536,0,6,0.0331935964754666,0.8724294662475586,0.849468485514323,2,0.0027415727019413,0.7300785700480144,59.96002664890073
part_005.mp4,2537,0,4,0.0333186807936556,0.8709862391153972,0.8480892040111401,2,0.0027777074261124,0.7301889419555664,59.96002664890073
part_005.mp4,2538,0,4,0.0334157376184723,0.8695182800292969,0.8467688666449653,2,0.0027672291573073,0.7299810409545898,59.96002664890073
part_005.mp4,2539,0,4,0.0346598060522228,0.8752151489257812,0.84586181640625,2,0.0028003235210242,0.729879633585612,59.96002664890073
part_005.mp4,2540,0,4,0.0346730709594946,0.8719745635986328,0.843026789912471,2,0.0027627707476494,0.7296512603759766,59.96002664890073
part_005.mp4,2541,0,4,0.0361599183570878,0.8802852630615234,0.8420025295681424,2,0.0028471733190702,0.72943541208903,59.96002664890073
part_005.mp4,2542,0,4,0.0367947719642284,0.8836201349894206,0.8411927964952257,2,0.0029139476760368,0.7295263290405274,59.96002664890073
part_005.mp4,2543,0,4,0.036361981810672,0.8781283060709636,0.8396753946940104,2,0.0028923837129453,0.7296344757080078,59.96002664890073
part_005.mp4,2544,0,4,0.0366760174799451,0.8799566268920899,0.8386830647786458,2,0.0029111431487318,0.7296619415283203,59.96002664890073
part_005.mp4,2545,0,4,0.0405948364586327,0.9010040918986004,0.8366722954644097,2,0.0030107907174668,0.7298014322916667,59.96002664890073
part_005.mp4,2546,0,4,0.0426429457941816,0.9096183776855468,0.8342990451388889,2,0.0030046967322252,0.7297382354736328,59.96002664890073
part_005.mp4,2547,0,5,0.0434250193598456,0.9125659942626954,0.8313771565755208,3,0.0028342455206223,0.7297939936319987,59.96002664890073
part_005.mp4,2548,0,5,0.0438473972791797,0.9136613845825196,0.8297491568106192,3,0.0028068161356107,0.7294946670532226,59.96002664890073
part_005.mp4,2549,0,4,0.0438363872826017,0.9151084899902344,0.8303279735423901,2,0.0028342761067647,0.7293100992838542,59.96002664890073
part_005.mp4,2550,0,4,0.0441811894911361,0.9117130915323892,0.8277977272316261,2,0.0027203042013031,0.7294530868530273,59.96002664890073
part_005.mp4,2551,0,5,0.0445508538504752,0.9124889373779296,0.8259698938440394,3,0.0026791099360949,0.7296958923339844,59.96002664890073
part_005.mp4,2552,0,5,0.0437485843206134,0.9046791076660156,0.8244411892361111,3,0.0027517491188417,0.7299228032430013,59.96002664890073
part_005.mp4,2553,0,6,0.0447831977545865,0.909596888224284,0.8237889607747396,4,0.0027813495307863,0.7298063278198242,59.96002664890073
part_005.mp4,2554,0,4,0.0449816505338983,0.9082596460978192,0.8220973827220776,2,0.0028616074100136,0.7296385447184245,59.96002664890073
part_005.mp4,2555,0,5,0.044650793169804,0.9077210108439128,0.8220101250542535,3,0.0029551222851538,0.7296671549479167,59.96002664890073
part_005.mp4,2556,0,5,0.0455524395332193,0.9096876780192056,0.819486321343316,3,0.0029907358480785,0.7297659556070963,59.96002664890073
part_005.mp4,2557,0,4,0.0453242076343761,0.9042585372924804,0.8168948703342014,2,0.0028993231249559,0.7298009872436524,59.96002664890073
part_005.mp4,2558,0,6,0.0454581135420637,0.9040416717529296,0.8157401190863716,3,0.0028882229147065,0.7299965540568034,59.96002664890073
part_005.mp4,2559,0,5,0.0450857594667468,0.8994884490966797,0.8123490510163484,3,0.0028809632421622,0.7301005045572917,59.96002664890073
part_005.mp4,2560,0,4,0.0445161567871562,0.8948055267333984,0.8102245189525463,2,0.0027714303395219,0.7299214045206706,59.96002664890073
part_005.mp4,2561,0,4,0.043400118444891,0.889453125,0.8100986056857639,2,0.0027146336490275,0.7294729232788086,59.96002664890073
part_005.mp4,2562,0,3,0.0435858138834333,0.8886713663736979,0.8083448621961805,2,0.002708803138812,0.7294636408487956,59.96002664890073
part_005.mp4,2563,0,3,0.0433302722138102,0.8822526931762695,0.8034291585286458,2,0.0027603054578692,0.7296209335327148,59.96002664890073
part_005.mp4,2564,0,3,0.0437305637104954,0.8827592849731445,0.8025543212890625,2,0.0026932556585719,0.7295421600341797,59.96002664890073
part_005.mp4,2565,0,3,0.0436600800829991,0.8797409693400066,0.7998148600260416,2,0.0027296866552421,0.7295813242594401,59.96002664890073
part_005.mp4,2566,0,3,0.0438453053132548,0.8795168558756511,0.7986531010380498,2,0.0028959774576058,0.7297080993652344,59.96002664890073
part_005.mp4,2567,0,3,0.0437089217149574,0.8757891337076823,0.7961637708875868,2,0.0029239787051833,0.7300174077351888,59.96002664890073
part_005.mp4,2568,0,3,0.0423648811196391,0.8720160166422526,0.7979563395182292,2,0.0028415483063558,0.7301500320434571,59.96002664890073
part_005.mp4,2569,0,3,0.0416378989484431,0.864889399210612,0.7951747753002025,2,0.0029170373194695,0.7302480697631836,59.96002664890073
part_005.mp4,2570,0,3,0.0411438279878348,0.8638591766357422,0.7963026258680556,2,0.0028530426029644,0.7305896759033204,59.96002664890073
part_005.mp4,2571,0,3,0.0405371259276742,0.859591547648112,0.7941109551323785,2,0.0028325066057732,0.73067626953125,59.96002664890073
part_005.mp4,2572,0,3,0.041303020617612,0.8620382308959961,0.7922355934425637,2,0.0029428570595983,0.7310179392496745,59.96002664890073
part_005.mp4,2573,0,3,0.0406763162878148,0.8588247934977213,0.7928317034686053,2,0.0028637004038534,0.7310991923014323,59.96002664890073
part_005.mp4,2574,0,3,0.0411722028044621,0.8597200393676758,0.7903006659613715,2,0.0029016033932351,0.7316896438598632,59.96002664890073
part_005.mp4,2575,0,3,0.0410482499064205,0.8577459971110026,0.7897182888454861,2,0.0029783757252548,0.7320892969767253,59.96002664890073
part_005.mp4,2576,0,3,0.0410541525551687,0.8548318862915039,0.7863362630208334,2,0.0030586670118277,0.7321947733561198,59.96002664890073
part_005.mp4,2577,0,3,0.0397986422618419,0.8487815856933594,0.7869065461335358,2,0.0031343990333132,0.7321200688680013,59.96002664890073
part_005.mp4,2578,0,3,0.0395838998997027,0.8460201899210612,0.7854605780707465,2,0.0031646306504693,0.7319404602050781,59.96002664890073
part_005.mp4,2579,0,3,0.0386149704654882,0.841282335917155,0.7831200493706597,2,0.0033221227343245,0.7321151733398438,59.96002664890073
part_005.mp4,2580,0,4,0.0391809038149931,0.8415212631225586,0.7792907149703414,3,0.0033241745247182,0.7326900482177734,59.96002664890073
part_005.mp4,2581,0,4,0.0382916981000043,0.8379451751708984,0.7789536652741609,3,0.0033782496623138,0.7330163955688477,59.96002664890073
part_005.mp4,2582,0,3,0.0383885706326475,0.8370420455932617,0.7762351707175926,2,0.0034449704777216,0.733090591430664,59.96002664890073
part_005.mp4,2583,0,3,0.038314093672541,0.8351728439331054,0.7744252522786458,2,0.0033839259132165,0.7330081939697266,59.96002664890073
part_005.mp4,2584,0,3,0.037876065969309,0.8342573165893554,0.7757988258644387,2,0.0032590099077033,0.7332210540771484,59.96002664890073
part_005.mp4,2585,0,3,0.0375588924688054,0.8320683161417644,0.7754742092556424,2,0.0032265149445932,0.7330514907836914,59.96002664890073
part_005.mp4,2586,0,3,0.0373590151182617,0.830976931254069,0.7743896484375,2,0.0032532722113925,0.7336124420166016,59.96002664890073
part_005.mp4,2587,0,4,0.0370232814970141,0.8293096542358398,0.7748484293619792,3,0.0032092638585406,0.7335210800170898,59.96002664890073
part_005.mp4,2588,0,3,0.0367349623792329,0.8285872141520182,0.7744482534903067,2,0.0032971964688988,0.733623758951823,59.96002664890073
part_005.mp4,2589,0,3,0.0364407485565256,0.8236618041992188,0.7706763373480903,2,0.0034231654542209,0.7352654139200846,59.96002664890073
part_005.mp4,2590,0,5,0.035790098130284,0.8220331192016601,0.7718786734121817,4,0.0033208705172809,0.7346244812011719,59.96002664890073
part_005.mp4,2591,0,4,0.0354145606923568,0.8194502512613933,0.7697300098560474,3,0.003446148883215,0.736536153157552,59.96002664890073
part_005.mp4,2592,0,4,0.0361606494242032,0.8180901209513346,0.7623740867332176,3,0.0034766527013723,0.7362263361612956,59.96002664890073
part_005.mp4,2593,0,4,0.0358937542672113,0.8189233779907227,0.7636062622070312,3,0.003539177864182,0.7365577697753907,59.96002664890073
part_005.mp4,2594,0,3,0.0354983890336977,0.8172658920288086,0.7639158460828993,2,0.0035775155676593,0.737139892578125,59.96002664890073
part_005.mp4,2595,0,3,0.0353605656846991,0.8161840438842773,0.7616702044451679,2,0.0035847508453729,0.7373484293619792,59.96002664890073
part_005.mp4,2596,0,3,0.0359090468433957,0.8165878295898438,0.7601764255099827,2,0.0035529295409624,0.7372425079345704,59.96002664890073
part_005.mp4,2597,0,4,0.0355378311338049,0.8142179489135742,0.7599165739836516,2,0.0035819856437888,0.736964225769043,59.96002664890073
part_005.mp4,2598,0,4,0.0350658280742936,0.8141380310058594,0.760652838812934,2,0.0035279836424807,0.7370590209960938,59.96002664890073
part_005.mp4,2599,0,5,0.0324747361895667,0.8114594141642253,0.7679585209599248,3,0.0035309363960685,0.7367401123046875,59.96002664890073
part_005.mp4,2600,0,5,0.0330504745980336,0.8101295471191406,0.7587083039460358,3,0.0036749158592687,0.737095324198405,59.96002664890073
part_005.mp4,2601,0,4,0.0315989855082955,0.8093999862670899,0.7629427309389467,2,0.003738472493111,0.7369515736897786,59.96002664890073
part_005.mp4,2602,0,6,0.0307674246154622,0.8075640360514323,0.745448077166522,4,0.0036985346425272,0.7367028554280599,59.96002664890073
part_005.mp4,2603,0,5,0.0291836458832646,0.8049351374308268,0.7361327559859664,3,0.0037981135793458,0.7370151519775391,59.96002664890073
part_005.mp4,2604,0,4,0.0284034247293078,0.8035835266113281,0.7314198246708623,2,0.0038829114173616,0.7373816172281901,59.96002664890073
part_005.mp4,2605,0,5,0.028285879468546,0.8006151835123698,0.7236690379955151,3,0.0040141062385526,0.7377220153808594,59.96002664890073
part_005.mp4,2606,0,6,0.0279794838198857,0.8010082244873047,0.7187039410626447,4,0.0040329375655252,0.7380070368448893,59.96002664890073
part_005.mp4,2607,0,7,0.0272624157317396,0.8004759470621745,0.7122040925202546,5,0.0040821314244646,0.73790283203125,59.96002664890073
part_005.mp4,2608,0,6,0.0270754751184255,0.799912707010905,0.7082752934208623,4,0.0040227276534359,0.7377342859903971,59.96002664890073
part_005.mp4,2609,0,6,0.0262597117655375,0.7985406875610351,0.7032193784360532,4,0.004092813433952,0.7380999247233073,59.96002664890073
part_005.mp4,2610,0,6,0.025211856328921,0.7973175684611002,0.6958283600983797,4,0.0040992679995381,0.738507080078125,59.96002664890073
part_005.mp4,2611,0,6,0.0250539237324307,0.927480189005534,0.908561932599103,4,0.003934070670684,0.7383247375488281,59.96002664890073
part_005.mp4,2612,0,5,0.0263975026961027,0.926812744140625,0.9040028889973958,3,0.0039845329458734,0.738446299235026,59.96002664890073
part_005.mp4,2613,0,5,0.0275287649761109,0.925912348429362,0.8994879828559028,3,0.0040648804221806,0.7393247604370117,59.96002664890073
part_005.mp4,2614,0,5,0.0276585015871225,0.9230126063028972,0.8976403130425348,3,0.0038088296892237,0.7390449523925782,59.96002664890073
part_005.mp4,2615,0,5,0.0286163998154612,0.9207550684611002,0.8945531209309896,3,0.0037372100795188,0.7393622080485026,59.96002664890073
part_005.mp4,2616,0,5,0.0289675474278111,0.9180512110392252,0.8913951167353877,3,0.0037444689009054,0.7396516799926758,59.96002664890073
part_005.mp4,2617,0,5,0.029014822064804,0.914609718322754,0.8885310985423901,3,0.0037986629776423,0.7396375656127929,59.96002664890073
part_005.mp4,2618,0,5,0.0291588758046661,0.9110979715983072,0.8837671915690104,3,0.0038348803045098,0.7399267196655274,59.96002664890073
part_005.mp4,2619,0,5,0.0296593101219601,0.9082543055216472,0.8805972629123264,3,0.0038385139979827,0.7401972452799479,59.96002664890073
part_005.mp4,2620,0,5,0.0296689504403355,0.9053203582763673,0.8785538850007234,3,0.0038372525027888,0.7402912139892578,59.96002664890073
part_005.mp4,2621,0,5,0.0302736488519521,0.9057331085205078,0.8793392605251736,3,0.0038638341214714,0.740429178873698,59.96002664890073
part_005.mp4,2622,0,5,0.0302218514165401,0.9007329940795898,0.8752661810980903,3,0.0039417893640347,0.7407614390055338,59.96002664890073
part_005.mp4,2623,0,5,0.0298040424535887,0.898379898071289,0.8761396054868344,3,0.0038730554370336,0.7408885955810547,59.96002664890073
part_005.mp4,2624,0,5,0.0299050382480749,0.8930267969767253,0.8732889811197917,3,0.0039013415319344,0.7410015106201172,59.96002664890073
part_005.mp4,2625,0,5,0.0306022067740128,0.8907337188720703,0.8705833717628761,3,0.0040018267670853,0.7413653691609701,59.96002664890073
part_005.mp4,2626,0,5,0.0308455564297683,0.8877399444580079,0.8679288510923032,3,0.0040427736730392,0.7414936701456706,59.96002664890073
part_005.mp4,2627,0,5,0.0315790844487276,0.8886138916015625,0.8667185465494792,3,0.0040686197845368,0.7417429606119792,59.96002664890073
part_005.mp4,2628,0,4,0.0317080811174431,0.8870867411295573,0.8655897352430556,2,0.004081151147968,0.7415334065755208,59.96002664890073
part_005.mp4,2629,0,5,0.0316278048039034,0.8866432825724284,0.86461181640625,3,0.0041849779301426,0.7417943954467774,59.96002664890073
part_005.mp4,2630,0,5,0.0321444259658973,0.8862160364786784,0.8622246636284723,3,0.0042051341816679,0.7417730967203776,59.96002664890073
part_005.mp4,2631,0,5,0.0322779046092182,0.8845258712768554,0.8598639594184028,3,0.0042438996816808,0.7417793273925781,59.96002664890073
part_005.mp4,2632,0,5,0.0333056597247357,0.885954475402832,0.8566986083984375,3,0.0042522643350875,0.7420124689737956,59.96002664890073
part_005.mp4,2633,0,5,0.0330084205318902,0.8836094538370768,0.8559811627423322,3,0.0042295818020809,0.7424730936686198,59.96002664890073
part_005.mp4,2634,0,4,0.0338986939278483,0.8839885711669921,0.8516425238715277,2,0.0042819176280632,0.742611821492513,59.96002664890073
part_005.mp4,2635,0,4,0.0335963882241156,0.8837915420532226,0.8522545708550348,2,0.0043928950305821,0.7427523295084636,59.96002664890073
part_005.mp4,2636,0,4,0.0349026058966697,0.8846176783243815,0.8475164907949942,2,0.0044184994550111,0.7429000854492187,59.96002664890073
part_005.mp4,2637,0,4,0.035027420971396,0.8846529006958008,0.846797462745949,2,0.0044579225238865,0.7429275512695312,59.96002664890073
part_005.mp4,2638,0,4,0.034249782031887,0.8818621317545573,0.8494562784830729,2,0.0044179531674362,0.743199348449707,59.96002664890073
part_005.mp4,2639,0,4,0.034991159190091,0.8809038162231445,0.8450957686812789,2,0.0044695063550089,0.7433325449625651,59.96002664890073
part_005.mp4,2640,0,4,0.0352480531353244,0.8812152862548828,0.8439212375217013,2,0.004504398712953,0.7433712641398112,59.96002664890073
part_005.mp4,2641,0,4,0.0362423285841941,0.883541488647461,0.8411783854166667,2,0.0045639282729394,0.7436002731323242,59.96002664890073
part_005.mp4,2642,0,5,0.0370319617700038,0.8888561884562175,0.8413638644748264,3,0.0045926778561746,0.7437451044718425,59.96002664890073
part_005.mp4,2643,0,5,0.0389116241884767,0.9004552841186524,0.8404573228624131,3,0.0046143524177346,0.7438517252604167,59.96002664890073
part_005.mp4,2644,0,5,0.0380526068478098,0.8947429656982422,0.8399681939019097,3,0.0046141226389797,0.7438631057739258,59.96002664890073
part_005.mp4,2645,0,5,0.0378030123552889,0.8930791854858399,0.8390697903103299,3,0.0046366703547364,0.7440174738566081,59.96002664890073
part_005.mp4,2646,0,5,0.0395291739493323,0.9006374994913737,0.8372516208224826,3,0.0046549713433099,0.7440022150675456,59.96002664890073
part_005.mp4,2647,0,5,0.0395055639460096,0.8985452651977539,0.8360955132378473,4,0.0119522430730285,0.7674940745035808,59.96002664890073
part_005.mp4,2648,0,5,0.0399464219741639,0.89886474609375,0.8342948065863716,4,0.0117106249038543,0.7669029235839844,59.96002664890073
part_005.mp4,2649,0,5,0.0392126147158301,0.8937925338745117,0.8336461385091146,4,0.0114956818381324,0.7666565577189127,59.96002664890073
part_005.mp4,2650,0,5,0.0406863092071337,0.9022893905639648,0.833219231499566,4,0.0114087594200908,0.7662781397501628,59.96002664890073
part_005.mp4,2651,0,5,0.040310066334873,0.9025794982910156,0.834331484194155,4,0.0109996766987023,0.7655026117960612,59.96002664890073
part_005.mp4,2652,0,6,0.0407505044819683,0.9027589797973632,0.8329810248480902,4,0.010718147503212,0.7646427154541016,59.96002664890073
part_005.mp4,2653,0,5,0.0419652055545399,0.906370735168457,0.8316274007161458,4,0.0102149180255946,0.7636559804280599,59.96002664890073
part_005.mp4,2654,0,6,0.041426054155454,0.9078933715820312,0.8305948893229167,3,0.0051191673638014,0.7463497161865235,59.96002664890073
part_005.mp4,2655,0,6,0.0420986844623392,0.9051338831583658,0.8302124588577836,5,0.0097342409392715,0.7617456436157226,59.96002664890073
part_005.mp4,2656,0,5,0.0413779673379246,0.9027366638183594,0.8299513640227141,4,0.0097659988551297,0.761151123046875,59.96002664890073
part_005.mp4,2657,0,6,0.0410003727217338,0.9000597635904948,0.8296720716688368,4,0.0099827297488917,0.7608594258626302,59.96002664890073
part_005.mp4,2658,0,6,0.0398253169720259,0.8925369262695313,0.8298935501663773,4,0.0095950700075546,0.7601281483968099,59.96002664890073
part_005.mp4,2659,0,5,0.0407441257809168,0.8955639521280925,0.8268159089265046,4,0.0096001107394436,0.7600426355997721,59.96002664890073
part_005.mp4,2660,0,5,0.0405362021589916,0.8933813095092773,0.8249624746817129,4,0.0094830151431314,0.75940367380778,59.96002664890073
part_005.mp4,2661,0,5,0.0402150141944056,0.8904568354288737,0.825078045880353,4,0.0094111280011323,0.7590408325195312,59.96002664890073
part_005.mp4,2662,0,5,0.0393157570128096,0.8859718322753907,0.8254133436414931,4,0.0093989518134104,0.7585117975870769,59.96002664890073
part_005.mp4,2663,0,5,0.0388119463288414,0.8824883143107096,0.8238979198314526,4,0.0096224438017492,0.7582651774088541,59.96002664890073
part_005.mp4,2664,0,5,0.0383606471083188,0.8813095092773438,0.8245570995189525,4,0.0092588012268835,0.7582497278849284,59.96002664890073
part_005.mp4,2665,0,5,0.0381175195374763,0.8784698486328125,0.8234640050817419,4,0.0088853066991497,0.7574333826700846,59.96002664890073
part_005.mp4,2666,0,5,0.0375212787273253,0.8731107711791992,0.8215732150607639,4,0.0088403677164266,0.756075922648112,59.96002664890073
part_005.mp4,2667,0,5,0.0373147913487628,0.8701982498168945,0.8198850278501157,4,0.0084701801900519,0.7554740905761719,59.96002664890073
part_005.mp4,2668,0,7,0.0371904669233804,0.8691738764444987,0.8200263129340277,4,0.0083889151675005,0.7554471969604493,59.96002664890073
part_005.mp4,2669,0,7,0.0368336526151742,0.8643753687540691,0.8172146832501447,4,0.0085152796562114,0.7550283432006836,59.96002664890073
part_005.mp4,2670,0,5,0.0361744439859521,0.861906623840332,0.817745915165654,4,0.0084238903806544,0.7544921875,59.96002664890073
part_005.mp4,2671,0,5,0.035857404145688,0.858221435546875,0.8180987322771991,4,0.0079165585053528,0.7542394638061524,59.96002664890073
part_005.mp4,2672,0,5,0.0355412116518709,0.8552379608154297,0.816278076171875,4,0.0077114856354698,0.7531003952026367,59.96002664890073
part_005.mp4,2673,0,5,0.0357574299263285,0.8559614181518554,0.8155864009150753,4,0.0076862191633618,0.7519144058227539,59.96002664890073
part_005.mp4,2674,0,7,0.0353627676215744,0.8558269500732422,0.8144469649703414,5,0.0072044213789868,0.7514125823974609,59.96002664890073
part_005.mp4,2675,0,8,0.0355124708028355,0.8508539199829102,0.8134923299153646,5,0.0071804185201957,0.7515630722045898,59.96002664890073
part_005.mp4,2676,0,7,0.0237870913618179,0.7926770528157552,0.815566168891059,4,0.0073145911621395,0.7517120997111003,59.96002664890073
part_005.mp4,2677,0,7,0.0232589789065187,0.7898881912231446,0.8151688187210648,4,0.007461563376257,0.7519050598144531,59.96002664890073
part_005.mp4,2678,0,7,0.02321631462061,0.7894357681274414,0.8154591878255208,4,0.0072330605186289,0.7522317886352539,59.96002664890073
part_005.mp4,2679,0,6,0.0261319171165527,0.8042556762695312,0.813632258662471,4,0.0075290903590697,0.7526945114135742,59.96002664890073
part_005.mp4,2680,0,6,0.0325109734877952,0.8371412277221679,0.8134362114800348,4,0.007483965987512,0.7531052907307942,59.96002664890073
part_005.mp4,2681,0,7,0.0312551886361001,0.8294061660766602,0.8130033704969618,4,0.007363646040774,0.7530603408813477,59.96002664890073
part_005.mp4,2682,0,6,0.0245525913805532,0.7951662699381511,0.8134123060438369,4,0.0072275729652675,0.7533049901326497,59.96002664890073
part_005.mp4,2683,0,6,0.0245637975862597,0.7946186701456706,0.8132560447410301,4,0.0073038287505429,0.7537700653076171,59.96002664890073
part_005.mp4,2684,0,6,0.024599148320461,0.7948914210001627,0.8134675767686632,4,0.0070586884026933,0.7541130701700847,59.96002664890073
part_005.mp4,2685,0,6,0.0252606717396217,0.7968914031982421,0.8121333369502315,4,0.0070851183595153,0.7540152231852214,59.96002664890073
part_005.mp4,2686,0,5,0.023670195418591,0.7884400049845378,0.8121629503038195,3,0.0071795853939774,0.7542457580566406,59.96002664890073
part_005.mp4,2687,0,7,0.0234352865552258,0.7877712249755859,0.8120447794596354,5,0.0073167318063012,0.7546499888102214,59.96002664890073
part_005.mp4,2688,0,7,0.0227787335909023,0.7839239756266276,0.811812902379919,4,0.0073528846842236,0.7548698425292969,59.96002664890073
part_005.mp4,2689,0,7,0.0265676196128737,0.8042121887207031,0.8113380149558739,5,0.0074392404672754,0.7552732467651367,59.96002664890073
part_005.mp4,2690,0,6,0.0249291850874821,0.9334793090820312,0.9022352430555556,4,0.0075092894852665,0.7555133819580078,59.96002664890073
part_005.mp4,2691,0,7,0.0268028167340283,0.8045206069946289,0.8084523518880208,5,0.0076522441932401,0.755947494506836,59.96002664890073
part_005.mp4,2692,0,8,0.0275277897903485,0.8091188430786133,0.8066307350441262,6,0.0077213330057242,0.7561850229899089,59.96002664890073
part_005.mp4,2693,0,6,0.0273108246573965,0.809032694498698,0.806161951135706,4,0.0077496504868354,0.7560818990071615,59.96002664890073
part_005.mp4,2694,0,6,0.0265591564814036,0.8058148066202799,0.8056440000180844,4,0.0077202358896869,0.7560568491617838,59.96002664890073
part_005.mp4,2695,0,6,0.0254287370970834,0.7980907440185547,0.8067032990632234,4,0.0078076840523216,0.7562433878580729,59.96002664890073
part_005.mp4,2696,0,7,0.0257486038157007,0.913471285502116,0.8873525548864294,4,0.0078710579023269,0.7564291000366211,59.96002664890073
part_005.mp4,2697,0,7,0.0259212697039963,0.9117326736450196,0.8857214468496817,5,0.007948085619654,0.7565457026163737,59.96002664890073
part_005.mp4,2698,0,6,0.0260740450661008,0.9097705841064452,0.886407470703125,4,0.0079362993581324,0.7567270914713542,59.96002664890073
part_005.mp4,2699,0,7,0.0271291119250236,0.9076696395874024,0.881880357530382,4,0.0080882433029236,0.7568290710449219,59.96002664890073
part_005.mp4,2700,0,7,0.02695346398209,0.9048618316650392,0.8802062423140914,4,0.0082902598205126,0.7570763270060221,59.96002664890073
part_005.mp4,2701,0,7,0.0274009029815594,0.902453104654948,0.8764960394965278,4,0.0085043768925243,0.7575117111206054,59.96002664890073
part_005.mp4,2702,0,5,0.0281665218281875,0.8979717254638672,0.8706881487811053,3,0.0085219349799444,0.7576080322265625,59.96002664890073
part_005.mp4,2703,0,5,0.0278564047878953,0.8942381540934244,0.8693088107638889,3,0.0085749559997283,0.7577014923095703,59.96002664890073
part_005.mp4,2704,0,6,0.0281387792360418,0.890739631652832,0.8674326013635706,3,0.008745206864292,0.7581570307413737,59.96002664890073
part_005.mp4,2705,0,5,0.0281998573970567,0.8903572718302409,0.8660007052951388,3,0.0088598174847127,0.7583782196044921,59.96002664890073
part_005.mp4,2706,0,6,0.0283011264926689,0.8877937952677409,0.8630774038809317,3,0.0089175382017856,0.7587093353271485,59.96002664890073
part_005.mp4,2707,0,5,0.0290443127527315,0.8862392425537109,0.8609493679470486,3,0.009109448041741,0.759051513671875,59.96002664890073
part_005.mp4,2708,0,5,0.0295193813691982,0.8884407043457031,0.8600181862160011,3,0.0093997567222039,0.7597469329833985,59.96002664890073
part_005.mp4,2709,0,5,0.0298695923549045,0.8873634338378906,0.856692956995081,3,0.0095645056034899,0.7603588104248047,59.96002664890073
part_005.mp4,2710,0,5,0.0299590674299498,0.8869228363037109,0.8576273035120081,3,0.0095865648513427,0.7605703989664714,59.96002664890073
part_005.mp4,2711,0,5,0.0303088859710368,0.88691832224528,0.8548451176396122,3,0.0097522791636745,0.7610260645548502,59.96002664890073
part_005.mp4,2712,0,5,0.0305999029291948,0.8829505920410157,0.8502051459418403,3,0.0098125629580829,0.7616109848022461,59.96002664890073
part_005.mp4,2713,0,5,0.0303055024584237,0.8806247711181641,0.8505137125651042,3,0.0099904160293388,0.7620468139648438,59.96002664890073
part_005.mp4,2714,0,6,0.0305237257635123,0.8791679382324219,0.8510575471100984,3,0.0100386724817023,0.7624504089355468,59.96002664890073
part_005.mp4,2715,0,5,0.0306045700147256,0.8789485931396485,0.850117266619647,3,0.0101180177294493,0.7625804901123047,59.96002664890073
part_005.mp4,2716,0,6,0.0304845221794244,0.8790960947672526,0.8503987630208333,3,0.010350509211421,0.7628025690714518,59.96002664890073
part_005.mp4,2717,0,5,0.0308589149459536,0.8756462097167969,0.8491003530996817,3,0.0104446128132015,0.7630049387613932,59.96002664890073
part_005.mp4,2718,0,6,0.0310914269992564,0.8747843424479167,0.8471515231662327,3,0.010536724217624,0.7633262634277344,59.96002664890073
part_005.mp4,2719,0,7,0.0315191117073279,0.8755459467569987,0.8461966620551216,3,0.0109027353856665,0.7639976501464844,59.96002664890073
part_005.mp4,2720,0,7,0.031261823997462,0.8732181549072265,0.8456051296657986,3,0.010894471942792,0.7641480127970378,59.96002664890073
part_005.mp4,2721,0,8,0.0318350987444864,0.874421755472819,0.8447357177734375,3,0.0109890295151853,0.764691162109375,59.96002664890073
part_005.mp4,2722,0,6,0.0329082078514275,0.8750902811686198,0.8419849537037037,3,0.0110454614857142,0.7646648406982421,59.96002664890073
part_005.mp4,2723,0,6,0.0334086309263107,0.8768821716308594,0.840540059407552,3,0.0112825638075203,0.7652136484781901,59.96002664890073
part_005.mp4,2724,0,6,0.0328653263954846,0.8726624170939128,0.8388348049587674,3,0.0116575462627224,0.7654823939005534,59.96002664890073
part_005.mp4,2725,0,8,0.0328016187143576,0.8713518142700195,0.8375167846679688,3,0.0119140779232192,0.7662045160929362,59.96002664890073
part_005.mp4,2726,0,8,0.0333490054058212,0.869081179300944,0.834733412000868,4,0.0120200327267715,0.7663794199625651,59.96002664890073
part_005.mp4,2727,0,6,0.0343639197974051,0.868874994913737,0.8302710639105902,3,0.0122678082415627,0.7671741485595703,59.96002664890073
part_005.mp4,2728,0,7,0.0337951817085397,0.8670061747233073,0.8287417941623264,4,0.0123466496349938,0.7679115931193033,59.96002664890073
part_005.mp4,2729,0,6,0.0360208207627551,0.8773122787475586,0.8276726616753473,3,0.0124607332199768,0.7679079055786133,59.96002664890073
part_005.mp4,2730,0,6,0.0406300807206813,0.9007232666015624,0.8248748779296875,4,0.0127357227613511,0.7680920282999675,59.96002664890073
part_005.mp4,2731,0,7,0.041189191488396,0.9018089294433592,0.8239886813693577,3,0.0130655221645375,0.7684028625488282,59.96002664890073
part_005.mp4,2732,0,7,0.041206578755195,0.9005821863810222,0.8228356255425348,4,0.0131307780238178,0.76934388478597,59.96002664890073
part_005.mp4,2733,0,5,0.0408880378430088,0.8982950210571289,0.8209928724500868,3,0.0135291504052778,0.7699446360270182,59.96002664890073
part_005.mp4,2734,0,4,0.040743973520067,0.8991860071818034,0.8230692545572916,2,0.0139238032437918,0.7708144505818685,59.96002664890073
part_005.mp4,2735,0,4,0.0408087236257765,0.894168472290039,0.8201513784903067,2,0.014042210279828,0.7714969635009765,59.96002664890073
part_005.mp4,2736,0,4,0.03998886761566,0.8909399032592773,0.8197957356770833,2,0.0144586881480386,0.7727888743082683,59.96002664890073
part_005.mp4,2737,0,4,0.0390621575276923,0.8874605178833008,0.8192331384729457,2,0.0148430847304148,0.7731552759806315,59.96002664890073
part_005.mp4,2738,0,4,0.0393387274148537,0.8842702865600586,0.8168575710720486,2,0.0148755556414404,0.7732861200968425,59.96002664890073
part_005.mp4,2739,0,3,0.0380368000882488,0.8812803904215495,0.8181044401945892,2,0.0151770983320764,0.7739635467529297,59.96002664890073
part_005.mp4,2740,0,3,0.0376535770838705,0.877001953125,0.8163562350802951,2,0.0151908902955,0.7740416844685872,59.96002664890073
part_005.mp4,2741,0,4,0.0368844740642493,0.8734203338623047,0.8172387017144097,3,0.0154187845481548,0.7747051239013671,59.96002664890073
part_005.mp4,2742,0,4,0.0364944339130306,0.8700292587280274,0.8155701813874421,2,0.0157054767096134,0.7755137125651042,59.96002664890073
part_005.mp4,2743,0,5,0.0375012914705116,0.8660066604614258,0.8098839653862847,3,0.01608825432266,0.7759140014648438,59.96002664890073
part_005.mp4,2744,0,7,0.0362154301065149,0.8630281448364258,0.8117380777994792,5,0.0164699787812962,0.776710319519043,59.96002664890073
part_005.mp4,2745,0,6,0.0363124886040653,0.862759017944336,0.810835435655382,4,0.0169128174510896,0.777773920694987,59.96002664890073
part_005.mp4,2746,0,7,0.0359387128937265,0.8599098841349284,0.8094051784939236,5,0.0173525160699824,0.7788649876912435,59.96002664890073
part_005.mp4,2747,0,4,0.0365480445364179,0.8571898142496744,0.8063564724392361,2,0.0179829544943317,0.7798360824584961,59.96002664890073
part_005.mp4,2748,0,4,0.0360455463939191,0.8532364527384441,0.8048302544487848,2,0.0186966194870416,0.7808255513509115,59.96002664890073
part_005.mp4,2749,0,5,0.0360576943203341,0.8515726089477539,0.8033503779658565,3,0.0185942406483539,0.7801949183146158,59.96002664890073
part_005.mp4,2750,0,5,0.0352611484747224,0.8473432540893555,0.8034456606264467,3,0.0183052065169128,0.7801343917846679,59.96002664890073
part_005.mp4,2751,0,6,0.034469080541921,0.8440048217773437,0.8031609429253472,4,0.0187064174008641,0.7809261322021485,59.96002664890073
part_005.mp4,2752,0,5,0.0345213092242678,0.8422027587890625,0.7995779531973379,3,0.0191870581740362,0.7823403040568034,59.96002664890073
part_005.mp4,2753,0,5,0.0336654765448959,0.8372959136962891,0.8004487779405381,2,0.019494566362598,0.783595085144043,59.96002664890073
part_005.mp4,2754,0,5,0.0335813886211555,0.8381588617960612,0.8014728687427662,3,0.0198638646730008,0.7839521408081055,59.96002664890073
part_005.mp4,2755,0,4,0.0329253163133075,0.8346239725748698,0.8025722927517361,2,0.0199978294016694,0.7839020411173503,59.96002664890073
part_005.mp4,2756,0,4,0.0328186091095249,0.8336591720581055,0.8018363670066551,2,0.020768712752421,0.7857151031494141,59.96002664890073
part_005.mp4,2757,0,6,0.0330731637092928,0.8334620157877605,0.7999172634548611,3,0.0212667734653546,0.787090555826823,59.96002664890073
part_005.mp4,2758,0,7,0.0320144236773894,0.831074587504069,0.7973357589156539,3,0.021376467668225,0.7876672108968099,59.96002664890073
part_005.mp4,2759,0,5,0.0315851262949096,0.8297531763712566,0.796983167860243,3,0.0216160952272454,0.7883364995320638,59.96002664890073
part_005.mp4,2760,2,5,0.0306809897445081,0.8240271250406901,0.7926008436414931,4,0.0219065501753141,0.788970947265625,59.96002664890073
part_005.mp4,2761,2,6,0.0266552653598612,0.8177379608154297,0.7731532909252026,4,0.0222997012988209,0.7891539255777995,59.96002664890073
part_005.mp4,2762,2,7,0.0260565685436243,0.8151117324829101,0.7734792638708043,4,0.0229746325821098,0.790494728088379,59.96002664890073
part_005.mp4,2763,2,7,0.0250296447052042,0.8138107935587565,0.7714193838614004,4,0.0237734016826531,0.7914917627970378,59.96002664890073
part_005.mp4,2764,2,6,0.0242041795376442,0.7919663111368815,0.0752349570945457,3,0.0242041795376442,0.7919663111368815,59.96002664890073
part_005.mp4,2765,2,6,0.0246806119813118,0.7923832575480143,0.0697377522786458,4,0.0246806119813118,0.7923832575480143,59.96002664890073
part_005.mp4,2766,2,5,0.0255768813392043,0.7953895568847656,0.0690665351019965,3,0.0255768813392043,0.7953895568847656,59.96002664890073
part_005.mp4,2767,2,6,0.0262502830860745,0.7969570795694987,0.0633819297507957,4,0.0262502830860745,0.7969570795694987,59.96002664890073
part_005.mp4,2768,2,6,0.0265739970621642,0.7970613479614258,0.0567268936722366,3,0.0265739970621642,0.7970613479614258,59.96002664890073
part_005.mp4,2769,2,6,0.0269377529430332,0.797252909342448,0.0532546997070312,4,0.0269377529430332,0.797252909342448,59.96002664890073
part_005.mp4,2770,2,6,0.0280977998876995,0.8003152847290039,0.047760009765625,4,0.0280977998876995,0.8003152847290039,59.96002664890073
part_005.mp4,2771,2,6,0.0306957381017747,0.8148932139078776,0.7909203423394098,3,0.0286527712229225,0.8016036987304688,59.96002664890073
part_005.mp4,2772,2,8,0.0381945048523872,0.8361175537109375,0.7917088826497396,4,0.0287069712666615,0.8027376810709635,59.96002664890073
part_005.mp4,2773,2,7,0.0446017479601303,0.8604839324951172,0.7899317423502604,3,0.0289132810501564,0.8030174891153972,59.96002664890073
part_005.mp4,2774,2,9,0.0363658976826829,0.8704157511393229,0.8412073771158854,4,0.0293558880634588,0.8024288177490234,59.96002664890073
part_005.mp4,2775,2,6,0.0303498646236448,0.8036823272705078,0.0217340822573061,4,0.0303498646236448,0.8036823272705078,59.96002664890073
part_005.mp4,2776,2,6,0.0312425586253973,0.8068699518839518,0.0182096693250868,4,0.0312425586253973,0.8068699518839518,59.96002664890073
part_005.mp4,2777,2,6,0.0316774400763528,0.8077315012613933,0.0143831041124131,4,0.0316774400763528,0.8077315012613933,59.96002664890073
part_005.mp4,2778,2,6,0.032301013697482,0.8088694254557292,0.0111151801215277,4,0.032301013697482,0.8088694254557292,59.96002664890073
part_005.mp4,2779,2,6,0.0332531423420166,0.8108959197998047,0.0040333218044704,4,0.0332531423420166,0.8108959197998047,59.96002664890073
part_005.mp4,2780,2,6,0.0341104567539015,0.8125986735026042,0.0010067692509403,4,0.0341104567539015,0.8125986735026042,59.96002664890073
part_005.mp4,2781,2,5,0.035609470513203,0.8154406229654948,0.0071748521592881,3,0.035609470513203,0.8154406229654948,59.96002664890073
part_005.mp4,2782,2,6,0.036695412328793,0.8174577713012695,0.0134143688060619,3,0.036695412328793,0.8174577713012695,59.96002664890073
part_005.mp4,2783,2,6,0.0381139284115677,0.8203048706054688,0.0176357975712528,3,0.0381139284115677,0.8203048706054688,59.96002664890073
part_005.mp4,2784,2,5,0.0392888200327353,0.8209326426188152,0.0242382755985966,3,0.0392888200327353,0.8209326426188152,59.96002664890073
part_005.mp4,2785,2,5,0.0400454264156266,0.8224762598673503,0.0304523326732494,3,0.0400454264156266,0.8224762598673503,59.96002664890073
part_005.mp4,2786,2,6,0.041070605981017,0.8245328903198242,0.0368087203414351,3,0.041070605981017,0.8245328903198242,59.96002664890073
part_005.mp4,2787,2,5,0.0413163467827339,0.8245970408121744,0.0429168983742042,3,0.0413163467827339,0.8245970408121744,59.96002664890073
part_005.mp4,2788,2,5,0.0423172484002834,0.8263632456461588,0.0490690725821035,3,0.0423172484002834,0.8263632456461588,59.96002664890073
part_005.mp4,2789,2,6,0.0433787450312283,0.8267528533935546,0.0569519608109085,4,0.0433787450312283,0.8267528533935546,59.96002664890073
part_005.mp4,2790,2,6,0.0446402450356011,0.8281038920084636,0.0637778953269675,3,0.0446402450356011,0.8281038920084636,59.96002664890073
part_005.mp4,2791,2,6,0.0460242207469397,0.8299938837687174,0.0718908804434317,3,0.0460242207469397,0.8299938837687174,59.96002664890073
part_005.mp4,2792,2,6,0.0482134377687018,0.8329505920410156,0.079052593089916,3,0.0482134377687018,0.8329505920410156,59.96002664890073
part_005.mp4,2793,2,6,0.0494288040755135,0.8352841059366862,0.0831617002133969,4,0.0494288040755135,0.8352841059366862,59.96002664890073
part_005.mp4,2794,2,6,0.0514137973315707,0.8392084121704102,0.092096201578776,4,0.0514137973315707,0.8392084121704102,59.96002664890073
part_005.mp4,2795,2,7,0.0523110388988344,0.8410429000854492,0.098472425672743,3,0.0523110388988344,0.8410429000854492,59.96002664890073
part_005.mp4,2796,2,8,0.05534196456849,0.8460304260253906,0.1119651229293258,3,0.05534196456849,0.8460304260253906,59.96002664890073
part_005.mp4,2797,2,7,0.0560375221385685,0.8459356307983399,0.1215963575575086,3,0.0560375221385685,0.8459356307983399,59.96002664890073
part_005.mp4,2798,2,7,0.0578654750700419,0.8475603103637696,0.1287331475151909,3,0.0578654750700419,0.8475603103637696,59.96002664890073
part_005.mp4,2799,2,7,0.0594133174018417,0.8490827560424805,0.1383911415382668,3,0.0594133174018417,0.8490827560424805,59.96002664890073
part_005.mp4,2800,2,6,0.060691805378398,0.8510018030802409,0.1465043244538483,3,0.060691805378398,0.8510018030802409,59.96002664890073
part_005.mp4,2801,2,7,0.0636650597213344,0.854434585571289,0.1607311672634548,3,0.0636650597213344,0.854434585571289,59.96002664890073
part_005.mp4,2802,2,6,0.0656754490320034,0.8579235076904297,0.1677938673231336,2,0.0656754490320034,0.8579235076904297,59.96002664890073
part_005.mp4,2803,2,5,0.067755736208904,0.8595878601074218,0.1788846757676866,2,0.067755736208904,0.8595878601074218,59.96002664890073
part_005.mp4,2804,2,5,0.0710712740910821,0.863929812113444,0.1922432793511284,2,0.0710712740910821,0.863929812113444,59.96002664890073
part_005.mp4,2805,2,5,0.0733582791298384,0.866074816385905,0.2029575065330222,2,0.0733582791298384,0.866074816385905,59.96002664890073
part_005.mp4,2806,2,5,0.0781543835116355,0.8729504267374675,0.2135292759648075,2,0.0781543835116355,0.8729504267374675,59.96002664890073
part_005.mp4,2807,2,5,0.0814909015525767,0.8754074096679687,0.2238394701922381,2,0.0814909015525767,0.8754074096679687,59.96002664890073
part_005.mp4,2808,2,5,0.0848079284142241,0.8781198501586914,0.2397076359501591,2,0.0848079284142241,0.8781198501586914,59.96002664890073
part_005.mp4,2809,2,6,0.0892148817670466,0.8842891693115235,0.2492811980070891,2,0.0892148817670466,0.8842891693115235,59.96002664890073
part_005.mp4,2810,2,6,0.0942283979875032,0.8918256759643555,0.2689091293900101,3,0.0942283979875032,0.8918256759643555,59.96002664890073
part_005.mp4,2811,2,6,0.0982977453749777,0.8947650909423828,0.2822987309208623,2,0.0982977453749777,0.8947650909423828,59.96002664890073
part_005.mp4,2812,2,5,0.1043089183178973,0.9010065078735352,0.2962016211615668,2,0.1043089183178973,0.9010065078735352,59.96002664890073
part_005.mp4,2813,2,6,0.1097235877941784,0.9075626373291016,0.3103278477986653,2,0.1097235877941784,0.9075626373291016,59.96002664890073
part_005.mp4,2814,2,5,0.1153850404191244,0.9120030085245768,0.33016234503852,2,0.1153850404191244,0.9120030085245768,59.96002664890073
part_005.mp4,2815,2,7,0.1213634201496663,0.917453956604004,0.3478414111667209,2,0.1213634201496663,0.917453956604004,59.96002664890073
part_005.mp4,2816,2,6,0.127745477388089,0.9235076904296876,0.3646951463487413,2,0.127745477388089,0.9235076904296876,59.96002664890073
part_005.mp4,2817,2,6,0.1352419923019624,0.9312134424845376,0.3795770857069227,2,0.1352419923019624,0.9312134424845376,59.96002664890073
part_005.mp4,2818,2,6,0.1432772132320544,0.9396116256713868,0.4044524722629123,2,0.1432772132320544,0.9396116256713868,59.96002664890073
part_005.mp4,2819,2,6,0.1457840129079255,0.9428176879882812,0.4070223772967303,2,0.1457840129079255,0.9428176879882812,59.96002664890073
part_005.mp4,2820,0,6,0.1478459845032517,0.948342514038086,0.4100966135660807,2,0.1478459845032517,0.948342514038086,59.96002664890073
part_005.mp4,2821,0,5,0.1541555072216201,0.9589227676391602,0.4171977714256004,2,0.1541555072216201,0.9589227676391602,59.96002664890073
part_005.mp4,2822,0,5,0.1631543375317253,0.9749462763468424,0.4210742950439453,2,0.1631543375317253,0.9749462763468424,59.96002664890073
part_005.mp4,2823,0,6,0.1654876103642164,0.9810413360595704,0.4259813096788194,2,0.1654876103642164,0.9810413360595704,59.96002664890073
part_005.mp4,2824,0,6,0.1724512374804665,0.994906997680664,0.428147718641493,2,0.1724512374804665,0.994906997680664,59.96002664890073
part_005.mp4,2825,0,5,0.1727772024324426,0.9974958419799804,0.4303300080475983,2,0.1727772024324426,0.9974958419799804,59.96002664890073
part_005.mp4,2826,0,5,0.1730369820997536,0.999065081278483,0.43131226433648,2,0.1730369820997536,0.999065081278483,59.96002664890073
part_005.mp4,2827,0,7,0.1716256156257665,0.999492073059082,0.4343305234555845,3,0.1716256156257665,0.999492073059082,59.96002664890073
part_005.mp4,2828,0,7,0.1702194718070354,0.9993444442749024,0.4388082716200087,3,0.1702194718070354,0.9993444442749024,59.96002664890073
part_005.mp4,2829,0,7,0.1690977649308398,0.999422836303711,0.4424721329300491,3,0.1690977649308398,0.999422836303711,59.96002664890073
part_005.mp4,2830,0,7,0.1678561771806239,0.9996252059936525,0.4449665069580078,4,0.1678561771806239,0.9996252059936525,59.96002664890073
part_005.mp4,2831,0,7,0.1667456883223268,0.9996650695800782,0.4493737538655599,3,0.1667456883223268,0.9996650695800782,59.96002664890073
part_005.mp4,2832,0,7,0.1656764744625737,0.9996885299682616,0.4530323169849537,4,0.1656764744625737,0.9996885299682616,59.96002664890073
part_005.mp4,2833,0,6,0.1631476746620265,0.9996803283691408,0.4538476873327184,3,0.1631476746620265,0.9996803283691408,59.96002664890073
part_005.mp4,2834,0,7,0.1615539009207229,0.9996505737304688,0.4580402939407914,3,0.1615539009207229,0.9996505737304688,59.96002664890073
part_005.mp4,2835,0,7,0.1601458069295795,0.9996252059936525,0.463124367042824,3,0.1601458069295795,0.9996252059936525,59.96002664890073
part_005.mp4,2836,0,7,0.1583400685201922,0.9995606104532878,0.4687444898817274,2,0.1583400685201922,0.9995606104532878,59.96002664890073
part_005.mp4,2837,0,7,0.1573766343437859,0.9994810104370118,0.4725023057725694,3,0.1573766343437859,0.9994810104370118,59.96002664890073
part_005.mp4,2838,0,7,0.1566033159701005,0.999471918741862,0.4757326903166594,3,0.1566033159701005,0.999471918741862,59.96002664890073
part_005.mp4,2839,0,8,0.1552869517706265,0.9994863510131836,0.4826922381365741,3,0.1552869517706265,0.9994863510131836,59.96002664890073
part_005.mp4,2840,0,9,0.1523175962894311,0.9995601654052736,0.486762449476454,3,0.1523175962894311,0.9995601654052736,59.96002664890073
part_005.mp4,2841,0,7,0.1497496446457349,0.999648666381836,0.4914191210711444,4,0.1497496446457349,0.999648666381836,59.96002664890073
part_005.mp4,2842,0,9,0.148574308692386,0.9996647516886392,0.4951703954626013,4,0.148574308692386,0.9996647516886392,59.96002664890073
part_005.mp4,2843,0,8,0.1474126678698667,0.9995550155639648,0.4976949479844835,5,0.1474126678698667,0.9995550155639648,59.96002664890073
part_005.mp4,2844,0,8,0.1462880004329458,0.9994483947753906,0.5030162387424045,4,0.1462880004329458,0.9994483947753906,59.96002664890073
part_005.mp4,2845,0,7,0.1446972732068712,0.9992462793986002,0.5091201075801143,4,0.1446972732068712,0.9992462793986002,59.96002664890073
part_005.mp4,2846,0,6,0.1412520492439054,0.9992538452148436,0.5174165513780382,3,0.1412520492439054,0.9992538452148436,59.96002664890073
part_005.mp4,2847,0,6,0.1387833622148766,0.9993825912475586,0.5241260245994285,3,0.1387833622148766,0.9993825912475586,59.96002664890073
part_005.mp4,2848,0,5,0.1371777868766932,0.9992010116577148,0.5281048244900174,3,0.1371777868766932,0.9992010116577148,59.96002664890073
part_005.mp4,2849,0,5,0.1351564169861376,0.999517059326172,0.534671868218316,3,0.1351564169861376,0.999517059326172,59.96002664890073
part_005.mp4,2850,0,6,0.1325465313389011,0.9995413462320965,0.5422976175944011,3,0.1325465313389011,0.9995413462320965,59.96002664890073
part_005.mp4,2851,0,7,0.1301798409221939,0.9996187210083008,0.5508970472547743,4,0.1301798409221939,0.9996187210083008,59.96002664890073
part_005.mp4,2852,0,7,0.1276198802980394,0.9994206110636392,0.5567312452528211,4,0.1276198802980394,0.9994206110636392,59.96002664890073
part_005.mp4,2853,0,7,0.1244338781378098,0.9994041442871092,0.5655540183738426,4,0.1244338781378098,0.9994041442871092,59.96002664890073
part_005.mp4,2854,0,5,0.1221217661502628,0.999340311686198,0.5722301059299045,3,0.1221217661502628,0.999340311686198,59.96002664890073
part_005.mp4,2855,0,5,0.1193924428627729,0.9994586944580078,0.5816611537226924,3,0.1193924428627729,0.9994586944580078,59.96002664890073
part_005.mp4,2856,0,5,0.1163204293516658,0.9993570963541668,0.5885604858398438,3,0.1163204293516658,0.9993570963541668,59.96002664890073
part_005.mp4,2857,0,7,0.1143955928714422,0.9993852615356446,0.5949265374077691,4,0.1143955928714422,0.9993852615356446,59.96002664890073
part_005.mp4,2858,0,5,0.1111112599442923,0.9994440078735352,0.6065162234836154,2,0.0030079525530001,0.717926025390625,59.96002664890073
part_005.mp4,2859,0,6,0.1077963061477328,0.9994735717773438,0.6149389620180483,3,0.0038357657279077,0.7311124801635742,59.96002664890073
part_005.mp4,2860,0,6,0.1028513304762277,0.999468231201172,0.628934817843967,3,0.0039023328519262,0.731870460510254,59.96002664890073
part_005.mp4,2861,0,6,0.0993640932614734,0.9993021647135416,0.63850018536603,3,0.0037843480956723,0.7318072001139323,59.96002664890073
part_005.mp4,2862,0,6,0.0950773407188777,0.9994301478068034,0.6512444284227159,3,0.0028521729446947,0.7183670043945313,59.96002664890073
part_005.mp4,2863,0,7,0.0918590657759601,0.9994558334350586,0.6600220715558087,4,0.0038928638005422,0.7333002726236979,59.96002664890073
part_005.mp4,2864,0,7,0.0870116848655096,0.9994728088378906,0.6745725843641494,4,0.0040011678729206,0.7334856033325196,59.96002664890073
part_005.mp4,2865,0,7,0.081715410384427,0.9994199752807618,0.6885841616877804,4,0.0039916447144544,0.7334386825561523,59.96002664890073
part_005.mp4,2866,0,6,0.0767482500918985,0.9994960784912108,0.704402404361301,3,0.0040951761119585,0.7335201263427734,59.96002664890073
part_005.mp4,2867,0,7,0.0717120299319503,0.9995418548583984,0.7193956163194445,3,0.0040865993592888,0.7333763758341472,59.96002664890073
part_005.mp4,2868,0,6,0.0660157701072482,0.9995246887207032,0.7367761611938477,3,0.0031366514355694,0.7203939437866211,59.96002664890073
part_005.mp4,2869,0,6,0.0598742072241792,0.9994654337565104,0.7545461372092918,3,0.0037591653139679,0.7333045959472656,59.96002664890073
part_005.mp4,2870,0,6,0.0538006824114321,0.9994482040405274,0.7736863030327691,3,0.0040397007997509,0.7322218577067058,59.96002664890073
part_005.mp4,2871,0,6,0.0472627221480312,0.9993906656901042,0.7943375057644314,3,0.0038673388144794,0.731478500366211,59.96002664890073
part_005.mp4,2872,0,6,0.0403725992881178,0.9993545532226562,0.817292488945855,3,0.0027630005706386,0.721619987487793,59.96002664890073
part_005.mp4,2873,0,7,0.0337689619542329,0.999319330851237,0.8436893745704933,3,0.0031417801180699,0.7217660903930664,59.96002664890073
part_005.mp4,2874,0,5,0.026890954080718,0.999435806274414,0.8682839764489068,2,0.0028018345727792,0.722026507059733,59.96002664890073
part_005.mp4,2875,0,6,0.0208800309985505,0.8143701553344727,0.8724009195963541,2,0.0027192831863821,0.7218622843424479,59.96002664890073
part_005.mp4,2876,0,4,0.0222799433113821,0.8174741744995118,0.8663170143410012,2,0.0028442789779122,0.7224484125773112,59.96002664890073
part_005.mp4,2877,0,4,0.0233878923490259,0.8209962844848633,0.8625483194986979,2,0.0027149614373532,0.7220516204833984,59.96002664890073
part_005.mp4,2878,0,5,0.0262937116290063,0.8424774805704752,0.8628641764322916,3,0.0027717528961754,0.7222583770751954,59.96002664890073
part_005.mp4,2879,0,4,0.0278070751453439,0.8487568537394206,0.8611087375217014,2,0.0027955697783424,0.7227428436279297,59.96002664890073
part_005.mp4,2880,0,5,0.0293384371969969,0.8502840677897135,0.854126372160735,3,0.0028056015092362,0.7228250503540039,59.96002664890073
part_005.mp4,2881,0,5,0.029409504691473,0.8502422332763672,0.8537538316514757,3,0.002811154550517,0.7228813171386719,59.96002664890073
part_005.mp4,2882,0,5,0.0297913220417103,0.8503320693969727,0.8520405522099248,2,0.0029046510658614,0.7234525044759115,59.96002664890073
part_005.mp4,2883,0,4,0.0308105432160664,0.8504385630289714,0.8469129774305556,2,0.0029236453507716,0.7235874811808268,59.96002664890073
part_005.mp4,2884,0,4,0.0323949503189026,0.8553698221842448,0.843663250958478,2,0.0029153197195724,0.7235540390014649,59.96002664890073
part_005.mp4,2885,0,4,0.0313617247177494,0.8481565475463867,0.842653571234809,2,0.0029449308381622,0.7248004913330078,59.96002664890073
part_005.mp4,2886,0,4,0.0316203991375449,0.8474996566772461,0.8410875108506944,2,0.0029587209725933,0.7254924774169922,59.96002664890073
part_005.mp4,2887,0,6,0.0309469239020513,0.8443379084269206,0.8413397894965278,2,0.0029431155182343,0.7266508102416992,59.96002664890073
part_005.mp4,2888,0,7,0.030962663367484,0.8431296030680339,0.8396793506763599,2,0.0029807378216193,0.7256528854370117,59.96002664890073
part_005.mp4,2889,0,6,0.0309134222737823,0.8412100474039713,0.8391337076822917,2,0.0029903809339157,0.7249912261962891,59.96002664890073
part_005.mp4,2890,0,8,0.0309560811914356,0.837582015991211,0.8346841317635996,2,0.0030281705810274,0.725350824991862,59.96002664890073
part_005.mp4,2891,0,7,0.0305696750848545,0.8362616221110026,0.8341617160373264,2,0.0030302066872374,0.7254406611124674,59.96002664890073
part_005.mp4,2892,0,6,0.0301533535374457,0.8336334228515625,0.8328561853479456,2,0.0030418901807732,0.7257667541503906,59.96002664890073
part_005.mp4,2893,0,7,0.0196974516885907,0.7686614990234375,0.8308464898003473,2,0.0030275317869489,0.7260204315185547,59.96002664890073
part_005.mp4,2894,0,5,0.0290737261381905,0.8271633148193359,0.833878015588831,2,0.0030571505614271,0.7261724472045898,59.96002664890073
part_005.mp4,2895,0,5,0.0198437429938348,0.7673058827718099,0.827719963921441,2,0.0031116844562994,0.7262580871582032,59.96002664890073
part_005.mp4,2896,0,6,0.0297001035301946,0.8232569376627604,0.8236444543909144,2,0.0031590062666994,0.7264955520629883,59.96002664890073
part_005.mp4,2897,0,7,0.020119275794261,0.7675789515177409,0.82432861328125,3,0.0031448945010197,0.7268187204996744,59.96002664890073
part_005.mp4,2898,0,8,0.0197314503602683,0.7672163645426432,0.8248291015625,3,0.0032093563675449,0.7270969390869141,59.96002664890073
part_005.mp4,2899,0,5,0.0200557864721566,0.7671600341796875,0.8220898098415799,2,0.0032330159191042,0.7272706349690755,59.96002664890073
part_005.mp4,2900,0,7,0.0265903223643545,0.8183048248291016,0.8352900187174479,2,0.0032544108256726,0.7273653030395508,59.96002664890073
part_005.mp4,2901,0,5,0.0201856919940716,0.7690414428710938,0.8225821601019965,2,0.0032154031974237,0.7273722330729167,59.96002664890073
part_005.mp4,2902,0,7,0.0200362310451053,0.7683861414591472,0.8164922643590856,4,0.00324826965807,0.7275625228881836,59.96002664890073
part_005.mp4,2903,0,5,0.0194820723710883,0.7649015426635742,0.8153967398184317,1,0.0033824203008164,0.7277694702148437,59.96002664890073
part_005.mp4,2904,0,4,0.0206592422645513,0.8189304351806641,0.8783586290147569,1,0.0034085384603369,0.7278643290201823,59.96002664890073
part_005.mp4,2905,0,4,0.0208135313794116,0.8153055826822917,0.8785735518844039,1,0.0033531891773842,0.7279953638712565,59.96002664890073
part_005.mp4,2906,0,5,0.0190313346029789,0.8124725977579753,0.8777423434787326,1,0.0033748186878963,0.7281841278076172,59.96002664890073
part_005.mp4,2907,0,5,0.0159859311087833,0.7610589981079101,0.7839901394314236,1,0.0033794307010284,0.7285751978556315,59.96002664890073
part_005.mp4,2908,0,7,0.0159615636752763,0.7593567530314128,0.7797119140625,1,0.0033883828006219,0.7285881678263346,59.96002664890073
part_005.mp4,2909,0,7,0.015621782113384,0.7596190134684245,0.7745899341724537,1,0.0033975132834489,0.7288347880045573,59.96002664890073
part_005.mp4,2910,0,9,0.016127837083574,0.8364716211954752,0.9150486133716724,1,0.0034198677375873,0.7288429260253906,59.96002664890073
part_005.mp4,2911,0,9,0.0181850833222011,0.8705692291259766,0.9206354211877894,1,0.0034867304815755,0.728945541381836,59.96002664890073
part_005.mp4,2912,0,9,0.0193242416769498,0.8731371561686198,0.9180377536349826,1,0.0034973208501469,0.7289817810058594,59.96002664890073
part_005.mp4,2913,0,7,0.0221418023694099,0.8775070826212565,0.908108859592014,1,0.0034800945594906,0.7290809631347657,59.96002664890073
part_005.mp4,2914,0,6,0.0229673221552123,0.8759880065917969,0.90462154812283,1,0.0034548709207835,0.7290123621622722,59.96002664890073
part_005.mp4,2915,0,9,0.0230633800953122,0.8717615127563476,0.9027308146158854,3,0.0034799128614961,0.7352376937866211,59.96002664890073
part_005.mp4,2916,0,6,0.0236753740111857,0.8694206237792969,0.8985160545066551,1,0.0033303807751508,0.7290119806925456,59.96002664890073
part_005.mp4,2917,0,6,0.0258382785837899,0.8666364669799804,0.8880485252097801,1,0.0033018843749434,0.7291072845458985,59.96002664890073
part_005.mp4,2918,0,6,0.0262530778793411,0.8635245005289713,0.8853115505642362,2,0.0033073562730346,0.7333292007446289,59.96002664890073
part_005.mp4,2919,0,8,0.0248787128125938,0.8593450546264648,0.8884165445963542,2,0.0032919967891993,0.7350378036499023,59.96002664890073
part_005.mp4,2920,0,6,0.0245054183872761,0.8577661514282227,0.8873211895978009,1,0.003257810875851,0.7293881098429362,59.96002664890073
part_005.mp4,2921,0,6,0.0239501093279492,0.8568668365478516,0.8890445285373264,1,0.0032251998499203,0.7294952392578125,59.96002664890073
part_005.mp4,2922,0,8,0.0240052477670919,0.8554542541503907,0.8890285915798611,2,0.003308398425579,0.7298636754353841,59.96002664890073
part_005.mp4,2923,0,6,0.0242700354408122,0.8534248987833659,0.886227360478154,1,0.0033551365027044,0.7297605514526367,59.96002664890073
part_005.mp4,2924,0,6,0.0243712356101173,0.8519806543986003,0.8827425921404803,1,0.0033528092130803,0.7295298258463542,59.96002664890073
part_005.mp4,2925,0,7,0.023888840874726,0.8493807474772136,0.8819586859809028,1,0.0034024826089282,0.7298269907633463,59.96002664890073
part_005.mp4,2926,0,7,0.0237305021744773,0.8464082717895508,0.880009177879051,1,0.0034537293952975,0.7300931294759114,59.96002664890073
part_005.mp4,2927,0,7,0.0248909462098769,0.8445381800333659,0.876695477520978,2,0.0034512620405466,0.7302466710408528,59.96002664890073
part_005.mp4,2928,0,11,0.0267395900733148,0.8427181879679362,0.8665907118055556,5,0.0045700400690677,0.7344696680704753,59.96002664890073
part_005.mp4,2929,0,8,0.0268319757210441,0.8410140991210937,0.8624087298357929,2,0.0044580447388903,0.735247802734375,59.96002664890073
part_005.mp4,2930,0,5,0.0269632513013332,0.8402805964152018,0.865397474500868,1,0.0035065585774955,0.7302972793579101,59.96002664890073
part_005.mp4,2931,0,6,0.0275552884371589,0.8397188186645508,0.860774004900897,1,0.0034962014861715,0.7303406397501627,59.96002664890073
part_005.mp4,2932,0,8,0.0268476698147262,0.8394128799438476,0.8636552033600984,1,0.0033955979894057,0.7302799224853516,59.96002664890073
part_005.mp4,2933,0,6,0.027249904312991,0.839012336730957,0.861141911259404,1,0.0034243722353453,0.7303972244262695,59.96002664890073
part_005.mp4,2934,0,6,0.0277277741657302,0.8388217926025391,0.8583029287832754,1,0.0034435295518401,0.7303688685099284,59.96002664890073
part_005.mp4,2935,0,5,0.0289332380417028,0.8388988494873046,0.8524942468713831,1,0.0035700780941161,0.730479367574056,59.96002664890073
part_005.mp4,2936,0,7,0.0292745860723058,0.8400798797607422,0.8515583744755497,1,0.0035664917526473,0.7308167139689128,59.96002664890073
part_005.mp4,2937,0,6,0.031390607173671,0.8403330485026042,0.8406829833984375,1,0.0035564146093437,0.7309089660644531,59.96002664890073
part_005.mp4,2938,0,5,0.0326376224538695,0.8404452006022135,0.83501547354239,1,0.0035655278639284,0.7309025446573894,59.96002664890073
part_005.mp4,2939,0,5,0.033842380026576,0.8415327707926432,0.82898599130136,1,0.0035882873491371,0.7308932622273763,59.96002664890073
part_005.mp4,2940,0,6,0.0319340564534973,0.8400469462076823,0.836808607313368,1,0.0036283770239808,0.7309122085571289,59.96002664890073
part_005.mp4,2941,0,9,0.0327619723491241,0.8402577082316081,0.8298564204463252,3,0.0043097618011179,0.7332714716593425,59.96002664890073
part_005.mp4,2942,0,8,0.0332378078693054,0.8478601455688477,0.8354518749095775,3,0.0036683654529042,0.7332892100016276,59.96002664890073
part_005.mp4,2943,0,7,0.0331951706967083,0.8511018753051758,0.8373131646050347,2,0.0038298051998329,0.7367347717285156,59.96002664890073
part_005.mp4,2944,0,6,0.0346672671620682,0.8600330352783203,0.8368811713324653,1,0.0038422652805456,0.7313545227050782,59.96002664890073
part_005.mp4,2945,0,8,0.0347031054334365,0.8614429473876953,0.837026921025029,2,0.0039141800574402,0.7314490636189779,59.96002664890073
part_005.mp4,2946,0,6,0.0362107842803622,0.870393435160319,0.8370881257233797,1,0.0039405493990138,0.7314231872558594,59.96002664890073
part_005.mp4,2947,0,7,0.0379840082514824,0.8737064361572265,0.8316133287217882,2,0.0038035678588979,0.7316757202148437,59.96002664890073
part_005.mp4,2948,0,9,0.0386814473493723,0.8757074356079102,0.8304670545789931,4,0.0041057280339818,0.7369939804077148,59.96002664890073
part_005.mp4,2949,0,7,0.0385328734891178,0.8725545883178711,0.8292851765950521,2,0.0038505202073806,0.731640879313151,59.96002664890073
part_005.mp4,2950,0,6,0.0395624904260815,0.876173464457194,0.8270780210141783,3,0.0040201893457453,0.7355665842692057,59.96002664890073
part_005.mp4,2951,0,5,0.0403935219711526,0.8762887954711914,0.8225425437644676,2,0.0040135266797733,0.7321097056070963,59.96002664890073
part_005.mp4,2952,0,6,0.0416445531587103,0.8770483652750651,0.8171403107819734,2,0.0041016690055969,0.7323856989542643,59.96002664890073
part_005.mp4,2953,0,7,0.0409625635878182,0.8745014190673828,0.8161722819010416,3,0.0041631919306301,0.7326664606730143,59.96002664890073
part_005.mp4,2954,0,7,0.0409420777879077,0.8710140228271485,0.8133336385091146,3,0.0041976489953231,0.7339787165323893,59.96002664890073
part_005.mp4,2955,0,7,0.0401609164606715,0.8679108301798503,0.8134962858977142,3,0.0041792462150462,0.7339434305826823,59.96002664890073
part_005.mp4,2956,0,9,0.0395243592169006,0.8647444407145183,0.8129122698748553,5,0.0042931488795525,0.7329552332560222,59.96002664890073
part_005.mp4,2957,0,7,0.0391148957423865,0.8631447474161784,0.81329345703125,2,0.0043229172508919,0.7331055323282878,59.96002664890073
part_005.mp4,2958,0,7,0.0374606160580663,0.8595781326293945,0.8165968153211806,2,0.0043288136319613,0.7330801010131835,59.96002664890073
part_005.mp4,2959,0,9,0.0371420548234083,0.8561949412027995,0.8154924180772569,4,0.0043764332188099,0.7332802454630534,59.96002664890073
part_005.mp4,2960,0,8,0.0378114540331255,0.8529975891113282,0.8094464902524595,4,0.004405697170231,0.7331194559733073,59.96002664890073
part_005.mp4,2961,0,7,0.0371594859537435,0.8494482676188151,0.8097361246744792,3,0.0043550686373405,0.73360595703125,59.96002664890073
part_005.mp4,2962,0,7,0.0371245369780521,0.8471786499023437,0.8085285893192997,3,0.0043819791570098,0.7338572184244792,59.96002664890073
part_005.mp4,2963,0,6,0.0378221918356656,0.8450585047403971,0.8026835123697916,3,0.0044411220883678,0.7340305328369141,59.96002664890073
part_005.mp4,2964,0,7,0.0371818938013166,0.8436548233032226,0.8046933774594908,4,0.0044623680113646,0.7332189559936524,59.96002664890073
part_005.mp4,2965,0,6,0.0352114579490282,0.8399831771850585,0.8110965304904514,3,0.0045374751035813,0.7338152567545573,59.96002664890073
part_005.mp4,2966,0,9,0.0352761695822765,0.8369924545288085,0.8078287195276331,5,0.0047489952911726,0.7339321136474609,59.96002664890073
part_005.mp4,2967,0,8,0.0358146397986005,0.8352720896402995,0.8027631406430845,5,0.0046538240756813,0.7340194702148437,59.96002664890073
part_005.mp4,2968,0,7,0.0350199726502372,0.8312116622924804,0.8035938969364873,4,0.0045870263095841,0.7338752746582031,59.96002664890073
part_005.mp4,2969,0,8,0.0343447173473476,0.8280874252319336,0.8031945122612847,5,0.0047026303996487,0.7339656829833985,59.96002664890073
part_005.mp4,2970,0,6,0.0339784848105477,0.8266496658325195,0.803884831181279,3,0.0047852415617348,0.7340911865234375,59.96002664890073
part_005.mp4,2971,0,9,0.0338897423106346,0.8250257492065429,0.8032098275643808,6,0.0048205905994917,0.7341522216796875,59.96002664890073
part_005.mp4,2972,0,9,0.0336612349625405,0.8222052256266276,0.8009963989257812,7,0.0048878560659625,0.7343247731526693,59.96002664890073
part_005.mp4,2973,0,7,0.0335077864422181,0.8193228403727214,0.7984744036639179,4,0.0050493413370094,0.7347160975138346,59.96002664890073
part_005.mp4,2974,0,6,0.033441102660371,0.8182112375895182,0.7971625999168114,5,0.0051079838301154,0.7349682490030924,59.96002664890073
part_005.mp4,2975,0,5,0.0330822525035452,0.8157791137695313,0.796990062572338,3,0.0051286644030672,0.7350041071573893,59.96002664890073
part_005.mp4,2976,0,6,0.0324703268183576,0.8132382074991862,0.7963997734917535,4,0.0052264317216381,0.7356457392374675,59.96002664890073
part_005.mp4,2977,0,6,0.0321982533063661,0.8115104675292969,0.796742418077257,4,0.0052941059352209,0.73594970703125,59.96002664890073
part_005.mp4,2978,0,6,0.0317453312675323,0.8092123031616211,0.7967935632776331,4,0.0053469519833797,0.7356621424357096,59.96002664890073
part_005.mp4,2979,0,5,0.0317354552907636,0.8082221984863281,0.7963634914822049,4,0.0053920628691816,0.7358010609944662,59.96002664890073
part_005.mp4,2980,0,4,0.0315229552503054,0.8064069747924805,0.7966593424479167,3,0.0054115617364489,0.73619384765625,59.96002664890073
part_005.mp4,2981,0,4,0.0313487569701909,0.8046616236368815,0.7952341150354456,3,0.0054706865650771,0.7367609024047852,59.96002664890073
part_005.mp4,2982,0,6,0.0309311342282424,0.8035108566284179,0.7963827627676504,5,0.005472421437864,0.7370434443155924,59.96002664890073
part_005.mp4,2983,0,5,0.030879410937174,0.8036130905151367,0.7960780956127026,4,0.0055536315217614,0.7371153513590495,59.96002664890073
part_005.mp4,2984,0,4,0.0310762277233017,0.8042790095011393,0.7954624317310475,3,0.0055432199492308,0.7371800104777019,59.96002664890073
part_005.mp4,2985,0,5,0.0305526896235446,0.8030111948649089,0.7951342547381366,4,0.0055690806871603,0.7371105829874675,59.96002664890073
part_005.mp4,2986,0,4,0.0302536512105467,0.8018471399943033,0.7973398844401042,3,0.0055079697614052,0.7367473602294922,59.96002664890073
part_005.mp4,2987,0,5,0.0274220403662184,0.788536008199056,0.7994740804036459,3,0.0056338564311132,0.7372886657714843,59.96002664890073
part_005.mp4,2988,0,5,0.0206756844877963,0.756764284769694,0.7947965833875869,3,0.0056628648059753,0.7375589370727539,59.96002664890073
part_005.mp4,2989,0,7,0.0248930594942066,0.7931634902954101,0.809539794921875,4,0.005776292098561,0.7381465911865235,59.96002664890073
part_005.mp4,2990,0,4,0.0274427536712028,0.7914974848429362,0.7973544650607639,3,0.0058263822196749,0.7383279800415039,59.96002664890073
part_005.mp4,2991,0,5,0.0271039748523509,0.7901533126831055,0.7947564584237558,3,0.0058019658222501,0.738558006286621,59.96002664890073
part_005.mp4,2992,0,7,0.0223203661301199,0.7663751602172851,0.7860429551866319,3,0.0058518885207983,0.7387060801188151,59.96002664890073
part_005.mp4,2993,0,5,0.0256254517208758,0.7851676940917969,0.7840911865234375,3,0.0059834329542893,0.7388982772827148,59.96002664890073
part_005.mp4,2994,0,5,0.0240206981676826,0.7762073516845703,0.7901812518084491,3,0.0058090264295848,0.7375950495402018,59.96002664890073
part_005.mp4,2995,0,5,0.0234215407075114,0.781519889831543,0.780415118182147,3,0.0058387823141306,0.737673568725586,59.96002664890073
part_005.mp4,2996,0,5,0.023501085763823,0.7808209101359049,0.7844553629557292,3,0.0058160281675453,0.7377834955851237,59.96002664890073
part_005.mp4,2997,0,7,0.0219427636221991,0.7797964731852214,0.7679344459816262,4,0.0059661252703517,0.7380861282348633,59.96002664890073
part_005.mp4,2998,0,8,0.0230763614057515,0.7793461481730143,0.7758005212854456,5,0.0060425593418336,0.7381219863891602,59.96002664890073
part_005.mp4,2999,0,7,0.022542870035395,0.7786277770996094,0.7757887098524305,5,0.0060552671374386,0.7381510416666667,59.96002664890073
part_005.mp4,3000,0,7,0.0227479354558831,0.7785099029541016,0.7746734619140625,5,0.0060911366861762,0.7383290608723958,59.96002664890073
part_005.mp4,3001,0,8,0.0228987817320524,0.7774223327636719,0.7715545654296875,5,0.0062090041155547,0.7386036554972331,59.96002664890073
part_005.mp4,3002,0,10,0.0192714635179598,0.770559565226237,0.7554218998661748,6,0.006351393777877,0.7388736724853515,59.96002664890073
part_005.mp4,3003,0,11,0.0150885622195804,0.7497470855712891,0.7466040152090567,7,0.0063791904259576,0.7391007105509441,59.96002664890073
part_005.mp4,3004,0,9,0.0180055501092265,0.7719428380330403,0.7440413863570602,4,0.0063928527964486,0.7392995198567708,59.96002664890073
part_005.mp4,3005,0,8,0.0181256846696272,0.77406005859375,0.7443129362883392,5,0.0064301611146786,0.7393887201944987,59.96002664890073
part_005.mp4,3006,0,8,0.016602380083544,0.7696840922037761,0.7408638848198785,4,0.0065206202179413,0.7397603988647461,59.96002664890073
part_005.mp4,3007,0,7,0.0145244023399384,0.7537755966186523,0.7370434231228299,3,0.0065800121151928,0.7398412704467774,59.96002664890073
part_005.mp4,3008,0,8,0.0147789789132204,0.7570379892985026,0.7382632220232929,4,0.0067503678085523,0.74174009958903,59.96002664890073
part_005.mp4,3009,0,7,0.0133093969598929,0.7704240798950195,0.7662032515914352,4,0.006899367621453,0.7419660568237305,59.96002664890073
part_005.mp4,3010,0,9,0.0136273972550407,0.8060438791910808,0.9091749403211804,6,0.0069450584832682,0.7420017878214519,59.96002664890073
part_005.mp4,3011,0,8,0.0140587248103111,0.8051676432291667,0.9070829603407118,5,0.0070101359303872,0.7417695999145508,59.96002664890073
part_005.mp4,3012,0,9,0.0146117088103589,0.7665609995524089,0.772288343641493,6,0.0068817564839839,0.7406278610229492,59.96002664890073
part_005.mp4,3013,0,7,0.0147235723806941,0.8041341781616211,0.901347181532118,4,0.0070954025124794,0.741115951538086,59.96002664890073
part_005.mp4,3014,0,8,0.0150163241859128,0.8029041926066081,0.8988635592990452,5,0.0071712434858394,0.7424687067667644,59.96002664890073
part_005.mp4,3015,0,7,0.0147644422810386,0.8013833999633789,0.8999927662037037,5,0.007342963820707,0.7425867716471354,59.96002664890073
part_005.mp4,3016,0,6,0.0147934973705559,0.800752830505371,0.9001363118489584,4,0.0075105116407158,0.7430868148803711,59.96002664890073
part_005.mp4,3017,0,9,0.0148092947917757,0.8001007715861003,0.8995452880859375,5,0.0075943719862132,0.742032814025879,59.96002664890073
part_005.mp4,3018,0,8,0.0148595963872072,0.7992597579956054,0.8983222113715278,4,0.0076486559241311,0.7436203638712565,59.96002664890073
part_005.mp4,3019,0,12,0.0149333081502657,0.7991666793823242,0.8975470648871527,7,0.0077811542526534,0.7437458674112956,59.96002664890073
part_005.mp4,3020,0,8,0.0150718288125871,0.7997135798136393,0.8968616061740451,5,0.0077458316177082,0.7436927795410156,59.96002664890073
part_005.mp4,3021,0,8,0.015085541988309,0.7982450485229492,0.8960761176215277,5,0.0076446468697395,0.7416988372802734,59.96002664890073
part_005.mp4,3022,0,9,0.014879777510133,0.7967248916625976,0.8965894911024306,5,0.0076568021935721,0.7420376459757487,59.96002664890073
part_005.mp4,3023,0,7,0.0150927231939406,0.7959012985229492,0.8943203396267361,4,0.0080005369685305,0.7446533203125,59.96002664890073
part_005.mp4,3024,0,8,0.0156744777201567,0.7999926884969075,0.8935270521375868,6,0.008175583652876,0.7452733357747395,59.96002664890073
part_005.mp4,3025,0,6,0.0164636847617558,0.8021989822387695,0.8903378521954571,4,0.0083108797141661,0.7458036422729493,59.96002664890073
part_005.mp4,3026,0,6,0.0165569468111951,0.8029216766357422,0.8903430514865451,4,0.0083803606275857,0.7463658014933269,59.96002664890073
part_005.mp4,3027,0,7,0.016820755525906,0.805239486694336,0.890410077130353,4,0.0086520262774946,0.7478334426879882,59.96002664890073
part_005.mp4,3028,0,7,0.0169704101414902,0.8032326380411784,0.8875855057327836,5,0.0086072553997143,0.7480724334716797,59.96002664890073
part_005.mp4,3029,0,8,0.0166458653700343,0.80543212890625,0.8905098809136285,6,0.0088976116878135,0.7487940470377604,59.96002664890073
part_005.mp4,3030,0,7,0.0168558366171423,0.802781359354655,0.8877697979962385,4,0.0090616508190416,0.7493933359781901,59.96002664890073
part_005.mp4,3031,0,7,0.0179485867974344,0.8140102386474609,0.8880216810438368,4,0.0090491657001419,0.7498873392740886,59.96002664890073
part_005.mp4,3032,0,7,0.0187446259116296,0.8193727493286133,0.8878055148654513,4,0.0092802631032773,0.7500755310058593,59.96002664890073
part_005.mp4,3033,0,6,0.0184927213984903,0.8194374084472656,0.8893886990017361,4,0.009287268371554,0.7499520619710286,59.96002664890073
part_005.mp4,3034,0,8,0.0185306021437605,0.8175870895385742,0.886463702166522,4,0.0094150348761468,0.7505434672037761,59.96002664890073
part_005.mp4,3035,0,9,0.0190665880022613,0.8176968256632487,0.8841883906611689,4,0.0095587299729231,0.7515185038248698,59.96002664890073
part_005.mp4,3036,0,8,0.0188351758994359,0.8150715510050456,0.8836188987449364,4,0.0096856014728028,0.7520198822021484,59.96002664890073
part_005.mp4,3037,0,7,0.0188333731599009,0.8143138885498047,0.883132086859809,4,0.0098651910949905,0.7521621704101562,59.96002664890073
part_005.mp4,3038,0,7,0.0186094570675696,0.8135417938232422,0.8837970309787326,4,0.0099219246898967,0.7526250203450521,59.96002664890073
part_005.mp4,3039,0,8,0.0166217034589822,0.8010946909586588,0.8840455796983507,4,0.0100816562865576,0.7533536911010742,59.96002664890073
part_005.mp4,3040,0,7,0.0174642672178006,0.8099480311075846,0.8838206538447627,4,0.0104381999779057,0.7544134775797526,59.96002664890073
part_005.mp4,3041,0,6,0.0166825991245072,0.8084137598673503,0.8856306853117766,3,0.0106278254795405,0.7547920227050782,59.96002664890073
part_005.mp4,3042,0,6,0.0160287755539886,0.8058109919230143,0.8831305044668692,3,0.0106989696986447,0.7551764806111654,59.96002664890073
part_005.mp4,3043,0,7,0.0158765643823713,0.8035181681315104,0.88416668927228,4,0.0108913891468007,0.7555136362711589,59.96002664890073
part_005.mp4,3044,0,6,0.0163125221749888,0.8047761917114258,0.8844594319661458,3,0.011019094968732,0.7559270858764648,59.96002664890073
part_005.mp4,3045,0,6,0.0161975855050022,0.8029193878173828,0.8868700945818866,3,0.0111130806066406,0.7558083216349284,59.96002664890073
part_005.mp4,3046,0,7,0.0160826751148043,0.801283327738444,0.8852872495298032,3,0.0111974475818957,0.7559738794962565,59.96002664890073
part_005.mp4,3047,0,7,0.0136611190187762,0.8001104354858398,0.892604347511574,3,0.0113835263758018,0.7560648600260417,59.96002664890073
part_005.mp4,3048,0,5,0.016500183949829,0.7988847096761068,0.8863250732421875,3,0.0114345734318097,0.7565889358520508,59.96002664890073
part_005.mp4,3049,0,5,0.016713730735355,0.799945322672526,0.8863718668619792,2,0.0112398519482748,0.7564239501953125,59.96002664890073
part_005.mp4,3050,0,10,0.0171942757202001,0.8008804321289062,0.8879731920030381,3,0.0115932189783995,0.7574158986409505,59.96002664890073
part_005.mp4,3051,0,6,0.0136089341588861,0.7982481638590495,0.8877112494574653,2,0.0118033063110973,0.758238410949707,59.96002664890073
part_005.mp4,3052,0,4,0.016403751199886,0.8000343958536784,0.884451237431279,2,0.0120572061739634,0.7591166178385417,59.96002664890073
part_005.mp4,3053,0,4,0.0163265601602486,0.7985665003458658,0.8916524251302084,2,0.0121567066784741,0.759441057840983,59.96002664890073
part_005.mp4,3054,0,4,0.0125698033163401,0.7606499354044597,0.1812785961009838,3,0.0125698033163401,0.7606499354044597,59.96002664890073
part_005.mp4,3055,0,7,0.0169747651205398,0.796720314025879,0.8827002631293402,4,0.0126832151091312,0.761276372273763,59.96002664890073
part_005.mp4,3056,0,5,0.0129182389397195,0.7618968963623047,0.1779750682689525,3,0.0129182389397195,0.7618968963623047,59.96002664890073
part_005.mp4,3057,0,5,0.0130245091027384,0.7623294830322266,0.1755403871889467,3,0.0130245091027384,0.7623294830322266,59.96002664890073
part_005.mp4,3058,0,7,0.0227852724349941,0.8482763926188152,0.8837519327799479,4,0.0130693674870094,0.7627365748087566,59.96002664890073
part_005.mp4,3059,0,6,0.0131206011356509,0.7632271448771158,0.1745320638020833,4,0.0131206011356509,0.7632271448771158,59.96002664890073
part_005.mp4,3060,1,7,0.0133646374487499,0.7639579772949219,0.172792731391059,5,0.0133646374487499,0.7639579772949219,59.96002664890073
part_005.mp4,3061,1,7,0.0135840285334874,0.7646814346313476,0.1700824878833912,5,0.0135840285334874,0.7646814346313476,59.96002664890073
part_005.mp4,3062,1,6,0.0137786374865444,0.7649290084838867,0.1669412118417245,4,0.0137786374865444,0.7649290084838867,59.96002664890073
part_005.mp4,3063,1,7,0.0140882225646809,0.7658283233642578,0.1645112214265046,5,0.0140882225646809,0.7658283233642578,59.96002664890073
part_005.mp4,3064,1,7,0.0140364975471877,0.7661187489827473,0.1609601056134259,5,0.0140364975471877,0.7661187489827473,59.96002664890073
part_005.mp4,3065,1,6,0.0141206853993073,0.7662341435750325,0.1577641805013021,4,0.0141206853993073,0.7662341435750325,59.96002664890073
part_005.mp4,3066,1,7,0.0143020238001675,0.7667259852091471,0.1530726114908854,3,0.0143020238001675,0.7667259852091471,59.96002664890073
part_005.mp4,3067,1,5,0.0145399495760405,0.767367935180664,0.1507230970594618,3,0.0145399495760405,0.767367935180664,59.96002664890073
part_005.mp4,3068,1,8,0.0146712049347762,0.7676668802897135,0.1487829702871817,4,0.0146712049347762,0.7676668802897135,59.96002664890073
part_005.mp4,3069,1,6,0.0151044990881173,0.768748664855957,0.1459055017541956,4,0.0151044990881173,0.768748664855957,59.96002664890073
part_005.mp4,3070,1,6,0.0153066132173343,0.7694666544596355,0.1425094604492187,4,0.0153066132173343,0.7694666544596355,59.96002664890073
part_005.mp4,3071,1,8,0.0157121633506095,0.7705438613891602,0.1377668310094762,5,0.0157121633506095,0.7705438613891602,59.96002664890073
part_005.mp4,3072,1,5,0.016092489867027,0.7719806671142578,0.1359849435311776,4,0.016092489867027,0.7719806671142578,59.96002664890073
part_005.mp4,3073,1,6,0.0165774059421285,0.773073387145996,0.1317986099808304,4,0.0165774059421285,0.773073387145996,59.96002664890073
part_005.mp4,3074,1,7,0.0169205688970396,0.7734369913736979,0.1281534830729166,5,0.0169205688970396,0.7734369913736979,59.96002664890073
part_005.mp4,3075,1,8,0.0260712292587117,0.8610724131266276,0.8691050211588541,5,0.0170895572916412,0.7741159439086914,59.96002664890073
part_005.mp4,3076,1,6,0.0173556041678724,0.7745766321818034,0.1240490948712384,4,0.0173556041678724,0.7745766321818034,59.96002664890073
part_005.mp4,3077,1,6,0.0176389730349183,0.7750548044840495,0.1206297132703993,4,0.0176389730349183,0.7750548044840495,59.96002664890073
part_005.mp4,3078,1,5,0.0178619356367616,0.7757239659627279,0.1185741848415798,3,0.0178619356367616,0.7757239659627279,59.96002664890073
part_005.mp4,3079,1,5,0.0263649246366953,0.8536428451538086,0.864088609483507,3,0.0178709742776118,0.7759859085083007,59.96002664890073
part_005.mp4,3080,1,6,0.0181261109809619,0.7766642252604167,0.1117193999113859,4,0.0181261109809619,0.7766642252604167,59.96002664890073
part_005.mp4,3081,1,6,0.0186259289248145,0.7782196044921875,0.1060502511483651,4,0.0186259289248145,0.7782196044921875,59.96002664890073
part_005.mp4,3082,1,4,0.0189928413332543,0.7787429809570312,0.1014984130859375,3,0.0189928413332543,0.7787429809570312,59.96002664890073
part_005.mp4,3083,1,6,0.0187116949647639,0.7783517837524414,0.0964791191948784,3,0.0187116949647639,0.7783517837524414,59.96002664890073
part_005.mp4,3084,1,4,0.0190588815060564,0.7785367965698242,0.0938020494249132,3,0.0190588815060564,0.7785367965698242,59.96002664890073
part_005.mp4,3085,1,5,0.0198082889444076,0.7804367701212566,0.0886069121184172,3,0.0198082889444076,0.7804367701212566,59.96002664890073
part_005.mp4,3086,1,5,0.0203799800114831,0.7820091883341471,0.0840201483832465,4,0.0203799800114831,0.7820091883341471,59.96002664890073
part_005.mp4,3087,1,5,0.0208673637912444,0.7833992640177408,0.0799199139630353,4,0.0208673637912444,0.7833992640177408,59.96002664890073
part_005.mp4,3088,1,5,0.1297014881266578,0.9013172149658204,0.7956754896375868,4,0.0210995158156772,0.7840965270996094,59.96002664890073
part_005.mp4,3089,1,4,0.0215784188722264,0.7849878946940104,0.0709854125976562,4,0.0215784188722264,0.7849878946940104,59.96002664890073
part_005.mp4,3090,1,4,0.021989149907178,0.785590934753418,0.0662519384313512,3,0.021989149907178,0.785590934753418,59.96002664890073
part_005.mp4,3091,1,4,0.0223434637749084,0.7865204493204753,0.062384937427662,4,0.0223434637749084,0.7865204493204753,59.96002664890073
part_005.mp4,3092,1,3,0.0225821274815825,0.7872190475463867,0.0580579969618055,3,0.0225821274815825,0.7872190475463867,59.96002664890073
part_005.mp4,3093,1,5,0.1270324748719576,0.8942243576049804,0.79818115234375,4,0.0230697749608629,0.7885089874267578,59.96002664890073
part_005.mp4,3094,1,5,0.1254165743831864,0.8886387507120769,0.7958266081633392,4,0.0234338311884512,0.7899282455444336,59.96002664890073
part_005.mp4,3095,1,5,0.121619430948259,0.8839811325073242,0.8002802530924479,4,0.0240287055742616,0.7910675048828125,59.96002664890073
part_005.mp4,3096,1,4,0.0247069093653947,0.7917460123697917,0.0346562420880353,4,0.0247069093653947,0.7917460123697917,59.96002664890073
part_005.mp4,3097,1,2,0.0248127712167721,0.7921677271525065,0.0326197023744936,2,0.0248127712167721,0.7921677271525065,59.96002664890073
part_005.mp4,3098,1,3,0.132380433188373,0.8761754989624023,0.7943964640299479,2,0.0256148609440262,0.7939874649047851,59.96002664890073
part_005.mp4,3099,1,2,0.0256506894266823,0.7931278228759766,0.0225717897768373,2,0.0256506894266823,0.7931278228759766,59.96002664890073
part_005.mp4,3100,1,5,0.1244079267020182,0.867491340637207,0.791972181532118,3,0.0271011873859808,0.7964508692423503,59.96002664890073
part_005.mp4,3101,1,5,0.1173769886141073,0.8650648117065429,0.7982089572482639,3,0.0279244791648212,0.7985552469889323,59.96002664890073
part_005.mp4,3102,1,4,0.1129610185622831,0.860360590616862,0.7970267966941551,3,0.0283376696784865,0.7989489237467448,59.96002664890073
part_005.mp4,3103,1,3,0.111889763726482,0.8579256693522136,0.7943718804253472,2,0.0283533859499827,0.7994423548380534,59.96002664890073
part_005.mp4,3104,1,4,0.1077006751376083,0.855205217997233,0.7948042692961517,2,0.0292211816498968,0.8004465103149414,59.96002664890073
part_005.mp4,3105,1,3,0.1058537496272388,0.8531160990397135,0.7914522524233217,2,0.0304433287856227,0.8030733744303385,59.96002664890073
part_005.mp4,3106,1,4,0.1025250138989294,0.850740114847819,0.792644755045573,2,0.0311822830809601,0.8034865061442057,59.96002664890073
part_005.mp4,3107,1,4,0.098270837480032,0.8465780893961589,0.7958377414279514,2,0.0316640453401649,0.8049310684204102,59.96002664890073
part_005.mp4,3108,1,4,0.0952660841679608,0.8426210403442382,0.7943998548719619,2,0.031758679590286,0.8046760559082031,59.96002664890073
part_005.mp4,3109,1,5,0.0999346557272225,0.8406845092773437,0.796024407280816,2,0.0321993327117525,0.8036746978759766,59.96002664890073
part_005.mp4,3110,1,5,0.0984000937214134,0.8397523880004882,0.7970197889539931,2,0.0333253301110946,0.8064876556396484,59.96002664890073
part_005.mp4,3111,1,3,0.0893811515684151,0.8398750305175782,0.8075277257848669,2,0.0344900454604084,0.8092109680175781,59.96002664890073
part_005.mp4,3112,1,3,0.0953915118655519,0.8404945373535156,0.7990727742513021,2,0.0351348305044801,0.810487429300944,59.96002664890073
part_005.mp4,3113,1,3,0.0869969570059361,0.839410400390625,0.8033818562825521,2,0.0358233386222208,0.8122814814249675,59.96002664890073
part_005.mp4,3114,1,4,0.0905315141876862,0.8396329879760742,0.8035146077473958,2,0.0371401827568964,0.8143868128458659,59.96002664890073
part_005.mp4,3115,1,4,0.0832213761772382,0.8389370600382487,0.8155632866753473,2,0.0382166680067894,0.8157677332560221,59.96002664890073
part_005.mp4,3116,1,5,0.0805989198646016,0.8390003204345703,0.8168719821506076,2,0.0388165673817706,0.8166830698649089,59.96002664890073
part_005.mp4,3117,1,5,0.0805260168598033,0.8392351150512696,0.8176262749565972,2,0.0395501458250348,0.8179353713989258,59.96002664890073
part_005.mp4,3118,1,4,0.0851991008296318,0.8382883071899414,0.802526346842448,2,0.0412107576921069,0.8212456385294596,59.96002664890073
part_005.mp4,3119,1,4,0.0851907331545792,0.8393545150756836,0.8000886705186632,2,0.0423487423730505,0.8244352340698242,59.96002664890073
part_005.mp4,3120,2,6,0.2446448284031551,0.7420589447021484,0.4060084025065104,3,0.2446448284031551,0.825303332010905,59.96002664890073
part_005.mp4,3121,2,6,0.2460513038492084,0.7452513376871744,0.4075848049587673,3,0.2460513038492084,0.8275087992350261,59.96002664890073
part_005.mp4,3122,2,5,0.0793510853236916,0.8405586878458658,0.8075002034505209,2,0.0446321455319843,0.8248708724975586,59.96002664890073
part_005.mp4,3123,2,6,0.2504768892377615,0.7538065592447917,0.4022657606336806,3,0.2504768892377615,0.8294054667154948,59.96002664890073
part_005.mp4,3124,2,5,0.0775775614208315,0.8398660659790039,0.8073721991644965,2,0.0473809547103218,0.8291793823242187,59.96002664890073
part_005.mp4,3125,2,5,0.0702037490703299,0.8400145212809245,0.8231896294487847,2,0.0495505758397026,0.8331774393717448,59.96002664890073
part_005.mp4,3126,2,5,0.0704339848904702,0.8408906936645508,0.8218333491572627,2,0.0511938792275517,0.8376022338867187,59.96002664890073
part_005.mp4,3127,2,4,0.0706387119012005,0.8424346923828125,0.8183580186631945,2,0.0513667019492843,0.835670534769694,59.96002664890073
part_005.mp4,3128,2,4,0.0718136172388417,0.8433458964029948,0.8134558783637152,2,0.0530060237098016,0.8373648325602213,59.96002664890073
part_005.mp4,3129,2,5,0.0732375763596415,0.8447885513305664,0.8099855776186342,2,0.05477612544624,0.8416044235229492,59.96002664890073
part_005.mp4,3130,2,4,0.0746042274835053,0.8438249588012695,0.8052714029947917,2,0.0559296544532117,0.8434221903483073,59.96002664890073
part_005.mp4,3131,2,4,0.0712765645271348,0.842622184753418,0.8108730740017361,2,0.0600669827096835,0.8505209604899089,59.96002664890073
part_005.mp4,3132,2,4,0.0728134241463353,0.8441936492919921,0.8056192468713831,2,0.0613505135778191,0.8512983957926432,59.96002664890073
part_005.mp4,3133,2,4,0.0789414439629763,0.844606590270996,0.7881256103515625,2,0.0617095058291818,0.8508890787760417,59.96002664890073
part_005.mp4,3134,2,5,0.3101890447629827,0.878230094909668,0.4091072788944951,3,0.3101890447629827,0.878230094909668,59.96002664890073
part_005.mp4,3135,2,5,0.3077755056388074,0.8749176661173502,0.4082338121202257,3,0.3077755056388074,0.8749176661173502,59.96002664890073
part_005.mp4,3136,2,4,0.0686448884877716,0.8445562362670899,0.8126219572844329,2,0.0672067713623659,0.8572376251220704,59.96002664890073
part_005.mp4,3137,2,4,0.0694971542016396,0.8592449188232422,0.3069725884331597,2,0.0694971542016396,0.8592449188232422,59.96002664890073
part_005.mp4,3138,2,4,0.071407106534095,0.8618021011352539,0.3185605649594907,2,0.071407106534095,0.8618021011352539,59.96002664890073
part_005.mp4,3139,2,4,0.0750004373633904,0.8673730850219726,0.3354227277967665,2,0.0750004373633904,0.8673730850219726,59.96002664890073
part_005.mp4,3140,2,4,0.078781547865401,0.8717260360717773,0.3508818096584744,2,0.078781547865401,0.8717260360717773,59.96002664890073
part_005.mp4,3141,2,4,0.0807913047349979,0.8739559809366862,0.3653913568567347,2,0.0807913047349979,0.8739559809366862,59.96002664890073
part_005.mp4,3142,2,4,0.0826434532904395,0.874502436319987,0.381176362214265,2,0.0826434532904395,0.874502436319987,59.96002664890073
part_005.mp4,3143,2,4,0.084039693229435,0.8752381006876627,0.3939169424551504,2,0.084039693229435,0.8752381006876627,59.96002664890073
part_005.mp4,3144,2,4,0.0893355267715603,0.8826128641764323,0.4059397662127459,2,0.0893355267715603,0.8826128641764323,59.96002664890073
part_005.mp4,3145,2,4,0.0943320648123605,0.8881792068481446,0.4245276274504485,2,0.0943320648123605,0.8881792068481446,59.96002664890073
part_005.mp4,3146,2,4,0.096803794258314,0.890321159362793,0.4416055467393663,2,0.096803794258314,0.890321159362793,59.96002664890073
part_005.mp4,3147,2,4,0.1019824412363878,0.8954294840494792,0.4593734741210937,2,0.1019824412363878,0.8954294840494792,59.96002664890073
part_005.mp4,3148,2,3,0.1020634634771273,0.895686149597168,0.4652003959373191,2,0.1020634634771273,0.895686149597168,59.96002664890073
part_005.mp4,3149,2,4,0.1025071904607466,0.8980697631835938,0.4709981706407335,2,0.1025071904607466,0.8980697631835938,59.96002664890073
part_005.mp4,3150,2,4,0.1055875330030297,0.9062421798706056,0.4737340573911314,2,0.1055875330030297,0.9062421798706056,59.96002664890073
part_005.mp4,3151,2,5,0.1092602576718895,0.912690544128418,0.4766587575276693,3,0.1092602576718895,0.912690544128418,59.96002664890073
part_005.mp4,3152,2,5,0.1108551342030329,0.9193054835001628,0.4817370238127532,3,0.1108551342030329,0.9193054835001628,59.96002664890073
part_005.mp4,3153,2,5,0.1101939834175815,0.9207977294921876,0.4866790347629123,3,0.1101939834175815,0.9207977294921876,59.96002664890073
part_005.mp4,3154,2,5,0.1103658469235664,0.9250774383544922,0.4909614562988281,3,0.1103658469235664,0.9250774383544922,59.96002664890073
part_005.mp4,3155,2,5,0.1130657960284912,0.9328374862670898,0.4941562652587891,3,0.1130657960284912,0.9328374862670898,59.96002664890073
part_005.mp4,3156,2,3,0.1156265182413551,0.941006851196289,0.4968807926884404,2,0.1156265182413551,0.941006851196289,59.96002664890073
part_005.mp4,3157,2,3,0.1171987127689472,0.9459278106689452,0.5000750506365741,2,0.1171987127689472,0.9459278106689452,59.96002664890073
part_005.mp4,3158,2,3,0.1174646109847095,0.9483169555664064,0.5022277125605831,2,0.1174646109847095,0.9483169555664064,59.96002664890073
part_005.mp4,3159,2,3,0.1184135848924105,0.9527376174926758,0.5065884342900029,2,0.1184135848924105,0.9527376174926758,59.96002664890073
part_005.mp4,3160,2,3,0.1227020793085318,0.9632070541381836,0.5090360994692202,2,0.1227020793085318,0.9632070541381836,59.96002664890073
part_005.mp4,3161,2,3,0.1272584938885605,0.9744232177734377,0.512051335087529,2,0.1272584938885605,0.9744232177734377,59.96002664890073
part_005.mp4,3162,2,4,0.1245203496986101,0.9728506724039714,0.5195091247558594,2,0.1245203496986101,0.9728506724039714,59.96002664890073
part_005.mp4,3163,2,4,0.1250009450849245,0.976715087890625,0.5215615025273076,2,0.1250009450849245,0.976715087890625,59.96002664890073
part_005.mp4,3164,2,3,0.125497534449376,0.980837885538737,0.5268417923538773,2,0.125497534449376,0.980837885538737,59.96002664890073
part_005.mp4,3165,2,4,0.1286738245247801,0.989852778116862,0.5309465337682653,2,0.1286738245247801,0.989852778116862,59.96002664890073
part_005.mp4,3166,2,4,0.1304302547348359,0.9951918284098308,0.5338416629367404,2,0.1304302547348359,0.9951918284098308,59.96002664890073
part_005.mp4,3167,2,4,0.1308763046171845,0.998780632019043,0.5379590493661386,2,0.1308763046171845,0.998780632019043,59.96002664890073
part_005.mp4,3168,2,3,0.1297708836984141,0.998779296875,0.5414361741807726,2,0.1297708836984141,0.998779296875,59.96002664890073
part_005.mp4,3169,2,3,0.1279460522711344,0.998687744140625,0.5487068176269532,2,0.1279460522711344,0.998687744140625,59.96002664890073
part_005.mp4,3170,2,3,0.1263537988556561,0.9988256454467772,0.552554702758789,2,0.1263537988556561,0.9988256454467772,59.96002664890073
part_005.mp4,3171,2,4,0.1242519543678887,0.998916244506836,0.5591215063024451,2,0.1242519543678887,0.998916244506836,59.96002664890073
part_005.mp4,3172,2,4,0.1223266244776459,0.9990545272827148,0.5647366417778863,2,0.1223266244776459,0.9990545272827148,59.96002664890073
part_005.mp4,3173,2,3,0.1200258154604671,0.9993301391601562,0.5703888928448713,2,0.1200258154604671,0.9993301391601562,59.96002664890073
part_005.mp4,3174,2,3,0.118588308572394,0.9991962432861328,0.5750368754069011,2,0.118588308572394,0.9991962432861328,59.96002664890073
part_005.mp4,3175,2,3,0.1145288007408251,0.9963336944580078,0.5830534193250868,2,0.1145288007408251,0.9963336944580078,59.96002664890073
part_005.mp4,3176,2,3,0.1105366001589438,0.9883075714111328,0.5852631604229962,2,0.1105366001589438,0.9883075714111328,59.96002664890073
part_005.mp4,3177,2,4,0.1066372889443462,0.9840021769205728,0.5915228101942275,2,0.1066372889443462,0.9840021769205728,59.96002664890073
part_005.mp4,3178,2,4,0.1047577703458389,0.9825653711954752,0.5960550237584997,2,0.1047577703458389,0.9825653711954752,59.96002664890073
part_005.mp4,3179,2,3,0.1024904529127686,0.9829925537109376,0.6038528583667896,1,0.0023540853019113,0.7169156392415365,59.96002664890073
part_005.mp4,3180,0,3,0.1011769962769742,0.9827122370402018,0.6086446550157335,1,0.0023565329793685,0.7169260025024414,59.96002664890073
part_005.mp4,3181,0,3,0.0989715727705549,0.982162857055664,0.6134064568413629,1,0.0023596662952008,0.7170183181762695,59.96002664890073
part_005.mp4,3182,0,3,0.0971234869328327,0.9821709314982096,0.6194552951388889,1,0.0024021271701591,0.7173262278238932,59.96002664890073
part_005.mp4,3183,0,3,0.0949128505721455,0.9816761016845704,0.6269316779242622,1,0.0024168499931693,0.7176277796427409,59.96002664890073
part_005.mp4,3184,0,4,0.0928974376086873,0.9821765899658204,0.6338459156177662,1,0.0024651318950647,0.7178916295369466,59.96002664890073
part_005.mp4,3185,0,3,0.0903878202492423,0.9818748474121094,0.6414481268988715,1,0.002473867094377,0.7180576324462891,59.96002664890073
part_005.mp4,3186,0,3,0.087830109847758,0.9812061309814452,0.6486675792270237,1,0.0025278695231665,0.718166732788086,59.96002664890073
part_005.mp4,3187,0,3,0.0852890148133964,0.9792759577433268,0.6547884199354383,1,0.0025153761847306,0.7184720993041992,59.96002664890073
part_005.mp4,3188,0,4,0.0834460111595702,0.9793624877929688,0.6626489462675872,1,0.0025329397313503,0.7187391916910807,59.96002664890073
part_005.mp4,3189,0,6,0.0806970754038047,0.9790972391764324,0.6708423614501953,2,0.0026353861583629,0.71905517578125,59.96002664890073
part_005.mp4,3190,0,4,0.0774581581503217,0.9761646270751954,0.6790517383151584,1,0.0026519157571278,0.7190815607706705,59.96002664890073
part_005.mp4,3191,0,4,0.0752189475698482,0.9774200439453123,0.6884160359700521,1,0.0026965879331368,0.7193932851155599,59.96002664890073
part_005.mp4,3192,0,3,0.0726510669833462,0.9762575785319012,0.6964685475384748,1,0.0027459661289618,0.7197103500366211,59.96002664890073
part_005.mp4,3193,0,5,0.0692334387374388,0.9752376556396484,0.7065523854008428,2,0.0027978208536903,0.7199291229248047,59.96002664890073
part_005.mp4,3194,0,5,0.06759517880096,0.9745766321818032,0.7175467173258464,2,0.0027541321886625,0.7201530456542968,59.96002664890073
part_005.mp4,3195,0,4,0.0646776619529393,0.9757422129313152,0.7285275989108615,2,0.0027751116940958,0.7203535079956055,59.96002664890073
part_005.mp4,3196,0,3,0.0620879950979293,0.9752494812011718,0.7374649612991898,1,0.0027295301650883,0.7206416447957357,59.96002664890073
part_005.mp4,3197,0,3,0.059938569533333,0.98008975982666,0.7518923865424262,1,0.0027918387553654,0.7209380467732748,59.96002664890073
part_005.mp4,3198,0,3,0.0578871467885206,0.983304786682129,0.7612244217484085,1,0.0028716421074932,0.7211385726928711,59.96002664890073
part_005.mp4,3199,0,3,0.0569258030541499,0.9939908981323242,0.7732287089029948,1,0.0028752806026022,0.7210528055826823,59.96002664890073
part_005.mp4,3200,0,3,0.0538829348634317,0.996537971496582,0.7803865644666884,1,0.002877532305903,0.7209808349609375,59.96002664890073
part_005.mp4,3201,0,3,0.0505497814438812,0.9977548599243165,0.7916532940334744,1,0.0028891091341696,0.7209923426310222,59.96002664890073
part_005.mp4,3202,0,4,0.0469651756807353,0.9984676996866862,0.8051962958441841,1,0.0027974603162362,0.7209383646647135,59.96002664890073
part_005.mp4,3203,0,4,0.0450511738092043,0.7833771387736003,0.7728781240957755,1,0.0027971360947574,0.7211256663004557,59.96002664890073
part_005.mp4,3204,0,4,0.0455342093110084,0.7841011047363281,0.7726481119791667,1,0.0027817997431352,0.7218788146972657,59.96002664890073
part_005.mp4,3205,0,4,0.0456265102816892,0.7854557037353516,0.7715351811161748,1,0.0027521255229496,0.7221748987833659,59.96002664890073
part_005.mp4,3206,0,4,0.0450689147372031,0.7853596369425456,0.7733035617404513,1,0.0028681760933681,0.7225443522135416,59.96002664890073
part_005.mp4,3207,0,4,0.0438639220238352,0.7832377115885417,0.7769972059461806,1,0.0028905763085478,0.7227142333984375,59.96002664890073
part_005.mp4,3208,0,5,0.0461254327568975,0.7809066772460938,0.7615567807798033,1,0.0028381542206948,0.7233627319335938,59.96002664890073
part_005.mp4,3209,0,4,0.0427835634153517,0.7815950393676758,0.7794036865234375,1,0.0029336389919949,0.7233023325602214,59.96002664890073
part_005.mp4,3210,0,3,0.0435020321255756,0.7774875640869141,0.7683142202871817,1,0.0030298955427133,0.7238333384195964,59.96002664890073
part_005.mp4,3211,0,4,0.0425897787086109,0.7755810419718424,0.7712503503870081,1,0.0029978569549146,0.7242757161458333,59.96002664890073
part_005.mp4,3212,0,3,0.0423036333461964,0.7783539454142253,0.775319078233507,1,0.0029601512416653,0.7245150883992513,59.96002664890073
part_005.mp4,3213,0,3,0.0425916330222713,0.7735766092936198,0.7671905517578125,1,0.0029532373212579,0.724587885538737,59.96002664890073
part_005.mp4,3214,0,2,0.0415362134788948,0.7712738672892253,0.7679119533962674,1,0.0029643083909629,0.7246984481811524,59.96002664890073
part_005.mp4,3215,0,3,0.0403563456222333,0.7686609268188477,0.7709828129521122,2,0.0029843188300556,0.7248979568481445,59.96002664890073
part_005.mp4,3216,0,3,0.0425957317757678,0.7696054458618165,0.7600554854781539,2,0.0028609613499914,0.725653330485026,59.96002664890073
part_005.mp4,3217,0,3,0.0412098651202244,0.7676961898803711,0.7640855012116609,2,0.0029313696573566,0.7252279281616211,59.96002664890073
part_005.mp4,3218,0,3,0.0411592743224442,0.7682371775309245,0.7646765249746817,2,0.0029710684326817,0.7252013524373372,59.96002664890073
part_005.mp4,3219,0,3,0.0412577602203344,0.767248026529948,0.7619601214373554,2,0.0030023741022321,0.7261597315470377,59.96002664890073
part_005.mp4,3220,0,3,0.0402259799858762,0.7650773366292317,0.7624376085069444,2,0.0029389537727305,0.726375961303711,59.96002664890073
part_005.mp4,3221,0,3,0.0395528702132503,0.7646303176879883,0.7636701230649595,2,0.0030012256770795,0.7261131286621094,59.96002664890073
part_005.mp4,3222,0,3,0.0387948632664995,0.7656471252441406,0.7663261696144387,2,0.0030357628245837,0.7263491312662761,59.96002664890073
part_005.mp4,3223,0,3,0.0381052992635091,0.763623301188151,0.7671613340024594,2,0.0031525833981059,0.7261760711669922,59.96002664890073
part_005.mp4,3224,0,3,0.0379094014378885,0.7619686126708984,0.7646328396267361,2,0.003383854547606,0.7266001383463542,59.96002664890073
part_005.mp4,3225,0,4,0.0380497772186882,0.7609987258911133,0.7621730663158276,2,0.0033443822372377,0.7268572489420573,59.96002664890073
part_005.mp4,3226,0,4,0.0382480559874912,0.760837999979655,0.7613333242910879,2,0.0033364718431969,0.7267772674560546,59.96002664890073
part_005.mp4,3227,0,4,0.0381441252864897,0.7589354197184245,0.7598225911458333,2,0.0034923384048872,0.7270863215128581,59.96002664890073
part_005.mp4,3228,0,4,0.0383950293056572,0.7591355005900066,0.7584356802481192,2,0.003530866132135,0.726826540629069,59.96002664890073
part_005.mp4,3229,0,4,0.0389472527708858,0.7609141031901042,0.756886461046007,2,0.0035331582314231,0.726796023050944,59.96002664890073
part_005.mp4,3230,0,3,0.0375542312443334,0.7591667811075846,0.7617846453631366,2,0.0034910473460331,0.7272041320800782,59.96002664890073
part_005.mp4,3231,0,4,0.037660345532299,0.7591378529866536,0.7587907014069734,2,0.0035205403111952,0.7271242141723633,59.96002664890073
part_005.mp4,3232,0,4,0.0374459054353388,0.7583323160807292,0.7578830295138889,2,0.0035393563277708,0.7273491541544597,59.96002664890073
part_005.mp4,3233,0,4,0.0364844828729595,0.7566877365112304,0.7609573364257812,2,0.0035860408449661,0.7274335861206055,59.96002664890073
part_005.mp4,3234,0,4,0.037403964832645,0.7566871643066406,0.7557857937282986,2,0.0035403588801273,0.7273913065592448,59.96002664890073
part_005.mp4,3235,0,4,0.0378736338826517,0.7577839533487956,0.7532806396484375,2,0.0034252396101752,0.7270083745320638,59.96002664890073
part_005.mp4,3236,0,4,0.037359542659639,0.7561676661173503,0.7486087375217014,2,0.0034223158525613,0.7268942515055339,59.96002664890073
part_005.mp4,3237,0,3,0.0367165565656291,0.7543432235717773,0.7504163953993056,2,0.0034586140140891,0.7271499633789062,59.96002664890073
part_005.mp4,3238,0,4,0.0362636210860391,0.7535083770751954,0.7532055890118634,2,0.0035046371376827,0.7273003260294596,59.96002664890073
part_005.mp4,3239,0,4,0.0365538614211901,0.753445816040039,0.7496940895363137,2,0.003612726076404,0.7274569193522136,59.96002664890073
part_005.mp4,3240,0,5,0.0365466649444122,0.7532250086466471,0.7500894617151331,3,0.0036187960237536,0.7280481338500977,59.96002664890073
part_005.mp4,3241,0,4,0.0363098566181509,0.7529973983764648,0.7531829833984375,2,0.0035922125280032,0.7280258814493815,59.96002664890073
part_005.mp4,3242,0,4,0.0364956594021799,0.7532896677652995,0.752001557526765,2,0.0036147654280756,0.7281742095947266,59.96002664890073
part_005.mp4,3243,0,4,0.0364371135424719,0.7523937861124674,0.7507775200737847,2,0.0036508479669767,0.7280397415161133,59.96002664890073
part_005.mp4,3244,0,5,0.0364701468320915,0.7520357131958008,0.7483987878870081,4,0.0036134105524332,0.7281387329101563,59.96002664890073
part_005.mp4,3245,0,5,0.0363915081857775,0.7522615432739258,0.7478372644495082,4,0.0036531229302636,0.728084945678711,59.96002664890073
part_005.mp4,3246,0,6,0.0365748804008852,0.7514568328857422,0.7435234352394386,4,0.0037012585602092,0.7282796859741211,59.96002664890073
part_005.mp4,3247,0,4,0.0365147516583804,0.7520769119262696,0.7437864515516494,3,0.0037111083495741,0.7285851796468099,59.96002664890073
part_005.mp4,3248,0,3,0.0363262239458142,0.7509132385253906,0.7415052625868056,2,0.0036368985278682,0.728538703918457,59.96002664890073
part_005.mp4,3249,0,5,0.0359811447770442,0.7488128662109375,0.7370950769495082,2,0.0035971819733579,0.728535270690918,59.96002664890073
part_005.mp4,3250,0,3,0.0352832165840448,0.7482707977294922,0.7380346792715567,2,0.0037611831445246,0.7282202402750652,59.96002664890073
part_005.mp4,3251,0,3,0.0349988772223393,0.7488020579020183,0.7312730577256944,2,0.0038714003232688,0.7290461858113607,59.96002664890073
part_005.mp4,3252,0,3,0.0347359465134407,0.7482879638671875,0.7268937852647569,2,0.003911414392189,0.7289141337076823,59.96002664890073
part_005.mp4,3253,0,3,0.0332892059132508,0.7463815689086915,0.7229366726345486,2,0.0040256577515888,0.7288988113403321,59.96002664890073
part_005.mp4,3254,0,3,0.0324953728568572,0.7467454274495443,0.7148039076063368,2,0.0041402667272551,0.7291809717814127,59.96002664890073
part_005.mp4,3255,0,4,0.0315684691623405,0.7451103210449219,0.7096033166956018,2,0.0042099757759327,0.729299799601237,59.96002664890073
part_005.mp4,3256,0,4,0.0309779916216696,0.7444613138834636,0.7085926762333623,2,0.0042239964096936,0.7291311899820964,59.96002664890073
part_005.mp4,3257,0,4,0.0312785922223702,0.7441383997599283,0.7041524251302084,2,0.0042235212735249,0.7291308085123698,59.96002664890073
part_005.mp4,3258,0,4,0.0301265668978319,0.7430587768554687,0.7036047476309317,2,0.0044031529442872,0.7291770935058594,59.96002664890073
part_005.mp4,3259,0,3,0.0298087798781624,0.7419127782185873,0.6988887080439815,2,0.0044630912111865,0.7293129603068034,59.96002664890073
part_005.mp4,3260,0,3,0.0295079410960035,0.741146469116211,0.6935673466435185,2,0.0044917555679179,0.7296078364054362,59.96002664890073
part_005.mp4,3261,0,4,0.0290636239661209,0.7402603149414062,0.689929707845052,2,0.0043618827985483,0.729496955871582,59.96002664890073
part_005.mp4,3262,0,4,0.0293107560701254,0.7395353317260742,0.6780476888020833,2,0.0044028418278609,0.7294102986653646,59.96002664890073
part_005.mp4,3263,0,3,0.0283674900797713,0.7386396408081055,0.678863525390625,2,0.0044300912710605,0.7294584910074869,59.96002664890073
part_005.mp4,3264,0,3,0.0275269296145739,0.7384761174519857,0.6791439480251736,2,0.0044211883075574,0.729284159342448,59.96002664890073
part_005.mp4,3265,0,3,0.028174992155939,0.7374098459879558,0.6692894829644097,2,0.0044232458919739,0.7293263117472331,59.96002664890073
part_005.mp4,3266,0,3,0.0281196970515884,0.7371018091837566,0.6672183566623264,2,0.0045868102992729,0.7294226328531901,59.96002664890073
part_005.mp4,3267,0,3,0.0275519689700255,0.7375284194946289,0.6678744845920139,2,0.0044849356266139,0.7292045593261719,59.96002664890073
part_005.mp4,3268,0,4,0.0274047827258861,0.7371374766031901,0.6612874348958333,2,0.0046857115151403,0.7299111048380534,59.96002664890073
part_005.mp4,3269,0,5,0.027344889880947,0.7359749476114908,0.6567348904079862,3,0.0047405650121315,0.7300095240275065,59.96002664890073
part_005.mp4,3270,0,3,0.0261690885322254,0.7354031244913737,0.6573660956488715,2,0.0047918107328263,0.7303293228149415,59.96002664890073
part_005.mp4,3271,0,3,0.0255144745739245,0.7341670989990234,0.6541283501519097,2,0.0047622051739556,0.7297733306884766,59.96002664890073
part_005.mp4,3272,0,3,0.0255359347704668,0.7343098322550455,0.6512227376302083,2,0.004745935988634,0.7292821884155274,59.96002664890073
part_005.mp4,3273,0,3,0.0252154138260434,0.7334712982177735,0.6466944376627605,2,0.0046110033904371,0.729104741414388,59.96002664890073
part_005.mp4,3274,0,3,0.0244707717825399,0.7335428237915039,0.643687269422743,2,0.0045819340280528,0.7290822982788085,59.96002664890073
part_005.mp4,3275,0,3,0.0242663124780584,0.7329906463623047,0.6411706995081019,2,0.0047705727692206,0.7296209335327148,59.96002664890073
part_005.mp4,3276,0,3,0.024326590383878,0.7327460606892904,0.63358154296875,2,0.0048267589541393,0.7296568552652994,59.96002664890073
part_005.mp4,3277,0,3,0.0233735381950585,0.7297320048014323,0.6295842488606771,2,0.004791121785299,0.7292886734008789,59.96002664890073
part_005.mp4,3278,0,3,0.0237238949817967,0.7321817398071289,0.6255984836154513,2,0.0048816255518856,0.7295873641967774,59.96002664890073
part_005.mp4,3279,0,3,0.0236559003827925,0.7305399576822916,0.6193741975007234,2,0.0047810185010786,0.7294169743855794,59.96002664890073
part_005.mp4,3280,0,4,0.0240034718982901,0.7316261291503906,0.6158447265625,2,0.0048676785941158,0.7292677561442057,59.96002664890073
part_005.mp4,3281,0,4,0.0237268185595813,0.7308581034342448,0.6115318580910012,2,0.0048358710712313,0.7295917510986328,59.96002664890073
part_005.mp4,3282,0,4,0.0231804115493799,0.7294971466064453,0.6074540879991319,2,0.0048264587632837,0.7301478068033854,59.96002664890073
part_005.mp4,3283,0,3,0.0230882425899229,0.7290763854980469,0.6062947591145833,2,0.0048731706227875,0.7301011403401693,59.96002664890073
part_005.mp4,3284,0,3,0.0229230957117073,0.728823471069336,0.6059236314561632,2,0.0049037426865349,0.7301159540812174,59.96002664890073
part_005.mp4,3285,0,3,0.0231899419073791,0.7284692764282227,0.5996951633029514,3,0.0231899419073791,0.7308512369791667,59.96002664890073
part_005.mp4,3286,0,3,0.0223015921167098,0.7280504862467448,0.6037987037941261,2,0.0052601463564982,0.7312437693277994,59.96002664890073
part_005.mp4,3287,0,3,0.0218280423572286,0.7276346206665039,0.5995632595486111,3,0.0218280423572286,0.7317881266276042,59.96002664890073
part_005.mp4,3288,0,3,0.0220057849104826,0.7273049036661784,0.5926106770833334,3,0.0220057849104826,0.7321571350097656,59.96002664890073
part_005.mp4,3289,0,3,0.0218174320860136,0.7266743342081706,0.5899671766493055,3,0.0218174320860136,0.7317014694213867,59.96002664890073
part_005.mp4,3290,0,3,0.0213438408238451,0.7261896769205729,0.5901353624131944,3,0.0213438408238451,0.7315101623535156,59.96002664890073
part_005.mp4,3291,0,3,0.0206012303164849,0.7265929539998373,0.5946692572699652,3,0.0206012303164849,0.7320005416870117,59.96002664890073
part_005.mp4,3292,0,3,0.0211337717243845,0.7254257837931315,0.5876077722620081,3,0.0211337717243845,0.7324326197306316,59.96002664890073
part_005.mp4,3293,0,3,0.0204662846967888,0.7256381352742513,0.5848578559027777,3,0.0204662846967888,0.7327062606811523,59.96002664890073
part_005.mp4,3294,0,4,0.0200888045884009,0.7250102361043295,0.5815439294885706,4,0.0200888045884009,0.732783317565918,59.96002664890073
part_005.mp4,3295,0,3,0.019707148510497,0.7239528656005859,0.5811391194661458,3,0.019707148510497,0.7338551203409831,59.96002664890073
part_005.mp4,3296,0,4,0.0196190740286881,0.7239917119344076,0.5765787760416666,4,0.0196190740286881,0.7342647552490235,59.96002664890073
part_005.mp4,3297,0,4,0.0192528483495374,0.7236261367797852,0.5766655815972223,4,0.0192528483495374,0.7335190455118815,59.96002664890073
part_005.mp4,3298,0,5,0.0193793998105684,0.7240615844726562,0.572484447337963,5,0.0193793998105684,0.7325504938761394,59.96002664890073
part_005.mp4,3299,0,3,0.0190673888265155,0.7236979166666667,0.5731897424768518,3,0.0190673888265155,0.7346779505411783,59.96002664890073
part_005.mp4,3300,0,4,0.019353075690451,0.7238901138305665,0.5689656575520833,4,0.019353075690451,0.7348230997721354,59.96002664890073
part_005.mp4,3301,0,3,0.0188860143522766,0.7231853485107422,0.5720598008897569,3,0.0188860143522766,0.7350526173909505,59.96002664890073
part_005.mp4,3302,0,4,0.0185209363335484,0.7230361938476563,0.573469317400897,4,0.0185209363335484,0.7343832651774088,59.96002664890073
part_005.mp4,3303,0,5,0.0182966721928419,0.7219287872314453,0.5683841281467014,5,0.0182966721928419,0.7345243453979492,59.96002664890073
part_005.mp4,3304,0,3,0.0181799222249537,0.7223543167114258,0.5677148889612269,3,0.0181799222249537,0.7353700637817383,59.96002664890073
part_005.mp4,3305,0,3,0.0179578252736246,0.722114372253418,0.565015948260272,3,0.0179578252736246,0.7361381530761719,59.96002664890073
part_005.mp4,3306,0,3,0.0178591873760645,0.7216864903767903,0.5650099012586806,3,0.0178591873760645,0.7360389709472657,59.96002664890073
part_005.mp4,3307,0,3,0.0172086589989743,0.7210953394571941,0.5635100753219039,3,0.0172086589989743,0.7367954254150391,59.96002664890073
part_005.mp4,3308,0,3,0.0169683829638718,0.7204227447509766,0.5643886990017362,3,0.0169683829638718,0.7381229400634766,59.96002664890073
part_005.mp4,3309,0,4,0.0166245783070486,0.7197584788004557,0.5636072794596354,4,0.0166245783070486,0.7387571334838867,59.96002664890073
part_005.mp4,3310,0,5,0.0164861742616631,0.7200680414835612,0.5580485026041667,5,0.0164861742616631,0.7372606913248698,59.96002664890073
part_005.mp4,3311,0,5,0.0163484841090394,0.7197256088256836,0.5582872178819445,5,0.0163484841090394,0.7375874201456706,59.96002664890073
part_005.mp4,3312,0,4,0.0160199742514588,0.7195680618286133,0.5549268934461805,4,0.0160199742514588,0.7378757476806641,59.96002664890073
part_005.mp4,3313,0,3,0.0159769232823358,0.7192850748697917,0.5534589979383681,3,0.0159769232823358,0.7384161631266276,59.96002664890073
part_005.mp4,3314,0,3,0.0159293091895395,0.7190645853678386,0.5509348551432292,3,0.0159293091895395,0.7388174057006835,59.96002664890073
part_005.mp4,3315,0,4,0.0159807150112465,0.7190466562906901,0.5502621120876736,4,0.0159807150112465,0.7388349533081054,59.96002664890073
part_005.mp4,3316,0,4,0.0159449106917276,0.7187765757242839,0.5499243842230903,4,0.0159449106917276,0.7390881220499674,59.96002664890073
part_005.mp4,3317,0,4,0.0157467562929485,0.7184883753458658,0.5500722249348958,4,0.0157467562929485,0.7395328521728516,59.96002664890073
part_005.mp4,3318,0,4,0.0155221169322936,0.7183156967163086,0.549127197265625,4,0.0155221169322936,0.7396753946940104,59.96002664890073
part_005.mp4,3319,0,4,0.0153799939209905,0.717901102701823,0.5472413804796007,4,0.0153799939209905,0.7400445302327474,59.96002664890073
part_005.mp4,3320,0,3,0.0151902449894179,0.7168339411417644,0.5487538655598958,3,0.0151902449894179,0.740435536702474,59.96002664890073
part_005.mp4,3321,0,4,0.0151040027004933,0.7172705332438151,0.5465801097728588,4,0.0151040027004933,0.7402456919352214,59.96002664890073
part_005.mp4,3322,0,4,0.0148896360554283,0.7169027328491211,0.5459682888454861,4,0.0148896360554283,0.7405048370361328,59.96002664890073
part_005.mp4,3323,0,4,0.0146767701696026,0.7163788477579752,0.5461903889973958,4,0.0146767701696026,0.7410158157348633,59.96002664890073
part_005.mp4,3324,0,4,0.0143887034641509,0.7159555435180665,0.5458597819010417,4,0.0143887034641509,0.7413148244222005,59.96002664890073
part_005.mp4,3325,0,4,0.0141999508224156,0.7147695541381835,0.5480558607313368,4,0.0141999508224156,0.7414648056030273,59.96002664890073
part_005.mp4,3326,0,4,0.0141350645961938,0.7144760131835938,0.5481049714265046,4,0.0141350645961938,0.741691780090332,59.96002664890073
part_005.mp4,3327,0,4,0.0140887429949361,0.7145689646402995,0.5486968994140625,4,0.0140887429949361,0.7417121887207031,59.96002664890073
part_005.mp4,3328,0,3,0.0138833695298267,0.7147158304850261,0.5470865885416667,3,0.0138833695298267,0.7414032618204752,59.96002664890073
part_005.mp4,3329,0,4,0.0137811825824556,0.7146434148152669,0.5466342502170138,4,0.0137811825824556,0.7419744491577148,59.96002664890073
part_005.mp4,3330,0,3,0.0136808313888872,0.7146653493245443,0.5471142239040798,3,0.0136808313888872,0.7431777954101563,59.96002664890073
part_005.mp4,3331,0,4,0.0132371007100058,0.7134329477945963,0.5441036648220486,4,0.0132371007100058,0.7439260482788086,59.96002664890073
part_005.mp4,3332,0,3,0.0131283053945905,0.713082758585612,0.5432793511284723,3,0.0131283053945905,0.7452224731445313,59.96002664890073
part_005.mp4,3333,0,3,0.0131182451350226,0.7128794352213542,0.542974853515625,3,0.0131182451350226,0.7458009719848633,59.96002664890073
part_005.mp4,3334,0,3,0.0130730622300567,0.7125921885172526,0.5415879991319444,3,0.0130730622300567,0.7471504211425781,59.96002664890073
part_005.mp4,3335,0,3,0.0130010332886336,0.7124486923217773,0.5408074273003473,3,0.0130010332886336,0.7479102452596028,59.96002664890073
part_005.mp4,3336,0,3,0.0129256315118012,0.7121033350626628,0.5406720761899595,3,0.0129256315118012,0.7486169815063477,59.96002664890073
part_005.mp4,3337,0,3,0.0128690738339597,0.7119842529296875,0.5411651611328125,3,0.0128690738339597,0.7491129557291667,59.96002664890073
part_005.mp4,3338,0,3,0.0127198025040949,0.7118810653686524,0.5406955295138889,3,0.0127198025040949,0.7497076034545899,59.96002664890073
part_005.mp4,3339,0,3,0.0126114774938711,0.7117408752441406,0.54011801260489,3,0.0126114774938711,0.7505665461222331,59.96002664890073
part_005.mp4,3340,0,3,0.0124859142275979,0.7115460077921549,0.5386425442165799,3,0.0124859142275979,0.7514665603637696,59.96002664890073
part_005.mp4,3341,0,3,0.0124507905310019,0.7113210678100585,0.5386003282335069,3,0.0124507905310019,0.7516370137532552,59.96002664890073
part_005.mp4,3342,0,3,0.0123492534497442,0.7110748291015625,0.5383216010199653,3,0.0123492534497442,0.7517530441284179,59.96002664890073
part_005.mp4,3343,0,3,0.0122750864685965,0.7524362564086914,0.0658554077148437,3,0.0122750864685965,0.7524362564086914,59.96002664890073
part_005.mp4,3344,0,3,0.0124288005756507,0.7530481338500976,0.0625198364257812,3,0.0124288005756507,0.7530481338500976,59.96002664890073
part_005.mp4,3345,0,4,0.0123706404153684,0.7538684844970703,0.0587254842122395,4,0.0123706404153684,0.7538684844970703,59.96002664890073
part_005.mp4,3346,0,3,0.0125346908846404,0.7549108505249024,0.0560526529947916,3,0.0125346908846404,0.7549108505249024,59.96002664890073
part_005.mp4,3347,0,3,0.0127744545449968,0.7557977676391602,0.0546551174587673,3,0.0127744545449968,0.7557977676391602,59.96002664890073
part_005.mp4,3348,0,3,0.0131680233151807,0.75697447458903,0.0495986655906394,3,0.0131680233151807,0.75697447458903,59.96002664890073
part_005.mp4,3349,0,4,0.0138558664193422,0.7579901377360027,0.0430676213017216,4,0.0138558664193422,0.7579901377360027,59.96002664890073
part_005.mp4,3350,0,4,0.013901891177071,0.7588383356730143,0.0406669051558883,4,0.013901891177071,0.7588383356730143,59.96002664890073
part_005.mp4,3351,0,4,0.0137250899407081,0.7600142161051432,0.033184814453125,4,0.0137250899407081,0.7600142161051432,59.96002664890073
part_005.mp4,3352,0,4,0.0137858421469529,0.7614102045694987,0.0265068619339554,4,0.0137858421469529,0.7614102045694987,59.96002664890073
part_005.mp4,3353,0,4,0.0143749486612688,0.7622725168863932,0.0277461016619647,4,0.0143749486612688,0.7622725168863932,59.96002664890073
part_005.mp4,3354,0,4,0.0139169429139543,0.7626845041910807,0.0178063004105179,4,0.0139169429139543,0.7626845041910807,59.96002664890073
part_005.mp4,3355,0,3,0.0147596378341161,0.7643915812174479,0.0211237589518229,3,0.0147596378341161,0.7643915812174479,59.96002664890073
part_005.mp4,3356,0,3,0.0153417909480049,0.765290896097819,0.0213789763274016,3,0.0153417909480049,0.765290896097819,59.96002664890073
part_005.mp4,3357,0,3,0.0148059411424199,0.7653562545776367,0.0161560623734085,3,0.0148059411424199,0.7653562545776367,59.96002664890073
part_005.mp4,3358,0,3,0.0159966426200152,0.7660442352294922,0.0173718487774884,3,0.0159966426200152,0.7660442352294922,59.96002664890073
part_005.mp4,3359,0,3,0.0164393861064066,0.7672064463297527,0.0155529446072048,3,0.0164393861064066,0.7672064463297527,59.96002664890073
part_005.mp4,3360,1,3,0.0163991842529665,0.7675006866455079,0.0124486004864728,3,0.0163991842529665,0.7675006866455079,59.96002664890073
part_005.mp4,3361,1,3,0.0166174437569915,0.7695377985636394,0.0058552777325665,3,0.0166174437569915,0.7695377985636394,59.96002664890073
part_005.mp4,3362,1,3,0.0169167037173152,0.7704376220703125,0.0024786772551359,3,0.0169167037173152,0.7704376220703125,59.96002664890073
part_005.mp4,3363,1,3,0.0171369558551911,0.7713675181070964,0.0013816833496093,3,0.0171369558551911,0.7713675181070964,59.96002664890073
part_005.mp4,3364,1,3,0.017333386811003,0.772741190592448,0.0070239879466869,3,0.017333386811003,0.772741190592448,59.96002664890073
part_005.mp4,3365,1,3,0.018410986806018,0.7736936569213867,0.0066664236563223,3,0.018410986806018,0.7736936569213867,59.96002664890073
part_005.mp4,3366,1,4,0.0191313704244762,0.7767197291056315,0.0131837632921006,4,0.0191313704244762,0.7767197291056315,59.96002664890073
part_005.mp4,3367,1,3,0.0196462777401191,0.7779518127441406,0.0169136895073784,3,0.0196462777401191,0.7779518127441406,59.96002664890073
part_005.mp4,3368,1,4,0.0202210923454172,0.7790587743123373,0.0201405843098958,4,0.0202210923454172,0.7790587743123373,59.96002664890073
part_005.mp4,3369,1,4,0.0206591812980718,0.7796920776367188,0.0244510509349681,4,0.0206591812980718,0.7796920776367188,59.96002664890073
part_005.mp4,3370,1,4,0.0208208377480817,0.78047300974528,0.0295661078559027,4,0.0208208377480817,0.78047300974528,59.96002664890073
part_005.mp4,3371,1,5,0.0209082315997996,0.7815271377563476,0.032207602041739,4,0.0209082315997996,0.7815271377563476,59.96002664890073
part_005.mp4,3372,1,5,0.0216034132723655,0.7835638046264648,0.0347180119267216,4,0.0216034132723655,0.7835638046264648,59.96002664890073
part_005.mp4,3373,1,3,0.0219382606135763,0.7838823954264323,0.0389051931875723,3,0.0219382606135763,0.7838823954264323,59.96002664890073
part_005.mp4,3374,1,4,0.0227401044248836,0.7853744506835938,0.0420290911639178,3,0.0227401044248836,0.7853744506835938,59.96002664890073
part_005.mp4,3375,1,5,0.0232586743899931,0.7867549896240235,0.0455451117621527,3,0.0232586743899931,0.7867549896240235,59.96002664890073
part_005.mp4,3376,1,6,0.0239000084624664,0.7889928817749023,0.0488842434353298,4,0.0239000084624664,0.7889928817749023,59.96002664890073
part_005.mp4,3377,1,5,0.0248077839062575,0.7902544021606446,0.0553129408094618,4,0.0248077839062575,0.7902544021606446,59.96002664890073
part_005.mp4,3378,1,5,0.0251104019326121,0.7910369237263998,0.0595896685564959,4,0.0251104019326121,0.7910369237263998,59.96002664890073
part_005.mp4,3379,1,4,0.0255285890983672,0.7910903294881185,0.0637215508355034,3,0.0255285890983672,0.7910903294881185,59.96002664890073
part_005.mp4,3380,1,5,0.0265492745258548,0.7926231384277344,0.0699168169939959,4,0.0265492745258548,0.7926231384277344,59.96002664890073
part_005.mp4,3381,1,5,0.0274711684035611,0.794482167561849,0.0743586222330729,4,0.0274711684035611,0.794482167561849,59.96002664890073
part_005.mp4,3382,1,6,0.0281821859890543,0.7967775344848633,0.0789518568250868,5,0.0281821859890543,0.7967775344848633,59.96002664890073
part_005.mp4,3383,1,6,0.0287825518389581,0.7981897354125976,0.0819263034396701,5,0.0287825518389581,0.7981897354125976,59.96002664890073
part_005.mp4,3384,1,6,0.0292358645478034,0.7989647547403972,0.0857734115035445,5,0.0292358645478034,0.7989647547403972,59.96002664890073
part_005.mp4,3385,1,4,0.0300167290997126,0.8004085540771484,0.0916627954553674,3,0.0300167290997126,0.8004085540771484,59.96002664890073
part_005.mp4,3386,1,4,0.0310177322212742,0.8018858591715495,0.0985920376247829,3,0.0310177322212742,0.8018858591715495,59.96002664890073
part_005.mp4,3387,1,4,0.0319654662231483,0.8034264246622721,0.1040750574182581,3,0.0319654662231483,0.8034264246622721,59.96002664890073
part_005.mp4,3388,1,5,0.0323530535902224,0.8054721832275391,0.1061655962908709,4,0.0323530535902224,0.8054721832275391,59.96002664890073
part_005.mp4,3389,1,5,0.0332869430134693,0.8068274180094401,0.1177758110894097,4,0.0332869430134693,0.8068274180094401,59.96002664890073
part_005.mp4,3390,1,5,0.03468653806731,0.808357302347819,0.1213512279369213,4,0.03468653806731,0.808357302347819,59.96002664890073
part_005.mp4,3391,1,5,0.0354677110943777,0.8101195017496745,0.1305654172544126,4,0.0354677110943777,0.8101195017496745,59.96002664890073
part_005.mp4,3392,1,5,0.037005454924268,0.8140300750732422,0.1347109194155092,4,0.037005454924268,0.8140300750732422,59.96002664890073
part_005.mp4,3393,1,5,0.03707458842464,0.8132822036743164,0.1409529226797598,4,0.03707458842464,0.8132822036743164,59.96002664890073
part_005.mp4,3394,1,5,0.0381367927802138,0.8149416605631511,0.1460357948585793,4,0.0381367927802138,0.8149416605631511,59.96002664890073
part_005.mp4,3395,1,5,0.0395112709972373,0.816591453552246,0.1556409200032552,4,0.0395112709972373,0.816591453552246,59.96002664890073
part_005.mp4,3396,1,5,0.0407508784168371,0.8192928314208985,0.1620119165491174,4,0.0407508784168371,0.8192928314208985,59.96002664890073
part_005.mp4,3397,1,5,0.0407442168432721,0.8190769195556641,0.1679269013581452,4,0.0407442168432721,0.8190769195556641,59.96002664890073
part_005.mp4,3398,1,5,0.0434297709290533,0.824133555094401,0.1798414724844473,4,0.0434297709290533,0.824133555094401,59.96002664890073
part_005.mp4,3399,1,5,0.0446130876659622,0.825145403544108,0.1842415138527199,4,0.0446130876659622,0.825145403544108,59.96002664890073
part_005.mp4,3400,1,5,0.0450071680809519,0.8258118311564128,0.1916707639341001,4,0.0450071680809519,0.8258118311564128,59.96002664890073
part_005.mp4,3401,1,5,0.0460022108422385,0.8257671356201172,0.2013509114583333,4,0.0460022108422385,0.8257671356201172,59.96002664890073
part_005.mp4,3402,1,5,0.047150282742441,0.8271215438842774,0.2099528418646918,4,0.047150282742441,0.8271215438842774,59.96002664890073
part_005.mp4,3403,1,6,0.0484323457572364,0.828808085123698,0.2182951468008536,5,0.0484323457572364,0.828808085123698,59.96002664890073
part_005.mp4,3404,1,6,0.0515462134533865,0.8336719512939453,0.2267584058973524,5,0.0515462134533865,0.8336719512939453,59.96002664890073
part_005.mp4,3405,1,6,0.0539514339516042,0.8365446090698242,0.2374467637803819,5,0.0539514339516042,0.8365446090698242,59.96002664890073
part_005.mp4,3406,1,6,0.0549135056465726,0.8387372970581055,0.2431742350260416,5,0.0549135056465726,0.8387372970581055,59.96002664890073
part_005.mp4,3407,1,6,0.0578098084752531,0.8426977793375651,0.2549523530183015,5,0.0578098084752531,0.8426977793375651,59.96002664890073
part_005.mp4,3408,1,6,0.0590846806861615,0.8448957443237305,0.2634888684308087,5,0.0590846806861615,0.8448957443237305,59.96002664890073
part_005.mp4,3409,1,6,0.0614320953663749,0.8477310180664063,0.2768981085883246,5,0.0614320953663749,0.8477310180664063,59.96002664890073
part_005.mp4,3410,1,6,0.0629948769224574,0.8488615036010743,0.2890893159089265,5,0.0629948769224574,0.8488615036010743,59.96002664890073
part_005.mp4,3411,1,6,0.0637754669299555,0.8499406814575196,0.3002448470504195,5,0.0637754669299555,0.8499406814575196,59.96002664890073
part_005.mp4,3412,1,6,0.06692165885904,0.853750483194987,0.3130249447292751,5,0.06692165885904,0.853750483194987,59.96002664890073
part_005.mp4,3413,1,5,0.0688921605405334,0.8563709894816081,0.3249171928123192,4,0.0688921605405334,0.8563709894816081,59.96002664890073
part_005.mp4,3414,1,5,0.0715149561416506,0.8600699106852213,0.338756999263057,4,0.0715149561416506,0.8600699106852213,59.96002664890073
part_005.mp4,3415,1,5,0.0736968650730121,0.8628677368164063,0.3509257139983001,4,0.0736968650730121,0.8628677368164063,59.96002664890073
part_005.mp4,3416,1,5,0.0783039973698625,0.8691948572794597,0.3679200349030671,4,0.0783039973698625,0.8691948572794597,59.96002664890073
part_005.mp4,3417,1,5,0.0805801417641424,0.8712520599365234,0.3839025144223814,4,0.0805801417641424,0.8712520599365234,59.96002664890073
part_005.mp4,3418,1,6,0.0846889869305506,0.875400161743164,0.4006641670509621,5,0.0846889869305506,0.875400161743164,59.96002664890073
part_005.mp4,3419,1,5,0.0883401183371542,0.8789197921752929,0.4159558614095052,4,0.0883401183371542,0.8789197921752929,59.96002664890073
part_005.mp4,3420,1,7,0.0903096432986785,0.8824644088745117,0.4281335618760851,6,0.0903096432986785,0.8824644088745117,59.96002664890073
part_005.mp4,3421,1,6,0.0948808016236203,0.8868999481201172,0.4511107550726996,5,0.0948808016236203,0.8868999481201172,59.96002664890073
part_005.mp4,3422,1,6,0.1011246063241812,0.8942166010538737,0.4711567207618996,5,0.1011246063241812,0.8942166010538737,59.96002664890073
part_005.mp4,3423,1,6,0.101191190642572,0.8952930450439454,0.4741617273401331,5,0.101191190642572,0.8952930450439454,59.96002664890073
part_005.mp4,3424,1,6,0.1033929787490827,0.9001672744750977,0.479960462782118,5,0.1033929787490827,0.9001672744750977,59.96002664890073
part_005.mp4,3425,1,6,0.1047939184623667,0.9032676696777344,0.4870090908474392,5,0.1047939184623667,0.9032676696777344,59.96002664890073
part_005.mp4,3426,1,6,0.1048702873662087,0.9048144022623698,0.4914614218252676,5,0.1048702873662087,0.9048144022623698,59.96002664890073
part_005.mp4,3427,1,6,0.1063977601441244,0.912171745300293,0.4954199049207899,5,0.1063977601441244,0.912171745300293,59.96002664890073
part_005.mp4,3428,1,6,0.1086620302248047,0.9186262130737304,0.4963981204562717,5,0.1086620302248047,0.9186262130737304,59.96002664890073
part_005.mp4,3429,1,6,0.1103350228219318,0.9234828948974608,0.5002557966444228,5,0.1103350228219318,0.9234828948974608,59.96002664890073
part_005.mp4,3430,1,6,0.1130504725516167,0.9297832489013672,0.503769697966399,5,0.1130504725516167,0.9297832489013672,59.96002664890073
part_005.mp4,3431,1,6,0.1157457889873249,0.9373418807983398,0.5064528571234809,5,0.1157457889873249,0.9373418807983398,59.96002664890073
part_005.mp4,3432,1,6,0.1181123512245162,0.9444683074951172,0.5117820457175926,5,0.1181123512245162,0.9444683074951172,59.96002664890073
part_005.mp4,3433,1,6,0.1207956046024844,0.9531011581420898,0.5164195731834129,5,0.1207956046024844,0.9531011581420898,59.96002664890073
part_005.mp4,3434,1,6,0.1231194180994417,0.960423469543457,0.5176297505696614,5,0.1231194180994417,0.960423469543457,59.96002664890073
part_005.mp4,3435,1,6,0.1249500111529868,0.9665630340576172,0.5227089210792825,5,0.1249500111529868,0.9665630340576172,59.96002664890073
part_005.mp4,3436,1,6,0.1245348239274365,0.9697528839111328,0.5270799001057943,5,0.1245348239274365,0.9697528839111328,59.96002664890073
part_005.mp4,3437,1,6,0.1255524863297129,0.9759624481201172,0.5323352813720703,5,0.1255524863297129,0.9759624481201172,59.96002664890073
part_005.mp4,3438,1,6,0.1283740741064927,0.9820627212524414,0.5355351765950521,5,0.1283740741064927,0.9820627212524414,59.96002664890073
part_005.mp4,3439,1,5,0.1303115135070402,0.9890198389689128,0.5408863491482205,4,0.1303115135070402,0.9890198389689128,59.96002664890073
part_005.mp4,3440,1,5,0.1320561844488192,0.9974775950113932,0.5447743733723959,4,0.1320561844488192,0.9974775950113932,59.96002664890073
part_005.mp4,3441,1,5,0.1309990930479641,0.9986906051635742,0.5507353040907118,4,0.1309990930479641,0.9986906051635742,59.96002664890073
part_005.mp4,3442,1,5,0.1294359573865949,0.9990039825439452,0.556363296508789,4,0.1294359573865949,0.9990039825439452,59.96002664890073
part_005.mp4,3443,1,5,0.1274738972502678,0.9992145538330078,0.560587324919524,4,0.1274738972502678,0.9992145538330078,59.96002664890073
part_005.mp4,3444,1,5,0.1258553432389453,0.9992880503336588,0.565720706515842,4,0.1258553432389453,0.9992880503336588,59.96002664890073
part_005.mp4,3445,1,5,0.1254991771136728,0.9988088607788086,0.5655361175537109,4,0.1254991771136728,0.9988088607788086,59.96002664890073
part_005.mp4,3446,1,5,0.1240336046972381,0.9992399215698242,0.5680156425193504,4,0.1240336046972381,0.9992399215698242,59.96002664890073
part_005.mp4,3447,1,5,0.1226930094701027,0.9990992228190104,0.5729043889928747,4,0.1226930094701027,0.9990992228190104,59.96002664890073
part_005.mp4,3448,1,5,0.1226833196934118,0.9991708755493164,0.5732085333930121,4,0.1226833196934118,0.9991708755493164,59.96002664890073
part_005.mp4,3449,1,5,0.1188821689016859,0.9987678527832032,0.5860138928448713,4,0.1188821689016859,0.9987678527832032,59.96002664890073
part_005.mp4,3450,1,5,0.1146037408277334,0.9956438700358072,0.5945874532063802,4,0.1146037408277334,0.9956438700358072,59.96002664890073
part_005.mp4,3451,1,5,0.1117989803049002,0.9955626169840496,0.602948252360026,3,0.005319894941446,0.7109505335489908,59.96002664890073
part_005.mp4,3452,1,5,0.1090442340733069,0.9963389078776042,0.6121424357096354,3,0.0052023488236914,0.7110554377237955,59.96002664890073
part_005.mp4,3453,1,5,0.1063424072618848,0.996269989013672,0.6212375640869141,3,0.0051240775985772,0.7112787246704102,59.96002664890073
part_005.mp4,3454,1,5,0.104831550010411,0.9968870162963868,0.6259352507414642,3,0.00512678703332,0.7113935470581054,59.96002664890073
part_005.mp4,3455,1,5,0.1024614143973546,0.9961627960205078,0.6323021358913845,3,0.0051071051687985,0.7115503946940104,59.96002664890073
part_005.mp4,3456,1,5,0.0993805493842956,0.9948513666788736,0.6404765235053168,3,0.0051300867416257,0.7115350723266601,59.96002664890073
part_005.mp4,3457,1,5,0.0967066752382972,0.9945393244425456,0.6480531727826154,3,0.0050887408428308,0.711681048075358,59.96002664890073
part_005.mp4,3458,1,6,0.0941215699745885,0.9917715708414714,0.6544367719579626,4,0.0051088013593107,0.7117944717407226,59.96002664890073
part_005.mp4,3459,1,6,0.0918247983717689,0.9920873641967772,0.6621021835892289,4,0.0051296866106309,0.7118693669637044,59.96002664890073
part_005.mp4,3460,1,6,0.089040733429942,0.9910350799560548,0.6695835431416829,4,0.0050182202940858,0.7119249979654948,59.96002664890073
part_005.mp4,3461,1,6,0.0866822874935267,0.9935365676879884,0.6781173812018501,4,0.0050282317330776,0.712025260925293,59.96002664890073
part_005.mp4,3462,1,6,0.0837076537536254,0.993878173828125,0.6880815541302716,4,0.0050504345694207,0.7120644251505533,59.96002664890073
part_005.mp4,3463,1,6,0.0797169175123228,0.9894224166870116,0.6959634215743453,4,0.0049744389867151,0.7121981302897136,59.96002664890073
part_005.mp4,3464,1,6,0.0760963918548508,0.9861071268717448,0.7054879647714121,4,0.0049709794865339,0.7124418258666992,59.96002664890073
part_005.mp4,3465,1,5,0.0729499092684353,0.985641860961914,0.7154217331497758,3,0.0049286352097988,0.7126608530680338,59.96002664890073
part_005.mp4,3466,1,5,0.0684782886740787,0.9789756774902344,0.7239367379082574,3,0.0048922799563,0.7128681818644206,59.96002664890073
part_005.mp4,3467,1,5,0.0656667418800646,0.9829387664794922,0.7398100181862161,3,0.0048229520655392,0.7130931854248047,59.96002664890073
part_005.mp4,3468,1,6,0.0620119168458364,0.978471565246582,0.7483657201131185,4,0.0048042039736174,0.7132528305053711,59.96002664890073
part_005.mp4,3469,1,6,0.0612791907190523,0.9870925903320312,0.7588929211651837,4,0.0047199811049116,0.7135151545206706,59.96002664890073
part_005.mp4,3470,1,6,0.0565439067110613,0.9867195765177408,0.7716445075141058,4,0.0046599351092784,0.713748550415039,59.96002664890073
part_005.mp4,3471,1,7,0.0558720063059202,0.9960641860961914,0.7811280992296007,4,0.0046531983129292,0.7139294306437175,59.96002664890073
part_005.mp4,3472,1,7,0.0515550691178645,0.9974464416503906,0.7937955291182907,4,0.0045860662980703,0.7142234166463216,59.96002664890073
part_005.mp4,3473,1,7,0.047694378516388,0.9972993850708008,0.8097983254326715,4,0.0044967754307435,0.7144145329793294,59.96002664890073
part_005.mp4,3474,1,7,0.0430728166767342,0.9981941223144531,0.8237196392483181,4,0.0044901626824866,0.7146993637084961,59.96002664890073
part_005.mp4,3475,1,7,0.0387539625541009,0.9989179611206056,0.8377281824747721,4,0.0044994140697074,0.7150049845377604,59.96002664890073
part_005.mp4,3476,1,8,0.034170860209518,0.9997795740763348,0.8532801751737241,5,0.0045018415676679,0.7150999704996744,59.96002664890073
part_005.mp4,3477,1,9,0.0298476299081004,0.9975456237792968,0.8680277559492323,6,0.0044473576096007,0.7152385711669922,59.96002664890073
part_005.mp4,3478,1,9,0.0248941350167216,0.9945812225341796,0.8861025068495009,6,0.00439874269895,0.7154139200846354,59.96002664890073
part_005.mp4,3479,1,9,0.0215259970525383,0.7678276062011719,0.7725314104998553,6,0.004407369219795,0.7154204686482747,59.96002664890073
part_005.mp4,3480,0,9,0.0206824411198397,0.765719477335612,0.7673969975224247,6,0.0044443540060339,0.715549087524414,59.96002664890073
part_005.mp4,3481,0,8,0.0202894589169752,0.7655265808105469,0.7620197437427662,5,0.0044716823411161,0.716340446472168,59.96002664890073
part_005.mp4,3482,0,8,0.0199941450918961,0.7657682418823242,0.7577778568974247,5,0.0045089916096293,0.7165048599243165,59.96002664890073
part_005.mp4,3483,0,7,0.0199908346941487,0.8397863388061524,0.9046027289496528,5,0.0045395527019475,0.7167614618937175,59.96002664890073
part_005.mp4,3484,0,7,0.0205942087050061,0.837971305847168,0.9004811604817708,5,0.004531000935872,0.7168070475260416,59.96002664890073
part_005.mp4,3485,0,7,0.0210998008594335,0.835289192199707,0.8965465969509548,5,0.0045526783695634,0.717135492960612,59.96002664890073
part_005.mp4,3486,0,7,0.0208326438237211,0.8313003540039062,0.8953798647280092,5,0.0046001921060572,0.7175798416137695,59.96002664890073
part_005.mp4,3487,0,7,0.0209399004777272,0.8287010192871094,0.8928656684027778,5,0.0046201377054482,0.7178139368693034,59.96002664890073
part_005.mp4,3488,0,7,0.0207491483148058,0.8282721201578777,0.8926428335684317,5,0.0047059948349164,0.7180470784505208,59.96002664890073
part_005.mp4,3489,0,7,0.0207955501293246,0.8247812271118165,0.8892463966652199,5,0.0047284253160785,0.7182439804077149,59.96002664890073
part_005.mp4,3490,0,7,0.0211399361215687,0.8240435282389323,0.8868644996925636,5,0.0047411309956805,0.7184260686238607,59.96002664890073
part_005.mp4,3491,0,6,0.0210757265664223,0.8216234842936198,0.8852138378002026,4,0.004741145323022,0.7185290018717448,59.96002664890073
part_005.mp4,3492,0,6,0.0214072665149729,0.8209089914957682,0.8820651019061053,4,0.0048131621148283,0.7184665044148763,59.96002664890073
part_005.mp4,3493,0,6,0.0214513506382246,0.8196872711181641,0.8802435415762442,4,0.004870665166818,0.7186471939086914,59.96002664890073
part_005.mp4,3494,0,6,0.0216744523469673,0.8200262069702149,0.8791469432689526,4,0.0050783640597903,0.7195935567220052,59.96002664890073
part_005.mp4,3495,0,6,0.0214485363304265,0.8201534271240234,0.8802759806315105,4,0.0050854069412,0.7197975158691406,59.96002664890073
part_005.mp4,3496,0,6,0.0215026749229528,0.8200350443522135,0.878712237322772,4,0.0050682174748551,0.7196968714396159,59.96002664890073
part_005.mp4,3497,0,6,0.0217413771810242,0.8192295710245768,0.8772498236762153,4,0.0051211230684485,0.7196229934692383,59.96002664890073
part_005.mp4,3498,0,6,0.0223499248126222,0.8209643046061198,0.874795588740596,4,0.0051107564276511,0.7196706771850586,59.96002664890073
part_005.mp4,3499,0,6,0.0225486973172519,0.8207170486450195,0.8724429660373264,4,0.0050777439142499,0.7198589324951172,59.96002664890073
part_005.mp4,3500,0,6,0.0246888830715195,0.8215021769205729,0.8626537746853299,4,0.0051578400569269,0.7200464884440104,59.96002664890073
part_005.mp4,3501,0,6,0.0255169260853694,0.8220564524332682,0.8589879918981481,4,0.0051375316177533,0.7203132629394531,59.96002664890073
part_005.mp4,3502,0,6,0.0252135739684389,0.8224882125854492,0.8608983357747396,4,0.0051345156307797,0.720501200358073,59.96002664890073
part_005.mp4,3503,0,6,0.0250520408750809,0.8197996775309245,0.859287346733941,4,0.0051575999441815,0.7209152857462565,59.96002664890073
part_005.mp4,3504,0,6,0.0251597463373198,0.8184734344482422,0.8545071072048611,4,0.0052656708535505,0.7211765289306641,59.96002664890073
part_005.mp4,3505,0,6,0.0258364363853535,0.8200592041015625,0.8525066799587674,4,0.0052796179339983,0.7216718673706055,59.96002664890073
part_005.mp4,3506,0,6,0.0265936434257597,0.824777094523112,0.8534745392975984,4,0.0052710869850448,0.7220365524291992,59.96002664890073
part_005.mp4,3507,0,6,0.0276732491971213,0.8306452433268229,0.8519364533600984,4,0.0053446338591553,0.7224702835083008,59.96002664890073
part_005.mp4,3508,0,6,0.0288096863030668,0.8394853591918945,0.8529343216507523,4,0.0054629684158135,0.7228501001993816,59.96002664890073
part_005.mp4,3509,0,6,0.0298446974865725,0.8493436813354492,0.8546510484483507,4,0.0054633559316344,0.7229844411214192,59.96002664890073
part_005.mp4,3510,0,6,0.0307596067716884,0.8505329767862956,0.8513900191695601,4,0.0055214165079329,0.7232433319091797,59.96002664890073
part_005.mp4,3511,0,6,0.0313251163989857,0.8512186686197917,0.8494574652777778,4,0.0055541622313386,0.723533566792806,59.96002664890073
part_005.mp4,3512,0,6,0.031626275843074,0.8521780014038086,0.8488915902596933,4,0.0057245035843354,0.7240135192871093,59.96002664890073
part_005.mp4,3513,0,6,0.0308624786593524,0.8509313583374023,0.8510808308919271,4,0.005738156404717,0.7240452448527018,59.96002664890073
part_005.mp4,3514,0,6,0.032020413246937,0.8514060974121094,0.8461181640625,4,0.0057538627203838,0.7240360260009766,59.96002664890073
part_005.mp4,3515,0,6,0.0299759715566674,0.8460960388183594,0.8509635077582465,4,0.0058131481541527,0.7244848887125651,59.96002664890073
part_005.mp4,3516,0,6,0.0299063380695426,0.8428260803222656,0.8485831366644965,4,0.005843912624146,0.7247152328491211,59.96002664890073
part_005.mp4,3517,0,6,0.0304705332713934,0.839088249206543,0.8420370031286168,4,0.0058855919399906,0.7253227233886719,59.96002664890073
part_005.mp4,3518,0,6,0.031006496308546,0.8368117014567057,0.8382095336914063,4,0.0058661623623467,0.7253756205240885,59.96002664890073
part_005.mp4,3519,0,6,0.0305998440498067,0.8327138900756836,0.8383716159396701,4,0.0059213114044137,0.725644874572754,59.96002664890073
part_005.mp4,3520,0,6,0.0304865091678544,0.8301355361938476,0.8363221910264756,4,0.0059565094313088,0.7255853652954102,59.96002664890073
part_005.mp4,3521,0,6,0.0300991663504478,0.827334213256836,0.8356293854890047,4,0.0060380971532625,0.7259252548217774,59.96002664890073
part_005.mp4,3522,0,6,0.0294265221144693,0.82467041015625,0.8353830973307291,4,0.0061621190045843,0.7261354446411132,59.96002664890073
part_005.mp4,3523,0,6,0.0288540188595652,0.8228642145792643,0.8350779215494791,4,0.006274087990384,0.7267144521077474,59.96002664890073
part_005.mp4,3524,0,6,0.0287160554739077,0.81962890625,0.8346354166666666,4,0.006299160051664,0.7270492553710938,59.96002664890073
part_005.mp4,3525,0,6,0.0281533232258516,0.8182439804077148,0.8343929149486401,4,0.0064654688997608,0.7275312423706055,59.96002664890073
part_005.mp4,3526,0,6,0.0279037619302808,0.8150873819986979,0.8345911096643519,4,0.006477052492318,0.7274489084879557,59.96002664890073
part_005.mp4,3527,0,6,0.0276191241277114,0.8135315577189127,0.8330677738896123,4,0.0065523250317373,0.7275703430175782,59.96002664890073
part_005.mp4,3528,0,6,0.027339411941745,0.8108869552612304,0.8332814534505208,4,0.0066464004792807,0.727679443359375,59.96002664890073
part_005.mp4,3529,0,6,0.0274596455035929,0.8093944549560547,0.8309937653718171,4,0.0066844152772682,0.7277208964029948,59.96002664890073
part_005.mp4,3530,0,7,0.0272202442638126,0.8086939493815104,0.832124102557147,4,0.006658187232032,0.72770201365153,59.96002664890073
part_005.mp4,3531,0,6,0.0272640429728234,0.8074161529541015,0.8298899897822627,4,0.0066975909681921,0.7278956095377604,59.96002664890073
part_005.mp4,3532,0,6,0.0274504530611038,0.8058870315551758,0.8271090472186053,4,0.0067582742648341,0.7281344095865886,59.96002664890073
part_005.mp4,3533,0,7,0.0272381322122937,0.8048664093017578,0.8259088586877894,4,0.0068680416103193,0.7285257975260416,59.96002664890073
part_005.mp4,3534,0,6,0.0269142896124955,0.8028900782267253,0.8246469568323206,4,0.0069690594230821,0.7289616266886393,59.96002664890073
part_005.mp4,3535,0,5,0.0267422465035795,0.8003418604532878,0.8243089463975695,3,0.007049590202514,0.7296295166015625,59.96002664890073
part_005.mp4,3536,0,6,0.0262198157496405,0.7972954432169597,0.8232967800564236,3,0.0071269971387529,0.7291193008422852,59.96002664890073
part_005.mp4,3537,0,6,0.0258430800472248,0.7970862070719401,0.8245925338179977,3,0.0071517071953146,0.7291905085245768,59.96002664890073
part_005.mp4,3538,0,6,0.0257467863997293,0.7948413848876953,0.823351655183015,3,0.0071444071759793,0.7293820063273112,59.96002664890073
part_005.mp4,3539,0,7,0.02560754964154,0.7937553405761719,0.8238905164930556,4,0.0072039302278749,0.7295498530069987,59.96002664890073
part_005.mp4,3540,0,6,0.0252699982061231,0.7906607309977214,0.8221580787941262,4,0.0072304123438597,0.7294302622477213,59.96002664890073
part_005.mp4,3541,0,5,0.0251426410497084,0.7908045450846354,0.8210814864547165,3,0.0072137061967643,0.7293787002563477,59.96002664890073
part_005.mp4,3542,0,5,0.0246230356361613,0.788087526957194,0.81907958984375,3,0.0071798104056398,0.7293108622233073,59.96002664890073
part_005.mp4,3543,0,7,0.0246445392293497,0.7867509841918945,0.818592608416522,4,0.0072386612966268,0.7294190088907878,59.96002664890073
part_005.mp4,3544,0,6,0.0240957827014952,0.7841194152832032,0.8190487331814236,4,0.0073069597769817,0.7298774083455404,59.96002664890073
part_005.mp4,3545,0,6,0.0241069888925024,0.7836942672729492,0.8176425509982639,3,0.0073285900165016,0.7301174163818359,59.96002664890073
part_005.mp4,3546,0,6,0.0236033663780997,0.7819557189941406,0.8152118259006076,4,0.0073800997153703,0.7303701400756836,59.96002664890073
part_005.mp4,3547,0,6,0.0234321301997665,0.7817888259887695,0.8152071917498553,4,0.0075765322571775,0.7309364318847656,59.96002664890073
part_005.mp4,3548,0,5,0.023445384189771,0.7808878580729167,0.8149207221137152,3,0.0075276325210062,0.7309429168701171,59.96002664890073
part_005.mp4,3549,0,7,0.0224822579234993,0.7813262939453125,0.8220560709635417,3,0.0076396058009575,0.731687863667806,59.96002664890073
part_005.mp4,3550,0,7,0.0220419259829213,0.7796127319335937,0.8229782669632523,4,0.0077402961427449,0.7318611145019531,59.96002664890073
part_005.mp4,3551,0,7,0.0219403210753376,0.7775551478068033,0.8185376202618634,3,0.0078016994676242,0.7325038909912109,59.96002664890073
part_005.mp4,3552,0,7,0.0225055980064293,0.7764562606811524,0.8105871695059317,3,0.0078680849643812,0.7325603485107421,59.96002664890073
part_005.mp4,3553,0,6,0.0225826653569971,0.7749845504760742,0.8072943793402778,3,0.007869316148586,0.732136344909668,59.96002664890073
part_005.mp4,3554,0,6,0.0219946710158169,0.7732842127482097,0.8112507572880497,3,0.0081325375979455,0.7332345326741536,59.96002664890073
part_005.mp4,3555,0,8,0.0209352887544944,0.7710522333780925,0.8041448522497107,4,0.0084616938970672,0.7351886749267578,59.96002664890073
part_005.mp4,3556,0,8,0.0201932479996941,0.7697109858194987,0.803431080005787,4,0.0087917667769943,0.7356018702189128,59.96002664890073
part_005.mp4,3557,0,8,0.0181703600524795,0.7647169748942058,0.7883032339590567,5,0.0087864777700613,0.7357866287231445,59.96002664890073
part_005.mp4,3558,0,7,0.0179825111885589,0.7642654418945313,0.7873756691261574,5,0.0087425060628447,0.7357514063517253,59.96002664890073
part_005.mp4,3559,0,7,0.0180944034690827,0.7658801396687825,0.7828232941804109,5,0.0087751206009502,0.7358749389648438,59.96002664890073
part_005.mp4,3560,0,6,0.0178531134019269,0.765406608581543,0.7807661268446181,4,0.0088703676021476,0.736361312866211,59.96002664890073
part_005.mp4,3561,0,7,0.018178917674781,0.7653366088867187,0.7743877834743924,5,0.0089769168223008,0.7366373062133789,59.96002664890073
part_005.mp4,3562,0,7,0.017320333905518,0.764228630065918,0.7727186414930556,5,0.0091808505202169,0.7369610468546549,59.96002664890073
part_005.mp4,3563,0,7,0.0172746839034112,0.8528429667154948,0.915414089626736,5,0.0092802520818077,0.7371334075927735,59.96002664890073
part_005.mp4,3564,0,7,0.0182875775645866,0.8505423227945964,0.9099160653573496,5,0.0094309108034293,0.7375862121582031,59.96002664890073
part_005.mp4,3565,0,8,0.0186233907058421,0.8475058237711589,0.9052081637912326,6,0.0094567970884963,0.7377903620402019,59.96002664890073
part_005.mp4,3566,0,8,0.0187005617430744,0.8443669001261394,0.9030126501012732,6,0.0094568539726121,0.7381880442301433,59.96002664890073
part_005.mp4,3567,0,7,0.0188721048096259,0.8410272598266602,0.9002430668583623,5,0.0094802869014717,0.738361930847168,59.96002664890073
part_005.mp4,3568,0,7,0.0192385469791608,0.8404558181762696,0.8985436333550347,4,0.0094462900956407,0.7386220932006836,59.96002664890073
part_005.mp4,3569,0,7,0.0194918594216708,0.8393522898356119,0.89482992666739,4,0.0094664598803501,0.7387339274088541,59.96002664890073
part_005.mp4,3570,0,7,0.0202871179486801,0.8396997451782227,0.8923057838722511,5,0.009499032400598,0.7392679214477539,59.96002664890073
part_005.mp4,3571,0,7,0.0207666712878077,0.8383956909179687,0.8900975545247396,5,0.0097028212154853,0.738967768351237,59.96002664890073
part_005.mp4,3572,0,7,0.0212486812384169,0.8385078430175781,0.8870429710105613,5,0.0097626861905963,0.7391609191894531,59.96002664890073
part_005.mp4,3573,0,7,0.0213144139920068,0.8387947082519531,0.887320398401331,5,0.010126234255343,0.7412647883097331,59.96002664890073
part_005.mp4,3574,0,5,0.0219404499319002,0.8385765075683593,0.8839379204644098,3,0.0102021397785987,0.741131591796875,59.96002664890073
part_005.mp4,3575,0,6,0.0224433095723011,0.8382091522216797,0.881793212890625,4,0.0103410818387702,0.741405169169108,59.96002664890073
part_005.mp4,3576,0,7,0.0227064559926145,0.8376747131347656,0.8804859867802373,5,0.0103359500223046,0.7400075912475585,59.96002664890073
part_005.mp4,3577,0,6,0.0227343924125307,0.8377386728922526,0.8783888640227141,4,0.0104058090144018,0.7403019587198894,59.96002664890073
part_005.mp4,3578,0,6,0.022754528272759,0.8368242263793946,0.8772433810763889,4,0.0103081416789791,0.7397999445597331,59.96002664890073
part_005.mp4,3579,0,7,0.0225485189010699,0.8356772104899088,0.8763197157118056,5,0.0104462130308254,0.7403978983561198,59.96002664890073
part_005.mp4,3580,0,6,0.024268287813523,0.8367128372192383,0.8684722335250289,3,0.0106212436464071,0.7413705825805664,59.96002664890073
part_005.mp4,3581,0,8,0.024580751585312,0.8370708465576172,0.8672774138274016,5,0.0105840985237888,0.741305414835612,59.96002664890073
part_005.mp4,3582,0,9,0.0252053761182792,0.8368471145629883,0.8631025526258681,6,0.0108393228942432,0.7422152201334635,59.96002664890073
part_005.mp4,3583,0,8,0.0255400819389615,0.8360431671142579,0.8613823784722222,5,0.0108774353773333,0.7423856735229493,59.96002664890073
part_005.mp4,3584,0,6,0.0259542681634775,0.8358612060546875,0.8604995727539062,4,0.0108968162650449,0.7425096511840821,59.96002664890073
part_005.mp4,3585,0,6,0.0267535866503776,0.8357348124186198,0.8580401385271991,4,0.0108644749296622,0.7423988342285156,59.96002664890073
part_005.mp4,3586,0,7,0.0265830625442106,0.8347219467163086,0.85720785635489,5,0.0109245332564266,0.7425354639689128,59.96002664890073
part_005.mp4,3587,0,7,0.0263091654124393,0.8328485488891602,0.8580372563114873,4,0.011125912745688,0.742885971069336,59.96002664890073
part_005.mp4,3588,0,8,0.0266434924835468,0.83367919921875,0.85681802255136,5,0.0112300281676774,0.7430419286092123,59.96002664890073
part_005.mp4,3589,0,8,0.0265576681578143,0.8323782602945964,0.8556242201063368,5,0.0113381202641391,0.7429439544677734,59.96002664890073
part_005.mp4,3590,0,7,0.0268413542792844,0.8318317413330079,0.8540642067238137,4,0.0115112068383799,0.7432371775309244,59.96002664890073
part_005.mp4,3591,0,6,0.0273918193175254,0.835275141398112,0.8538549917715567,3,0.0117285237884304,0.7440617243448894,59.96002664890073
part_005.mp4,3592,0,6,0.0293159920966718,0.842526626586914,0.8504364013671875,3,0.011999647431787,0.7451604843139649,59.96002664890073
part_005.mp4,3593,0,7,0.0295248559948608,0.8440291086832682,0.8495937771267361,4,0.0122223747160104,0.7457897822062175,59.96002664890073
part_005.mp4,3594,0,7,0.0309972387883398,0.8494906107584635,0.8473741319444444,4,0.0124681488530606,0.7464712142944336,59.96002664890073
part_005.mp4,3595,0,7,0.0312184334704135,0.8517200469970703,0.8481760660807292,4,0.0126238140604497,0.7468528747558594,59.96002664890073
part_005.mp4,3596,0,7,0.0317078378226357,0.8500393549601237,0.8454159206814236,4,0.0129476904931814,0.7478021621704102,59.96002664890073
part_005.mp4,3597,0,7,0.0318799192898829,0.848927370707194,0.843028089735243,3,0.0129498348464825,0.7477920532226563,59.96002664890073
part_005.mp4,3598,0,6,0.0313191651445231,0.8454074859619141,0.8438308715820313,2,0.0131620471800367,0.7480549494425456,59.96002664890073
part_005.mp4,3599,0,6,0.0313135059983836,0.8439175287882487,0.8408541644061053,2,0.0134271354520266,0.748780886332194,59.96002664890073
part_005.mp4,3600,0,4,0.031184951671813,0.841280174255371,0.8390590526439525,2,0.0138194183003441,0.7501169204711914,59.96002664890073
part_005.mp4,3601,0,5,0.0314016088520616,0.8413260142008464,0.8354529486762152,2,0.0139417854844833,0.7504570007324218,59.96002664890073
part_005.mp4,3602,0,5,0.0310404157231527,0.8376619338989257,0.8372490776909722,2,0.014085949214738,0.7509722391764323,59.96002664890073
part_005.mp4,3603,0,5,0.0305690522070249,0.8343800226847331,0.83670654296875,2,0.014068501968965,0.7507600784301758,59.96002664890073
part_005.mp4,3604,0,5,0.0300364011789982,0.8324047724405924,0.835101318359375,2,0.0141917703969132,0.7511245727539062,59.96002664890073
part_005.mp4,3605,0,6,0.0298307371392442,0.8305099487304688,0.8352274011682581,2,0.0140769967777089,0.7512823104858398,59.96002664890073
part_005.mp4,3606,0,6,0.0294420487032362,0.8266491572062175,0.8364362363462094,3,0.0142359139941622,0.7517797470092773,59.96002664890073
part_005.mp4,3607,0,7,0.0284857388155715,0.824922752380371,0.8346513536241319,3,0.0145385209921126,0.7524645487467448,59.96002664890073
part_005.mp4,3608,0,6,0.0276829637830141,0.821171760559082,0.8335994579173901,3,0.0147203531991014,0.7529937744140625,59.96002664890073
part_005.mp4,3609,0,5,0.027575651065782,0.8183963775634766,0.8339093808774595,2,0.0148520320376351,0.7535316467285156,59.96002664890073
part_005.mp4,3610,0,6,0.027646526235104,0.8174019495646159,0.8305659541377315,3,0.0151670889437405,0.7534467697143554,59.96002664890073
part_005.mp4,3611,0,5,0.0270875907567204,0.8147928873697917,0.8299186989113136,2,0.0154086204862795,0.7539623260498047,59.96002664890073
part_005.mp4,3612,0,5,0.026604647166031,0.8129083633422851,0.8287485758463542,2,0.0156272085895761,0.7546316782633463,59.96002664890073
part_005.mp4,3613,0,6,0.0263714940867955,0.811194101969401,0.8286172937463832,2,0.0160842508361329,0.7552497227986653,59.96002664890073
part_005.mp4,3614,0,9,0.0268939972089109,0.8125381469726562,0.8284441347475405,3,0.0164025296912425,0.7559491475423177,59.96002664890073
part_005.mp4,3615,0,10,0.0264891193407755,0.8120562235514323,0.829031315556279,4,0.0164779805261221,0.7570346832275391,59.96002664890073
part_005.mp4,3616,0,11,0.0271200170136526,0.8123109817504883,0.8268022890444156,5,0.0167108837616979,0.7567190806070964,59.96002664890073
part_005.mp4,3617,0,9,0.0263457424135413,0.8082576751708984,0.8257358127170139,4,0.0169253432457723,0.7577723821004232,59.96002664890073
part_005.mp4,3618,0,9,0.0253306326037165,0.8018045425415039,0.8254377011899595,4,0.0170689527238546,0.7586406707763672,59.96002664890073
part_005.mp4,3619,0,12,0.0233964213717802,0.7974035898844402,0.8149603384512442,4,0.0175584291211432,0.7591494242350261,59.96002664890073
part_005.mp4,3620,0,10,0.0218974824319018,0.7945152282714844,0.80626299822772,4,0.0179415675468044,0.7597891489664713,59.96002664890073
part_005.mp4,3621,0,10,0.020996539316314,0.7909036636352539,0.8030710290979456,4,0.0185716103512742,0.7612708409627279,59.96002664890073
part_005.mp4,3622,0,11,0.0196070964966202,0.7892979303995769,0.793354062680845,4,0.018361115373533,0.7618157068888346,59.96002664890073
part_005.mp4,3623,0,9,0.0188664713519931,0.7625401178995769,0.1135992827238859,4,0.0188664713519931,0.7625401178995769,59.96002664890073
part_005.mp4,3624,0,9,0.0191515549756284,0.7629700342814127,0.1113735340259693,4,0.0191515549756284,0.7629700342814127,59.96002664890073
part_005.mp4,3625,0,10,0.0192964425417152,0.7638866424560546,0.1062317177101417,4,0.0192964425417152,0.7638866424560546,59.96002664890073
part_005.mp4,3626,0,10,0.0197814486828851,0.7646039962768555,0.105215906213831,4,0.0197814486828851,0.7646039962768555,59.96002664890073
part_005.mp4,3627,0,11,0.0200452468243505,0.7652802149454753,0.1037105984157986,4,0.0200452468243505,0.7652802149454753,59.96002664890073
part_005.mp4,3628,0,11,0.0204799837691933,0.7661724090576172,0.1008700900607638,4,0.0204799837691933,0.7661724090576172,59.96002664890073
part_005.mp4,3629,0,11,0.0208649936761907,0.7667286554972331,0.0994158426920572,4,0.0208649936761907,0.7667286554972331,59.96002664890073
part_005.mp4,3630,0,12,0.0208839468740215,0.7673299789428711,0.0966544257269965,5,0.0208839468740215,0.7673299789428711,59.96002664890073
part_005.mp4,3631,0,11,0.020941600639414,0.7677313486735026,0.0953312061451099,5,0.020941600639414,0.7677313486735026,59.96002664890073
part_005.mp4,3632,0,9,0.0213845352382243,0.7681526819864909,0.0921400282118055,5,0.0213845352382243,0.7681526819864909,59.96002664890073
part_005.mp4,3633,0,10,0.0214569251463722,0.7685085296630859,0.089898681640625,5,0.0214569251463722,0.7685085296630859,59.96002664890073
part_005.mp4,3634,0,10,0.0219385860401477,0.7691165288289388,0.0858532375759548,5,0.0219385860401477,0.7691165288289388,59.96002664890073
part_005.mp4,3635,0,8,0.0221470994781702,0.7699413935343424,0.0844918145073784,4,0.0221470994781702,0.7699413935343424,59.96002664890073
part_005.mp4,3636,0,9,0.0227092622049881,0.7711401621500651,0.0809873510290075,4,0.0227092622049881,0.7711401621500651,59.96002664890073
part_005.mp4,3637,0,7,0.0232701999447121,0.7723262151082356,0.0775658218948929,4,0.0232701999447121,0.7723262151082356,59.96002664890073
part_005.mp4,3638,0,9,0.0239141538832103,0.7734379450480143,0.0721893027976707,5,0.0239141538832103,0.7734379450480143,59.96002664890073
part_005.mp4,3639,0,7,0.0243720249856899,0.7750685373942058,0.070717536078559,4,0.0243720249856899,0.7750685373942058,59.96002664890073
part_005.mp4,3640,0,8,0.0247451820711527,0.7757976531982422,0.0690394083658854,5,0.0247451820711527,0.7757976531982422,59.96002664890073
part_005.mp4,3641,0,8,0.0249758844901441,0.7763654708862304,0.0669043364348234,5,0.0249758844901441,0.7763654708862304,59.96002664890073
part_005.mp4,3642,0,8,0.0254055687845943,0.7768049875895182,0.0648596021864149,5,0.0254055687845943,0.7768049875895182,59.96002664890073
part_005.mp4,3643,0,8,0.0259011076464634,0.7777435302734375,0.0609450446234809,4,0.0259011076464634,0.7777435302734375,59.96002664890073
part_005.mp4,3644,0,6,0.0264136453718108,0.7787109375,0.0582688790780526,3,0.0264136453718108,0.7787109375,59.96002664890073
part_005.mp4,3645,0,7,0.0266845733767291,0.7795777002970378,0.0550647029170283,4,0.0266845733767291,0.7795777002970378,59.96002664890073
part_005.mp4,3646,0,6,0.0273217359972315,0.7805624008178711,0.052189466688368,4,0.0273217359972315,0.7805624008178711,59.96002664890073
part_005.mp4,3647,0,6,0.0278018449739708,0.781429672241211,0.0487655639648437,3,0.0278018449739708,0.781429672241211,59.96002664890073
part_005.mp4,3648,0,6,0.0282621547851616,0.7823814392089844,0.0466431229202835,3,0.0282621547851616,0.7823814392089844,59.96002664890073
part_005.mp4,3649,0,8,0.0288848938712764,0.7833940505981445,0.0456932633011429,4,0.0288848938712764,0.7833940505981445,59.96002664890073
part_005.mp4,3650,0,7,0.0294973984007568,0.7852535247802734,0.0436682807074652,3,0.0294973984007568,0.7852535247802734,59.96002664890073
part_005.mp4,3651,0,6,0.0296865361939988,0.786199951171875,0.0387062637894241,2,0.0296865361939988,0.786199951171875,59.96002664890073
part_005.mp4,3652,0,6,0.0302451418814921,0.7878278732299805,0.0319467897768373,2,0.0302451418814921,0.7878278732299805,59.96002664890073
part_005.mp4,3653,0,7,0.0311178099364042,0.7885775248209635,0.0303585476345486,3,0.0311178099364042,0.7885775248209635,59.96002664890073
part_005.mp4,3654,0,5,0.0319352564900731,0.7891185760498047,0.0280559681080005,2,0.0319352564900731,0.7891185760498047,59.96002664890073
part_005.mp4,3655,0,6,0.0325656858420256,0.7900344848632812,0.0265756960268373,2,0.0325656858420256,0.7900344848632812,59.96002664890073
part_005.mp4,3656,0,6,0.0333106708567464,0.7908018747965495,0.0237838462547019,3,0.0333106708567464,0.7908018747965495,59.96002664890073
part_005.mp4,3657,0,7,0.0336043723885984,0.7916498819986979,0.0228905289261429,3,0.0336043723885984,0.7916498819986979,59.96002664890073
part_005.mp4,3658,0,7,0.0342387850976794,0.7924498240152995,0.0200119018554687,3,0.0342387850976794,0.7924498240152995,59.96002664890073
part_005.mp4,3659,0,6,0.0349410188873514,0.7936669667561849,0.0166912220142505,3,0.0349410188873514,0.7936669667561849,59.96002664890073
part_005.mp4,3660,1,6,0.036009836986454,0.7961267471313477,0.0126271565755208,3,0.036009836986454,0.7961267471313477,59.96002664890073
part_005.mp4,3661,1,7,0.0364872541552392,0.797355842590332,0.0092497649016203,4,0.0364872541552392,0.797355842590332,59.96002664890073
part_005.mp4,3662,1,10,0.0373705691390546,0.79866943359375,0.0044852080168547,5,0.0373705691390546,0.79866943359375,59.96002664890073
part_005.mp4,3663,1,11,0.0383985267890445,0.8004547119140625,0.0014274032027633,5,0.0383985267890445,0.8004547119140625,59.96002664890073
part_005.mp4,3664,1,12,0.0386685250097573,0.8011913299560547,0.0056730764883535,5,0.0386685250097573,0.8011913299560547,59.96002664890073
part_005.mp4,3665,1,11,0.0395313207914026,0.8028352737426758,0.0082963166413483,4,0.0395313207914026,0.8028352737426758,59.96002664890073
part_005.mp4,3666,1,12,0.0401170633144997,0.8035390853881836,0.0116682547110098,5,0.0401170633144997,0.8035390853881836,59.96002664890073
part_005.mp4,3667,1,12,0.0412338157378447,0.8050954818725586,0.0178315904405381,6,0.0412338157378447,0.8050954818725586,59.96002664890073
part_005.mp4,3668,1,10,0.0423636055812325,0.8073467254638672,0.0218597412109375,5,0.0423636055812325,0.8073467254638672,59.96002664890073
part_005.mp4,3669,1,11,0.0435119968823791,0.8089741388956706,0.0288292213722511,6,0.0435119968823791,0.8089741388956706,59.96002664890073
