video,frame,risk_label,count_total,area_frac,bottom_y_norm,center_x_dist,count_in_roi_all,max_area_in_roi_all,max_bottom_y_in_roi_all,fps
part_001.mp4,0,0,11,0.0129924189470087,0.6579720815022786,0.8201462639702691,10,0.0066187008255575,0.6391233444213867,59.96002664890073
part_001.mp4,1,0,11,0.0132855275673985,0.6571130752563477,0.8165069650720667,10,0.0066424074538021,0.6393511454264323,59.96002664890073
part_001.mp4,2,0,11,0.0134157561923428,0.6575770060221354,0.816568296926993,10,0.0064188220436631,0.6388186772664388,59.96002664890073
part_001.mp4,3,0,12,0.013457368171528,0.657310676574707,0.8147901323106553,11,0.0064899602024039,0.6383277893066406,59.96002664890073
part_001.mp4,4,0,12,0.0140466341232537,0.6583788553873698,0.8072023603651258,11,0.0064569610764738,0.6377996444702149,59.96002664890073
part_001.mp4,5,0,12,0.0143664823730392,0.6598679224650065,0.8054440392388238,11,0.00601642536094,0.6369482040405273,59.96002664890073
part_001.mp4,6,0,11,0.0146099689192366,0.6599032084147135,0.8029946715743453,10,0.0059720469122273,0.6368936538696289,59.96002664890073
part_001.mp4,7,0,12,0.0152443566855193,0.6595307032267252,0.796155145433214,11,0.0059577647686334,0.6368633270263672,59.96002664890073
part_001.mp4,8,0,12,0.0156512885783579,0.6597240447998047,0.789196162753635,11,0.0061363060961593,0.6373470306396485,59.96002664890073
part_001.mp4,9,0,10,0.0156943476936309,0.6591028849283854,0.7864743762546116,9,0.0057483839072638,0.6354429244995117,59.96002664890073
part_001.mp4,10,0,9,0.0156422820302436,0.659190559387207,0.7862303204006619,8,0.0057429146719126,0.6354629516601562,59.96002664890073
part_001.mp4,11,0,9,0.0157788097236083,0.6590831756591797,0.785172575491446,8,0.0057104450421293,0.6353265762329101,59.96002664890073
part_001.mp4,12,0,11,0.0155340050103202,0.6570816040039062,0.7844814795034903,9,0.0055161731785887,0.6339549382527669,59.96002664890073
part_001.mp4,13,0,9,0.0159490618912726,0.6575918833414713,0.7821469271624529,8,0.0054420516682148,0.6336645126342774,59.96002664890073
part_001.mp4,14,0,9,0.0162765079998212,0.6578558603922526,0.7799712569625289,8,0.0056993512723905,0.6346794764200846,59.96002664890073
part_001.mp4,15,0,10,0.0167581341590105,0.6578484853108724,0.7735877143012153,9,0.0054316371173222,0.6347256342569987,59.96002664890073
part_001.mp4,16,0,9,0.0169872555752873,0.6580856959025065,0.7712259504530165,8,0.0052648167195244,0.6342133204142253,59.96002664890073
part_001.mp4,17,0,9,0.0172943072918011,0.6578877766927084,0.7659585105048285,8,0.004991269674469,0.633637809753418,59.96002664890073
part_001.mp4,18,0,9,0.0176695984654361,0.6572774887084961,0.7597686414365415,8,0.0050185507992136,0.6324246088663737,59.96002664890073
part_001.mp4,19,0,10,0.0176651309802899,0.6572717030843099,0.7593859566582574,8,0.0050359082941388,0.6324439366658529,59.96002664890073
part_001.mp4,20,0,8,0.0173725749164845,0.6565775553385417,0.7609945933024088,7,0.0049545773470729,0.6334290822347005,59.96002664890073
part_001.mp4,21,0,8,0.017751751807874,0.655764389038086,0.7517506917317708,7,0.0048319617641355,0.632322883605957,59.96002664890073
part_001.mp4,22,0,9,0.0177488143115058,0.6556378046671549,0.7516244888305664,8,0.0048742979370123,0.6321500778198242,59.96002664890073
part_001.mp4,23,0,9,0.0179084398507742,0.655270767211914,0.748161506652832,8,0.0047837813039815,0.6321151733398438,59.96002664890073
part_001.mp4,24,0,8,0.0183218025348994,0.6562883377075195,0.7463803679854781,7,0.0048155713805075,0.6322462081909179,59.96002664890073
part_001.mp4,25,0,8,0.0183643372357053,0.6562065124511719,0.7451474931504991,7,0.0048126864609205,0.6322519302368164,59.96002664890073
part_001.mp4,26,0,9,0.0179844929502535,0.6550345738728841,0.7437614158347801,8,0.0047844047094393,0.6318941752115885,59.96002664890073
part_001.mp4,27,0,10,0.0179595405000482,0.6541288375854493,0.7411870815135815,9,0.0047658109273488,0.6321859359741211,59.96002664890073
part_001.mp4,28,0,12,0.0156605691232269,0.6519781748453776,0.7093028174506293,10,0.0047069441273924,0.6322462081909179,59.96002664890073
part_001.mp4,29,0,11,0.0176405933224942,0.6525192260742188,0.7344604986685294,9,0.0047439054764388,0.6310616175333659,59.96002664890073
part_001.mp4,30,0,8,0.0180847069256156,0.6526816050211589,0.733206953825774,7,0.0046459805433057,0.6309446334838867,59.96002664890073
part_001.mp4,31,0,8,0.0180137484825751,0.6517599105834961,0.7325838936699761,7,0.0045880828929592,0.6311346054077148,59.96002664890073
part_001.mp4,32,0,10,0.0188175904081031,0.6525103251139323,0.7255165735880534,9,0.0043439462651817,0.6307149887084961,59.96002664890073
part_001.mp4,33,0,10,0.0181940418565756,0.6511085510253907,0.7238107116134078,8,0.0043668971779859,0.630390739440918,59.96002664890073
part_001.mp4,34,0,9,0.0178090646902031,0.6508711496988933,0.723013178507487,8,0.0042279126475612,0.629078737894694,59.96002664890073
part_001.mp4,35,0,7,0.0166797508047925,0.64984556833903,0.7229325400458442,6,0.0045370970948715,0.6308818817138672,59.96002664890073
part_001.mp4,36,0,8,0.0159128425238547,0.6492468516031901,0.7223531440452293,7,0.004499960283628,0.6306780497233073,59.96002664890073
part_001.mp4,37,0,8,0.0163927190806673,0.6490289052327474,0.7070942066333912,7,0.0046084237113569,0.6303263346354167,59.96002664890073
part_001.mp4,38,0,8,0.0168927752371827,0.6486422220865885,0.6864907370673285,7,0.0042662626998369,0.6287842432657877,59.96002664890073
part_001.mp4,39,0,10,0.0168414123114942,0.6485160827636719,0.6796868006388347,9,0.0044699838488789,0.6281988779703777,59.96002664890073
part_001.mp4,40,0,8,0.0168366165049968,0.6487890243530273,0.672804140161585,7,0.0045229712082396,0.6277103424072266,59.96002664890073
part_001.mp4,41,0,8,0.0161473921729702,0.6485337575276693,0.6682138125101725,7,0.0045269231536327,0.6271290461222331,59.96002664890073
part_001.mp4,42,0,6,0.0163052167124988,0.6474508285522461,0.6558021545410156,5,0.0045534524828717,0.6265614827473959,59.96002664890073
part_001.mp4,43,0,7,0.0158589203366554,0.6464414596557617,0.6511397714968081,5,0.0046450244136051,0.6267314910888672,59.96002664890073
part_001.mp4,44,0,7,0.0158100850533594,0.6467126846313477,0.6454229284215857,6,0.0045619967160746,0.6265974680582682,59.96002664890073
part_001.mp4,45,0,6,0.0156624889935779,0.6462167104085287,0.6415656231067799,5,0.0046604800048387,0.6259565989176432,59.96002664890073
part_001.mp4,46,0,7,0.0148943607299588,0.6449839274088541,0.6333295610215929,6,0.0047535638095319,0.626075553894043,59.96002664890073
part_001.mp4,47,0,7,0.0147047386717679,0.6441347757975261,0.6283827251858182,6,0.0048527485589902,0.6256755828857422,59.96002664890073
part_001.mp4,48,0,7,0.0148437946980616,0.6445774714152018,0.6184830277054398,6,0.0048921932962171,0.6255058288574219,59.96002664890073
part_001.mp4,49,0,8,0.0144423541562961,0.6438902537027995,0.6144169277615017,7,0.0048937440340703,0.6254878997802734,59.96002664890073
part_001.mp4,50,0,9,0.0142998609322706,0.6436330159505208,0.6127708152488426,8,0.004952493214453,0.6249893188476563,59.96002664890073
part_001.mp4,51,0,11,0.0142361169656699,0.6432062149047851,0.6049193558869539,10,0.0050775056099519,0.6248528162638346,59.96002664890073
part_001.mp4,52,0,10,0.014411601241146,0.6441996256510417,0.5969031016031902,10,0.014411601241146,0.6441996256510417,59.96002664890073
part_001.mp4,53,0,9,0.0140707441556151,0.6431770960489909,0.5917750888400608,9,0.0140707441556151,0.6431770960489909,59.96002664890073
part_001.mp4,54,0,10,0.0136188374602244,0.6421283721923828,0.5870923360188802,10,0.0136188374602244,0.6421283721923828,59.96002664890073
part_001.mp4,55,0,10,0.0133387627400817,0.6422032038370769,0.5850656862612124,10,0.0133387627400817,0.6422032038370769,59.96002664890073
part_001.mp4,56,0,10,0.0135644144460524,0.6425024668375651,0.5836006164550781,10,0.0135644144460524,0.6425024668375651,59.96002664890073
part_001.mp4,57,0,9,0.0136262605892261,0.6419122695922852,0.5731823391384548,9,0.0136262605892261,0.6419122695922852,59.96002664890073
part_001.mp4,58,0,9,0.0134795665784784,0.6416858673095703,0.5724277496337891,9,0.0134795665784784,0.6416858673095703,59.96002664890073
part_001.mp4,59,0,10,0.0131062545744022,0.6414373397827149,0.5719704239456742,10,0.0131062545744022,0.6414373397827149,59.96002664890073
part_001.mp4,60,0,11,0.0127846725765154,0.6409826278686523,0.5650464870311596,11,0.0127846725765154,0.6409826278686523,59.96002664890073
part_001.mp4,61,0,10,0.0121104255670312,0.6399715423583985,0.5611126087330006,10,0.0121104255670312,0.6399715423583985,59.96002664890073
part_001.mp4,62,0,10,0.0118751195594894,0.6376482645670573,0.5551957589608651,10,0.0118751195594894,0.6376482645670573,59.96002664890073
part_001.mp4,63,0,7,0.0118393404124601,0.6393446604410807,0.5577812336109302,7,0.0118393404124601,0.6393446604410807,59.96002664890073
part_001.mp4,64,0,7,0.0114228019844907,0.6388741811116536,0.5517810538963035,7,0.0114228019844907,0.6388741811116536,59.96002664890073
part_001.mp4,65,0,7,0.011769506482761,0.6392328262329101,0.5453896416558159,7,0.011769506482761,0.6392328262329101,59.96002664890073
part_001.mp4,66,0,7,0.0123389079865511,0.6375831604003906,0.5276085323757596,7,0.0123389079865511,0.6375831604003906,59.96002664890073
part_001.mp4,67,0,7,0.0120886233162596,0.6387261072794597,0.5269371597855179,7,0.0120886233162596,0.6387261072794597,59.96002664890073
part_001.mp4,68,0,9,0.011461949882796,0.6386966705322266,0.5332700658727575,9,0.011461949882796,0.6386966705322266,59.96002664890073
part_001.mp4,69,0,7,0.0114730146754219,0.6387898127237955,0.533242925008138,7,0.0114730146754219,0.6387898127237955,59.96002664890073
part_001.mp4,70,0,8,0.0114027931429316,0.6389868418375652,0.5316895378960503,8,0.0114027931429316,0.6389868418375652,59.96002664890073
part_001.mp4,71,0,8,0.0118334738367429,0.6384997049967448,0.5138650399667245,8,0.0118334738367429,0.6384997049967448,59.96002664890073
part_001.mp4,72,0,8,0.0113505061433049,0.6371603012084961,0.506978776719835,8,0.0113505061433049,0.6371603012084961,59.96002664890073
part_001.mp4,73,0,8,0.0115540839415916,0.6378728866577148,0.5029779222276476,8,0.0115540839415916,0.6378728866577148,59.96002664890073
part_001.mp4,74,0,8,0.0113206528482098,0.6369119644165039,0.5061832851833767,8,0.0113206528482098,0.6369119644165039,59.96002664890073
part_001.mp4,75,0,8,0.0112655200221342,0.6375382105509441,0.5089701758490668,8,0.0112655200221342,0.6375382105509441,59.96002664890073
part_001.mp4,76,0,8,0.011128979652179,0.6373255411783855,0.5033617655436198,8,0.011128979652179,0.6373255411783855,59.96002664890073
part_001.mp4,77,0,8,0.0114887061892767,0.6373231887817383,0.4968672434488932,8,0.0114887061892767,0.6373231887817383,59.96002664890073
part_001.mp4,78,0,8,0.0115568497049362,0.6370622634887695,0.488783871686017,8,0.0115568497049362,0.6370622634887695,59.96002664890073
part_001.mp4,79,0,8,0.0108738794135893,0.6356774012247721,0.4775578392876519,8,0.0108738794135893,0.6356774012247721,59.96002664890073
part_001.mp4,80,0,8,0.0110726570425322,0.6360024134318034,0.4691852145724826,8,0.0110726570425322,0.6360024134318034,59.96002664890073
part_001.mp4,81,0,8,0.0107931301386431,0.6352561950683594,0.4629388597276476,8,0.0107931301386431,0.6352561950683594,59.96002664890073
part_001.mp4,82,0,8,0.0109874346757876,0.636102294921875,0.4642018636067708,8,0.0109874346757876,0.636102294921875,59.96002664890073
part_001.mp4,83,0,8,0.0108290529046078,0.6358980814615885,0.4597302754720052,8,0.0108290529046078,0.6358980814615885,59.96002664890073
part_001.mp4,84,0,9,0.0105343142294953,0.634975814819336,0.4565556985360605,8,0.0105343142294953,0.634975814819336,59.96002664890073
part_001.mp4,85,0,9,0.0101795648696672,0.634197998046875,0.4511326260036892,8,0.0101795648696672,0.634197998046875,59.96002664890073
part_001.mp4,86,0,9,0.0099177811294794,0.6341437021891276,0.447713385687934,8,0.0099177811294794,0.6341437021891276,59.96002664890073
part_001.mp4,87,0,9,0.0097398482350291,0.6337440490722657,0.4445973007767289,8,0.0097398482350291,0.6337440490722657,59.96002664890073
part_001.mp4,88,0,7,0.0097562907985896,0.6337839762369791,0.4378439161512586,6,0.0097562907985896,0.6337839762369791,59.96002664890073
part_001.mp4,89,0,8,0.0096482889423108,0.6331762313842774,0.4286796569824219,7,0.0096482889423108,0.6331762313842774,59.96002664890073
part_001.mp4,90,0,8,0.0095544584242964,0.6328177134195964,0.4270850428828486,7,0.0095544584242964,0.6328177134195964,59.96002664890073
part_001.mp4,91,0,8,0.0093482961382445,0.6323122024536133,0.4253992292616102,7,0.0093482961382445,0.6323122024536133,59.96002664890073
part_001.mp4,92,0,8,0.0094456091703775,0.6326161066691081,0.4255472395155165,7,0.0094456091703775,0.6326161066691081,59.96002664890073
part_001.mp4,93,0,8,0.009426859109746,0.6324514389038086,0.4214828067355686,7,0.009426859109746,0.6324514389038086,59.96002664890073
part_001.mp4,94,0,9,0.0092056539680997,0.632236925760905,0.4168669524016203,8,0.0092056539680997,0.632236925760905,59.96002664890073
part_001.mp4,95,0,10,0.008756858488562,0.6298791249593099,0.4085870672155309,9,0.008756858488562,0.6300469080607096,59.96002664890073
part_001.mp4,96,0,10,0.0086484005916982,0.6300605138142904,0.4106377636944806,9,0.0086484005916982,0.6301525751749675,59.96002664890073
part_001.mp4,97,0,9,0.0089849370890505,0.6317678451538086,0.4080282140661169,8,0.0089849370890505,0.6317678451538086,59.96002664890073
part_001.mp4,98,0,11,0.0123643486996189,0.6313461303710938,0.3326226128472222,10,0.0123643486996189,0.6313461303710938,59.96002664890073
part_001.mp4,99,0,11,0.0116567388911484,0.6305004755655924,0.3295681282326027,10,0.0116567388911484,0.6317733764648438,59.96002664890073
part_001.mp4,100,0,10,0.0119053652474718,0.6307455062866211,0.3225258579960576,9,0.0119053652474718,0.6318662643432618,59.96002664890073
part_001.mp4,101,0,9,0.0118645011088773,0.6306037902832031,0.3227972383852358,8,0.0118645011088773,0.6318458557128906,59.96002664890073
part_001.mp4,102,0,10,0.0116085138729034,0.6303483327229817,0.3261341660111039,9,0.0116085138729034,0.632225227355957,59.96002664890073
part_001.mp4,103,0,8,0.0098197345479005,0.632536506652832,0.0111599109790943,7,0.0098197345479005,0.632536506652832,59.96002664890073
part_001.mp4,104,0,9,0.0097431178799996,0.6326686859130859,0.0056257177282262,8,0.0097431178799996,0.6326686859130859,59.96002664890073
part_001.mp4,105,0,10,0.0098570758799959,0.6300376892089844,0.3486517164442274,9,0.0098570758799959,0.6328793207804362,59.96002664890073
part_001.mp4,106,0,9,0.0099109355033282,0.6291929244995117,0.3345772495976201,8,0.0099109355033282,0.6340437571207682,59.96002664890073
part_001.mp4,107,0,9,0.0098813311714534,0.6344760894775391,0.0113423947934751,8,0.0098813311714534,0.6344760894775391,59.96002664890073
part_001.mp4,108,0,9,0.0099460818045513,0.6346494674682617,0.014350523772063,8,0.0099460818045513,0.6346494674682617,59.96002664890073
part_001.mp4,109,0,10,0.0101858364109917,0.6353893915812174,0.0203058596010561,9,0.0101858364109917,0.6353893915812174,59.96002664890073
part_001.mp4,110,0,10,0.0103888754873251,0.6360670725504557,0.0263470119900173,9,0.0103888754873251,0.6360670725504557,59.96002664890073
part_001.mp4,111,0,9,0.0103760060922811,0.6360561370849609,0.0306315104166666,8,0.0103760060922811,0.6360561370849609,59.96002664890073
part_001.mp4,112,0,9,0.0104625366022325,0.6365423838297526,0.0357887268066406,8,0.0104625366022325,0.6365423838297526,59.96002664890073
part_001.mp4,113,0,9,0.010788838328818,0.6367977142333985,0.0411896034523292,8,0.010788838328818,0.6367977142333985,59.96002664890073
part_001.mp4,114,0,8,0.0109753728525646,0.6361448923746745,0.044748631230107,7,0.0109753728525646,0.6361448923746745,59.96002664890073
part_001.mp4,115,0,8,0.0114292349039079,0.6373235702514648,0.0488474810564959,7,0.0114292349039079,0.6373235702514648,59.96002664890073
part_001.mp4,116,0,9,0.011642126105891,0.6375986735026041,0.0550913775408709,8,0.011642126105891,0.6375986735026041,59.96002664890073
part_001.mp4,117,0,8,0.0118293474609661,0.6381561279296875,0.0598585623281973,7,0.0118293474609661,0.6381561279296875,59.96002664890073
part_001.mp4,118,0,9,0.0119381294060458,0.6387254079182942,0.0656859786422164,8,0.0119381294060458,0.6387254079182942,59.96002664890073
part_001.mp4,119,0,8,0.0120010438566793,0.6385604858398437,0.0709876731589988,7,0.0120010438566793,0.6385604858398437,59.96002664890073
part_001.mp4,120,0,10,0.0121568979902399,0.6388008753458659,0.0758609347873263,9,0.0121568979902399,0.6388008753458659,59.96002664890073
part_001.mp4,121,0,10,0.0127045475039631,0.6401151657104492,0.0779836018880208,9,0.0127045475039631,0.6401151657104492,59.96002664890073
part_001.mp4,122,0,10,0.0127150607553046,0.6399855295817057,0.0890034710919415,9,0.0127150607553046,0.6399855295817057,59.96002664890073
part_001.mp4,123,0,10,0.0131043746724996,0.6408749262491862,0.0960700988769531,9,0.0131043746724996,0.6408749262491862,59.96002664890073
part_001.mp4,124,0,9,0.0133288528298241,0.6412802378336588,0.1033138981571903,8,0.0133288528298241,0.6412802378336588,59.96002664890073
part_001.mp4,125,0,9,0.0137202830920118,0.6419006983439127,0.1085568180790653,8,0.0137202830920118,0.6419006983439127,59.96002664890073
part_001.mp4,126,0,9,0.0139472602919947,0.6423344294230143,0.1138978746202257,8,0.0139472602919947,0.6423344294230143,59.96002664890073
part_001.mp4,127,0,9,0.0142171593308254,0.642528788248698,0.1204541806821469,8,0.0142171593308254,0.642528788248698,59.96002664890073
part_001.mp4,128,0,9,0.0144209619236385,0.6443395614624023,0.1270962185329861,8,0.0144209619236385,0.6443395614624023,59.96002664890073
part_001.mp4,129,0,9,0.0145035825488674,0.6447616577148437,0.1327857123480902,8,0.0145035825488674,0.6447616577148437,59.96002664890073
part_001.mp4,130,0,9,0.0149532675006237,0.6451627731323242,0.1375954522026909,8,0.0149532675006237,0.6451627731323242,59.96002664890073
part_001.mp4,131,0,9,0.0154393690132071,0.6454809188842774,0.1447299815990306,8,0.0154393690132071,0.6454809188842774,59.96002664890073
part_001.mp4,132,0,10,0.0159889330931279,0.6465084711710612,0.1510244298864294,9,0.0159889330931279,0.6465084711710612,59.96002664890073
part_001.mp4,133,0,10,0.0163898229359108,0.6462211608886719,0.1511235837583188,9,0.0163898229359108,0.6462211608886719,59.96002664890073
part_001.mp4,134,0,11,0.0167404528279439,0.6467766443888346,0.1562355889214409,10,0.0167404528279439,0.6467766443888346,59.96002664890073
part_001.mp4,135,0,11,0.0168284904738502,0.6469861348470052,0.165807964183666,10,0.0168284904738502,0.6469861348470052,59.96002664890073
part_001.mp4,136,0,11,0.0173842446847885,0.6484382629394532,0.180460301151982,10,0.0173842446847885,0.6484382629394532,59.96002664890073
part_001.mp4,137,0,11,0.0172472511595194,0.648228136698405,0.192302816885489,10,0.0172472511595194,0.648228136698405,59.96002664890073
part_001.mp4,138,0,10,0.0179943094939894,0.6492483139038085,0.2019373858416522,9,0.0179943094939894,0.6492483139038085,59.96002664890073
part_001.mp4,139,0,11,0.0180330618051812,0.6501255035400391,0.2052076551649305,10,0.0180330618051812,0.6501255035400391,59.96002664890073
part_001.mp4,140,0,10,0.0183861523259676,0.6515649795532227,0.2123971162018952,9,0.0183861523259676,0.6515649795532227,59.96002664890073
part_001.mp4,141,0,10,0.0186032010484874,0.6525002161661784,0.221475926151982,9,0.0186032010484874,0.6525002161661784,59.96002664890073
part_001.mp4,142,0,11,0.0192555465489136,0.6533079783121745,0.2314433062518084,10,0.0192555465489136,0.6533079783121745,59.96002664890073
part_001.mp4,143,0,11,0.0197164752298138,0.6544966379801432,0.2373425236454716,10,0.0197164752298138,0.6544966379801432,59.96002664890073
part_001.mp4,144,0,10,0.0200515120684019,0.6551859537760417,0.2482157671893084,9,0.0200515120684019,0.6551859537760417,59.96002664890073
part_001.mp4,145,0,10,0.0202641116183238,0.6555073420206706,0.2588567380551939,9,0.0202641116183238,0.6555073420206706,59.96002664890073
part_001.mp4,146,0,9,0.0207889061127961,0.656430435180664,0.2651619240089699,8,0.0207889061127961,0.656430435180664,59.96002664890073
part_001.mp4,147,0,9,0.0215511834562036,0.6579505920410156,0.2732510602032696,8,0.0215511834562036,0.6579505920410156,59.96002664890073
part_001.mp4,148,0,9,0.0221072972738814,0.65854918162028,0.2799743228488498,8,0.0221072972738814,0.65854918162028,59.96002664890073
part_001.mp4,149,0,8,0.0226610066198595,0.6592367172241211,0.2869543287489149,7,0.0226610066198595,0.6592367172241211,59.96002664890073
part_001.mp4,150,0,8,0.0228646613997234,0.6601982752482096,0.2959466439706308,7,0.0228646613997234,0.6601982752482096,59.96002664890073
part_001.mp4,151,0,9,0.0236657445008556,0.6611170450846354,0.306146240234375,8,0.0236657445008556,0.6611170450846354,59.96002664890073
part_001.mp4,152,0,10,0.0243514104945319,0.6619773864746094,0.3195564270019531,9,0.0243514104945319,0.6619773864746094,59.96002664890073
part_001.mp4,153,0,10,0.024384544432105,0.6621332168579102,0.3280893961588542,9,0.024384544432105,0.6621332168579102,59.96002664890073
part_001.mp4,154,0,10,0.0248162889418098,0.6627349853515625,0.3375494921648944,9,0.0248162889418098,0.6627349853515625,59.96002664890073
part_001.mp4,155,0,11,0.0257862709660979,0.6647619247436524,0.3480926796242042,10,0.0257862709660979,0.6647619247436524,59.96002664890073
part_001.mp4,156,0,11,0.0265201994722578,0.6656250635782878,0.3541782944290726,10,0.0265201994722578,0.6656250635782878,59.96002664890073
part_001.mp4,157,0,10,0.027131889983911,0.6667826334635417,0.3695545337818287,9,0.027131889983911,0.6667826334635417,59.96002664890073
part_001.mp4,158,0,10,0.0282763688102505,0.6678274790445964,0.3820242281313296,9,0.0282763688102505,0.6678274790445964,59.96002664890073
part_001.mp4,159,0,11,0.0291047134396568,0.6695223490397135,0.3930644282588252,10,0.0291047134396568,0.6695223490397135,59.96002664890073
part_001.mp4,160,0,11,0.0297949479964154,0.6711746215820312,0.4037313673231337,10,0.0297949479964154,0.6711746215820312,59.96002664890073
part_001.mp4,161,0,11,0.0302188950123996,0.6714439392089844,0.4141066657172309,10,0.0302188950123996,0.6714439392089844,59.96002664890073
part_001.mp4,162,0,12,0.0310945263378218,0.6722347895304362,0.4248060438368055,11,0.0310945263378218,0.6722347895304362,59.96002664890073
part_001.mp4,163,0,9,0.0318852838028181,0.6733696619669597,0.4347215581823278,8,0.0318852838028181,0.6733696619669597,59.96002664890073
part_001.mp4,164,0,9,0.0327313655019679,0.6743101755777995,0.4459127072934751,8,0.0327313655019679,0.6743101755777995,59.96002664890073
part_001.mp4,165,0,10,0.034028877647067,0.6755617777506511,0.4628306000320999,9,0.034028877647067,0.6755617777506511,59.96002664890073
part_001.mp4,166,0,8,0.0354805684622584,0.6772892634073894,0.4782813178168403,8,0.0354805684622584,0.6772892634073894,59.96002664890073
part_001.mp4,167,0,9,0.0369826421775926,0.6781158447265625,0.4927776477955006,9,0.0369826421775926,0.6781158447265625,59.96002664890073
part_001.mp4,168,0,11,0.0379642455730208,0.679295539855957,0.5029544830322266,11,0.0379642455730208,0.679295539855957,59.96002664890073
part_001.mp4,169,0,10,0.0393616706478173,0.6810821533203125,0.5083510080973307,10,0.0393616706478173,0.6810821533203125,59.96002664890073
part_001.mp4,170,0,11,0.0400657741398996,0.6825510660807291,0.52531861199273,11,0.0400657741398996,0.6825510660807291,59.96002664890073
part_001.mp4,171,0,10,0.0409010223043151,0.6839353561401367,0.5393847995334201,10,0.0409010223043151,0.6839353561401367,59.96002664890073
part_001.mp4,172,0,10,0.0421818837126193,0.6848487218221029,0.5547863854302301,10,0.0421818837126193,0.6848487218221029,59.96002664890073
part_001.mp4,173,0,11,0.0432927515859666,0.6864858627319336,0.5695422843650535,11,0.0432927515859666,0.6864858627319336,59.96002664890073
part_001.mp4,174,0,12,0.0453656337233163,0.6895652770996094,0.5873497009277344,12,0.0453656337233163,0.6895652770996094,59.96002664890073
part_001.mp4,175,0,11,0.0465956653117448,0.6912943522135416,0.5984106275770399,11,0.0465956653117448,0.6912943522135416,59.96002664890073
part_001.mp4,176,0,10,0.0469327355313968,0.693000857035319,0.6122550116644965,9,0.0029442081601397,0.6182746251424154,59.96002664890073
part_001.mp4,177,0,11,0.0474587788319008,0.6943932851155599,0.6152018370451751,10,0.0033369391298361,0.6180335998535156,59.96002664890073
part_001.mp4,178,0,12,0.0474706937063537,0.6952810923258463,0.6172870212131076,11,0.0035140679989126,0.6183223724365234,59.96002664890073
part_001.mp4,179,0,10,0.0477169822358215,0.6975507736206055,0.6223271687825521,9,0.0031121552357864,0.6182345072428386,59.96002664890073
part_001.mp4,180,0,11,0.0479418514721975,0.6992839813232422,0.626540289984809,10,0.0032018165973972,0.6170865376790364,59.96002664890073
part_001.mp4,181,0,11,0.0487573625878172,0.7014712015787761,0.6281890869140625,10,0.003236948560823,0.6166802088419596,59.96002664890073
part_001.mp4,182,0,10,0.0489146928653941,0.7035280227661133,0.6343682324444806,9,0.0032609052694169,0.6171807607014974,59.96002664890073
part_001.mp4,183,0,9,0.0493429558627718,0.7065663655598958,0.6402228037516277,8,0.0047002048959257,0.6197349548339843,59.96002664890073
part_001.mp4,184,0,10,0.0492711020562435,0.7085994720458985,0.6444040934244791,9,0.0037234751695682,0.6194391250610352,59.96002664890073
part_001.mp4,185,0,10,0.0493553433111992,0.7115389506022135,0.6518875228034126,9,0.0038431836809549,0.6193123499552409,59.96002664890073
part_001.mp4,186,0,7,0.0491911906290927,0.7139493942260742,0.6583687782287597,6,0.0037976131111564,0.6193447113037109,59.96002664890073
part_001.mp4,187,0,8,0.0493348713731078,0.7157608032226562,0.6630873927363643,7,0.0050742799363797,0.6199529647827149,59.96002664890073
part_001.mp4,188,0,8,0.0489830465048726,0.7185761133829752,0.6672850714789497,7,0.005121243538949,0.619966697692871,59.96002664890073
part_001.mp4,189,0,6,0.0491073016476245,0.721624247233073,0.6728793250189887,5,0.0055787328763,0.6208080927530925,59.96002664890073
part_001.mp4,190,0,8,0.0486577144595139,0.7242582321166993,0.6814109166463216,7,0.0041966987596242,0.6180322647094727,59.96002664890073
part_001.mp4,191,0,6,0.0499041742927349,0.7274634043375651,0.6809645758734809,5,0.0039252673658322,0.6195645014444987,59.96002664890073
part_001.mp4,192,0,6,0.0516931653252686,0.7315872192382813,0.6778858608669704,5,0.0038834567539365,0.6198519388834636,59.96002664890073
part_001.mp4,193,0,5,0.0512765328626101,0.7326517740885417,0.6808809986820927,4,0.00388369042892,0.6199350357055664,59.96002664890073
part_001.mp4,194,0,8,0.0487149030072787,0.7339982986450195,0.7000728748462818,7,0.0038328131967379,0.6305550893147787,59.96002664890073
part_001.mp4,195,0,8,0.0469819250318094,0.7338526407877605,0.7084988911946615,7,0.0039382249321163,0.6306601206461588,59.96002664890073
part_001.mp4,196,0,8,0.0479248517988485,0.7313625335693359,0.7020911746554904,7,0.004125761682727,0.6305626551310222,59.96002664890073
part_001.mp4,197,0,10,0.0417187303322188,0.7176424662272135,0.7150773366292318,9,0.0049488912150263,0.6304787317911784,59.96002664890073
part_001.mp4,198,0,11,0.0381286717505847,0.7115865071614583,0.7303380754258898,10,0.005279370547444,0.6304878870646159,59.96002664890073
part_001.mp4,199,0,10,0.0353666475841035,0.7087064743041992,0.7425817277696397,9,0.0052834160543976,0.6322801589965821,59.96002664890073
part_001.mp4,200,0,12,0.034333234943272,0.7074302037556967,0.7487933406123408,11,0.0051987403135528,0.6333137512207031,59.96002664890073
part_001.mp4,201,0,13,0.0331592083978143,0.7054712295532226,0.7522071555808738,12,0.0051566363312304,0.6347867329915364,59.96002664890073
part_001.mp4,202,0,12,0.0320406977314915,0.7061893463134765,0.7647588941786024,11,0.0051705845766991,0.6359732309977214,59.96002664890073
part_001.mp4,203,0,14,0.0312151114358803,0.7075490951538086,0.7727322048611112,13,0.0055039509058163,0.6358617782592774,59.96002664890073
part_001.mp4,204,0,12,0.0301156818988723,0.7093584060668945,0.7824883778889974,11,0.0061036731532793,0.6369403203328451,59.96002664890073
part_001.mp4,205,0,11,0.0293109008935668,0.7115441004435221,0.7915426890055338,10,0.0064708621537391,0.6354108810424804,59.96002664890073
part_001.mp4,206,0,11,0.0290166180918135,0.7142082850138346,0.7988127885041414,10,0.0074612033316952,0.6385120391845703,59.96002664890073
part_001.mp4,207,0,11,0.0272461787033651,0.7148749033610026,0.8074766865483036,10,0.0074745089956235,0.6372671763102213,59.96002664890073
part_001.mp4,208,0,12,0.0267981162771724,0.7181494394938152,0.8174117688779478,11,0.0073278557051337,0.6368797938028972,59.96002664890073
part_001.mp4,209,0,12,0.0257265902665039,0.7221918106079102,0.8313775327470567,11,0.0074122499051251,0.6370209376017253,59.96002664890073
part_001.mp4,210,0,11,0.024398246155215,0.7248838424682618,0.8416886859469943,10,0.0074188009395745,0.6372415542602539,59.96002664890073
part_001.mp4,211,0,9,0.0226980005683691,0.7276548385620117,0.8531874833283601,8,0.0074434068155824,0.6375428517659505,59.96002664890073
part_001.mp4,212,0,8,0.0219795407067613,0.7305992126464844,0.8618022547827826,7,0.0073890136630076,0.6374346415201823,59.96002664890073
part_001.mp4,213,0,7,0.0198658575416832,0.7318909327189128,0.8759772018150047,6,0.0073584549205272,0.6371847152709961,59.96002664890073
part_001.mp4,214,0,8,0.0178513245783991,0.7326853434244792,0.8901897960238987,7,0.0073113822981637,0.6371046702067057,59.96002664890073
part_001.mp4,215,0,9,0.0158223439736165,0.7337324778238933,0.9020648850335016,8,0.0071842273273068,0.6368073145548503,59.96002664890073
part_001.mp4,216,0,9,0.0140569075344265,0.7310142517089844,0.913182399891041,8,0.0069521656522637,0.6364758173624675,59.96002664890073
part_001.mp4,217,0,9,0.0119335688693598,0.7262166976928711,0.9224721458223132,8,0.0067918364323122,0.6355770746866862,59.96002664890073
part_001.mp4,218,0,11,0.0076345011427737,0.6992835998535156,0.9385547955830892,8,0.006732791870454,0.6352476755777995,59.96002664890073
part_001.mp4,219,0,11,0.0073407181421013,0.6561391830444336,0.8985155953301324,9,0.0067414703763481,0.6346785227457682,59.96002664890073
part_001.mp4,220,0,10,0.0079760382400841,0.6571545282999675,0.896790885925293,8,0.0066250027599744,0.6344095865885416,59.96002664890073
part_001.mp4,221,0,10,0.0088138798356643,0.6577726364135742,0.8846587922838,8,0.0065710568783564,0.6340240478515625,59.96002664890073
part_001.mp4,222,0,10,0.0089147112017963,0.6591388702392578,0.8869877285427518,8,0.0065111787436313,0.634152348836263,59.96002664890073
part_001.mp4,223,0,10,0.0091142874870759,0.6585009256998698,0.8830445183648004,8,0.0066415533824194,0.6343284606933594,59.96002664890073
part_001.mp4,224,0,10,0.0099683068258147,0.659251594543457,0.8807090547349717,8,0.0066526171925673,0.634175173441569,59.96002664890073
part_001.mp4,225,0,11,0.0096671175507538,0.6580194473266602,0.8752304995501483,9,0.006318059287595,0.633530871073405,59.96002664890073
part_001.mp4,226,0,11,0.0101092070823344,0.658837890625,0.871401596069336,9,0.0063143521437369,0.6336078008015951,59.96002664890073
part_001.mp4,227,0,12,0.0108079541805758,0.6577630996704101,0.8662915247457998,10,0.0063233543283179,0.6337516784667969,59.96002664890073
part_001.mp4,228,0,13,0.0109430075363127,0.6592663447062175,0.8610912605568215,11,0.0063534772299865,0.6335130055745443,59.96002664890073
part_001.mp4,229,0,13,0.010809014618248,0.6580961227416993,0.8590718022099247,11,0.0063069154061183,0.6336551666259765,59.96002664890073
part_001.mp4,230,0,13,0.0108597077565344,0.6572277704874675,0.8566355334387885,11,0.0062550013031908,0.6344352722167969,59.96002664890073
part_001.mp4,231,0,13,0.0110326533510184,0.6559239069620768,0.8508066671865958,11,0.0061039964880425,0.6334267298380534,59.96002664890073
part_001.mp4,232,0,12,0.0116234716643898,0.657234001159668,0.8497254901462131,11,0.0060017629825516,0.6330694834391276,59.96002664890073
part_001.mp4,233,0,10,0.0118355273530386,0.6573126475016277,0.8481550923100224,9,0.0059993780292764,0.6328692118326823,59.96002664890073
part_001.mp4,234,0,10,0.0119876567105418,0.6580741882324219,0.8460130002763536,9,0.0060067213494165,0.6327957153320313,59.96002664890073
part_001.mp4,235,0,10,0.0123995995869336,0.6590793609619141,0.8408562766181098,9,0.0060323029477634,0.6327500025431315,59.96002664890073
part_001.mp4,236,0,11,0.0125051579489202,0.6584370295206706,0.8391631020439996,10,0.0058604574512961,0.6325763702392578,59.96002664890073
part_001.mp4,237,0,11,0.0125940387612618,0.6583038330078125,0.8388126496915465,10,0.0056972620355372,0.6325061798095704,59.96002664890073
part_001.mp4,238,0,10,0.0128677414039945,0.6580848693847656,0.8339078691270616,9,0.0056871721282045,0.6324120839436849,59.96002664890073
part_001.mp4,239,0,10,0.0133439736279817,0.6592081705729167,0.8301952150132921,9,0.0056689147616378,0.6322826385498047,59.96002664890073
part_001.mp4,240,0,10,0.0139321811514943,0.6614530563354493,0.8266007017206263,9,0.0056938228913673,0.6321503321329752,59.96002664890073
part_001.mp4,241,0,9,0.0140497270070651,0.6613735834757487,0.8246937010023329,8,0.0056710992135749,0.632870101928711,59.96002664890073
part_001.mp4,242,0,9,0.0143395331961688,0.6616949717203776,0.822672575491446,8,0.0056734638159266,0.6318087259928385,59.96002664890073
part_001.mp4,243,0,11,0.0145056946997242,0.6611317316691081,0.8199174245198567,10,0.0056297125963006,0.6317875544230144,59.96002664890073
part_001.mp4,244,0,10,0.0147282611318506,0.6613403956095377,0.8159897910224067,9,0.0054512585474488,0.6316972732543945,59.96002664890073
part_001.mp4,245,0,10,0.0151608595332854,0.6620899200439453,0.8135630784211335,9,0.0054223790518234,0.6320810317993164,59.96002664890073
part_001.mp4,246,0,10,0.0155834182427677,0.6627248764038086,0.8097617325959382,9,0.005346977571268,0.6312777201334635,59.96002664890073
part_001.mp4,247,0,10,0.0156404497000753,0.6614004135131836,0.8070541452478479,9,0.0053744264255834,0.6313867568969727,59.96002664890073
part_001.mp4,248,0,9,0.0157491119844336,0.6612810770670573,0.8038443035549587,8,0.0053579762101031,0.631283696492513,59.96002664890073
part_001.mp4,249,0,8,0.0158597670836429,0.6608236312866211,0.801962407430013,7,0.0053473241432328,0.6313122431437175,59.96002664890073
part_001.mp4,250,0,10,0.0156566609712899,0.6592646280924479,0.8001152886284723,9,0.0053603011602212,0.631076431274414,59.96002664890073
part_001.mp4,251,0,10,0.0160291980406112,0.6600547790527344,0.7981843807079174,9,0.0051398949008284,0.6304278055826823,59.96002664890073
part_001.mp4,252,0,9,0.0159521730167196,0.6592186609903972,0.7963301764594184,8,0.0051719853896388,0.6301432291666667,59.96002664890073
part_001.mp4,253,0,9,0.0159733537165492,0.6588816960652669,0.7941285733823423,8,0.0051739992373364,0.6298628489176432,59.96002664890073
part_001.mp4,254,0,8,0.016336630768415,0.6585910797119141,0.7891645007663303,7,0.0052069789756205,0.6298610687255859,59.96002664890073
part_001.mp4,255,0,7,0.0163664746212857,0.6580657958984375,0.7871400691844799,6,0.0051035025526114,0.6292619069417318,59.96002664890073
part_001.mp4,256,0,7,0.0165310536516416,0.6576217651367188,0.7838494194878473,6,0.0052016590828619,0.6290426890055338,59.96002664890073
part_001.mp4,257,0,7,0.0165585870303524,0.6573892593383789,0.7821574105156792,6,0.0050656840040378,0.6287597020467123,59.96002664890073
part_001.mp4,258,0,7,0.0166185919042618,0.6571855545043945,0.7800841013590495,6,0.0048467086605658,0.6285681406656901,59.96002664890073
part_001.mp4,259,0,7,0.016772067435913,0.6566868464152018,0.77735797740795,6,0.0048878892154122,0.6287349700927735,59.96002664890073
part_001.mp4,260,0,7,0.0170484831204332,0.6569511413574218,0.7747540438616717,6,0.0046520904833192,0.6275808334350585,59.96002664890073
part_001.mp4,261,0,7,0.0171447586964387,0.6564350128173828,0.7728755385787399,6,0.0049182703702212,0.6287260055541992,59.96002664890073
part_001.mp4,262,0,7,0.017237248040295,0.6561869939168294,0.7708528165464048,6,0.0046591707398571,0.6271181106567383,59.96002664890073
part_001.mp4,263,0,7,0.017545310833763,0.6563735961914062,0.7671832614474826,6,0.0048614862734878,0.6284500122070312,59.96002664890073
part_001.mp4,264,0,8,0.0177026267747714,0.6563585917154948,0.7639212290445964,6,0.0047054019715115,0.6280033111572265,59.96002664890073
part_001.mp4,265,0,9,0.0176375056193896,0.655811627705892,0.7624850025883427,7,0.0046413324447348,0.6279553731282552,59.96002664890073
part_001.mp4,266,0,9,0.0177226168415263,0.6551685333251953,0.7607384505095305,7,0.0045864232475772,0.627844492594401,59.96002664890073
part_001.mp4,267,0,10,0.0176036950888993,0.6546873728434245,0.7568398793538411,8,0.0046486787075668,0.6278643290201823,59.96002664890073
part_001.mp4,268,0,9,0.0176647789674138,0.6543083190917969,0.7551070319281684,8,0.0045407670546167,0.6278441111246745,59.96002664890073
part_001.mp4,269,0,9,0.0178885061001077,0.6543769836425781,0.7510573634394893,8,0.004489815699344,0.6274656931559245,59.96002664890073
part_001.mp4,270,0,8,0.0180858098080366,0.6549884796142578,0.7488569966068974,7,0.0044311523056724,0.6275761286417644,59.96002664890073
part_001.mp4,271,0,7,0.0178657927588785,0.65459779103597,0.747420197946054,6,0.0044063212958927,0.6272754669189453,59.96002664890073
part_001.mp4,272,0,7,0.0179973315695917,0.6543574651082357,0.7442380198725947,6,0.0043145688858607,0.6269615173339844,59.96002664890073
part_001.mp4,273,0,8,0.017950908851014,0.653993034362793,0.7383193051373517,7,0.0042319580376863,0.6269236246744792,59.96002664890073
part_001.mp4,274,0,7,0.0170510556905638,0.6536251703898112,0.7271664301554362,6,0.0041903361096747,0.6266457239786783,59.96002664890073
part_001.mp4,275,0,6,0.0171588918863077,0.6534823099772136,0.7253630744086371,5,0.0041829246336257,0.6267590204874675,59.96002664890073
part_001.mp4,276,0,6,0.0165511135306143,0.6517566680908203,0.7167699813842774,4,0.0042529043752303,0.6262556711832682,59.96002664890073
part_001.mp4,277,0,5,0.0160924437119755,0.6514244715372721,0.7106590412281177,4,0.0042100762552581,0.625943946838379,59.96002664890073
part_001.mp4,278,0,4,0.0162693237292316,0.6515863418579102,0.7063539187113445,3,0.0041950044232955,0.626127052307129,59.96002664890073
part_001.mp4,279,0,4,0.0163584202346154,0.6520270029703776,0.7031714262785735,3,0.0042159622407052,0.6259271621704101,59.96002664890073
part_001.mp4,280,0,4,0.0159204410634972,0.6515018463134765,0.6938851144578722,3,0.0042375305093689,0.6258009592692058,59.96002664890073
part_001.mp4,281,0,4,0.0157853008674768,0.6514765421549479,0.6894102308485243,3,0.0041874221251324,0.625932248433431,59.96002664890073
part_001.mp4,282,0,4,0.0155271603082602,0.6515005747477214,0.6816226676658348,3,0.0039612083381507,0.6256507873535156,59.96002664890073
part_001.mp4,283,0,4,0.0155749085000328,0.6510589599609375,0.674772220187717,3,0.0041009969533479,0.6256945292154948,59.96002664890073
part_001.mp4,284,0,5,0.0156934799494148,0.6510257720947266,0.6728852907816569,3,0.0040962561213948,0.6256279627482096,59.96002664890073
part_001.mp4,285,0,6,0.0156845322546009,0.6501541137695312,0.6684178917496293,4,0.0040462649003085,0.6255487442016602,59.96002664890073
part_001.mp4,286,0,5,0.0151351898308348,0.6504496256510417,0.6623647160000271,3,0.0040501497252585,0.6256344477335612,59.96002664890073
part_001.mp4,287,0,4,0.0147493286519656,0.6506847381591797,0.6533142937554254,3,0.0039983635997891,0.6254597345987956,59.96002664890073
part_001.mp4,288,0,6,0.0146650023796071,0.650225830078125,0.6500728112679941,3,0.0039274550555112,0.6252382278442383,59.96002664890073
part_001.mp4,289,0,7,0.0143460663021409,0.6490986506144206,0.6473737222177011,4,0.0039008944722202,0.6250085830688477,59.96002664890073
part_001.mp4,290,0,7,0.0141001413601451,0.6482623418172201,0.63975360305221,4,0.003867677587259,0.6249298095703125,59.96002664890073
part_001.mp4,291,0,6,0.014105842688882,0.6479996999104818,0.634779096532751,4,0.0037886224829384,0.6248620986938477,59.96002664890073
part_001.mp4,292,0,7,0.0137994154158837,0.647288958231608,0.627820509451407,4,0.0037013287057117,0.6245857874552408,59.96002664890073
part_001.mp4,293,0,7,0.0136003555764667,0.6479565938313802,0.6228481787222403,4,0.0037059925307403,0.6245691299438476,59.96002664890073
part_001.mp4,294,0,7,0.0136115173576399,0.6479888916015625,0.6196360270182292,4,0.003669648655438,0.6246420542399088,59.96002664890073
part_001.mp4,295,0,8,0.0134415356400365,0.6463331858317057,0.6145684701425058,4,0.003691640466665,0.624530283610026,59.96002664890073
part_001.mp4,296,0,9,0.0131679096557491,0.6475671768188477,0.6078394854510272,4,0.0036201487346422,0.6244629542032878,59.96002664890073
part_001.mp4,297,0,9,0.0128750508966913,0.6459902445475261,0.6016362084282769,5,0.0035571753431469,0.6244370778401692,59.96002664890073
part_001.mp4,298,0,9,0.0128268457665776,0.6461952209472657,0.5985265661168981,7,0.0128268457665776,0.6461952209472657,59.96002664890073
part_001.mp4,299,0,9,0.0125983756659479,0.645880126953125,0.5946826299031576,6,0.0125983756659479,0.645880126953125,59.96002664890073
part_001.mp4,300,0,8,0.0125432256412508,0.6459124883015951,0.5894433127509223,5,0.0125432256412508,0.6459124883015951,59.96002664890073
part_001.mp4,301,0,8,0.0120608717948845,0.6452568689982097,0.5855933860496239,5,0.0120608717948845,0.6452568689982097,59.96002664890073
part_001.mp4,302,0,8,0.0120365191406529,0.6450222651163737,0.5796521646005136,5,0.0120365191406529,0.6450222651163737,59.96002664890073
part_001.mp4,303,0,8,0.0118156632704712,0.6438294092814127,0.5758429633246528,5,0.0118156632704712,0.6438294092814127,59.96002664890073
part_001.mp4,304,0,8,0.0116938804564415,0.6438428878784179,0.570389571013274,5,0.0116938804564415,0.6438428878784179,59.96002664890073
part_001.mp4,305,0,7,0.0115935597486532,0.643689219156901,0.5681500046341508,4,0.0115935597486532,0.643689219156901,59.96002664890073
part_001.mp4,306,0,7,0.0114946926737617,0.6424935022989909,0.5637653915970414,4,0.0114946926737617,0.6424935022989909,59.96002664890073
part_001.mp4,307,0,7,0.0114289378698981,0.642071533203125,0.5589880484121817,5,0.0114289378698981,0.642071533203125,59.96002664890073
part_001.mp4,308,0,7,0.0113963491998071,0.6428252538045247,0.5526468065049913,5,0.0113963491998071,0.6428252538045247,59.96002664890073
part_001.mp4,309,0,8,0.0111842855632858,0.6420205434163412,0.5475944660328053,6,0.0111842855632858,0.6420205434163412,59.96002664890073
part_001.mp4,310,0,9,0.0111792315425312,0.6420642217000325,0.5435011545817058,7,0.0111792315425312,0.6420642217000325,59.96002664890073
part_001.mp4,311,0,8,0.010973122962066,0.6418854395548502,0.5383601859763817,5,0.010973122962066,0.6418854395548502,59.96002664890073
part_001.mp4,312,0,8,0.0109772196727152,0.6601175308227539,0.84590611104612,5,0.0107133938051346,0.6415859858194987,59.96002664890073
part_001.mp4,313,0,8,0.01112288950701,0.6598462422688802,0.8436790466308594,5,0.0104264782932511,0.6420885721842448,59.96002664890073
part_001.mp4,314,0,8,0.0112207362748503,0.6606655120849609,0.8425023467452438,5,0.0103866641223754,0.6423032124837239,59.96002664890073
part_001.mp4,315,0,9,0.0114632188862075,0.6612421035766601,0.8399027842062491,6,0.010427633567815,0.6422727584838868,59.96002664890073
part_001.mp4,316,0,8,0.011779230205486,0.661360232035319,0.8368200672997369,5,0.0098749265369001,0.639498774210612,59.96002664890073
part_001.mp4,317,0,8,0.0118215841093994,0.6610231399536133,0.8353820641835531,6,0.0105366571290586,0.6432792663574218,59.96002664890073
part_001.mp4,318,0,9,0.0120169825487206,0.6607524871826171,0.8317092807204635,6,0.0104797881110344,0.6431961059570312,59.96002664890073
part_001.mp4,319,0,8,0.0121538518286848,0.660475222269694,0.8283001387560809,5,0.0096257576453264,0.6397729873657226,59.96002664890073
part_001.mp4,320,0,8,0.0123616087130139,0.6602499643961589,0.8245302006050392,5,0.0095476629287953,0.6405645370483398,59.96002664890073
part_001.mp4,321,0,10,0.0126676129936391,0.6608647664388021,0.8218553543090821,7,0.0091499786873949,0.6389008204142252,59.96002664890073
part_001.mp4,322,0,10,0.0128371056743479,0.6607874552408854,0.819589360555013,7,0.0089827466091567,0.6381615956624349,59.96002664890073
part_001.mp4,323,0,10,0.0133524028168499,0.6616547266642253,0.8169545491536458,7,0.008644510932698,0.6374327341715494,59.96002664890073
part_001.mp4,324,0,6,0.0134008085875344,0.6616128285725912,0.8164788634688765,5,0.008913789931929,0.638769022623698,59.96002664890073
part_001.mp4,325,0,7,0.0137443583575158,0.6624862670898437,0.8132813771565756,5,0.0089260869193822,0.6384748458862305,59.96002664890073
part_001.mp4,326,0,7,0.0141909663261362,0.6628424962361653,0.8069376839531792,5,0.0088795864637035,0.6384266535441081,59.96002664890073
part_001.mp4,327,0,6,0.0145048701150688,0.6635734558105468,0.8045861844663267,5,0.0085690347292337,0.6379332860310872,59.96002664890073
part_001.mp4,328,0,6,0.0149163422313911,0.6651394526163737,0.80277424565068,5,0.0082638357517619,0.636991310119629,59.96002664890073
part_001.mp4,329,0,6,0.015195887897916,0.6652153015136719,0.7988536410861545,5,0.0083425379720089,0.6377559661865234,59.96002664890073
part_001.mp4,330,0,6,0.0154385476545549,0.6652982711791993,0.7968163666901765,5,0.0084199562472026,0.6375448862711589,59.96002664890073
part_001.mp4,331,0,5,0.0152846325949859,0.6643579483032227,0.796488345110858,4,0.0083785428905972,0.636929702758789,59.96002664890073
part_001.mp4,332,0,5,0.0153458052583543,0.6641281763712565,0.7952294243706597,4,0.0084088134425352,0.6368824005126953,59.96002664890073
part_001.mp4,333,0,6,0.0156177595787125,0.6640987396240234,0.7910836113823785,4,0.0082321972942736,0.636631457010905,59.96002664890073
part_001.mp4,334,0,5,0.0158122816487288,0.664137585957845,0.7882571820859556,4,0.0081606299909051,0.6371267318725586,59.96002664890073
part_001.mp4,335,0,4,0.0159941434752909,0.6639681498209635,0.7861566543579102,3,0.0077961217295119,0.6355770111083985,59.96002664890073
part_001.mp4,336,0,5,0.0163375369153153,0.6637929916381836,0.7805536058213975,3,0.0077215996094309,0.6365261077880859,59.96002664890073
part_001.mp4,337,0,4,0.0166459171043809,0.6634873072306315,0.7756920072767469,3,0.0076725935610011,0.6360912958780924,59.96002664890073
part_001.mp4,338,0,4,0.0168958952469984,0.6633736292521158,0.7722935994466146,3,0.0078069087163075,0.6361399332682292,59.96002664890073
part_001.mp4,339,0,4,0.0169769800632989,0.6632017135620117,0.7700698287398727,3,0.00804347395829,0.6360575358072916,59.96002664890073
part_001.mp4,340,0,5,0.016950907969429,0.6630029678344727,0.7690900449399595,4,0.0077498061047744,0.6352117538452149,59.96002664890073
part_001.mp4,341,0,7,0.017238803727825,0.6630518595377605,0.7663392808702257,6,0.0075402448976819,0.6348184585571289,59.96002664890073
part_001.mp4,342,0,7,0.0177950966883212,0.6637245178222656,0.7612420470626265,6,0.0071070696462508,0.6342873255411784,59.96002664890073
part_001.mp4,343,0,6,0.0178087846625082,0.6634947458902994,0.7573533587985568,5,0.0069162405479194,0.6340564727783203,59.96002664890073
part_001.mp4,344,0,6,0.0180030070963376,0.6637039184570312,0.75520915278682,5,0.0066565723314286,0.6337654113769531,59.96002664890073
part_001.mp4,345,0,6,0.0182252842566716,0.6635881423950195,0.7530678855048285,5,0.0068273136610029,0.6341663360595703,59.96002664890073
part_001.mp4,346,0,6,0.0178109309763709,0.6623649597167969,0.7525351842244467,5,0.0071938924594724,0.6345738093058269,59.96002664890073
part_001.mp4,347,0,8,0.0181414449471655,0.6631889343261719,0.7495671660811812,6,0.0070351293516764,0.6352764129638672,59.96002664890073
part_001.mp4,348,0,8,0.017715547054892,0.6615723292032878,0.7488996505737304,6,0.0070585685478161,0.6352600733439128,59.96002664890073
part_001.mp4,349,0,9,0.0179155171766049,0.6615169525146485,0.7472096761067708,7,0.006618986588879,0.6331926981608073,59.96002664890073
part_001.mp4,350,0,7,0.0177516759509361,0.6593313217163086,0.7412752080846716,5,0.0063410144204789,0.6332649866739909,59.96002664890073
part_001.mp4,351,0,6,0.0176540598661193,0.6582784652709961,0.7396528597231264,4,0.0065227060522819,0.6338506698608398,59.96002664890073
part_001.mp4,352,0,6,0.0178416511215915,0.6583843866984049,0.7353948946352358,4,0.0065325495275923,0.6341244379679362,59.96002664890073
part_001.mp4,353,0,6,0.0181019561726322,0.6588680267333984,0.7325901879204644,4,0.0065856369369107,0.6338623046875,59.96002664890073
part_001.mp4,354,0,6,0.0183541850983601,0.6583719889322917,0.7267952389187283,4,0.0063258669957468,0.6334098180135092,59.96002664890073
part_001.mp4,355,0,6,0.0184136849890112,0.6579448699951171,0.7214567608303494,4,0.006324481590693,0.6335411071777344,59.96002664890073
part_001.mp4,356,0,5,0.0180207492176217,0.6574468612670898,0.7120968500773112,4,0.0063435652821014,0.6327838897705078,59.96002664890073
part_001.mp4,357,0,8,0.0175493176781822,0.6569866180419922,0.7046666180645978,5,0.0063927051481894,0.6328374862670898,59.96002664890073
part_001.mp4,358,0,7,0.0173803892320967,0.6569266637166341,0.7023138505441171,5,0.0062653407972107,0.6324118296305339,59.96002664890073
part_001.mp4,359,0,8,0.0169085767736113,0.656255594889323,0.6882536358303494,6,0.0063519559059303,0.6324259440104166,59.96002664890073
part_001.mp4,360,0,8,0.0167020437992397,0.6558791478474935,0.6847078146757903,6,0.0060850611352685,0.6319330215454102,59.96002664890073
part_001.mp4,361,0,7,0.0164695340816413,0.655343500773112,0.6782013928448712,5,0.0061898003849394,0.6317386627197266,59.96002664890073
part_001.mp4,362,0,6,0.0161196070660383,0.655117416381836,0.6690151779739945,4,0.0060517988386305,0.63170166015625,59.96002664890073
part_001.mp4,363,0,8,0.0168714182027857,0.6558499654134115,0.6648327792132342,5,0.0058760381152387,0.6307958602905274,59.96002664890073
part_001.mp4,364,0,9,0.0158711472584723,0.6541354497273763,0.6566815588209364,6,0.0054745099830648,0.6294382731119792,59.96002664890073
part_001.mp4,365,0,9,0.0156909942732676,0.6541943232218425,0.6537962489657931,6,0.0054673232788142,0.6289786020914714,59.96002664890073
part_001.mp4,366,0,11,0.0152579444326208,0.653514544169108,0.6486291461520725,8,0.0055627214567761,0.6295101801554362,59.96002664890073
part_001.mp4,367,0,11,0.0151981012093731,0.653451410929362,0.6359075758192274,8,0.0056786395649046,0.6298468271891277,59.96002664890073
part_001.mp4,368,0,12,0.0149072779919973,0.6528238932291667,0.6295078842728227,8,0.00580043634652,0.6298529307047526,59.96002664890073
part_001.mp4,369,0,11,0.0153395380931841,0.6531623840332031,0.6243309444851346,8,0.0060829619178548,0.6300252914428711,59.96002664890073
part_001.mp4,370,0,10,0.0148886896182496,0.6528528213500977,0.6207898245917426,7,0.0060918134577675,0.630589485168457,59.96002664890073
part_001.mp4,371,0,12,0.0143500164780562,0.6519472122192382,0.6166360784459997,9,0.0059467703360743,0.6310799280802409,59.96002664890073
part_001.mp4,372,0,11,0.0142310138000175,0.6521202087402344,0.6117678606951679,8,0.0061074356626906,0.6314966201782226,59.96002664890073
part_001.mp4,373,0,11,0.0143392915400141,0.6516354242960612,0.5971566730075413,9,0.0143392915400141,0.6516354242960612,59.96002664890073
part_001.mp4,374,0,10,0.0140241512562585,0.6513562520345052,0.5940812075579608,8,0.0140241512562585,0.6513562520345052,59.96002664890073
part_001.mp4,375,0,9,0.0136252416860036,0.650426737467448,0.5919074729636863,7,0.0136252416860036,0.650426737467448,59.96002664890073
part_001.mp4,376,0,8,0.0129311584439144,0.6492981592814128,0.5874015101680049,7,0.0129311584439144,0.6492981592814128,59.96002664890073
part_001.mp4,377,0,9,0.0127458999016218,0.6496498743693034,0.5857923719618056,8,0.0127458999016218,0.6496498743693034,59.96002664890073
part_001.mp4,378,0,8,0.0127776423323531,0.648896598815918,0.5732515617653176,7,0.0127776423323531,0.648896598815918,59.96002664890073
part_001.mp4,379,0,8,0.0128407985512509,0.6492383321126302,0.5654449957388419,7,0.0128407985512509,0.6492383321126302,59.96002664890073
part_001.mp4,380,0,8,0.012909649638292,0.6486589431762695,0.5569854453757958,7,0.012909649638292,0.6486589431762695,59.96002664890073
part_001.mp4,381,0,8,0.0128920756314223,0.6476195653279623,0.5517129827428747,7,0.0128920756314223,0.6476195653279623,59.96002664890073
part_001.mp4,382,0,8,0.0126172005861008,0.6472967147827149,0.5455380333794488,7,0.0126172005861008,0.6472967147827149,59.96002664890073
part_001.mp4,383,0,8,0.0124636413392646,0.6464798609415691,0.5387818654378255,7,0.0124636413392646,0.6464798609415691,59.96002664890073
part_001.mp4,384,0,8,0.01233900520936,0.6460596720377604,0.5353426191541883,7,0.01233900520936,0.6460596720377604,59.96002664890073
part_001.mp4,385,0,9,0.0120401431665151,0.6451869964599609,0.5285891356291594,8,0.0120401431665151,0.6451869964599609,59.96002664890073
part_001.mp4,386,0,9,0.0117316988571029,0.6443157831827799,0.5258312649197049,8,0.0117316988571029,0.6443157831827799,59.96002664890073
part_001.mp4,387,0,7,0.0117356183864377,0.6438990275065104,0.5185208779794198,6,0.0117356183864377,0.6438990275065104,59.96002664890073
part_001.mp4,388,0,7,0.0114801479468264,0.6436443328857422,0.5121028617576316,6,0.0114801479468264,0.6436443328857422,59.96002664890073
part_001.mp4,389,0,7,0.0113824158594474,0.6429744720458984,0.5093582294605397,6,0.0113824158594474,0.6429744720458984,59.96002664890073
part_001.mp4,390,0,7,0.0113288996050157,0.6429736455281575,0.5030249419035735,6,0.0113288996050157,0.6429736455281575,59.96002664890073
part_001.mp4,391,0,9,0.011128030152516,0.6430140177408854,0.5018119953296802,7,0.011128030152516,0.6430140177408854,59.96002664890073
part_001.mp4,392,0,8,0.0114740451295666,0.6618942260742188,0.8370809678678159,7,0.010725977058669,0.6427261988321941,59.96002664890073
part_001.mp4,393,0,7,0.0119614111840928,0.6622294108072917,0.8312318854861789,6,0.0105194765784027,0.6415130615234375,59.96002664890073
part_001.mp4,394,0,7,0.0122660161396227,0.6628531138102214,0.8281657907697889,6,0.010175886741296,0.640941047668457,59.96002664890073
part_001.mp4,395,0,8,0.0128875392832632,0.6634185155232747,0.8265285138730649,7,0.010001942692938,0.640538215637207,59.96002664890073
part_001.mp4,396,0,9,0.0128919283861978,0.6635433832804362,0.8257072236802843,7,0.0101894831255103,0.6404060999552409,59.96002664890073
part_001.mp4,397,0,9,0.0133659495991337,0.6638493855794271,0.8197347852918837,7,0.0101874201346072,0.6398998260498047,59.96002664890073
part_001.mp4,398,0,9,0.0136572945929058,0.6643789927164714,0.8166375478108724,7,0.0101868368446189,0.6390640894571941,59.96002664890073
part_001.mp4,399,0,8,0.0141266672274143,0.6649469375610352,0.8130791628802264,6,0.0100569595082628,0.6386410395304362,59.96002664890073
part_001.mp4,400,0,7,0.0146608386118572,0.665865135192871,0.8092821968926324,5,0.0099206921675391,0.6384326934814453,59.96002664890073
part_001.mp4,401,0,8,0.0148632887576321,0.6646551132202149,0.8053731706407335,6,0.0099352654500614,0.6376635869344075,59.96002664890073
part_001.mp4,402,0,6,0.0155311459504042,0.6668275197347006,0.8024102105034723,5,0.0099822542515526,0.6367116292317708,59.96002664890073
part_001.mp4,403,0,8,0.0153793712999322,0.6641304016113281,0.7970868428548177,7,0.0098082012555985,0.6361111958821615,59.96002664890073
part_001.mp4,404,0,9,0.0156106349757195,0.6637945810953776,0.7957980120623553,8,0.0095851103222446,0.6354028701782226,59.96002664890073
part_001.mp4,405,0,8,0.0157457164780094,0.6628513971964518,0.791996157610858,7,0.0095445053834474,0.6350079218546549,59.96002664890073
part_001.mp4,406,0,8,0.0161241856643755,0.6624397277832031,0.7874431398179796,7,0.0093632928095757,0.6339672088623047,59.96002664890073
part_001.mp4,407,0,9,0.01612004358262,0.6618977228800456,0.7849402321709527,8,0.0095246249438949,0.6336126963297526,59.96002664890073
part_001.mp4,408,0,9,0.0162834715803977,0.6613295237223308,0.7841381567495841,8,0.0095510918745069,0.6332923253377278,59.96002664890073
part_001.mp4,409,0,7,0.0164534859769547,0.6609241485595703,0.7813119323165328,6,0.0093964273232106,0.6332262674967448,59.96002664890073
part_001.mp4,410,0,8,0.0172064646982794,0.6620880126953125,0.7775751749674479,7,0.0090459831974348,0.6324949264526367,59.96002664890073
part_001.mp4,411,0,10,0.0171860524583651,0.6600023905436198,0.7719469353004739,8,0.0088861068163227,0.6317923227945964,59.96002664890073
part_001.mp4,412,0,11,0.0171299303733394,0.6590497334798177,0.7725979699028863,9,0.0086916315253216,0.6308263142903646,59.96002664890073
part_001.mp4,413,0,7,0.0173134048972039,0.658104133605957,0.7690153121948242,6,0.0086172821971962,0.6302684783935547,59.96002664890073
part_001.mp4,414,0,9,0.0177147339734801,0.6581127802530925,0.7646578047010634,7,0.0085980689254938,0.6298263549804688,59.96002664890073
part_001.mp4,415,0,7,0.0178395617808322,0.6576675415039063,0.7611862606472439,6,0.0084407915878627,0.6293149948120117,59.96002664890073
part_001.mp4,416,0,8,0.018121668477672,0.6578338623046875,0.7612923516167535,6,0.0082784445753592,0.6286589304606119,59.96002664890073
part_001.mp4,417,0,7,0.0181521877401974,0.6560089111328125,0.7592979431152344,6,0.0082727972697358,0.6278240203857421,59.96002664890073
part_001.mp4,418,0,6,0.0180518571939642,0.65464293162028,0.7561219109429254,5,0.0081397449543335,0.6269108454386393,59.96002664890073
part_001.mp4,419,0,7,0.0180670851335162,0.6540159861246745,0.7556378682454427,6,0.0081304664475222,0.6263259887695313,59.96002664890073
part_001.mp4,420,0,6,0.018352435479389,0.6538588205973307,0.7518021195023148,5,0.0080560765361102,0.6261852900187175,59.96002664890073
part_001.mp4,421,0,6,0.0182115791167113,0.652250862121582,0.7500055666323061,5,0.0080407518705706,0.6253777186075846,59.96002664890073
part_001.mp4,422,0,6,0.0182779256842116,0.6514026641845703,0.7475465562608506,5,0.0079313818046001,0.6243275324503581,59.96002664890073
part_001.mp4,423,0,6,0.0181116062197435,0.6497610727945964,0.740110644587764,5,0.0080863973063565,0.623781967163086,59.96002664890073
part_001.mp4,424,0,6,0.0184374320239105,0.6499632517496745,0.7379638177377207,5,0.0079143765610448,0.62393798828125,59.96002664890073
part_001.mp4,425,0,6,0.0184073992883215,0.6491596857706706,0.7369276329323098,5,0.0078608225248171,0.6241131464640299,59.96002664890073
part_001.mp4,426,0,7,0.018471120855813,0.648573366800944,0.7338604891741717,6,0.0076022538437865,0.6227044423421224,59.96002664890073
part_001.mp4,427,0,6,0.0185148264074491,0.647273063659668,0.7299114651150174,5,0.0075992148863669,0.6218926111857096,59.96002664890073
part_001.mp4,428,0,6,0.0182768164651928,0.6460850397745769,0.7215711099130137,5,0.0076447142234893,0.6208927154541015,59.96002664890073
part_001.mp4,429,0,7,0.0177772902453687,0.6441524505615235,0.7137690367522063,6,0.0074419735541677,0.6195886611938477,59.96002664890073
part_001.mp4,430,0,6,0.017216919875409,0.6433479944864909,0.7040113766988119,5,0.0073888277285732,0.6191031138102213,59.96002664890073
part_001.mp4,431,0,6,0.0173404889171272,0.6430763244628906,0.6957713021172418,5,0.0073680698816423,0.6186630249023437,59.96002664890073
part_001.mp4,432,0,6,0.0171648478150665,0.6425302505493165,0.6882487403021919,5,0.0070897791060108,0.6175457000732422,59.96002664890073
part_001.mp4,433,0,7,0.0168182248814479,0.6420902252197266,0.6814033225730614,6,0.0070853499203803,0.6172127405802409,59.96002664890073
part_001.mp4,434,0,6,0.0167213635132874,0.6412904739379883,0.673327276441786,5,0.0067468012317732,0.6152186075846354,59.96002664890073
part_001.mp4,435,0,10,0.0161095652248008,0.6376388549804688,0.6691896721168801,9,0.0066843270602435,0.6157777786254883,59.96002664890073
part_001.mp4,436,0,11,0.0162391707348465,0.6374794006347656,0.6653912049752695,10,0.006305192163822,0.614919916788737,59.96002664890073
part_001.mp4,437,0,8,0.0161038618654344,0.636770502726237,0.6592868098506222,7,0.0066785787152346,0.6126887003580729,59.96002664890073
part_001.mp4,438,0,9,0.015724727774478,0.6361525853474935,0.6517465026290329,8,0.0067958252921622,0.6122240702311198,59.96002664890073
part_001.mp4,439,0,10,0.0153831052828576,0.6348042170206706,0.6475125206841363,9,0.0062965544357764,0.6088999430338542,59.96002664890073
part_001.mp4,440,0,9,0.0149734815582633,0.6334091186523437,0.6391190705475984,8,0.0063547383991277,0.6087494532267252,59.96002664890073
part_001.mp4,441,0,9,0.0149622556796223,0.6325883865356445,0.6328738530476888,8,0.0059618744015299,0.6114996592203776,59.96002664890073
part_001.mp4,442,0,7,0.0149903636458771,0.6321798960367838,0.6257965229175709,6,0.0062836791954598,0.6086795806884766,59.96002664890073
part_001.mp4,443,0,9,0.014701670494177,0.6314191818237305,0.6204724771005136,8,0.0060099568725369,0.6073689142862956,59.96002664890073
part_001.mp4,444,0,8,0.0145375050070759,0.6303804397583008,0.6139865522031431,7,0.0060381676061499,0.6081035614013672,59.96002664890073
part_001.mp4,445,0,9,0.0140929178482178,0.6288434982299804,0.6088154828106915,8,0.0058010086916328,0.6070476531982422,59.96002664890073
part_001.mp4,446,0,8,0.0140072198329927,0.6286213556925456,0.6030875877097801,7,0.0057926601888094,0.6053306579589843,59.96002664890073
part_001.mp4,447,0,7,0.0138689675951523,0.6275017420450847,0.5991615577980324,7,0.0138689675951523,0.6275017420450847,59.96002664890073
part_001.mp4,448,0,8,0.0137244860541371,0.6264229456583659,0.5946727399472838,8,0.0137244860541371,0.6264229456583659,59.96002664890073
part_001.mp4,449,0,9,0.0133044610083258,0.6259550094604492,0.5855822386565032,9,0.0133044610083258,0.6259550094604492,59.96002664890073
part_001.mp4,450,0,9,0.0133775179031668,0.6252074559529622,0.5808591348153573,9,0.0133775179031668,0.6252074559529622,59.96002664890073
part_001.mp4,451,0,8,0.0130400667590296,0.6242495854695638,0.5731020750822844,8,0.0130400667590296,0.6242495854695638,59.96002664890073
part_001.mp4,452,0,8,0.0131863797680772,0.6239351908365885,0.5677806430392796,8,0.0131863797680772,0.6239351908365885,59.96002664890073
part_001.mp4,453,0,9,0.0131193706372141,0.6232973098754883,0.5633448706732855,9,0.0131193706372141,0.6232973098754883,59.96002664890073
part_001.mp4,454,0,12,0.0130531163471379,0.6220809936523437,0.5605731964111328,11,0.0130531163471379,0.6220809936523437,59.96002664890073
part_001.mp4,455,0,12,0.0124299549945862,0.6192861557006836,0.5549019707573785,11,0.0124299549945862,0.6192861557006836,59.96002664890073
part_001.mp4,456,0,12,0.0122392717192512,0.6187264760335286,0.5506775750054254,11,0.0122392717192512,0.6187264760335286,59.96002664890073
part_001.mp4,457,0,13,0.012364536410817,0.6182629267374674,0.5493362991898149,12,0.012364536410817,0.6182629267374674,59.96002664890073
part_001.mp4,458,0,12,0.0120429420856655,0.6170992533365885,0.5410924275716146,11,0.0120429420856655,0.6170992533365885,59.96002664890073
part_001.mp4,459,0,13,0.0120941208004175,0.6172192255655925,0.5361122131347656,12,0.0120941208004175,0.6172192255655925,59.96002664890073
part_001.mp4,460,0,13,0.0121173265346442,0.6170135498046875,0.531577640109592,12,0.0121173265346442,0.6170135498046875,59.96002664890073
part_001.mp4,461,0,12,0.0120212712655583,0.6157300313313802,0.5277083644160518,11,0.0120212712655583,0.6157300313313802,59.96002664890073
part_001.mp4,462,0,12,0.0116741394575401,0.6144878387451171,0.5211430161087601,11,0.0116741394575401,0.6144878387451171,59.96002664890073
part_001.mp4,463,0,10,0.0115462805483925,0.612896982828776,0.5175931012188947,9,0.0115462805483925,0.612896982828776,59.96002664890073
part_001.mp4,464,0,8,0.0116251618351088,0.6123770395914714,0.5151587592230903,7,0.0116251618351088,0.6123770395914714,59.96002664890073
part_001.mp4,465,0,9,0.0117086431173523,0.6117576599121094,0.5128972512704355,8,0.0117086431173523,0.6117576599121094,59.96002664890073
part_001.mp4,466,0,8,0.0113118506847563,0.6104705810546875,0.5050224304199219,7,0.0113118506847563,0.6104705810546875,59.96002664890073
part_001.mp4,467,0,10,0.0110454271131311,0.6095434188842773,0.5001539442274305,9,0.0110454271131311,0.6095434188842773,59.96002664890073
part_001.mp4,468,0,8,0.0109356965240429,0.6087801615397136,0.497088298091182,7,0.0109356965240429,0.6087801615397136,59.96002664890073
part_001.mp4,469,0,8,0.0108611655247012,0.6082599639892579,0.4932121418140552,7,0.0108611655247012,0.6082599639892579,59.96002664890073
part_001.mp4,470,0,8,0.0108009606470457,0.6076641718546549,0.4899936252170139,7,0.0108009606470457,0.6076641718546549,59.96002664890073
part_001.mp4,471,0,8,0.0106771064104719,0.6063717524210612,0.4870973375108507,7,0.0106771064104719,0.6063717524210612,59.96002664890073
part_001.mp4,472,0,8,0.0103980670956096,0.6059091567993165,0.4816798033537688,7,0.0103980670956096,0.6059091567993165,59.96002664890073
part_001.mp4,473,0,11,0.0103237910523118,0.6046943664550781,0.4777416653103298,9,0.0103237910523118,0.6046943664550781,59.96002664890073
part_001.mp4,474,0,8,0.0101679823356486,0.6039002100626628,0.4739186180962456,7,0.0101679823356486,0.6039002100626628,59.96002664890073
part_001.mp4,475,0,11,0.0102193926182937,0.6036214828491211,0.4689007229275174,10,0.0102193926182937,0.6036214828491211,59.96002664890073
part_001.mp4,476,0,11,0.0101501893490138,0.602389144897461,0.4655050065782335,10,0.0101501893490138,0.602389144897461,59.96002664890073
part_001.mp4,477,0,12,0.0100264282264106,0.6012311935424804,0.4608099195692274,11,0.0100264282264106,0.6012311935424804,59.96002664890073
part_001.mp4,478,0,13,0.0101073175894863,0.600387446085612,0.4580417774341724,12,0.0101073175894863,0.600387446085612,59.96002664890073
part_001.mp4,479,0,12,0.0098460816673819,0.5995262781778972,0.4549210583722149,11,0.0098460816673819,0.5995262781778972,59.96002664890073
part_001.mp4,480,0,12,0.0099393415532055,0.5986390431722005,0.4529541863335503,11,0.0099393415532055,0.5986390431722005,59.96002664890073
part_001.mp4,481,0,13,0.0098778490641092,0.5976696650187174,0.4480286068386502,12,0.0098778490641092,0.5976696650187174,59.96002664890073
part_001.mp4,482,0,12,0.0094020608657889,0.5959230422973633,0.4458148532443576,11,0.0094020608657889,0.5959230422973633,59.96002664890073
part_001.mp4,483,0,12,0.0092531660638794,0.5951639811197916,0.4427301618787977,11,0.0092531660638794,0.5951639811197916,59.96002664890073
part_001.mp4,484,0,11,0.0096434873324475,0.6244134902954102,0.8496330949995253,10,0.0092328431843876,0.5944126129150391,59.96002664890073
part_001.mp4,485,0,9,0.0097332256057597,0.6228630065917968,0.8474443170759413,8,0.0089375252895115,0.5925745010375977,59.96002664890073
part_001.mp4,486,0,9,0.0096967605779557,0.6215000152587891,0.8459705988566081,8,0.0089522171625059,0.5918368021647136,59.96002664890073
part_001.mp4,487,0,10,0.0101434336136056,0.6214850107828777,0.8420238071017795,9,0.0089022427813162,0.5904636383056641,59.96002664890073
part_001.mp4,488,0,11,0.0100614088274798,0.620249621073405,0.839677365620931,10,0.0088233215396273,0.5899410883585612,59.96002664890073
part_001.mp4,489,0,10,0.0103051023075278,0.6203953425089518,0.8374325434366862,9,0.0086934653951579,0.589497439066569,59.96002664890073
part_001.mp4,490,0,9,0.0105858463006128,0.6202274322509765,0.8323003345065647,8,0.0086063635083485,0.5886989593505859,59.96002664890073
part_001.mp4,491,0,9,0.0106040904506102,0.6190952936808268,0.8298940040447094,8,0.0085034701389596,0.5888643264770508,59.96002664890073
part_001.mp4,492,0,8,0.0107275721699544,0.6185483932495117,0.8273761396054868,7,0.008231859200904,0.5870392481486003,59.96002664890073
part_001.mp4,493,0,8,0.01094465968307,0.617878532409668,0.8240321636199951,7,0.0080581703620393,0.5860466003417969,59.96002664890073
part_001.mp4,494,0,8,0.0111298032229418,0.61734619140625,0.8218285931481255,7,0.0081683788054269,0.5859424591064453,59.96002664890073
part_001.mp4,495,0,8,0.0112764649372467,0.6166000366210938,0.8193095948961046,7,0.0081951744956044,0.5854934056599935,59.96002664890073
part_001.mp4,496,0,9,0.0116211348372073,0.6164202372233073,0.8182093090481228,8,0.008084791485691,0.5840968449910482,59.96002664890073
part_001.mp4,497,0,10,0.0115571524502566,0.6152954737345377,0.8178884930080838,9,0.0080705030502522,0.5841822306315104,59.96002664890073
part_001.mp4,498,0,11,0.0117584762417472,0.6153467178344727,0.8148966047498915,10,0.0079895752405808,0.5832263946533203,59.96002664890073
part_001.mp4,499,0,9,0.011994996159014,0.6148792266845703,0.8123364837081344,8,0.0077231104576074,0.5820301691691081,59.96002664890073
part_001.mp4,500,0,11,0.0120619183576356,0.6143831253051758,0.8109570891768844,10,0.0074445970862143,0.5799404144287109,59.96002664890073
part_001.mp4,501,0,11,0.012236229436457,0.6138111114501953,0.8061036498458297,10,0.0073442031264346,0.5783344268798828,59.96002664890073
part_001.mp4,502,0,11,0.0122644583228786,0.6132338205973308,0.8049216870908384,10,0.0073543742995213,0.5786083221435547,59.96002664890073
part_001.mp4,503,0,11,0.0123017013363763,0.6120073318481445,0.7991820017496745,10,0.007522406948676,0.5793693542480469,59.96002664890073
part_001.mp4,504,0,13,0.0123378633173962,0.6124214808146159,0.8027554052847403,12,0.0074388579847557,0.5785325368245443,59.96002664890073
part_001.mp4,505,0,11,0.0124195622273031,0.6112010955810547,0.8020558039347331,10,0.0073171173348681,0.5786341349283854,59.96002664890073
part_001.mp4,506,0,11,0.0124846979669625,0.6102882385253906,0.7991975996229383,10,0.0072266306460099,0.5779081980387369,59.96002664890073
part_001.mp4,507,0,10,0.012609313816841,0.609760856628418,0.7935899522569444,9,0.0072991617608446,0.5782748540242513,59.96002664890073
part_001.mp4,508,0,10,0.012885182379808,0.6090211868286133,0.7892171647813585,9,0.0073908685243216,0.5786493301391602,59.96002664890073
part_001.mp4,509,0,11,0.0129104384174247,0.6086266199747722,0.7887418535020616,10,0.0073132872297894,0.5774487177530925,59.96002664890073
part_001.mp4,510,0,12,0.0131571923355888,0.6082208633422852,0.7862620106449834,11,0.0073278488863317,0.5771793365478516,59.96002664890073
part_001.mp4,511,0,12,0.0132302083978486,0.6079121271769206,0.7851920516402633,11,0.0072036087145498,0.5764995574951172,59.96002664890073
part_001.mp4,512,0,10,0.0133151374972334,0.6074718475341797,0.7831424925062391,9,0.0073170754624017,0.576974360148112,59.96002664890073
part_001.mp4,513,0,10,0.0134500271122669,0.6068822860717773,0.7820109261406792,9,0.0070157480053603,0.5758395512898763,59.96002664890073
part_001.mp4,514,0,8,0.0134823926926926,0.6061348597208659,0.7795149909125434,7,0.0069197264479868,0.5752909342447917,59.96002664890073
part_001.mp4,515,0,9,0.0135944709673572,0.6061781565348308,0.7778950655901874,8,0.0068782294274812,0.5751680374145508,59.96002664890073
part_001.mp4,516,0,8,0.013633217017384,0.6051539103190104,0.7756932011357061,7,0.0068417292212581,0.5748144785563151,59.96002664890073
part_001.mp4,517,0,8,0.0139061478989785,0.6054639180501302,0.774456751788104,7,0.0068805549411061,0.5751276016235352,59.96002664890073
part_001.mp4,518,0,7,0.0139713260933485,0.6049301147460937,0.7719671108104564,6,0.006743382193963,0.5744382858276367,59.96002664890073
part_001.mp4,519,0,8,0.0141052716808917,0.6048290888468425,0.7693916108873156,7,0.0066941200014215,0.5742839813232422,59.96002664890073
part_001.mp4,520,0,8,0.0143164149452032,0.6047066370646159,0.7670328352186415,7,0.0065246150126336,0.5737534205118815,59.96002664890073
part_001.mp4,521,0,8,0.0143502169052953,0.6048236846923828,0.7625308142768012,7,0.0064155039994511,0.5732789993286133,59.96002664890073
part_001.mp4,522,0,8,0.0142283768404417,0.6037214914957683,0.7579329596625434,7,0.0063168423774024,0.5729816436767579,59.96002664890073
part_001.mp4,523,0,8,0.0143111843368387,0.6038357416788737,0.7590095520019531,7,0.0064395179747845,0.5730894088745118,59.96002664890073
part_001.mp4,524,0,8,0.0140467883738569,0.6028034845987956,0.7559365307843243,7,0.0063589698487097,0.5725446701049804,59.96002664890073
part_001.mp4,525,0,8,0.0136446713892655,0.6013548533121745,0.7529664922643591,7,0.0063470413124984,0.5723258972167968,59.96002664890073
part_001.mp4,526,0,8,0.0135559255700058,0.6000223159790039,0.7401579680266204,7,0.0065714277486107,0.5720659255981445,59.96002664890073
part_001.mp4,527,0,9,0.0132345318613389,0.5996575037638346,0.7342847117671261,8,0.006551023974035,0.5719586054484049,59.96002664890073
part_001.mp4,528,0,9,0.0130112061999736,0.5990804672241211,0.7288470021000615,8,0.0063530746661611,0.571657943725586,59.96002664890073
part_001.mp4,529,0,9,0.012916406351663,0.5987570444742839,0.7228418632789895,7,0.0062343624187633,0.5712663650512695,59.96002664890073
part_001.mp4,530,0,10,0.0126411756979198,0.5979239145914713,0.7195376078287761,8,0.0059088711749468,0.5703195571899414,59.96002664890073
part_001.mp4,531,0,9,0.0129118384568129,0.5982219696044921,0.7136146898622866,7,0.0059066462302979,0.5703907012939453,59.96002664890073
part_001.mp4,532,0,10,0.0128152214350154,0.5979642868041992,0.7048725799277976,8,0.0057572528097726,0.5699077606201172,59.96002664890073
part_001.mp4,533,0,10,0.0124232689960141,0.5971600214640299,0.7038912455240885,8,0.0057653503123826,0.5699081420898438,59.96002664890073
part_001.mp4,534,0,10,0.0127669966155533,0.597406005859375,0.6936276329888238,8,0.0056893665561065,0.5696505228678386,59.96002664890073
part_001.mp4,535,0,10,0.0120879953985287,0.5964039484659831,0.6913094555890119,8,0.0057048070944465,0.5697590510050455,59.96002664890073
part_001.mp4,536,0,10,0.0119040353298381,0.5963179906209309,0.6865444006743254,8,0.0056962150771869,0.5698240280151368,59.96002664890073
part_001.mp4,537,0,10,0.0118164191589554,0.5955786387125651,0.6826065911187066,8,0.0056564074264629,0.5699612299601237,59.96002664890073
part_001.mp4,538,0,10,0.0117173441130607,0.5959440867106119,0.6790603355125144,8,0.0056972369436536,0.5701073964436849,59.96002664890073
part_001.mp4,539,0,10,0.0115609098312312,0.5955457051595052,0.6739378681889286,8,0.0056502672358571,0.5697948455810546,59.96002664890073
part_001.mp4,540,0,10,0.0112400651796795,0.5944739023844401,0.6645558816415292,8,0.0057566492615269,0.5705164591471354,59.96002664890073
part_001.mp4,541,0,10,0.0111022846458029,0.5949253718058268,0.6637752674244068,8,0.0057279702543611,0.5705969492594402,59.96002664890073
part_001.mp4,542,0,10,0.01080411666461,0.5940850575764974,0.6576056233158818,8,0.0057151481908901,0.570544687906901,59.96002664890073
part_001.mp4,543,0,9,0.0104797437859653,0.5936604181925456,0.6544814215766059,7,0.005594818669167,0.5705551783243815,59.96002664890073
part_001.mp4,544,0,9,0.0106773821698403,0.5944864273071289,0.648472566957827,7,0.0054988059435143,0.5704653422037761,59.96002664890073
part_001.mp4,545,0,9,0.0105732023389282,0.5941633860270182,0.6464412759851527,7,0.0055523511442906,0.5707405726114909,59.96002664890073
part_001.mp4,546,0,9,0.010525997657961,0.5941928863525391,0.6402440318354854,7,0.0054670441209034,0.5707622528076172,59.96002664890073
part_001.mp4,547,0,8,0.0104538791911181,0.5940590540568034,0.6339434729682074,6,0.0054588767188828,0.5707159678141276,59.96002664890073
part_001.mp4,548,0,9,0.0104095930805056,0.5941862106323242,0.6272788083111799,7,0.0053840501461484,0.5706794738769532,59.96002664890073
part_001.mp4,549,0,10,0.0103422059140782,0.5937055587768555,0.621168871279116,8,0.0053630348201841,0.5706295013427735,59.96002664890073
part_001.mp4,550,0,10,0.0099136991640297,0.5934170405069987,0.6193251009340639,8,0.005456209095125,0.5707770029703776,59.96002664890073
part_001.mp4,551,0,10,0.0099724492660041,0.5933088302612305,0.6152593400743273,8,0.0054756862620158,0.5709787368774414,59.96002664890073
part_001.mp4,552,0,11,0.0093974924182879,0.5918548583984375,0.6178479583175094,9,0.0054377927440617,0.5708560943603516,59.96002664890073
part_001.mp4,553,0,10,0.0094539735125686,0.5897199630737304,0.6118407284771955,8,0.0053064260368571,0.5697963078816731,59.96002664890073
part_001.mp4,554,0,11,0.0093381502776941,0.5896814982096354,0.6051564746432834,9,0.0052583185858869,0.5698020935058594,59.96002664890073
part_001.mp4,555,0,10,0.0095000548551454,0.590530268351237,0.5999459090056243,9,0.0095000548551454,0.590530268351237,59.96002664890073
part_001.mp4,556,0,10,0.0093962534569436,0.5907968521118164,0.5972789623119213,9,0.0093962534569436,0.5907968521118164,59.96002664890073
part_001.mp4,557,0,11,0.0090039583324189,0.5902135848999024,0.5947875764634875,10,0.0090039583324189,0.5902135848999024,59.96002664890073
part_001.mp4,558,0,11,0.0090271281683934,0.5899932861328125,0.5860851358484339,10,0.0090271281683934,0.5899932861328125,59.96002664890073
part_001.mp4,559,0,11,0.008791381391412,0.5898778915405274,0.5875747680664063,10,0.008791381391412,0.5898778915405274,59.96002664890073
part_001.mp4,560,0,9,0.0090603243307796,0.5898810068766276,0.5821702038800275,8,0.0090603243307796,0.5898810068766276,59.96002664890073
part_001.mp4,561,0,8,0.0090030845214264,0.5898354212443034,0.5774884965684679,7,0.0090030845214264,0.5898354212443034,59.96002664890073
part_001.mp4,562,0,8,0.0089205063438486,0.6046014785766601,0.8640096735071253,7,0.0086066208471688,0.5893068313598633,59.96002664890073
part_001.mp4,563,0,6,0.009076858020926,0.6048399607340494,0.8623599229035555,5,0.0083313823581044,0.5888298034667969,59.96002664890073
part_001.mp4,564,0,6,0.0093978747980872,0.6057720184326172,0.8588567733764648,5,0.0082792115371315,0.5887966156005859,59.96002664890073
part_001.mp4,565,0,7,0.0096433744129185,0.6058122634887695,0.8552079306708442,6,0.0081680369204929,0.5887153625488282,59.96002664890073
part_001.mp4,566,0,8,0.0099198063266225,0.6057119369506836,0.8511097024988246,7,0.0079575237392122,0.588908576965332,59.96002664890073
part_001.mp4,567,0,8,0.0099828678409923,0.6047334671020508,0.8458878782060412,7,0.0085316627637237,0.5912246704101562,59.96002664890073
part_001.mp4,568,0,9,0.0101907441042261,0.6056478500366211,0.8455365993358471,8,0.008579935724847,0.5916389465332031,59.96002664890073
part_001.mp4,569,0,10,0.0103780178583447,0.6056303024291992,0.8418902149906865,9,0.0086478867771479,0.5921642939249675,59.96002664890073
part_001.mp4,570,0,8,0.0105796250407275,0.6063475926717122,0.839679804554692,7,0.0077142942535948,0.5889238357543946,59.96002664890073
part_001.mp4,571,0,8,0.0107039351604773,0.6063375473022461,0.838572085345233,7,0.0075941232621456,0.5888827641805013,59.96002664890073
part_001.mp4,572,0,9,0.0107850612762747,0.6062985738118489,0.8355781413890697,8,0.0076129836353842,0.5899998982747395,59.96002664890073
part_001.mp4,573,0,8,0.0111391808926724,0.6067298889160156,0.830806251808449,7,0.0073627763498532,0.5898028055826823,59.96002664890073
part_001.mp4,574,0,11,0.0114688944417341,0.6073482513427735,0.8285153494940863,10,0.0073771564016513,0.5902385711669922,59.96002664890073
part_001.mp4,575,0,10,0.0115536665858295,0.6071669260660807,0.8268163734012179,9,0.0072827046520413,0.589275614420573,59.96002664890073
part_001.mp4,576,0,10,0.0115399032809,0.607188860575358,0.8260329723358154,9,0.0071474352849165,0.5893560409545898,59.96002664890073
part_001.mp4,577,0,9,0.0118942542935164,0.6076751708984375,0.8198529773288303,8,0.0068758066375287,0.5891845703125,59.96002664890073
part_001.mp4,578,0,9,0.0119930386387649,0.6077812194824219,0.81677672068278,8,0.0068552586330204,0.5895355860392253,59.96002664890073
part_001.mp4,579,0,8,0.0121515210072781,0.6077487945556641,0.8151262071397569,7,0.0066890344352577,0.5892847061157227,59.96002664890073
part_001.mp4,580,0,9,0.0123032764775093,0.6078001658121744,0.813184533295808,8,0.0065400034748017,0.589138412475586,59.96002664890073
part_001.mp4,581,0,12,0.0123252880342885,0.6071326573689778,0.8087299205638744,11,0.0061231321431329,0.5870489120483399,59.96002664890073
part_001.mp4,582,0,10,0.0128465732789967,0.6080450057983399,0.8054600680315936,9,0.006156898052022,0.588290786743164,59.96002664890073
part_001.mp4,583,0,10,0.0127212560615347,0.6080748240152994,0.8018685234917535,9,0.006663229321647,0.5906494140625,59.96002664890073
part_001.mp4,584,0,10,0.0125071712416603,0.6073364893595378,0.8009483761257595,9,0.006553084405249,0.5906967163085938,59.96002664890073
part_001.mp4,585,0,10,0.0125570221319018,0.6071440378824869,0.7991735246446398,9,0.0061735025593305,0.5893514633178711,59.96002664890073
part_001.mp4,586,0,10,0.0127947916208844,0.6074714660644531,0.7960264417860243,9,0.0058303411767557,0.5885712305704752,59.96002664890073
part_001.mp4,587,0,9,0.0129606572257034,0.6074116388956706,0.7949273427327473,8,0.0060031194354814,0.5884165445963542,59.96002664890073
part_001.mp4,588,0,11,0.013218302950969,0.6082968393961589,0.7920004526774088,10,0.0059434414751767,0.588848622639974,59.96002664890073
part_001.mp4,589,0,9,0.0134829404228407,0.6087450663248698,0.7890570393315068,8,0.0059851434577743,0.5892797470092773,59.96002664890073
part_001.mp4,590,0,9,0.0135132452295915,0.6081987380981445,0.7848988497698749,8,0.0057063483395581,0.589323616027832,59.96002664890073
part_001.mp4,591,0,8,0.0139108837166875,0.6091058731079102,0.7822823842366536,7,0.0056138928790217,0.5892999649047852,59.96002664890073
part_001.mp4,592,0,14,0.0143291176185322,0.6096498489379882,0.7801495516741718,13,0.0057829616987146,0.5898884455362956,59.96002664890073
part_001.mp4,593,0,14,0.0141981319746992,0.6089302062988281,0.7796682993570964,13,0.0057562434403128,0.5897882461547852,59.96002664890073
part_001.mp4,594,0,13,0.0142074175606318,0.6093775431315104,0.7776976550066913,12,0.0056956206402025,0.5904813130696615,59.96002664890073
part_001.mp4,595,0,13,0.0140470150062174,0.6084184646606445,0.7750818040635851,12,0.0057283888575707,0.5909938812255859,59.96002664890073
part_001.mp4,596,0,12,0.0139363737198032,0.6074419021606445,0.772745203088831,11,0.0056864040673503,0.5908601760864258,59.96002664890073
part_001.mp4,597,0,12,0.0142269901027692,0.6081745147705078,0.7708016713460286,11,0.0056467010002557,0.5909564971923829,59.96002664890073
part_001.mp4,598,0,11,0.0148305872516087,0.6092836380004882,0.7654731821130824,10,0.0055488043734469,0.5905808766682943,59.96002664890073
part_001.mp4,599,0,11,0.0146827667585724,0.6086055119832356,0.762181282043457,10,0.0054557903398138,0.5906137466430664,59.96002664890073
part_001.mp4,600,0,9,0.0146250779138548,0.6082892735799154,0.7589124043782552,8,0.005470114054915,0.5905849456787109,59.96002664890073
part_001.mp4,601,0,10,0.0145385530129311,0.6081139882405598,0.7551630585281938,9,0.0052538988620249,0.5901421229044597,59.96002664890073
part_001.mp4,602,0,10,0.014134416475703,0.6073305765787761,0.7531217928285951,9,0.0052039528877503,0.5904316584269206,59.96002664890073
part_001.mp4,603,0,11,0.013899157891501,0.6068119684855143,0.7459235721164279,10,0.0049957456220646,0.5902632395426433,59.96002664890073
part_001.mp4,604,0,12,0.0136329008165378,0.6075279235839843,0.7368525540387189,11,0.0048564108113189,0.5902620951334635,59.96002664890073
part_001.mp4,605,0,12,0.0136547444631934,0.6072601954142253,0.7334908662018953,11,0.0047857060332898,0.5903404235839844,59.96002664890073
part_001.mp4,606,0,11,0.0129905148765828,0.6067892074584961,0.7189467536078559,10,0.0048647909669671,0.59066162109375,59.96002664890073
part_001.mp4,607,0,11,0.0131715528122084,0.6068129221598307,0.7169503106011285,10,0.0047887950512813,0.5910968144734701,59.96002664890073
part_001.mp4,608,0,13,0.0129414126376064,0.6066654841105144,0.7109516814902976,11,0.0047829240175714,0.5911785125732422,59.96002664890073
part_001.mp4,609,0,15,0.0125344334974781,0.606649653116862,0.7027749803331164,13,0.0047516254201279,0.5909063975016277,59.96002664890073
part_001.mp4,610,0,12,0.0126617859988174,0.6066185633341471,0.7002796490987142,10,0.0046344248889956,0.5911216735839844,59.96002664890073
part_001.mp4,611,0,13,0.0126135901184898,0.607232666015625,0.6939347585042318,11,0.0045010126889004,0.5911476135253906,59.96002664890073
part_001.mp4,612,0,11,0.0125843941098234,0.607148551940918,0.6888236045837403,9,0.0044001903508615,0.5906906763712565,59.96002664890073
part_001.mp4,613,0,11,0.0125866891230516,0.6067382176717122,0.6856586244371202,9,0.0044346592804261,0.591106096903483,59.96002664890073
part_001.mp4,614,0,11,0.0125002469165584,0.607000986735026,0.6812716413427282,9,0.0044600687467027,0.5911977132161458,59.96002664890073
part_001.mp4,615,0,10,0.0121289963598399,0.607301139831543,0.6700954154685691,8,0.0042961772058603,0.5914957046508789,59.96002664890073
part_001.mp4,616,0,10,0.011914356904308,0.6068662643432617,0.6610706753200954,8,0.0043928380773986,0.5918795267740885,59.96002664890073
part_001.mp4,617,0,11,0.0116611247012518,0.6057100296020508,0.6546547713103118,9,0.0042805043872489,0.5916699091593425,59.96002664890073
part_001.mp4,618,0,12,0.01115242819208,0.6048856099446615,0.6458438520078306,10,0.0042608157624231,0.5916319529215495,59.96002664890073
part_001.mp4,619,0,12,0.0112028709252343,0.6049553553263346,0.6447060267130534,10,0.0042109634420679,0.5915297190348308,59.96002664890073
part_001.mp4,620,0,13,0.0112864642376191,0.6047883987426758,0.6425352237842701,11,0.0041281858592022,0.5914153416951498,59.96002664890073
part_001.mp4,621,0,12,0.0110418720723558,0.6047311782836914,0.6339545497187862,10,0.0040031245989666,0.5909154891967774,59.96002664890073
part_001.mp4,622,0,11,0.0107939199398633,0.6051300048828125,0.6265322014137551,9,0.0040148138123698,0.590811284383138,59.96002664890073
part_001.mp4,623,0,12,0.0106192363860221,0.6050676981608073,0.6222933592619719,10,0.0039196481143503,0.5905916213989257,59.96002664890073
part_001.mp4,624,0,11,0.0106035401961101,0.6047319412231446,0.6186610963609483,9,0.0039524961992477,0.5905780156453451,59.96002664890073
part_001.mp4,625,0,11,0.0103177995781978,0.6041021982828776,0.6124254156042028,9,0.0039724306641922,0.5912612915039063,59.96002664890073
part_001.mp4,626,0,11,0.010232037733068,0.6041528701782226,0.6048678150883428,9,0.0038575000185584,0.5913267771402995,59.96002664890073
part_001.mp4,627,0,13,0.0101094816947815,0.6039122263590495,0.5984568772492586,12,0.0101094816947815,0.6039122263590495,59.96002664890073
part_001.mp4,628,0,9,0.0097095342190705,0.6028511683146159,0.5892971603958695,8,0.0097095342190705,0.6028511683146159,59.96002664890073
part_001.mp4,629,0,9,0.0095835883835873,0.6033589045206705,0.5859705041956018,8,0.0095835883835873,0.6033589045206705,59.96002664890073
part_001.mp4,630,0,10,0.0094589081781745,0.6031956990559896,0.5833633140281395,9,0.0094589081781745,0.6031956990559896,59.96002664890073
part_001.mp4,631,0,10,0.0094775507705883,0.6030317942301432,0.5787525742142289,9,0.0094775507705883,0.6030317942301432,59.96002664890073
part_001.mp4,632,0,10,0.0095950186628033,0.6034791946411133,0.5744505423086661,9,0.0095950186628033,0.6034791946411133,59.96002664890073
part_001.mp4,633,0,12,0.0094810087931977,0.6035027186075846,0.5705994076199001,11,0.0094810087931977,0.6035027186075846,59.96002664890073
part_001.mp4,634,0,10,0.0089046974997742,0.6025564193725585,0.5626839673077618,9,0.0089046974997742,0.6025564193725585,59.96002664890073
part_001.mp4,635,0,11,0.0093221558267315,0.6038738250732422,0.5552479214138455,10,0.0093221558267315,0.6038738250732422,59.96002664890073
part_001.mp4,636,0,11,0.0092702753270867,0.6037842432657877,0.5503942418981481,10,0.0092702753270867,0.6037842432657877,59.96002664890073
part_001.mp4,637,0,10,0.0086185786881671,0.6022724151611328,0.5462426362214265,9,0.0086185786881671,0.6022724151611328,59.96002664890073
part_001.mp4,638,0,11,0.0086768344209202,0.6020143508911133,0.5395374863236039,10,0.0086768344209202,0.6020143508911133,59.96002664890073
part_001.mp4,639,0,11,0.008496336932391,0.6021601359049479,0.5378317938910591,10,0.008496336932391,0.6021601359049479,59.96002664890073
part_001.mp4,640,0,9,0.0085555997921942,0.6021937688191732,0.5327737172444661,8,0.0085555997921942,0.6021937688191732,59.96002664890073
part_001.mp4,641,0,11,0.0090137870920393,0.6228170394897461,0.8428855948978,10,0.0085286597960037,0.6025798797607422,59.96002664890073
part_001.mp4,642,0,11,0.0092597300694655,0.6235567728678385,0.8407047483656142,10,0.0084596593085087,0.6025448481241862,59.96002664890073
part_001.mp4,643,0,9,0.0095569613497624,0.624081039428711,0.8388238553647642,8,0.0085189137474689,0.6029305775960286,59.96002664890073
part_001.mp4,644,0,10,0.009951448913974,0.6246338526407877,0.8321392483181423,9,0.0085958324161765,0.6035406112670898,59.96002664890073
part_001.mp4,645,0,12,0.0100432375256506,0.6242071151733398,0.8310067618334734,11,0.0084277938093146,0.6032023111979167,59.96002664890073
part_001.mp4,646,0,12,0.0103188780145956,0.624178123474121,0.8299709373050266,11,0.0083246076457241,0.6033375422159831,59.96002664890073
part_001.mp4,647,0,11,0.0103683215136839,0.6236227671305339,0.8281764260044804,10,0.0083374490062016,0.6033348083496094,59.96002664890073
part_001.mp4,648,0,10,0.0103872976141307,0.6232456207275391,0.8265990999009875,9,0.0079544807618529,0.6015110651652018,59.96002664890073
part_001.mp4,649,0,11,0.0104935280830027,0.623598289489746,0.8253442499372694,10,0.0079521158335437,0.6011878331502278,59.96002664890073
part_001.mp4,650,0,11,0.010481518311329,0.6229536056518554,0.8235249837239583,10,0.0076718163713263,0.600958251953125,59.96002664890073
part_001.mp4,651,0,10,0.0108209564518296,0.6233311971028646,0.817337523566352,9,0.0076958858897858,0.6008495966593425,59.96002664890073
part_001.mp4,652,0,10,0.011072484882162,0.6238777160644531,0.8143476274278428,9,0.0075937852608816,0.6006603876749674,59.96002664890073
part_001.mp4,653,0,10,0.011143411721714,0.6232044855753581,0.8105342017279731,9,0.0072941971456155,0.600187873840332,59.96002664890073
part_001.mp4,654,0,9,0.0114113198666018,0.6238867441813151,0.8073895772298177,8,0.0070639174598262,0.6000200271606445,59.96002664890073
part_001.mp4,655,0,8,0.0116682141314312,0.6239628473917643,0.8043643527560764,7,0.0072172263085667,0.6003449757893881,59.96002664890073
part_001.mp4,656,0,9,0.0116274811011483,0.6226663589477539,0.8013637401439525,8,0.0072432262518796,0.6004520416259765,59.96002664890073
part_001.mp4,657,0,11,0.0117898087315107,0.6229257583618164,0.7996844185723199,10,0.0071579473038178,0.6000279108683269,59.96002664890073
part_001.mp4,658,0,9,0.0117749491987971,0.6226101557413737,0.7976402777212638,8,0.0070082135627874,0.5995718638102213,59.96002664890073
part_001.mp4,659,0,8,0.0118732466036453,0.6224800109863281,0.7958548651801215,7,0.0069187816014568,0.5993072509765625,59.96002664890073
part_001.mp4,660,0,8,0.0119721005900291,0.6221084594726562,0.7927292364614981,7,0.0067903968111797,0.5989906311035156,59.96002664890073
part_001.mp4,661,0,7,0.0121438983240902,0.6219106674194336,0.7893780178493923,6,0.0070963476359611,0.5993117014567058,59.96002664890073
part_001.mp4,662,0,7,0.0122549068108411,0.6216712951660156,0.7863385094536676,6,0.006839806551229,0.5995702743530273,59.96002664890073
part_001.mp4,663,0,7,0.012166538772374,0.6206295013427734,0.7854056323016131,6,0.0069068038767224,0.6000699996948242,59.96002664890073
part_001.mp4,664,0,8,0.0123547600416107,0.6212996164957683,0.7828765657212999,7,0.0067268373686319,0.5997908274332683,59.96002664890073
part_001.mp4,665,0,7,0.0123479838196699,0.6209150314331054,0.7806347529093425,6,0.0067921940149002,0.6001365661621094,59.96002664890073
part_001.mp4,666,0,8,0.0124231571968266,0.6204633712768555,0.7762625376383464,7,0.0067017003142164,0.6003535588582357,59.96002664890073
part_001.mp4,667,0,7,0.0124103255607338,0.6204786936442057,0.775749248928494,6,0.0069324582110722,0.6011568705240885,59.96002664890073
part_001.mp4,668,0,7,0.0124253057753473,0.6199462890625,0.772052256266276,6,0.0067810279361098,0.6007816314697265,59.96002664890073
part_001.mp4,669,0,6,0.012185467985642,0.6187097549438476,0.7708719959965459,5,0.0067365829644323,0.6003280639648437,59.96002664890073
part_001.mp4,670,0,6,0.0120294223314892,0.61787904103597,0.7680987534699617,5,0.0063473259908237,0.5992229461669922,59.96002664890073
part_001.mp4,671,0,6,0.0126900531711133,0.6192739486694336,0.764216027436433,5,0.0062586595233329,0.5992136001586914,59.96002664890073
part_001.mp4,672,0,8,0.0120439824810253,0.6154569625854492,0.7588352839152018,7,0.0063784629136353,0.5999904632568359,59.96002664890073
part_001.mp4,673,0,9,0.0115656480106545,0.6162530899047851,0.7416725865116826,7,0.0063017859908803,0.5993001302083333,59.96002664890073
part_001.mp4,674,0,8,0.0110341527916952,0.615389633178711,0.7323542418303313,6,0.0061665620425116,0.5980494817097982,59.96002664890073
part_001.mp4,675,0,8,0.0104303474285916,0.6137884140014649,0.7238102595011393,6,0.0061494485555778,0.5982237497965495,59.96002664890073
part_001.mp4,676,0,8,0.0107424316957743,0.615171241760254,0.7212544547186958,6,0.0059212724217407,0.5986453374226888,59.96002664890073
part_001.mp4,677,0,9,0.0102749654501288,0.6141567866007487,0.7129235161675347,7,0.0059379851153152,0.5985251108805338,59.96002664890073
part_001.mp4,678,0,9,0.0100915029651595,0.6137398401896159,0.7066128342239945,7,0.0057444970767634,0.5982613245646159,59.96002664890073
part_001.mp4,679,0,10,0.0100731831613001,0.613619613647461,0.703057571693703,8,0.0057246110936264,0.5976558685302734,59.96002664890073
part_001.mp4,680,0,11,0.0141972627946072,0.6204364776611329,0.7412082248263889,8,0.0060436903484622,0.5977591196695964,59.96002664890073
part_001.mp4,681,0,8,0.0094391089791315,0.6125929514567058,0.6878484937879774,6,0.005805268285589,0.5974793752034505,59.96002664890073
part_001.mp4,682,0,9,0.0131362098961997,0.6180111567179362,0.7355301751030816,6,0.0057507531740702,0.5971324920654297,59.96002664890073
part_001.mp4,683,0,7,0.009165221882749,0.6115772247314453,0.6772232055664062,5,0.0051309793771037,0.5951992034912109,59.96002664890073
part_001.mp4,684,0,7,0.0093033069079845,0.6122766494750976,0.6740759955512152,5,0.0048014478999215,0.5942100524902344,59.96002664890073
part_001.mp4,685,0,8,0.0090185220592684,0.612607765197754,0.6647751066419814,6,0.0047338939711658,0.5941301981608073,59.96002664890073
part_001.mp4,686,0,9,0.0088397116791424,0.6118443171183269,0.6622261118005823,7,0.0049419117166932,0.5950155258178711,59.96002664890073
part_001.mp4,687,0,10,0.0084254526934415,0.6110850016276042,0.6542690489027235,8,0.0049669909442309,0.5951841354370118,59.96002664890073
part_001.mp4,688,0,9,0.0083953351596574,0.6115406036376954,0.6480600286413122,7,0.005171169676404,0.5959224700927734,59.96002664890073
part_001.mp4,689,0,8,0.0085260217903851,0.6116853713989258,0.6464082576610424,6,0.0051151320467222,0.5955284754435222,59.96002664890073
part_001.mp4,690,0,9,0.0083088007815887,0.6107100168863933,0.6401876661512587,7,0.0051498928414204,0.5951452255249023,59.96002664890073
part_001.mp4,691,0,9,0.0083031180455725,0.6108261744181315,0.636462042066786,7,0.0050994984677527,0.5954180399576823,59.96002664890073
part_001.mp4,692,0,11,0.0083685092914957,0.6115057627360027,0.6333761073924877,9,0.0050161998305055,0.5949052810668946,59.96002664890073
part_001.mp4,693,0,11,0.0081803336398378,0.6112990697224935,0.6279346889919705,9,0.0052202899773881,0.5958864847819011,59.96002664890073
part_001.mp4,694,0,11,0.0082204727226053,0.6114089965820313,0.6221048990885417,9,0.0050163218830776,0.5958547592163086,59.96002664890073
part_001.mp4,695,0,11,0.0084155473323389,0.6119949976603191,0.6176877975463867,9,0.0047495119025687,0.5950653076171875,59.96002664890073
part_001.mp4,696,0,10,0.0081343075348262,0.6113884607950847,0.6108094250714338,8,0.004769620753359,0.5950044631958008,59.96002664890073
part_001.mp4,697,0,10,0.0081447452370344,0.6113755544026692,0.6094133306432653,8,0.0046073424464945,0.5947790145874023,59.96002664890073
part_001.mp4,698,0,10,0.008351694524888,0.624710210164388,0.8710914735440854,8,0.004433730863772,0.5944765726725261,59.96002664890073
part_001.mp4,699,0,9,0.0085494752128987,0.6230414072672527,0.8658680827529343,7,0.0044382089061643,0.5945957183837891,59.96002664890073
part_001.mp4,700,0,10,0.0085068902734747,0.6235994338989258,0.8670903152889675,9,0.0078639168335418,0.6102209091186523,59.96002664890073
part_001.mp4,701,0,10,0.0085412914367528,0.62353941599528,0.8650995042588976,9,0.0077905411523533,0.6100209554036459,59.96002664890073
part_001.mp4,702,0,9,0.0087428217766141,0.6226125081380208,0.8612240279162372,8,0.0076045257933682,0.6096092224121094,59.96002664890073
part_001.mp4,703,0,9,0.0088611080197046,0.6226760864257812,0.858876821729872,8,0.007280141400716,0.6092201868693033,59.96002664890073
part_001.mp4,704,0,9,0.009054690505552,0.6232823053995769,0.8571797088340477,8,0.0073334461834935,0.6090744018554688,59.96002664890073
part_001.mp4,705,0,9,0.0094925697151466,0.6240879694620768,0.8534187387537073,8,0.0072996605245269,0.6089166641235352,59.96002664890073
part_001.mp4,706,0,10,0.0096588176990533,0.624636459350586,0.8521882004208035,9,0.0070945526143865,0.6090084711710612,59.96002664890073
part_001.mp4,707,0,9,0.0099515773913329,0.6244064331054687,0.8464984946780735,8,0.0069756473500213,0.6087867736816406,59.96002664890073
part_001.mp4,708,0,9,0.0102181599258053,0.6247521082560221,0.8433987988366021,8,0.0071149706617789,0.6093191146850586,59.96002664890073
part_001.mp4,709,0,11,0.0104323465588337,0.6255315780639649,0.8417065726386176,10,0.0069918751160003,0.6091288248697917,59.96002664890073
part_001.mp4,710,0,11,0.0106482066142658,0.626069704691569,0.8388457192314995,10,0.0069479400282427,0.6094030380249024,59.96002664890073
part_001.mp4,711,0,11,0.0109853057051346,0.6271873474121094,0.8352158723054108,10,0.0067821434969125,0.6091484705607096,59.96002664890073
part_001.mp4,712,0,11,0.0117067394590523,0.6291939417521158,0.8299090014563666,10,0.0066405942816659,0.6084465026855469,59.96002664890073
part_001.mp4,713,0,9,0.0116443671960395,0.6285041809082031,0.8294598420461019,8,0.0065803533235642,0.6082340876261393,59.96002664890073
part_001.mp4,714,0,9,0.0118014105506992,0.6288955688476563,0.8289735953013102,8,0.0065107777786572,0.6084405263264974,59.96002664890073
part_001.mp4,715,0,10,0.0116801111618577,0.627662467956543,0.8274969153934055,9,0.0065242675062661,0.6080694834391276,59.96002664890073
part_001.mp4,716,0,12,0.011981719034828,0.6278368631998698,0.8243767756002921,11,0.0065397490848166,0.6082125345865885,59.96002664890073
part_001.mp4,717,0,12,0.0122374443154937,0.6274524688720703,0.8191112942165799,11,0.0062699168463748,0.6077444076538085,59.96002664890073
part_001.mp4,718,0,11,0.0119751302892311,0.6259096145629883,0.8184572060902914,10,0.0060659137464505,0.6077202479044597,59.96002664890073
part_001.mp4,719,0,12,0.0121531948497916,0.6266241709391276,0.8169871436225044,11,0.0061076066318222,0.607959238688151,59.96002664890073
part_001.mp4,720,0,12,0.0126980012772643,0.6272112528483073,0.8117865668402777,11,0.0060845508106285,0.6086946487426758,59.96002664890073
part_001.mp4,721,0,12,0.0132277053398138,0.6267004013061523,0.8012203216552735,11,0.0059826275589992,0.6082712173461914,59.96002664890073
part_001.mp4,722,0,10,0.0132600744417626,0.6277993520100912,0.8038644790649414,9,0.0061442275212498,0.6076298395792643,59.96002664890073
part_001.mp4,723,0,10,0.0131206363359362,0.6263007481892904,0.8019728837189851,9,0.0060603514643541,0.6076271057128906,59.96002664890073
part_001.mp4,724,0,8,0.0132306511749683,0.626288096110026,0.8002689361572266,7,0.0058729669933256,0.6078041076660157,59.96002664890073
part_001.mp4,725,0,9,0.0136227063299641,0.6268991470336914,0.7962109247843424,8,0.0057529419825732,0.6078941345214843,59.96002664890073
part_001.mp4,726,0,9,0.0133804968930619,0.6257513682047526,0.7957383049858942,8,0.0054730311647047,0.6074377695719401,59.96002664890073
part_001.mp4,727,0,8,0.013310765945525,0.6251036326090494,0.7934525666413483,7,0.0056042036319289,0.6066465377807617,59.96002664890073
part_001.mp4,728,0,8,0.0137407547875207,0.6268620173136393,0.7927268558078342,7,0.005646314789834,0.6067363103230794,59.96002664890073
part_001.mp4,729,0,8,0.0136374388173458,0.6255486170450847,0.788268322414822,7,0.00544530569372,0.6069477717081706,59.96002664890073
part_001.mp4,730,0,7,0.0137952872235877,0.625491714477539,0.7839675903320312,6,0.0056680996549861,0.6071012496948243,59.96002664890073
part_001.mp4,731,0,8,0.0139491184605436,0.6257651011149089,0.7822184315434209,7,0.0056219490047321,0.6066079457600911,59.96002664890073
part_001.mp4,732,0,8,0.0139590731258633,0.6254688262939453,0.7807295905219184,7,0.0056055709137904,0.6064140955607097,59.96002664890073
part_001.mp4,733,0,7,0.0139453515141271,0.6246795654296875,0.7788373805858471,6,0.0055085812697264,0.6064647674560547,59.96002664890073
part_001.mp4,734,0,8,0.0142446214995261,0.6250216166178385,0.775110802827058,7,0.0050933063127659,0.6052328109741211,59.96002664890073
part_001.mp4,735,0,9,0.0137996198366966,0.6235677083333333,0.7726255204942492,8,0.0049382456634366,0.6053127924601237,59.96002664890073
part_001.mp4,736,0,7,0.0141952093797105,0.6237623214721679,0.7705027686225043,6,0.0047401355298158,0.6045176188151041,59.96002664890073
part_001.mp4,737,0,7,0.0144532260262263,0.6240910212198894,0.7694183844107169,6,0.0047730622037757,0.6053987503051758,59.96002664890073
part_001.mp4,738,0,7,0.0144557670302607,0.6236656824747722,0.7668675599274812,6,0.0047778351465078,0.6053282419840494,59.96002664890073
part_001.mp4,739,0,7,0.0147849128453769,0.6247894922892253,0.7604562406186705,6,0.0048306180062031,0.6054369608561198,59.96002664890073
part_001.mp4,740,0,9,0.0150159515653487,0.6249160130818685,0.7582216262817383,8,0.0046850750826733,0.60523681640625,59.96002664890073
part_001.mp4,741,0,9,0.0151121109517151,0.6234026590983073,0.7562448642871998,8,0.0047066592281079,0.605832862854004,59.96002664890073
part_001.mp4,742,0,9,0.0134152394949881,0.6210095087687174,0.7389204519766348,7,0.0047235525939053,0.6061331431070963,59.96002664890073
part_001.mp4,743,0,8,0.0131440404851956,0.6216558456420899,0.7306117728904441,7,0.0045776003499998,0.6054620742797852,59.96002664890073
part_001.mp4,744,0,8,0.0140676584604079,0.6226747512817383,0.7398263648704246,7,0.0044519931168179,0.6049667994181315,59.96002664890073
part_001.mp4,745,0,9,0.0132494632772454,0.6220335006713867,0.7225949675948532,7,0.0042727773013757,0.6036280314127604,59.96002664890073
part_001.mp4,746,0,10,0.0129474893677117,0.6209707260131836,0.7134282147442853,8,0.0043856754598069,0.6040241241455078,59.96002664890073
part_001.mp4,747,0,10,0.0128126388789301,0.6214136123657227,0.7041764577229818,8,0.0044791929547985,0.6041260401407877,59.96002664890073
part_001.mp4,748,0,12,0.0125361746108844,0.6216650644938151,0.7002923824169017,9,0.0044593459506803,0.6042213439941406,59.96002664890073
part_001.mp4,749,0,11,0.011993796123544,0.6204489390055339,0.6928181612933123,9,0.0044733048778855,0.6050134658813476,59.96002664890073
part_001.mp4,750,0,12,0.0119875908647211,0.6198677062988281,0.6882981618245443,10,0.0044694569269065,0.6049263000488281,59.96002664890073
part_001.mp4,751,0,11,0.0119178427144126,0.6197223663330078,0.6810831493801541,9,0.0041814891673803,0.603948465983073,59.96002664890073
part_001.mp4,752,0,10,0.0115800902777621,0.6194900512695313,0.6733733424433955,8,0.0041772892938105,0.6039333343505859,59.96002664890073
part_001.mp4,753,0,11,0.010904280066934,0.6191402435302734,0.6613812552558052,9,0.0040854703207258,0.6038340886433919,59.96002664890073
part_001.mp4,754,0,12,0.0112185814088621,0.6199885050455729,0.6629271825154622,10,0.004157078539921,0.6041759490966797,59.96002664890073
part_001.mp4,755,0,12,0.0114603146530745,0.6203833262125651,0.6615668544062862,10,0.0041856091060455,0.6044178644816081,59.96002664890073
part_001.mp4,756,0,11,0.0113713013802421,0.6197688420613606,0.6515564035486292,9,0.0042536761769435,0.604220962524414,59.96002664890073
part_001.mp4,757,0,11,0.0116942468109886,0.6203041076660156,0.6504928165011936,9,0.0040952658645498,0.6038115819295248,59.96002664890073
part_001.mp4,758,0,10,0.0115660517682247,0.6201221466064453,0.6447611067030165,8,0.0039982087284155,0.6036151885986328,59.96002664890073
part_001.mp4,759,0,9,0.0107783901648481,0.6192762374877929,0.6341674522117332,7,0.0038723817049348,0.6038425445556641,59.96002664890073
part_001.mp4,760,0,8,0.0111102388170529,0.6201346715291342,0.6312781157316985,6,0.0038955940571786,0.6042460759480794,59.96002664890073
part_001.mp4,761,0,8,0.0110551471801537,0.6198932647705078,0.6234789671721281,6,0.0038354156108592,0.6034611384073894,59.96002664890073
part_001.mp4,762,0,8,0.0110532730619565,0.6198959986368815,0.6235462895146122,6,0.003820569338859,0.6033545811971028,59.96002664890073
part_001.mp4,763,0,9,0.0106992571441272,0.6193371454874674,0.6175219429863824,7,0.0038048940024519,0.6031397501627604,59.96002664890073
part_001.mp4,764,0,8,0.0106042143381556,0.6195337295532226,0.6129416147867839,6,0.0037610624930433,0.6029264450073242,59.96002664890073
part_001.mp4,765,0,9,0.0103074350484166,0.6193192164103191,0.606260688216598,7,0.0036453483338711,0.6030940373738607,59.96002664890073
part_001.mp4,766,0,9,0.0099648506220546,0.6188140869140625,0.5990557564629448,8,0.0099648506220546,0.6188140869140625,59.96002664890073
part_001.mp4,767,0,9,0.0101100619216864,0.6188528696695964,0.5947038509227611,8,0.0101100619216864,0.6188528696695964,59.96002664890073
part_001.mp4,768,0,9,0.0099975874386641,0.6182267506917317,0.5874911131682219,8,0.0099975874386641,0.6182267506917317,59.96002664890073
part_001.mp4,769,0,10,0.0097232096510722,0.6179426193237305,0.579766520747432,9,0.0097232096510722,0.6179426193237305,59.96002664890073
part_001.mp4,770,0,11,0.0094319585453195,0.618217658996582,0.5711477632875795,10,0.0094319585453195,0.618217658996582,59.96002664890073
part_001.mp4,771,0,11,0.0099196684783318,0.6194252014160156,0.5750022323043258,10,0.0099196684783318,0.6194252014160156,59.96002664890073
part_001.mp4,772,0,12,0.0095482597583119,0.6360544204711914,0.8604547306343361,11,0.0091748890649425,0.6179590861002604,59.96002664890073
part_001.mp4,773,0,10,0.0097413476816857,0.6365904490152995,0.8588968983402958,9,0.0090410151971257,0.6167001724243164,59.96002664890073
part_001.mp4,774,0,9,0.0099968435701713,0.6368141810099284,0.8548814508650038,8,0.0090795052096601,0.6172249476114909,59.96002664890073
part_001.mp4,775,0,12,0.0103400585145734,0.635284423828125,0.8487502415974935,11,0.0091045931158738,0.6180009841918945,59.96002664890073
part_001.mp4,776,0,10,0.0103880363221964,0.6359670639038086,0.8446303067383942,9,0.0084923433749196,0.6163372039794922,59.96002664890073
part_001.mp4,777,0,10,0.0107309519028327,0.6376763661702474,0.8424609572799118,9,0.0085708954073197,0.6168341954549154,59.96002664890073
part_001.mp4,778,0,9,0.011392632796463,0.6401753107706706,0.8431399663289388,8,0.0086256177417062,0.6170077006022135,59.96002664890073
part_001.mp4,779,0,10,0.0117871140750584,0.6416711807250977,0.8395397186279296,9,0.008360149584175,0.6167563120524089,59.96002664890073
part_001.mp4,780,0,10,0.0121686753000176,0.6424883524576823,0.8359742694430881,9,0.0082639273077344,0.6159630457560221,59.96002664890073
part_001.mp4,781,0,10,0.0126825998631994,0.6425656000773112,0.8301988230811225,9,0.0081192938673933,0.6158068339029948,59.96002664890073
part_001.mp4,782,0,11,0.0125916737809408,0.6425396601359049,0.826085917154948,10,0.0083482470820308,0.6168466567993164,59.96002664890073
part_001.mp4,783,0,10,0.01251904394822,0.6417917887369792,0.8228520287407769,9,0.0083699572008777,0.6170187632242838,59.96002664890073
part_001.mp4,784,0,11,0.0125023194712139,0.641298484802246,0.8214211834801568,10,0.0085123280733629,0.6169209162394206,59.96002664890073
part_001.mp4,785,0,11,0.0128031282087613,0.6415977478027344,0.8188853369818794,10,0.0077006904519415,0.6154337565104167,59.96002664890073
part_001.mp4,786,0,11,0.0130379565388041,0.6416261672973633,0.8159319559733073,10,0.0078771970271676,0.6157526016235352,59.96002664890073
part_001.mp4,787,0,10,0.0132345684351242,0.6421206156412761,0.8136457513879847,9,0.0078678418777255,0.616238784790039,59.96002664890073
part_001.mp4,788,0,7,0.0133507281689229,0.6417119979858399,0.8082830923574942,6,0.0077246038347301,0.6159619013468425,59.96002664890073
part_001.mp4,789,0,9,0.0138510979120231,0.642126719156901,0.8043922283031323,8,0.0078023537750144,0.6171113967895507,59.96002664890073
part_001.mp4,790,0,10,0.0139631063627382,0.6421101252237956,0.8018323757030346,9,0.0075296706218203,0.6158268610636394,59.96002664890073
part_001.mp4,791,0,12,0.0141168784736995,0.641307512919108,0.7992425282796224,11,0.0075999325578191,0.6161422729492188,59.96002664890073
part_001.mp4,792,0,10,0.0142611703932804,0.6411193211873373,0.7954656600952148,9,0.0072409335493482,0.614587910970052,59.96002664890073
part_001.mp4,793,0,11,0.013936406444611,0.6395961761474609,0.7938367843627929,10,0.0070879363563056,0.614805030822754,59.96002664890073
part_001.mp4,794,0,9,0.0142961611192327,0.6404506683349609,0.7907641304863824,8,0.007154836266709,0.6153250376383463,59.96002664890073
part_001.mp4,795,0,10,0.0143940560533842,0.6403926849365235,0.7859769821166992,9,0.007125778041227,0.6148553848266601,59.96002664890073
part_001.mp4,796,0,10,0.0145371826634827,0.6403730392456055,0.7844214969211154,9,0.0072908908326698,0.6159633000691732,59.96002664890073
part_001.mp4,797,0,10,0.0147671175570253,0.6405209223429362,0.7835461086697049,9,0.0074036167437256,0.6164799372355143,59.96002664890073
part_001.mp4,798,0,8,0.0148251550576403,0.640422248840332,0.7814503987630208,7,0.0072849941289556,0.6163160324096679,59.96002664890073
part_001.mp4,799,0,8,0.0148864587960849,0.639942487080892,0.7797338909573025,7,0.006819786843647,0.6158855438232422,59.96002664890073
part_001.mp4,800,0,8,0.0151053832599265,0.6403828303019206,0.7762468549940321,7,0.0065216060106144,0.6151798248291016,59.96002664890073
part_001.mp4,801,0,6,0.0152788740166579,0.6405507405598958,0.7723625183105469,5,0.0066426716970005,0.6152877807617188,59.96002664890073
part_001.mp4,802,0,6,0.0154818128607304,0.6397056579589844,0.7676602116337529,5,0.006582330839398,0.615079116821289,59.96002664890073
part_001.mp4,803,0,7,0.0152950727312903,0.6383974711100261,0.7663085513644748,6,0.0069636373698907,0.6167205810546875,59.96002664890073
part_001.mp4,804,0,7,0.0153419941818962,0.6376736958821615,0.7638629489474826,6,0.006986624497723,0.6171154657999675,59.96002664890073
part_001.mp4,805,0,8,0.0154357962239872,0.6389637629191081,0.7613348289772316,7,0.0070220245812864,0.6186969757080079,59.96002664890073
part_001.mp4,806,0,8,0.0157317566984609,0.6390426635742188,0.7605174311885128,7,0.0067269606465318,0.6178060531616211,59.96002664890073
part_001.mp4,807,0,9,0.0156715149022299,0.639219601949056,0.7552833133273654,8,0.006778638044343,0.6180655161539713,59.96002664890073
part_001.mp4,808,0,8,0.0155482250158254,0.6380459467569987,0.7548883084897642,7,0.0063657129853715,0.6166555404663085,59.96002664890073
part_001.mp4,809,0,7,0.0154895754075065,0.6384469350179036,0.7511708577473958,6,0.0063012361857302,0.6159673690795898,59.96002664890073
part_001.mp4,810,0,7,0.0153020015300393,0.6380117416381836,0.7444839477539062,6,0.0060579536962815,0.6151974360148112,59.96002664890073
part_001.mp4,811,0,9,0.015556554096531,0.6381045659383138,0.7353770785861545,8,0.006038639356934,0.6157015482584636,59.96002664890073
part_001.mp4,812,0,8,0.015437934275488,0.638693110148112,0.7296032940899885,7,0.0058814764920428,0.6149412155151367,59.96002664890073
part_001.mp4,813,0,8,0.0151332652530712,0.6379554748535157,0.7212822949444806,7,0.0059029276754666,0.6153364181518555,59.96002664890073
part_001.mp4,814,0,10,0.0149189187083619,0.6375110626220704,0.7147927602132161,9,0.005900659268308,0.6150611877441406,59.96002664890073
part_001.mp4,815,0,7,0.014944823705028,0.6381799697875976,0.7106664445665147,6,0.0062712717109308,0.6165434519449869,59.96002664890073
part_001.mp4,816,0,7,0.0146691622162731,0.6380563100179036,0.7042895882217972,6,0.0061103295693303,0.6163790384928386,59.96002664890073
part_001.mp4,817,0,9,0.0144959645618453,0.6380895614624024,0.6987361272176107,8,0.0059282567917676,0.6160390218098958,59.96002664890073
part_001.mp4,818,0,9,0.014232693226788,0.6380254745483398,0.6913556416829427,8,0.005885796025557,0.616283098856608,59.96002664890073
part_001.mp4,819,0,8,0.014155885314917,0.6380482355753581,0.6856939598366066,7,0.0059085650701955,0.6161671320597331,59.96002664890073
part_001.mp4,820,0,7,0.0142485653211258,0.6378034591674805,0.6759576832806623,6,0.0058057631607786,0.6160120010375977,59.96002664890073
part_001.mp4,821,0,7,0.0141133303302841,0.637788963317871,0.6688723352220324,6,0.0057211986188324,0.6157310485839844,59.96002664890073
part_001.mp4,822,0,7,0.0138465961290062,0.6372990926106771,0.6644917028921622,6,0.0058782241119964,0.6164283752441406,59.96002664890073
part_001.mp4,823,0,6,0.0136239042885588,0.637147585550944,0.660945736920392,5,0.0058349165599793,0.6162650426228841,59.96002664890073
part_001.mp4,824,0,8,0.013230116436979,0.636544672648112,0.6508680979410807,7,0.0058380341074532,0.6171674728393555,59.96002664890073
part_001.mp4,825,0,7,0.0132666437034074,0.6368380228678385,0.6462939933494285,6,0.005663381493812,0.6166974385579427,59.96002664890073
part_001.mp4,826,0,5,0.0132267374019647,0.6368921915690104,0.6420381546020508,4,0.0054605428217177,0.6160209655761719,59.96002664890073
part_001.mp4,827,0,6,0.0131309418275863,0.6369351069132487,0.6378265310216833,5,0.005569339620954,0.6166157404581706,59.96002664890073
part_001.mp4,828,0,7,0.0131621725363813,0.637141227722168,0.632452067622432,6,0.0054786727322304,0.6164255142211914,59.96002664890073
part_001.mp4,829,0,8,0.0134506878608469,0.6370445887247721,0.6232627868652344,7,0.0051353735330889,0.6149496078491211,59.96002664890073
part_001.mp4,830,0,7,0.0128639960301168,0.6365320841471355,0.6157357180560077,6,0.0049118825591749,0.6140471776326497,59.96002664890073
part_001.mp4,831,0,7,0.0127917796635418,0.6371980667114258,0.6106450540048105,6,0.0051170385533219,0.6150331497192383,59.96002664890073
part_001.mp4,832,0,7,0.01291511223147,0.6372263590494792,0.606108714916088,6,0.0051713556144494,0.6154067357381184,59.96002664890073
part_001.mp4,833,0,7,0.0128258503375966,0.6372918446858724,0.6026916574548792,6,0.0051395073561515,0.615150260925293,59.96002664890073
part_001.mp4,834,0,9,0.0127069784354853,0.6372788111368816,0.595642054522479,9,0.0127069784354853,0.6372788111368816,59.96002664890073
part_001.mp4,835,0,10,0.0126090823708754,0.6369733810424805,0.5937020125212493,10,0.0126090823708754,0.6369733810424805,59.96002664890073
part_001.mp4,836,0,10,0.0124102866406179,0.6368122736612956,0.5891391471580223,10,0.0124102866406179,0.6368122736612956,59.96002664890073
part_001.mp4,837,0,6,0.0123254582103241,0.6374025344848633,0.5832024538958515,6,0.0123254582103241,0.6374025344848633,59.96002664890073
part_001.mp4,838,0,7,0.0120743337928514,0.6370123545328776,0.5783502437450267,7,0.0120743337928514,0.6370123545328776,59.96002664890073
part_001.mp4,839,0,8,0.0121618642132307,0.6363957087198894,0.5701189747563115,8,0.0121618642132307,0.6363957087198894,59.96002664890073
part_001.mp4,840,0,6,0.0119272215903038,0.6361852645874023,0.5653594546847873,6,0.0119272215903038,0.6361852645874023,59.96002664890073
part_001.mp4,841,0,6,0.0118373554979485,0.6362972259521484,0.5583177354600695,6,0.0118373554979485,0.6362972259521484,59.96002664890073
part_001.mp4,842,0,6,0.0116323457704856,0.6350715637207032,0.5553740889937789,6,0.0116323457704856,0.6350715637207032,59.96002664890073
part_001.mp4,843,0,7,0.0117146804158983,0.6355312983194987,0.5518036312527127,7,0.0117146804158983,0.6355312983194987,59.96002664890073
part_001.mp4,844,0,7,0.0114672525228578,0.6369354248046875,0.5441217634412977,7,0.0114672525228578,0.6369354248046875,59.96002664890073
part_001.mp4,845,0,6,0.0112386912114959,0.6365509033203125,0.5391787352385344,6,0.0112386912114959,0.6365509033203125,59.96002664890073
part_001.mp4,846,0,6,0.0112996923929798,0.6353546142578125,0.5363689422607422,6,0.0112996923929798,0.6353546142578125,59.96002664890073
part_001.mp4,847,0,7,0.0114005611544093,0.6357358932495117,0.5330526563856337,7,0.0114005611544093,0.6357358932495117,59.96002664890073
part_001.mp4,848,0,6,0.011259109514613,0.6356826782226562,0.5280694467050058,6,0.011259109514613,0.6356826782226562,59.96002664890073
part_001.mp4,849,0,7,0.0111465529818087,0.6354995727539062,0.5226484510633681,7,0.0111465529818087,0.6354995727539062,59.96002664890073
part_001.mp4,850,0,6,0.0111569720998037,0.6351085662841797,0.5170987447102865,6,0.0111569720998037,0.6351085662841797,59.96002664890073
part_001.mp4,851,0,7,0.0111038187905392,0.6350997924804688,0.5105554792616103,7,0.0111038187905392,0.6350997924804688,59.96002664890073
part_001.mp4,852,0,6,0.0113813480045468,0.6360593795776367,0.5051783667670355,6,0.0113813480045468,0.6360593795776367,59.96002664890073
part_001.mp4,853,0,6,0.0109997200602891,0.6352583567301432,0.4993276807996962,6,0.0109997200602891,0.6352583567301432,59.96002664890073
part_001.mp4,854,0,6,0.0108362352347925,0.6350384394327799,0.497548011497215,6,0.0108362352347925,0.6350384394327799,59.96002664890073
part_001.mp4,855,0,6,0.0105954753979609,0.6352038065592448,0.4955967373318142,6,0.0105954753979609,0.6352038065592448,59.96002664890073
part_001.mp4,856,0,7,0.0104884878937122,0.6353035608927409,0.492958492702908,7,0.0104884878937122,0.6353035608927409,59.96002664890073
part_001.mp4,857,0,7,0.0102579685474025,0.6348857879638672,0.4872852042869285,7,0.0102579685474025,0.6348857879638672,59.96002664890073
part_001.mp4,858,0,7,0.0103765452827056,0.6346134821573893,0.4834187542950665,7,0.0103765452827056,0.6346134821573893,59.96002664890073
part_001.mp4,859,0,7,0.0102749610804393,0.6344921112060546,0.4807043711344401,7,0.0102749610804393,0.6344921112060546,59.96002664890073
part_001.mp4,860,0,8,0.0101195620845882,0.6347661972045898,0.476312185216833,8,0.0101195620845882,0.6347661972045898,59.96002664890073
part_001.mp4,861,0,8,0.0100747935203792,0.6348230361938476,0.4706073902271412,8,0.0100747935203792,0.6348230361938476,59.96002664890073
part_001.mp4,862,0,6,0.0099766484169105,0.634843381245931,0.4685304994936342,6,0.0099766484169105,0.634843381245931,59.96002664890073
part_001.mp4,863,0,6,0.01017036623194,0.6341471354166667,0.4601272724292896,6,0.01017036623194,0.6341471354166667,59.96002664890073
part_001.mp4,864,0,5,0.0100215679288063,0.6335009256998698,0.4546678472448278,5,0.0100215679288063,0.6335009256998698,59.96002664890073
part_001.mp4,865,0,5,0.009738318219679,0.6321102778116862,0.4511372460259331,5,0.009738318219679,0.6321102778116862,59.96002664890073
part_001.mp4,866,0,6,0.0095949899119322,0.6318163553873698,0.4495884930645978,6,0.0095949899119322,0.6318163553873698,59.96002664890073
part_001.mp4,867,0,7,0.0093310524281157,0.6312816619873047,0.4466678619384766,7,0.0093310524281157,0.6312816619873047,59.96002664890073
part_001.mp4,868,0,7,0.0094700677669463,0.6320433298746745,0.4426266705548322,7,0.0094700677669463,0.6320433298746745,59.96002664890073
part_001.mp4,869,0,7,0.0093263337785982,0.6316825866699218,0.4392787933349609,7,0.0093263337785982,0.6316825866699218,59.96002664890073
part_001.mp4,870,0,7,0.0092736391553994,0.6314078013102213,0.4368486757631655,7,0.0092736391553994,0.6314078013102213,59.96002664890073
part_001.mp4,871,0,8,0.009361488473967,0.630744997660319,0.4304427252875434,8,0.009361488473967,0.630744997660319,59.96002664890073
part_001.mp4,872,0,8,0.0092345800180919,0.6302989959716797,0.4283547719319661,8,0.0092345800180919,0.6302989959716797,59.96002664890073
part_001.mp4,873,0,8,0.0091426012075357,0.6297959009806315,0.4223726201940466,8,0.0091426012075357,0.6297959009806315,59.96002664890073
part_001.mp4,874,0,10,0.0090565521608242,0.6301425298055013,0.4208094420256438,10,0.0090565521608242,0.6301425298055013,59.96002664890073
part_001.mp4,875,0,9,0.0089027218455157,0.6296702702840169,0.4153407626681857,9,0.0089027218455157,0.6296702702840169,59.96002664890073
part_001.mp4,876,0,10,0.0086207671647571,0.6292025248209635,0.4159829457600911,10,0.0086207671647571,0.6292025248209635,59.96002664890073
part_001.mp4,877,0,8,0.0086180922876842,0.6295864741007487,0.4141397829408998,8,0.0086180922876842,0.6295864741007487,59.96002664890073
part_001.mp4,878,0,9,0.0087479908484965,0.6300667444864909,0.4108861287434895,9,0.0087479908484965,0.6300667444864909,59.96002664890073
part_001.mp4,879,0,9,0.0090279487345186,0.6303642272949219,0.4022628784179687,9,0.0090279487345186,0.6303642272949219,59.96002664890073
part_001.mp4,880,0,8,0.008744326287846,0.6297222773234049,0.4002970942744502,8,0.008744326287846,0.6297222773234049,59.96002664890073
part_001.mp4,881,0,8,0.0087207053396532,0.6301298141479492,0.3983281877305772,8,0.0087207053396532,0.6301298141479492,59.96002664890073
part_001.mp4,882,0,7,0.0086931585714423,0.6310099283854167,0.3954733671965422,7,0.0086931585714423,0.6310099283854167,59.96002664890073
part_001.mp4,883,0,9,0.0086397889190912,0.6308464686075846,0.3943028344048394,9,0.0086397889190912,0.6308464686075846,59.96002664890073
part_001.mp4,884,0,8,0.0085664929214248,0.6310684204101562,0.3931997934977213,8,0.0085664929214248,0.6310684204101562,59.96002664890073
part_001.mp4,885,0,10,0.0085390990015712,0.631204350789388,0.3924208888301143,10,0.0085390990015712,0.631204350789388,59.96002664890073
part_001.mp4,886,0,10,0.0083948835050008,0.6311124801635742,0.3895362854003906,10,0.0083948835050008,0.6311124801635742,59.96002664890073
part_001.mp4,887,0,11,0.008260397037593,0.6304069519042969,0.3866738637288411,11,0.008260397037593,0.6304069519042969,59.96002664890073
part_001.mp4,888,0,10,0.0080801692235211,0.6304941177368164,0.3847715731020327,10,0.0080801692235211,0.6304941177368164,59.96002664890073
part_001.mp4,889,0,11,0.0079103460521421,0.6289711634318034,0.380938904373734,11,0.0079103460521421,0.6289711634318034,59.96002664890073
part_001.mp4,890,0,11,0.0079437811521599,0.6288244247436523,0.3776795846444589,11,0.0079437811521599,0.6288244247436523,59.96002664890073
part_001.mp4,891,0,8,0.0080082562816419,0.6291184107462565,0.3739713033040364,8,0.0080082562816419,0.6291184107462565,59.96002664890073
part_001.mp4,892,0,8,0.008004036221464,0.6290292739868164,0.3714727189805772,8,0.008004036221464,0.6290292739868164,59.96002664890073
part_001.mp4,893,0,7,0.0079713794636686,0.6289762496948242,0.3698877122667101,7,0.0079713794636686,0.6289762496948242,59.96002664890073
part_001.mp4,894,0,7,0.0080076878013184,0.6287071863810222,0.367652017098886,7,0.0080076878013184,0.6287071863810222,59.96002664890073
part_001.mp4,895,0,6,0.0078310414049257,0.6282110850016276,0.3663640622739438,6,0.0078310414049257,0.6282110850016276,59.96002664890073
part_001.mp4,896,0,6,0.0077650419240034,0.6278739293416341,0.3647786175763166,6,0.0077650419240034,0.6278739293416341,59.96002664890073
part_001.mp4,897,0,8,0.0075849561905272,0.6269525527954102,0.3628922073929398,8,0.0075849561905272,0.6269525527954102,59.96002664890073
part_001.mp4,898,0,9,0.0075057450426457,0.6266855875651042,0.3598599469220196,9,0.0075057450426457,0.6266855875651042,59.96002664890073
part_001.mp4,899,0,8,0.0074477362155448,0.626558494567871,0.3587621618200231,8,0.0074477362155448,0.626558494567871,59.96002664890073
part_001.mp4,900,0,7,0.0074838440034741,0.6267143249511719,0.3571051986129195,7,0.0074838440034741,0.6267143249511719,59.96002664890073
part_001.mp4,901,0,7,0.0074696191013208,0.6268772761027018,0.3541758219401041,7,0.0074696191013208,0.6268772761027018,59.96002664890073
part_001.mp4,902,0,8,0.0074638407223392,0.6267997741699218,0.3524525960286458,8,0.0074638407223392,0.6267997741699218,59.96002664890073
part_001.mp4,903,0,7,0.0080104342449016,0.6276875178019206,0.3480289883083767,7,0.0080104342449016,0.6276875178019206,59.96002664890073
part_001.mp4,904,0,7,0.0075752974841506,0.6259252548217773,0.3480925100821035,7,0.0075752974841506,0.6259252548217773,59.96002664890073
part_001.mp4,905,0,8,0.0074790039950393,0.6252368927001953,0.3457228201406973,8,0.0074790039950393,0.6252368927001953,59.96002664890073
part_001.mp4,906,0,7,0.0077269974429725,0.6258506774902344,0.3388611122413917,7,0.0077269974429725,0.6258506774902344,59.96002664890073
part_001.mp4,907,0,8,0.0077561754141007,0.6259742736816406,0.3373065807201244,8,0.0077561754141007,0.6259742736816406,59.96002664890073
part_001.mp4,908,0,6,0.0072863728630882,0.6249813715616862,0.3369689376265914,6,0.0072863728630882,0.6249813715616862,59.96002664890073
part_001.mp4,909,0,7,0.0071684023642313,0.6249225616455079,0.3351579736780237,7,0.0071684023642313,0.6249225616455079,59.96002664890073
part_001.mp4,910,0,7,0.0070457113273876,0.6248186111450196,0.335234945791739,7,0.0070457113273876,0.6248186111450196,59.96002664890073
part_001.mp4,911,0,8,0.0069785448292936,0.6248727798461914,0.3344496267813223,8,0.0069785448292936,0.6248727798461914,59.96002664890073
part_001.mp4,912,0,7,0.0069469918873531,0.6244402567545573,0.3311508461281105,7,0.0069469918873531,0.6244402567545573,59.96002664890073
part_001.mp4,913,0,7,0.0069632037302653,0.6243721008300781,0.3294759397153501,7,0.0069632037302653,0.6243721008300781,59.96002664890073
part_001.mp4,914,0,7,0.0069376998499663,0.6241925557454427,0.3269382335521557,7,0.0069376998499663,0.6241925557454427,59.96002664890073
part_001.mp4,915,0,7,0.0069185064310376,0.6240578333536784,0.3251784713179977,7,0.0069185064310376,0.6240578333536784,59.96002664890073
part_001.mp4,916,0,7,0.0069188918131921,0.6238765716552734,0.3252640900788484,7,0.0069188918131921,0.6238765716552734,59.96002664890073
part_001.mp4,917,0,7,0.007002423806892,0.6233291625976562,0.3237227545844184,7,0.007002423806892,0.6233291625976562,59.96002664890073
part_001.mp4,918,0,8,0.007094439106311,0.6235331217447917,0.3212677849663628,8,0.007094439106311,0.6235331217447917,59.96002664890073
part_001.mp4,919,0,9,0.007109088995882,0.6233957926432292,0.319174900761357,9,0.007109088995882,0.6233957926432292,59.96002664890073
part_001.mp4,920,0,10,0.0069559265638667,0.6226953506469727,0.3170762803819444,10,0.0069559265638667,0.6226953506469727,59.96002664890073
part_001.mp4,921,0,9,0.0068934304437748,0.6223595301310222,0.3149076956289786,9,0.0068934304437748,0.6223595301310222,59.96002664890073
part_001.mp4,922,0,9,0.0067352492947301,0.6219018300374349,0.3118979842574508,9,0.0067352492947301,0.6219018300374349,59.96002664890073
part_001.mp4,923,0,8,0.0066544285447162,0.621257209777832,0.3103340148925781,8,0.0066544285447162,0.621257209777832,59.96002664890073
part_001.mp4,924,0,7,0.0065514658644247,0.6208803812662761,0.3102420383029514,7,0.0065514658644247,0.6208803812662761,59.96002664890073
part_001.mp4,925,0,7,0.0064899596632501,0.6205358505249023,0.3090208265516493,7,0.0064899596632501,0.6205358505249023,59.96002664890073
part_001.mp4,926,0,7,0.0063528211791582,0.6200874328613282,0.3062691865143953,7,0.0063528211791582,0.6200874328613282,59.96002664890073
part_001.mp4,927,0,5,0.0063534113019974,0.6200239181518554,0.3056430675365306,5,0.0063534113019974,0.6200239181518554,59.96002664890073
part_001.mp4,928,0,6,0.006325982704999,0.6196649551391602,0.3051648457845052,6,0.006325982704999,0.6196649551391602,59.96002664890073
part_001.mp4,929,0,5,0.0063645908505552,0.6195118586222331,0.3038674248589409,5,0.0063645908505552,0.6195118586222331,59.96002664890073
part_001.mp4,930,0,5,0.0063442422089455,0.6188192367553711,0.3013547544126157,5,0.0063442422089455,0.6188192367553711,59.96002664890073
part_001.mp4,931,0,5,0.0062892479277043,0.6184288024902344,0.3001183403862847,5,0.0062892479277043,0.6184288024902344,59.96002664890073
part_001.mp4,932,0,5,0.0062288734301627,0.6181320190429688,0.3001040988498263,5,0.0062288734301627,0.6181320190429688,59.96002664890073
part_001.mp4,933,0,5,0.0063855880738345,0.6186279296875,0.298495681197555,5,0.0063855880738345,0.6186279296875,59.96002664890073
part_001.mp4,934,0,6,0.0064596245071152,0.6185257593790691,0.2970311482747396,6,0.0064596245071152,0.6185257593790691,59.96002664890073
part_001.mp4,935,0,6,0.0063026201934553,0.6177242914835612,0.2969991048177083,6,0.0063026201934553,0.6177242914835612,59.96002664890073
part_001.mp4,936,0,5,0.0060857247481881,0.6167251586914062,0.2967059665256076,5,0.0060857247481881,0.6167251586914062,59.96002664890073
part_001.mp4,937,0,5,0.0060571961644584,0.6170649210611979,0.2968306082266348,5,0.0060571961644584,0.6170649210611979,59.96002664890073
part_001.mp4,938,0,6,0.0058540321319338,0.6165476481119792,0.2971337495026765,6,0.0058540321319338,0.6165476481119792,59.96002664890073
part_001.mp4,939,0,7,0.0058133961225825,0.6160025914510091,0.2969301011827256,7,0.0058133961225825,0.6160025914510091,59.96002664890073
part_001.mp4,940,0,7,0.0056974576933188,0.6153202056884766,0.2958722715024595,7,0.0056974576933188,0.6153202056884766,59.96002664890073
part_001.mp4,941,0,7,0.0057355591987369,0.615145746866862,0.295312358714916,7,0.0057355591987369,0.615145746866862,59.96002664890073
part_001.mp4,942,0,7,0.0056535790332256,0.6147095362345377,0.2956238075538918,7,0.0056535790332256,0.6147095362345377,59.96002664890073
part_001.mp4,943,0,5,0.0056385551600962,0.6145761489868165,0.2963206821017795,5,0.0056385551600962,0.6145761489868165,59.96002664890073
part_001.mp4,944,0,5,0.0055551136451874,0.6141714731852214,0.2964998881022135,5,0.0055551136451874,0.6141714731852214,59.96002664890073
part_001.mp4,945,0,6,0.005508360841928,0.6136802673339844,0.2965786404079861,6,0.005508360841928,0.6136802673339844,59.96002664890073
part_001.mp4,946,0,6,0.0054598381089292,0.6130755106608073,0.2958045959472656,6,0.0054598381089292,0.6130755106608073,59.96002664890073
part_001.mp4,947,0,7,0.0054261284862554,0.6130084991455078,0.2947603013780382,7,0.0054261284862554,0.6130084991455078,59.96002664890073
part_001.mp4,948,0,6,0.005350902894667,0.612804921468099,0.2947051436812789,6,0.005350902894667,0.612804921468099,59.96002664890073
part_001.mp4,949,0,6,0.0053785516575437,0.6126615524291992,0.2945400944462529,6,0.0053785516575437,0.6126615524291992,59.96002664890073
part_001.mp4,950,0,6,0.0052541381060156,0.612004280090332,0.2947616859718605,6,0.0052541381060156,0.612004280090332,59.96002664890073
part_001.mp4,951,0,9,0.0050842468611275,0.6114061355590821,0.2951200697157118,8,0.0050842468611275,0.6114061355590821,59.96002664890073
part_001.mp4,952,0,7,0.0050460262723963,0.6111839930216472,0.2946621647587529,6,0.0050460262723963,0.6111839930216472,59.96002664890073
part_001.mp4,953,0,7,0.0050770081379353,0.6110858281453451,0.2935827467176649,6,0.0050770081379353,0.6110858281453451,59.96002664890073
part_001.mp4,954,0,6,0.0051420296725053,0.6110528945922852,0.2933121575249566,6,0.0051420296725053,0.6110528945922852,59.96002664890073
part_001.mp4,955,0,7,0.0051442895567096,0.6107277552286784,0.2922225952148437,6,0.0051442895567096,0.6107277552286784,59.96002664890073
part_001.mp4,956,0,7,0.0052167148668754,0.6106552124023438,0.2912193298339843,7,0.0052167148668754,0.6106552124023438,59.96002664890073
part_001.mp4,957,0,8,0.0052889431942862,0.6104345321655273,0.2893016391330295,8,0.0052889431942862,0.6104345321655273,59.96002664890073
part_001.mp4,958,0,10,0.0051908482357526,0.6100948333740235,0.2882451657895689,10,0.0051908482357526,0.6100948333740235,59.96002664890073
part_001.mp4,959,0,10,0.0050552655089025,0.6100418090820312,0.2900494045681424,10,0.0050552655089025,0.6100418090820312,59.96002664890073
part_001.mp4,960,0,9,0.0049302495214861,0.6085009256998698,0.286268643979673,9,0.0049302495214861,0.6085009256998698,59.96002664890073
part_001.mp4,961,0,8,0.0049078997195465,0.6081818262736003,0.2861131456163194,8,0.0049078997195465,0.6081818262736003,59.96002664890073
part_001.mp4,962,0,8,0.0049124776063642,0.6080103556315104,0.2861414591471354,8,0.0049124776063642,0.6080103556315104,59.96002664890073
part_001.mp4,963,0,7,0.0049555622722147,0.6081178665161133,0.2863225583676939,7,0.0049555622722147,0.6081178665161133,59.96002664890073
part_001.mp4,964,0,7,0.0049282119143754,0.6077269872029623,0.2864827473958333,7,0.0049282119143754,0.6077269872029623,59.96002664890073
part_001.mp4,965,0,10,0.0049719451047712,0.6075299580891927,0.2849777221679687,10,0.0049719451047712,0.6075299580891927,59.96002664890073
part_001.mp4,966,0,9,0.0049400321201149,0.6071088790893555,0.2838008456759983,9,0.0049400321201149,0.6071088790893555,59.96002664890073
part_001.mp4,967,0,9,0.0050424628906734,0.6069967905680339,0.2821415371365017,9,0.0050424628906734,0.6069967905680339,59.96002664890073
part_001.mp4,968,0,10,0.0049824538323122,0.6067972183227539,0.278283945719401,10,0.0049824538323122,0.6067972183227539,59.96002664890073
part_001.mp4,969,0,9,0.0048930058419904,0.6065715789794922,0.276030844229239,9,0.0048930058419904,0.6065715789794922,59.96002664890073
part_001.mp4,970,0,10,0.0046376766138322,0.6056050618489583,0.2763785750777633,10,0.0046376766138322,0.6056050618489583,59.96002664890073
part_001.mp4,971,0,9,0.0047290423851248,0.6055990854899088,0.2729182208025897,9,0.0047290423851248,0.6055990854899088,59.96002664890073
part_001.mp4,972,0,8,0.0046938853340462,0.6052733103434245,0.2708425733778212,8,0.0046938853340462,0.6052733103434245,59.96002664890073
part_001.mp4,973,0,7,0.0045605852090132,0.6044285456339519,0.270296393500434,7,0.0045605852090132,0.6044285456339519,59.96002664890073
part_001.mp4,974,0,7,0.0047301767137347,0.6056622823079427,0.2742055539731626,7,0.0047301767137347,0.6056622823079427,59.96002664890073
part_001.mp4,975,0,7,0.0045804840129373,0.6041035334269206,0.2729606628417969,7,0.0045804840129373,0.6041035334269206,59.96002664890073
part_001.mp4,976,0,8,0.0046002270925479,0.6039238611857096,0.2713068644205729,8,0.0046002270925479,0.6050768534342448,59.96002664890073
part_001.mp4,977,0,7,0.0046208731388442,0.6036367416381836,0.2682514049388744,7,0.0046208731388442,0.6036367416381836,59.96002664890073
part_001.mp4,978,0,7,0.0044814664484874,0.6034154891967773,0.267932383219401,7,0.0044814664484874,0.6044548034667969,59.96002664890073
part_001.mp4,979,0,8,0.0045590121599983,0.6036827723185222,0.2665905422634548,8,0.0045590121599983,0.6045526504516602,59.96002664890073
part_001.mp4,980,0,5,0.0045739749696319,0.6032512664794922,0.2664205197934751,5,0.0045739749696319,0.6032512664794922,59.96002664890073
part_001.mp4,981,0,6,0.0044519893964752,0.6026232401529948,0.2679287380642361,6,0.0044519893964752,0.6034317016601562,59.96002664890073
part_001.mp4,982,0,6,0.004445452894913,0.6021039962768555,0.2653454533329716,6,0.004445452894913,0.6031871159871419,59.96002664890073
part_001.mp4,983,0,5,0.0044775823118591,0.6021024703979492,0.2625641716851128,5,0.0044775823118591,0.6021024703979492,59.96002664890073
part_001.mp4,984,0,7,0.0040144434641115,0.601318359375,0.2660497029622395,7,0.0040144434641115,0.6028586705525716,59.96002664890073
part_001.mp4,985,0,6,0.0038869786191225,0.6009724299112956,0.262410001401548,6,0.0038869786191225,0.6009724299112956,59.96002664890073
part_001.mp4,986,0,7,0.0038594611509728,0.600596809387207,0.2560994466145833,7,0.0038594611509728,0.600596809387207,59.96002664890073
part_001.mp4,987,0,7,0.0036125153706719,0.5999693552652995,0.2601242065429687,7,0.0036125153706719,0.5999693552652995,59.96002664890073
part_001.mp4,988,0,7,0.0039362616350451,0.6004344940185546,0.2582656860351562,7,0.0039362616350451,0.6004344940185546,59.96002664890073
part_001.mp4,989,0,7,0.0045056352612381,0.6008039474487304,0.2460149129231771,7,0.0045056352612381,0.6008039474487304,59.96002664890073
part_001.mp4,990,0,7,0.0044924338462684,0.6005271911621094,0.2449203491210937,7,0.0044924338462684,0.6005271911621094,59.96002664890073
part_001.mp4,991,0,8,0.004266072091931,0.6001699447631836,0.2457161797417534,8,0.004266072091931,0.6001699447631836,59.96002664890073
part_001.mp4,992,0,8,0.0043004364683131,0.5995874404907227,0.2423218621148003,8,0.0043004364683131,0.5995874404907227,59.96002664890073
part_001.mp4,993,0,6,0.004403527997115,0.5993829091389974,0.2390329431604456,6,0.004403527997115,0.5993829091389974,59.96002664890073
part_001.mp4,994,0,6,0.0043841503204829,0.5993534723917643,0.2368456805193865,6,0.0043841503204829,0.5993534723917643,59.96002664890073
part_001.mp4,995,0,5,0.0045316284851395,0.5985767364501953,0.2294275919596354,5,0.0045316284851395,0.5985767364501953,59.96002664890073
part_001.mp4,996,0,6,0.0043208109470368,0.5997501373291015,0.2315819634331597,6,0.0043208109470368,0.5997501373291015,59.96002664890073
part_001.mp4,997,0,6,0.0043551742156948,0.5998858769734701,0.2295067963776765,6,0.0043551742156948,0.5998858769734701,59.96002664890073
part_001.mp4,998,0,5,0.0043607221791171,0.599872080485026,0.2270618014865451,5,0.0043607221791171,0.599872080485026,59.96002664890073
part_001.mp4,999,0,5,0.0042275562805567,0.5973016103108724,0.2182217068142361,5,0.0042275562805567,0.5973016103108724,59.96002664890073
part_001.mp4,1000,0,7,0.0039551647624466,0.5979345321655274,0.2244941711425781,7,0.0039551647624466,0.5979345321655274,59.96002664890073
part_001.mp4,1001,0,8,0.0036325883268081,0.5971945444742839,0.2278110080295139,8,0.0036325883268081,0.5971945444742839,59.96002664890073
part_001.mp4,1002,0,11,0.0027977396214501,0.5971095403035481,0.2471423678927951,11,0.0027977396214501,0.5971095403035481,59.96002664890073
part_001.mp4,1003,0,11,0.003006387376566,0.5968664805094401,0.2374141269259982,11,0.003006387376566,0.5968664805094401,59.96002664890073
part_001.mp4,1004,0,13,0.0035466177920008,0.5950690587361653,0.2100592719184028,13,0.0035466177920008,0.5969214121500651,59.96002664890073
part_001.mp4,1005,0,12,0.003462836642866,0.5951086044311523,0.2042217678493923,12,0.003462836642866,0.5967832565307617,59.96002664890073
part_001.mp4,1006,0,12,0.0032495882810973,0.5949558893839518,0.1933919270833333,12,0.0032495882810973,0.5965414683024088,59.96002664890073
part_001.mp4,1007,0,10,0.0037879760697251,0.5952865600585937,0.2021970113118489,10,0.0037879760697251,0.5962934494018555,59.96002664890073
part_001.mp4,1008,0,12,0.0030416743726366,0.5951704025268555,0.1806652492947048,12,0.0030416743726366,0.5963101069132487,59.96002664890073
part_001.mp4,1009,0,12,0.0033642772669231,0.5949124018351237,0.1895763255931713,12,0.0033642772669231,0.5956787745157878,59.96002664890073
part_001.mp4,1010,0,11,0.0030380544322542,0.5961864471435547,0.2174857245551215,11,0.0030380544322542,0.5961864471435547,59.96002664890073
part_001.mp4,1011,0,12,0.0034201954788942,0.5950592041015625,0.189227294921875,12,0.0034201954788942,0.5960551579793294,59.96002664890073
part_001.mp4,1012,0,11,0.0031710265619848,0.5964333216349283,0.2048084965458622,11,0.0031710265619848,0.5964333216349283,59.96002664890073
part_001.mp4,1013,0,12,0.0036793761490844,0.5952900568644206,0.1913275824652777,12,0.0036793761490844,0.595976448059082,59.96002664890073
part_001.mp4,1014,0,12,0.0036792426730109,0.5953615824381511,0.1923594156901041,12,0.0036792426730109,0.5960018157958984,59.96002664890073
part_001.mp4,1015,0,11,0.0037421067183216,0.5953538894653321,0.191526624891493,11,0.0037421067183216,0.5964773813883464,59.96002664890073
part_001.mp4,1016,0,9,0.0037095259966251,0.5952948252360026,0.1903845327871817,9,0.0037095259966251,0.5952948252360026,59.96002664890073
part_001.mp4,1017,0,8,0.0036787893165213,0.5950479507446289,0.1878511216905382,8,0.0036787893165213,0.5950479507446289,59.96002664890073
part_001.mp4,1018,0,8,0.0030790550639115,0.5937061309814453,0.1677944607204861,8,0.0030790550639115,0.5956291834513346,59.96002664890073
part_001.mp4,1019,0,7,0.0028275554637528,0.5955955505371093,0.206317138671875,7,0.0028275554637528,0.5955955505371093,59.96002664890073
part_001.mp4,1020,0,10,0.0031762850108659,0.5936794916788737,0.1633953518337673,10,0.0031762850108659,0.5955909729003906,59.96002664890073
part_001.mp4,1021,0,6,0.0033657378868924,0.5940740585327149,0.1718939322012442,6,0.0033657378868924,0.5940740585327149,59.96002664890073
part_001.mp4,1022,0,9,0.003306559959116,0.5939148585001628,0.171041022406684,9,0.003306559959116,0.5939148585001628,59.96002664890073
part_001.mp4,1023,0,7,0.0035115038292618,0.5941713968912761,0.1678159077962239,7,0.0035115038292618,0.5941713968912761,59.96002664890073
part_001.mp4,1024,0,8,0.0035269584974351,0.5939530690511068,0.1684770372178819,8,0.0035269584974351,0.5939530690511068,59.96002664890073
part_001.mp4,1025,0,7,0.0036766598018099,0.5939888000488281,0.1669555946632668,7,0.0036766598018099,0.5939888000488281,59.96002664890073
part_001.mp4,1026,0,6,0.003834061848433,0.5942203521728515,0.1649598298249421,6,0.003834061848433,0.5942203521728515,59.96002664890073
part_001.mp4,1027,0,7,0.0037345428201499,0.594202995300293,0.1607438829210069,7,0.0037345428201499,0.594202995300293,59.96002664890073
part_001.mp4,1028,0,5,0.0030623952178252,0.5928263346354167,0.1382232383445457,5,0.0030623952178252,0.5928263346354167,59.96002664890073
part_001.mp4,1029,0,6,0.003382101651902,0.5928202311197917,0.1480960422092014,6,0.003382101651902,0.5928202311197917,59.96002664890073
part_001.mp4,1030,0,6,0.0033620565617618,0.5928205490112305,0.1447847436975549,6,0.0033620565617618,0.5928205490112305,59.96002664890073
part_001.mp4,1031,0,6,0.0034713629581448,0.5931148529052734,0.1501295301649305,6,0.0034713629581448,0.5931148529052734,59.96002664890073
part_001.mp4,1032,0,6,0.0033604868427156,0.592690912882487,0.1463703861942997,6,0.0033604868427156,0.592690912882487,59.96002664890073
part_001.mp4,1033,0,6,0.0028544881939888,0.5930649439493815,0.1599399142795139,6,0.0028544881939888,0.5930649439493815,59.96002664890073
part_001.mp4,1034,0,9,0.0030741832563136,0.5929828643798828,0.1537936740451388,9,0.0030741832563136,0.5929828643798828,59.96002664890073
part_001.mp4,1035,0,11,0.002785071274783,0.5929953893025716,0.1592007107204861,11,0.002785071274783,0.5929953893025716,59.96002664890073
part_001.mp4,1036,0,10,0.0029001758330398,0.5922589619954427,0.1176839192708333,10,0.0029001758330398,0.5927734375,59.96002664890073
part_001.mp4,1037,0,12,0.002600511695545,0.5923197428385417,0.1050074259440104,12,0.002600511695545,0.5937430699666341,59.96002664890073
part_001.mp4,1038,0,10,0.0034646988441926,0.5925858179728191,0.1228889747902199,10,0.0034646988441926,0.5931371688842774,59.96002664890073
part_001.mp4,1039,0,9,0.0027661738154387,0.5928201675415039,0.147742207845052,9,0.0027661738154387,0.5928201675415039,59.96002664890073
part_001.mp4,1040,0,11,0.0034094306067789,0.5924766540527344,0.1192188686794704,11,0.0034094306067789,0.5928417205810547,59.96002664890073
part_001.mp4,1041,0,9,0.0030589020442372,0.5930143356323242,0.1316613091362847,9,0.0030589020442372,0.5930143356323242,59.96002664890073
part_001.mp4,1042,0,9,0.0033445482326198,0.5920300165812175,0.114173917417173,9,0.0033445482326198,0.5929159164428711,59.96002664890073
part_001.mp4,1043,0,9,0.0028345196829091,0.5932304382324218,0.1291396529586226,9,0.0028345196829091,0.5932304382324218,59.96002664890073
part_001.mp4,1044,0,6,0.0030732320590565,0.593649164835612,0.1177439371744791,6,0.0030732320590565,0.593649164835612,59.96002664890073
part_001.mp4,1045,0,6,0.003226004515652,0.5936607996622721,0.111937826651114,6,0.003226004515652,0.5936607996622721,59.96002664890073
part_001.mp4,1046,0,6,0.0032086030776374,0.593674914042155,0.108812826651114,6,0.0032086030776374,0.593674914042155,59.96002664890073
part_001.mp4,1047,0,6,0.003289851032939,0.5922485987345377,0.1033931025752314,6,0.003289851032939,0.5922485987345377,59.96002664890073
part_001.mp4,1048,0,5,0.0032437518588267,0.5924381891886393,0.1028754340277777,5,0.0032437518588267,0.5924381891886393,59.96002664890073
part_001.mp4,1049,0,4,0.0030748022887385,0.5897345225016276,0.0949602197717737,4,0.0030748022887385,0.5897345225016276,59.96002664890073
part_001.mp4,1050,0,4,0.0027869646817756,0.5857473373413086,0.0983227199978298,4,0.0027869646817756,0.5924884796142578,59.96002664890073
part_001.mp4,1051,0,3,0.0032306757284275,0.5902914047241211,0.0857445893464265,3,0.0032306757284275,0.5902914047241211,59.96002664890073
part_001.mp4,1052,0,5,0.0033429394159207,0.591050402323405,0.0810901500560619,5,0.0033429394159207,0.591050402323405,59.96002664890073
part_001.mp4,1053,0,7,0.0032472049578683,0.5910883585611979,0.0813358165599681,7,0.0032472049578683,0.5910883585611979,59.96002664890073
part_001.mp4,1054,0,7,0.0033959800264953,0.5916632970174154,0.0738030327690972,7,0.0033959800264953,0.5916632970174154,59.96002664890073
part_001.mp4,1055,0,4,0.0032124039947082,0.5915152231852213,0.0746962088125723,4,0.0032124039947082,0.5915152231852213,59.96002664890073
part_001.mp4,1056,0,7,0.0029667344374293,0.5908618291219075,0.0695304305465133,7,0.0029667344374293,0.5908618291219075,59.96002664890073
part_001.mp4,1057,0,7,0.0030429130278072,0.5912620544433593,0.0677146346480758,7,0.0030429130278072,0.5912620544433593,59.96002664890073
part_001.mp4,1058,0,8,0.0031549955297183,0.591253153483073,0.0609745732060185,8,0.0031549955297183,0.591253153483073,59.96002664890073
part_001.mp4,1059,0,7,0.0031122761371079,0.5910009384155274,0.0589192708333333,7,0.0031122761371079,0.5910009384155274,59.96002664890073
part_001.mp4,1060,0,5,0.0031273649394279,0.5914222717285156,0.0583687676323784,5,0.0031273649394279,0.5914222717285156,59.96002664890073
part_001.mp4,1061,0,7,0.0030776001355304,0.5912662506103515,0.0571058767813223,7,0.0030776001355304,0.5912662506103515,59.96002664890073
part_001.mp4,1062,0,7,0.0029822557564895,0.5916679382324219,0.0581678885000723,7,0.0029822557564895,0.5916679382324219,59.96002664890073
part_001.mp4,1063,0,6,0.002983160542779,0.5919776916503906,0.0558830543800636,6,0.002983160542779,0.5919776916503906,59.96002664890073
part_001.mp4,1064,0,6,0.0028519128810633,0.5916872024536133,0.0549736588089554,6,0.0028519128810633,0.5916872024536133,59.96002664890073
part_001.mp4,1065,0,6,0.0029405391799055,0.5914583841959635,0.0485647978606047,6,0.0029405391799055,0.5914583841959635,59.96002664890073
part_001.mp4,1066,0,5,0.0028826514086405,0.5913002014160156,0.0447114449960214,5,0.0028826514086405,0.5913002014160156,59.96002664890073
part_001.mp4,1067,0,5,0.0028105098009109,0.5865501403808594,0.1211342140480324,5,0.0028105098009109,0.5912403106689453,59.96002664890073
part_001.mp4,1068,0,5,0.0030805848242447,0.5924561182657878,0.033556478994864,5,0.0030805848242447,0.5924561182657878,59.96002664890073
part_001.mp4,1069,0,5,0.0029881335794117,0.5925708770751953,0.0319249753598813,5,0.0029881335794117,0.5925708770751953,59.96002664890073
part_001.mp4,1070,0,5,0.0028626485410693,0.5926700592041015,0.0304959049931278,5,0.0028626485410693,0.5926700592041015,59.96002664890073
part_001.mp4,1071,0,5,0.0027925303356217,0.586353874206543,0.1248221503363715,5,0.0027925303356217,0.5916954040527344,59.96002664890073
part_001.mp4,1072,0,5,0.002873174486546,0.5863588333129883,0.1240501686378761,5,0.002873174486546,0.5920307159423828,59.96002664890073
part_001.mp4,1073,0,5,0.0028833802601747,0.5863897323608398,0.125197120949074,5,0.0028833802601747,0.5916234970092773,59.96002664890073
part_001.mp4,1074,0,5,0.0028364296758081,0.5864016850789388,0.126716387713397,5,0.0028364296758081,0.5914979934692383,59.96002664890073
part_001.mp4,1075,0,6,0.003155278294192,0.5892635345458984,0.1048753526475694,6,0.003155278294192,0.5913248062133789,59.96002664890073
part_001.mp4,1076,0,6,0.0032229765801888,0.5894132614135742,0.1020234849717881,6,0.0032229765801888,0.5915121714274089,59.96002664890073
part_001.mp4,1077,0,6,0.0028369679031203,0.5865625381469727,0.1265676992910879,6,0.0028369679031203,0.5918535868326823,59.96002664890073
part_001.mp4,1078,0,7,0.0028070040926751,0.5866907119750977,0.128299402307581,7,0.0028070040926751,0.5919763565063476,59.96002664890073
part_001.mp4,1079,0,7,0.0025770933458827,0.5915659586588542,0.0123304861563223,7,0.0025770933458827,0.5915659586588542,59.96002664890073
part_001.mp4,1080,0,9,0.0030745047623188,0.588344955444336,0.1002183137116608,9,0.0030745047623188,0.5915925979614258,59.96002664890073
part_001.mp4,1081,0,9,0.0032364632296958,0.588491694132487,0.1017274644639757,9,0.0032364632296958,0.5913347244262696,59.96002664890073
part_001.mp4,1082,0,7,0.003445853401952,0.5887348810831706,0.1045282999674479,7,0.003445853401952,0.5913873672485351,59.96002664890073
part_001.mp4,1083,0,8,0.0037577137377337,0.5891784032185873,0.101666259765625,8,0.0037577137377337,0.5915246963500976,59.96002664890073
part_001.mp4,1084,0,9,0.0037482987659448,0.5891387939453125,0.10174481427228,9,0.0037482987659448,0.5917919158935547,59.96002664890073
part_001.mp4,1085,0,7,0.0048311647845225,0.5914054234822591,0.0550991482204861,7,0.0048311647845225,0.5920330683390299,59.96002664890073
part_001.mp4,1086,0,9,0.0037695383885875,0.5887517929077148,0.0962964093243634,9,0.0037695383885875,0.5922417958577474,59.96002664890073
part_001.mp4,1087,0,9,0.0046411170562108,0.5891369501749675,0.0762427435980902,9,0.0046411170562108,0.5919050216674805,59.96002664890073
part_001.mp4,1088,0,9,0.0048170217021888,0.5896599451700847,0.0731507760507089,9,0.0048170217021888,0.5917935053507487,59.96002664890073
part_001.mp4,1089,0,8,0.0047814386506582,0.5897922515869141,0.0706410725911458,8,0.0047814386506582,0.5916215896606445,59.96002664890073
part_001.mp4,1090,0,7,0.0050069006941069,0.5902746836344401,0.0720354433412905,7,0.0050069006941069,0.5912567138671875,59.96002664890073
part_001.mp4,1091,0,7,0.0050169837296535,0.5905723571777344,0.073823829933449,7,0.0050169837296535,0.591479237874349,59.96002664890073
part_001.mp4,1092,0,6,0.0049793457762657,0.5908425013224284,0.0757152416087963,6,0.0049793457762657,0.5918902079264323,59.96002664890073
part_001.mp4,1093,0,4,0.0050581863289698,0.5913750330607096,0.0790578206380208,4,0.0050581863289698,0.5913750330607096,59.96002664890073
part_001.mp4,1094,0,4,0.0049797407367603,0.5917722702026367,0.0841824001736111,4,0.0049797407367603,0.5917722702026367,59.96002664890073
part_001.mp4,1095,0,4,0.0049496351518124,0.5919143040974935,0.085746595594618,4,0.0049496351518124,0.5919143040974935,59.96002664890073
part_001.mp4,1096,0,5,0.0050251648920756,0.5920557022094727,0.0852240103262442,5,0.0050251648920756,0.5920557022094727,59.96002664890073
part_001.mp4,1097,0,4,0.0049751198639084,0.5919841766357422,0.0860301830150463,4,0.0049751198639084,0.5919841766357422,59.96002664890073
part_001.mp4,1098,0,5,0.0050262430170227,0.5924280802408854,0.086904059516059,5,0.0050262430170227,0.5924280802408854,59.96002664890073
part_001.mp4,1099,0,5,0.0051073662129541,0.5929915110270182,0.0873597321686921,5,0.0051073662129541,0.5929915110270182,59.96002664890073
part_001.mp4,1100,0,6,0.0050954597295451,0.593105697631836,0.088225527162905,6,0.0050954597295451,0.593105697631836,59.96002664890073
part_001.mp4,1101,0,6,0.0050595511660988,0.5931385676066081,0.0896356088143807,6,0.0050595511660988,0.5931385676066081,59.96002664890073
part_001.mp4,1102,0,6,0.0049921415482337,0.5931352615356446,0.0903250800238715,6,0.0049921415482337,0.5931352615356446,59.96002664890073
part_001.mp4,1103,0,5,0.0048874510281193,0.5931287129720052,0.0891870569299768,5,0.0048874510281193,0.5931287129720052,59.96002664890073
part_001.mp4,1104,0,3,0.0049789509453586,0.5935930252075196,0.090040870949074,3,0.0049789509453586,0.5935930252075196,59.96002664890073
part_001.mp4,1105,0,5,0.0049865173759301,0.5941989898681641,0.0913900304723668,5,0.0049865173759301,0.5941989898681641,59.96002664890073
part_001.mp4,1106,0,5,0.0048922349441003,0.593803596496582,0.0895766081633391,5,0.0048922349441003,0.593803596496582,59.96002664890073
part_001.mp4,1107,0,5,0.0047779446458702,0.5938149770100911,0.0866149337203414,5,0.0047779446458702,0.5938149770100911,59.96002664890073
part_001.mp4,1108,0,5,0.0048082058017866,0.593922487894694,0.0870320638020833,5,0.0048082058017866,0.593922487894694,59.96002664890073
part_001.mp4,1109,0,7,0.0049907204134958,0.5944773991902669,0.087599464699074,7,0.0049907204134958,0.5944773991902669,59.96002664890073
part_001.mp4,1110,0,6,0.0048870908960852,0.5944342931111654,0.0844989917896412,6,0.0048870908960852,0.5944342931111654,59.96002664890073
part_001.mp4,1111,0,6,0.0049384876202653,0.5946284612019856,0.0831140588831018,6,0.0049384876202653,0.5946284612019856,59.96002664890073
part_001.mp4,1112,0,5,0.0049707100916377,0.5946435928344727,0.0793765597873263,5,0.0049707100916377,0.5946435928344727,59.96002664890073
part_001.mp4,1113,0,6,0.0049815464837593,0.5947357177734375,0.0786894056532118,6,0.0049815464837593,0.5947357177734375,59.96002664890073
part_001.mp4,1114,0,6,0.0049932783310456,0.5949171702067058,0.0766269259982638,6,0.0049932783310456,0.5949171702067058,59.96002664890073
part_001.mp4,1115,0,5,0.0050187889488491,0.5950461069742838,0.0751681292498553,5,0.0050187889488491,0.5950461069742838,59.96002664890073
part_001.mp4,1116,0,6,0.0050807968931298,0.5949804306030273,0.0733013576931423,6,0.0050807968931298,0.5949804306030273,59.96002664890073
part_001.mp4,1117,0,6,0.0050912481139595,0.5947195688883463,0.0728016040943287,6,0.0050912481139595,0.5947195688883463,59.96002664890073
part_001.mp4,1118,0,6,0.0051776359634499,0.5947642008463542,0.0717861599392361,6,0.0051776359634499,0.5947642008463542,59.96002664890073
part_001.mp4,1119,0,5,0.0053220594866434,0.5946407318115234,0.0677517361111111,5,0.0053220594866434,0.5946407318115234,59.96002664890073
part_001.mp4,1120,0,5,0.0052800163760548,0.5941735585530599,0.0644663492838541,5,0.0052800163760548,0.5941735585530599,59.96002664890073
part_001.mp4,1121,0,7,0.0052411461548925,0.5933350245157878,0.0604065789116753,7,0.0052411461548925,0.5933350245157878,59.96002664890073
part_001.mp4,1122,0,8,0.0052795168765037,0.5936035792032878,0.0581177605523003,8,0.0052795168765037,0.5936035792032878,59.96002664890073
part_001.mp4,1123,0,7,0.0054185867286287,0.5943075180053711,0.0569138138382523,7,0.0054185867286287,0.5943075180053711,59.96002664890073
part_001.mp4,1124,0,8,0.0053453062452414,0.5932633717854817,0.0562353346082899,8,0.0053453062452414,0.5971775690714518,59.96002664890073
part_001.mp4,1125,0,9,0.0053896776906589,0.5932200113932292,0.0542220221625434,9,0.0053896776906589,0.5973267873128255,59.96002664890073
part_001.mp4,1126,0,8,0.0058827187785308,0.5958220799763997,0.0493201926902488,8,0.0058827187785308,0.5958220799763997,59.96002664890073
part_001.mp4,1127,0,8,0.005933299678727,0.5957210540771485,0.0435718677662037,8,0.005933299678727,0.5957210540771485,59.96002664890073
part_001.mp4,1128,0,8,0.0059763612925006,0.5964444478352865,0.0413135669849537,8,0.0059763612925006,0.5964444478352865,59.96002664890073
part_001.mp4,1129,0,7,0.0059823766236917,0.5961833318074544,0.041567145453559,7,0.0059823766236917,0.5961833318074544,59.96002664890073
part_001.mp4,1130,0,7,0.005878982075697,0.5959600448608399,0.0391262478298611,7,0.005878982075697,0.5959600448608399,59.96002664890073
part_001.mp4,1131,0,6,0.0060953063223824,0.5958545684814454,0.0388352570710358,6,0.0060953063223824,0.5958545684814454,59.96002664890073
part_001.mp4,1132,0,5,0.0062511965702287,0.5960352579752605,0.0388312445746527,5,0.0062511965702287,0.5960352579752605,59.96002664890073
part_001.mp4,1133,0,5,0.0063930702288484,0.5956206639607747,0.0317356250904224,5,0.0063930702288484,0.5956206639607747,59.96002664890073
part_001.mp4,1134,0,3,0.006333445883162,0.5955677668253581,0.0259528266059027,3,0.006333445883162,0.5955677668253581,59.96002664890073
part_001.mp4,1135,0,3,0.0064160019958181,0.5955663681030273,0.0260175634313512,3,0.0064160019958181,0.5955663681030273,59.96002664890073
part_001.mp4,1136,0,3,0.0066424322887474,0.5956062952677409,0.0247144628454137,3,0.0066424322887474,0.5956062952677409,59.96002664890073
part_001.mp4,1137,0,5,0.0067752145974822,0.5952690124511719,0.0254153216326678,5,0.0067752145974822,0.5952690124511719,59.96002664890073
part_001.mp4,1138,0,6,0.0066668483195826,0.5948297500610351,0.0200219048394097,6,0.0066668483195826,0.5948297500610351,59.96002664890073
part_001.mp4,1139,0,7,0.007128065964207,0.5960440953572591,0.0155309606481481,7,0.007128065964207,0.5960440953572591,59.96002664890073
part_001.mp4,1140,0,5,0.0069448051943133,0.5960847854614257,0.0098853217230902,5,0.0069448051943133,0.5960847854614257,59.96002664890073
part_001.mp4,1141,0,5,0.0067356535744922,0.5960885365804036,0.0012491861979166,5,0.0067356535744922,0.5960885365804036,59.96002664890073
part_001.mp4,1142,0,4,0.0067473363375271,0.5956851323445638,0.0034380029748987,3,0.0067473363375271,0.5956851323445638,59.96002664890073
part_001.mp4,1143,0,5,0.0068526221127436,0.5954256057739258,0.0111851727520978,4,0.0068526221127436,0.5954256057739258,59.96002664890073
part_001.mp4,1144,0,4,0.0065086959044371,0.5950384775797526,0.0211893717447916,4,0.0065086959044371,0.5950384775797526,59.96002664890073
part_001.mp4,1145,0,3,0.0068521405116189,0.5962936401367187,0.0237491183810763,3,0.0068521405116189,0.5962936401367187,59.96002664890073
part_001.mp4,1146,0,4,0.0069145010718299,0.5966079076131184,0.0293453640407986,4,0.0069145010718299,0.5966079076131184,59.96002664890073
part_001.mp4,1147,0,5,0.0070415485631796,0.5959211349487304,0.030808201542607,5,0.0070415485631796,0.5959211349487304,59.96002664890073
part_001.mp4,1148,0,5,0.0071069546540093,0.5955839157104492,0.0337428057635272,5,0.0071069546540093,0.5955839157104492,59.96002664890073
part_001.mp4,1149,0,4,0.0071383763978654,0.5955509821573893,0.0400579099301938,4,0.0071383763978654,0.5955509821573893,59.96002664890073
part_001.mp4,1150,0,4,0.0070449908048289,0.5955013275146485,0.046626309995298,4,0.0070449908048289,0.5955013275146485,59.96002664890073
part_001.mp4,1151,0,5,0.0072820950665994,0.5955584208170573,0.0535716304072627,4,0.0072820950665994,0.5955584208170573,59.96002664890073
part_001.mp4,1152,0,5,0.0071831297544032,0.5951327641805013,0.0612160011574074,5,0.0071831297544032,0.5951327641805013,59.96002664890073
part_001.mp4,1153,0,4,0.0072324188139625,0.5952423731486003,0.0716524477358217,4,0.0072324188139625,0.5952423731486003,59.96002664890073
part_001.mp4,1154,0,4,0.0072747042012867,0.5952308654785157,0.0798891138147424,4,0.0072747042012867,0.5952308654785157,59.96002664890073
part_001.mp4,1155,0,5,0.0074250144719553,0.594890848795573,0.086334482828776,5,0.0074250144719553,0.594890848795573,59.96002664890073
part_001.mp4,1156,0,6,0.0075418468792728,0.5946303049723307,0.0929392779314959,6,0.0075418468792728,0.5946303049723307,59.96002664890073
part_001.mp4,1157,0,8,0.0074829396704175,0.5941215515136719,0.0956404226797598,8,0.0074829396704175,0.5941215515136719,59.96002664890073
part_001.mp4,1158,0,8,0.0074498243596588,0.5938090642293294,0.1048371491608796,7,0.0074498243596588,0.5938090642293294,59.96002664890073
part_001.mp4,1159,0,5,0.0074131916158431,0.5937048594156901,0.1110648261176215,5,0.0074131916158431,0.5937048594156901,59.96002664890073
part_001.mp4,1160,0,5,0.007497729509494,0.5941328048706055,0.115060876916956,5,0.007497729509494,0.5941328048706055,59.96002664890073
part_001.mp4,1161,0,4,0.0079155898769116,0.5956768035888672,0.1207838552969473,4,0.0079155898769116,0.5956768035888672,59.96002664890073
part_001.mp4,1162,0,7,0.0079992258689979,0.5958103179931641,0.1309548554597077,7,0.0079992258689979,0.5958103179931641,59.96002664890073
part_001.mp4,1163,0,9,0.0080013063235997,0.5960690180460612,0.1387370074236834,9,0.0080013063235997,0.5960690180460612,59.96002664890073
part_001.mp4,1164,0,10,0.007855283468288,0.5954207102457683,0.1430703339753327,10,0.007855283468288,0.5954207102457683,59.96002664890073
part_001.mp4,1165,0,9,0.0080690631797726,0.5951351165771485,0.1503538908781828,9,0.0080690631797726,0.5951351165771485,59.96002664890073
part_001.mp4,1166,0,4,0.0083947436392783,0.59599609375,0.1559555336281105,4,0.0083947436392783,0.59599609375,59.96002664890073
part_001.mp4,1167,0,3,0.0083236842637415,0.5954310099283854,0.1627760145399305,3,0.0083236842637415,0.5954310099283854,59.96002664890073
part_001.mp4,1168,0,4,0.0086599233454196,0.596051279703776,0.1730792575412326,4,0.0086599233454196,0.596051279703776,59.96002664890073
part_001.mp4,1169,0,5,0.0085334159081865,0.595425796508789,0.1794089705855758,5,0.0085334159081865,0.595425796508789,59.96002664890073
part_001.mp4,1170,0,6,0.0086343790073361,0.5955744425455729,0.1875291612413194,6,0.0086343790073361,0.5955744425455729,59.96002664890073
part_001.mp4,1171,0,5,0.0087476928954129,0.5953201293945313,0.1940238104926215,5,0.0087476928954129,0.5953201293945313,59.96002664890073
part_001.mp4,1172,0,3,0.0088529494399187,0.5958215077718099,0.2032197175202546,3,0.0088529494399187,0.5958215077718099,59.96002664890073
part_001.mp4,1173,0,4,0.0089242878137264,0.5960121154785156,0.2131535847981771,4,0.0089242878137264,0.5960121154785156,59.96002664890073
part_001.mp4,1174,0,8,0.009093462148249,0.5960441589355469,0.2181478712293836,8,0.009093462148249,0.5960441589355469,59.96002664890073
part_001.mp4,1175,0,8,0.0091085446587142,0.595427131652832,0.2250156826443142,8,0.0091085446587142,0.595427131652832,59.96002664890073
part_001.mp4,1176,0,8,0.009084643637244,0.5947090784708658,0.231247400354456,8,0.009084643637244,0.5947090784708658,59.96002664890073
part_001.mp4,1177,0,10,0.0092114551201423,0.5955755233764648,0.2398344251844618,10,0.0092114551201423,0.5955755233764648,59.96002664890073
part_001.mp4,1178,0,7,0.0092002858806841,0.5957706451416016,0.2496832953559027,7,0.0092002858806841,0.5957706451416016,59.96002664890073
part_001.mp4,1179,0,9,0.0094057494051392,0.5953290303548177,0.2561498006184896,9,0.0094057494051392,0.5953290303548177,59.96002664890073
part_001.mp4,1180,0,8,0.0092853817205306,0.5947535196940105,0.2629365709092882,8,0.0092853817205306,0.5947535196940105,59.96002664890073
part_001.mp4,1181,0,5,0.009189534403817,0.5939373016357422,0.2714951691804109,5,0.009189534403817,0.5939373016357422,59.96002664890073
part_001.mp4,1182,0,5,0.0093721848169742,0.5942213694254558,0.2787515428331163,5,0.0093721848169742,0.5942213694254558,59.96002664890073
part_001.mp4,1183,0,5,0.0097555410427351,0.5946642557779948,0.2850382486979166,5,0.0097555410427351,0.5946642557779948,59.96002664890073
part_001.mp4,1184,0,4,0.0098378147068756,0.5942367553710938,0.2934108592845775,4,0.0098378147068756,0.5942367553710938,59.96002664890073
part_001.mp4,1185,0,5,0.0097682293200503,0.5943380355834961,0.3038212528935185,5,0.0097682293200503,0.5943380355834961,59.96002664890073
part_001.mp4,1186,0,8,0.0097967619690138,0.5940874099731446,0.3121227688259548,8,0.0097967619690138,0.5940874099731446,59.96002664890073
part_001.mp4,1187,0,12,0.0100515725155774,0.5945679346720377,0.3177990383572048,12,0.0100515725155774,0.5945679346720377,59.96002664890073
part_001.mp4,1188,0,11,0.010228787034198,0.5950819651285807,0.3282455726906105,11,0.010228787034198,0.5950819651285807,59.96002664890073
part_001.mp4,1189,0,7,0.0104801176174401,0.5953908920288086,0.3363009134928385,7,0.0104801176174401,0.5953908920288086,59.96002664890073
part_001.mp4,1190,0,6,0.0103376429826958,0.5941497802734375,0.343357029667607,6,0.0103376429826958,0.5941497802734375,59.96002664890073
part_001.mp4,1191,0,6,0.0101423941766049,0.5939000447591146,0.3549208181875723,6,0.0101423941766049,0.5939000447591146,59.96002664890073
part_001.mp4,1192,0,8,0.0104622191572303,0.5938421885172526,0.362445068359375,8,0.0104622191572303,0.5938421885172526,59.96002664890073
part_001.mp4,1193,0,7,0.0107666495662959,0.5945051829020183,0.3700523517749928,7,0.0107666495662959,0.5945051829020183,59.96002664890073
part_001.mp4,1194,0,7,0.0109962574908018,0.594428825378418,0.3797671847873264,7,0.0109962574908018,0.594428825378418,59.96002664890073
part_001.mp4,1195,0,7,0.0110434381430806,0.5939673105875651,0.3882215853090639,7,0.0110434381430806,0.5939673105875651,59.96002664890073
part_001.mp4,1196,0,7,0.01112943395412,0.5940698623657227,0.3950333065456814,7,0.01112943395412,0.5940698623657227,59.96002664890073
part_001.mp4,1197,0,9,0.0114586980926105,0.595115852355957,0.4090864393446181,9,0.0114586980926105,0.595115852355957,59.96002664890073
part_001.mp4,1198,0,7,0.0116310211335076,0.5955509821573893,0.4170024871826172,7,0.0116310211335076,0.5955509821573893,59.96002664890073
part_001.mp4,1199,0,7,0.0117062069816273,0.5943759918212891,0.4240904914008246,7,0.0117062069816273,0.5943759918212891,59.96002664890073
part_001.mp4,1200,0,8,0.011696393713355,0.5942373275756836,0.4337385106969763,8,0.011696393713355,0.5942373275756836,59.96002664890073
part_001.mp4,1201,0,6,0.0119424076800728,0.5943077723185222,0.4426440768771701,6,0.0119424076800728,0.5943077723185222,59.96002664890073
part_001.mp4,1202,0,5,0.012059313462313,0.5946179072062174,0.4482682969835069,5,0.012059313462313,0.5946179072062174,59.96002664890073
part_001.mp4,1203,0,6,0.0120190605535915,0.5946231842041015,0.4543968200683593,6,0.0120190605535915,0.5946231842041015,59.96002664890073
part_001.mp4,1204,0,7,0.012034433053594,0.5935099283854167,0.4665395100911458,7,0.012034433053594,0.5935099283854167,59.96002664890073
part_001.mp4,1205,0,8,0.0123181902433349,0.594334093729655,0.4715048048231336,8,0.0123181902433349,0.594334093729655,59.96002664890073
part_001.mp4,1206,0,9,0.0127509012640479,0.5947925567626953,0.4858496913203486,9,0.0127509012640479,0.5947925567626953,59.96002664890073
part_001.mp4,1207,0,10,0.0128071297447474,0.5949415842692057,0.4940064465558087,10,0.0128071297447474,0.5949415842692057,59.96002664890073
part_001.mp4,1208,0,7,0.0130260754658633,0.5942817687988281,0.5014782940899885,7,0.0130260754658633,0.5942817687988281,59.96002664890073
part_001.mp4,1209,0,4,0.0130011799983769,0.5940506617228191,0.5108191313566985,4,0.0130011799983769,0.5940506617228191,59.96002664890073
part_001.mp4,1210,0,6,0.0130892572323824,0.5938561121622722,0.5202381557888455,6,0.0130892572323824,0.5938561121622722,59.96002664890073
part_001.mp4,1211,0,6,0.0132275235826091,0.5941967010498047,0.5275248633490668,6,0.0132275235826091,0.5941967010498047,59.96002664890073
part_001.mp4,1212,0,6,0.0132446053111858,0.593792978922526,0.537291759914822,6,0.0132446053111858,0.593792978922526,59.96002664890073
part_001.mp4,1213,0,7,0.0134706671349488,0.5937731424967448,0.5472573456940828,7,0.0134706671349488,0.5937731424967448,59.96002664890073
part_001.mp4,1214,0,8,0.013821902802145,0.5938450495402018,0.5565714518229167,8,0.013821902802145,0.5938450495402018,59.96002664890073
part_001.mp4,1215,0,6,0.0141200571987823,0.5939399719238281,0.5671136361581308,6,0.0141200571987823,0.5939399719238281,59.96002664890073
part_001.mp4,1216,0,9,0.0142046637109349,0.5945569992065429,0.5779167316578052,9,0.0142046637109349,0.5945569992065429,59.96002664890073
part_001.mp4,1217,0,8,0.0141768382645871,0.5937585830688477,0.5851878130877459,8,0.0141768382645871,0.5937585830688477,59.96002664890073
part_001.mp4,1218,0,8,0.0146289965148807,0.5943906148274739,0.5951116067391855,8,0.0146289965148807,0.5943906148274739,59.96002664890073
part_001.mp4,1219,0,6,0.014396757629149,0.5933056513468424,0.6049538718329536,5,0.0023637482319329,0.5576441446940105,59.96002664890073
part_001.mp4,1220,0,5,0.0146389326109824,0.5935616175333659,0.615089374118381,4,0.0023231107890293,0.5573294321695964,59.96002664890073
part_001.mp4,1221,0,6,0.0146809909923467,0.5933322906494141,0.6249095563535337,5,0.0024490241333842,0.5572649002075195,59.96002664890073
part_001.mp4,1222,0,9,0.0149905276512795,0.5942753473917644,0.6333088486282914,8,0.0024163992954412,0.5569870630900066,59.96002664890073
part_001.mp4,1223,0,9,0.0152235051467262,0.5944623947143555,0.6453810939082393,8,0.0025417331517221,0.5568979899088542,59.96002664890073
part_001.mp4,1224,0,8,0.0151901389273916,0.5941027959187826,0.6551177872551812,7,0.0025605835414737,0.5565440495808919,59.96002664890073
part_001.mp4,1225,0,9,0.0157582692976521,0.595298957824707,0.6632680822301794,8,0.0025248114562364,0.5560099283854166,59.96002664890073
part_001.mp4,1226,0,7,0.016019199117881,0.5956306457519531,0.6708961310210051,6,0.0026384335179507,0.5562196731567383,59.96002664890073
part_001.mp4,1227,0,10,0.0158843494215004,0.593975830078125,0.682243287121808,9,0.0026966156212276,0.5555568695068359,59.96002664890073
part_001.mp4,1228,0,7,0.0162112349792166,0.5946935653686524,0.6909457383332429,6,0.0029223525339168,0.5551823298136394,59.96002664890073
part_001.mp4,1229,0,7,0.0160038383371257,0.5932899475097656,0.7024612991898148,6,0.0029100250236903,0.5554109573364258,59.96002664890073
part_001.mp4,1230,0,4,0.0163264595549972,0.5940074284871419,0.7121560485274704,3,0.0027572501032355,0.5550717035929362,59.96002664890073
part_001.mp4,1231,0,7,0.0166954658045142,0.5943202336629232,0.7265312759964554,6,0.0027853871245558,0.555273691813151,59.96002664890073
part_001.mp4,1232,0,7,0.0170543645238568,0.5946502049763998,0.7379472520616319,6,0.002860069328712,0.5554023742675781,59.96002664890073
part_001.mp4,1233,0,6,0.0170377434111691,0.5939659118652344,0.7442761456524885,5,0.0030007148739079,0.5550622304280599,59.96002664890073
part_001.mp4,1234,0,7,0.0170773540213851,0.5945692698160807,0.7508053744280779,6,0.0031731103532149,0.5547220230102539,59.96002664890073
part_001.mp4,1235,0,8,0.0166417702864095,0.5937566757202148,0.7574441344649704,7,0.0027013736670293,0.5546958923339844,59.96002664890073
part_001.mp4,1236,0,9,0.0162801316024746,0.5934942881266276,0.7621034834120008,8,0.0028455747795939,0.554543940226237,59.96002664890073
part_001.mp4,1237,0,8,0.0159339078829698,0.5925226211547852,0.7677957746717665,7,0.0027288991507063,0.5529539108276367,59.96002664890073
part_001.mp4,1238,0,9,0.0157956283103299,0.5924826304117838,0.7704211764865452,8,0.0028647466716507,0.5534503936767579,59.96002664890073
part_001.mp4,1239,0,8,0.0152650521846077,0.5919198989868164,0.7735608842637803,7,0.0027094490233705,0.5534212112426757,59.96002664890073
part_001.mp4,1240,0,8,0.0150436069538988,0.5915682474772136,0.7775680118136936,7,0.0026315632315042,0.553314208984375,59.96002664890073
part_001.mp4,1241,0,6,0.0147647818520231,0.5908776601155599,0.7821775648328994,5,0.0023809436474834,0.553083864847819,59.96002664890073
part_001.mp4,1242,0,8,0.0142757265570145,0.5904482523600261,0.7875128851996528,7,0.0024379689142127,0.5533057530721028,59.96002664890073
part_001.mp4,1243,0,9,0.0142754569553292,0.5908461252848307,0.792068064654315,8,0.0028896227886434,0.5533531824747722,59.96002664890073
part_001.mp4,1244,0,9,0.0140279732503215,0.5913427352905274,0.7961362626817491,8,0.0022563158765384,0.5514111200968425,59.96002664890073
part_001.mp4,1245,0,8,0.0137368692404386,0.5915070215861002,0.8019086625840929,7,0.0023501330639744,0.5519924163818359,59.96002664890073
part_001.mp4,1246,0,6,0.0137106714848111,0.5914341608683268,0.803724733988444,5,0.002490702558506,0.551945686340332,59.96002664890073
part_001.mp4,1247,0,6,0.0135631519635831,0.5916852315266927,0.807300744233308,5,0.0024032151211307,0.5514578501383464,59.96002664890073
part_001.mp4,1248,0,6,0.0133629810867326,0.5915534973144532,0.8109640757242839,5,0.0024385494511834,0.5515633265177409,59.96002664890073
part_001.mp4,1249,0,7,0.01317469581535,0.5914400100708008,0.814789249278881,6,0.0023513878450709,0.5507505416870118,59.96002664890073
part_001.mp4,1250,0,7,0.0129021453930747,0.5916025161743164,0.8192480511135525,6,0.0023067409379614,0.5501859664916993,59.96002664890073
part_001.mp4,1251,0,6,0.0128176352318405,0.5914911270141602,0.8208244111802843,5,0.0021848466925439,0.5514193852742513,59.96002664890073
part_001.mp4,1252,0,8,0.0124862754329381,0.5908012390136719,0.8254304691597267,7,0.0022377784269823,0.5509230295817057,59.96002664890073
part_001.mp4,1253,0,8,0.0122651993708546,0.5909311294555664,0.8287892394595676,7,0.0020307664741482,0.5502331415812175,59.96002664890073
part_001.mp4,1254,0,7,0.0120058671425865,0.590419324239095,0.8314314153459337,6,0.0020423501907983,0.5500688552856445,59.96002664890073
part_001.mp4,1255,0,9,0.0117061238711175,0.5898944854736328,0.8371674590640598,8,0.0021826703728745,0.5497325897216797,59.96002664890073
part_001.mp4,1256,0,9,0.0110028431314793,0.5891645431518555,0.8424505922529433,8,0.0023216135114812,0.5481067657470703,59.96002664890073
part_001.mp4,1257,0,8,0.0110419971135462,0.5899374643961589,0.8469422711266412,7,0.0023642455037042,0.5475160598754882,59.96002664890073
part_001.mp4,1258,0,6,0.0106498936788158,0.5901655832926432,0.8531401263342964,5,0.0024859655551376,0.5468507130940755,59.96002664890073
part_001.mp4,1259,0,7,0.0104528370102774,0.5897813161214193,0.8556947354917173,6,0.0023941350232969,0.5483184814453125,59.96002664890073
part_001.mp4,1260,0,8,0.0102071927402717,0.5893530527750651,0.8576251418502242,7,0.002663315096773,0.5484022776285807,59.96002664890073
part_001.mp4,1261,0,11,0.009471426700268,0.5875807444254557,0.8631645061351635,10,0.0022588164137064,0.5478424072265625,59.96002664890073
part_001.mp4,1262,0,10,0.0089424836762524,0.5852444966634115,0.867700269487169,9,0.002307469600831,0.547509511311849,59.96002664890073
part_001.mp4,1263,0,10,0.0086616631192322,0.5840250015258789,0.8722056971655952,9,0.0024004226132496,0.5479503631591797,59.96002664890073
part_001.mp4,1264,0,10,0.0084507508513423,0.5835675557454427,0.8765652338663737,9,0.0021907823946525,0.547914187113444,59.96002664890073
part_001.mp4,1265,0,9,0.0080641509237331,0.5828357696533203,0.8789252245867694,8,0.0021761326943912,0.5473556518554688,59.96002664890073
part_001.mp4,1266,0,11,0.0076334975969803,0.5806404113769531,0.8816455364227295,10,0.0022189957146851,0.5470911661783854,59.96002664890073
part_001.mp4,1267,0,10,0.0071665303437475,0.5796365737915039,0.8869874901241727,9,0.0022011397627001,0.5457986831665039,59.96002664890073
part_001.mp4,1268,0,9,0.0069502126600899,0.5794300715128581,0.8916516727871365,8,0.0024103750876132,0.5467340469360351,59.96002664890073
part_001.mp4,1269,0,10,0.0068344479913098,0.580074691772461,0.8946056789822049,9,0.0023004056314109,0.5459539413452148,59.96002664890073
part_001.mp4,1270,0,10,0.006649018340324,0.5803162256876627,0.8985044055514866,9,0.0023940164882488,0.5460375467936198,59.96002664890073
part_001.mp4,1271,0,10,0.0064435590765848,0.5800346374511719,0.9010541809929742,9,0.0024604382949958,0.5457136789957683,59.96002664890073
part_001.mp4,1272,0,9,0.0062425540255238,0.5795597076416016,0.9041964107089572,8,0.0024623116917423,0.5455565134684245,59.96002664890073
part_001.mp4,1273,0,12,0.0059026506366353,0.5796062469482421,0.9087527487013076,11,0.0021519630827601,0.5452183405558269,59.96002664890073
part_001.mp4,1274,0,10,0.005716978232514,0.5795284907023112,0.912510797712538,9,0.0021497370780968,0.5452479044596354,59.96002664890073
part_001.mp4,1275,0,10,0.0055787468138997,0.5799322764078776,0.9158021185133192,9,0.0023086396207482,0.5452478408813477,59.96002664890073
part_001.mp4,1276,0,9,0.0052820699354331,0.5800034205118815,0.9193474902047052,8,0.0023192320104324,0.545246950785319,59.96002664890073
part_001.mp4,1277,0,9,0.0049982995242119,0.5797020594278971,0.9239810917112562,8,0.0023352523309586,0.5459817886352539,59.96002664890073
part_001.mp4,1278,0,10,0.0048699934107768,0.5799343109130859,0.9259275869086936,9,0.0022974941546379,0.5455887476603191,59.96002664890073
part_001.mp4,1279,0,7,0.0046529606976926,0.5802504221598307,0.929122903611925,6,0.002322800923252,0.5447798411051432,59.96002664890073
part_001.mp4,1280,0,8,0.0043921374317893,0.5799378077189128,0.9319216304355198,7,0.0024353680335614,0.5448092142740886,59.96002664890073
part_001.mp4,1281,0,9,0.0041366544779851,0.5801666895548503,0.936672231886122,8,0.0025522996665034,0.5445417404174805,59.96002664890073
part_001.mp4,1282,0,7,0.0040373935485641,0.5806740442911784,0.9395106845431858,6,0.0023404365073494,0.5443711598714193,59.96002664890073
part_001.mp4,1283,0,8,0.003771538883833,0.5809134165445964,0.9430238061481052,7,0.0025624515019444,0.5443382263183594,59.96002664890073
part_001.mp4,1284,0,9,0.0035946890795225,0.5804784774780274,0.945766650305854,8,0.0025843765508169,0.5444717407226562,59.96002664890073
part_001.mp4,1285,0,8,0.0033929462306029,0.5795801798502604,0.9487531873914932,7,0.0025156712055589,0.5451340357462565,59.96002664890073
part_001.mp4,1286,0,7,0.0031063299937125,0.5805768966674805,0.9533812204996744,6,0.0024732662171219,0.5443432490030925,59.96002664890073
part_001.mp4,1287,0,8,0.0029176519927492,0.5805943171183269,0.9564423905478584,7,0.0027102349909708,0.5443321228027344,59.96002664890073
part_001.mp4,1288,0,9,0.0027480045715007,0.544186782836914,0.4501390669080946,8,0.0027480045715007,0.544186782836914,59.96002664890073
part_001.mp4,1289,0,6,0.0031115872061087,0.5441771825154622,0.4426638002748843,5,0.0031115872061087,0.5441771825154622,59.96002664890073
part_001.mp4,1290,0,10,0.0028166285951931,0.5437555948893229,0.4480801193802445,9,0.0028166285951931,0.5457942962646485,59.96002664890073
part_001.mp4,1291,0,9,0.0028744343346804,0.543851089477539,0.4490932182029442,9,0.0028744343346804,0.5456850687662761,59.96002664890073
part_001.mp4,1292,0,8,0.0020452706761945,0.5454197565714518,0.4878168318006727,8,0.0020452706761945,0.5454197565714518,59.96002664890073
part_001.mp4,1293,0,8,0.0021486131430113,0.5454576492309571,0.4874232963279442,8,0.0021486131430113,0.5454576492309571,59.96002664890073
part_001.mp4,1294,0,8,0.0020913956524034,0.5452354431152344,0.491284109044958,8,0.0020913956524034,0.5452354431152344,59.96002664890073
part_001.mp4,1295,0,7,0.0021998925809748,0.5450345993041992,0.4918991088867187,7,0.0021998925809748,0.5450345993041992,59.96002664890073
part_001.mp4,1296,0,8,0.0021618281951318,0.5448530832926433,0.4944683498806423,8,0.0021618281951318,0.5448530832926433,59.96002664890073
part_001.mp4,1297,0,7,0.0020892305338687,0.5451332092285156,0.4999107360839844,7,0.0020892305338687,0.5451332092285156,59.96002664890073
part_001.mp4,1298,0,6,0.0019415142179656,0.5443506240844727,0.5027985608136213,6,0.0019415142179656,0.5443506240844727,59.96002664890073
part_001.mp4,1299,0,6,0.0020579775931621,0.544347635904948,0.5001410731562862,6,0.0020579775931621,0.544347635904948,59.96002664890073
part_001.mp4,1300,0,6,0.0021514339008475,0.54425048828125,0.4971973136619285,6,0.0021514339008475,0.54425048828125,59.96002664890073
part_001.mp4,1301,0,6,0.0021036492926483,0.5443517684936523,0.4993596536141855,6,0.0021036492926483,0.5443517684936523,59.96002664890073
part_001.mp4,1302,0,6,0.0023160174087738,0.5453413645426433,0.4974296569824218,6,0.0023160174087738,0.5453413645426433,59.96002664890073
part_001.mp4,1303,0,7,0.0021368098987295,0.5444583892822266,0.4998360669171369,7,0.0021368098987295,0.5444583892822266,59.96002664890073
part_001.mp4,1304,0,6,0.0021469153310995,0.5443030039469401,0.4998380166512948,6,0.0021469153310995,0.5443030039469401,59.96002664890073
part_001.mp4,1305,0,6,0.0023697933436778,0.5445899963378906,0.4940822177463108,6,0.0023697933436778,0.5445899963378906,59.96002664890073
part_001.mp4,1306,0,7,0.002363454662549,0.544597053527832,0.4954873120343244,7,0.002363454662549,0.544597053527832,59.96002664890073
part_001.mp4,1307,0,6,0.0023375707770515,0.544575309753418,0.4961153948748553,6,0.0023375707770515,0.544575309753418,59.96002664890073
part_001.mp4,1308,0,6,0.0023122996063592,0.5445119857788085,0.496117584793656,6,0.0023122996063592,0.5445119857788085,59.96002664890073
part_001.mp4,1309,0,6,0.0023220732846545,0.5443966547648112,0.4978647161413122,6,0.0023220732846545,0.5443966547648112,59.96002664890073
part_001.mp4,1310,0,7,0.0023909504606476,0.5447263717651367,0.5040181336579499,7,0.0023909504606476,0.5447263717651367,59.96002664890073
part_001.mp4,1311,0,7,0.002373002912481,0.5448102951049805,0.5071182392261646,7,0.002373002912481,0.5448102951049805,59.96002664890073
part_001.mp4,1312,0,8,0.0023356762965839,0.544803237915039,0.5091412155716507,8,0.0023356762965839,0.544803237915039,59.96002664890073
part_001.mp4,1313,0,8,0.0023557267463615,0.5448831558227539,0.5095551949960214,8,0.0023557267463615,0.5448831558227539,59.96002664890073
part_001.mp4,1314,0,6,0.0022306716792647,0.5443230946858724,0.5079025268554688,6,0.0022306716792647,0.5443230946858724,59.96002664890073
part_001.mp4,1315,0,7,0.0022558068022287,0.5443998336791992,0.5079674614800347,7,0.0022558068022287,0.5443998336791992,59.96002664890073
part_001.mp4,1316,0,8,0.002256008748289,0.5445243835449218,0.5091399722629123,8,0.002256008748289,0.5445243835449218,59.96002664890073
part_001.mp4,1317,0,8,0.0022221689095507,0.5447081883748373,0.5113004048665365,8,0.0022221689095507,0.5447081883748373,59.96002664890073
part_001.mp4,1318,0,8,0.002155980835798,0.5448226928710938,0.5144131978352865,8,0.002155980835798,0.5448226928710938,59.96002664890073
part_001.mp4,1319,0,9,0.0021262133969224,0.5449757258097331,0.513780904699255,9,0.0021262133969224,0.5449757258097331,59.96002664890073
part_001.mp4,1320,0,9,0.0021134695005578,0.5450934092203776,0.5130593617757161,9,0.0021134695005578,0.5450934092203776,59.96002664890073
part_001.mp4,1321,0,7,0.0021277251518794,0.5452228546142578,0.5125345018174913,7,0.0021277251518794,0.5452228546142578,59.96002664890073
part_001.mp4,1322,0,7,0.0021136050700945,0.5453221003214518,0.5103960390444156,7,0.0021136050700945,0.5453221003214518,59.96002664890073
part_001.mp4,1323,0,6,0.0021253929564004,0.5454002380371094,0.5099809010823567,6,0.0021253929564004,0.5454002380371094,59.96002664890073
part_001.mp4,1324,0,6,0.0021037716401352,0.5453779220581054,0.5094419832582827,6,0.0021037716401352,0.5453779220581054,59.96002664890073
part_001.mp4,1325,0,5,0.0021418953221938,0.5453628540039063,0.5075094576235171,5,0.0021418953221938,0.5453628540039063,59.96002664890073
part_001.mp4,1326,0,5,0.0021570258905558,0.5453252792358398,0.5068484977439598,5,0.0021570258905558,0.5453252792358398,59.96002664890073
part_001.mp4,1327,0,6,0.0022100676654399,0.5452613830566406,0.503635420622649,6,0.0022100676654399,0.5452613830566406,59.96002664890073
part_001.mp4,1328,0,6,0.0022155928582036,0.5452967325846354,0.5037614751745153,6,0.0022155928582036,0.5452967325846354,59.96002664890073
part_001.mp4,1329,0,7,0.0021796351925491,0.5446296691894531,0.4818701991328487,7,0.0021796351925491,0.5465011596679688,59.96002664890073
part_001.mp4,1330,0,8,0.0022066714617216,0.5448431015014649,0.4784229702419705,8,0.0022066714617216,0.5469883600870769,59.96002664890073
part_001.mp4,1331,0,6,0.0025399151723791,0.5459944407145182,0.4898247754132306,6,0.0025399151723791,0.5459944407145182,59.96002664890073
part_001.mp4,1332,0,6,0.0024438393335097,0.5462926864624024,0.4873503084535951,6,0.0024438393335097,0.5462926864624024,59.96002664890073
part_001.mp4,1333,0,6,0.0025170205427006,0.5466645558675131,0.4896753381799768,6,0.0025170205427006,0.5466645558675131,59.96002664890073
part_001.mp4,1334,0,6,0.0025632998135381,0.5470846811930339,0.489103204232675,6,0.0025632998135381,0.5470846811930339,59.96002664890073
part_001.mp4,1335,0,6,0.0025033423397218,0.5474931716918945,0.4912984353524667,6,0.0025033423397218,0.5474931716918945,59.96002664890073
part_001.mp4,1336,0,7,0.0024569557918373,0.5478617350260416,0.4935599574336299,7,0.0024569557918373,0.5478617350260416,59.96002664890073
part_001.mp4,1337,0,7,0.0023780398659464,0.5480548858642578,0.4961996290418837,7,0.0023780398659464,0.5480548858642578,59.96002664890073
part_001.mp4,1338,0,7,0.0022239219160271,0.5480719884236653,0.4991425690827546,7,0.0022239219160271,0.5480719884236653,59.96002664890073
part_001.mp4,1339,0,7,0.0023843103803031,0.5486464182535807,0.4959250979953342,7,0.0023843103803031,0.5486464182535807,59.96002664890073
part_001.mp4,1340,0,7,0.0024075266653627,0.5490120569864909,0.4939852537932219,7,0.0024075266653627,0.5490120569864909,59.96002664890073
part_001.mp4,1341,0,7,0.0024333267995717,0.5492195129394531,0.4922721156367549,7,0.0024333267995717,0.5492195129394531,59.96002664890073
part_001.mp4,1342,0,6,0.002429186267765,0.5493907292683919,0.4922053160490813,6,0.002429186267765,0.5493907292683919,59.96002664890073
part_001.mp4,1343,0,6,0.0023933650881776,0.5494379679361979,0.4926493326822916,6,0.0023933650881776,0.5494379679361979,59.96002664890073
part_001.mp4,1344,0,6,0.0023551230459014,0.5495063781738281,0.4928590986463759,6,0.0023551230459014,0.5495063781738281,59.96002664890073
part_001.mp4,1345,0,6,0.0023398215831063,0.5495843887329102,0.4928176879882812,6,0.0023398215831063,0.5495843887329102,59.96002664890073
part_001.mp4,1346,0,6,0.0023370781842921,0.5496451059977213,0.4922228636565032,6,0.0023370781842921,0.5496451059977213,59.96002664890073
part_001.mp4,1347,0,5,0.0023265613015785,0.5497734069824218,0.4923244193748191,5,0.0023265613015785,0.5497734069824218,59.96002664890073
part_001.mp4,1348,0,5,0.0023133394957026,0.5498882293701172,0.4923545978687427,5,0.0023133394957026,0.5498882293701172,59.96002664890073
part_001.mp4,1349,0,6,0.002245589238489,0.55003662109375,0.493534681532118,6,0.002245589238489,0.55003662109375,59.96002664890073
part_001.mp4,1350,0,6,0.0021860193372251,0.5501884460449219,0.4943683200412326,6,0.0021860193372251,0.5501884460449219,59.96002664890073
part_001.mp4,1351,0,6,0.0021659372559467,0.5503000895182292,0.4943990919325087,6,0.0021659372559467,0.5503000895182292,59.96002664890073
part_001.mp4,1352,0,7,0.0021723999775713,0.5505260467529297,0.4937891642252604,7,0.0021723999775713,0.5505260467529297,59.96002664890073
part_001.mp4,1353,0,7,0.0022049380709579,0.5508793512980144,0.4931233865243417,7,0.0022049380709579,0.5508793512980144,59.96002664890073
part_001.mp4,1354,0,7,0.0022807586797609,0.5512676239013672,0.4918394441957827,7,0.0022807586797609,0.5512676239013672,59.96002664890073
part_001.mp4,1355,0,6,0.0023683969017306,0.5517875671386718,0.4902217582420066,6,0.0023683969017306,0.5517875671386718,59.96002664890073
part_001.mp4,1356,0,4,0.0024425392736659,0.552191416422526,0.4888055730749059,4,0.0024425392736659,0.552191416422526,59.96002664890073
part_001.mp4,1357,0,4,0.0027059033210227,0.5523209889729818,0.4782548692491319,4,0.0027059033210227,0.5523209889729818,59.96002664890073
part_001.mp4,1358,0,5,0.0025434804283891,0.5529461542765299,0.4859150074146412,5,0.0025434804283891,0.5529461542765299,59.96002664890073
part_001.mp4,1359,0,4,0.0029313513128996,0.5501791000366211,0.4508711638274016,4,0.0029313513128996,0.5531667709350586,59.96002664890073
part_001.mp4,1360,0,3,0.0030344040920641,0.5507924397786458,0.452083248562283,3,0.0030344040920641,0.5534446716308594,59.96002664890073
part_001.mp4,1361,0,2,0.0024026629347375,0.5534961064656575,0.4873435691550926,2,0.0024026629347375,0.5534961064656575,59.96002664890073
part_001.mp4,1362,0,2,0.002411742587457,0.5536301294962566,0.4868461326316551,2,0.002411742587457,0.5536301294962566,59.96002664890073
part_001.mp4,1363,0,6,0.0025564089100603,0.5537439346313476,0.4815602903012876,6,0.0025564089100603,0.5537439346313476,59.96002664890073
part_001.mp4,1364,0,6,0.0026425775569199,0.5539590835571289,0.4786704593234592,6,0.0026425775569199,0.5539590835571289,59.96002664890073
part_001.mp4,1365,0,7,0.003069801888123,0.5524049123128255,0.451505618625217,7,0.003069801888123,0.5541803359985351,59.96002664890073
part_001.mp4,1366,0,5,0.0024279717050214,0.5542869567871094,0.4807316250271267,5,0.0024279717050214,0.5542869567871094,59.96002664890073
part_001.mp4,1367,0,7,0.0031722065015438,0.5537450790405274,0.4500076435230396,7,0.0031722065015438,0.5545830408732096,59.96002664890073
part_001.mp4,1368,0,7,0.0032754625927191,0.5541107177734375,0.4483577304416232,7,0.0032754625927191,0.5550050735473633,59.96002664890073
part_001.mp4,1369,0,7,0.0024821064732747,0.5556221644083659,0.4779424879286024,7,0.0024821064732747,0.5556221644083659,59.96002664890073
part_001.mp4,1370,0,9,0.0023884514247334,0.5555355072021484,0.4806169439245153,9,0.0023884514247334,0.5555355072021484,59.96002664890073
part_001.mp4,1371,0,5,0.0023343424574709,0.5558706919352213,0.4811599590160229,5,0.0023343424574709,0.5558706919352213,59.96002664890073
part_001.mp4,1372,0,4,0.0024380175072175,0.5563283920288086,0.478018894901982,4,0.0024380175072175,0.5563283920288086,59.96002664890073
part_001.mp4,1373,0,6,0.002489078485491,0.5566556930541993,0.4750499301486545,6,0.002489078485491,0.5566556930541993,59.96002664890073
part_001.mp4,1374,0,10,0.0024959733955552,0.5569234848022461,0.4724284843162254,10,0.0024959733955552,0.5569234848022461,59.96002664890073
part_001.mp4,1375,0,8,0.0023775725431187,0.557476806640625,0.4748054928249783,8,0.0023775725431187,0.557476806640625,59.96002664890073
part_001.mp4,1376,0,11,0.0023259072933002,0.5577429453531901,0.4727416144476996,11,0.0023259072933002,0.5577429453531901,59.96002664890073
part_001.mp4,1377,0,11,0.0028001803489422,0.5571144739786784,0.4419706980387369,11,0.0028001803489422,0.5581242243448893,59.96002664890073
part_001.mp4,1378,0,10,0.0024228580279439,0.5579912185668945,0.4550761046233,10,0.0024228580279439,0.5579912185668945,59.96002664890073
part_001.mp4,1379,0,9,0.0029022765892538,0.556700070699056,0.4202693939208984,9,0.0029022765892538,0.5589519500732422,59.96002664890073
part_001.mp4,1380,0,11,0.0024621598392174,0.5594099044799805,0.4517707118281611,11,0.0024621598392174,0.5594099044799805,59.96002664890073
part_001.mp4,1381,0,8,0.0024187609504345,0.5598722457885742,0.4509285820855034,8,0.0024187609504345,0.5598722457885742,59.96002664890073
part_001.mp4,1382,0,8,0.0027554232639077,0.5600133260091146,0.4389482710096571,8,0.0027554232639077,0.5600133260091146,59.96002664890073
part_001.mp4,1383,0,10,0.0026318783816855,0.560605239868164,0.4411990695529514,10,0.0026318783816855,0.560605239868164,59.96002664890073
part_001.mp4,1384,0,9,0.0029198088823856,0.5586324691772461,0.4144244158709491,9,0.0029198088823856,0.5616310119628907,59.96002664890073
part_001.mp4,1385,0,8,0.0032325997608185,0.5615832646687825,0.4182932253237124,8,0.0032325997608185,0.5615832646687825,59.96002664890073
part_001.mp4,1386,0,8,0.0029388600736885,0.5617714564005534,0.4227580317744502,8,0.0029388600736885,0.5617714564005534,59.96002664890073
part_001.mp4,1387,0,8,0.0021618272721146,0.5628671010335287,0.4455773247612847,8,0.0021618272721146,0.5628671010335287,59.96002664890073
part_001.mp4,1388,0,9,0.0021899597665307,0.5638085047403971,0.4397265398943866,9,0.0021899597665307,0.5638085047403971,59.96002664890073
part_001.mp4,1389,0,10,0.0021839728714743,0.564581553141276,0.4396011352539062,10,0.0021839728714743,0.564581553141276,59.96002664890073
part_001.mp4,1390,0,7,0.0024263236164632,0.5651149749755859,0.4319491351092303,7,0.0024263236164632,0.5651149749755859,59.96002664890073
part_001.mp4,1391,0,6,0.0023156497563899,0.5654471079508464,0.4319780702944155,6,0.0023156497563899,0.5654471079508464,59.96002664890073
part_001.mp4,1392,0,6,0.0027923659055298,0.564326286315918,0.4083129600242332,6,0.0027923659055298,0.565868631998698,59.96002664890073
part_001.mp4,1393,0,2,0.0024352161694148,0.5651239395141602,0.3948626765498408,2,0.0024352161694148,0.5661219278971354,59.96002664890073
part_001.mp4,1394,0,8,0.0027558113172913,0.5667080561319987,0.4077748899106626,8,0.0027558113172913,0.5667521158854166,59.96002664890073
part_001.mp4,1395,0,6,0.0026860797800408,0.5673158645629883,0.4107152303059896,6,0.0026860797800408,0.5673158645629883,59.96002664890073
part_001.mp4,1396,0,6,0.0026640904521897,0.5666613896687825,0.4034847683376736,6,0.0026640904521897,0.5677996317545573,59.96002664890073
part_001.mp4,1397,0,5,0.0025535633352248,0.5678777694702148,0.4064168294270833,5,0.0025535633352248,0.5678777694702148,59.96002664890073
part_001.mp4,1398,0,5,0.0024479343926959,0.5688236236572266,0.4066367820457175,5,0.0024479343926959,0.5688236236572266,59.96002664890073
part_001.mp4,1399,0,5,0.0024552791064909,0.5692840576171875,0.4055917527940538,5,0.0024552791064909,0.5692840576171875,59.96002664890073
part_001.mp4,1400,0,4,0.0023619193502236,0.5696016311645508,0.408403636791088,4,0.0023619193502236,0.5696016311645508,59.96002664890073
part_001.mp4,1401,0,5,0.0024862383306673,0.5699956893920899,0.4006638138382523,5,0.0024862383306673,0.5699956893920899,59.96002664890073
part_001.mp4,1402,0,4,0.0024463791083339,0.5701725006103515,0.4022296199092158,4,0.0024463791083339,0.5701725006103515,59.96002664890073
part_001.mp4,1403,0,5,0.0022788938811662,0.5701740264892579,0.4078440913447627,5,0.0022788938811662,0.5701740264892579,59.96002664890073
part_001.mp4,1404,0,4,0.0023348521745086,0.5701300303141276,0.4057560956036603,4,0.0023348521745086,0.5701300303141276,59.96002664890073
part_001.mp4,1405,0,4,0.002369248181866,0.5702320098876953,0.4076992458767361,4,0.002369248181866,0.5702320098876953,59.96002664890073
part_001.mp4,1406,0,5,0.0023061315887995,0.5701799392700195,0.4100019101743345,5,0.0023061315887995,0.5701799392700195,59.96002664890073
part_001.mp4,1407,0,6,0.002292627509693,0.5703247706095378,0.4106025130660445,6,0.002292627509693,0.5703247706095378,59.96002664890073
part_001.mp4,1408,0,5,0.0023444337543332,0.5715179443359375,0.4161549886067708,5,0.0023444337543332,0.5715179443359375,59.96002664890073
part_001.mp4,1409,0,7,0.002281561870849,0.570049794514974,0.4167573999475549,7,0.002281561870849,0.570049794514974,59.96002664890073
part_001.mp4,1410,0,7,0.0023697257828596,0.5701361338297526,0.4197322986744068,7,0.0023697257828596,0.5701361338297526,59.96002664890073
part_001.mp4,1411,0,8,0.0022036728736521,0.5700685501098632,0.4269327516908999,8,0.0022036728736521,0.5700685501098632,59.96002664890073
part_001.mp4,1412,0,5,0.0022304735147918,0.5700994491577148,0.4296310707374855,5,0.0022304735147918,0.5700994491577148,59.96002664890073
part_001.mp4,1413,0,4,0.0024314252704304,0.5700487772623698,0.4329545480233651,4,0.0024314252704304,0.5700487772623698,59.96002664890073
part_001.mp4,1414,0,4,0.0027000917505938,0.5511257807413737,0.5309538099500868,4,0.0027000917505938,0.5695990244547526,59.96002664890073
part_001.mp4,1415,0,5,0.0027056329615879,0.5515684127807617,0.5214440239800348,5,0.0027056329615879,0.5701255798339844,59.96002664890073
part_001.mp4,1416,0,4,0.0029192853759849,0.5690109252929687,0.4447650061713324,4,0.0029192853759849,0.5690109252929687,59.96002664890073
part_001.mp4,1417,0,5,0.0026796633920942,0.5678197860717773,0.4618078443739149,5,0.0026796633920942,0.5697019577026368,59.96002664890073
part_001.mp4,1418,0,8,0.0025937006836951,0.5668289184570312,0.4662648518880208,8,0.0025937006836951,0.5692419687906901,59.96002664890073
part_001.mp4,1419,0,9,0.0023373961381407,0.5471843719482422,0.4873162163628472,9,0.0023373961381407,0.5683069864908854,59.96002664890073
part_001.mp4,1420,0,5,0.0027575933118566,0.548867670694987,0.4783331976996527,5,0.0027575933118566,0.5678009033203125,59.96002664890073
part_001.mp4,1421,0,8,0.0017554561761789,0.5664564768473307,0.5380646599663629,8,0.0017554561761789,0.5664564768473307,59.96002664890073
part_001.mp4,1422,0,7,0.0022484147943032,0.5665915171305339,0.5343494839138455,7,0.0022484147943032,0.5665915171305339,59.96002664890073
part_001.mp4,1423,0,5,0.002335679632694,0.5650963465372721,0.5434201699716074,5,0.002335679632694,0.5650963465372721,59.96002664890073
part_001.mp4,1424,0,5,0.0023363080895069,0.5650970458984375,0.5434199439154731,5,0.0023363080895069,0.5650970458984375,59.96002664890073
part_001.mp4,1425,0,11,0.0027801672787276,0.561708132425944,0.5479209617332176,11,0.0027801672787276,0.563708750406901,59.96002664890073
part_001.mp4,1426,0,7,0.0025937831975062,0.5618282318115234,0.5690279360170718,7,0.0025937831975062,0.5618282318115234,59.96002664890073
part_001.mp4,1427,0,10,0.0027304995869484,0.5446987787882487,0.393467542860243,10,0.0027304995869484,0.5611260732014974,59.96002664890073
part_001.mp4,1428,0,7,0.0030644653267922,0.560117530822754,0.5996305818910952,7,0.0030644653267922,0.560117530822754,59.96002664890073
part_001.mp4,1429,0,7,0.002809216142725,0.5590889612833659,0.6221724192301432,6,0.0022538711104748,0.550787607828776,59.96002664890073
part_001.mp4,1430,0,9,0.0030617536315077,0.5570442835489909,0.6361569298638238,8,0.0020218628488752,0.5441536585489909,59.96002664890073
part_001.mp4,1431,0,6,0.0033221382966116,0.5562920252482096,0.6521391974555122,5,0.0019216408630988,0.5441688537597656,59.96002664890073
part_001.mp4,1432,0,9,0.0025149062141227,0.5544111251831054,0.697014370671025,8,0.002388184754899,0.5435398737589519,59.96002664890073
part_001.mp4,1433,0,12,0.0024562934964261,0.5532289505004883,0.7169416639539931,11,0.0021291261994176,0.544856071472168,59.96002664890073
part_001.mp4,1434,0,11,0.0023327067587524,0.5371435165405274,0.2629072401258681,9,0.0023327067587524,0.5416269938151042,59.96002664890073
part_001.mp4,1435,0,9,0.0022927000871953,0.5478078842163085,0.7692083217479565,5,0.0011114588538588,0.5396004358927409,59.96002664890073
part_001.mp4,1436,0,10,0.0024553428330626,0.5354114532470703,0.2199801974826389,8,0.0024553428330626,0.5365988413492838,59.96002664890073
part_001.mp4,1437,0,9,0.0028953733820337,0.5441288630167643,0.8093116477683738,6,0.0018558693678157,0.5323311805725097,59.96002664890073
part_001.mp4,1438,0,11,0.0022056273502094,0.5440945307413737,0.8627807670169406,6,0.0007713918753951,0.5312678337097168,59.96002664890073
part_001.mp4,1439,0,8,0.0028542515686129,0.5422126770019531,0.8805869685278999,2,0.0007139511997714,0.5249404907226562,59.96002664890073
part_001.mp4,1440,0,9,0.0027710429462786,0.5406291961669922,0.8987167252434625,4,0.0008048370298961,0.5277374267578125,59.96002664890073
part_001.mp4,1441,0,8,0.0015630959688658,0.5389080047607422,0.9415693680445352,2,0.0006480329930383,0.5240838050842285,59.96002664890073
part_001.mp4,1442,0,11,0.0016694954254702,0.5361229578653971,0.938864082760281,4,0.0007882504209555,0.5216651916503906,59.96002664890073
part_001.mp4,1443,0,10,0.0025245317980685,0.5277534484863281,0.0491356743706597,2,0.0025245317980685,0.5277534484863281,59.96002664890073
part_001.mp4,1444,0,7,0.0024630118096764,0.5253758430480957,0.024452492042824,1,0.0024630118096764,0.5253758430480957,59.96002664890073
part_001.mp4,1445,0,7,0.0025084151272582,0.5262331962585449,0.0005820097746672,1,0.0025084151272582,0.5262331962585449,59.96002664890073
part_001.mp4,1446,0,5,0.0009486156287152,0.5235983848571777,0.9530212216907076,0,0.0,0.0,59.96002664890073
part_001.mp4,1447,0,2,0.0024506456813671,0.5224650382995606,0.0551771375868055,1,0.0024506456813671,0.5224650382995606,59.96002664890073
part_001.mp4,1448,0,2,0.0007537432001468,0.5125983238220215,0.7710953323929398,0,0.0,0.0,59.96002664890073
part_001.mp4,1449,0,7,0.0023734815748563,0.5209482192993165,0.1002382066514756,1,0.0023734815748563,0.5209482192993165,59.96002664890073
part_001.mp4,1450,0,2,0.0009223049172821,0.5107758522033692,0.821154530843099,0,0.0,0.0,59.96002664890073
part_001.mp4,1451,0,2,0.0007920051588613,0.510159428914388,0.8593660213329174,0,0.0,0.0,59.96002664890073
part_001.mp4,1452,0,2,0.0009986234130071,0.5081328709920248,0.8658660923993146,0,0.0,0.0,59.96002664890073
part_001.mp4,1453,0,1,0.0012321039658005,0.5083178520202637,0.917394150627984,0,0.0,0.0,59.96002664890073
part_001.mp4,1454,0,2,0.001135201628881,0.5070792198181152,0.9245541228188408,0,0.0,0.0,59.96002664890073
part_001.mp4,1455,0,3,0.0012792053840813,0.5049748420715332,0.9107620875040692,0,0.0,0.0,59.96002664890073
part_001.mp4,1456,0,2,0.0009644351577576,0.5036432266235351,0.9278525043416906,0,0.0,0.0,59.96002664890073
part_001.mp4,1457,0,0,0.0,0.0,0.0,0,0.0,0.0,59.96002664890073
part_001.mp4,1458,0,0,0.0,0.0,0.0,0,0.0,0.0,59.96002664890073
part_001.mp4,1459,0,3,0.003058764235013,0.5170790672302246,0.3080454508463541,1,0.003058764235013,0.5170790672302246,59.96002664890073
part_001.mp4,1460,0,2,0.0021007061711861,0.5093940099080404,0.3122202555338542,1,0.0021007061711861,0.5093940099080404,59.96002664890073
part_001.mp4,1461,0,2,0.0029961169693868,0.5157796223958333,0.3308807655617042,2,0.0029961169693868,0.5157796223958333,59.96002664890073
part_001.mp4,1462,0,2,0.0026345033846155,0.5137046813964844,0.3374073734989872,1,0.0026345033846155,0.5137046813964844,59.96002664890073
part_001.mp4,1463,0,0,0.0,0.0,0.0,0,0.0,0.0,59.96002664890073
part_001.mp4,1464,0,0,0.0,0.0,0.0,0,0.0,0.0,59.96002664890073
part_001.mp4,1465,0,0,0.0,0.0,0.0,0,0.0,0.0,59.96002664890073
part_001.mp4,1466,0,1,0.0025691168913315,0.5101720174153646,0.3734061912254051,1,0.0025691168913315,0.5101720174153646,59.96002664890073
part_001.mp4,1467,0,1,0.0025985630440818,0.5111125946044922,0.3763527481644242,1,0.0025985630440818,0.5111125946044922,59.96002664890073
part_001.mp4,1468,0,1,0.0028201060283269,0.5130374908447266,0.3791616086606626,1,0.0028201060283269,0.5130374908447266,59.96002664890073
part_001.mp4,1469,0,1,0.0026938585104653,0.5121813774108886,0.379512702094184,1,0.0026938585104653,0.5121813774108886,59.96002664890073
part_001.mp4,1470,0,1,0.0026756066628607,0.5126810391743978,0.376223557083695,1,0.0026756066628607,0.5126810391743978,59.96002664890073
part_001.mp4,1471,0,0,0.0,0.0,0.0,0,0.0,0.0,59.96002664890073
part_001.mp4,1472,0,0,0.0,0.0,0.0,0,0.0,0.0,59.96002664890073
part_001.mp4,1473,0,0,0.0,0.0,0.0,0,0.0,0.0,59.96002664890073
part_001.mp4,1474,0,1,0.0017306966416072,0.5050430297851562,0.3494626645688657,1,0.0017306966416072,0.5050430297851562,59.96002664890073
part_001.mp4,1475,0,1,0.0023188716775621,0.5117826779683431,0.336747572157118,1,0.0023188716775621,0.5117826779683431,59.96002664890073
part_001.mp4,1476,0,1,0.0018277405735312,0.5067461013793946,0.3276439525462963,1,0.0018277405735312,0.5067461013793946,59.96002664890073
part_001.mp4,1477,0,0,0.0,0.0,0.0,0,0.0,0.0,59.96002664890073
part_001.mp4,1478,0,1,0.0009751966859524,0.5057337760925293,0.2949601350007234,1,0.0009751966859524,0.5057337760925293,59.96002664890073
part_001.mp4,1479,0,1,0.0020816448891613,0.5140156745910645,0.2826147573965567,1,0.0020816448891613,0.5140156745910645,59.96002664890073
part_001.mp4,1480,0,0,0.0,0.0,0.0,0,0.0,0.0,59.96002664890073
part_001.mp4,1481,0,3,0.0011826066005354,0.5129620869954427,0.9167920430501302,0,0.0,0.0,59.96002664890073
part_001.mp4,1482,0,2,0.0024875329302287,0.521701717376709,0.2380469428168402,1,0.0024875329302287,0.521701717376709,59.96002664890073
part_001.mp4,1483,0,3,0.0009903492134776,0.5187479972839355,0.938272558318244,0,0.0,0.0,59.96002664890073
part_001.mp4,1484,0,2,0.0012663310321007,0.5194124221801758,0.922415312131246,0,0.0,0.0,59.96002664890073
part_001.mp4,1485,0,2,0.0015864939939799,0.5136528015136719,0.1888684873227719,1,0.0015864939939799,0.5136528015136719,59.96002664890073
part_001.mp4,1486,0,3,0.0014771951751572,0.5241567611694335,0.9021688885158964,0,0.0,0.0,59.96002664890073
part_001.mp4,1487,0,3,0.0017954004790044,0.527934455871582,0.8979243914286296,0,0.0,0.0,59.96002664890073
part_001.mp4,1488,0,4,0.0016855385993908,0.529513168334961,0.8986733224656847,0,0.0,0.0,59.96002664890073
part_001.mp4,1489,0,0,0.0,0.0,0.0,0,0.0,0.0,59.96002664890073
part_001.mp4,1490,0,9,0.0016444548636974,0.522983169555664,0.0930211667661313,1,0.0016444548636974,0.522983169555664,59.96002664890073
part_001.mp4,1491,0,6,0.0023686843820744,0.5309281349182129,0.0704352484809027,1,0.0023686843820744,0.5309281349182129,59.96002664890073
part_001.mp4,1492,0,8,0.0017025191884695,0.5252402305603028,0.0567698443377459,1,0.0017025191884695,0.5252402305603028,59.96002664890073
part_001.mp4,1493,0,11,0.0023865974656278,0.5339281717936198,0.0372604370117187,2,0.0023865974656278,0.5339281717936198,59.96002664890073
part_001.mp4,1494,0,10,0.0015973696333821,0.5267395973205566,0.0171464708116319,2,0.0015973696333821,0.5267395973205566,59.96002664890073
part_001.mp4,1495,0,5,0.000920401405542,0.5380667368570964,0.6827271355523004,0,0.0,0.0,59.96002664890073
part_001.mp4,1496,0,11,0.0016911858169004,0.5521386464436849,0.9200835899070458,3,0.0016405922995289,0.5349671045939127,59.96002664890073
part_001.mp4,1497,0,3,0.0022409657486796,0.5556723276774088,0.91544136206309,0,0.0,0.0,59.96002664890073
part_001.mp4,1498,0,10,0.0023971803015808,0.5579690933227539,0.9082490002667464,2,0.0007898882606483,0.5388956069946289,59.96002664890073
part_001.mp4,1499,0,4,0.0017029684474428,0.5614031473795573,0.9389730215072633,1,0.0016006798357961,0.5330933570861817,59.96002664890073
part_001.mp4,1500,0,12,0.0022237454200876,0.5639442443847656,0.9242127948337132,4,0.000924710096461,0.5455673853556315,59.96002664890073
part_001.mp4,1501,0,11,0.0022832818980397,0.5424750010172527,0.1125820583767361,4,0.0022832818980397,0.5488314310709635,59.96002664890073
part_001.mp4,1502,0,8,0.0024543365309202,0.5446732203165691,0.1224273116500289,2,0.0024543365309202,0.5482852935791016,59.96002664890073
part_001.mp4,1503,0,11,0.0026861174387805,0.5664040247599283,0.8900011698404948,4,0.0024760852105531,0.5497004826863606,59.96002664890073
part_001.mp4,1504,0,7,0.0024496959305848,0.5479162851969401,0.1601368091724537,3,0.0024496959305848,0.5543144226074219,59.96002664890073
part_001.mp4,1505,0,9,0.0024130400902746,0.5484247207641602,0.1735110812717014,5,0.0024130400902746,0.5563034057617188,59.96002664890073
part_001.mp4,1506,0,7,0.0031222385278939,0.5692413330078125,0.8051743825276693,3,0.001838523558798,0.550863520304362,59.96002664890073
part_001.mp4,1507,0,9,0.0025952425729701,0.5702856699625651,0.7927568435668946,5,0.0008565841738424,0.5574442545572916,59.96002664890073
part_001.mp4,1508,0,11,0.0028945792076491,0.5720909754435222,0.780679808722602,7,0.0019300243050437,0.5601069768269856,59.96002664890073
part_001.mp4,1509,0,11,0.0028307031500541,0.5739263534545899,0.7620682186550565,7,0.0017276963260815,0.5624600728352864,59.96002664890073
part_001.mp4,1510,0,8,0.0026100156686219,0.5754493713378906,0.7583911118683991,4,0.0017970443143093,0.5630691528320313,59.96002664890073
part_001.mp4,1511,0,12,0.0020094997286893,0.576021957397461,0.7544880761040582,10,0.0017896826780849,0.5675963083902995,59.96002664890073
part_001.mp4,1512,0,7,0.002370233090742,0.5776756286621094,0.7339249928792317,6,0.0016404077541665,0.5686397552490234,59.96002664890073
part_001.mp4,1513,0,9,0.0025004926076993,0.5786020278930664,0.7040777418348524,8,0.0015779307659465,0.570080820719401,59.96002664890073
part_001.mp4,1514,0,8,0.0027211045271313,0.5789884567260742,0.6903166523686162,7,0.0020105604033085,0.5692127863566081,59.96002664890073
part_001.mp4,1515,0,8,0.0022424537243268,0.5794745127360026,0.6907066839712638,7,0.0010042058517056,0.5701990127563477,59.96002664890073
part_001.mp4,1516,0,8,0.0028824359037227,0.5802476882934571,0.6602165222167968,7,0.0012171014774422,0.5711192448933919,59.96002664890073
part_001.mp4,1517,0,7,0.0031639149590639,0.5790068308512369,0.6230417604799624,5,0.0009641134111249,0.5702761967976888,59.96002664890073
part_001.mp4,1518,0,4,0.0031213488163323,0.5817309061686198,0.6264113249602141,3,0.0014960990303747,0.570881716410319,59.96002664890073
part_001.mp4,1519,0,7,0.0030777056752952,0.5821367263793945,0.615218084829825,6,0.0021464966595414,0.5784197489420573,59.96002664890073
part_001.mp4,1520,0,8,0.002342378084399,0.5824647903442383,0.620750003390842,7,0.0021818503857745,0.5795364379882812,59.96002664890073
part_001.mp4,1521,0,9,0.0029581435079352,0.5809164047241211,0.5835873639142072,9,0.0029581435079352,0.5809164047241211,59.96002664890073
part_001.mp4,1522,0,7,0.0026665990178837,0.5824361801147461,0.5852974926983868,7,0.0026665990178837,0.5824361801147461,59.96002664890073
part_001.mp4,1523,0,3,0.0026428333534702,0.5825309753417969,0.5766668672914859,3,0.0026428333534702,0.5825309753417969,59.96002664890073
part_001.mp4,1524,0,4,0.0026114834692756,0.5824020385742188,0.5646336025661892,4,0.0026114834692756,0.5824020385742188,59.96002664890073
part_001.mp4,1525,0,7,0.0024201114817355,0.5822573979695638,0.5606416631627966,7,0.0024201114817355,0.5822573979695638,59.96002664890073
part_001.mp4,1526,0,7,0.0025858673133188,0.5824665069580078,0.542338392469618,7,0.0025858673133188,0.5824665069580078,59.96002664890073
part_001.mp4,1527,0,4,0.0028557422892481,0.5824591318766276,0.5290303972032335,4,0.0028557422892481,0.5824591318766276,59.96002664890073
part_001.mp4,1528,0,5,0.0024296090145421,0.5825431823730469,0.5328368434199581,5,0.0024296090145421,0.5825431823730469,59.96002664890073
part_001.mp4,1529,0,3,0.0026183915015361,0.581968116760254,0.5167071872287327,3,0.0026183915015361,0.581968116760254,59.96002664890073
part_001.mp4,1530,0,9,0.0027775030203284,0.5815345128377278,0.5012193467881945,9,0.0027775030203284,0.5825844446818034,59.96002664890073
part_001.mp4,1531,0,4,0.0121092661883449,0.6594563166300456,0.1500162760416666,3,0.0121092661883449,0.6594563166300456,59.96002664890073
part_001.mp4,1532,0,4,0.0122801401513613,0.6597592035929362,0.1515094615794994,3,0.0122801401513613,0.6597592035929362,59.96002664890073
part_001.mp4,1533,0,4,0.0125283041742578,0.6605070114135743,0.1566989474826388,3,0.0125283041742578,0.6605070114135743,59.96002664890073
part_001.mp4,1534,0,5,0.0126012983439108,0.660497538248698,0.1572528697826244,4,0.0126012983439108,0.660497538248698,59.96002664890073
part_001.mp4,1535,0,4,0.0127837917407439,0.6607370376586914,0.1609266775625723,3,0.0127837917407439,0.6607370376586914,59.96002664890073
part_001.mp4,1536,0,6,0.0127710575517195,0.6606228510538737,0.1652571218985098,5,0.0127710575517195,0.6610523223876953,59.96002664890073
part_001.mp4,1537,0,7,0.0129643793583522,0.6611625035603841,0.1649639836064091,6,0.0129643793583522,0.6611625035603841,59.96002664890073
part_001.mp4,1538,0,6,0.0130976007022157,0.6619010925292969,0.1670364379882812,5,0.0130976007022157,0.6619010925292969,59.96002664890073
part_001.mp4,1539,0,5,0.0133405129135806,0.6622785568237305,0.1708529154459635,4,0.0133405129135806,0.6622785568237305,59.96002664890073
part_001.mp4,1540,0,6,0.013477655465734,0.6624584833780924,0.17205160635489,5,0.013477655465734,0.6624584833780924,59.96002664890073
part_001.mp4,1541,0,7,0.0135938507549171,0.6626773834228515,0.1744324295609085,6,0.0135938507549171,0.6626773834228515,59.96002664890073
part_001.mp4,1542,0,7,0.0137983284164403,0.662901496887207,0.1799893131962529,6,0.0137983284164403,0.662901496887207,59.96002664890073
part_001.mp4,1543,0,7,0.0136769015709028,0.6630720138549805,0.1812078122739438,6,0.0136769015709028,0.6630720138549805,59.96002664890073
part_001.mp4,1544,0,6,0.0137404137839944,0.6638648351033528,0.1830727753815827,5,0.0137404137839944,0.6638648351033528,59.96002664890073
part_001.mp4,1545,0,5,0.0141007245228666,0.664565912882487,0.1881342852557147,4,0.0141007245228666,0.664565912882487,59.96002664890073
part_001.mp4,1546,0,5,0.0139998566621862,0.6645908355712891,0.1904645001446759,4,0.0139998566621862,0.6645908355712891,59.96002664890073
part_001.mp4,1547,0,6,0.0141242899663349,0.6647344589233398,0.1942675555193865,5,0.0141242899663349,0.6647344589233398,59.96002664890073
part_001.mp4,1548,0,7,0.0142492260147345,0.6642915725708007,0.1992423446090133,6,0.0142492260147345,0.6642915725708007,59.96002664890073
part_001.mp4,1549,0,8,0.0142247487205841,0.6642543792724609,0.2007633633083767,7,0.0142247487205841,0.6642543792724609,59.96002664890073
part_001.mp4,1550,0,7,0.0142658703563749,0.6643559137980143,0.2036865516945167,6,0.0142658703563749,0.6643559137980143,59.96002664890073
part_001.mp4,1551,0,8,0.01403948143172,0.6628945032755534,0.206704259801794,7,0.01403948143172,0.666252326965332,59.96002664890073
part_001.mp4,1552,0,6,0.0148288462239886,0.6659378051757813,0.2074328952365451,5,0.0148288462239886,0.6659378051757813,59.96002664890073
part_001.mp4,1553,0,6,0.0148329397808292,0.6657159805297852,0.2112254107439959,5,0.0148329397808292,0.6657159805297852,59.96002664890073
part_001.mp4,1554,0,5,0.0149850219113333,0.6659996032714843,0.214899331552011,4,0.0149850219113333,0.6659996032714843,59.96002664890073
part_001.mp4,1555,0,5,0.0151916593856165,0.6661616007486979,0.2178206549750434,4,0.0151916593856165,0.6661616007486979,59.96002664890073
part_001.mp4,1556,0,6,0.0151251767896727,0.6662645975748698,0.2201558148419415,5,0.0151251767896727,0.6662645975748698,59.96002664890073
part_001.mp4,1557,0,6,0.015341032447759,0.6661624908447266,0.2244864569769965,5,0.015341032447759,0.6661624908447266,59.96002664890073
part_001.mp4,1558,0,6,0.0150918983926142,0.6661059061686198,0.2264415317111545,5,0.0150918983926142,0.6661059061686198,59.96002664890073
part_001.mp4,1559,0,5,0.0154650040666995,0.6667569478352865,0.2317488493742766,4,0.0154650040666995,0.6667569478352865,59.96002664890073
part_001.mp4,1560,0,4,0.0157407443906413,0.6672436396280924,0.2348026982060185,3,0.0157407443906413,0.6672436396280924,59.96002664890073
part_001.mp4,1561,0,4,0.0158666444167869,0.6674760818481446,0.2379562377929687,3,0.0158666444167869,0.6674760818481446,59.96002664890073
part_001.mp4,1562,0,4,0.0161040662775728,0.6674570083618164,0.240305271855107,3,0.0161040662775728,0.6674570083618164,59.96002664890073
part_001.mp4,1563,0,4,0.016305252018307,0.6675628662109375,0.2425891452365451,3,0.016305252018307,0.6675628662109375,59.96002664890073
part_001.mp4,1564,0,5,0.0165198012152298,0.6677927652994792,0.2459860342520254,4,0.0165198012152298,0.6677927652994792,59.96002664890073
part_001.mp4,1565,0,5,0.0166467754823517,0.668149185180664,0.2483534636320891,4,0.0166467754823517,0.668149185180664,59.96002664890073
part_001.mp4,1566,0,5,0.0166308104518167,0.6683632532755533,0.2521437185781973,4,0.0166308104518167,0.6683632532755533,59.96002664890073
part_001.mp4,1567,0,4,0.0168436496293482,0.6688152949015299,0.2552180254900897,3,0.0168436496293482,0.6688152949015299,59.96002664890073
part_001.mp4,1568,0,4,0.0168620152698497,0.6690127690633138,0.258382585313585,3,0.0168620152698497,0.6690127690633138,59.96002664890073
part_001.mp4,1569,0,6,0.0171552758078474,0.6696985244750977,0.261685237178096,5,0.0171552758078474,0.6696985244750977,59.96002664890073
part_001.mp4,1570,0,5,0.0172067677616723,0.6697054545084635,0.2671571519639757,4,0.0172067677616723,0.6697054545084635,59.96002664890073
part_001.mp4,1571,0,6,0.0173280565749981,0.6703519185384115,0.2704327336064091,5,0.0173280565749981,0.6703519185384115,59.96002664890073
part_001.mp4,1572,0,7,0.0174680836514744,0.6708918253580729,0.2721876638906973,6,0.0174680836514744,0.6708918253580729,59.96002664890073
part_001.mp4,1573,0,6,0.0177109627280151,0.6715622584025065,0.2750232272677951,5,0.0177109627280151,0.6715622584025065,59.96002664890073
part_001.mp4,1574,0,7,0.0177958184658955,0.6717051823933919,0.2772120440447772,6,0.0177958184658955,0.6717051823933919,59.96002664890073
part_001.mp4,1575,0,8,0.0180377504830054,0.6722887674967448,0.2802164148401331,7,0.0180377504830054,0.6722887674967448,59.96002664890073
part_001.mp4,1576,0,8,0.0180644342578684,0.6724729537963867,0.2818661442509404,7,0.0180644342578684,0.6724729537963867,59.96002664890073
part_001.mp4,1577,0,9,0.0182416016753349,0.6728789011637369,0.2847725762261284,8,0.0182416016753349,0.6728789011637369,59.96002664890073
part_001.mp4,1578,0,9,0.0185350366194378,0.6733560562133789,0.2886549207899305,8,0.0185350366194378,0.6733560562133789,59.96002664890073
part_001.mp4,1579,0,8,0.0186159879686727,0.6735744476318359,0.291133145932798,7,0.0186159879686727,0.6735744476318359,59.96002664890073
part_001.mp4,1580,0,8,0.0189101681029165,0.6738624572753906,0.2962193806966146,7,0.0189101681029165,0.6738624572753906,59.96002664890073
part_001.mp4,1581,0,9,0.0188582106588432,0.6738821029663086,0.301173429135923,8,0.0188582106588432,0.6738821029663086,59.96002664890073
part_001.mp4,1582,0,9,0.0189070845327579,0.674044418334961,0.302521006266276,8,0.0189070845327579,0.674044418334961,59.96002664890073
part_001.mp4,1583,0,8,0.0194211657310693,0.6749429702758789,0.3077867296006944,7,0.0194211657310693,0.6749429702758789,59.96002664890073
part_001.mp4,1584,0,8,0.0196220923994352,0.6755846023559571,0.3111125663474754,7,0.0196220923994352,0.6755846023559571,59.96002664890073
part_001.mp4,1585,0,8,0.0197754892787068,0.6758373260498047,0.3144571940104166,7,0.0197754892787068,0.6758373260498047,59.96002664890073
part_001.mp4,1586,0,8,0.0199867985768534,0.6760353088378906,0.317534029925311,7,0.0199867985768534,0.6760353088378906,59.96002664890073
part_001.mp4,1587,0,9,0.0198965043512483,0.6762094497680664,0.3203528510199653,8,0.0198965043512483,0.6762094497680664,59.96002664890073
part_001.mp4,1588,0,9,0.0199680230776056,0.6766885757446289,0.3233848006637008,8,0.0199680230776056,0.6766885757446289,59.96002664890073
part_001.mp4,1589,0,8,0.0199900142900285,0.6769752502441406,0.3260414123535156,7,0.0199900142900285,0.6769752502441406,59.96002664890073
part_001.mp4,1590,0,7,0.020167304615019,0.6772504806518554,0.3295785126862702,6,0.020167304615019,0.6772504806518554,59.96002664890073
part_001.mp4,1591,0,6,0.0207051439283397,0.6780884424845378,0.3343332785147208,5,0.0207051439283397,0.6780884424845378,59.96002664890073
part_001.mp4,1592,0,6,0.0208086075637644,0.6781570434570312,0.3352839152018229,5,0.0208086075637644,0.6781570434570312,59.96002664890073
part_001.mp4,1593,0,6,0.0209618253646521,0.6782119750976563,0.3372267970332392,5,0.0209618253646521,0.6782119750976563,59.96002664890073
part_001.mp4,1594,0,6,0.0211475675066393,0.6782051722208658,0.340350525467484,5,0.0211475675066393,0.6782051722208658,59.96002664890073
part_001.mp4,1595,0,6,0.0213346185023611,0.678448486328125,0.3419535601580584,5,0.0213346185023611,0.678448486328125,59.96002664890073
part_001.mp4,1596,0,5,0.0214625886280878,0.6784503936767579,0.3446663891827619,4,0.0214625886280878,0.6784503936767579,59.96002664890073
part_001.mp4,1597,0,5,0.02161802404987,0.6789745966593425,0.3474795871310764,4,0.02161802404987,0.6789745966593425,59.96002664890073
part_001.mp4,1598,0,5,0.0215395871371233,0.6788151423136394,0.3496784068919994,4,0.0215395871371233,0.6788151423136394,59.96002664890073
part_001.mp4,1599,0,4,0.0218239017089136,0.6793266296386719,0.353529781765408,3,0.0218239017089136,0.6793266296386719,59.96002664890073
part_001.mp4,1600,0,4,0.0220469849302511,0.6802597045898438,0.3568703686749493,3,0.0220469849302511,0.6802597045898438,59.96002664890073
part_001.mp4,1601,0,4,0.0227133921370194,0.6816593170166015,0.3607696250632957,3,0.0227133921370194,0.6816593170166015,59.96002664890073
part_001.mp4,1602,0,4,0.0225956786074675,0.6812004089355469,0.3642692565917969,3,0.0225956786074675,0.6812004089355469,59.96002664890073
part_001.mp4,1603,0,4,0.0229192686771663,0.6820940653483073,0.3658482869466146,3,0.0229192686771663,0.6820940653483073,59.96002664890073
part_001.mp4,1604,0,4,0.023197391181241,0.6830603281656901,0.3688101026746961,3,0.023197391181241,0.6830603281656901,59.96002664890073
part_001.mp4,1605,0,4,0.0232242802308152,0.6831963221232097,0.374778578016493,3,0.0232242802308152,0.6831963221232097,59.96002664890073
part_001.mp4,1606,0,6,0.023718125638552,0.6836540857950847,0.3812032628942419,5,0.023718125638552,0.6836540857950847,59.96002664890073
part_001.mp4,1607,0,6,0.0242533820811405,0.6843163172403971,0.3848244702374493,5,0.0242533820811405,0.6843163172403971,59.96002664890073
part_001.mp4,1608,0,5,0.0245698694809915,0.6848230361938477,0.3879759894476997,4,0.0245698694809915,0.6848230361938477,59.96002664890073
part_001.mp4,1609,0,5,0.0246755276477617,0.685213279724121,0.3913342087357132,3,0.0246755276477617,0.685213279724121,59.96002664890073
part_001.mp4,1610,0,6,0.0246264153856949,0.6855113983154297,0.3917019738091363,4,0.0246264153856949,0.6855113983154297,59.96002664890073
part_001.mp4,1611,0,5,0.024751916175942,0.6861886342366537,0.3941790262858073,3,0.024751916175942,0.6861886342366537,59.96002664890073
part_001.mp4,1612,0,6,0.0251021196382741,0.686646842956543,0.3988191392686632,4,0.0251021196382741,0.686646842956543,59.96002664890073
part_001.mp4,1613,0,8,0.0252336556432419,0.6869441986083984,0.4004813300238715,6,0.0252336556432419,0.6869441986083984,59.96002664890073
part_001.mp4,1614,0,8,0.0255554325201911,0.6872254689534505,0.4039956128155744,6,0.0255554325201911,0.6872254689534505,59.96002664890073
part_001.mp4,1615,0,7,0.025755952985055,0.6878883361816406,0.4064786275227864,5,0.025755952985055,0.6878883361816406,59.96002664890073
part_001.mp4,1616,0,8,0.0262394446370793,0.6888313293457031,0.4111159006754557,6,0.0262394446370793,0.6888313293457031,59.96002664890073
part_001.mp4,1617,0,9,0.0263505404313009,0.6887531280517578,0.4135775672064887,7,0.0263505404313009,0.6887531280517578,59.96002664890073
part_001.mp4,1618,0,9,0.0264237970206401,0.6893281936645508,0.414326180352105,7,0.0264237970206401,0.6893281936645508,59.96002664890073
part_001.mp4,1619,0,10,0.0271040398211658,0.6895029703776042,0.4204800075954861,8,0.0271040398211658,0.6895029703776042,59.96002664890073
part_001.mp4,1620,0,9,0.0273280256666907,0.6910140991210938,0.4226190778944227,7,0.0273280256666907,0.6910140991210938,59.96002664890073
part_001.mp4,1621,0,10,0.0276966726260272,0.6911127090454101,0.4252416822645399,8,0.0276966726260272,0.6911127090454101,59.96002664890073
part_001.mp4,1622,0,8,0.0280132441574824,0.6915917078653971,0.4272267659505208,6,0.0280132441574824,0.6915917078653971,59.96002664890073
part_001.mp4,1623,0,9,0.0277796597347988,0.6916927973429362,0.4306120272035952,7,0.0277796597347988,0.6916927973429362,59.96002664890073
part_001.mp4,1624,0,9,0.0280077658926004,0.69189453125,0.4353836200855396,7,0.0280077658926004,0.69189453125,59.96002664890073
part_001.mp4,1625,0,8,0.0281102974057284,0.6920352935791015,0.438315200805664,6,0.0281102974057284,0.6920352935791015,59.96002664890073
part_001.mp4,1626,0,8,0.0285123214190685,0.6927833557128906,0.4429868062337239,6,0.0285123214190685,0.6927833557128906,59.96002664890073
part_001.mp4,1627,0,9,0.0285524737901222,0.6929487864176432,0.4463579813639323,6,0.0285524737901222,0.6929487864176432,59.96002664890073
part_001.mp4,1628,0,8,0.0287053502787683,0.6929569880167643,0.4492229461669922,5,0.0287053502787683,0.6929569880167643,59.96002664890073
part_001.mp4,1629,0,7,0.029090417248994,0.693292236328125,0.4540159861246745,5,0.029090417248994,0.693292236328125,59.96002664890073
part_001.mp4,1630,0,6,0.0292391484690112,0.6941442489624023,0.4553238338894314,4,0.0292391484690112,0.6941442489624023,59.96002664890073
part_001.mp4,1631,0,6,0.0296261326279555,0.6949636459350585,0.4588951393410012,4,0.0296261326279555,0.6949636459350585,59.96002664890073
part_001.mp4,1632,0,6,0.0300949721413457,0.6955846786499024,0.4637552897135417,4,0.0300949721413457,0.6955846786499024,59.96002664890073
part_001.mp4,1633,0,4,0.030300023252817,0.6957275390625,0.465809659604673,2,0.030300023252817,0.6957275390625,59.96002664890073
part_001.mp4,1634,0,6,0.0309959765734378,0.6957847595214843,0.4664238117359303,4,0.0309959765734378,0.6957847595214843,59.96002664890073
part_001.mp4,1635,0,8,0.0305569285853508,0.6967756907145183,0.4721986488059715,6,0.0305569285853508,0.6967756907145183,59.96002664890073
part_001.mp4,1636,0,10,0.0313138760713088,0.6968880335489909,0.4723681697139033,8,0.0313138760713088,0.6968880335489909,59.96002664890073
part_001.mp4,1637,0,8,0.0308592242181772,0.6977022171020508,0.4800552509449146,6,0.0308592242181772,0.6977022171020508,59.96002664890073
part_001.mp4,1638,0,8,0.0311364386475628,0.6984931945800781,0.4833341739795826,6,0.0311364386475628,0.6984931945800781,59.96002664890073
part_001.mp4,1639,0,7,0.0321157044446509,0.6997575124104818,0.4879458392107928,5,0.0321157044446509,0.6997575124104818,59.96002664890073
part_001.mp4,1640,0,9,0.03207263323051,0.6991615295410156,0.4914767088713469,7,0.03207263323051,0.6991615295410156,59.96002664890073
part_001.mp4,1641,0,10,0.0321396188488448,0.699223518371582,0.4951408527515553,8,0.0321396188488448,0.699223518371582,59.96002664890073
part_001.mp4,1642,0,9,0.0321460301072403,0.699423090616862,0.4974198800546152,7,0.0321460301072403,0.699423090616862,59.96002664890073
part_001.mp4,1643,0,8,0.0320338776662771,0.6992416381835938,0.5004310325339988,6,0.0320338776662771,0.6992416381835938,59.96002664890073
part_001.mp4,1644,0,6,0.0325496491551166,0.69993101755778,0.5042399088541667,4,0.0325496491551166,0.69993101755778,59.96002664890073
part_001.mp4,1645,0,6,0.0328348510325627,0.7004467646280924,0.5088246663411459,4,0.0328348510325627,0.7004467646280924,59.96002664890073
part_001.mp4,1646,0,6,0.0333322497573268,0.7011191685994466,0.5127786565709997,4,0.0333322497573268,0.7011191685994466,59.96002664890073
part_001.mp4,1647,0,6,0.0333710332286621,0.7013487497965495,0.5136737964771412,4,0.0333710332286621,0.7013487497965495,59.96002664890073
part_001.mp4,1648,0,5,0.0338060586389878,0.7018437067667643,0.5167109171549479,3,0.0338060586389878,0.7018437067667643,59.96002664890073
part_001.mp4,1649,0,7,0.0336548624504005,0.7019812901814778,0.5189207854094329,5,0.0336548624504005,0.7019812901814778,59.96002664890073
part_001.mp4,1650,0,6,0.034212605522019,0.703159777323405,0.5233079274495442,4,0.034212605522019,0.703159777323405,59.96002664890073
part_001.mp4,1651,0,8,0.0345015559254049,0.7036146799723307,0.5261874304877387,6,0.0345015559254049,0.7036146799723307,59.96002664890073
part_001.mp4,1652,0,7,0.034424206077605,0.7033924102783203,0.5288647051210756,5,0.034424206077605,0.7033924102783203,59.96002664890073
part_001.mp4,1653,0,7,0.0342698077383694,0.7032765070597331,0.5333327540644893,5,0.0342698077383694,0.7032765070597331,59.96002664890073
part_001.mp4,1654,0,9,0.0347038919556062,0.7037729899088542,0.5341551816021954,7,0.0347038919556062,0.7037729899088542,59.96002664890073
part_001.mp4,1655,0,9,0.0346770607511037,0.7037790298461915,0.53814820183648,8,0.0346770607511037,0.7037790298461915,59.96002664890073
part_001.mp4,1656,0,9,0.0347711523424045,0.7031843821207683,0.5429937574598525,8,0.0347711523424045,0.7031843821207683,59.96002664890073
part_001.mp4,1657,0,9,0.0354479473066964,0.7039817810058594,0.5477232615152995,7,0.0354479473066964,0.7039817810058594,59.96002664890073
part_001.mp4,1658,0,8,0.036237867675596,0.7044515609741211,0.5496493162932219,6,0.036237867675596,0.7044515609741211,59.96002664890073
part_001.mp4,1659,0,8,0.0363959552353723,0.7046423594156901,0.5519301944308811,6,0.0363959552353723,0.7046423594156901,59.96002664890073
part_001.mp4,1660,0,6,0.0369613451898476,0.7056233088175455,0.5562563154432508,4,0.0369613451898476,0.7056233088175455,59.96002664890073
part_001.mp4,1661,0,6,0.0376721584456714,0.7062797546386719,0.5593962492766203,4,0.0376721584456714,0.7062797546386719,59.96002664890073
part_001.mp4,1662,0,8,0.0370197181810767,0.7063652674357096,0.5600351121690538,6,0.0370197181810767,0.7063652674357096,59.96002664890073
part_001.mp4,1663,0,8,0.0365372307568698,0.7056546529134115,0.5609146859910753,6,0.0365372307568698,0.7056546529134115,59.96002664890073
part_001.mp4,1664,0,7,0.0372938449964203,0.7060665130615235,0.5683181020948622,5,0.0372938449964203,0.7060665130615235,59.96002664890073
part_001.mp4,1665,0,7,0.0377781158832173,0.7071104685465495,0.5700293223063151,5,0.0377781158832173,0.7071104685465495,59.96002664890073
part_001.mp4,1666,0,9,0.0382700926127048,0.7076337814331055,0.573857413397895,7,0.0382700926127048,0.7076337814331055,59.96002664890073
part_001.mp4,1667,0,9,0.038658871382985,0.7073235829671224,0.5795788976881239,7,0.038658871382985,0.7073235829671224,59.96002664890073
part_001.mp4,1668,0,7,0.0390129252406085,0.7083534876505534,0.581680100052445,6,0.0390129252406085,0.7083534876505534,59.96002664890073
part_001.mp4,1669,0,7,0.0392234661012312,0.7088932037353516,0.5837620947096083,6,0.0392234661012312,0.7088932037353516,59.96002664890073
part_001.mp4,1670,0,7,0.0393153212768083,0.7092292785644532,0.5859733157687717,6,0.0393153212768083,0.7092292785644532,59.96002664890073
part_001.mp4,1671,0,6,0.0393745725359875,0.7092029571533203,0.5869812258967647,5,0.0393745725359875,0.7092029571533203,59.96002664890073
part_001.mp4,1672,0,6,0.0392883764931276,0.7093877156575521,0.5904067286738643,5,0.0392883764931276,0.7093877156575521,59.96002664890073
part_001.mp4,1673,0,6,0.0393906193277723,0.7105388005574544,0.5918810102674696,5,0.0393906193277723,0.7105388005574544,59.96002664890073
part_001.mp4,1674,0,8,0.0393181913783943,0.7100191116333008,0.593052358980532,6,0.0393181913783943,0.7100191116333008,59.96002664890073
part_001.mp4,1675,0,8,0.0403670915317424,0.7112629572550456,0.6000768025716146,5,0.0018873225903533,0.6314704895019532,59.96002664890073
part_001.mp4,1676,0,6,0.0413916446049875,0.7114760716756184,0.6101291656494141,3,0.0017003190245789,0.6315912882486979,59.96002664890073
part_001.mp4,1677,0,7,0.0417801760983679,0.7128984451293945,0.6107560899522569,4,0.0019108204855809,0.6316839853922526,59.96002664890073
part_001.mp4,1678,0,8,0.0423547455362212,0.7134909311930339,0.6170221116807726,5,0.0019141714340474,0.6317728678385417,59.96002664890073
part_001.mp4,1679,0,7,0.0425232287851934,0.7141722361246745,0.6193784219247324,5,0.0019027293170748,0.631781005859375,59.96002664890073
part_001.mp4,1680,0,7,0.0437810689549951,0.7151063283284506,0.6192591773139106,5,0.0018586241467539,0.6317402521769205,59.96002664890073
part_001.mp4,1681,0,7,0.0439237217242888,0.7152358373006185,0.622309720074689,5,0.0018886197083823,0.6317514419555664,59.96002664890073
part_001.mp4,1682,0,7,0.0439765647457022,0.71516908009847,0.6250403086344402,5,0.0018617877045633,0.6318224589029948,59.96002664890073
part_001.mp4,1683,0,6,0.0440016365198082,0.715727424621582,0.625850338406033,4,0.0017551250618675,0.6310214996337891,59.96002664890073
part_001.mp4,1684,0,7,0.0438425509899631,0.7153080622355144,0.6280602773030599,5,0.0017371262777467,0.6311802546183268,59.96002664890073
part_001.mp4,1685,0,6,0.0449705751985311,0.7176253000895182,0.6294866773817275,4,0.0020288231876286,0.632069206237793,59.96002664890073
part_001.mp4,1686,0,8,0.0450217945040397,0.7185635248819987,0.6313097635904948,6,0.0019164128841298,0.6321462631225586,59.96002664890073
part_001.mp4,1687,0,6,0.0448503716813704,0.7183773676554362,0.6323473612467448,4,0.0020759299755517,0.6322443008422851,59.96002664890073
part_001.mp4,1688,0,7,0.0438031617705564,0.7164588928222656,0.6322628868950738,5,0.0020067549960825,0.632293701171875,59.96002664890073
part_001.mp4,1689,0,5,0.0444443260308132,0.7184502283732096,0.635185792711046,4,0.0015010095055913,0.6310579299926757,59.96002664890073
part_001.mp4,1690,0,6,0.0447989892033661,0.7191626230875651,0.6358020782470704,5,0.0017802998439098,0.6322126388549805,59.96002664890073
part_001.mp4,1691,0,6,0.0451361085001607,0.7205156326293946,0.6377886171694155,5,0.0017436496039348,0.6323076883951823,59.96002664890073
part_001.mp4,1692,0,6,0.0452039456937281,0.7211009979248046,0.6388440167462385,5,0.0018399942778665,0.6322607676188151,59.96002664890073
part_001.mp4,1693,0,5,0.0448581097807942,0.7200581232706705,0.6386028713650174,4,0.0016341841683283,0.6314619700113933,59.96002664890073
part_001.mp4,1694,0,5,0.0449205107897675,0.7204556147257487,0.6396141899956598,4,0.0016389053773686,0.6313431421915691,59.96002664890073
part_001.mp4,1695,0,5,0.0450768219814765,0.7209877649943034,0.6399668375651042,4,0.0016512051981408,0.6315977732340495,59.96002664890073
part_001.mp4,1696,0,5,0.0448399470119976,0.7210394541422526,0.6413203769259983,4,0.001765294679434,0.6318306605021159,59.96002664890073
part_001.mp4,1697,0,5,0.0448055062459995,0.7211175918579101,0.6419502258300781,4,0.0019362439157298,0.6322917938232422,59.96002664890073
part_001.mp4,1698,0,5,0.0445663989172856,0.7207424163818359,0.642704999005353,4,0.0018192492997817,0.6323973337809244,59.96002664890073
part_001.mp4,1699,0,5,0.0443522095834325,0.7204670588175456,0.6440466139051649,4,0.0017819997583685,0.6325186411539714,59.96002664890073
part_001.mp4,1700,0,5,0.0440198825557362,0.720039176940918,0.6445410551848235,4,0.0017332805978582,0.6326782862345378,59.96002664890073
part_001.mp4,1701,0,5,0.044191946205144,0.7209112803141277,0.6450921517831308,4,0.0017530592604695,0.6327290217081706,59.96002664890073
part_001.mp4,1702,0,7,0.0442977161948025,0.7216341654459636,0.6466461181640625,5,0.0017530543072131,0.6326478958129883,59.96002664890073
part_001.mp4,1703,0,7,0.0442197218955294,0.7217710494995118,0.6470086839463975,5,0.0016490541204715,0.6326014200846354,59.96002664890073
part_001.mp4,1704,0,7,0.0443126318616689,0.7221693674723307,0.6468214246961805,5,0.0016722922689923,0.6329093933105469,59.96002664890073
part_001.mp4,1705,0,6,0.0439645829546922,0.7221539815266927,0.6494541698031955,4,0.0019726272779128,0.6331214904785156,59.96002664890073
part_001.mp4,1706,0,7,0.0441083926595618,0.7229292551676433,0.6508446587456598,5,0.002275076366021,0.6333349227905274,59.96002664890073
part_001.mp4,1707,0,6,0.0440622352697257,0.7226860682169597,0.6512337296097367,4,0.0023379502189453,0.6341091156005859,59.96002664890073
part_001.mp4,1708,0,5,0.0438723423294464,0.7218877792358398,0.651009679723669,3,0.0023655101671142,0.6342798233032226,59.96002664890073
part_001.mp4,1709,0,5,0.0438491242916185,0.7238112767537435,0.653053961859809,3,0.0022998245903808,0.6346904754638671,59.96002664890073
part_001.mp4,1710,0,5,0.0439173773625279,0.7244024276733398,0.6541756523980035,3,0.002289432875895,0.6351394653320312,59.96002664890073
part_001.mp4,1711,0,5,0.043957507168541,0.7247440973917644,0.6549285040961371,4,0.0021902718010985,0.6352572123209635,59.96002664890073
part_001.mp4,1712,0,5,0.0436903635474542,0.7242211023966472,0.6552909003363715,4,0.0022412430033889,0.6350407282511393,59.96002664890073
part_001.mp4,1713,0,5,0.0436398678207162,0.7244304656982422,0.6565554194980198,4,0.002168683023774,0.6356719970703125,59.96002664890073
part_001.mp4,1714,0,5,0.0437873703167941,0.7249943415323893,0.6571578131781683,4,0.0021380225377894,0.6359543482462565,59.96002664890073
part_001.mp4,1715,0,6,0.0442727588284368,0.7265795389811198,0.6571645206875272,5,0.0021370020677568,0.6359107971191407,59.96002664890073
part_001.mp4,1716,0,7,0.0438120497533613,0.7257232666015625,0.6586006729691117,6,0.0022063010020711,0.6358640670776368,59.96002664890073
part_001.mp4,1717,0,7,0.0436276161028945,0.7257422129313151,0.6602933247884114,6,0.0022455264956429,0.6359490076700847,59.96002664890073
part_001.mp4,1718,0,5,0.0439902148051866,0.7268458684285481,0.6606720818413628,4,0.0022531134838164,0.6361073176066081,59.96002664890073
part_001.mp4,1719,0,6,0.0441012192338979,0.7275688807169597,0.66123696786386,5,0.0024260708248173,0.636366335550944,59.96002664890073
part_001.mp4,1720,0,4,0.043897409621487,0.727484385172526,0.6617279194019459,3,0.0024998937839862,0.6362066904703776,59.96002664890073
part_001.mp4,1721,0,4,0.0443622577510379,0.7288633346557617,0.6619066768222385,3,0.0024460421496769,0.6364725748697917,59.96002664890073
part_001.mp4,1722,0,4,0.0445386655074057,0.7297070821126302,0.6623152238351327,3,0.0024960653675952,0.636419677734375,59.96002664890073
part_001.mp4,1723,0,4,0.0444077034749918,0.7293654123942057,0.6631179809570312,3,0.002548882633988,0.6365396499633789,59.96002664890073
part_001.mp4,1724,0,5,0.0438095046699163,0.7282003402709961,0.6640839470757378,4,0.0025204262663222,0.6365760803222656,59.96002664890073
part_001.mp4,1725,0,5,0.0440414242865517,0.7286938349405925,0.6640435112847223,4,0.0024319845991191,0.6365414301554362,59.96002664890073
part_001.mp4,1726,0,6,0.0440568187143107,0.7288078308105469,0.6644531815140335,5,0.0023823638029474,0.6370372772216797,59.96002664890073
part_001.mp4,1727,0,6,0.0439150033078234,0.7288109461466471,0.6643632676866319,5,0.0024962753438578,0.6367247263590495,59.96002664890073
part_001.mp4,1728,0,5,0.0432877031030323,0.7275900522867839,0.6631471421983507,4,0.0022794575185657,0.6371538162231445,59.96002664890073
part_001.mp4,1729,0,5,0.0434367222378043,0.7282411575317382,0.6632959153917101,4,0.0019930811428585,0.637295913696289,59.96002664890073
part_001.mp4,1730,0,7,0.0444188099873523,0.7300935745239258,0.664939456515842,6,0.0027161574687731,0.6373571395874024,59.96002664890073
part_001.mp4,1731,0,7,0.0439011090673739,0.72942689259847,0.6624244689941406,6,0.0020384221863652,0.6374722162882487,59.96002664890073
part_001.mp4,1732,0,9,0.0444645971230865,0.7317455927530925,0.6675955595793548,8,0.0027303791770181,0.6375067392985027,59.96002664890073
part_001.mp4,1733,0,9,0.0447741643256611,0.7326379776000976,0.6681459780092592,8,0.0027673904121749,0.6376028696695963,59.96002664890073
part_001.mp4,1734,0,10,0.0448501237245822,0.7334463119506835,0.6692902494359899,9,0.0027977132452414,0.6375778198242188,59.96002664890073
part_001.mp4,1735,0,8,0.0450105683181135,0.7342578887939453,0.6697641302038122,7,0.0028330789546965,0.637744394938151,59.96002664890073
part_001.mp4,1736,0,8,0.0450382152909636,0.7346974690755208,0.6699452294243706,7,0.0027180578346208,0.6377682367960612,59.96002664890073
part_001.mp4,1737,0,8,0.0450201468150987,0.7349007288614909,0.670312683670609,7,0.0020605008234269,0.6382492065429688,59.96002664890073
part_001.mp4,1738,0,6,0.0451650894297064,0.7355522791544596,0.669854015774197,5,0.0021862851294065,0.6385793050130208,59.96002664890073
part_001.mp4,1739,0,6,0.0453112360569961,0.7360492706298828,0.6705351935492622,5,0.0021019698357688,0.6384855906168619,59.96002664890073
part_001.mp4,1740,0,7,0.0452276542925176,0.7362720489501953,0.6715991267451533,6,0.0021632663678556,0.6384874979654948,59.96002664890073
part_001.mp4,1741,0,7,0.0454130415921099,0.736695671081543,0.67156982421875,6,0.0021383675658014,0.6386542002360026,59.96002664890073
part_001.mp4,1742,0,7,0.0454832807091642,0.7370534261067708,0.6721263461642795,6,0.0022452287006523,0.6388632456461588,59.96002664890073
part_001.mp4,1743,0,6,0.0452013269319367,0.7367412567138671,0.6733640882703993,5,0.0025650523384683,0.6391535441080729,59.96002664890073
part_001.mp4,1744,0,6,0.0448882972069582,0.7368950525919596,0.6757592942979601,5,0.0027555303134305,0.639654795328776,59.96002664890073
part_001.mp4,1745,0,6,0.0452867296233918,0.738180414835612,0.6765516210485387,5,0.0026785728397091,0.6399043401082357,59.96002664890073
part_001.mp4,1746,0,6,0.0452118323888646,0.7381515502929688,0.6772666648582176,5,0.0026186200951256,0.6398185729980469,59.96002664890073
part_001.mp4,1747,0,7,0.0452691341444374,0.739011573791504,0.6787564312970197,6,0.0024445740897014,0.6398790995279948,59.96002664890073
part_001.mp4,1748,0,9,0.0451961822485706,0.7396521250406901,0.6801907857259114,8,0.002895124556948,0.6399496078491211,59.96002664890073
part_001.mp4,1749,0,9,0.0452238743758385,0.7400509516398112,0.6808266533745659,8,0.0029502134992637,0.639968744913737,59.96002664890073
part_001.mp4,1750,0,9,0.0452409202961037,0.7403557459513347,0.6809125264485677,8,0.002574010332254,0.6400365829467773,59.96002664890073
part_001.mp4,1751,0,9,0.0447612252296954,0.7399056752522787,0.6824373598451967,8,0.0025025580832044,0.6404628753662109,59.96002664890073
part_001.mp4,1752,0,9,0.0449073099345435,0.7405156453450521,0.683006512677228,8,0.0024733862028881,0.6405414581298828,59.96002664890073
part_001.mp4,1753,0,9,0.0449059662862445,0.7408508936564128,0.6831881699738679,8,0.0023977399956924,0.6405857086181641,59.96002664890073
part_001.mp4,1754,0,8,0.0447382834194831,0.740898068745931,0.6846074669449418,7,0.0021111656690967,0.6405850092569987,59.96002664890073
part_001.mp4,1755,0,8,0.0449931113354331,0.7413751602172851,0.6852848476833767,7,0.0021651593066053,0.6407108306884766,59.96002664890073
part_001.mp4,1756,0,8,0.0446682078203108,0.7414924621582031,0.6865433481004503,7,0.0022385193050528,0.6408791224161784,59.96002664890073
part_001.mp4,1757,0,7,0.0447970710839338,0.74178466796875,0.6870435644079138,6,0.0024207753803542,0.6415934244791667,59.96002664890073
part_001.mp4,1758,0,7,0.044946460767759,0.7422428131103516,0.6869355943467882,6,0.0025605347199598,0.6418651580810547,59.96002664890073
part_001.mp4,1759,0,7,0.0449252478187392,0.7420651117960612,0.6869078176992911,6,0.0026773834952284,0.6417074203491211,59.96002664890073
part_001.mp4,1760,0,7,0.0447863656841541,0.7420253753662109,0.6876116152162906,6,0.0027965395600282,0.6418456395467123,59.96002664890073
part_001.mp4,1761,0,7,0.044813192873472,0.7423210779825846,0.6884978400336371,6,0.0027903364763564,0.6418605804443359,59.96002664890073
part_001.mp4,1762,0,7,0.0446776189776547,0.7422548294067383,0.6888313010886863,6,0.0027850209394711,0.6419256210327149,59.96002664890073
part_001.mp4,1763,0,7,0.0446075329299168,0.7423833847045899,0.6893441942003038,6,0.0030033419129473,0.6422441482543946,59.96002664890073
part_001.mp4,1764,0,7,0.0443456274391307,0.7424442927042644,0.6899916754828559,6,0.0031142767529753,0.6428106307983399,59.96002664890073
part_001.mp4,1765,0,6,0.0443740148248185,0.7425941467285156,0.6904212103949653,5,0.0031760472400734,0.6430549621582031,59.96002664890073
part_001.mp4,1766,0,6,0.0444248765410965,0.7430157979329427,0.6906354268391927,5,0.0031809479859172,0.6433578491210937,59.96002664890073
part_001.mp4,1767,0,8,0.0441805461580548,0.7436203638712565,0.6898195902506511,7,0.003224159919951,0.6435572306315104,59.96002664890073
part_001.mp4,1768,0,8,0.0445041066870099,0.7438344955444336,0.6909372682924624,7,0.0032071344492336,0.6436723709106446,59.96002664890073
part_001.mp4,1769,0,8,0.0440520886474284,0.7441181818644206,0.6913340356614854,7,0.0031152484446647,0.6435372670491536,59.96002664890073
part_001.mp4,1770,0,9,0.0440886790581721,0.7446665445963542,0.6921520692330819,8,0.0030604322823907,0.6435665766398112,59.96002664890073
part_001.mp4,1771,0,9,0.0443775599471377,0.7460791269938151,0.6929469779685692,8,0.0028893921300186,0.6441366831461589,59.96002664890073
part_001.mp4,1772,0,8,0.0445824349795616,0.7468880335489909,0.6929698590879088,7,0.0028951395091199,0.6442874908447266,59.96002664890073
part_001.mp4,1773,0,8,0.0452682675559642,0.7492811838785808,0.6927300347222223,7,0.0029282442288725,0.6444286982218425,59.96002664890073
part_001.mp4,1774,0,8,0.0458298927132273,0.7514298121134441,0.6925943056742351,7,0.0029416342771178,0.6445086161295573,59.96002664890073
part_001.mp4,1775,0,8,0.0459861817123358,0.7524642944335938,0.693247992904098,7,0.0029629187828039,0.644717280069987,59.96002664890073
part_001.mp4,1776,0,7,0.0457322231670049,0.7522132873535157,0.6939324414288556,6,0.0029852987189466,0.6447776794433594,59.96002664890073
part_001.mp4,1777,0,7,0.0454389469059107,0.7520666758219401,0.6940765451501917,6,0.0030624451286469,0.6450046539306641,59.96002664890073
part_001.mp4,1778,0,8,0.0453401334988873,0.7520825703938802,0.6943000864099573,7,0.0030945547520079,0.6449821472167969,59.96002664890073
part_001.mp4,1779,0,9,0.0454526343860157,0.7529821395874023,0.6948208173116048,8,0.0031082828728163,0.6451155344645182,59.96002664890073
part_001.mp4,1780,0,9,0.045603249570298,0.7538163503011067,0.6952638979311343,8,0.0030804532682641,0.6452873229980469,59.96002664890073
part_001.mp4,1781,0,7,0.0457336928678314,0.7543617884318033,0.6947043595490632,6,0.0032669518926155,0.6455629984537761,59.96002664890073
part_001.mp4,1782,0,7,0.0460544333213409,0.7546824137369792,0.696599875556098,6,0.0032970877789391,0.6454547882080078,59.96002664890073
part_001.mp4,1783,0,8,0.0459883989599647,0.7549594879150391,0.6964599750660084,7,0.0033209163781807,0.6457153956095377,59.96002664890073
part_001.mp4,1784,0,6,0.0463057113436257,0.7558263778686524,0.6964250917787905,5,0.0034031274496185,0.6458208719889323,59.96002664890073
part_001.mp4,1785,0,6,0.045807039306812,0.7556122461954753,0.6960989704838505,5,0.0034849221637274,0.646052360534668,59.96002664890073
part_001.mp4,1786,0,9,0.0458858376436748,0.7558672587076823,0.6965745078192817,8,0.0035343896109218,0.6462175369262695,59.96002664890073
part_001.mp4,1787,0,8,0.0457358491166626,0.7558986663818359,0.6976919174194336,7,0.0034951806968698,0.6462877909342448,59.96002664890073
part_001.mp4,1788,0,8,0.045596051236053,0.7559683481852214,0.6984065656308774,7,0.0034760362081578,0.646892229715983,59.96002664890073
part_001.mp4,1789,0,6,0.0455259907574455,0.7563726425170898,0.6994765952781394,5,0.0032333530387323,0.6472992579142253,59.96002664890073
part_001.mp4,1790,0,6,0.0452704299446576,0.7564598083496094,0.7003663522225839,5,0.003199169273818,0.6473344802856446,59.96002664890073
part_001.mp4,1791,0,5,0.0452474007724473,0.7566372553507487,0.7007524278428819,4,0.0029486560437362,0.6477991739908854,59.96002664890073
part_001.mp4,1792,0,9,0.045294480819043,0.7567842483520508,0.7001479042900933,8,0.0031370819800671,0.6475955963134765,59.96002664890073
part_001.mp4,1793,0,11,0.0452294984755292,0.757130241394043,0.700361806375009,9,0.0030251699928582,0.6476153055826823,59.96002664890073
part_001.mp4,1794,0,11,0.0453806653467472,0.7575844446818034,0.7006664699978299,9,0.0030684726649067,0.6478989283243816,59.96002664890073
part_001.mp4,1795,0,9,0.0453479813323974,0.7578560511271158,0.7016984833611383,7,0.0029087110048082,0.6478188196818034,59.96002664890073
part_001.mp4,1796,0,9,0.0454099318307271,0.7582754135131836,0.7020460446675618,7,0.0028436908808847,0.6484525680541993,59.96002664890073
part_001.mp4,1797,0,10,0.0454006097152132,0.7585617065429687,0.7025827337194372,8,0.0032872799013663,0.648989486694336,59.96002664890073
part_001.mp4,1798,0,10,0.0454457863617709,0.7586769739786784,0.7025031407674154,8,0.0030789212634166,0.6489479064941406,59.96002664890073
part_001.mp4,1799,0,10,0.045638471654308,0.7592848459879558,0.7029679757577402,8,0.0035553197746803,0.6485586166381836,59.96002664890073
part_001.mp4,1800,0,8,0.0457237225425477,0.7598923365275065,0.7036412133110894,7,0.0035076414030562,0.64871826171875,59.96002664890073
part_001.mp4,1801,0,7,0.0456551954797275,0.759939448038737,0.7042604658338759,6,0.0035105360859112,0.6493588129679362,59.96002664890073
part_001.mp4,1802,0,8,0.0457723042221186,0.7602912902832031,0.7041373782687717,7,0.0035441377001094,0.6497961044311523,59.96002664890073
part_001.mp4,1803,0,7,0.0464518622288576,0.7609652201334636,0.7038338661193848,6,0.0035000325455459,0.6493765513102213,59.96002664890073
part_001.mp4,1804,0,8,0.0460259336770023,0.7613655090332031,0.7048699308324743,7,0.0036311473615933,0.6498104731241862,59.96002664890073
part_001.mp4,1805,0,8,0.0460776085843766,0.761746597290039,0.705322085486518,7,0.0037777273473006,0.6505729675292968,59.96002664890073
part_001.mp4,1806,0,8,0.046126885462644,0.7621973037719727,0.705322445763482,7,0.0038170464104041,0.651028060913086,59.96002664890073
part_001.mp4,1807,0,8,0.0460430662267754,0.7622151056925456,0.7056209564208984,7,0.0035060989065742,0.6505247116088867,59.96002664890073
part_001.mp4,1808,0,11,0.0462168128781842,0.7628313064575195,0.705789777967665,10,0.003490823736259,0.6506278991699219,59.96002664890073
part_001.mp4,1809,0,11,0.0460362079375469,0.7627529780069987,0.706529500749376,10,0.0035767098898617,0.6506766001383464,59.96002664890073
part_001.mp4,1810,0,11,0.0460136581128527,0.7626983642578125,0.706230389630353,10,0.0039246091642524,0.6518477121988933,59.96002664890073
part_001.mp4,1811,0,11,0.0458835186484066,0.7623604456583659,0.7061528735690646,10,0.0040376607686091,0.6516261418660482,59.96002664890073
part_001.mp4,1812,0,11,0.0460404416208073,0.762751579284668,0.7058907544171369,10,0.004101617488346,0.6518845240275065,59.96002664890073
part_001.mp4,1813,0,9,0.0461360103998514,0.762881342569987,0.7057032267252604,8,0.004066664545648,0.6519749323527019,59.96002664890073
part_001.mp4,1814,0,9,0.0460943011409957,0.7622867584228515,0.7055687056647406,8,0.0041190618610319,0.652142588297526,59.96002664890073
part_001.mp4,1815,0,10,0.0460074793891302,0.7622829437255859,0.7060315661960178,9,0.0040962947231148,0.6525954564412435,59.96002664890073
part_001.mp4,1816,0,8,0.0460114577830932,0.7625731150309245,0.7063617918226454,7,0.0041737838246411,0.6528627395629882,59.96002664890073
part_001.mp4,1817,0,8,0.0461720948196873,0.7633014678955078,0.7069534725613065,7,0.0042314859702148,0.6526846567789714,59.96002664890073
part_001.mp4,1818,0,9,0.0462292349741691,0.7633927027384441,0.7070468620017722,8,0.0042608532400724,0.6530157089233398,59.96002664890073
part_001.mp4,1819,0,7,0.0462722090902079,0.7634086608886719,0.707123233653881,6,0.0042814117658848,0.6535242080688477,59.96002664890073
part_001.mp4,1820,0,8,0.0463201529690107,0.7639790217081706,0.7071268752769188,7,0.0044141745009336,0.6540417353312175,59.96002664890073
part_001.mp4,1821,0,10,0.0461228488469108,0.76365172068278,0.7075905058119032,9,0.0043472954737565,0.65455322265625,59.96002664890073
part_001.mp4,1822,0,9,0.0460326558497197,0.7634819030761719,0.7074724833170573,8,0.0043265927911852,0.6545877456665039,59.96002664890073
part_001.mp4,1823,0,7,0.0459755291562032,0.763644027709961,0.7078867488437228,6,0.004277551204491,0.6542819976806641,59.96002664890073
part_001.mp4,1824,0,6,0.0459353167713884,0.7636227289835612,0.7077569325764974,5,0.0043499145177365,0.6550374984741211,59.96002664890073
part_001.mp4,1825,0,7,0.0458743035692593,0.763827896118164,0.7080174658033583,6,0.0043270651068262,0.6551198959350586,59.96002664890073
part_001.mp4,1826,0,9,0.0459426320907368,0.764158058166504,0.7077583736843533,8,0.0043927933261147,0.6556198755900066,59.96002664890073
part_001.mp4,1827,0,10,0.0460085582243118,0.7646413167317708,0.7079312006632487,9,0.0044277973519638,0.655885887145996,59.96002664890073
part_001.mp4,1828,0,11,0.0459006495053418,0.764504877726237,0.7080049020272714,10,0.0043652160420768,0.6560874938964844,59.96002664890073
part_001.mp4,1829,0,8,0.0458425902389771,0.7644721349080403,0.7083211898803711,7,0.0042922901699138,0.6561931610107422,59.96002664890073
part_001.mp4,1830,0,7,0.0458693066946829,0.7645250956217448,0.7082245968006275,6,0.0043128937480678,0.6564170201619466,59.96002664890073
part_001.mp4,1831,0,7,0.0458334251905331,0.7645875930786132,0.7084112026073315,6,0.0042796321429745,0.6564756393432617,59.96002664890073
part_001.mp4,1832,0,7,0.0457400249561437,0.7645605723063151,0.708379837318703,6,0.0042812529792879,0.6565362930297851,59.96002664890073
part_001.mp4,1833,0,7,0.0455954884614442,0.7644500732421875,0.7082038455539279,6,0.0043019632944682,0.6564834594726563,59.96002664890073
part_001.mp4,1834,0,9,0.0456361073709457,0.7646555582682292,0.7077104250590006,8,0.0043107302451971,0.6569903055826823,59.96002664890073
part_001.mp4,1835,0,7,0.045788912658001,0.7650604883829752,0.7074165450202095,6,0.0043985047143414,0.6576324462890625,59.96002664890073
part_001.mp4,1836,0,9,0.0458477778517098,0.7653777440388997,0.7075532948529278,7,0.0044341479128019,0.6578294118245442,59.96002664890073
part_001.mp4,1837,0,9,0.0459024359779141,0.7656759897867839,0.7075561664722584,7,0.0044816666894863,0.6579331080118815,59.96002664890073
part_001.mp4,1838,0,9,0.0461545168239414,0.7663911819458008,0.7075093234026874,7,0.0044723986392879,0.6579277038574218,59.96002664890073
part_001.mp4,1839,0,9,0.0462865564660299,0.7672826766967773,0.707818458698414,7,0.0044382166812041,0.657867431640625,59.96002664890073
part_001.mp4,1840,0,8,0.0461936868472164,0.7674871444702148,0.7085749202304417,6,0.0045569471398765,0.6585620880126953,59.96002664890073
part_001.mp4,1841,0,7,0.0459825902178272,0.7675344467163085,0.7093722908585159,6,0.0045278972329968,0.6591231028238932,59.96002664890073
part_001.mp4,1842,0,9,0.0458678959250095,0.7672375996907552,0.709376370465314,7,0.0045533975590175,0.6597610473632812,59.96002664890073
part_001.mp4,1843,0,8,0.0465354141698368,0.7682298024495443,0.7089277726632578,7,0.0046683029121292,0.6601161956787109,59.96002664890073
part_001.mp4,1844,0,7,0.0463927973467798,0.7678656895955404,0.7086681436609339,6,0.0047865897805119,0.6609106699625651,59.96002664890073
part_001.mp4,1845,0,8,0.0462565015584258,0.767406972249349,0.7084399823789244,7,0.004639708913854,0.6601581573486328,59.96002664890073
part_001.mp4,1846,0,8,0.0463519593974962,0.7673903147379557,0.708047831500018,7,0.0047639119134692,0.6612628936767578,59.96002664890073
part_001.mp4,1847,0,8,0.0464333292371666,0.7676218668619792,0.7080646338286223,7,0.0047208981145134,0.6614979426066081,59.96002664890073
part_001.mp4,1848,0,8,0.0460136819712904,0.7672374725341797,0.7090594892148618,7,0.0048129543265612,0.66162535349528,59.96002664890073
part_001.mp4,1849,0,8,0.046264967183849,0.7676928202311198,0.7095169561880607,7,0.0048728957315217,0.661650021870931,59.96002664890073
part_001.mp4,1850,0,8,0.0460813863716198,0.7673587799072266,0.7093264827021846,7,0.0049275928775184,0.6616785685221355,59.96002664890073
part_001.mp4,1851,0,7,0.0461111761104041,0.7676917394002278,0.7095076808223018,6,0.004981796607263,0.6619619369506836,59.96002664890073
part_001.mp4,1852,0,7,0.0460484141920622,0.768026606241862,0.7098321702745226,6,0.0050882623222423,0.6620405832926433,59.96002664890073
part_001.mp4,1853,0,9,0.0468239519762883,0.7695589065551758,0.7091504202948676,8,0.0051397263914501,0.662529182434082,59.96002664890073
part_001.mp4,1854,0,10,0.046882439439594,0.7694385528564454,0.7090107529251664,7,0.0051680167320106,0.6629856109619141,59.96002664890073
part_001.mp4,1855,0,9,0.0469240026739943,0.7692236582438151,0.7086310492621528,7,0.0051733598355268,0.6634278615315755,59.96002664890073
part_001.mp4,1856,0,9,0.0468542994713692,0.7689741770426433,0.7084067485950611,7,0.0051198729503084,0.663599967956543,59.96002664890073
part_001.mp4,1857,0,9,0.0467373927788382,0.7687426249186198,0.7085164176093207,7,0.0051162194473565,0.6635906219482421,59.96002664890073
part_001.mp4,1858,0,8,0.0462724345034533,0.7679772059122721,0.7091711750736943,6,0.0052191170386827,0.6637226740519205,59.96002664890073
part_001.mp4,1859,0,9,0.0464857711651091,0.7682682673136393,0.7088011988887081,7,0.0052643546664815,0.6638294219970703,59.96002664890073
part_001.mp4,1860,0,9,0.0468053928263543,0.7680485407511394,0.7081336975097656,7,0.0052417272160204,0.6639708201090495,59.96002664890073
part_001.mp4,1861,0,8,0.0467061998016045,0.7690784454345703,0.7087005615234375,7,0.0051488468118542,0.6642467498779296,59.96002664890073
part_001.mp4,1862,0,7,0.0467815449766041,0.7690512339274088,0.7084869526050709,6,0.0050832667077634,0.664340591430664,59.96002664890073
part_001.mp4,1863,0,7,0.0468438655201074,0.7689136505126953,0.7080279138353136,6,0.0050294203611171,0.6644889831542968,59.96002664890073
part_001.mp4,1864,0,7,0.0467269421460514,0.769075584411621,0.7079043494330512,6,0.005065987380852,0.6646987915039062,59.96002664890073
part_001.mp4,1865,0,8,0.0466192667425881,0.7696791966756185,0.7080883167408131,7,0.005074615263988,0.6648988723754883,59.96002664890073
part_001.mp4,1866,0,7,0.0472938055450746,0.7707437515258789,0.7070674260457357,6,0.005119464729117,0.6653346379597982,59.96002664890073
part_001.mp4,1867,0,8,0.0473550400884751,0.7709526062011719,0.7068895198680737,7,0.0051936905704011,0.6656808853149414,59.96002664890073
part_001.mp4,1868,0,6,0.0472728872043653,0.7706907272338868,0.706535851513898,5,0.0052735128455323,0.6662737528483073,59.96002664890073
part_001.mp4,1869,0,7,0.0473712902504323,0.7713491439819335,0.7062058342827691,6,0.0052201317557774,0.6660831451416016,59.96002664890073
part_001.mp4,1870,0,7,0.047691772173118,0.7720373153686524,0.7057607933327004,6,0.0052690245869733,0.666301155090332,59.96002664890073
part_001.mp4,1871,0,7,0.0477268678621489,0.7721611658732096,0.7055859283164695,6,0.0053438893070927,0.6666971206665039,59.96002664890073
part_001.mp4,1872,0,7,0.0478470464580594,0.7726343790690104,0.7052681110523366,6,0.0055181232812174,0.667636489868164,59.96002664890073
part_001.mp4,1873,0,7,0.0478809632810818,0.7730169296264648,0.7051584914878563,6,0.0053580225352197,0.6662560145060221,59.96002664890073
part_001.mp4,1874,0,7,0.0479592349661834,0.7733215967814128,0.7050146950615777,6,0.0054528805135891,0.6670509974161783,59.96002664890073
part_001.mp4,1875,0,7,0.0478667079358835,0.7740945816040039,0.7061057267365632,6,0.0055857938239932,0.6677801132202148,59.96002664890073
part_001.mp4,1876,0,6,0.0479737047258571,0.7743305842081706,0.7061531632034866,5,0.0055997650789989,0.6681414286295573,59.96002664890073
part_001.mp4,1877,0,6,0.0481205049350501,0.7739929835001628,0.7054782337612576,5,0.0055754556723929,0.668098258972168,59.96002664890073
part_001.mp4,1878,0,6,0.0481027451934803,0.7740705490112305,0.7053826649983724,5,0.0056344727246862,0.6686046600341797,59.96002664890073
part_001.mp4,1879,0,6,0.0482108452224814,0.7742484410603842,0.705124858573631,5,0.0056840401862023,0.6682395935058594,59.96002664890073
part_001.mp4,1880,0,6,0.0483191107213578,0.7744190851847331,0.7048901981777616,5,0.0056665669118552,0.6680369059244792,59.96002664890073
part_001.mp4,1881,0,6,0.0484188234442235,0.7746819178263347,0.7050034558331525,5,0.0056647235180328,0.6679937998453777,59.96002664890073
part_001.mp4,1882,0,6,0.0484901920755065,0.7750378926595052,0.7048392472443757,5,0.0057023754157125,0.6694979985555013,59.96002664890073
part_001.mp4,1883,0,6,0.0485744905536476,0.7752138137817383,0.7047370062934027,5,0.0056341210126023,0.6686445871988932,59.96002664890073
part_001.mp4,1884,0,6,0.0487653041781999,0.7753837585449219,0.7039344363742405,5,0.0058555148774111,0.6697523117065429,59.96002664890073
part_001.mp4,1885,0,6,0.0489373548987168,0.7755697886149089,0.7030917803446451,5,0.0057857886602869,0.6695627848307292,59.96002664890073
part_001.mp4,1886,0,6,0.0489833340684304,0.7757518768310547,0.702504754949499,5,0.0059148276152026,0.669980239868164,59.96002664890073
part_001.mp4,1887,0,7,0.048998591454152,0.7759318033854167,0.7022849400838216,6,0.0059300151032706,0.6700653711954753,59.96002664890073
part_001.mp4,1888,0,7,0.0490622478719632,0.7761720657348633,0.7022770987616644,6,0.0058942007277316,0.6704414367675782,59.96002664890073
part_001.mp4,1889,0,7,0.0492359052947129,0.7765600840250652,0.7018169049863462,6,0.0058331588020599,0.6704425811767578,59.96002664890073
part_001.mp4,1890,0,7,0.0493723847690314,0.7769430796305339,0.7012624246102792,5,0.0057889232290067,0.6704977671305339,59.96002664890073
part_001.mp4,1891,0,6,0.0493718846603122,0.7771067301432292,0.7010293006896973,5,0.0057195712576072,0.6703388849894206,59.96002664890073
part_001.mp4,1892,0,7,0.0495022668504707,0.7775241216023763,0.7009910159640842,6,0.0057458837088456,0.6706902821858723,59.96002664890073
part_001.mp4,1893,0,6,0.0495454117380999,0.777615737915039,0.7007649139121727,5,0.0059677308455704,0.670781962076823,59.96002664890073
part_001.mp4,1894,0,7,0.0493706162983168,0.7773885726928711,0.7003570344712999,6,0.0059718774483351,0.6710758845011393,59.96002664890073
part_001.mp4,1895,0,7,0.0495351452154197,0.7778404235839844,0.7001436763339572,6,0.0060379340290738,0.6715787887573242,59.96002664890073
part_001.mp4,1896,0,6,0.049468274728416,0.7782721201578776,0.7005468721742983,5,0.0058498582772638,0.6714459101359049,59.96002664890073
part_001.mp4,1897,0,6,0.0496542136331421,0.7788605372111003,0.7001934581332736,5,0.0058631968179543,0.671917724609375,59.96002664890073
part_001.mp4,1898,0,6,0.0497055216775334,0.7792950948079427,0.7002898746066624,5,0.0059469673308679,0.6723274866739909,59.96002664890073
part_001.mp4,1899,0,6,0.0498622689151239,0.7794363021850585,0.6991903234411169,5,0.0058088286512065,0.6723150253295899,59.96002664890073
part_001.mp4,1900,0,6,0.0497834182235884,0.7796794255574544,0.699088626437717,5,0.0058042345780672,0.6725381851196289,59.96002664890073
part_001.mp4,1901,0,6,0.0496308083523642,0.7796178181966146,0.6989035924275716,5,0.0057708320387044,0.6722177505493164,59.96002664890073
part_001.mp4,1902,0,6,0.0498193928234953,0.7798224131266276,0.6982350879245334,5,0.0057909623358163,0.6722052256266277,59.96002664890073
part_001.mp4,1903,0,6,0.0499258717607073,0.7800838470458984,0.6979927062988281,5,0.0057941232725904,0.6726639429728191,59.96002664890073
part_001.mp4,1904,0,6,0.0501752637391028,0.7803650538126627,0.69739318423801,5,0.0057687594928817,0.6730505625406901,59.96002664890073
part_001.mp4,1905,0,6,0.0503835950334178,0.780610720316569,0.6965959231058757,5,0.005769106420145,0.6733497619628906,59.96002664890073
part_001.mp4,1906,0,5,0.0505615985778179,0.7808550516764323,0.695817216237386,4,0.0057506411595063,0.6740067164103191,59.96002664890073
part_001.mp4,1907,0,6,0.0508247376036107,0.7810640970865885,0.6949128963329174,5,0.0057312325366095,0.6743309020996093,59.96002664890073
part_001.mp4,1908,0,6,0.0507965621292795,0.7812284469604492,0.6945659319559733,5,0.00565600546528,0.6742097854614257,59.96002664890073
part_001.mp4,1909,0,5,0.0507246986374566,0.781431007385254,0.6948895030551486,4,0.0056467007536816,0.6747976303100586,59.96002664890073
part_001.mp4,1910,0,5,0.0508401621784475,0.7818523406982422,0.6948833465576172,4,0.005741333863308,0.6753070831298829,59.96002664890073
part_001.mp4,1911,0,5,0.0508552391372278,0.7819652557373047,0.6951177950258608,4,0.0057841044498814,0.6756594975789388,59.96002664890073
part_001.mp4,1912,0,5,0.051184706951333,0.7823415756225586,0.6940270529852973,4,0.0057457949215313,0.6749441782633464,59.96002664890073
part_001.mp4,1913,0,7,0.0512596172513152,0.7828216552734375,0.694442296911169,6,0.0056479931684831,0.6747934341430664,59.96002664890073
part_001.mp4,1914,0,7,0.0514106358533414,0.7830833435058594,0.6941357082790799,6,0.0057823289537918,0.6752286911010742,59.96002664890073
part_001.mp4,1915,0,6,0.0515968485941023,0.7833214441935221,0.6935905032687717,5,0.0059567625963245,0.6756828943888347,59.96002664890073
part_001.mp4,1916,0,6,0.0516655127450688,0.7836254755655925,0.6932486357512297,5,0.0059219634526622,0.6758528391520182,59.96002664890073
part_001.mp4,1917,0,6,0.0517774288060469,0.7837343215942383,0.6925298549510814,5,0.0057243746584734,0.6759900410970052,59.96002664890073
part_001.mp4,1918,0,6,0.0517732054491581,0.7838668823242188,0.6921502925731517,5,0.0057435510733975,0.6770444869995117,59.96002664890073
part_001.mp4,1919,0,6,0.0517679641053891,0.7839460372924805,0.6916765566225405,5,0.0056749820383588,0.6771984100341797,59.96002664890073
part_001.mp4,1920,0,6,0.0516340213149346,0.7839677810668946,0.6917898390028212,5,0.0056962066513693,0.6773761749267578,59.96002664890073
part_001.mp4,1921,0,6,0.0515400418675401,0.7839590072631836,0.6920284695095487,5,0.0056639583948223,0.6774724960327149,59.96002664890073
part_001.mp4,1922,0,6,0.0517343097427923,0.7841117858886719,0.6919660921450015,5,0.005709442014599,0.6779298146565755,59.96002664890073
part_001.mp4,1923,0,5,0.0517507348061405,0.7842451095581054,0.6921203330711082,4,0.0057535953795013,0.6781090418497722,59.96002664890073
part_001.mp4,1924,0,5,0.0518990408356141,0.7844416936238606,0.6915666933412905,4,0.0057352194520784,0.6782623291015625,59.96002664890073
part_001.mp4,1925,0,5,0.0520328562256084,0.7846977869669597,0.6911780533967194,4,0.005709597360789,0.6783436457316081,59.96002664890073
part_001.mp4,1926,0,5,0.0521495843240592,0.7847859064737955,0.6904126485188802,4,0.0056502927067534,0.6778907140096029,59.96002664890073
part_001.mp4,1927,0,5,0.0522967046012005,0.7849054336547852,0.6899667104085286,4,0.0057460436368498,0.6783491134643554,59.96002664890073
part_001.mp4,1928,0,4,0.0523605755311489,0.7850101470947266,0.6894234692608868,3,0.0058203970725298,0.6785530090332031,59.96002664890073
part_001.mp4,1929,0,5,0.0523109668595538,0.7852213541666667,0.6894289793791595,4,0.0058755701932575,0.6786617914835612,59.96002664890073
part_001.mp4,1930,0,6,0.0525505551586657,0.7853878021240235,0.6888543446858724,5,0.0059071495498452,0.6789758046468098,59.96002664890073
part_001.mp4,1931,0,6,0.0526601017255355,0.7855024337768555,0.6885073767768012,5,0.0058813639374609,0.6792181650797526,59.96002664890073
part_001.mp4,1932,0,5,0.0526508016593834,0.7855013529459636,0.6882878727383084,4,0.0059505767686749,0.6793293635050456,59.96002664890073
part_001.mp4,1933,0,5,0.0526057744609513,0.7854678471883138,0.6881612247890896,4,0.0059017249438976,0.679604975382487,59.96002664890073
part_001.mp4,1934,0,5,0.0527491326637553,0.7856761296590169,0.6874535454644097,4,0.0058735448521501,0.6796358744303386,59.96002664890073
part_001.mp4,1935,0,7,0.052818322594879,0.7858549118041992,0.6872144946345576,6,0.0056666485030264,0.679754130045573,59.96002664890073
part_001.mp4,1936,0,6,0.0527541870029677,0.7859275182088216,0.6870985808195891,5,0.0056772847580335,0.6801302591959636,59.96002664890073
part_001.mp4,1937,0,6,0.0527018214152586,0.7861251831054688,0.6872077835930719,5,0.0056321048780982,0.6803187688191732,59.96002664890073
part_001.mp4,1938,0,5,0.0528348645156869,0.7861291249593099,0.6870244238111708,4,0.0056321418953141,0.6804993947347006,59.96002664890073
part_001.mp4,1939,0,5,0.0529908246589561,0.786224365234375,0.6866061881736473,4,0.0056184081169259,0.6805805842081706,59.96002664890073
part_001.mp4,1940,0,5,0.052992071400331,0.786199951171875,0.6865069565949616,4,0.0055766624302486,0.6807596206665039,59.96002664890073
part_001.mp4,1941,0,5,0.0530481377119132,0.7862072626749674,0.6863663461473253,4,0.0055370863265125,0.6808576583862305,59.96002664890073
part_001.mp4,1942,0,5,0.0532458190256087,0.7863777160644532,0.6856586915475351,4,0.0054768548625805,0.6809974670410156,59.96002664890073
part_001.mp4,1943,0,5,0.0533030144146242,0.7862733840942383,0.6853761178475839,4,0.0054321291433384,0.6811136245727539,59.96002664890073
part_001.mp4,1944,0,5,0.0534125561916835,0.7864124298095703,0.6851301970305266,4,0.005427380077696,0.681162707010905,59.96002664890073
part_001.mp4,1945,0,5,0.0534007984423348,0.7864215850830079,0.6851596549705222,4,0.0054832709072312,0.6811773935953777,59.96002664890073
part_001.mp4,1946,0,5,0.0534540070270217,0.7866496404012044,0.6850215593973795,4,0.0054484781082687,0.6814035415649414,59.96002664890073
part_001.mp4,1947,0,5,0.0535029426823813,0.7868023554484049,0.685018182683874,4,0.0053731059212522,0.681408945719401,59.96002664890073
part_001.mp4,1948,0,7,0.0535150694484939,0.7868463516235351,0.6850195248921712,6,0.0053120045011099,0.6814608256022135,59.96002664890073
part_001.mp4,1949,0,6,0.0534921361296437,0.7868611017862955,0.6852775149875217,5,0.0052181691240683,0.6814613342285156,59.96002664890073
part_001.mp4,1950,0,6,0.0535977282292313,0.786992073059082,0.6850029839409723,5,0.0052041163893752,0.681551996866862,59.96002664890073
part_001.mp4,1951,0,5,0.0536965151793507,0.7870126088460286,0.6844818539089627,4,0.0050999205507751,0.6817122141520182,59.96002664890073
part_001.mp4,1952,0,6,0.0537902512777127,0.7870384216308594,0.6841712139270923,5,0.0052496162400833,0.6820343017578125,59.96002664890073
part_001.mp4,1953,0,6,0.053855388713787,0.7870730082194011,0.6840348173070837,4,0.0052743591513717,0.6821041107177734,59.96002664890073
part_001.mp4,1954,0,6,0.0538942712934672,0.7871605555216471,0.6838356759813097,4,0.0052647938159579,0.6821447372436523,59.96002664890073
part_001.mp4,1955,0,6,0.053874304947288,0.7871250152587891,0.6837351481119792,4,0.005294487810574,0.6824390411376953,59.96002664890073
part_001.mp4,1956,0,6,0.053812783101096,0.7870771408081054,0.6838809119330512,4,0.0052845908055314,0.6826206843058268,59.96002664890073
part_001.mp4,1957,0,6,0.0537041246984214,0.7870485941569011,0.6840406735738118,4,0.0052838621545945,0.6828518549601237,59.96002664890073
part_001.mp4,1958,0,6,0.0537320521828304,0.7870946884155273,0.6838567521837022,4,0.0052866396463111,0.6830657958984375,59.96002664890073
part_001.mp4,1959,0,6,0.053697740871519,0.7870264689127604,0.6839922163221571,4,0.0053089630141686,0.6833025614420573,59.96002664890073
part_001.mp4,1960,0,6,0.0536719050716397,0.7870365778605143,0.68414071754173,4,0.0052738201495958,0.6832937240600586,59.96002664890073
part_001.mp4,1961,0,6,0.0536454525284777,0.787037976582845,0.6841947661505805,4,0.0052080203166783,0.6830435434977213,59.96002664890073
part_001.mp4,1962,0,6,0.0536260386237933,0.787129020690918,0.6840669066817672,4,0.0052182851601456,0.6829371134440104,59.96002664890073
part_001.mp4,1963,0,6,0.0535750835871539,0.7872217178344727,0.684165279953568,4,0.0053402271411539,0.683372688293457,59.96002664890073
part_001.mp4,1964,0,6,0.0535629806160708,0.7872587839762369,0.684077372374358,4,0.0050679598264105,0.6824165344238281,59.96002664890073
part_001.mp4,1965,0,6,0.0535227898836896,0.7872594197591146,0.684026340202049,4,0.0050193585736754,0.6822980880737305,59.96002664890073
part_001.mp4,1966,0,6,0.0536069429185213,0.7873231887817382,0.6837132489239728,4,0.0050256316798428,0.682315444946289,59.96002664890073
part_001.mp4,1967,0,6,0.0536063283950352,0.7873331705729166,0.6837507247924804,4,0.0050723763992815,0.6826671600341797,59.96002664890073
part_001.mp4,1968,0,6,0.0535967123245494,0.7873161315917969,0.6837647473370587,4,0.0051151335908798,0.6829333623250325,59.96002664890073
part_001.mp4,1969,0,6,0.0535594518018068,0.7872564315795898,0.683726003434923,4,0.0051518139100517,0.6831873575846354,59.96002664890073
part_001.mp4,1970,0,7,0.053542571480092,0.7874472300211589,0.6835687531365289,5,0.0051371435179801,0.6830785751342774,59.96002664890073
part_001.mp4,1971,0,7,0.0535661892552383,0.7874496459960938,0.683284169656259,5,0.0050644780143543,0.6828667322794596,59.96002664890073
part_001.mp4,1972,0,6,0.0536004618144691,0.7874673843383789,0.6831278624358,4,0.0050258218949764,0.6828868865966797,59.96002664890073
part_001.mp4,1973,0,6,0.0535867224286145,0.7874365488688151,0.6829977883232965,4,0.0050056844590775,0.6830656051635742,59.96002664890073
part_001.mp4,1974,0,6,0.0537992198136635,0.7874914805094401,0.6819944593641493,4,0.0050192163277339,0.6831513086954752,59.96002664890073
part_001.mp4,1975,0,6,0.053809357629909,0.7875755310058594,0.6822023073832194,4,0.0049776449427008,0.6830937067667643,59.96002664890073
part_001.mp4,1976,0,6,0.0538203878857462,0.7875966389973958,0.6822903668438947,4,0.0050074854268718,0.683382225036621,59.96002664890073
part_001.mp4,1977,0,6,0.0538615996409552,0.7876045862833659,0.6819399515787761,4,0.0050243505168408,0.683565330505371,59.96002664890073
part_001.mp4,1978,0,6,0.0538717314036694,0.787570063273112,0.6816604720221625,4,0.0049793330141929,0.68328431447347,59.96002664890073
part_001.mp4,1979,0,6,0.0538317057486468,0.7875828425089518,0.6817701127794054,4,0.0049769478137022,0.6834157307942709,59.96002664890073
part_001.mp4,1980,0,6,0.0538737985998374,0.7874441782633463,0.6812239470305266,4,0.0049333511320852,0.6834421793619792,59.96002664890073
part_001.mp4,1981,0,6,0.0539431085265176,0.7874677022298177,0.6808404922485352,4,0.0048872040377561,0.6834801355997722,59.96002664890073
part_001.mp4,1982,0,6,0.0540125978479045,0.7874320983886719,0.6805308447943793,4,0.0048141621482985,0.6833431243896484,59.96002664890073
part_001.mp4,1983,0,6,0.0541050623597584,0.7874296188354493,0.6800940725538466,4,0.0047724830297132,0.6834684371948242,59.96002664890073
part_001.mp4,1984,0,6,0.0542009686053764,0.7874943415323893,0.679637407373499,4,0.0047760712416277,0.683500099182129,59.96002664890073
part_001.mp4,1985,0,6,0.0540564152801784,0.7874052047729492,0.6800569569623028,4,0.004669998189347,0.6833651224772136,59.96002664890073
part_001.mp4,1986,0,6,0.0540102126161461,0.7874362945556641,0.6802402284410265,4,0.0046606982534932,0.6833998362223307,59.96002664890073
part_001.mp4,1987,0,6,0.0539396012049649,0.7874127070109049,0.680522636131004,4,0.0046459442826636,0.6832893371582032,59.96002664890073
part_001.mp4,1988,0,6,0.0539248645975749,0.7873811721801758,0.6806343502468533,4,0.0046077339966884,0.6831232070922851,59.96002664890073
part_001.mp4,1989,0,6,0.0540304971675936,0.7873369852701823,0.6798341963026259,4,0.0045484410926615,0.6830103556315105,59.96002664890073
part_001.mp4,1990,0,6,0.0539300150356696,0.7873573303222656,0.6803990893893772,4,0.004524968962392,0.6828968683878581,59.96002664890073
part_001.mp4,1991,0,6,0.0538939250857759,0.7873910268147787,0.6806246439615885,4,0.0045434740080963,0.6828879038492839,59.96002664890073
part_001.mp4,1992,0,6,0.0539017488134016,0.787506103515625,0.6806941668192545,4,0.0045454595969446,0.6828354517618815,59.96002664890073
part_001.mp4,1993,0,6,0.0538269931435159,0.7875005722045898,0.6810051211604365,4,0.0044250778523025,0.6827138900756836,59.96002664890073
part_001.mp4,1994,0,6,0.0537585781242496,0.7874794006347656,0.6814195668255841,4,0.0043894883227444,0.6826527277628581,59.96002664890073
part_001.mp4,1995,0,6,0.0537217621522291,0.78743896484375,0.6814724427682383,4,0.0042748253352733,0.6827074686686198,59.96002664890073
part_001.mp4,1996,0,6,0.0536965640423659,0.7874137878417968,0.6815053410000271,4,0.0043167142422235,0.6830647150675456,59.96002664890073
part_001.mp4,1997,0,6,0.0536403004449729,0.7874001185099284,0.6820099300808377,4,0.004303774501653,0.6829559961954753,59.96002664890073
part_001.mp4,1998,0,6,0.0536974954978466,0.7873688379923502,0.6817454903214066,4,0.0043163861536918,0.6826311747233073,59.96002664890073
part_001.mp4,1999,0,6,0.0536860954600039,0.7873423258463542,0.681808884938558,4,0.0042679637164703,0.6823240915934244,59.96002664890073
part_001.mp4,2000,0,6,0.0536714814584734,0.7873255411783854,0.6820638868543837,4,0.004257729203673,0.682162348429362,59.96002664890073
part_001.mp4,2001,0,6,0.053622815686672,0.787196159362793,0.6823244871916594,4,0.0042298103984155,0.682346789042155,59.96002664890073
part_001.mp4,2002,0,6,0.0535528407357627,0.7871047337849935,0.6826613320244683,4,0.0042825262415863,0.6826356887817383,59.96002664890073
part_001.mp4,2003,0,6,0.0535341920775169,0.787056032816569,0.6827141373245804,4,0.0043562132207443,0.6828632990519206,59.96002664890073
part_001.mp4,2004,0,6,0.0534731520871395,0.7870233535766602,0.682909757119638,4,0.0043886551962188,0.6829313278198242,59.96002664890073
part_001.mp4,2005,0,6,0.0533824332907668,0.7868661880493164,0.683069822523329,4,0.0043670513921339,0.6829970041910808,59.96002664890073
part_001.mp4,2006,0,6,0.0533225004002694,0.7868330001831054,0.6833951738145616,4,0.0043332327615644,0.6830890655517579,59.96002664890073
part_001.mp4,2007,0,6,0.0532628089104589,0.7867069244384766,0.683660563716182,4,0.0042855375690581,0.6830314636230469,59.96002664890073
part_001.mp4,2008,0,6,0.0532368976128054,0.7866589228312174,0.6839613172743055,4,0.0042830381971725,0.6829331080118816,59.96002664890073
part_001.mp4,2009,0,6,0.05328336569832,0.786649513244629,0.6838961848506221,4,0.0043589862834778,0.6828518549601237,59.96002664890073
part_001.mp4,2010,0,6,0.0532815876952857,0.7866343180338542,0.6840309143066406,4,0.0043842776769425,0.6826979955037434,59.96002664890073
part_001.mp4,2011,0,6,0.053328996750982,0.7867183049519857,0.6840249803331163,4,0.0043702623363222,0.6824064254760742,59.96002664890073
part_001.mp4,2012,0,6,0.053301355867141,0.7867629369099934,0.6839971153824418,4,0.0043742945719148,0.6821790059407552,59.96002664890073
part_001.mp4,2013,0,6,0.0533519469617749,0.7867912292480469,0.6837606006198459,4,0.0043921744202574,0.6821823120117188,59.96002664890073
part_001.mp4,2014,0,6,0.0534123947567476,0.7867726643880208,0.6836153030395508,4,0.0043673793133671,0.6819351196289063,59.96002664890073
part_001.mp4,2015,0,6,0.053427704887775,0.7867670694986979,0.6834974500868055,4,0.0043941256341834,0.6819358825683594,59.96002664890073
part_001.mp4,2016,0,6,0.0534268963256383,0.7866935729980469,0.6836454638728389,4,0.0043912845636562,0.6818195343017578,59.96002664890073
part_001.mp4,2017,0,5,0.05345529782644,0.7867983500162761,0.6836518746835214,4,0.0043776592004966,0.6817057927449545,59.96002664890073
part_001.mp4,2018,0,5,0.0535129896913935,0.7868404388427734,0.683668542791296,4,0.0043192115232038,0.6814186096191406,59.96002664890073
part_001.mp4,2019,0,5,0.0534914071617499,0.7868307749430339,0.6837391323513455,4,0.004238807533984,0.6813405990600586,59.96002664890073
part_001.mp4,2020,0,5,0.0534846962882309,0.7868832270304362,0.6838762071397569,4,0.0042068951079272,0.6813601811726888,59.96002664890073
part_001.mp4,2021,0,5,0.0534750717764836,0.7867950439453125,0.6837689717610677,4,0.0042512861996753,0.6813545862833659,59.96002664890073
part_001.mp4,2022,0,5,0.0533541498072062,0.7866518020629882,0.683915215951425,4,0.0042848065355792,0.6814695994059244,59.96002664890073
part_001.mp4,2023,0,5,0.0533219879262873,0.7865236282348633,0.6840301513671875,4,0.0042691785635219,0.6815345764160157,59.96002664890073
part_001.mp4,2024,0,5,0.0532129260296777,0.7864089965820312,0.6843346737049244,4,0.0042571049630728,0.6816736221313476,59.96002664890073
part_001.mp4,2025,0,5,0.0531648192312645,0.7863901138305665,0.6845747453195078,4,0.0042637443012467,0.6817045211791992,59.96002664890073
part_001.mp4,2026,0,5,0.0531494385056915,0.7863605499267579,0.6848313225640191,4,0.004242879237556,0.6817678451538086,59.96002664890073
part_001.mp4,2027,0,5,0.0531158042064493,0.786335817972819,0.6849655045403374,4,0.0042375017827079,0.6818674723307292,59.96002664890073
part_001.mp4,2028,0,5,0.0530853103648991,0.7863213221232096,0.685270016281693,4,0.0042185995020554,0.6820415496826172,59.96002664890073
part_001.mp4,2029,0,5,0.0530797618183169,0.7863073348999023,0.6853939374287923,4,0.0042049788264557,0.6819787979125976,59.96002664890073
part_001.mp4,2030,0,5,0.0530466187083025,0.7862977981567383,0.6855481571621365,4,0.0041872985939456,0.6819039026896159,59.96002664890073
part_001.mp4,2031,0,7,0.0531546813581816,0.7862953186035156,0.6854348571212203,6,0.0042368365549353,0.6822727203369141,59.96002664890073
part_001.mp4,2032,0,7,0.0531192343365229,0.7862918853759766,0.685618276949282,6,0.0042018358548348,0.6821704864501953,59.96002664890073
part_001.mp4,2033,0,6,0.053091579871624,0.7863166809082032,0.6857278188069661,5,0.0041382921543037,0.6821245829264323,59.96002664890073
part_001.mp4,2034,0,6,0.0530581921014446,0.7863043467203776,0.6858054372999404,5,0.0041249390719275,0.682125981648763,59.96002664890073
part_001.mp4,2035,0,6,0.0529967071581151,0.7862624486287435,0.6858504471955476,5,0.0041053987522092,0.6822132110595703,59.96002664890073
part_001.mp4,2036,0,6,0.0529431638159076,0.786310323079427,0.6861250771416558,5,0.0041535506557556,0.6823261896769206,59.96002664890073
part_001.mp4,2037,0,5,0.0529087302925762,0.7863015492757162,0.6862857288784451,4,0.0041359491134439,0.682406997680664,59.96002664890073
part_001.mp4,2038,0,5,0.0528722304639652,0.7863508224487304,0.6864646629050926,4,0.0040652921303936,0.6824457168579101,59.96002664890073
part_001.mp4,2039,0,5,0.0528401460367361,0.7863536834716797,0.6866215599907769,4,0.0040138971076036,0.6824268341064453,59.96002664890073
part_001.mp4,2040,0,5,0.0528473732379454,0.7863962173461914,0.6865087438512731,4,0.0040335330707603,0.6823784510294596,59.96002664890073
part_001.mp4,2041,0,5,0.0528194084108043,0.7864349365234375,0.6865631103515625,4,0.0040396738854178,0.6823790232340495,59.96002664890073
part_001.mp4,2042,0,6,0.0528526156554444,0.7864604949951172,0.6864528267471879,5,0.004026299484281,0.6824542999267578,59.96002664890073
part_001.mp4,2043,0,5,0.0528538484386108,0.7864675521850586,0.6866119949905961,4,0.0040386029063342,0.6825942993164062,59.96002664890073
part_001.mp4,2044,0,5,0.0528865732352682,0.7865955352783203,0.6865416632758247,4,0.0040109260068749,0.6826322555541993,59.96002664890073
part_001.mp4,2045,0,6,0.0530093243601489,0.7867238998413086,0.6864759551154243,5,0.0040215636915268,0.683444595336914,59.96002664890073
part_001.mp4,2046,0,6,0.0530964170535393,0.7868322372436524,0.6863722553959599,5,0.0041807799223547,0.683653450012207,59.96002664890073
part_001.mp4,2047,0,7,0.0530932045698783,0.7868664423624675,0.6865077972412109,6,0.0061766382879728,0.6838129043579102,59.96002664890073
part_001.mp4,2048,0,6,0.0530293416443776,0.7868856430053711,0.6863839785257976,5,0.0039871445652614,0.6839909235636393,59.96002664890073
part_001.mp4,2049,0,5,0.0530117189543185,0.7868148803710937,0.6863080342610677,4,0.0039982253787133,0.6841231028238932,59.96002664890073
part_001.mp4,2050,0,5,0.0529313152710286,0.7868288675944011,0.6860519409179687,4,0.00404913325427,0.6841343561808269,59.96002664890073
part_001.mp4,2051,0,5,0.0528975156522614,0.7868799845377604,0.6861319647894966,4,0.0040686602828403,0.6842002868652344,59.96002664890073
part_001.mp4,2052,0,5,0.0527200075635887,0.7869684219360351,0.6863133465802228,4,0.0040745231182383,0.6843819300333659,59.96002664890073
part_001.mp4,2053,0,5,0.0524797059052636,0.7871077219645183,0.6868334452311198,4,0.0040388863089416,0.6845640818277995,59.96002664890073
part_001.mp4,2054,0,5,0.0525797084341987,0.7872881571451823,0.6866725391811794,4,0.0040880999734275,0.6848866780598958,59.96002664890073
part_001.mp4,2055,0,5,0.0526388749599501,0.7874578475952149,0.6866368858902543,4,0.0041854220028552,0.685174306233724,59.96002664890073
part_001.mp4,2056,0,5,0.0527287747396055,0.7876693725585937,0.6866436004638672,4,0.0042813763244474,0.6855528513590495,59.96002664890073
part_001.mp4,2057,0,6,0.0528383009233342,0.7878042856852213,0.6864439434475369,4,0.0041342510131006,0.6855459849039713,59.96002664890073
part_001.mp4,2058,0,5,0.0525518580026747,0.7880821228027344,0.6867060590673376,4,0.0040494649160371,0.685706901550293,59.96002664890073
part_001.mp4,2059,0,5,0.0523628746366335,0.7881864547729492,0.6869570131655093,4,0.0039926960135603,0.6847869873046875,59.96002664890073
part_001.mp4,2060,0,5,0.0523586995841469,0.7887115478515625,0.6875931351273148,4,0.0040612505044555,0.6852195739746094,59.96002664890073
part_001.mp4,2061,0,5,0.0522554460932666,0.789132563273112,0.6871797385039153,4,0.0039641916459853,0.6853026707967123,59.96002664890073
part_001.mp4,2062,0,6,0.0525179913522151,0.7892719268798828,0.6868787871466743,4,0.0039323018423143,0.685422706604004,59.96002664890073
part_001.mp4,2063,0,6,0.0527185106385621,0.7894070307413737,0.6869457068266692,4,0.0037814491292616,0.6855424880981446,59.96002664890073
part_001.mp4,2064,0,7,0.0526991879638646,0.7897897720336914,0.6868018256293402,5,0.0039226952649187,0.6854767481486003,59.96002664890073
part_001.mp4,2065,0,6,0.0524295957299858,0.7911867141723633,0.6869215470773202,4,0.004118086781495,0.6861713409423829,59.96002664890073
part_001.mp4,2066,0,6,0.0525246324683394,0.7906166076660156,0.6862989213731554,4,0.0040469890882377,0.6866602579752604,59.96002664890073
part_001.mp4,2067,0,9,0.0527418411398516,0.7922534942626953,0.6865769527576587,7,0.0038054478736982,0.6868185043334961,59.96002664890073
part_001.mp4,2068,0,9,0.0530183077958339,0.7925514221191406,0.6865927943476924,7,0.0041275437617851,0.6886309305826823,59.96002664890073
part_001.mp4,2069,0,6,0.0527275982831085,0.793248176574707,0.6864463841473615,5,0.0043857059468778,0.6891286849975586,59.96002664890073
part_001.mp4,2070,0,6,0.0528713757862957,0.7935728708902995,0.6856708667896412,5,0.0049316982721696,0.6893535614013672,59.96002664890073
part_001.mp4,2071,0,7,0.052770255720135,0.7935253779093424,0.6854292269106265,6,0.0048540204303895,0.6894065856933593,59.96002664890073
part_001.mp4,2072,0,7,0.0532014479060004,0.7943202972412109,0.6849556075202095,6,0.0047877214240725,0.6900587717692057,59.96002664890073
part_001.mp4,2073,0,6,0.0532304880408709,0.7950735727945963,0.6846262861181188,5,0.004816679663733,0.6904512405395508,59.96002664890073
part_001.mp4,2074,0,5,0.0531494082445493,0.7958194732666015,0.6842739635043674,4,0.004800186633261,0.6908283869425456,59.96002664890073
part_001.mp4,2075,0,5,0.0534667578222514,0.7968635559082031,0.6840514854148582,4,0.0046847241167496,0.6913513819376628,59.96002664890073
part_001.mp4,2076,0,8,0.0534623040018939,0.7970634460449219,0.6841451009114583,6,0.0048055063648275,0.6921917597452799,59.96002664890073
part_001.mp4,2077,0,7,0.053291809555958,0.7975959777832031,0.6841088754159433,5,0.0050124751622206,0.6921142578125,59.96002664890073
part_001.mp4,2078,0,8,0.0534500723873881,0.7986744562784831,0.6837169329325358,6,0.0048998372474064,0.6925551096598307,59.96002664890073
part_001.mp4,2079,0,10,0.05370246827777,0.7992375055948894,0.6831592135959201,9,0.0046073000500015,0.6938543319702148,59.96002664890073
part_001.mp4,2080,0,5,0.0538981767282099,0.7996349334716797,0.682911491394043,4,0.0050060019663726,0.6942611694335937,59.96002664890073
part_001.mp4,2081,0,6,0.0540566022340775,0.8003681182861329,0.6823712702150698,4,0.0051636922631102,0.6944618860880534,59.96002664890073
part_001.mp4,2082,0,8,0.054513557870585,0.8014068603515625,0.6821958329942491,6,0.0047305815259262,0.693348503112793,59.96002664890073
part_001.mp4,2083,0,6,0.054511447968404,0.8016841888427735,0.6821680104290998,5,0.0051006777025759,0.693501345316569,59.96002664890073
part_001.mp4,2084,0,6,0.0547098181183941,0.8028425852457682,0.682883538140191,5,0.0051110311870514,0.6941371917724609,59.96002664890073
part_001.mp4,2085,0,5,0.0550717248606896,0.8040171305338542,0.6816078256677698,4,0.0049829035594464,0.6954523086547851,59.96002664890073
part_001.mp4,2086,0,5,0.0553616797610663,0.8047358194986979,0.6811477237277561,4,0.0049074895314967,0.6958053588867188,59.96002664890073
part_001.mp4,2087,0,5,0.0551165084478688,0.8060181299845378,0.682510209966589,4,0.0051388591060732,0.6964372634887696,59.96002664890073
part_001.mp4,2088,0,6,0.055826188478774,0.8069425582885742,0.6810594346788195,4,0.0045984184779862,0.6962865829467774,59.96002664890073
part_001.mp4,2089,0,8,0.0556909024826624,0.807545534769694,0.6809556007385253,6,0.00479845885966,0.697118631998698,59.96002664890073
part_001.mp4,2090,0,7,0.0557184263965791,0.8075741449991862,0.6804795053270128,5,0.0044632751203176,0.6979151407877604,59.96002664890073
part_001.mp4,2091,0,8,0.055821434993998,0.8079453150431315,0.6795432691220884,5,0.0050693707317448,0.6989301045735677,59.96002664890073
part_001.mp4,2092,0,8,0.0560310728321989,0.8087230682373047,0.6787016868591309,6,0.005189097093858,0.6998549143473307,59.96002664890073
part_001.mp4,2093,0,8,0.0562781018173781,0.8095300674438477,0.6780114315174244,6,0.004416294148153,0.7013834635416667,59.96002664890073
part_001.mp4,2094,0,6,0.0560558982217965,0.8105990091959635,0.6779356850518121,4,0.0052946152591579,0.7023029327392578,59.96002664890073
part_001.mp4,2095,0,6,0.0562090495612151,0.8111787796020508,0.6775692445260507,4,0.0054143163080565,0.7032773335774739,59.96002664890073
part_001.mp4,2096,0,6,0.0562620813666904,0.8113727569580078,0.6768337814896195,4,0.0049251493066549,0.7038606007893881,59.96002664890073
part_001.mp4,2097,0,7,0.0560514263511479,0.8122097015380859,0.6770306940431948,5,0.0053747338978509,0.7064126968383789,59.96002664890073
part_001.mp4,2098,0,7,0.056694974118864,0.8135393778483073,0.6743733759279604,5,0.0053973804647102,0.7057024002075195,59.96002664890073
part_001.mp4,2099,0,8,0.0575342902681674,0.8163208643595378,0.6749004046122233,6,0.0054201612013221,0.7064749399820963,59.96002664890073
part_001.mp4,2100,0,6,0.0576576293004715,0.8175910949707031,0.6742961883544922,4,0.0055224952471757,0.7075593948364258,59.96002664890073
part_001.mp4,2101,0,6,0.0582862063113781,0.8189901987711589,0.6730542924669054,4,0.0054399436642415,0.7084313074747721,59.96002664890073
part_001.mp4,2102,0,6,0.0585810431673194,0.8199111938476562,0.6710227860344781,4,0.0054709000499214,0.7094311396280925,59.96002664890073
part_001.mp4,2103,0,5,0.05890099680645,0.8211692810058594,0.6701189782884386,4,0.0054399448457008,0.7106010437011718,59.96002664890073
part_001.mp4,2104,0,6,0.059177366512627,0.8225916544596354,0.6699321746826172,4,0.0056736600690666,0.7114791870117188,59.96002664890073
part_001.mp4,2105,0,6,0.0590495223564121,0.8233789443969727,0.6696219656202528,4,0.0058290298921983,0.7103291193644206,59.96002664890073
part_001.mp4,2106,0,6,0.0592619652481543,0.8241336822509766,0.6676942189534505,4,0.0059947722053757,0.7123067855834961,59.96002664890073
part_001.mp4,2107,0,6,0.0590667016636871,0.8253685633341471,0.6683854420979818,5,0.0058750761183856,0.7133801778157552,59.96002664890073
part_001.mp4,2108,0,6,0.0599633362352485,0.827145767211914,0.6679370456271702,4,0.006166267650799,0.7150707244873047,59.96002664890073
part_001.mp4,2109,0,5,0.060437663368594,0.8288950602213542,0.6677923838297526,4,0.0062002509882505,0.7152374903361003,59.96002664890073
part_001.mp4,2110,0,5,0.0603142612795879,0.8303438186645508,0.6665917714436849,4,0.0062614989715964,0.7172037124633789,59.96002664890073
part_001.mp4,2111,0,6,0.0601275941220551,0.8305987040201823,0.6667275322808159,4,0.0061803209670692,0.7178551355997721,59.96002664890073
part_001.mp4,2112,0,6,0.0602849605989144,0.8319248199462891,0.6658331129286025,5,0.0063055074487002,0.7183027903238932,59.96002664890073
part_001.mp4,2113,0,8,0.0603564142645983,0.832296625773112,0.6649625566270616,6,0.0060617637282444,0.7192489624023437,59.96002664890073
part_001.mp4,2114,0,8,0.0605429068508156,0.8338228861490885,0.6654106987847223,6,0.0062801895941245,0.719359016418457,59.96002664890073
part_001.mp4,2115,0,7,0.0607096211124007,0.8351123809814454,0.6654925452338325,6,0.0060051058580054,0.7198391596476237,59.96002664890073
part_001.mp4,2116,0,5,0.0610483065819479,0.836918830871582,0.6655855390760633,4,0.0063749787920258,0.7201713562011719,59.96002664890073
part_001.mp4,2117,0,7,0.0614288157307055,0.8379705429077149,0.6649906476338704,6,0.0060128223158082,0.7209669748942057,59.96002664890073
part_001.mp4,2118,0,7,0.061873681582567,0.8392631530761718,0.6639908578660753,6,0.0066131118344815,0.7213370005289713,59.96002664890073
part_001.mp4,2119,0,6,0.0621050952136202,0.8403147379557292,0.6631502363416883,5,0.0061262937772618,0.7222654978434245,59.96002664890073
part_001.mp4,2120,0,7,0.0619963116148053,0.8415526072184245,0.6625048460783782,6,0.00655782637652,0.7228582382202149,59.96002664890073
part_001.mp4,2121,0,7,0.0623102888547395,0.842829704284668,0.6621551548993146,6,0.005804395612493,0.7243025461832683,59.96002664890073
part_001.mp4,2122,0,6,0.0621284129798975,0.8435876846313477,0.6623335944281684,5,0.0062865213611318,0.7259073257446289,59.96002664890073
part_001.mp4,2123,0,5,0.0626473189976564,0.8447117487589518,0.6612673865424262,4,0.0062867869765775,0.7271915435791015,59.96002664890073
part_001.mp4,2124,0,8,0.0628859754377259,0.8464252471923828,0.6595349523756239,7,0.0060323158226243,0.728765360514323,59.96002664890073
part_001.mp4,2125,0,9,0.0636415184707571,0.8487319946289062,0.6589307255215116,8,0.006312612279758,0.7293420791625976,59.96002664890073
part_001.mp4,2126,0,8,0.0640030108348913,0.8506233215332031,0.6595348676045736,7,0.0067655727538254,0.7314796447753906,59.96002664890073
part_001.mp4,2127,0,7,0.0634170205809641,0.8514620463053385,0.6599857754177517,6,0.0065004836688684,0.7322680791219075,59.96002664890073
part_001.mp4,2128,0,9,0.0639760556635189,0.8534022013346354,0.6586396146703649,8,0.0064731073531718,0.7325441360473632,59.96002664890073
part_001.mp4,2129,0,11,0.0645006526823595,0.8558163324991862,0.6590373286494502,9,0.0068513411720697,0.7340771993001302,59.96002664890073
part_001.mp4,2130,0,10,0.0648438052374342,0.8567553202311198,0.6561451417428475,8,0.0071540073820578,0.7355146408081055,59.96002664890073
part_001.mp4,2131,0,11,0.0648773477800838,0.8580501556396485,0.6548915863037109,9,0.0071825372724345,0.7362382888793946,59.96002664890073
part_001.mp4,2132,0,10,0.0653511811547542,0.8597101847330729,0.6547648853725857,8,0.0072450614816194,0.7371936798095703,59.96002664890073
part_001.mp4,2133,0,7,0.0659457451296852,0.8613767623901367,0.6536048465304904,5,0.0073914560242782,0.7393661499023437,59.96002664890073
part_001.mp4,2134,0,6,0.0661940315411528,0.8622722625732422,0.65212615331014,5,0.0072050369795222,0.7409523010253907,59.96002664890073
part_001.mp4,2135,0,8,0.0657189657007337,0.8636435190836589,0.6513620164659288,6,0.0070178705166571,0.7421182632446289,59.96002664890073
part_001.mp4,2136,0,7,0.0659128631440984,0.8660396575927735,0.6505558331807454,6,0.0074147297140788,0.7432598114013672,59.96002664890073
part_001.mp4,2137,0,7,0.0667911018410598,0.8673569361368815,0.649283684624566,6,0.0072690868042021,0.7444727579752605,59.96002664890073
part_001.mp4,2138,0,7,0.0670754195430048,0.8685087203979492,0.6482063858597367,6,0.0075097718539958,0.7453357696533203,59.96002664890073
part_001.mp4,2139,0,8,0.067399419369783,0.871936289469401,0.6466122132760507,7,0.0073964183930365,0.7461824417114258,59.96002664890073
part_001.mp4,2140,0,8,0.0681892061308671,0.8746963500976562,0.6452376506946705,7,0.0069216319926447,0.747775650024414,59.96002664890073
part_001.mp4,2141,0,8,0.0686452348134621,0.8766447703043619,0.6437400711907281,7,0.0074956420091136,0.7491053263346354,59.96002664890073
part_001.mp4,2142,0,8,0.0695027484951424,0.8790414810180665,0.6416644626193576,7,0.0079999668927889,0.7503669738769532,59.96002664890073
part_001.mp4,2143,0,6,0.0697472274902328,0.8811323165893554,0.6415027194552951,5,0.0079455907629996,0.7522380828857422,59.96002664890073
part_001.mp4,2144,0,7,0.070363346417421,0.8824735641479492,0.6378366399694372,6,0.0077563567498873,0.75384521484375,59.96002664890073
part_001.mp4,2145,0,6,0.070398452214342,0.8848001480102539,0.6397855546739366,5,0.0082046269989762,0.7565224329630534,59.96002664890073
part_001.mp4,2146,0,7,0.071092289205626,0.8870369593302408,0.6382156795925564,6,0.0083080008107432,0.7580561319986979,59.96002664890073
part_001.mp4,2147,0,9,0.0720660004644355,0.8897947947184245,0.6354489785653573,7,0.0083685183062837,0.7591461181640625,59.96002664890073
part_001.mp4,2148,0,6,0.0725166958288577,0.8911776224772135,0.6336851473207827,5,0.0082252867221379,0.761232566833496,59.96002664890073
part_001.mp4,2149,0,8,0.0731651054462687,0.8939634958902994,0.6338769700792101,7,0.0082502189630435,0.763184928894043,59.96002664890073
part_001.mp4,2150,0,9,0.0737332290861269,0.8957283020019531,0.6317715538872613,8,0.0083776561582473,0.76534423828125,59.96002664890073
part_001.mp4,2151,0,5,0.0746292038131893,0.898690668741862,0.629680421617296,4,0.0083916865002269,0.7671842575073242,59.96002664890073
part_001.mp4,2152,0,6,0.0753802208178159,0.9027687708536783,0.628454081217448,5,0.0087730594748993,0.7690525054931641,59.96002664890073
part_001.mp4,2153,0,7,0.0757924780845739,0.9051982879638673,0.626737227263274,6,0.0091296973638236,0.7680964152018229,59.96002664890073
part_001.mp4,2154,0,5,0.076572919044674,0.9073966979980468,0.6249560179533782,4,0.008743641465262,0.7695556640625,59.96002664890073
part_001.mp4,2155,0,5,0.0769169211155127,0.9092880249023436,0.6229296366373698,4,0.0084767002200443,0.7709001541137696,59.96002664890073
part_001.mp4,2156,0,8,0.0771302146985598,0.9106439590454102,0.6212952507866754,7,0.0077711121209884,0.7747819900512696,59.96002664890073
part_001.mp4,2157,0,7,0.0772635867206796,0.9123769760131836,0.6189637219464338,6,0.0092739237040223,0.7757323582967123,59.96002664890073
part_001.mp4,2158,0,7,0.0783887100161518,0.9156272888183594,0.617635006374783,6,0.0088786455709487,0.7767885843912761,59.96002664890073
part_001.mp4,2159,0,9,0.0790914011840747,0.918222427368164,0.6169006771511502,8,0.0090330597157029,0.7787216822306315,59.96002664890073
part_001.mp4,2160,0,10,0.0791150867022224,0.9207441965738932,0.6165750715467665,9,0.0085698935861324,0.7811797459920248,59.96002664890073
part_001.mp4,2161,0,10,0.0796154082974115,0.9232027689615886,0.6159180959065755,9,0.0064068409107858,0.7829856872558594,59.96002664890073
part_001.mp4,2162,0,11,0.0807204880877139,0.9265932083129884,0.61337890625,9,0.0089277497297734,0.7845130920410156,59.96002664890073
part_001.mp4,2163,0,12,0.0827583465313849,0.9309841791788735,0.6102042304144966,10,0.0072695434794877,0.786709213256836,59.96002664890073
part_001.mp4,2164,0,10,0.0828819124138357,0.9321395874023436,0.608152347140842,8,0.0079999054432846,0.7888902028401693,59.96002664890073
part_001.mp4,2165,0,10,0.0832376109079147,0.9337921142578124,0.6064439561631945,8,0.009374441081359,0.788800303141276,59.96002664890073
part_001.mp4,2166,0,9,0.0830632218281324,0.9344482421875,0.6055832756890192,7,0.0096116612352003,0.7917467753092448,59.96002664890073
part_001.mp4,2167,0,9,0.0837017546976121,0.9361982345581056,0.6032330548321759,7,0.0095944753828613,0.7938873291015625,59.96002664890073
part_001.mp4,2168,0,10,0.0842996167381379,0.9390013376871744,0.6030234584101924,9,0.0095221099687235,0.7939327239990235,59.96002664890073
part_001.mp4,2169,0,8,0.0844907489359266,0.9405488967895508,0.6016713601571543,6,0.0098462513867869,0.7950098037719726,59.96002664890073
part_001.mp4,2170,0,7,0.0847569047892142,0.9425384521484376,0.6007186465793186,6,0.0101774473035604,0.7960407892862956,59.96002664890073
part_001.mp4,2171,0,6,0.0851910964796035,0.9432846069335936,0.5997817993164063,6,0.0851910964796035,0.9432846069335936,59.96002664890073
part_001.mp4,2172,0,7,0.085636138876208,0.9449714660644531,0.5991204155815972,7,0.085636138876208,0.9449714660644531,59.96002664890073
part_001.mp4,2173,0,6,0.0859990437814256,0.9468647003173828,0.5987669344301577,6,0.0859990437814256,0.9468647003173828,59.96002664890073
part_001.mp4,2174,0,8,0.0863043149017795,0.947983996073405,0.5991963421856915,8,0.0863043149017795,0.947983996073405,59.96002664890073
part_001.mp4,2175,0,8,0.0860539450230135,0.9485439936319988,0.5987892150878906,8,0.0860539450230135,0.9485439936319988,59.96002664890073
part_001.mp4,2176,0,7,0.0865176026961934,0.949925422668457,0.5993069966634115,7,0.0865176026961934,0.949925422668457,59.96002664890073
part_001.mp4,2177,0,6,0.0867109163483514,0.9519340515136718,0.6001446194118923,5,0.01082288468705,0.8015028635660807,59.96002664890073
part_001.mp4,2178,0,7,0.0873357338656852,0.9537212371826173,0.6004946390787761,6,0.0110564978666571,0.8018774032592774,59.96002664890073
part_001.mp4,2179,0,6,0.0879520525453133,0.9555904388427734,0.6006852891710069,5,0.0116879017543396,0.8028396606445313,59.96002664890073
part_001.mp4,2180,0,7,0.0877306233424072,0.9567108154296876,0.6017505221896702,6,0.0115703041430053,0.8027551651000977,59.96002664890073
part_001.mp4,2181,0,9,0.0872402092749285,0.9559729258219402,0.6024765862358941,8,0.0118340858748814,0.8019376754760742,59.96002664890073
part_001.mp4,2182,0,8,0.0867155527525756,0.9565815607706706,0.6058080885145399,6,0.0115251099266525,0.8019418716430664,59.96002664890073
part_001.mp4,2183,0,10,0.0858878879860438,0.9559045791625976,0.6078517489963108,8,0.0118091373756275,0.8028753916422526,59.96002664890073
part_001.mp4,2184,0,6,0.0853704591128593,0.9557918548583983,0.6106230841742621,5,0.0113577859373051,0.8022352854410807,59.96002664890073
part_001.mp4,2185,0,5,0.0852416821479817,0.955759620666504,0.6114124863236039,3,0.0112813120288612,0.8015034357706706,59.96002664890073
part_001.mp4,2186,0,8,0.0845754916189967,0.9550374984741212,0.613722582216616,6,0.0114265177315596,0.8016742706298828,59.96002664890073
part_001.mp4,2187,0,9,0.0836923430487513,0.954095458984375,0.6160895029703776,7,0.0113395215910309,0.8017618815104167,59.96002664890073
part_001.mp4,2188,0,7,0.0831988611500828,0.9529539108276368,0.6162787684687862,6,0.0113148688212041,0.8015077590942383,59.96002664890073
part_001.mp4,2189,0,6,0.0827217335598349,0.9525514602661131,0.6189531962076823,4,0.0113586705589697,0.8020534515380859,59.96002664890073
part_001.mp4,2190,0,7,0.0819697714611053,0.9510852813720704,0.6209285312228733,5,0.0115530976095113,0.8009292602539062,59.96002664890073
part_001.mp4,2191,0,6,0.0803160670814072,0.9497648239135742,0.6257083186396846,5,0.0112059025640418,0.8006475448608399,59.96002664890073
part_001.mp4,2192,0,8,0.0793043337472449,0.9481164932250976,0.6284634484185113,7,0.0111919808501243,0.8001926422119141,59.96002664890073
part_001.mp4,2193,0,6,0.0781336411536715,0.9471529006958008,0.6313714345296224,5,0.0116463473548912,0.7983755747477214,59.96002664890073
part_001.mp4,2194,0,7,0.076971686212928,0.9462271372477212,0.6357326931423611,6,0.0116272883630396,0.797834841410319,59.96002664890073
part_001.mp4,2195,0,7,0.0759947243150478,0.9449073791503906,0.6382718404134115,6,0.0114628820940758,0.797227160135905,59.96002664890073
part_001.mp4,2196,0,8,0.0758904404279585,0.9440690994262696,0.6405447359438295,7,0.0114490074435404,0.7969642639160156,59.96002664890073
part_001.mp4,2197,0,9,0.0750857751525068,0.9422147750854492,0.6431222279866536,8,0.0112599180346817,0.7954430262247721,59.96002664890073
part_001.mp4,2198,0,9,0.0735442195322442,0.941463851928711,0.6494418250189887,8,0.0112405477713108,0.7952697118123372,59.96002664890073
part_001.mp4,2199,0,8,0.0721159881382077,0.939388910929362,0.6548430124918619,7,0.0111277781969639,0.794943110148112,59.96002664890073
part_001.mp4,2200,0,5,0.07124319552241,0.9380525588989258,0.6579284773932563,4,0.0115315062621569,0.7925729751586914,59.96002664890073
part_001.mp4,2201,0,6,0.0700736648147775,0.9365570068359376,0.6613051661738643,5,0.0114975925478103,0.7926185607910157,59.96002664890073
part_001.mp4,2202,0,9,0.0692397642854262,0.9353716532389325,0.6645674705505371,7,0.0112834283744989,0.7924051284790039,59.96002664890073
part_001.mp4,2203,0,7,0.0684883424570034,0.9347250620524088,0.667757511138916,5,0.010786285492488,0.7919638951619467,59.96002664890073
part_001.mp4,2204,0,7,0.0680169631455835,0.9320215861002604,0.6698954829463253,5,0.011112533857549,0.7915198008219401,59.96002664890073
part_001.mp4,2205,0,10,0.0660099250541437,0.9297510147094726,0.6752641042073567,8,0.0112075722274689,0.7899587631225586,59.96002664890073
part_001.mp4,2206,0,7,0.0649939294367194,0.9265984217325848,0.6773608772842973,5,0.0115336220935892,0.7891639709472656,59.96002664890073
part_001.mp4,2207,0,11,0.0634824227087038,0.9235937118530272,0.6804828325907389,9,0.0110738554610321,0.7870793660481771,59.96002664890073
part_001.mp4,2208,0,10,0.0612202712329208,0.917894426981608,0.6836848188329626,8,0.0114158913768726,0.7865773518880208,59.96002664890073
part_001.mp4,2209,0,10,0.0588746663941829,0.9126216888427734,0.6870207609953703,9,0.0110659899757107,0.7858746846516927,59.96002664890073
part_001.mp4,2210,0,7,0.0579684121139575,0.9099013010660808,0.6886827292265716,6,0.0109425023453954,0.7842890421549479,59.96002664890073
part_001.mp4,2211,0,8,0.0566534871206062,0.9082096099853516,0.6922183990478515,6,0.010980620121441,0.7836036682128906,59.96002664890073
part_001.mp4,2212,0,8,0.0553714795361129,0.9054256439208984,0.6978844571996619,6,0.0111070382278207,0.7837649663289388,59.96002664890073
part_001.mp4,2213,0,10,0.0543885851762671,0.9033639907836916,0.7006578233506945,8,0.010657513256143,0.783056894938151,59.96002664890073
part_001.mp4,2214,0,11,0.0524037218847499,0.8952823638916015,0.7026522742377387,9,0.010597062624905,0.7821360270182292,59.96002664890073
part_001.mp4,2215,0,11,0.050898867728457,0.8892633438110351,0.7038712960702401,9,0.010781056282021,0.7813616434733073,59.96002664890073
part_001.mp4,2216,0,9,0.0477455929064934,0.880549430847168,0.709633117251926,7,0.0111438321636524,0.78037109375,59.96002664890073
part_001.mp4,2217,0,11,0.0460627153386878,0.8744524637858073,0.7116375040124964,9,0.0109543728324772,0.7790897369384766,59.96002664890073
part_001.mp4,2218,0,8,0.0452467260852669,0.8728638331095377,0.7143233405219184,6,0.0107585121721911,0.7762000401814778,59.96002664890073
part_001.mp4,2219,0,7,0.0447743698119571,0.8718528747558594,0.7167578096742984,5,0.0109236646115396,0.776308822631836,59.96002664890073
part_001.mp4,2220,0,8,0.0436446471138171,0.8685520807902019,0.7200830812807436,6,0.0111568558216094,0.7756328582763672,59.96002664890073
part_001.mp4,2221,0,8,0.0428084193455705,0.867128054300944,0.7233067194620768,6,0.0113591311899384,0.7761392593383789,59.96002664890073
part_001.mp4,2222,0,8,0.0424979935515794,0.8662289301554362,0.7264957851833768,6,0.0115124745341017,0.7757874170939127,59.96002664890073
part_001.mp4,2223,0,9,0.0425971010829362,0.8671262741088868,0.7280010364673756,6,0.0115625802842744,0.7751785278320312,59.96002664890073
part_001.mp4,2224,0,8,0.0416892646478722,0.8643187204996745,0.729684610720034,6,0.011273247407441,0.774294090270996,59.96002664890073
part_001.mp4,2225,0,7,0.0410905129259723,0.8621610641479492,0.730527835422092,5,0.0111608737535425,0.7729288736979166,59.96002664890073
part_001.mp4,2226,0,8,0.0400651582628025,0.860249137878418,0.7315105155662254,6,0.0113580010618089,0.7732448577880859,59.96002664890073
part_001.mp4,2227,0,8,0.0394772032480784,0.8593902587890625,0.7371054684674299,6,0.0112040041383865,0.7721043904622396,59.96002664890073
part_001.mp4,2228,0,8,0.0375557224281941,0.8563159942626953,0.7428449136239511,6,0.0114894468210049,0.7728725433349609,59.96002664890073
part_001.mp4,2229,0,8,0.0367985806476806,0.8543621699015299,0.7457562340630426,7,0.0113022752568689,0.7717113494873047,59.96002664890073
part_001.mp4,2230,0,8,0.0364217758289305,0.8535170237223307,0.7486387888590494,7,0.0112453080623203,0.7706066131591797,59.96002664890073
part_001.mp4,2231,0,8,0.0360029765035856,0.8536019007364909,0.7526148972687898,6,0.0108040135881068,0.7699192047119141,59.96002664890073
part_001.mp4,2232,0,7,0.0357310649236509,0.8527254740397135,0.753593995836046,5,0.0108846193094116,0.7692169825236003,59.96002664890073
part_001.mp4,2233,0,6,0.0355087216481923,0.8512018203735352,0.7560021082560221,4,0.0107515526460742,0.7686421076456705,59.96002664890073
part_001.mp4,2234,0,6,0.0345164170412398,0.8490146636962891,0.7602358217592593,4,0.0107762086303454,0.7687419891357422,59.96002664890073
part_001.mp4,2235,0,7,0.0332409336511369,0.8471559524536133,0.7656122843424479,5,0.0104542183573357,0.7671838124593099,59.96002664890073
part_001.mp4,2236,0,5,0.0329546215722681,0.8474013010660807,0.769324599372016,3,0.0104938961129476,0.766999626159668,59.96002664890073
part_001.mp4,2237,0,7,0.0331074871524281,0.8482678095499675,0.7706057654486762,5,0.0106158044629544,0.7670534769694011,59.96002664890073
part_001.mp4,2238,0,7,0.032588339187636,0.8468778610229493,0.7727327558729383,5,0.0112627374195209,0.7670145034790039,59.96002664890073
part_001.mp4,2239,0,7,0.0321446468520864,0.8459705352783203,0.7717726389567058,5,0.0110345102327119,0.765770149230957,59.96002664890073
part_001.mp4,2240,0,6,0.031348097924941,0.8437919616699219,0.7760409673055013,4,0.0105137375505108,0.765315055847168,59.96002664890073
part_001.mp4,2241,0,9,0.0311857481427917,0.8427590052286784,0.7773120880126954,7,0.010683126967245,0.7656112670898437,59.96002664890073
part_001.mp4,2242,0,6,0.0308638899530504,0.841441027323405,0.7825956556532118,5,0.0111185861673072,0.7652036666870117,59.96002664890073
part_001.mp4,2243,0,6,0.0305739960126367,0.842480723063151,0.7846663227787725,5,0.0110404722070476,0.7647785186767578,59.96002664890073
part_001.mp4,2244,0,4,0.0294591093420024,0.8385032653808594,0.7888697942097982,3,0.0109526932989441,0.7641548792521159,59.96002664890073
part_001.mp4,2245,0,6,0.0292323523683174,0.8375934600830078,0.7904532114664714,4,0.0109582014073654,0.7640202204386394,59.96002664890073
part_001.mp4,2246,0,8,0.0289965244767922,0.836884880065918,0.7934073130289714,6,0.0112575507308496,0.7639156341552734,59.96002664890073
part_001.mp4,2247,0,7,0.0287188136513173,0.8362092971801758,0.7954459720187717,5,0.0110651111883473,0.7635166803995769,59.96002664890073
part_001.mp4,2248,0,7,0.027951456884944,0.8352106094360352,0.7994202931722005,5,0.0108156757747875,0.7631561915079753,59.96002664890073
part_001.mp4,2249,0,8,0.027728889444714,0.8349830627441406,0.8029641963817455,7,0.0106495405700601,0.7626009623209635,59.96002664890073
part_001.mp4,2250,0,6,0.0268527590466692,0.8336262385050456,0.8019857265331127,5,0.0108388228393353,0.7628681182861328,59.96002664890073
part_001.mp4,2251,0,6,0.0270439776163753,0.8343987147013346,0.8066545980947989,4,0.0107059519568833,0.761843744913737,59.96002664890073
part_001.mp4,2252,0,7,0.0271020025364015,0.83460693359375,0.8086391025119357,5,0.0102644057546125,0.7608308792114258,59.96002664890073
part_001.mp4,2253,0,7,0.0266591288662446,0.8342613220214844,0.812298838297526,5,0.0104562079412345,0.7610132853190105,59.96002664890073
part_001.mp4,2254,0,8,0.0263099975597207,0.8332599639892578,0.813867618419506,6,0.0103688199308062,0.7609909057617188,59.96002664890073
part_001.mp4,2255,0,8,0.026044382424443,0.8331150054931641,0.8152434455023871,6,0.0104361031846039,0.7598500569661458,59.96002664890073
part_001.mp4,2256,0,8,0.025906566613738,0.8338501612345378,0.8174169328477647,6,0.0101422188827213,0.7602720260620117,59.96002664890073
part_001.mp4,2257,0,8,0.0259066317601447,0.833835220336914,0.8173988624855324,6,0.0101687922313188,0.7615627924601237,59.96002664890073
part_001.mp4,2258,0,9,0.0257352496970442,0.8345818201700846,0.8201451672448052,7,0.0101202723538153,0.7592275619506836,59.96002664890073
part_001.mp4,2259,0,8,0.0253626063392123,0.8339488983154297,0.8230001361281784,6,0.0100494028643394,0.7587020874023438,59.96002664890073
part_001.mp4,2260,0,9,0.0247619879123481,0.8334455490112305,0.8256283442179362,7,0.0100649615598574,0.7589134852091471,59.96002664890073
part_001.mp4,2261,0,10,0.0247386897429169,0.8336324691772461,0.8275523079766167,8,0.0099800790878362,0.7600814819335937,59.96002664890073
part_001.mp4,2262,0,10,0.0247944976850811,0.8338694254557292,0.8289229781539352,8,0.0101389080505921,0.7616116205851237,59.96002664890073
part_001.mp4,2263,0,10,0.0248873462716316,0.8342144012451171,0.8295400195651584,8,0.0101196991485064,0.7621593475341797,59.96002664890073
part_001.mp4,2264,0,10,0.0246346432174249,0.8360740661621093,0.8319947048469826,8,0.0102510353262618,0.7623104095458985,59.96002664890073
part_001.mp4,2265,0,10,0.0247824817199858,0.837570063273112,0.8336899933991608,8,0.010219440515761,0.7615387598673503,59.96002664890073
part_001.mp4,2266,0,11,0.0242043346345562,0.8363579432169597,0.8368067970982305,9,0.0100800314809021,0.7615514755249023,59.96002664890073
part_001.mp4,2267,0,10,0.0238963687363273,0.8362724939982097,0.8384358300103082,8,0.0101027134546139,0.7613626480102539,59.96002664890073
part_001.mp4,2268,0,10,0.0238704721335852,0.836474863688151,0.8408499876658122,8,0.0102314688742788,0.7610647201538085,59.96002664890073
part_001.mp4,2269,0,10,0.0234735498769259,0.8366376876831054,0.8429091824425592,8,0.0102649403922259,0.7609135309855143,59.96002664890073
part_001.mp4,2270,0,10,0.0231907525536907,0.837315050760905,0.844954580730862,8,0.0103799511931127,0.7615101496378581,59.96002664890073
part_001.mp4,2271,0,10,0.0230550037712981,0.8381216049194335,0.8474520418379042,8,0.0101950769288588,0.7610562006632487,59.96002664890073
part_001.mp4,2272,0,9,0.0226426758161,0.8388410568237304,0.8497049755520291,7,0.0101673341014732,0.7610515594482422,59.96002664890073
part_001.mp4,2273,0,8,0.0226344613215149,0.8397539774576823,0.8501184110288267,6,0.0104504751589653,0.7606937408447265,59.96002664890073
part_001.mp4,2274,0,8,0.0225558199695957,0.8397587458292644,0.8507385112621166,6,0.0104245298879686,0.7607876459757487,59.96002664890073
part_001.mp4,2275,0,8,0.0222916398934655,0.8402414957682292,0.8530981982195819,6,0.0104491371830226,0.7596818923950195,59.96002664890073
part_001.mp4,2276,0,8,0.0223141947926557,0.8408485412597656,0.8539468977186415,6,0.0105193710195534,0.7602522532145183,59.96002664890073
part_001.mp4,2277,0,8,0.0224256822315025,0.8417892456054688,0.8545583195156521,6,0.0106443887813657,0.7608147939046224,59.96002664890073
part_001.mp4,2278,0,9,0.0222026835217548,0.8423152923583984,0.8558580469202113,7,0.010403463440456,0.7606953938802083,59.96002664890073
part_001.mp4,2279,0,9,0.0216628988270531,0.8427611033121745,0.856930923461914,7,0.0097754286433984,0.7602455139160156,59.96002664890073
part_001.mp4,2280,0,8,0.0215074152436837,0.8435507456461588,0.8576048179909035,6,0.0089029734944536,0.7604068756103516,59.96002664890073
part_001.mp4,2281,0,9,0.0214623245661237,0.8444592157999674,0.8585713704427084,7,0.0091514026272731,0.7598939259847005,59.96002664890073
part_001.mp4,2282,0,9,0.0214077225407739,0.8444754282633463,0.8588447164606166,7,0.0092107589165001,0.7595961888631185,59.96002664890073
part_001.mp4,2283,0,9,0.02140294671973,0.8455353418986002,0.8602159923977322,7,0.0090175970878107,0.7592597961425781,59.96002664890073
part_001.mp4,2284,0,10,0.0215437708727788,0.847232437133789,0.8609673005563242,8,0.0092783794195404,0.75980650583903,59.96002664890073
part_001.mp4,2285,0,10,0.0216935288003898,0.8491894404093424,0.8621454486140498,7,0.0091158853691821,0.7596605936686198,59.96002664890073
part_001.mp4,2286,0,10,0.0214131365247104,0.850407600402832,0.864148528487594,8,0.0111803975459123,0.7596832275390625,59.96002664890073
part_001.mp4,2287,0,10,0.02123975438555,0.851237932840983,0.8664370960659451,8,0.0103760361224757,0.7597089767456054,59.96002664890073
part_001.mp4,2288,0,8,0.0208235009003253,0.8521057764689127,0.8689124019057662,6,0.0113421788902947,0.7596621831258138,59.96002664890073
part_001.mp4,2289,0,7,0.0205817453291483,0.8527717590332031,0.8708801499119512,5,0.0111308747711666,0.7602549235026042,59.96002664890073
part_001.mp4,2290,0,9,0.0204368528064636,0.8540232340494792,0.8737455368041992,7,0.0106403284205302,0.7607195536295573,59.96002664890073
part_001.mp4,2291,0,12,0.020306027986803,0.8546173095703125,0.8745505068037245,10,0.0095071832435927,0.7606946309407552,59.96002664890073
part_001.mp4,2292,0,11,0.0201566164375711,0.85523681640625,0.8756762822469075,9,0.0109250903956288,0.7609184900919597,59.96002664890073
part_001.mp4,2293,0,7,0.0201375039709612,0.857098642985026,0.8771590886292634,5,0.0112246779697576,0.7608788172403972,59.96002664890073
part_001.mp4,2294,0,8,0.019766368664932,0.8575397491455078,0.8797611342536078,6,0.010697657710989,0.7608263651529948,59.96002664890073
part_001.mp4,2295,0,8,0.0195177405616353,0.8586027145385742,0.8824013657040066,6,0.0107955826653374,0.761218516031901,59.96002664890073
part_001.mp4,2296,0,8,0.0192384781872102,0.8589667002360026,0.8847979651557074,6,0.0110993345203395,0.7612667719523112,59.96002664890073
part_001.mp4,2297,0,10,0.0191871020799576,0.8591012954711914,0.8842263751559787,8,0.0112217177995868,0.7603984196980794,59.96002664890073
part_001.mp4,2298,0,10,0.0189005148824132,0.859994379679362,0.8867563088734944,8,0.0106793175991333,0.760456403096517,59.96002664890073
part_001.mp4,2299,0,9,0.0185709788905081,0.8618395487467448,0.8906005258913393,7,0.0084067475558441,0.7613822937011718,59.96002664890073
part_001.mp4,2300,0,9,0.0179711957635661,0.8618801752726237,0.8936356473852087,8,0.0097372488028162,0.7611186981201172,59.96002664890073
part_001.mp4,2301,0,9,0.0174795728442364,0.862087631225586,0.8958289464314778,8,0.0112494201142625,0.761448860168457,59.96002664890073
part_001.mp4,2302,0,8,0.0172070603135661,0.8635967254638672,0.8973094869543005,7,0.0112332191008102,0.7622417449951172,59.96002664890073
part_001.mp4,2303,0,6,0.0166351534731748,0.8629976272583008,0.9003501256306966,5,0.0115210559538078,0.7624164581298828,59.96002664890073
part_001.mp4,2304,0,6,0.0166693279835332,0.8640958786010742,0.900783994462755,5,0.0116021522530282,0.7625528971354166,59.96002664890073
part_001.mp4,2305,0,6,0.0162296060281429,0.862950325012207,0.9024406539069282,5,0.0113231983973574,0.7627046585083008,59.96002664890073
part_001.mp4,2306,0,8,0.0156297289306166,0.8626312255859375,0.9051369878980848,7,0.0115253291101705,0.7628490447998046,59.96002664890073
part_001.mp4,2307,0,5,0.0144766653574746,0.8611373901367188,0.909375861839012,4,0.0112128996074035,0.7629530588785808,59.96002664890073
part_001.mp4,2308,0,6,0.0138058410004431,0.8593103408813476,0.912760889088666,5,0.0113343038748522,0.7629241943359375,59.96002664890073
part_001.mp4,2309,0,7,0.0128298529767113,0.856391716003418,0.9165292139406558,6,0.0099952760264622,0.7632057189941406,59.96002664890073
part_001.mp4,2310,0,7,0.0115957576420138,0.7638936360677083,0.1694877059371383,6,0.0115957576420138,0.7638936360677083,59.96002664890073
part_001.mp4,2311,0,9,0.0113089744785436,0.7631015141805013,0.1695416203251591,8,0.0113089744785436,0.7641384124755859,59.96002664890073
part_001.mp4,2312,0,8,0.0113047645671974,0.7638874053955078,0.1668163723415798,7,0.0113047645671974,0.7641138076782227,59.96002664890073
part_001.mp4,2313,0,7,0.0117478824986998,0.7647618611653646,0.1646170722113715,7,0.0117478824986998,0.7647618611653646,59.96002664890073
part_001.mp4,2314,0,5,0.0112323852495561,0.76365966796875,0.1623533743399161,5,0.0112323852495561,0.7643701553344726,59.96002664890073
part_001.mp4,2315,0,7,0.0121417815645691,0.7655323028564454,0.1606041802300347,7,0.0121417815645691,0.7655323028564454,59.96002664890073
part_001.mp4,2316,0,10,0.0096283090271017,0.7551411946614583,0.1518883881745515,10,0.0096283090271017,0.7659555435180664,59.96002664890073
part_001.mp4,2317,0,10,0.0098077539110737,0.7557882944742839,0.1505045572916666,9,0.0098077539110737,0.7659977595011394,59.96002664890073
part_001.mp4,2318,0,10,0.0116006228970622,0.763237190246582,0.1595128377278646,9,0.0116006228970622,0.7658342361450196,59.96002664890073
part_001.mp4,2319,0,9,0.0117046303657924,0.7639429092407226,0.1583538196705005,9,0.0117046303657924,0.7661922454833985,59.96002664890073
part_001.mp4,2320,0,7,0.012432546478791,0.7663925806681315,0.1560394004539207,7,0.012432546478791,0.7663925806681315,59.96002664890073
part_001.mp4,2321,0,9,0.012560192818637,0.7668100992838541,0.1568116929796006,9,0.012560192818637,0.7668100992838541,59.96002664890073
part_001.mp4,2322,0,7,0.0126011381137837,0.7672146479288737,0.1522167912235966,7,0.0126011381137837,0.7672146479288737,59.96002664890073
part_001.mp4,2323,0,6,0.0117282749902773,0.7652264912923177,0.1503979435673466,6,0.0117282749902773,0.7652264912923177,59.96002664890073
part_001.mp4,2324,0,7,0.0125219566504331,0.7675052007039388,0.1489583615903501,7,0.0125219566504331,0.7675052007039388,59.96002664890073
part_001.mp4,2325,0,6,0.0124212357923902,0.7674385070800781,0.1487966184262876,6,0.0124212357923902,0.7674385070800781,59.96002664890073
part_001.mp4,2326,0,7,0.0124507808878034,0.7676572799682617,0.1489569769965277,7,0.0124507808878034,0.7676572799682617,59.96002664890073
part_001.mp4,2327,0,5,0.0125882405725618,0.7676553726196289,0.1494405110677083,5,0.0125882405725618,0.7676553726196289,59.96002664890073
part_001.mp4,2328,0,5,0.0124077293602749,0.7675783157348632,0.1498163293909143,5,0.0124077293602749,0.7675783157348632,59.96002664890073
part_001.mp4,2329,0,6,0.0128094554179075,0.7680660883585612,0.1484014157895688,6,0.0128094554179075,0.7680660883585612,59.96002664890073
part_001.mp4,2330,0,6,0.0126699670066591,0.7677758534749349,0.1481847127278645,6,0.0126699670066591,0.7677758534749349,59.96002664890073
part_001.mp4,2331,0,6,0.0128478466077811,0.7673742930094402,0.1462760077582465,6,0.0128478466077811,0.7673742930094402,59.96002664890073
part_001.mp4,2332,0,6,0.0129136537348299,0.7677851359049479,0.1465030246310764,6,0.0129136537348299,0.7677851359049479,59.96002664890073
part_001.mp4,2333,0,7,0.0128453193135404,0.7677112579345703,0.1466128879123263,7,0.0128453193135404,0.7677112579345703,59.96002664890073
part_001.mp4,2334,0,6,0.0126573105793041,0.7676184336344402,0.1466498763472945,6,0.0126573105793041,0.7676184336344402,59.96002664890073
part_001.mp4,2335,0,6,0.0122284063916756,0.766375986735026,0.1463785807291666,6,0.0122284063916756,0.766375986735026,59.96002664890073
part_001.mp4,2336,0,6,0.0127553018096174,0.7685021082560222,0.1526039971245659,6,0.0127553018096174,0.7685021082560222,59.96002664890073
part_001.mp4,2337,0,6,0.0126687966422738,0.7691717147827148,0.1478998819986979,6,0.0126687966422738,0.7691717147827148,59.96002664890073
part_001.mp4,2338,0,6,0.0128374188701046,0.7697949727376302,0.1473058347348813,6,0.0128374188701046,0.7697949727376302,59.96002664890073
part_001.mp4,2339,0,6,0.0127812134165368,0.7698123296101888,0.1463713186758536,6,0.0127812134165368,0.7698123296101888,59.96002664890073
part_001.mp4,2340,0,5,0.0129694522063234,0.7703613917032878,0.1527033487955729,5,0.0129694522063234,0.7703613917032878,59.96002664890073
part_001.mp4,2341,0,5,0.0130214594291949,0.770335578918457,0.1478144327799479,5,0.0130214594291949,0.770335578918457,59.96002664890073
part_001.mp4,2342,0,5,0.0130323884994338,0.7708375930786133,0.1522300155074508,5,0.0130323884994338,0.7708375930786133,59.96002664890073
part_001.mp4,2343,0,7,0.0134947350935544,0.7709725062052409,0.152309332953559,7,0.0134947350935544,0.7709725062052409,59.96002664890073
part_001.mp4,2344,0,6,0.0131305338667772,0.7708454767862956,0.1514699582700376,6,0.0131305338667772,0.7708454767862956,59.96002664890073
part_001.mp4,2345,0,6,0.0131538205372491,0.7709605534871419,0.1543750904224537,6,0.0131538205372491,0.7709605534871419,59.96002664890073
part_001.mp4,2346,0,6,0.0135074259639131,0.770956293741862,0.1577355278862847,6,0.0135074259639131,0.770956293741862,59.96002664890073
part_001.mp4,2347,0,7,0.013732220430231,0.7706907272338868,0.1577734488028067,7,0.013732220430231,0.7706907272338868,59.96002664890073
part_001.mp4,2348,0,6,0.013618360980569,0.7704664866129557,0.1574395073784722,6,0.013618360980569,0.7704664866129557,59.96002664890073
part_001.mp4,2349,0,6,0.0137599313949855,0.7702316919962565,0.1603282787181713,6,0.0137599313949855,0.7702316919962565,59.96002664890073
part_001.mp4,2350,0,5,0.0138623570286047,0.7703999201456706,0.1576100102177372,5,0.0138623570286047,0.7703999201456706,59.96002664890073
part_001.mp4,2351,0,5,0.0141028858356164,0.7709339141845704,0.1582835162127459,5,0.0141028858356164,0.7709339141845704,59.96002664890073
part_001.mp4,2352,0,5,0.0141000706577324,0.7708633422851563,0.1582954406738281,5,0.0141000706577324,0.7708633422851563,59.96002664890073
part_001.mp4,2353,0,7,0.0141660548326197,0.7706829071044922,0.1620907253689236,7,0.0141660548326197,0.7706829071044922,59.96002664890073
part_001.mp4,2354,0,7,0.0143457874818705,0.7704755783081054,0.1646874321831597,7,0.0143457874818705,0.7704755783081054,59.96002664890073
part_001.mp4,2355,0,6,0.0146484044867166,0.7703940073649088,0.1664674829553674,6,0.0146484044867166,0.7703940073649088,59.96002664890073
part_001.mp4,2356,0,8,0.0146286619726904,0.7700246810913086,0.1691546969943576,8,0.0146286619726904,0.7700246810913086,59.96002664890073
part_001.mp4,2357,0,8,0.0145848961295754,0.7697507858276367,0.1717375013563368,8,0.0145848961295754,0.7697507858276367,59.96002664890073
part_001.mp4,2358,0,8,0.0145251516448075,0.7696197509765625,0.1733361138237847,8,0.0145251516448075,0.7696197509765625,59.96002664890073
part_001.mp4,2359,0,7,0.0145987555942135,0.7694793701171875,0.1740710223162615,7,0.0145987555942135,0.7694793701171875,59.96002664890073
part_001.mp4,2360,0,8,0.0145755088510405,0.769589360555013,0.1762930976019965,8,0.0145755088510405,0.769589360555013,59.96002664890073
part_001.mp4,2361,0,7,0.0145445690559507,0.769053840637207,0.178008383291739,7,0.0145445690559507,0.769053840637207,59.96002664890073
part_001.mp4,2362,0,7,0.0148519681921849,0.7687496821085612,0.182916259765625,7,0.0148519681921849,0.7687496821085612,59.96002664890073
part_001.mp4,2363,0,9,0.0144086796080874,0.7669260025024414,0.1882981476960358,9,0.0144086796080874,0.7698783874511719,59.96002664890073
part_001.mp4,2364,0,7,0.0146990265498418,0.7679501215616862,0.1891437389232494,7,0.0146990265498418,0.7679501215616862,59.96002664890073
part_001.mp4,2365,0,7,0.0146319319054816,0.7673651377360026,0.1954747517903645,7,0.0146319319054816,0.7673651377360026,59.96002664890073
part_001.mp4,2366,0,7,0.0148479673518536,0.7672825495402018,0.1965983638057002,7,0.0148479673518536,0.7672825495402018,59.96002664890073
part_001.mp4,2367,0,7,0.015151683272173,0.7670256296793619,0.2034939236111111,7,0.015151683272173,0.7670256296793619,59.96002664890073
part_001.mp4,2368,0,8,0.0155040051670113,0.7668141047159831,0.2081752918384693,8,0.0155040051670113,0.7668141047159831,59.96002664890073
part_001.mp4,2369,0,9,0.0154032534903779,0.7665206909179687,0.2103823909053096,9,0.0154032534903779,0.7665206909179687,59.96002664890073
part_001.mp4,2370,0,7,0.0154535385905991,0.766722297668457,0.2097675182201244,7,0.0154535385905991,0.766722297668457,59.96002664890073
part_001.mp4,2371,0,8,0.0155890546136544,0.7668819427490234,0.2133031209309895,8,0.0155890546136544,0.7668819427490234,59.96002664890073
part_001.mp4,2372,0,6,0.015766424366108,0.7667266845703125,0.2173357080530237,6,0.015766424366108,0.7667266845703125,59.96002664890073
part_001.mp4,2373,0,7,0.0159575066311474,0.7668416976928711,0.217724213776765,7,0.0159575066311474,0.7668416976928711,59.96002664890073
part_001.mp4,2374,0,7,0.0162717557723172,0.7668777465820312,0.2220423380533854,7,0.0162717557723172,0.7668777465820312,59.96002664890073
part_001.mp4,2375,0,8,0.016526353765334,0.7670067469278972,0.228226414433232,8,0.016526353765334,0.7670067469278972,59.96002664890073
part_001.mp4,2376,0,8,0.0184058579504683,0.7673596064249675,0.2530363294813368,8,0.0184058579504683,0.7673596064249675,59.96002664890073
part_001.mp4,2377,0,7,0.0188723108383581,0.7675841013590495,0.2584454289189091,7,0.0188723108383581,0.7675841013590495,59.96002664890073
part_001.mp4,2378,0,7,0.0192241879262211,0.7678791681925455,0.2636270028573495,7,0.0192241879262211,0.7678791681925455,59.96002664890073
part_001.mp4,2379,0,7,0.019285495789728,0.768347422281901,0.2635951571994357,7,0.019285495789728,0.768347422281901,59.96002664890073
part_001.mp4,2380,0,5,0.0190285888822162,0.7683513641357422,0.2610067862051504,5,0.0190285888822162,0.7683513641357422,59.96002664890073
part_001.mp4,2381,0,5,0.0187710399134084,0.7682973861694335,0.2589494493272569,5,0.0187710399134084,0.7682973861694335,59.96002664890073
part_001.mp4,2382,0,6,0.0193433987640022,0.7681481043497721,0.2678115279586227,6,0.0193433987640022,0.7681481043497721,59.96002664890073
part_001.mp4,2383,0,6,0.0195391297043048,0.7687071482340495,0.2653842784740307,6,0.0195391297043048,0.7687071482340495,59.96002664890073
part_001.mp4,2384,0,6,0.0196652609839306,0.7687399546305339,0.2691803261085793,6,0.0196652609839306,0.7687399546305339,59.96002664890073
part_001.mp4,2385,0,6,0.0196925626354964,0.7687734603881836,0.2710347493489583,6,0.0196925626354964,0.7687734603881836,59.96002664890073
part_001.mp4,2386,0,6,0.0196330692371702,0.7684399286905924,0.2727344512939453,6,0.0196330692371702,0.7684399286905924,59.96002664890073
part_001.mp4,2387,0,6,0.0197194649337522,0.7684023539225261,0.2747365598325376,6,0.0197194649337522,0.7684023539225261,59.96002664890073
part_001.mp4,2388,0,6,0.0201343030445665,0.770489756266276,0.2751958211263021,6,0.0201343030445665,0.770489756266276,59.96002664890073
part_001.mp4,2389,0,5,0.0202189833982265,0.7701416015625,0.2765429178873698,5,0.0202189833982265,0.7701416015625,59.96002664890073
part_001.mp4,2390,0,5,0.0200908214444967,0.7698156992594402,0.2780391975685402,5,0.0200908214444967,0.7698156992594402,59.96002664890073
part_001.mp4,2391,0,5,0.0203703514938792,0.7699496587117513,0.2844488779703776,5,0.0203703514938792,0.7699496587117513,59.96002664890073
part_001.mp4,2392,0,5,0.0205560089852035,0.7703462600708008,0.2841098926685474,5,0.0205560089852035,0.7703462600708008,59.96002664890073
part_001.mp4,2393,0,5,0.0209605280907999,0.77150084177653,0.2859240214029948,5,0.0209605280907999,0.77150084177653,59.96002664890073
part_001.mp4,2394,0,6,0.0209406112516363,0.7714291254679362,0.2899107191297743,6,0.0209406112516363,0.7714291254679362,59.96002664890073
part_001.mp4,2395,0,5,0.0210141021219268,0.7716201782226563,0.2947287948043258,5,0.0210141021219268,0.7716201782226563,59.96002664890073
part_001.mp4,2396,0,5,0.0212852546561798,0.7728834788004557,0.2995394671404803,5,0.0212852546561798,0.7728834788004557,59.96002664890073
part_001.mp4,2397,0,7,0.0212986180979189,0.7734046936035156,0.3000431484646267,7,0.0212986180979189,0.7734046936035156,59.96002664890073
part_001.mp4,2398,0,6,0.0214850819224375,0.7734783172607422,0.304929690890842,6,0.0214850819224375,0.7734783172607422,59.96002664890073
part_001.mp4,2399,0,7,0.0219492878047754,0.7734003702799479,0.3100562342890987,7,0.0219492878047754,0.7734003702799479,59.96002664890073
part_001.mp4,2400,0,5,0.0220130893728411,0.774037233988444,0.3152025858561197,5,0.0220130893728411,0.774037233988444,59.96002664890073
part_001.mp4,2401,0,5,0.0222487019565488,0.7741610844930013,0.3208200242784288,5,0.0222487019565488,0.7741610844930013,59.96002664890073
part_001.mp4,2402,0,6,0.0226504464946629,0.7740650177001953,0.3264080754032841,6,0.0226504464946629,0.7740650177001953,59.96002664890073
part_001.mp4,2403,0,5,0.0229564366025577,0.7743948618570964,0.3333896071822555,5,0.0229564366025577,0.7743948618570964,59.96002664890073
part_001.mp4,2404,0,5,0.0232847159608597,0.7749710083007812,0.3365797537344473,5,0.0232847159608597,0.7749710083007812,59.96002664890073
part_001.mp4,2405,0,6,0.023438764146993,0.7753136952718099,0.3434256942183883,6,0.023438764146993,0.7753136952718099,59.96002664890073
part_001.mp4,2406,0,6,0.0236374542814263,0.7753756205240886,0.3453905882658782,6,0.0236374542814263,0.7753756205240886,59.96002664890073
part_001.mp4,2407,0,6,0.0240519181013385,0.7758745829264323,0.3527675204806857,6,0.0240519181013385,0.7758745829264323,59.96002664890073
part_001.mp4,2408,0,6,0.0242692771300466,0.7757072448730469,0.3592357211642795,6,0.0242692771300466,0.7757072448730469,59.96002664890073
part_001.mp4,2409,0,5,0.0246611897632074,0.7764865239461263,0.3642855043764467,5,0.0246611897632074,0.7764865239461263,59.96002664890073
part_001.mp4,2410,0,5,0.0253088945927312,0.7781187057495117,0.3672121825041594,5,0.0253088945927312,0.7781187057495117,59.96002664890073
part_001.mp4,2411,0,5,0.0256829950860507,0.7775038401285808,0.3734324985080295,5,0.0256829950860507,0.7775038401285808,59.96002664890073
part_001.mp4,2412,0,5,0.0257904971210141,0.7776899973551432,0.3755442018862124,5,0.0257904971210141,0.7776899973551432,59.96002664890073
part_001.mp4,2413,0,6,0.026186341797969,0.778318977355957,0.3838943622730396,6,0.026186341797969,0.778318977355957,59.96002664890073
part_001.mp4,2414,0,6,0.0262854226818954,0.7773869196573894,0.3878821478949653,6,0.0262854226818954,0.7773869196573894,59.96002664890073
part_001.mp4,2415,0,5,0.0265581413938694,0.7773140589396159,0.3939392231128834,5,0.0265581413938694,0.7773140589396159,59.96002664890073
part_001.mp4,2416,0,5,0.0272069902805944,0.7784029642740885,0.3993641747368706,5,0.0272069902805944,0.7784029642740885,59.96002664890073
part_001.mp4,2417,0,4,0.028053119579571,0.7804113388061523,0.4026538848876953,4,0.028053119579571,0.7804113388061523,59.96002664890073
part_001.mp4,2418,0,5,0.0287169046487399,0.7812275568644206,0.4087040512650101,5,0.0287169046487399,0.7812275568644206,59.96002664890073
part_001.mp4,2419,0,5,0.0288385993640016,0.7811575571695963,0.4135349697536892,5,0.0288385993640016,0.7811575571695963,59.96002664890073
part_001.mp4,2420,0,5,0.0290554663753196,0.781776237487793,0.4197412420202184,5,0.0290554663753196,0.781776237487793,59.96002664890073
part_001.mp4,2421,0,6,0.0297324269411533,0.7827468872070312,0.4260221693250868,6,0.0297324269411533,0.7827468872070312,59.96002664890073
part_001.mp4,2422,0,6,0.0305689071465652,0.783894411722819,0.4312750074598524,6,0.0305689071465652,0.783894411722819,59.96002664890073
part_001.mp4,2423,0,6,0.0312481193408408,0.7852407455444336,0.4388488345675998,6,0.0312481193408408,0.7852407455444336,59.96002664890073
part_001.mp4,2424,0,6,0.0316567251914652,0.7862869262695312,0.4422399450231482,6,0.0316567251914652,0.7862869262695312,59.96002664890073
part_001.mp4,2425,0,6,0.0323424411514699,0.7877084732055664,0.4486820715445059,6,0.0323424411514699,0.7877084732055664,59.96002664890073
part_001.mp4,2426,0,5,0.0331101440358907,0.7895195643107097,0.451544189453125,5,0.0331101440358907,0.7895195643107097,59.96002664890073
part_001.mp4,2427,0,5,0.0341544045990627,0.7909942626953125,0.460747711746781,5,0.0341544045990627,0.7909942626953125,59.96002664890073
part_001.mp4,2428,0,6,0.0347019926904977,0.7922622680664062,0.4617553781580042,5,0.0347019926904977,0.7922622680664062,59.96002664890073
part_001.mp4,2429,0,6,0.0354111653278232,0.7931041717529297,0.4668751610649956,5,0.0354111653278232,0.7931041717529297,59.96002664890073
part_001.mp4,2430,0,6,0.0358314936364439,0.794360605875651,0.4702057873761212,5,0.0358314936364439,0.794360605875651,59.96002664890073
part_001.mp4,2431,0,6,0.0362319021789112,0.7951093037923177,0.4779507884272823,5,0.0362319021789112,0.7951093037923177,59.96002664890073
part_001.mp4,2432,0,6,0.0366269876158104,0.7954715728759766,0.4839599185519748,5,0.0366269876158104,0.7954715728759766,59.96002664890073
part_001.mp4,2433,0,6,0.0373543992323943,0.7964845657348633,0.4890417593496817,5,0.0373543992323943,0.7964845657348633,59.96002664890073
part_001.mp4,2434,0,5,0.0386351885326439,0.7988290786743164,0.4964986165364583,5,0.0386351885326439,0.7988290786743164,59.96002664890073
part_001.mp4,2435,0,5,0.0387251336549201,0.7992404937744141,0.4971513465598777,5,0.0387251336549201,0.7992404937744141,59.96002664890073
part_001.mp4,2436,0,5,0.0395486077642873,0.800654411315918,0.5033175715693721,5,0.0395486077642873,0.800654411315918,59.96002664890073
part_001.mp4,2437,0,5,0.0404044911987148,0.8024280548095704,0.5075296190049913,5,0.0404044911987148,0.8024280548095704,59.96002664890073
part_001.mp4,2438,0,7,0.0404885045107867,0.8015609741210937,0.5133921305338541,6,0.0404885045107867,0.8015609741210937,59.96002664890073
part_001.mp4,2439,0,7,0.0413991295999827,0.8030057907104492,0.5165367126464844,6,0.0413991295999827,0.8030057907104492,59.96002664890073
part_001.mp4,2440,0,7,0.0430999781642862,0.8064798355102539,0.521316401163737,6,0.0430999781642862,0.8064798355102539,59.96002664890073
part_001.mp4,2441,0,7,0.0439067456955618,0.808230209350586,0.5257778732864945,6,0.0439067456955618,0.808230209350586,59.96002664890073
part_001.mp4,2442,0,7,0.0449119855944257,0.8103403727213542,0.5320500267876519,7,0.0449119855944257,0.8103403727213542,59.96002664890073
part_001.mp4,2443,0,8,0.0466446483620287,0.8140462875366211,0.5347196367051866,7,0.0466446483620287,0.8140462875366211,59.96002664890073
part_001.mp4,2444,0,7,0.0460154666560831,0.8127922058105469,0.540889400906033,6,0.0460154666560831,0.8127922058105469,59.96002664890073
part_001.mp4,2445,0,6,0.0479626999734426,0.816650390625,0.5459395514594184,5,0.0479626999734426,0.816650390625,59.96002664890073
part_001.mp4,2446,0,7,0.0497882578299484,0.8204328536987304,0.5487001207139757,6,0.0497882578299484,0.8204328536987304,59.96002664890073
part_001.mp4,2447,0,6,0.0503273646100165,0.8207685470581054,0.5526613023546006,6,0.0503273646100165,0.8207685470581054,59.96002664890073
part_001.mp4,2448,0,7,0.0519974930493696,0.8244787851969401,0.558258240311234,7,0.0519974930493696,0.8244787851969401,59.96002664890073
part_001.mp4,2449,0,9,0.053592235872439,0.8272572199503581,0.5630599127875434,8,0.053592235872439,0.8272572199503581,59.96002664890073
part_001.mp4,2450,0,8,0.0532206674722126,0.8273626963297526,0.5649015638563368,8,0.0532206674722126,0.8273626963297526,59.96002664890073
part_001.mp4,2451,0,9,0.0548270549247886,0.8314878463745117,0.5723052978515625,8,0.0548270549247886,0.8314878463745117,59.96002664890073
part_001.mp4,2452,0,8,0.0565933248162683,0.8350429534912109,0.5753326416015625,7,0.0565933248162683,0.8350429534912109,59.96002664890073
part_001.mp4,2453,0,8,0.0577390269128146,0.8387041727701823,0.5783835234465422,7,0.0577390269128146,0.8387041727701823,59.96002664890073
part_001.mp4,2454,0,7,0.0583455073022762,0.8407970428466797,0.5816560674596716,6,0.0583455073022762,0.8407970428466797,59.96002664890073
part_001.mp4,2455,0,8,0.0578024858706285,0.8405750910441081,0.582849629720052,7,0.0578024858706285,0.8405750910441081,59.96002664890073
part_001.mp4,2456,0,7,0.0590011313071968,0.8422975540161133,0.5800171887433088,6,0.0590011313071968,0.8422975540161133,59.96002664890073
part_001.mp4,2457,0,8,0.0584534513036218,0.8441228866577148,0.5834180196126302,7,0.0584534513036218,0.8441228866577148,59.96002664890073
part_001.mp4,2458,0,9,0.0595872776628433,0.8481239318847656,0.586532140661169,8,0.0595872776628433,0.8481239318847656,59.96002664890073
part_001.mp4,2459,0,9,0.0596885739912977,0.8499491373697917,0.5890101114908854,8,0.0596885739912977,0.8499491373697917,59.96002664890073
part_001.mp4,2460,0,7,0.0598929746994852,0.8521969477335612,0.5898912217881944,7,0.0598929746994852,0.8521969477335612,59.96002664890073
part_001.mp4,2461,0,8,0.0596577791288533,0.8527778625488281,0.5917821248372396,7,0.0596577791288533,0.8527778625488281,59.96002664890073
part_001.mp4,2462,0,8,0.0586815877795743,0.8522121429443359,0.5955693280255353,8,0.0586815877795743,0.8522121429443359,59.96002664890073
part_001.mp4,2463,0,7,0.0579706027993386,0.8522333780924479,0.599383219966182,7,0.0579706027993386,0.8522333780924479,59.96002664890073
part_001.mp4,2464,0,7,0.0567170125564249,0.8523560206095377,0.6076251559787327,6,0.0060611435689497,0.7420801162719727,59.96002664890073
part_001.mp4,2465,0,7,0.0584152830831482,0.8539888381958007,0.6035673353407118,6,0.006165673643592,0.726415506998698,59.96002664890073
part_001.mp4,2466,0,7,0.0578903684304936,0.8576766967773437,0.6147431832772714,6,0.0065785541209495,0.7429697036743164,59.96002664890073
part_001.mp4,2467,0,7,0.0562553746052327,0.8566750208536784,0.6221889919704862,6,0.0067496191444203,0.7426156997680664,59.96002664890073
part_001.mp4,2468,0,6,0.0547540502538933,0.8543076197306315,0.6283326608163339,5,0.0066348509377955,0.7438781102498372,59.96002664890073
part_001.mp4,2469,0,9,0.0559410774036465,0.857850710550944,0.6293526543511285,8,0.0064449221682432,0.74280211130778,59.96002664890073
part_001.mp4,2470,0,9,0.0560837542331083,0.8577981948852539,0.6284489949544271,8,0.0065349110113715,0.7428781509399414,59.96002664890073
part_001.mp4,2471,0,9,0.054864302335363,0.856051254272461,0.6355299773039641,8,0.0065124507391333,0.7414554595947266,59.96002664890073
part_001.mp4,2472,0,8,0.0531771920427423,0.852686882019043,0.641298732051143,7,0.0067341873303262,0.7408037185668945,59.96002664890073
part_001.mp4,2473,0,8,0.0524975855371061,0.8528043746948242,0.6504343668619792,7,0.0068530469649057,0.7411021550496419,59.96002664890073
part_001.mp4,2474,0,5,0.0523940067951004,0.8524526596069336,0.6532790007414642,4,0.0065622975621954,0.7401346842447917,59.96002664890073
part_001.mp4,2475,0,6,0.0508763814784793,0.8496166865030924,0.6612277560763888,5,0.0063597900884148,0.7394332885742188,59.96002664890073
part_001.mp4,2476,0,3,0.0494666907066453,0.8476863861083984,0.6690665351019965,2,0.0066754816719266,0.7391377131144206,59.96002664890073
part_001.mp4,2477,0,8,0.0483292820556811,0.8460086822509766,0.6731641698766637,6,0.0069458434323637,0.7378622055053711,59.96002664890073
part_001.mp4,2478,0,8,0.0469630096884766,0.8440415064493815,0.6792102036652742,6,0.0071406642097389,0.7367233912150065,59.96002664890073
part_001.mp4,2479,0,6,0.0451620180778263,0.8413169860839844,0.6852843390570746,4,0.0071012767349343,0.7356131235758464,59.96002664890073
part_001.mp4,2480,0,9,0.0433423686872115,0.8368382136027018,0.6900872371814869,7,0.0072646786130402,0.734494400024414,59.96002664890073
part_001.mp4,2481,0,5,0.0419311123132097,0.8350261688232422,0.6984608968098959,3,0.0073183687456535,0.733858299255371,59.96002664890073
part_001.mp4,2482,0,7,0.0403898561807889,0.8316028594970704,0.7037107255723741,5,0.0075109895432062,0.7331760406494141,59.96002664890073
part_001.mp4,2483,0,7,0.0386874754131969,0.8293067932128906,0.7123311148749457,6,0.0076945307117421,0.7328092575073242,59.96002664890073
part_001.mp4,2484,0,6,0.0371807462671454,0.8258426666259766,0.7174801791155779,5,0.0079678919786184,0.7329158782958984,59.96002664890073
part_001.mp4,2485,0,6,0.0356899503817974,0.8224433898925781,0.7242543679696543,5,0.0078075123193843,0.7314790725708008,59.96002664890073
part_001.mp4,2486,0,6,0.0347515754667458,0.8200873057047526,0.7323626412285699,5,0.0077594309336375,0.7295135498046875,59.96002664890073
part_001.mp4,2487,0,5,0.0333719453651958,0.8179005304972331,0.7371142210783782,4,0.00806483816296,0.7297059377034505,59.96002664890073
part_001.mp4,2488,0,8,0.0321219713026948,0.8155731201171875,0.7444707658555773,7,0.0083342149100887,0.7290728251139323,59.96002664890073
part_001.mp4,2489,0,8,0.0309138852332856,0.811535898844401,0.7497091222692419,7,0.0085092229091484,0.7282737731933594,59.96002664890073
part_001.mp4,2490,0,8,0.0296943188963147,0.8087797164916992,0.7576248168945312,7,0.0084168308065704,0.7273492813110352,59.96002664890073
part_001.mp4,2491,0,5,0.0288880953801034,0.8072910308837891,0.770127444797092,4,0.0086154434204756,0.7260852813720703,59.96002664890073
part_001.mp4,2492,0,6,0.0280921712336647,0.8049873987833659,0.7737730732670537,5,0.0087625901130485,0.7239923477172852,59.96002664890073
part_001.mp4,2493,0,7,0.0273629968326228,0.8022905985514323,0.7765430874294705,6,0.0091069822982347,0.7224628448486328,59.96002664890073
part_001.mp4,2494,0,7,0.0259740096280196,0.7973534266153971,0.7837816026475695,6,0.0093827498968716,0.7212537129720052,59.96002664890073
part_001.mp4,2495,0,7,0.0250554422164821,0.7957401911417643,0.7902062804610641,6,0.0095106553533696,0.7208616256713867,59.96002664890073
part_001.mp4,2496,0,7,0.0239138367207488,0.7925521850585937,0.7949816173977322,6,0.0097797272056508,0.7197793960571289,59.96002664890073
part_001.mp4,2497,0,8,0.0230125924327256,0.7915828704833985,0.8042798218903718,7,0.0100955646530856,0.719261360168457,59.96002664890073
part_001.mp4,2498,0,4,0.0220166095739114,0.7896812438964844,0.8109949535793728,3,0.0101671768098215,0.7193552017211914,59.96002664890073
part_001.mp4,2499,0,5,0.0215704979000036,0.7878334045410156,0.8150315249407732,4,0.0099675461256669,0.718646240234375,59.96002664890073
part_001.mp4,2500,0,8,0.0208320850685979,0.7861328760782877,0.8158852329960575,6,0.0069327100847537,0.6973375956217448,59.96002664890073
part_001.mp4,2501,0,9,0.0192846211699294,0.7827712376912435,0.8288414690229627,7,0.0067613095352278,0.696412467956543,59.96002664890073
part_001.mp4,2502,0,3,0.0178179302244057,0.7782373428344727,0.8360749509599473,1,0.006745939493139,0.6957421620686849,59.96002664890073
part_001.mp4,2503,0,4,0.017265751119006,0.7812753677368164,0.8437248088695385,2,0.0064259330826138,0.6936173756917318,59.96002664890073
part_001.mp4,2504,0,5,0.0164228612414849,0.7778086344401042,0.8534356435139974,3,0.0066392324889117,0.692147699991862,59.96002664890073
part_001.mp4,2505,0,6,0.0156537897712984,0.7774836222330729,0.8595466684412073,4,0.0067224046319973,0.6916769027709961,59.96002664890073
part_001.mp4,2506,0,7,0.014971756213001,0.7777823130289714,0.8659400410122342,5,0.0067690088944477,0.6907135009765625,59.96002664890073
part_001.mp4,2507,0,6,0.0136387140540076,0.7784481048583984,0.8727977116902669,4,0.0067904158739838,0.6894596735636394,59.96002664890073
part_001.mp4,2508,0,7,0.013003382619936,0.7153204600016276,0.6623314186378761,5,0.0068191963260566,0.687545903523763,59.96002664890073
part_001.mp4,2509,0,5,0.0127876909202799,0.714211908976237,0.6651115417480469,3,0.0069474864272881,0.686586570739746,59.96002664890073
part_001.mp4,2510,0,4,0.012830940177237,0.7132252375284831,0.6716060709070276,2,0.0066875811002682,0.6846725463867187,59.96002664890073
part_001.mp4,2511,0,4,0.0130854800307942,0.7122669219970703,0.6742780897352431,2,0.0067865744349223,0.6837787628173828,59.96002664890073
part_001.mp4,2512,0,7,0.0130128683094948,0.7108755747477213,0.6788128888165509,5,0.0069785826289713,0.682701301574707,59.96002664890073
part_001.mp4,2513,0,5,0.0144399444398393,0.711474863688151,0.7011849332738805,3,0.0063681006479654,0.6798596700032552,59.96002664890073
part_001.mp4,2514,0,5,0.0153119013920298,0.7109989802042643,0.7138334133006908,3,0.0067766981649199,0.6796726226806641,59.96002664890073
part_001.mp4,2515,0,6,0.0157054821552851,0.7118438720703125,0.7156639946831598,4,0.0070328668737945,0.6786451975504557,59.96002664890073
part_001.mp4,2516,0,6,0.0165760527281793,0.7121627807617188,0.7266609968962493,4,0.0068540740486544,0.6776256561279297,59.96002664890073
part_001.mp4,2517,0,8,0.0167897654044456,0.7110500335693359,0.733361237137406,6,0.0066272088219009,0.6760144551595052,59.96002664890073
part_001.mp4,2518,0,6,0.0167223994521918,0.7106460571289063,0.7332349565294054,4,0.0069081742405412,0.6756806055704753,59.96002664890073
part_001.mp4,2519,0,7,0.0169719244335121,0.7099794387817383,0.7368100060356988,5,0.007256938285993,0.674703852335612,59.96002664890073
part_001.mp4,2520,0,4,0.0170117382911525,0.7095556259155273,0.7410183376736111,2,0.0071462855592188,0.673680305480957,59.96002664890073
part_001.mp4,2521,0,4,0.0175900573488615,0.7093294143676758,0.7506144629584418,3,0.0074331392752355,0.6733189900716146,59.96002664890073
part_001.mp4,2522,0,3,0.0175872631952397,0.708981450398763,0.7530160692003038,2,0.0075002993091604,0.6723733901977539,59.96002664890073
part_001.mp4,2523,0,4,0.017682492373149,0.7098821640014649,0.7546337339613173,3,0.0071330384793691,0.6700948715209961,59.96002664890073
part_001.mp4,2524,0,7,0.0176986741234523,0.710131581624349,0.7579102834065755,6,0.007305782468859,0.6691558837890625,59.96002664890073
part_001.mp4,2525,0,7,0.0175885516681335,0.7097208658854167,0.7596654609397605,6,0.0071422327433592,0.6664903640747071,59.96002664890073
part_001.mp4,2526,0,7,0.0174406863143613,0.7089157740275065,0.7613801885534216,6,0.0070619545324438,0.6651142120361329,59.96002664890073
part_001.mp4,2527,0,8,0.0173625338962463,0.7087496439615886,0.7632630666097006,7,0.0069333832681087,0.6635127385457357,59.96002664890073
part_001.mp4,2528,0,6,0.0171889849563542,0.7078175862630208,0.7637922145702221,5,0.0070486376551626,0.6629533767700195,59.96002664890073
part_001.mp4,2529,0,7,0.017169138815532,0.7070526123046875,0.7654559241400825,6,0.0071571984887123,0.662356440226237,59.96002664890073
part_001.mp4,2530,0,7,0.0168920835318567,0.7064425150553385,0.7694679896036783,6,0.0073725662597226,0.6620565414428711,59.96002664890073
part_001.mp4,2531,0,5,0.0168833924401163,0.706184450785319,0.7709964116414388,4,0.0075537981536062,0.6622596104939779,59.96002664890073
part_001.mp4,2532,0,3,0.0168176758861281,0.706126594543457,0.772848348264341,2,0.0078980910685111,0.6620023727416993,59.96002664890073
part_001.mp4,2533,0,5,0.0167572797173246,0.705995241800944,0.7753933235451027,4,0.0077885543831615,0.6608657836914062,59.96002664890073
part_001.mp4,2534,0,5,0.0167443703417127,0.7060113906860351,0.7776749504937066,4,0.0080117516576227,0.6605484644571941,59.96002664890073
part_001.mp4,2535,0,6,0.0167301051771129,0.7061046600341797,0.7790870878431532,5,0.0079293884507583,0.6590887069702148,59.96002664890073
part_001.mp4,2536,0,6,0.0169702092803345,0.7066086451212565,0.7807179345024957,5,0.0080489854989099,0.6588670094807942,59.96002664890073
part_001.mp4,2537,0,6,0.0168286509385749,0.706503168741862,0.7828601837158203,5,0.0081985780435907,0.6587471008300781,59.96002664890073
part_001.mp4,2538,0,6,0.0165750587453254,0.7056146621704101,0.7860254146434643,5,0.0081715621741346,0.6582132339477539,59.96002664890073
part_001.mp4,2539,0,4,0.0162289757876014,0.7043370564778646,0.789845699734158,3,0.0080905440074275,0.6567541758219401,59.96002664890073
part_001.mp4,2540,0,4,0.0162213914340576,0.7047374089558919,0.7911412415681062,3,0.0082913030346389,0.6566780090332032,59.96002664890073
part_001.mp4,2541,0,4,0.0159571230163176,0.7038271586100261,0.794075690375434,3,0.0083807797280907,0.656248664855957,59.96002664890073
part_001.mp4,2542,0,4,0.0157602840044273,0.7027410507202149,0.7952536547625506,3,0.0081308461306616,0.6546796798706055,59.96002664890073
part_001.mp4,2543,0,4,0.0157580439186616,0.7025880813598633,0.7965576454445168,3,0.0083238477826752,0.6547019958496094,59.96002664890073
part_001.mp4,2544,0,2,0.0152451955787142,0.7030803680419921,0.7995928022596571,1,0.0087169251576091,0.6556628545125326,59.96002664890073
part_001.mp4,2545,0,4,0.0150789604833784,0.7022582372029622,0.8012477945398402,3,0.0088657843537361,0.6551054000854493,59.96002664890073
part_001.mp4,2546,0,2,0.0147555617178901,0.7018386840820312,0.8041893499868887,1,0.0091477702216555,0.654905637105306,59.96002664890073
part_001.mp4,2547,0,5,0.0149268407143406,0.7017269134521484,0.8043494330512153,4,0.0093727940806409,0.6551233927408854,59.96002664890073
part_001.mp4,2548,0,4,0.0146253238123635,0.7010290145874023,0.8052757969609013,3,0.0095280090053953,0.6553114573160808,59.96002664890073
part_001.mp4,2549,0,8,0.0143668903659272,0.7004627227783203,0.8075716018676757,7,0.0094919083666172,0.6547124862670899,59.96002664890073
part_001.mp4,2550,0,6,0.0143930214630017,0.7006942749023437,0.8099565929836697,5,0.0094333744307665,0.6533269882202148,59.96002664890073
part_001.mp4,2551,0,7,0.0140983748077714,0.69989439646403,0.8136873527809426,6,0.0094774839031742,0.6532442092895507,59.96002664890073
part_001.mp4,2552,0,7,0.0138562213339901,0.6994890213012696,0.8164784749348958,6,0.0094867734298114,0.6522710800170899,59.96002664890073
part_001.mp4,2553,0,7,0.0135963921744607,0.6988577524820964,0.8181796250519929,6,0.009438115930162,0.6519220352172852,59.96002664890073
part_001.mp4,2554,0,5,0.0134203077537003,0.698184076944987,0.8193407694498698,4,0.0098564720814681,0.6525896708170573,59.96002664890073
part_001.mp4,2555,0,6,0.0132121309459223,0.6975507736206055,0.8218858559926351,5,0.0100060029853301,0.6521188735961914,59.96002664890073
part_001.mp4,2556,0,7,0.0131757941055669,0.6974309921264649,0.8237420029110378,6,0.0100344682554714,0.6516918818155925,59.96002664890073
part_001.mp4,2557,0,8,0.0132075457746395,0.6973819732666016,0.824969991048177,7,0.0100752697797078,0.6513943354288737,59.96002664890073
part_001.mp4,2558,0,8,0.0129853324655006,0.6952891031901042,0.8269131254266809,7,0.0102732092976414,0.6512714385986328,59.96002664890073
part_001.mp4,2559,0,7,0.0126796081485938,0.6930453618367513,0.8301589541965061,6,0.0102160314809427,0.651129150390625,59.96002664890073
part_001.mp4,2560,0,5,0.0126663737734765,0.6921564737955729,0.8317685816023085,4,0.0104416428342422,0.6508618036905924,59.96002664890073
part_001.mp4,2561,0,6,0.0126055567644572,0.692730712890625,0.8333615409003363,5,0.0104219478679523,0.6504074732462565,59.96002664890073
part_001.mp4,2562,0,6,0.0122436418607523,0.6930603663126628,0.8375542958577474,5,0.0105685029369649,0.6499579111735027,59.96002664890073
part_001.mp4,2563,0,4,0.0121029594380818,0.6921625773111979,0.8385803240316886,3,0.0105505521405979,0.6501686096191406,59.96002664890073
part_001.mp4,2564,0,3,0.0117042745131331,0.6913646697998047,0.8406484868791368,2,0.0106456976875455,0.6502484639485677,59.96002664890073
part_001.mp4,2565,0,4,0.0116675959290094,0.6911521275838216,0.842962286207411,3,0.0110673142391735,0.6502223968505859,59.96002664890073
part_001.mp4,2566,0,3,0.0116071939991888,0.6916783650716146,0.8451976899747495,2,0.011042771998435,0.6502692540486653,59.96002664890073
part_001.mp4,2567,0,2,0.0114175084816755,0.6908870697021484,0.8475494861602784,1,0.0108934341454867,0.6499425888061523,59.96002664890073
part_001.mp4,2568,0,3,0.0112900045543938,0.6907414754231771,0.8483687082926432,2,0.0109482935224918,0.6491613388061523,59.96002664890073
part_001.mp4,2569,0,4,0.0113712441831982,0.649549929300944,0.2700900042498553,3,0.0113712441831982,0.649549929300944,59.96002664890073
part_001.mp4,2570,0,4,0.0117284712210702,0.6504512151082357,0.2742726078739873,3,0.0117284712210702,0.6504512151082357,59.96002664890073
part_001.mp4,2571,0,3,0.0118685433967039,0.6510278701782226,0.2767779314959491,2,0.0118685433967039,0.6510278701782226,59.96002664890073
part_001.mp4,2572,0,2,0.0118099311654589,0.6509613037109375,0.2782645614058883,1,0.0118099311654589,0.6509613037109375,59.96002664890073
part_001.mp4,2573,0,3,0.0119338731046203,0.6515457153320312,0.2790070427788628,2,0.0119338731046203,0.6515457153320312,59.96002664890073
part_001.mp4,2574,0,3,0.0120127345229977,0.6516277313232421,0.2797111793800637,2,0.0120127345229977,0.6516277313232421,59.96002664890073
part_001.mp4,2575,0,2,0.0120271108150094,0.6518879572550456,0.2811107494212962,1,0.0120271108150094,0.6518879572550456,59.96002664890073
part_001.mp4,2576,0,2,0.0121043409040268,0.6512943267822265,0.2838267291033709,1,0.0121043409040268,0.6512943267822265,59.96002664890073
part_001.mp4,2577,0,2,0.0122567817656737,0.6514317194620768,0.2870916861074942,1,0.0122567817656737,0.6514317194620768,59.96002664890073
part_001.mp4,2578,0,3,0.0125199548638192,0.6520544687906901,0.2884707415545428,2,0.0125199548638192,0.6520544687906901,59.96002664890073
part_001.mp4,2579,0,4,0.0127143210831262,0.6525767008463542,0.2908490498860677,3,0.0127143210831262,0.6525767008463542,59.96002664890073
part_001.mp4,2580,0,3,0.0129229589684235,0.6532845179239909,0.2922816241229022,2,0.0129229589684235,0.6532845179239909,59.96002664890073
part_001.mp4,2581,0,4,0.013103826757072,0.6536212921142578,0.293503259729456,3,0.013103826757072,0.6536212921142578,59.96002664890073
part_001.mp4,2582,0,3,0.0132594456974604,0.6541234970092773,0.2941671583387586,2,0.0132594456974604,0.6541234970092773,59.96002664890073
part_001.mp4,2583,0,3,0.0133206129804602,0.6544335683186849,0.2958399454752604,2,0.0133206129804602,0.6544335683186849,59.96002664890073
part_001.mp4,2584,0,4,0.0135204227711505,0.6549196243286133,0.297001478407118,3,0.0135204227711505,0.6549196243286133,59.96002664890073
part_001.mp4,2585,0,4,0.0137505227050429,0.6554004033406575,0.2980414496527778,3,0.0137505227050429,0.6554004033406575,59.96002664890073
part_001.mp4,2586,0,3,0.0139699669159879,0.6562536239624024,0.299198744032118,2,0.0139699669159879,0.6562536239624024,59.96002664890073
part_001.mp4,2587,0,2,0.0144434492127038,0.6562509536743164,0.3019642582646122,1,0.0144434492127038,0.6562509536743164,59.96002664890073
part_001.mp4,2588,0,3,0.0144979817820098,0.6571483612060547,0.3027177881311487,2,0.0144979817820098,0.6571483612060547,59.96002664890073
part_001.mp4,2589,0,3,0.0148744996674294,0.6584009170532227,0.3049294365776909,2,0.0148744996674294,0.6584009170532227,59.96002664890073
part_001.mp4,2590,0,2,0.0149777669863154,0.6604835510253906,0.3032016330295138,1,0.0149777669863154,0.6604835510253906,59.96002664890073
part_001.mp4,2591,0,4,0.0149009043300045,0.6588667551676433,0.3072257430465133,3,0.0149009043300045,0.6588667551676433,59.96002664890073
part_001.mp4,2592,0,4,0.0154519016938219,0.6612621307373047,0.307387457953559,3,0.0154519016938219,0.6612621307373047,59.96002664890073
part_001.mp4,2593,0,2,0.0156715899181047,0.6619519551595052,0.3103835211859809,1,0.0156715899181047,0.6619519551595052,59.96002664890073
part_001.mp4,2594,0,4,0.0158604894284508,0.6627796808878581,0.3111576645462601,3,0.0158604894284508,0.6627796808878581,59.96002664890073
part_001.mp4,2595,0,3,0.0160679943841414,0.6631343841552735,0.3145506399649161,2,0.0160679943841414,0.6631343841552735,59.96002664890073
part_001.mp4,2596,0,5,0.0160626622060522,0.6632305145263672,0.3137641906738281,4,0.0160626622060522,0.6632305145263672,59.96002664890073
part_001.mp4,2597,0,4,0.0165519686115051,0.6649672190348307,0.3168473137749566,3,0.0165519686115051,0.6649672190348307,59.96002664890073
part_001.mp4,2598,0,4,0.0163488035388581,0.6641936620076497,0.3154492696126302,3,0.0163488035388581,0.6641936620076497,59.96002664890073
part_001.mp4,2599,0,4,0.0169033406313004,0.6665722529093424,0.3199202643500434,3,0.0169033406313004,0.6665722529093424,59.96002664890073
part_001.mp4,2600,0,3,0.0172599645664579,0.667237663269043,0.3226016574435764,2,0.0172599645664579,0.667237663269043,59.96002664890073
part_001.mp4,2601,0,6,0.0172816442486959,0.6680124918619792,0.3237590507224754,5,0.0172816442486959,0.6680124918619792,59.96002664890073
part_001.mp4,2602,0,6,0.0174810126724036,0.6684055328369141,0.3252189071090133,5,0.0174810126724036,0.6684055328369141,59.96002664890073
part_001.mp4,2603,0,4,0.0178064852810671,0.6690394083658854,0.3263826158311632,3,0.0178064852810671,0.6690394083658854,59.96002664890073
part_001.mp4,2604,0,4,0.0181408516568626,0.6701590855916341,0.3263391424108434,3,0.0181408516568626,0.6701590855916341,59.96002664890073
part_001.mp4,2605,0,4,0.018279482633063,0.6710166931152344,0.3274855719672309,3,0.018279482633063,0.6710166931152344,59.96002664890073
part_001.mp4,2606,0,5,0.0187892360412849,0.673538335164388,0.3278022200972945,4,0.0187892360412849,0.673538335164388,59.96002664890073
part_001.mp4,2607,0,4,0.0189627517804102,0.6746265411376953,0.3298484802246094,3,0.0189627517804102,0.6746265411376953,59.96002664890073
part_001.mp4,2608,0,4,0.0195514155799173,0.6763200759887695,0.3319413926866319,3,0.0195514155799173,0.6763200759887695,59.96002664890073
part_001.mp4,2609,0,4,0.0196919534059432,0.6770680109659831,0.3329747376618562,3,0.0196919534059432,0.6770680109659831,59.96002664890073
part_001.mp4,2610,0,3,0.0203380253659755,0.6786949793497722,0.3342852274576823,2,0.0203380253659755,0.6786949793497722,59.96002664890073
part_001.mp4,2611,0,4,0.0204596587069654,0.6798536300659179,0.3374565830937138,3,0.0204596587069654,0.6798536300659179,59.96002664890073
part_001.mp4,2612,0,4,0.0209577975308638,0.682473627726237,0.3399639836064091,3,0.0209577975308638,0.682473627726237,59.96002664890073
part_001.mp4,2613,0,4,0.0213004934612489,0.6833304723103841,0.3398931856508608,3,0.0213004934612489,0.6833304723103841,59.96002664890073
part_001.mp4,2614,0,3,0.0214054199754415,0.6847766876220703,0.3430484347873264,2,0.0214054199754415,0.6847766876220703,59.96002664890073
part_001.mp4,2615,0,4,0.0219870662551774,0.6865064620971679,0.3461299472384982,2,0.0219870662551774,0.6865064620971679,59.96002664890073
part_001.mp4,2616,0,5,0.0227222506499755,0.6885138829549153,0.348386142871998,4,0.0227222506499755,0.6885138829549153,59.96002664890073
part_001.mp4,2617,0,3,0.0234074639616732,0.6903787612915039,0.3520742769594546,2,0.0234074639616732,0.6903787612915039,59.96002664890073
part_001.mp4,2618,0,6,0.0235125814461369,0.691096305847168,0.3558747185601128,5,0.0235125814461369,0.691096305847168,59.96002664890073
part_001.mp4,2619,0,5,0.0240371045474603,0.6918113708496094,0.3586667802598741,4,0.0240371045474603,0.6918113708496094,59.96002664890073
part_001.mp4,2620,0,5,0.0239482533032262,0.6922506968180339,0.3615838792588975,4,0.0239482533032262,0.6922506968180339,59.96002664890073
part_001.mp4,2621,0,6,0.0246366901710172,0.693226432800293,0.3679106818305122,5,0.0246366901710172,0.693226432800293,59.96002664890073
part_001.mp4,2622,0,3,0.0248846570237138,0.6950845082600912,0.3712732950846354,2,0.0248846570237138,0.6950845082600912,59.96002664890073
part_001.mp4,2623,0,4,0.0254848794215811,0.6972286860148112,0.3732536315917968,3,0.0254848794215811,0.6972286860148112,59.96002664890073
part_001.mp4,2624,0,4,0.0263033749947984,0.6995424270629883,0.3766867319742839,4,0.0263033749947984,0.6995424270629883,59.96002664890073
part_001.mp4,2625,0,2,0.0273957305059099,0.702622667948405,0.3803831453676577,2,0.0273957305059099,0.702622667948405,59.96002664890073
part_001.mp4,2626,0,3,0.0277129810338374,0.7042217890421549,0.3837427775065104,3,0.0277129810338374,0.7042217890421549,59.96002664890073
part_001.mp4,2627,0,2,0.0280302929853442,0.7049173355102539,0.386850823296441,2,0.0280302929853442,0.7049173355102539,59.96002664890073
part_001.mp4,2628,0,2,0.0282542616094643,0.7070005416870118,0.393655268351237,2,0.0282542616094643,0.7070005416870118,59.96002664890073
part_001.mp4,2629,0,2,0.0290734885081959,0.7085280100504557,0.3978667365180121,2,0.0290734885081959,0.7085280100504557,59.96002664890073
part_001.mp4,2630,0,3,0.0297087663510966,0.7106611887613933,0.4001585359926577,3,0.0297087663510966,0.7106611887613933,59.96002664890073
part_001.mp4,2631,0,3,0.0308385663649662,0.7143112182617187,0.4030465867784288,3,0.0308385663649662,0.7143112182617187,59.96002664890073
part_001.mp4,2632,0,2,0.0315466564504701,0.7161273956298828,0.4072181277804904,2,0.0315466564504701,0.7161273956298828,59.96002664890073
part_001.mp4,2633,0,2,0.0312677788299657,0.7164490381876628,0.4105558183458116,2,0.0312677788299657,0.7164490381876628,59.96002664890073
part_001.mp4,2634,0,4,0.0320260053604013,0.716606330871582,0.4135212085865162,4,0.0320260053604013,0.716606330871582,59.96002664890073
part_001.mp4,2635,0,5,0.0323726466682273,0.718392817179362,0.4224202473958333,5,0.0323726466682273,0.718392817179362,59.96002664890073
part_001.mp4,2636,0,4,0.0336298897008722,0.7222570419311524,0.4302528381347656,4,0.0336298897008722,0.7222570419311524,59.96002664890073
part_001.mp4,2637,0,4,0.0340775618482493,0.7237989425659179,0.4340849275942202,4,0.0340775618482493,0.7237989425659179,59.96002664890073
part_001.mp4,2638,0,4,0.0349777737621075,0.7259744644165039,0.4405877855088975,4,0.0349777737621075,0.7259744644165039,59.96002664890073
part_001.mp4,2639,0,4,0.0353110079068551,0.7271316528320313,0.4484367299962927,4,0.0353110079068551,0.7271316528320313,59.96002664890073
part_001.mp4,2640,0,5,0.0358852339383767,0.728603744506836,0.4573001155146846,5,0.0358852339383767,0.728603744506836,59.96002664890073
part_001.mp4,2641,0,7,0.0364937015944936,0.7292402903238933,0.4608503977457682,7,0.0364937015944936,0.7292402903238933,59.96002664890073
part_001.mp4,2642,0,4,0.0375683887745253,0.7311782201131185,0.4644656146014178,4,0.0375683887745253,0.7311782201131185,59.96002664890073
part_001.mp4,2643,0,4,0.0384719242988649,0.7333835601806641,0.470112023530183,4,0.0384719242988649,0.7333835601806641,59.96002664890073
part_001.mp4,2644,0,4,0.0398194050230355,0.7360328674316406,0.4802488680239077,4,0.0398194050230355,0.7360328674316406,59.96002664890073
part_001.mp4,2645,0,5,0.0403753932323888,0.7374950408935547,0.4880188835991753,5,0.0403753932323888,0.7374950408935547,59.96002664890073
part_001.mp4,2646,0,6,0.0412867854163778,0.7390232086181641,0.4961321936713325,6,0.0412867854163778,0.7390232086181641,59.96002664890073
part_001.mp4,2647,0,6,0.041747012920462,0.7396600087483723,0.4998492770724826,6,0.041747012920462,0.7396600087483723,59.96002664890073
part_001.mp4,2648,0,5,0.0426569645736369,0.7430102030436198,0.5099055961326316,5,0.0426569645736369,0.7430102030436198,59.96002664890073
part_001.mp4,2649,0,5,0.0440883065817211,0.7445140838623047,0.5156206766764323,5,0.0440883065817211,0.7445140838623047,59.96002664890073
part_001.mp4,2650,0,5,0.045936382406742,0.7484668731689453,0.5263440591317636,5,0.045936382406742,0.7484668731689453,59.96002664890073
part_001.mp4,2651,0,6,0.0452352776057604,0.747853151957194,0.5338955349392361,6,0.0452352776057604,0.747853151957194,59.96002664890073
part_001.mp4,2652,0,5,0.0468480131081283,0.7511702219645182,0.5398437076144749,5,0.0468480131081283,0.7511702219645182,59.96002664890073
part_001.mp4,2653,0,6,0.0472519342096752,0.750978660583496,0.5503509945339626,6,0.0472519342096752,0.750978660583496,59.96002664890073
part_001.mp4,2654,0,6,0.0477085445756529,0.751414934794108,0.5577253129747178,6,0.0477085445756529,0.751414934794108,59.96002664890073
part_001.mp4,2655,0,5,0.0487337335009942,0.7531727472941081,0.5669174194335938,5,0.0487337335009942,0.7531727472941081,59.96002664890073
part_001.mp4,2656,0,4,0.0498426890924451,0.7546126047770182,0.5765499962700738,4,0.0498426890924451,0.7546126047770182,59.96002664890073
part_001.mp4,2657,0,5,0.0501971184991064,0.7560590744018555,0.5793457172535084,5,0.0501971184991064,0.7560590744018555,59.96002664890073
part_001.mp4,2658,0,4,0.0510204880786154,0.7589143753051758,0.5838967358624494,4,0.0510204880786154,0.7589143753051758,59.96002664890073
part_001.mp4,2659,0,4,0.051553211426745,0.7619251251220703,0.5867541136565032,4,0.051553211426745,0.7619251251220703,59.96002664890073
part_001.mp4,2660,0,5,0.053065931281437,0.7667182922363281,0.5894297281901042,5,0.053065931281437,0.7667182922363281,59.96002664890073
part_001.mp4,2661,0,4,0.0556179655146609,0.7745292663574219,0.591773619475188,4,0.0556179655146609,0.7745292663574219,59.96002664890073
part_001.mp4,2662,0,5,0.0540601035448694,0.7731177012125651,0.5955347414369936,5,0.0540601035448694,0.7731177012125651,59.96002664890073
part_001.mp4,2663,0,6,0.0514443341809641,0.7696033477783203,0.597708002726237,6,0.0514443341809641,0.7696033477783203,59.96002664890073
part_001.mp4,2664,0,6,0.0529952065468629,0.7733968734741211,0.598728519015842,6,0.0529952065468629,0.7733968734741211,59.96002664890073
part_001.mp4,2665,0,6,0.0538766960847957,0.7765923182169596,0.6008724212646485,5,0.005060175408316,0.6732131958007812,59.96002664890073
part_001.mp4,2666,0,6,0.054714436676295,0.7810326258341471,0.6043164571126302,5,0.0050194798416406,0.6738812128702799,59.96002664890073
part_001.mp4,2667,0,6,0.0544956902423048,0.7812049865722657,0.6066572825113933,5,0.0049543059047654,0.6757479349772135,59.96002664890073
part_001.mp4,2668,0,5,0.0562788585833267,0.7866116205851237,0.6093103196885851,4,0.0050285172211523,0.6775292078653972,59.96002664890073
part_001.mp4,2669,0,5,0.0565291267951639,0.7886478424072265,0.6116007486979167,4,0.0049293619932938,0.6784910837809245,59.96002664890073
part_001.mp4,2670,0,6,0.0587155575631186,0.7973753611246744,0.6148165384928386,5,0.0050979190947449,0.6792935689290365,59.96002664890073
part_001.mp4,2671,0,5,0.0587873327193665,0.7990038553873698,0.6161869472927517,4,0.0053839637587467,0.6798648834228516,59.96002664890073
part_001.mp4,2672,0,6,0.0591455930334767,0.8011268615722656,0.6173181463170935,5,0.0052042892923216,0.6791319529215495,59.96002664890073
part_001.mp4,2673,0,5,0.0592970793247028,0.8030530929565429,0.6197420756022135,4,0.0054544962101822,0.6804497400919597,59.96002664890073
part_001.mp4,2674,0,6,0.0596134664126536,0.8062551498413086,0.6233546786838108,5,0.0057026341485282,0.6812934239705404,59.96002664890073
part_001.mp4,2675,0,5,0.0597420140592105,0.8084463755289714,0.6269926848234953,4,0.0056794630915586,0.68220640818278,59.96002664890073
part_001.mp4,2676,0,5,0.0595112231525558,0.8099309921264648,0.6298846492060909,4,0.0059963713212507,0.683111063639323,59.96002664890073
part_001.mp4,2677,0,6,0.058773723533377,0.8115837097167968,0.63692626953125,5,0.0059473719105072,0.6835985819498698,59.96002664890073
part_001.mp4,2678,0,5,0.0583037030829291,0.8129583358764648,0.6387268914116754,4,0.0062781381031123,0.6837158203125,59.96002664890073
part_001.mp4,2679,0,7,0.0590248327404239,0.8173261642456054,0.6427609478985822,6,0.006158671129524,0.6845935821533203,59.96002664890073
part_001.mp4,2680,0,7,0.0578345646772262,0.8178653717041016,0.6476427290174697,6,0.006278027838885,0.6852975845336914,59.96002664890073
part_001.mp4,2681,0,6,0.0581659271096577,0.8211883544921875,0.6504909939236111,5,0.0063936188903365,0.6859099070231119,59.96002664890073
part_001.mp4,2682,0,6,0.0575081136800648,0.8217810312906901,0.654479401199906,5,0.0065444898940687,0.6871589660644531,59.96002664890073
part_001.mp4,2683,0,5,0.057422903970453,0.8244138717651367,0.6582909478081598,4,0.0065589975506548,0.687693468729655,59.96002664890073
part_001.mp4,2684,0,6,0.056846320846677,0.8253281275431316,0.661847612592909,5,0.0068042585434482,0.6893332163492839,59.96002664890073
part_001.mp4,2685,0,6,0.0547525960773014,0.8222016016642253,0.6664572927686904,5,0.0069824710803503,0.6906817118326823,59.96002664890073
part_001.mp4,2686,0,5,0.0531079382276928,0.820819346110026,0.6714415550231934,4,0.0072215773716258,0.6932444254557292,59.96002664890073
part_001.mp4,2687,0,5,0.0508155214272766,0.8169021606445312,0.6745905982123481,4,0.007258062457614,0.6945300420125325,59.96002664890073
part_001.mp4,2688,0,5,0.0496412655082531,0.8164412180582682,0.6805285983615451,4,0.0071916249136794,0.695115343729655,59.96002664890073
part_001.mp4,2689,0,5,0.049068526701349,0.8181503295898438,0.68327188845034,4,0.0072570245619054,0.6955708185831706,59.96002664890073
part_001.mp4,2690,0,5,0.047847058057484,0.8173224131266276,0.6877922941137243,4,0.0074489099143344,0.6973106384277343,59.96002664890073
part_001.mp4,2691,0,5,0.0466366146357325,0.8172289530436198,0.6926711682920103,4,0.0075338000381533,0.698735237121582,59.96002664890073
part_001.mp4,2692,0,6,0.0451532663230581,0.816645622253418,0.6987602481135615,5,0.0077217151782759,0.6993765513102214,59.96002664890073
part_001.mp4,2693,0,6,0.0444458810421417,0.8171117782592774,0.7034980915210866,5,0.0078174349991766,0.7003396987915039,59.96002664890073
part_001.mp4,2694,0,6,0.0439828318066979,0.8186703364054362,0.7090248355159053,5,0.0081262068420215,0.7023999532063802,59.96002664890073
part_001.mp4,2695,0,6,0.0432135745994956,0.8191342035929362,0.715520773993598,5,0.0081762345981163,0.7030917485555013,59.96002664890073
part_001.mp4,2696,0,6,0.0421220887718259,0.8191625595092773,0.7206008699205186,5,0.0081746118752225,0.7040119806925456,59.96002664890073
part_001.mp4,2697,0,5,0.0411682448169449,0.8198667526245117,0.7257429334852431,4,0.0083313855587524,0.7043956756591797,59.96002664890073
part_001.mp4,2698,0,5,0.0398041639385728,0.8194113413492838,0.7329827414618598,4,0.0083632362908741,0.7056501388549805,59.96002664890073
part_001.mp4,2699,0,5,0.0384145636262487,0.8202486673990885,0.7392233530680339,4,0.0083421462738813,0.7061550776163737,59.96002664890073
part_001.mp4,2700,0,5,0.037389000196199,0.8213488260904948,0.7459908167521159,4,0.0084735440699538,0.7070547739664713,59.96002664890073
part_001.mp4,2701,0,4,0.0359169141337096,0.8190616607666016,0.7510507936830874,3,0.0086808019887474,0.707984733581543,59.96002664890073
part_001.mp4,2702,0,4,0.0341921912019245,0.8202724456787109,0.7572132393165871,3,0.0087612388358199,0.7082117080688477,59.96002664890073
part_001.mp4,2703,0,4,0.0327625012026288,0.8202517191569011,0.7678096771240235,3,0.0088143860377992,0.7088446299235026,59.96002664890073
part_001.mp4,2704,0,4,0.0318224327616782,0.8211091995239258,0.7753823386298285,3,0.0088977375814122,0.7092896143595377,59.96002664890073
part_001.mp4,2705,0,6,0.0303317060480674,0.820014762878418,0.7828699394508645,5,0.0089468094898081,0.7098567326863606,59.96002664890073
part_001.mp4,2706,0,4,0.0293412611825624,0.8213902155558268,0.7894058227539062,3,0.0088743302847433,0.7098391215006511,59.96002664890073
part_001.mp4,2707,0,6,0.0287044287279584,0.8246517181396484,0.7966518825954861,5,0.0089838876052656,0.7102527618408203,59.96002664890073
part_001.mp4,2708,0,6,0.0277382897184496,0.8286951700846354,0.807247296086064,5,0.0089062820741027,0.7104053497314453,59.96002664890073
part_001.mp4,2709,0,4,0.0262412293017324,0.8294971466064454,0.8164144727918837,3,0.0088285977117872,0.7101357142130534,59.96002664890073
part_001.mp4,2710,0,5,0.0248906763731307,0.8311872482299805,0.824840333726671,4,0.0090458398823587,0.7106353759765625,59.96002664890073
part_001.mp4,2711,0,6,0.0236864560066573,0.8355319976806641,0.8342044830322266,5,0.0092029077270395,0.7107359568277994,59.96002664890073
part_001.mp4,2712,0,5,0.0220735232494714,0.837958017985026,0.8458510292900934,4,0.0092065295801148,0.7106862386067708,59.96002664890073
part_001.mp4,2713,0,5,0.0204562890161209,0.838986587524414,0.8578346270102042,4,0.0095059528010541,0.7107145309448242,59.96002664890073
part_001.mp4,2714,0,5,0.0182383891744393,0.8362417221069336,0.8681973351372613,4,0.0095854761271039,0.7110825220743815,59.96002664890073
part_001.mp4,2715,0,5,0.0159406566282592,0.8343206405639648,0.8807463063134088,4,0.0093805012001492,0.7107803980509441,59.96002664890073
part_001.mp4,2716,0,5,0.0136451587325912,0.8305341720581054,0.8946783065795898,4,0.0095119611801217,0.7102901458740234,59.96002664890073
part_001.mp4,2717,0,5,0.0120425748839921,0.8281445185343425,0.9045533533449526,4,0.0095499551795957,0.7100638071695964,59.96002664890073
part_001.mp4,2718,0,5,0.0095397300838441,0.7101781845092774,0.3016351770471643,4,0.0095397300838441,0.7101781845092774,59.96002664890073
part_001.mp4,2719,0,5,0.0097532719752052,0.7106180191040039,0.3063386705186632,5,0.0097532719752052,0.7106180191040039,59.96002664890073
part_001.mp4,2720,0,4,0.0100428845285259,0.709995714823405,0.3114587006745515,4,0.0100428845285259,0.709995714823405,59.96002664890073
part_001.mp4,2721,0,4,0.010026017006285,0.7093218485514323,0.3179255450213397,4,0.010026017006285,0.7093218485514323,59.96002664890073
part_001.mp4,2722,0,4,0.0099027602996405,0.7093372344970703,0.3236323038736979,4,0.0099027602996405,0.7093372344970703,59.96002664890073
part_001.mp4,2723,0,4,0.0100460647607138,0.7091858545939128,0.3296953837076823,4,0.0100460647607138,0.7091858545939128,59.96002664890073
part_001.mp4,2724,0,4,0.0100229205622195,0.7086448669433594,0.3342663235134548,4,0.0100229205622195,0.7086448669433594,59.96002664890073
part_001.mp4,2725,0,5,0.010306975168205,0.7078924179077148,0.3403619554307726,5,0.010306975168205,0.7078924179077148,59.96002664890073
part_001.mp4,2726,0,4,0.0104652155605974,0.7073127746582031,0.3468193054199219,4,0.0104652155605974,0.7073127746582031,59.96002664890073
part_001.mp4,2727,0,4,0.0103409798932261,0.706972885131836,0.3540760746708623,4,0.0103409798932261,0.706972885131836,59.96002664890073
part_001.mp4,2728,0,4,0.0103089622244038,0.7056571960449218,0.3589015536838107,4,0.0103089622244038,0.7056571960449218,59.96002664890073
part_001.mp4,2729,0,4,0.0104406695547368,0.7053712844848633,0.3629684872097439,4,0.0104406695547368,0.7053712844848633,59.96002664890073
part_001.mp4,2730,0,3,0.0108043199804658,0.7050604502360026,0.3685924953884548,3,0.0108043199804658,0.7050604502360026,59.96002664890073
part_001.mp4,2731,0,3,0.0107863042248829,0.7042745590209961,0.3755056593153212,3,0.0107863042248829,0.7042745590209961,59.96002664890073
part_001.mp4,2732,0,3,0.0109322908013124,0.7037805557250977,0.3810036694561993,3,0.0109322908013124,0.7037805557250977,59.96002664890073
part_001.mp4,2733,0,4,0.0108866391898212,0.7030433654785156,0.385412527013708,4,0.0108866391898212,0.7030433654785156,59.96002664890073
part_001.mp4,2734,0,4,0.0109674254867584,0.7025724411010742,0.390543379607024,4,0.0109674254867584,0.7025724411010742,59.96002664890073
part_001.mp4,2735,0,4,0.0111713225990145,0.7021924972534179,0.395782470703125,4,0.0111713225990145,0.7021924972534179,59.96002664890073
part_001.mp4,2736,0,4,0.0111763101634116,0.701108741760254,0.4011430528428819,4,0.0111763101634116,0.701108741760254,59.96002664890073
part_001.mp4,2737,0,4,0.0110724484831627,0.7003719329833984,0.408316817107024,4,0.0110724484831627,0.7003719329833984,59.96002664890073
part_001.mp4,2738,0,4,0.0111042669167848,0.7000308990478515,0.4128960927327474,4,0.0111042669167848,0.7000308990478515,59.96002664890073
part_001.mp4,2739,0,5,0.0110675795185859,0.6993019104003906,0.4163043128119574,4,0.0110675795185859,0.6993019104003906,59.96002664890073
part_001.mp4,2740,0,4,0.0112051432544992,0.6994696299235026,0.4204894171820746,4,0.0112051432544992,0.6994696299235026,59.96002664890073
part_001.mp4,2741,0,4,0.0113698112814242,0.6992616653442383,0.4258670524314598,4,0.0113698112814242,0.6992616653442383,59.96002664890073
part_001.mp4,2742,0,4,0.0115780824727995,0.6992645899454752,0.4292708502875434,4,0.0115780824727995,0.6992645899454752,59.96002664890073
part_001.mp4,2743,0,4,0.0115244721818857,0.6989356994628906,0.4330022599962022,4,0.0115244721818857,0.6989356994628906,59.96002664890073
part_001.mp4,2744,0,4,0.0117226199811314,0.6995564142862956,0.4376466115315755,4,0.0117226199811314,0.6995564142862956,59.96002664890073
part_001.mp4,2745,0,4,0.0117527845378531,0.6988218307495118,0.4439708709716797,4,0.0117527845378531,0.6988218307495118,59.96002664890073
part_001.mp4,2746,0,4,0.0118902846562963,0.6981545766194661,0.4491044927526403,4,0.0118902846562963,0.6981545766194661,59.96002664890073
part_001.mp4,2747,0,4,0.0118449582965156,0.6974816004435221,0.4557377426712601,4,0.0118449582965156,0.6974816004435221,59.96002664890073
part_001.mp4,2748,0,4,0.0118968552937278,0.6974109649658203,0.4609443664550781,4,0.0118968552937278,0.6974109649658203,59.96002664890073
part_001.mp4,2749,0,4,0.0121431435861638,0.696749750773112,0.4650061854609736,4,0.0121431435861638,0.696749750773112,59.96002664890073
part_001.mp4,2750,0,3,0.0119706262371268,0.6959921518961588,0.4733483632405599,3,0.0119706262371268,0.6959921518961588,59.96002664890073
part_001.mp4,2751,0,4,0.0121104846208699,0.695257059733073,0.4771931118435329,4,0.0121104846208699,0.695257059733073,59.96002664890073
part_001.mp4,2752,0,4,0.0123499870290349,0.6950636545817057,0.4803392622205946,4,0.0123499870290349,0.6950636545817057,59.96002664890073
part_001.mp4,2753,0,4,0.0123456549717768,0.6951601028442382,0.4845643785264757,4,0.0123456549717768,0.6951601028442382,59.96002664890073
part_001.mp4,2754,0,5,0.0126907931911409,0.6955352783203125,0.4885657416449653,5,0.0126907931911409,0.6955352783203125,59.96002664890073
part_001.mp4,2755,0,4,0.0129275041771944,0.6953559875488281,0.4922415839301215,4,0.0129275041771944,0.6953559875488281,59.96002664890073
part_001.mp4,2756,0,5,0.0131329966010525,0.6946969985961914,0.4984768337673611,5,0.0131329966010525,0.6946969985961914,59.96002664890073
part_001.mp4,2757,0,6,0.01335523223388,0.6954907099405925,0.5029961480034723,6,0.01335523223388,0.6954907099405925,59.96002664890073
part_001.mp4,2758,0,4,0.0133409060574679,0.6955628077189128,0.5082118564181858,4,0.0133409060574679,0.6955628077189128,59.96002664890073
part_001.mp4,2759,0,4,0.0134006170182126,0.6959081649780273,0.5106374104817708,4,0.0134006170182126,0.6959081649780273,59.96002664890073
part_001.mp4,2760,0,5,0.0132770333480503,0.6960549036661784,0.5166835643627026,5,0.0132770333480503,0.6960549036661784,59.96002664890073
part_001.mp4,2761,0,6,0.0136740525263788,0.6965742111206055,0.5216291922110098,6,0.0136740525263788,0.6965742111206055,59.96002664890073
part_001.mp4,2762,0,5,0.0139560770100797,0.696650505065918,0.525417243109809,5,0.0139560770100797,0.696650505065918,59.96002664890073
part_001.mp4,2763,0,5,0.0142052039463359,0.6965605417887369,0.5289891278302228,5,0.0142052039463359,0.6965605417887369,59.96002664890073
part_001.mp4,2764,0,4,0.014389094631042,0.6970322926839193,0.5337318844265408,4,0.014389094631042,0.6970322926839193,59.96002664890073
part_001.mp4,2765,0,4,0.0145336968416813,0.6973054885864258,0.5380956013997396,4,0.0145336968416813,0.6973054885864258,59.96002664890073
part_001.mp4,2766,0,4,0.0144179374461686,0.6967028299967448,0.5441627219871238,4,0.0144179374461686,0.6967028299967448,59.96002664890073
part_001.mp4,2767,0,4,0.014559564633658,0.6969529469807942,0.5499034599021629,4,0.014559564633658,0.6969529469807942,59.96002664890073
part_001.mp4,2768,0,5,0.0149581583935731,0.6977664947509765,0.5558898501925998,5,0.0149581583935731,0.6977664947509765,59.96002664890073
part_001.mp4,2769,0,4,0.0149699830969674,0.6978677749633789,0.562117173936632,4,0.0149699830969674,0.6978677749633789,59.96002664890073
part_001.mp4,2770,0,4,0.0152564644037165,0.6991795857747396,0.5639443432843244,4,0.0152564644037165,0.6991795857747396,59.96002664890073
part_001.mp4,2771,0,5,0.0154048631780056,0.6991741180419921,0.5687498304578993,5,0.0154048631780056,0.6991741180419921,59.96002664890073
part_001.mp4,2772,0,4,0.0153441027818593,0.6991592407226562,0.5749131238019025,4,0.0153441027818593,0.6991592407226562,59.96002664890073
part_001.mp4,2773,0,4,0.0156225811069951,0.6991470336914063,0.5813192226268628,4,0.0156225811069951,0.6991470336914063,59.96002664890073
part_001.mp4,2774,0,6,0.015789211469684,0.6994838714599609,0.5867508782280816,6,0.015789211469684,0.6994838714599609,59.96002664890073
part_001.mp4,2775,0,4,0.0159772568648986,0.6999706904093425,0.5907600473474574,4,0.0159772568648986,0.6999706904093425,59.96002664890073
part_001.mp4,2776,0,4,0.0161171754951485,0.7003300348917644,0.5949172408492477,4,0.0161171754951485,0.7003300348917644,59.96002664890073
part_001.mp4,2777,0,4,0.016418084113048,0.7002913792928059,0.6024485270182292,3,0.0013310972529601,0.6418573379516601,59.96002664890073
part_001.mp4,2778,0,5,0.0165567241530974,0.7006657282511394,0.6081635863692673,4,0.0014172147913479,0.6420365651448567,59.96002664890073
part_001.mp4,2779,0,4,0.0170646654112109,0.7017563501993815,0.6145285147207754,3,0.0013208331533759,0.6421223322550456,59.96002664890073
part_001.mp4,2780,0,4,0.0168417656426821,0.7015155792236328,0.6167411027131258,3,0.0013850252039264,0.6422199885050456,59.96002664890073
part_001.mp4,2781,0,5,0.0172052204164814,0.702310053507487,0.6246764218365705,4,0.0013040410440535,0.6423933029174804,59.96002664890073
part_001.mp4,2782,0,7,0.0174529402126036,0.7028980255126953,0.6313566561098451,5,0.0014827207147242,0.6424015045166016,59.96002664890073
part_001.mp4,2783,0,6,0.0177278334693309,0.7032197952270508,0.6350950523659035,4,0.0013914312701672,0.6424975077311198,59.96002664890073
part_001.mp4,2784,0,5,0.0177832416412086,0.703587023417155,0.6424963774504485,3,0.0013970462384976,0.6422881444295248,59.96002664890073
part_001.mp4,2785,0,6,0.018016905818595,0.7042028427124023,0.6478033524972421,4,0.0013777053725789,0.6423957824707032,59.96002664890073
part_001.mp4,2786,0,5,0.0182901389637198,0.7049233118693033,0.6521683586968317,3,0.0014692897606679,0.6420635223388672,59.96002664890073
part_001.mp4,2787,0,5,0.0186066732119622,0.7052860260009766,0.6577971352471246,3,0.0014077944369098,0.6420486450195313,59.96002664890073
part_001.mp4,2788,0,5,0.0190169248481106,0.7056950251261394,0.6653573566012912,3,0.0014944759395529,0.6420933405558268,59.96002664890073
part_001.mp4,2789,0,5,0.0191300346362145,0.7060947418212891,0.6709999508327908,3,0.0015793756378116,0.6421266555786133,59.96002664890073
part_001.mp4,2790,0,5,0.0193221505352212,0.706509017944336,0.6754047711690266,3,0.0013425999827018,0.6422150929768881,59.96002664890073
part_001.mp4,2791,0,5,0.0192469879422403,0.7066173553466797,0.680957105424669,3,0.0015930459511474,0.6423884709676106,59.96002664890073
part_001.mp4,2792,0,5,0.0194225806164602,0.7066219965616862,0.6890382130940755,3,0.0015318330870704,0.6423720041910808,59.96002664890073
part_001.mp4,2793,0,4,0.0194475551476191,0.7056383768717448,0.6949802822536892,2,0.0013640241482277,0.6424026489257812,59.96002664890073
part_001.mp4,2794,0,5,0.0196267613339053,0.7058656692504883,0.69901000128852,3,0.0018641926299702,0.6424507141113281,59.96002664890073
part_001.mp4,2795,0,5,0.0200179445648703,0.7063497543334961,0.7046631424515336,3,0.0014978193225774,0.6427663803100586,59.96002664890073
part_001.mp4,2796,0,4,0.0206448055025046,0.7074330012003581,0.710643015967475,2,0.0015367357674727,0.6428951263427735,59.96002664890073
part_001.mp4,2797,0,5,0.0210941862817393,0.7072196324666341,0.7199285436559606,3,0.0015905393536323,0.643045171101888,59.96002664890073
part_001.mp4,2798,0,5,0.0211075600148413,0.7075813929239909,0.7258128060234917,3,0.0015378772601899,0.6431845347086589,59.96002664890073
part_001.mp4,2799,0,4,0.0210295512650433,0.7079036076863606,0.728888914320204,3,0.0014846173452301,0.6432919184366862,59.96002664890073
part_001.mp4,2800,0,5,0.021199333517035,0.7085655848185222,0.7339935444019459,3,0.0014336625079158,0.643492317199707,59.96002664890073
part_001.mp4,2801,0,4,0.0216372857800107,0.7100523630777995,0.7367272271050347,3,0.0015568971664631,0.6439037322998047,59.96002664890073
part_001.mp4,2802,0,4,0.0213606476414349,0.7098105112711589,0.7385624355740017,3,0.0015300460646135,0.6440744400024414,59.96002664890073
part_001.mp4,2803,0,4,0.0215909678502982,0.7108647028605143,0.7411538583260996,3,0.0014924755031663,0.6435425440470378,59.96002664890073
part_001.mp4,2804,0,4,0.0215048990016226,0.7109411875406901,0.7424599470915618,3,0.0014892557390892,0.6435105005900065,59.96002664890073
part_001.mp4,2805,0,4,0.0212556634282076,0.711437479654948,0.743165002045808,3,0.0014911175331669,0.6435211817423503,59.96002664890073
part_001.mp4,2806,0,4,0.0212380091017464,0.7125787734985352,0.7453475245723018,3,0.0014626554493507,0.643957010904948,59.96002664890073
part_001.mp4,2807,0,4,0.0214538305803068,0.7134098052978516,0.7466455388952185,3,0.0014614324620601,0.6441522598266601,59.96002664890073
part_001.mp4,2808,0,5,0.0211592031430134,0.7127640406290691,0.7508811173615633,4,0.0019148984911993,0.6441690444946289,59.96002664890073
part_001.mp4,2809,0,5,0.0210557187541174,0.7138957977294922,0.7511306550767687,4,0.0019467908997386,0.644090207417806,59.96002664890073
part_001.mp4,2810,0,5,0.0207236091553123,0.7142994562784831,0.7549798894811559,4,0.0019572297030525,0.6441560745239258,59.96002664890073
part_001.mp4,2811,0,5,0.0206265041830677,0.7145465850830078,0.757309807671441,4,0.0018822745295862,0.6441479365030924,59.96002664890073
part_001.mp4,2812,0,5,0.0202729907531007,0.7142416000366211,0.7593420452541775,4,0.0017531587261085,0.6444288889567057,59.96002664890073
part_001.mp4,2813,0,4,0.0197204298660384,0.7131239573160807,0.7623404184977214,3,0.0014206293433219,0.6445915222167968,59.96002664890073
part_001.mp4,2814,0,4,0.019414673983502,0.7123384475708008,0.7647589436283818,3,0.0013733826185731,0.64473876953125,59.96002664890073
part_001.mp4,2815,0,4,0.0191399021654958,0.7127695083618164,0.7674368328518337,3,0.0013780283464843,0.6449061075846354,59.96002664890073
part_001.mp4,2816,0,5,0.0194894299917211,0.7135902404785156,0.7665503678498444,4,0.001903817560459,0.6451233545939128,59.96002664890073
part_001.mp4,2817,0,5,0.0189550395713498,0.7134539286295573,0.7716996934678819,4,0.0021035732726644,0.6453201929728191,59.96002664890073
part_001.mp4,2818,0,5,0.0194084177697045,0.7152240753173829,0.7717800564236111,4,0.0021140590890233,0.6450720469156901,59.96002664890073
part_001.mp4,2819,0,5,0.019475479643766,0.716433588663737,0.7755136277940539,4,0.0020448881648782,0.6452887217203777,59.96002664890073
part_001.mp4,2820,0,4,0.0196344066356282,0.7179716110229493,0.7799804899427626,3,0.0014370398868966,0.6451478322347005,59.96002664890073
part_001.mp4,2821,0,4,0.0194146780179451,0.7183551788330078,0.7837703280978733,3,0.0013795364543329,0.6453291575113932,59.96002664890073
part_001.mp4,2822,0,5,0.0194260828046875,0.7185000737508138,0.7847359975179037,4,0.0018378589142553,0.6455095291137696,59.96002664890073
part_001.mp4,2823,0,5,0.0192384783543551,0.7186853408813476,0.7876798276548033,4,0.0017962762260706,0.646228281656901,59.96002664890073
part_001.mp4,2824,0,4,0.0188624618788405,0.7187674204508464,0.7890613767835829,3,0.0014692112708602,0.646437390645345,59.96002664890073
part_001.mp4,2825,0,5,0.0187055461081399,0.719627571105957,0.7915070215861003,4,0.0017699656821787,0.6466686884562175,59.96002664890073
part_001.mp4,2826,0,4,0.0183859576997605,0.7199897766113281,0.794591818915473,3,0.0015292369039229,0.6468428293863933,59.96002664890073
part_001.mp4,2827,0,4,0.0184535264138442,0.7213745752970377,0.796135605706109,3,0.0015584666293256,0.6471700668334961,59.96002664890073
part_001.mp4,2828,0,4,0.0182287094087385,0.7219446818033854,0.7968318303426106,3,0.00172200921509,0.6490520477294922,59.96002664890073
part_001.mp4,2829,0,4,0.0180548427585799,0.7228811264038086,0.8021999359130859,3,0.0017911966874951,0.6493817011515299,59.96002664890073
part_001.mp4,2830,0,4,0.0178802567620611,0.7219797134399414,0.8040370729234484,3,0.0018112620012187,0.6496065775553386,59.96002664890073
part_001.mp4,2831,0,4,0.0177246164509415,0.7239816665649415,0.8046678119235569,3,0.0017978292886497,0.6499003092447917,59.96002664890073
part_001.mp4,2832,0,6,0.0171739003706305,0.7231188456217448,0.8056709995976201,5,0.0017851196604879,0.6501741409301758,59.96002664890073
part_001.mp4,2833,0,4,0.0167909375827002,0.7224342346191406,0.8111047532823351,3,0.0017936506285493,0.6506149291992187,59.96002664890073
part_001.mp4,2834,0,5,0.0162860558840394,0.7218690872192383,0.8146724277072482,4,0.0017901751899626,0.6508627573649088,59.96002664890073
part_001.mp4,2835,0,5,0.015896474059835,0.7212779362996419,0.8166232638888888,4,0.0019104836563749,0.6512231826782227,59.96002664890073
part_001.mp4,2836,0,5,0.0157126334784293,0.7215167999267578,0.8226783752441407,4,0.0018855305590679,0.651014773050944,59.96002664890073
part_001.mp4,2837,0,5,0.0153170454687369,0.7211246490478516,0.8258934921688503,4,0.0019230149692157,0.6513385772705078,59.96002664890073
part_001.mp4,2838,0,5,0.0146945679313136,0.7189334233601888,0.828612631338614,4,0.0019465512659614,0.6515250523885091,59.96002664890073
part_001.mp4,2839,0,5,0.0145276046182455,0.7189959208170573,0.8314847098456488,4,0.0018607516511541,0.6515464782714844,59.96002664890073
part_001.mp4,2840,0,4,0.0141665196196279,0.7195727030436198,0.8335930718315973,3,0.0018010760301236,0.6517152150472005,59.96002664890073
part_001.mp4,2841,0,5,0.0138099772162415,0.7195930480957031,0.836638484177766,4,0.0018080002392202,0.651556650797526,59.96002664890073
part_001.mp4,2842,0,4,0.0139938463568358,0.7209185918172201,0.841043217976888,3,0.0017994438936067,0.6517936070760091,59.96002664890073
part_001.mp4,2843,0,4,0.0138080091012221,0.7237375895182292,0.8434383462976527,3,0.0018181015503661,0.6520588556925456,59.96002664890073
part_001.mp4,2844,0,4,0.0133270529388145,0.7239712397257487,0.8480677763621013,3,0.0018067580519925,0.6522281010945638,59.96002664890073
part_001.mp4,2845,0,5,0.0130768340453101,0.7241371790568034,0.850728628370497,4,0.0017910318245358,0.6524806976318359,59.96002664890073
part_001.mp4,2846,0,4,0.0125880424517729,0.7247660319010417,0.8561800338603832,3,0.0017856646458514,0.6528728485107422,59.96002664890073
part_001.mp4,2847,0,7,0.0120854155164876,0.7245046615600585,0.8594015033156783,5,0.0018350875219847,0.6537937800089518,59.96002664890073
part_001.mp4,2848,0,6,0.0118642803370635,0.7248559951782226,0.8621373918321398,5,0.0017928410092254,0.6541612625122071,59.96002664890073
part_001.mp4,2849,0,6,0.0116314976364163,0.7249863306681316,0.8653204670658818,5,0.0018744087021332,0.6545279820760092,59.96002664890073
part_001.mp4,2850,0,5,0.0111547536096137,0.725550651550293,0.8701411989000108,4,0.0017567754288029,0.6546885172526041,59.96002664890073
part_001.mp4,2851,0,5,0.0107478630395313,0.7264933904012044,0.8758465943513093,4,0.0018234451496822,0.6549828211466472,59.96002664890073
part_001.mp4,2852,0,5,0.0104195923207145,0.7264392852783204,0.8794787300957574,4,0.0018187120649101,0.6555182139078776,59.96002664890073
part_001.mp4,2853,0,5,0.0101245506607651,0.7258961359659831,0.8840537548065186,4,0.0018662711139229,0.6567587534586589,59.96002664890073
part_001.mp4,2854,0,6,0.0098642777592178,0.7264914194742839,0.8879156801435683,5,0.0018861609220218,0.6568439483642579,59.96002664890073
part_001.mp4,2855,0,6,0.009462735207833,0.726332155863444,0.8922851032680935,5,0.0019188213249974,0.6569986979166667,59.96002664890073
part_001.mp4,2856,0,5,0.0091166414492888,0.7271485010782878,0.8975343810187446,4,0.0018850721599948,0.6570819854736328,59.96002664890073
part_001.mp4,2857,0,5,0.0088155363243762,0.7285669962565104,0.9021472295125326,4,0.0018684461123161,0.6572456359863281,59.96002664890073
part_001.mp4,2858,0,5,0.008237271638144,0.7285807291666667,0.9079729715983073,4,0.0018427538404163,0.6572694778442383,59.96002664890073
part_001.mp4,2859,0,5,0.0078858156433718,0.730397351582845,0.9124884075588652,4,0.0019166766738312,0.6572776794433594,59.96002664890073
part_001.mp4,2860,0,6,0.007555622777576,0.7312119166056316,0.9154770038746022,5,0.0019625397361556,0.6573581695556641,59.96002664890073
part_001.mp4,2861,0,6,0.0075446876372249,0.7323246637980143,0.9161446889241536,5,0.0019653601467179,0.6576133728027344,59.96002664890073
part_001.mp4,2862,0,6,0.0069311469947162,0.7310686111450195,0.9193697885230736,5,0.0019499177454875,0.6581592559814453,59.96002664890073
part_001.mp4,2863,0,6,0.0064564348306501,0.7323812484741211,0.9262964487075804,5,0.0019237684076263,0.6583026885986328,59.96002664890073
part_001.mp4,2864,0,5,0.0057521289694098,0.732502555847168,0.934206485748291,4,0.0019857243044922,0.6578828811645507,59.96002664890073
part_001.mp4,2865,0,6,0.005124249894783,0.7333332697550455,0.94041735596127,5,0.0019683323721606,0.6583354314168294,59.96002664890073
part_001.mp4,2866,0,8,0.0044366190227972,0.7318163553873698,0.94597348107232,4,0.0019641102998866,0.658648681640625,59.96002664890073
part_001.mp4,2867,0,6,0.0039682519579501,0.7296598434448243,0.9495507876078289,5,0.0019874684332027,0.6590887069702148,59.96002664890073
part_001.mp4,2868,0,6,0.0033291659662866,0.7281248728434245,0.9553511910968356,5,0.0020174945409288,0.6596482594807943,59.96002664890073
part_001.mp4,2869,0,5,0.002573713077092,0.726487414042155,0.9609846344700566,4,0.0020261446266279,0.6597965240478516,59.96002664890073
part_001.mp4,2870,0,4,0.0020634628157293,0.6605258305867513,0.0654602333351417,4,0.0020634628157293,0.6605258305867513,59.96002664890073
part_001.mp4,2871,0,4,0.0020674440710744,0.6614290873209635,0.0668074148672598,4,0.0020674440710744,0.6614290873209635,59.96002664890073
part_001.mp4,2872,0,4,0.0020298763160072,0.6616467157999675,0.0679343612105758,4,0.0020298763160072,0.6616467157999675,59.96002664890073
part_001.mp4,2873,0,4,0.0020194589571231,0.661784553527832,0.0678297537344473,4,0.0020194589571231,0.661784553527832,59.96002664890073
part_001.mp4,2874,0,6,0.0031439188508186,0.6796680450439453,0.7893915035106518,5,0.0021026164288438,0.6623005549112956,59.96002664890073
part_001.mp4,2875,0,5,0.0020709065854963,0.662202517191569,0.066947767469618,5,0.0020709065854963,0.662202517191569,59.96002664890073
part_001.mp4,2876,0,5,0.0021128200463782,0.662905756632487,0.0679685804578993,5,0.0021128200463782,0.662905756632487,59.96002664890073
part_001.mp4,2877,0,5,0.002070532329526,0.6634677886962891,0.0713506345395688,5,0.002070532329526,0.6634677886962891,59.96002664890073
part_001.mp4,2878,0,4,0.0020319576508974,0.6640668869018554,0.0745015744809751,4,0.0020319576508974,0.6640668869018554,59.96002664890073
part_001.mp4,2879,0,5,0.0020276793837816,0.6644480387369792,0.0740076983416522,5,0.0020276793837816,0.6644480387369792,59.96002664890073
part_001.mp4,2880,0,6,0.0020793214792502,0.6647387186686198,0.0749438815646701,6,0.0020793214792502,0.6647387186686198,59.96002664890073
part_001.mp4,2881,0,6,0.002099604543182,0.6648656845092773,0.075093756781684,6,0.002099604543182,0.6648656845092773,59.96002664890073
part_001.mp4,2882,0,7,0.0034233057849659,0.6803995768229166,0.7837812282420971,6,0.002127546424017,0.664836311340332,59.96002664890073
part_001.mp4,2883,0,5,0.0021641317208263,0.6652667999267579,0.078967793782552,5,0.0021641317208263,0.6652667999267579,59.96002664890073
part_001.mp4,2884,0,5,0.0021342132591827,0.6653255462646485,0.0789230346679687,5,0.0021342132591827,0.6653255462646485,59.96002664890073
part_001.mp4,2885,0,5,0.0021213298093061,0.6652345657348633,0.0776207252785011,5,0.0021213298093061,0.6652345657348633,59.96002664890073
part_001.mp4,2886,0,6,0.0021481967462427,0.6656405131022135,0.0773776866771556,6,0.0021481967462427,0.6656405131022135,59.96002664890073
part_001.mp4,2887,0,7,0.0034502527864094,0.6815038681030273,0.7836068118060077,6,0.0021544511656328,0.6657601038614909,59.96002664890073
part_001.mp4,2888,0,6,0.002140478009565,0.6657417933146159,0.0773713005913628,6,0.002140478009565,0.6657417933146159,59.96002664890073
part_001.mp4,2889,0,5,0.002173504498383,0.6663681666056315,0.0787737528483072,5,0.002173504498383,0.6663681666056315,59.96002664890073
part_001.mp4,2890,0,4,0.0021778430803129,0.6667458216349283,0.0792158621328848,4,0.0021778430803129,0.6667458216349283,59.96002664890073
part_001.mp4,2891,0,3,0.0022930231368971,0.6554340998331706,0.1223617553710937,3,0.0022930231368971,0.6670319239298502,59.96002664890073
part_001.mp4,2892,0,4,0.0022022415529742,0.6555187225341796,0.1236619172272858,4,0.0022022415529742,0.6671716054280599,59.96002664890073
part_001.mp4,2893,0,2,0.0022329440178262,0.6677709579467773,0.0819690563060619,2,0.0022329440178262,0.6677709579467773,59.96002664890073
part_001.mp4,2894,0,2,0.0024024648420271,0.6555542627970378,0.1227162679036458,2,0.0024024648420271,0.6683893203735352,59.96002664890073
part_001.mp4,2895,0,3,0.0023253206912583,0.6562782923380533,0.1252475314670139,3,0.0023253206912583,0.668667984008789,59.96002664890073
part_001.mp4,2896,0,4,0.0022279824964546,0.6688985824584961,0.08568115234375,4,0.0022279824964546,0.6688985824584961,59.96002664890073
part_001.mp4,2897,0,3,0.0024863764692175,0.657003657023112,0.1227265534577546,3,0.0024863764692175,0.6697780609130859,59.96002664890073
part_001.mp4,2898,0,3,0.0024930165495283,0.657451311747233,0.1219170464409722,3,0.0024930165495283,0.6701409022013346,59.96002664890073
part_001.mp4,2899,0,3,0.0024101866380078,0.6576805114746094,0.1229995162398726,3,0.0024101866380078,0.6703189849853516,59.96002664890073
part_001.mp4,2900,0,3,0.0023844298594566,0.6577690760294597,0.1238737318250868,3,0.0023844298594566,0.6704582214355469,59.96002664890073
part_001.mp4,2901,0,3,0.0024276395025663,0.6578147888183594,0.1227283053927951,3,0.0024276395025663,0.6706794102986654,59.96002664890073
part_001.mp4,2902,0,3,0.0024885235929913,0.6577297210693359,0.121252950032552,3,0.0024885235929913,0.6708182017008464,59.96002664890073
part_001.mp4,2903,0,3,0.0025247423095344,0.6585329691569011,0.1199766370985243,3,0.0025247423095344,0.671243413289388,59.96002664890073
part_001.mp4,2904,0,3,0.0026129985523854,0.6714181900024414,0.082305258291739,3,0.0026129985523854,0.6714181900024414,59.96002664890073
part_001.mp4,2905,0,3,0.0025199613696679,0.6593542098999023,0.1191865143952546,3,0.0025199613696679,0.6712900797526041,59.96002664890073
part_001.mp4,2906,0,3,0.002599640876363,0.6595726013183594,0.1173827559859664,3,0.002599640876363,0.6713003794352214,59.96002664890073
part_001.mp4,2907,0,3,0.0024129871673304,0.6594764073689778,0.116241963704427,3,0.0024129871673304,0.6709348678588867,59.96002664890073
part_001.mp4,2908,0,3,0.0025087854620586,0.6601265589396159,0.1159016927083333,3,0.0025087854620586,0.6709827423095703,59.96002664890073
part_001.mp4,2909,0,3,0.0025745382742024,0.6607064565022787,0.1170121934678819,3,0.0025745382742024,0.6712430953979492,59.96002664890073
part_001.mp4,2910,0,3,0.0025000298601419,0.6605883280436198,0.1162853099681713,3,0.0025000298601419,0.6715755462646484,59.96002664890073
part_001.mp4,2911,0,3,0.0026025437633435,0.6609471003214519,0.1146566885489004,3,0.0026025437633435,0.6718278884887695,59.96002664890073
part_001.mp4,2912,0,3,0.0025135288932389,0.6728330612182617,0.0915207474320023,3,0.0025135288932389,0.6728330612182617,59.96002664890073
part_001.mp4,2913,0,3,0.0025875847199414,0.6616603215535481,0.1140733506944444,3,0.0025875847199414,0.6727640787760417,59.96002664890073
part_001.mp4,2914,0,3,0.0025046462723467,0.6617140452067057,0.1160502115885416,3,0.0025046462723467,0.672813606262207,59.96002664890073
part_001.mp4,2915,0,3,0.0026057938659667,0.6617319742838542,0.1148504186559606,3,0.0026057938659667,0.67307923634847,59.96002664890073
part_001.mp4,2916,0,3,0.0026318927914285,0.6735804239908855,0.0930031953034577,3,0.0026318927914285,0.6735804239908855,59.96002664890073
part_001.mp4,2917,0,4,0.0026830161762579,0.6740318298339844,0.0935949254918981,4,0.0026830161762579,0.6740318298339844,59.96002664890073
part_001.mp4,2918,0,4,0.0026033220859244,0.6741806030273437,0.0951602511935763,4,0.0026033220859244,0.6741806030273437,59.96002664890073
part_001.mp4,2919,0,4,0.0026128278966967,0.6635487238566081,0.1024917602539062,4,0.0026128278966967,0.6742219924926758,59.96002664890073
part_001.mp4,2920,0,3,0.0025082636214246,0.6746158599853516,0.1002779077600549,3,0.0025082636214246,0.6746158599853516,59.96002664890073
part_001.mp4,2921,0,3,0.0025989386394158,0.6751129150390625,0.1010951006854022,3,0.0025989386394158,0.6751129150390625,59.96002664890073
part_001.mp4,2922,0,3,0.0026946204988807,0.6758646647135417,0.1013863740143952,3,0.0026946204988807,0.6758646647135417,59.96002664890073
part_001.mp4,2923,0,3,0.0027592011518923,0.6759521484375,0.1004146999782986,2,0.0027592011518923,0.6759521484375,59.96002664890073
part_001.mp4,2924,0,3,0.0029886094260175,0.7313200632731119,0.9515876319673326,2,0.0026169309202857,0.6758881251017252,59.96002664890073
part_001.mp4,2925,0,3,0.0031396613332273,0.730763053894043,0.9494640164905124,2,0.0025659035265885,0.6761464436848958,59.96002664890073
part_001.mp4,2926,0,3,0.0035021412362879,0.7313496907552083,0.9440839317109848,2,0.002518245055905,0.6762252807617187,59.96002664890073
part_001.mp4,2927,0,3,0.0036411601457068,0.7314750671386718,0.9413660791185168,2,0.0024925323200187,0.6764256159464518,59.96002664890073
part_001.mp4,2928,0,3,0.0038663637726643,0.731457010904948,0.9381394421612776,2,0.0024110895240292,0.6776654561360677,59.96002664890073
part_001.mp4,2929,0,4,0.0039858359016216,0.7304203669230144,0.9359164555867512,3,0.0025269356480027,0.6776420593261718,59.96002664890073
part_001.mp4,2930,0,4,0.0041606354379554,0.7301638285319011,0.9338423093159992,3,0.0026516862904019,0.677845573425293,59.96002664890073
part_001.mp4,2931,0,5,0.0044446142141096,0.730381457010905,0.9295092909424392,4,0.0026630678376898,0.6780193328857422,59.96002664890073
part_001.mp4,2932,0,5,0.0046948611786724,0.730470085144043,0.9255436049567328,4,0.0026178927749559,0.6778277079264323,59.96002664890073
part_001.mp4,2933,0,4,0.0048792621924938,0.730288569132487,0.922802409419307,3,0.0028007790863436,0.678346061706543,59.96002664890073
part_001.mp4,2934,0,6,0.0052073841813269,0.7304056803385417,0.9172720829645792,4,0.0028199053619324,0.6782665888468424,59.96002664890073
part_001.mp4,2935,0,5,0.005412765000009,0.7303636550903321,0.9145296520657008,3,0.0028710761452438,0.6782735824584961,59.96002664890073
part_001.mp4,2936,0,5,0.0056421837690976,0.7304767608642578,0.9116095648871528,4,0.0028655792887568,0.6782314936319987,59.96002664890073
part_001.mp4,2937,0,5,0.0057121492960929,0.7309334437052409,0.9095078044467502,4,0.0028053074868188,0.6784661610921224,59.96002664890073
part_001.mp4,2938,0,5,0.0058577993276089,0.730517578125,0.9059281243218316,4,0.0026889088526109,0.6788792292277018,59.96002664890073
part_001.mp4,2939,0,5,0.0060932525935142,0.730886713663737,0.9031155091744882,4,0.0027056925786503,0.6790494918823242,59.96002664890073
part_001.mp4,2940,0,5,0.006256308066086,0.7308498382568359,0.9007768348411276,4,0.0027876255707491,0.6793286005655924,59.96002664890073
part_001.mp4,2941,0,4,0.0064728759865957,0.7313244501749675,0.8985709331653736,3,0.0028399290513954,0.6795296351114909,59.96002664890073
part_001.mp4,2942,0,4,0.0067677912517683,0.7318167368570964,0.8946760813395183,3,0.0028402717481367,0.6796571731567382,59.96002664890073
part_001.mp4,2943,0,4,0.0070489673673701,0.7326902389526367,0.892365406177662,3,0.0028821183846153,0.6797129948933919,59.96002664890073
part_001.mp4,2944,0,5,0.0071179289993839,0.7326838175455729,0.8909654405381945,3,0.002851720572529,0.6801584243774415,59.96002664890073
part_001.mp4,2945,0,4,0.0073618830939651,0.7331050872802735,0.8873556772867839,3,0.0028822680825315,0.6804186503092448,59.96002664890073
part_001.mp4,2946,0,5,0.0078201796020052,0.7336337407430013,0.8819438969647443,3,0.0029517444290427,0.6809123992919922,59.96002664890073
part_001.mp4,2947,0,4,0.0079140301550069,0.7331101099650065,0.8787775993347168,3,0.0029217596183298,0.6806430816650391,59.96002664890073
part_001.mp4,2948,0,5,0.0077146237432801,0.7316058476765951,0.8770103666517469,4,0.0029663140671385,0.6809144973754883,59.96002664890073
part_001.mp4,2949,0,4,0.0081108315394225,0.7322687149047852,0.8725954762211552,3,0.0028847845179714,0.681155014038086,59.96002664890073
part_001.mp4,2950,0,4,0.0083459585831345,0.7328791300455729,0.8710198119834617,3,0.0029564439670368,0.6812881469726563,59.96002664890073
part_001.mp4,2951,0,4,0.0087512266739193,0.7330086390177409,0.8675097624460856,3,0.0029873555539934,0.6814002990722656,59.96002664890073
part_001.mp4,2952,0,4,0.008934379251507,0.7337041854858398,0.8658964404353389,3,0.0029885607680383,0.6815910339355469,59.96002664890073
part_001.mp4,2953,0,4,0.0092394374340074,0.7335199356079102,0.8624643961588542,3,0.0030878845014053,0.6817207336425781,59.96002664890073
part_001.mp4,2954,0,4,0.0095603692391392,0.7337178548177083,0.8597226478435375,3,0.0031361489125561,0.6819388071695963,59.96002664890073
part_001.mp4,2955,0,4,0.0096519187706454,0.733767573038737,0.8580746191519278,3,0.0031067882780916,0.6821130116780599,59.96002664890073
part_001.mp4,2956,0,4,0.0097806823842283,0.7337741851806641,0.8567035109908493,3,0.0032165028225777,0.6822451909383138,59.96002664890073
part_001.mp4,2957,0,4,0.0099137753573005,0.7349482218424479,0.8555110101346617,3,0.0031722905573486,0.6825277964274089,59.96002664890073
part_001.mp4,2958,0,4,0.0103367767894218,0.7358795801798502,0.8523141666694923,3,0.0031781737415413,0.6827728907267253,59.96002664890073
part_001.mp4,2959,0,4,0.0104806297019082,0.736235237121582,0.8499180316925049,3,0.0032019147443165,0.6828349431355795,59.96002664890073
part_001.mp4,2960,0,4,0.0106165208978307,0.7362077077229817,0.8479500311392325,3,0.0031896092533133,0.6827881495157878,59.96002664890073
part_001.mp4,2961,0,4,0.0106894363534525,0.7358535766601563,0.846005630493164,3,0.0031753631260168,0.6824316024780274,59.96002664890073
part_001.mp4,2962,0,4,0.0108250252377453,0.7357240676879883,0.8434277852376302,3,0.0031824672757683,0.6825931549072266,59.96002664890073
part_001.mp4,2963,0,4,0.0111873214499266,0.7352860132853191,0.8383046256171333,3,0.0031604384428054,0.6825559616088868,59.96002664890073
part_001.mp4,2964,0,4,0.0111577996298567,0.7343202590942383,0.8370880126953125,3,0.0031569135130848,0.68263365427653,59.96002664890073
part_001.mp4,2965,0,5,0.0113877342247562,0.7348112106323242,0.8355424033270942,4,0.0032166376052191,0.6826810836791992,59.96002664890073
part_001.mp4,2966,0,5,0.0112412776361452,0.7338444391886393,0.835464350382487,4,0.0031807557404034,0.6827393213907877,59.96002664890073
part_001.mp4,2967,0,4,0.0116242796028867,0.7345039367675781,0.8319877624511719,3,0.003259105099337,0.682815424601237,59.96002664890073
part_001.mp4,2968,0,4,0.0119156290834265,0.7343689600626627,0.8283653259277344,3,0.0034861438599829,0.6830385843912761,59.96002664890073
part_001.mp4,2969,0,4,0.0119182771233065,0.7344301223754883,0.8266679075029161,3,0.0033736098292542,0.6832281112670898,59.96002664890073
part_001.mp4,2970,0,4,0.0120099576817463,0.7345740000406901,0.824665281507704,3,0.0032984624645905,0.683301035563151,59.96002664890073
part_001.mp4,2971,0,6,0.0119489183536966,0.7338830947875976,0.8231112586127387,4,0.0034499094930167,0.683499526977539,59.96002664890073
part_001.mp4,2972,0,5,0.0121963688891668,0.7341102600097656,0.8201712290445964,4,0.0034029888607134,0.6837057749430339,59.96002664890073
part_001.mp4,2973,0,5,0.012196902324342,0.7332616806030273,0.8161888122558594,4,0.0034616355854733,0.6837511698404948,59.96002664890073
part_001.mp4,2974,0,6,0.012274921372688,0.7325414657592774,0.8147606743706597,5,0.0035843205917626,0.6837613423665364,59.96002664890073
part_001.mp4,2975,0,5,0.0124297090110835,0.7331146240234375,0.8123535014964917,4,0.0035911160071644,0.6838035583496094,59.96002664890073
part_001.mp4,2976,0,6,0.0127576375253556,0.7341268539428711,0.8102609210544163,4,0.003540699340541,0.6843416213989257,59.96002664890073
part_001.mp4,2977,0,5,0.0128286967111058,0.7336200714111328,0.8084222793579101,3,0.0035328387101698,0.6839168548583985,59.96002664890073
part_001.mp4,2978,0,4,0.0132343637677776,0.7343809763590495,0.80682149110017,3,0.0032829846588881,0.6837549209594727,59.96002664890073
part_001.mp4,2979,0,5,0.0133375719011948,0.7346810022989909,0.80589353773329,4,0.0032632428775994,0.683451779683431,59.96002664890073
part_001.mp4,2980,0,5,0.0136094833929261,0.7353599548339844,0.8032351387871637,4,0.0032707177948085,0.6840063095092773,59.96002664890073
part_001.mp4,2981,0,5,0.01371929605548,0.7344761530558268,0.7993215843483253,4,0.0032493608177012,0.6840585708618164,59.96002664890073
part_001.mp4,2982,0,5,0.0135143217084179,0.7323799133300781,0.7976715087890625,4,0.0032509704003287,0.6844412485758463,59.96002664890073
part_001.mp4,2983,0,5,0.013734509913559,0.7321461359659831,0.7949517991807725,4,0.0032272899525748,0.6839868545532226,59.96002664890073
part_001.mp4,2984,0,5,0.013943116597026,0.7320960998535156,0.7929587470160591,4,0.0032932112235963,0.684636942545573,59.96002664890073
part_001.mp4,2985,0,4,0.0143367201772397,0.7328726450602213,0.787590394196687,3,0.0033124890984941,0.684710947672526,59.96002664890073
part_001.mp4,2986,0,4,0.0144367791646072,0.7337004343668619,0.7872926923963759,3,0.0033637555951524,0.6851570129394531,59.96002664890073
part_001.mp4,2987,0,4,0.014387355609421,0.7334002176920573,0.7869306846901223,3,0.0034158009257225,0.6853613535563151,59.96002664890073
part_001.mp4,2988,0,4,0.0148147197933738,0.7337776184082031,0.7859337559452764,3,0.0033657136152032,0.6854290008544922,59.96002664890073
part_001.mp4,2989,0,4,0.0145946236049753,0.7325900395711263,0.7816009945339627,3,0.003405106457196,0.6856956481933594,59.96002664890073
part_001.mp4,2990,0,5,0.0145367566342422,0.7323498407999675,0.7763671027289496,4,0.0034581777960637,0.6859537124633789,59.96002664890073
part_001.mp4,2991,0,4,0.0144034006303021,0.7317614237467448,0.7724725511338976,3,0.0035579068536592,0.686480458577474,59.96002664890073
part_001.mp4,2992,0,5,0.0143390011003874,0.7317113876342773,0.7666527500859013,4,0.003597000166666,0.6867715835571289,59.96002664890073
part_001.mp4,2993,0,4,0.0139604375176471,0.7310598373413086,0.762550311618381,3,0.0036593014048089,0.6869291305541992,59.96002664890073
part_001.mp4,2994,0,4,0.0136947314318846,0.7307567596435547,0.7553629627934209,3,0.0037026952873889,0.6871801376342773,59.96002664890073
part_001.mp4,2995,0,5,0.013589072945739,0.7304250081380208,0.7483892440795898,4,0.0037543559329222,0.6874114354451497,59.96002664890073
part_001.mp4,2996,0,5,0.0134765435587303,0.7303119659423828,0.7457295594391999,4,0.0037991395197847,0.6879213333129883,59.96002664890073
part_001.mp4,2997,0,5,0.0131129519030057,0.7296085357666016,0.740443088390209,4,0.003898720112543,0.6882942835489909,59.96002664890073
part_001.mp4,2998,0,6,0.0130150016497443,0.7292711893717448,0.7375527346575702,5,0.0039105647827145,0.6883550008138021,59.96002664890073
part_001.mp4,2999,0,5,0.0127536298711991,0.7286666870117188,0.7349143204865632,4,0.0039383213722289,0.6882314046223958,59.96002664890073
part_001.mp4,3000,0,4,0.0127010653489052,0.728962516784668,0.728240931475604,3,0.0040093881844465,0.688322639465332,59.96002664890073
part_001.mp4,3001,0,4,0.0126986630006955,0.7292462031046549,0.7236582084938332,3,0.0040294906736784,0.6885251998901367,59.96002664890073
part_001.mp4,3002,0,4,0.0125571412623685,0.7287525812784831,0.7209371566772461,3,0.0040178366417078,0.6884630203247071,59.96002664890073
part_001.mp4,3003,0,4,0.0124477542754256,0.728505007425944,0.7171654877839265,3,0.0040214610643063,0.6882568359375,59.96002664890073
part_001.mp4,3004,0,4,0.0121857120501873,0.728091812133789,0.7128186261212385,3,0.0040677177333822,0.6884380976359049,59.96002664890073
part_001.mp4,3005,0,5,0.0120415693775601,0.7275432586669922,0.7083252942120587,4,0.0040374031549436,0.6884457270304362,59.96002664890073
part_001.mp4,3006,0,5,0.0118075145376604,0.7272606531778971,0.7038221783108182,4,0.0040899749558647,0.6887294769287109,59.96002664890073
part_001.mp4,3007,0,5,0.0117877966719004,0.725465202331543,0.6966149718673141,4,0.0041685958318541,0.6890871047973632,59.96002664890073
part_001.mp4,3008,0,5,0.0114956884931921,0.7247613906860352,0.6916523827446832,4,0.0041232297453151,0.6888108571370443,59.96002664890073
part_001.mp4,3009,0,6,0.0112611291640658,0.7242708841959635,0.6870895668312356,5,0.0040965460869268,0.6890476862589519,59.96002664890073
part_001.mp4,3010,0,6,0.0110718597155775,0.7238367716471354,0.6833657229388201,5,0.0041619788184309,0.68938783009847,59.96002664890073
part_001.mp4,3011,0,6,0.010999164970417,0.7236372629801432,0.6804002126057943,5,0.0042539591117787,0.6895225524902344,59.96002664890073
part_001.mp4,3012,0,5,0.0109927230588639,0.7233091990152994,0.6760926776462131,4,0.0042132438348468,0.6895205815633138,59.96002664890073
part_001.mp4,3013,0,5,0.0108236896710311,0.7233044306437174,0.671153520654749,4,0.0041645727596187,0.6893683115641276,59.96002664890073
part_001.mp4,3014,0,5,0.0106500509921547,0.7225784301757813,0.6667586149992766,4,0.0041827347606562,0.6895488739013672,59.96002664890073
part_001.mp4,3015,0,5,0.0103285466957459,0.7213199615478516,0.6625598907470703,4,0.0042237545260124,0.6896333694458008,59.96002664890073
part_001.mp4,3016,0,5,0.0102127083046879,0.7207494735717773,0.6589833294903791,4,0.0043011781264794,0.6897114435831706,59.96002664890073
part_001.mp4,3017,0,5,0.0102868310764312,0.7207475662231445,0.654659546746148,4,0.0043038854986662,0.6897268931070963,59.96002664890073
part_001.mp4,3018,0,5,0.0098532469589796,0.7196295420328777,0.6493046654595269,4,0.0042073019502438,0.6896463394165039,59.96002664890073
part_001.mp4,3019,0,5,0.0097936756129396,0.7195723215738933,0.6451502905951606,4,0.0043376097908778,0.6899876276652018,59.96002664890073
part_001.mp4,3020,0,5,0.0096452779426127,0.7195101420084635,0.6417923256202981,4,0.0043528603785994,0.6903804779052735,59.96002664890073
part_001.mp4,3021,0,5,0.0095840755553271,0.7182121276855469,0.6376974459047671,4,0.0044201405868322,0.690523338317871,59.96002664890073
part_001.mp4,3022,0,5,0.0094160323443227,0.7182348887125651,0.6327502921775535,4,0.0045261579651506,0.690915870666504,59.96002664890073
part_001.mp4,3023,0,5,0.0094861332521665,0.7181372324625651,0.6277438340363679,4,0.004615032533022,0.6910749435424804,59.96002664890073
part_001.mp4,3024,0,5,0.0092730516797935,0.718364143371582,0.6249267648767542,4,0.0045418669190257,0.691133181254069,59.96002664890073
part_001.mp4,3025,0,5,0.0092034349021398,0.7184591929117838,0.6203319973415798,4,0.0046709010870351,0.6909559885660808,59.96002664890073
part_001.mp4,3026,0,5,0.0090153013063204,0.7174882888793945,0.617487942730939,4,0.004612947005274,0.6910158157348633,59.96002664890073
part_001.mp4,3027,0,5,0.0089131816697988,0.7166629791259765,0.6133917349356192,4,0.0046612227303558,0.6914264678955078,59.96002664890073
part_001.mp4,3028,0,5,0.0087390386670786,0.7164990107218424,0.6078660823680736,4,0.0046742706593552,0.691649055480957,59.96002664890073
part_001.mp4,3029,0,5,0.0087065258939023,0.7168167114257813,0.6039209577772352,4,0.0047731980119499,0.6923507690429688,59.96002664890073
part_001.mp4,3030,0,5,0.0085100639287433,0.7163267135620117,0.6003273999249493,4,0.0048321538255549,0.6925359090169271,59.96002664890073
part_001.mp4,3031,0,5,0.0084485677178788,0.7159566879272461,0.5970348640724464,5,0.0084485677178788,0.7159566879272461,59.96002664890073
part_001.mp4,3032,0,5,0.0084836107010616,0.7158597946166992,0.5933692649558738,5,0.0084836107010616,0.7158597946166992,59.96002664890073
part_001.mp4,3033,0,5,0.0083800773265668,0.7157749811808268,0.5906742802372685,5,0.0083800773265668,0.7157749811808268,59.96002664890073
part_001.mp4,3034,0,5,0.0083876345336089,0.7160757064819336,0.587302158496998,5,0.0083876345336089,0.7160757064819336,59.96002664890073
part_001.mp4,3035,0,5,0.0082312253277497,0.7162265777587891,0.5834749998869719,5,0.0082312253277497,0.7162265777587891,59.96002664890073
part_001.mp4,3036,0,5,0.0082428962491717,0.7162639617919921,0.5789788987901475,5,0.0082428962491717,0.7162639617919921,59.96002664890073
part_001.mp4,3037,0,5,0.008143733714096,0.7155324935913085,0.574943047982675,5,0.008143733714096,0.7155324935913085,59.96002664890073
part_001.mp4,3038,0,5,0.0079714664474455,0.7142782211303711,0.5698613202130353,5,0.0079714664474455,0.7142782211303711,59.96002664890073
part_001.mp4,3039,0,5,0.0079592817060377,0.7143777847290039,0.5641384548611111,5,0.0079592817060377,0.7143777847290039,59.96002664890073
part_001.mp4,3040,0,6,0.0079591330931213,0.7140436172485352,0.5602080309832538,5,0.0079591330931213,0.7140436172485352,59.96002664890073
part_001.mp4,3041,0,6,0.0078391296785951,0.7139968872070312,0.5580129976625796,5,0.0078391296785951,0.7139968872070312,59.96002664890073
part_001.mp4,3042,0,6,0.0079651993766472,0.7137995402018229,0.5582148375334564,5,0.0079651993766472,0.7137995402018229,59.96002664890073
part_001.mp4,3043,0,6,0.0076795553485584,0.7129355112711588,0.5528506102385344,5,0.0076795553485584,0.7129355112711588,59.96002664890073
part_001.mp4,3044,0,6,0.0078054108186269,0.713157590230306,0.5463651021321615,5,0.0078054108186269,0.713157590230306,59.96002664890073
part_001.mp4,3045,0,6,0.007953387868776,0.7128528594970703,0.5381976374873408,5,0.007953387868776,0.7128528594970703,59.96002664890073
part_001.mp4,3046,0,5,0.0077680984565867,0.7123565673828125,0.53764200563784,4,0.0077680984565867,0.7123565673828125,59.96002664890073
part_001.mp4,3047,0,5,0.0076076901298721,0.7125633239746094,0.5330139584011502,4,0.0076076901298721,0.7125633239746094,59.96002664890073
part_001.mp4,3048,0,5,0.0074111975438265,0.7122451782226562,0.5271323451289425,4,0.0074111975438265,0.7122451782226562,59.96002664890073
part_001.mp4,3049,0,5,0.0072413112994777,0.7121747970581055,0.5273907272904007,4,0.0072413112994777,0.7121747970581055,59.96002664890073
part_001.mp4,3050,0,5,0.0072275235458738,0.7116413752237956,0.5259074882224753,4,0.0072275235458738,0.7116413752237956,59.96002664890073
part_001.mp4,3051,0,5,0.0071867613405845,0.7118213653564454,0.5252027440954138,4,0.0071867613405845,0.7118213653564454,59.96002664890073
part_001.mp4,3052,0,5,0.0071780226688133,0.7116608301798503,0.5207371181911893,4,0.0071780226688133,0.7116608301798503,59.96002664890073
part_001.mp4,3053,0,5,0.0068907350154929,0.7113992691040039,0.5176222624602141,4,0.0068907350154929,0.7113992691040039,59.96002664890073
part_001.mp4,3054,0,5,0.0066586978070726,0.7105709075927734,0.5123835810908565,4,0.0066586978070726,0.7105709075927734,59.96002664890073
part_001.mp4,3055,0,5,0.0062936579401408,0.7098350524902344,0.5142499429208262,4,0.0062936579401408,0.7098350524902344,59.96002664890073
part_001.mp4,3056,0,6,0.0062756730485125,0.7096467971801758,0.5124041239420573,5,0.0062756730485125,0.7096467971801758,59.96002664890073
part_001.mp4,3057,0,6,0.0062897744453544,0.7096370697021485,0.509320322672526,5,0.0062897744453544,0.7096370697021485,59.96002664890073
part_001.mp4,3058,0,5,0.0062811471746385,0.7096837997436524,0.5076738710756655,4,0.0062811471746385,0.7096837997436524,59.96002664890073
part_001.mp4,3059,0,5,0.0063276637011208,0.7101448059082032,0.5004748167815032,4,0.0063276637011208,0.7101448059082032,59.96002664890073
part_001.mp4,3060,0,5,0.0064523933600867,0.7106171290079752,0.4969759623209635,4,0.0064523933600867,0.7106171290079752,59.96002664890073
part_001.mp4,3061,0,6,0.0064036288677016,0.6908649444580078,0.0616867065429687,5,0.0064036288677016,0.7107130686442057,59.96002664890073
part_001.mp4,3062,0,6,0.0066639038711717,0.6908082962036133,0.0668698063603153,5,0.0066639038711717,0.7103441874186198,59.96002664890073
part_001.mp4,3063,0,8,0.0066828294042972,0.690716044108073,0.0675088105378327,7,0.0066828294042972,0.7096662521362305,59.96002664890073
part_001.mp4,3064,0,7,0.0066992818630145,0.6911556243896484,0.0681766086154513,6,0.0066992818630145,0.7090966542561848,59.96002664890073
part_001.mp4,3065,0,6,0.0065539617068673,0.6904585520426433,0.0679217868381076,5,0.0065539617068673,0.7087067286173503,59.96002664890073
part_001.mp4,3066,0,5,0.0067163339746373,0.7452091217041016,0.8785721531620732,4,0.0065909947986397,0.7084566116333008,59.96002664890073
part_001.mp4,3067,0,5,0.0069679290365578,0.7459003448486328,0.8758518766473841,4,0.0065861871623686,0.708013916015625,59.96002664890073
part_001.mp4,3068,0,6,0.0085923428473567,0.7048810958862305,0.372333667896412,5,0.0085923428473567,0.7080961227416992,59.96002664890073
part_001.mp4,3069,0,6,0.0095442050908506,0.7074670791625977,0.3967379393400969,5,0.0095442050908506,0.7079408645629883,59.96002664890073
part_001.mp4,3070,0,5,0.0094045052744331,0.7068117141723633,0.3922877417670355,4,0.0094045052744331,0.7068117141723633,59.96002664890073
part_001.mp4,3071,0,6,0.0086808026767782,0.7078409194946289,0.3968503316243489,5,0.0086808026767782,0.7078409194946289,59.96002664890073
part_001.mp4,3072,0,5,0.0094909792819008,0.7082836151123046,0.3908889770507812,4,0.0094909792819008,0.7082836151123046,59.96002664890073
part_001.mp4,3073,0,7,0.0094997486857917,0.7085852305094401,0.3866556803385416,5,0.0094997486857917,0.7085852305094401,59.96002664890073
part_001.mp4,3074,0,5,0.0096321062167704,0.708530044555664,0.3815090744583695,4,0.0096321062167704,0.708530044555664,59.96002664890073
part_001.mp4,3075,0,4,0.0091620924128801,0.7084451039632161,0.3879920535617404,3,0.0091620924128801,0.7084451039632161,59.96002664890073
part_001.mp4,3076,0,5,0.0089370897975288,0.7089836120605468,0.3822960041187427,4,0.0089370897975288,0.7089836120605468,59.96002664890073
part_001.mp4,3077,0,5,0.0087151625572736,0.7457395553588867,0.8476559974529125,3,0.0086517701034608,0.708298937479655,59.96002664890073
part_001.mp4,3078,0,6,0.009071804456479,0.7466775894165039,0.843624805521082,4,0.0086536850286992,0.7084812164306641,59.96002664890073
part_001.mp4,3079,0,6,0.0093905409767709,0.7466775894165039,0.8406525082058377,5,0.0084895728479831,0.7084962209065755,59.96002664890073
part_001.mp4,3080,0,5,0.010052908490361,0.7489526748657227,0.8371643013424344,4,0.0085715368912012,0.7085491180419922,59.96002664890073
part_001.mp4,3081,0,5,0.0102387468178252,0.7498323440551757,0.8349264356825087,4,0.0079764714143109,0.7085228602091471,59.96002664890073
part_001.mp4,3082,0,6,0.0104876967432338,0.7493784586588542,0.8321163830933748,5,0.0084965837805102,0.7085161209106445,59.96002664890073
part_001.mp4,3083,0,7,0.0109013996593421,0.7500160853068034,0.8293283250596788,6,0.0079946964981794,0.7086925506591797,59.96002664890073
part_001.mp4,3084,0,6,0.0109589222279868,0.749087397257487,0.8281691657172309,5,0.0081176999361681,0.7088012059529623,59.96002664890073
part_001.mp4,3085,0,6,0.011293595370608,0.7496533075968425,0.8246613679108796,5,0.0087652787223568,0.7108574549357096,59.96002664890073
part_001.mp4,3086,0,7,0.0115775448529408,0.7493626276652018,0.8223550160725911,6,0.0085799528493414,0.7112422943115234,59.96002664890073
part_001.mp4,3087,0,6,0.0114773669071857,0.7477261225382487,0.8182383219401042,5,0.0085693713515367,0.7120321273803711,59.96002664890073
part_001.mp4,3088,0,6,0.0116909150141145,0.748375129699707,0.8175834231906467,5,0.0090596636170758,0.7116167068481445,59.96002664890073
part_001.mp4,3089,0,8,0.0119978958913836,0.7489173889160157,0.814622328016493,7,0.0087560663061136,0.7123963038126627,59.96002664890073
part_001.mp4,3090,0,8,0.0113902705477004,0.7458845138549804,0.8113791359795465,7,0.0098182828536664,0.7112550735473633,59.96002664890073
part_001.mp4,3091,0,8,0.0121592401305477,0.7485962549845377,0.8099361207750109,7,0.0080132413876007,0.7122713724772135,59.96002664890073
part_001.mp4,3092,0,8,0.0122413095852243,0.7479918162027995,0.8084959030151367,7,0.0088274990200506,0.7127817789713542,59.96002664890073
part_001.mp4,3093,0,7,0.0123897940503067,0.7480171203613282,0.8034135253341109,6,0.0078992759027406,0.7131114323933919,59.96002664890073
part_001.mp4,3094,0,7,0.0125693302673257,0.7486904780069987,0.8056474756311487,6,0.0097749776558312,0.7133464177449544,59.96002664890073
part_001.mp4,3095,0,7,0.0128411359465328,0.7482626597086589,0.799833686263473,6,0.0098560504950647,0.7135103861490886,59.96002664890073
part_001.mp4,3096,0,7,0.0129695009476496,0.7479087193806966,0.7973657608032226,6,0.0102927219249788,0.7141838073730469,59.96002664890073
part_001.mp4,3097,0,5,0.0132138222110774,0.7485792795817058,0.7982876106544777,4,0.0116907109216198,0.714999771118164,59.96002664890073
part_001.mp4,3098,0,5,0.0133265795239519,0.7486796061197917,0.79559875064426,4,0.011788984294334,0.715565554300944,59.96002664890073
part_001.mp4,3099,0,5,0.0133041352252621,0.7485478083292644,0.7931683434380425,4,0.0121173093140173,0.7158567428588867,59.96002664890073
part_001.mp4,3100,0,5,0.0137215548576568,0.7480090459187826,0.7865505006578234,4,0.0126197294921709,0.7163181940714518,59.96002664890073
part_001.mp4,3101,0,5,0.0134947023336482,0.7470308303833008,0.7864527031227394,4,0.012540473768065,0.716387939453125,59.96002664890073
part_001.mp4,3102,0,6,0.0203436576979584,0.7172356287638346,0.279378424750434,5,0.0203436576979584,0.7172356287638346,59.96002664890073
part_001.mp4,3103,0,5,0.0139622919133398,0.7468207041422527,0.7801251517401802,4,0.0131777858074767,0.7178766250610351,59.96002664890073
part_001.mp4,3104,0,5,0.0139302254856397,0.7451698939005534,0.7743650718971535,4,0.013452215482927,0.7181524912516276,59.96002664890073
part_001.mp4,3105,0,5,0.0138298890319937,0.7455968856811523,0.7754220750596789,4,0.0135334333130298,0.7174753189086914,59.96002664890073
part_001.mp4,3106,0,5,0.0136493536535945,0.7173404693603516,0.1996277703179253,4,0.0136493536535945,0.7180807749430339,59.96002664890073
part_001.mp4,3107,0,6,0.0132012591068875,0.7431648254394532,0.7758753882514106,5,0.0124154531860502,0.7184045791625977,59.96002664890073
part_001.mp4,3108,0,7,0.0129934862678823,0.7409854888916015,0.7719067255655925,6,0.0100769180543634,0.7206287384033203,59.96002664890073
part_001.mp4,3109,0,6,0.0128185886951901,0.7412834803263346,0.7690733238502785,5,0.0116385769374998,0.7208521525065105,59.96002664890073
part_001.mp4,3110,0,5,0.0140807363379658,0.7181011835734049,0.214037436026114,4,0.0140807363379658,0.7215951919555664,59.96002664890073
part_001.mp4,3111,0,5,0.0157028421651813,0.7217920303344727,0.2256620053891782,4,0.0157028421651813,0.7221841812133789,59.96002664890073
part_001.mp4,3112,0,5,0.0160953484189424,0.7227570215861002,0.2312256424515335,4,0.0160953484189424,0.7227734247843425,59.96002664890073
part_001.mp4,3113,0,6,0.0163553930462943,0.7236873626708984,0.2324871204517505,5,0.0163553930462943,0.7236873626708984,59.96002664890073
part_001.mp4,3114,0,5,0.0163545487330001,0.7233190536499023,0.236475513599537,4,0.0163545487330001,0.7233442306518555,59.96002664890073
part_001.mp4,3115,0,5,0.0164942418844913,0.7245208740234375,0.2396043000397859,4,0.0164942418844913,0.7245208740234375,59.96002664890073
part_001.mp4,3116,0,5,0.0170151244481467,0.7254932403564454,0.2457311277036313,4,0.0170151244481467,0.7254932403564454,59.96002664890073
part_001.mp4,3117,0,6,0.0169404042815073,0.7260847091674805,0.249284588849103,5,0.0169404042815073,0.7260847091674805,59.96002664890073
part_001.mp4,3118,0,5,0.0171951800934039,0.7272327423095704,0.2569390190972222,4,0.0171951800934039,0.7272327423095704,59.96002664890073
part_001.mp4,3119,0,5,0.0176628154335776,0.7270509719848632,0.2613755967881944,4,0.0176628154335776,0.7270509719848632,59.96002664890073
part_001.mp4,3120,0,5,0.0180207789350081,0.7284734725952149,0.2645127473054108,4,0.0180207789350081,0.7284734725952149,59.96002664890073
part_001.mp4,3121,0,5,0.0186235434327682,0.7292746225992839,0.2726483662923177,4,0.0186235434327682,0.7292746225992839,59.96002664890073
part_001.mp4,3122,0,7,0.0193732649479819,0.7312215805053711,0.2782406559696904,6,0.0193732649479819,0.7312215805053711,59.96002664890073
part_001.mp4,3123,0,6,0.0197176991383538,0.7315204620361329,0.2834217495388454,5,0.0197176991383538,0.7315204620361329,59.96002664890073
part_001.mp4,3124,0,5,0.0198104332284613,0.7327719370524088,0.2886973345721209,4,0.0198104332284613,0.7327719370524088,59.96002664890073
part_001.mp4,3125,0,5,0.0206039579513081,0.7336225509643555,0.2985118442111545,4,0.0206039579513081,0.7336225509643555,59.96002664890073
part_001.mp4,3126,0,5,0.02031522970569,0.734162712097168,0.2996751573350694,4,0.02031522970569,0.734162712097168,59.96002664890073
part_001.mp4,3127,0,5,0.0206235992377332,0.7339302062988281,0.3099466111924913,4,0.0206235992377332,0.7339302062988281,59.96002664890073
part_001.mp4,3128,0,4,0.0212980474304155,0.734628168741862,0.3192050368697555,3,0.0212980474304155,0.734628168741862,59.96002664890073
part_001.mp4,3129,0,5,0.0325132687559137,0.7372703552246094,0.456397134286386,4,0.0325132687559137,0.7372703552246094,59.96002664890073
part_001.mp4,3130,0,6,0.0348933770784545,0.738795280456543,0.4534796396891276,4,0.0348933770784545,0.738795280456543,59.96002664890073
part_001.mp4,3131,0,6,0.0348265763265468,0.7387322107950847,0.4538421630859375,4,0.0348265763265468,0.7387322107950847,59.96002664890073
part_001.mp4,3132,0,5,0.0344586245742134,0.7395886103312175,0.4543196360270182,4,0.0344586245742134,0.7395886103312175,59.96002664890073
part_001.mp4,3133,0,5,0.0234164210457782,0.7402830123901367,0.3377451437490957,3,0.0234164210457782,0.7402830123901367,59.96002664890073
part_001.mp4,3134,0,5,0.0246172320395046,0.7417428970336915,0.3539359057391131,3,0.0246172320395046,0.7417428970336915,59.96002664890073
part_001.mp4,3135,0,6,0.0299602725219274,0.7425773620605469,0.4108310275607639,4,0.0299602725219274,0.7425773620605469,59.96002664890073
part_001.mp4,3136,0,6,0.031210047074039,0.7438210169474284,0.4232813658537688,4,0.031210047074039,0.7438210169474284,59.96002664890073
part_001.mp4,3137,0,4,0.0334669540686283,0.7463729858398438,0.441311772664388,3,0.0334669540686283,0.7463729858398438,59.96002664890073
part_001.mp4,3138,0,4,0.0331192410354399,0.7478204727172851,0.4342327541775174,3,0.0331192410354399,0.7478204727172851,59.96002664890073
part_001.mp4,3139,0,4,0.0340279484368295,0.7487408320109049,0.4449370207609954,3,0.0340279484368295,0.7487408320109049,59.96002664890073
part_001.mp4,3140,0,4,0.0340258380128135,0.7499305725097656,0.4478382534450955,3,0.0340258380128135,0.7499305725097656,59.96002664890073
part_001.mp4,3141,0,4,0.0320938668407001,0.750697135925293,0.4311571756998698,3,0.0320938668407001,0.750697135925293,59.96002664890073
part_001.mp4,3142,0,4,0.0332221861230209,0.7520160675048828,0.4425991058349609,3,0.0332221861230209,0.7520160675048828,59.96002664890073
part_001.mp4,3143,0,4,0.0333334817377962,0.7536013921101888,0.4445230413366247,3,0.0333334817377962,0.7536013921101888,59.96002664890073
part_001.mp4,3144,0,4,0.0351227096793418,0.754979133605957,0.4585543879756221,3,0.0351227096793418,0.754979133605957,59.96002664890073
part_001.mp4,3145,0,4,0.0353913276791394,0.7559289932250977,0.4636784164993851,3,0.0353913276791394,0.7559289932250977,59.96002664890073
part_001.mp4,3146,0,4,0.0351567855484406,0.7579853057861328,0.4587404109813549,3,0.0351567855484406,0.7579853057861328,59.96002664890073
part_001.mp4,3147,0,4,0.037422788875863,0.7591675440470378,0.4738914772316261,3,0.037422788875863,0.7591675440470378,59.96002664890073
part_001.mp4,3148,0,4,0.0374778114820057,0.7603326797485351,0.4769084930419922,3,0.0374778114820057,0.7603326797485351,59.96002664890073
part_001.mp4,3149,0,4,0.0377018072947895,0.7601458231608073,0.4836096445719401,3,0.0377018072947895,0.7601458231608073,59.96002664890073
part_001.mp4,3150,0,4,0.0395439627374462,0.7639656066894531,0.4940422058105468,3,0.0395439627374462,0.7639656066894531,59.96002664890073
part_001.mp4,3151,0,5,0.0416197797351439,0.7650165557861328,0.5241965964988425,4,0.0416197797351439,0.7650165557861328,59.96002664890073
part_001.mp4,3152,0,5,0.04185188896898,0.765264383951823,0.5358757584183305,4,0.04185188896898,0.765264383951823,59.96002664890073
part_001.mp4,3153,0,5,0.0424635614187799,0.76619078318278,0.5439451005723741,4,0.0424635614187799,0.76619078318278,59.96002664890073
part_001.mp4,3154,0,6,0.0448924065708221,0.772337532043457,0.5539777543809679,5,0.0448924065708221,0.772337532043457,59.96002664890073
part_001.mp4,3155,0,5,0.0455986073578801,0.7725388209025065,0.5672580542387786,5,0.0455986073578801,0.7725388209025065,59.96002664890073
part_001.mp4,3156,0,5,0.0473271699803768,0.7755374272664388,0.5776661484329789,5,0.0473271699803768,0.7755374272664388,59.96002664890073
part_001.mp4,3157,0,4,0.0492951173825839,0.7781138102213542,0.592861740677445,4,0.0492951173825839,0.7781138102213542,59.96002664890073
part_001.mp4,3158,0,4,0.0505176635153475,0.7794057846069335,0.6056909349229601,3,0.0022594731286696,0.6819402694702148,59.96002664890073
part_001.mp4,3159,0,5,0.051434353137032,0.7815859476725261,0.6149119200529876,3,0.0022486306306543,0.6820282618204753,59.96002664890073
part_001.mp4,3160,0,4,0.0529510259954258,0.7858191808064778,0.6217666625976562,3,0.0022316666019011,0.6826545079549153,59.96002664890073
part_001.mp4,3161,0,4,0.0523855685314629,0.7866905848185222,0.6250691731770833,3,0.0022360233094433,0.6826026916503907,59.96002664890073
part_001.mp4,3162,0,4,0.0534637643541726,0.7887606302897135,0.6278050740559896,3,0.002356211876128,0.6822161356608073,59.96002664890073
part_001.mp4,3163,0,4,0.0528267463123484,0.7902833938598632,0.6337228563096788,3,0.0025039074648197,0.6819816589355469,59.96002664890073
part_001.mp4,3164,0,4,0.053724704965506,0.793990961710612,0.6358779059516059,3,0.0026074689031035,0.682248878479004,59.96002664890073
part_001.mp4,3165,0,4,0.0533183561528588,0.79545472462972,0.6402759128146701,3,0.002722820055076,0.682842763264974,59.96002664890073
part_001.mp4,3166,0,4,0.0532367442747878,0.797588602701823,0.6456747690836588,3,0.0028111346785832,0.6831574122111003,59.96002664890073
part_001.mp4,3167,0,4,0.0517873155281348,0.7958779017130534,0.6481483883327908,3,0.0028798093079347,0.6829536437988282,59.96002664890073
part_001.mp4,3168,0,4,0.0522359538916202,0.7992765426635742,0.6561772558424208,3,0.0029252158532337,0.6829492568969726,59.96002664890073
part_001.mp4,3169,0,4,0.051923101137448,0.7995096842447916,0.660075064058657,3,0.002823002386463,0.682138188680013,59.96002664890073
part_001.mp4,3170,0,4,0.0528721775119952,0.8048901240030925,0.6641121334499783,3,0.0029266317207172,0.6825801849365234,59.96002664890073
part_001.mp4,3171,0,4,0.0525484112629262,0.8053646723429362,0.6660548033537688,3,0.0028756376762046,0.6818670908610026,59.96002664890073
part_001.mp4,3172,0,4,0.0532335281129471,0.8081212997436523,0.6655362482424135,3,0.0029800140784398,0.6816680908203125,59.96002664890073
part_001.mp4,3173,0,4,0.0529684229961181,0.8113043467203777,0.6721511876141584,3,0.0029554050941563,0.6824247360229492,59.96002664890073
part_001.mp4,3174,0,4,0.0545285837534754,0.8163530349731445,0.6735838254292806,3,0.0027988225075468,0.6823446909586589,59.96002664890073
part_001.mp4,3175,0,6,0.0549969885646027,0.8192596435546875,0.6755693470990216,5,0.0027546296123182,0.6912250518798828,59.96002664890073
part_001.mp4,3176,0,6,0.052925420956826,0.8233770370483399,0.6906228948522497,5,0.0031336783226018,0.691722551981608,59.96002664890073
part_001.mp4,3177,0,6,0.0522132787076407,0.8263311386108398,0.6988760630289713,5,0.0027446640742709,0.6929506301879883,59.96002664890073
part_001.mp4,3178,0,5,0.0518735806539916,0.8282848358154297,0.7040462811787923,4,0.0026684097259486,0.6935032526652019,59.96002664890073
part_001.mp4,3179,0,5,0.0517402823944454,0.8291881561279297,0.7070222536722819,4,0.0026077254805649,0.693504269917806,59.96002664890073
part_001.mp4,3180,0,6,0.0510648845945494,0.8286719004313151,0.7108233557807074,4,0.0028373645691856,0.6949249903361002,59.96002664890073
part_001.mp4,3181,0,6,0.0482297567410569,0.8236337661743164,0.7192402874981916,4,0.0027858617476886,0.6952913920084636,59.96002664890073
part_001.mp4,3182,0,7,0.0438461938525506,0.8132582346598307,0.7254481633504232,5,0.0028823218877692,0.6961729685465495,59.96002664890073
part_001.mp4,3183,0,8,0.0388923403303236,0.7989521662394206,0.7323145689787688,6,0.0033949782418009,0.6969470977783203,59.96002664890073
part_001.mp4,3184,0,7,0.0380491244111234,0.8011929194132487,0.7414004149260345,6,0.0037843239191688,0.6975147883097331,59.96002664890073
part_001.mp4,3185,0,8,0.0364814306938946,0.8008320490519206,0.749609664634422,7,0.0039043077864873,0.6973604202270508,59.96002664890073
part_001.mp4,3186,0,8,0.0355492627536511,0.7980305353800455,0.7491114651715314,7,0.0043452961819841,0.7017340342203776,59.96002664890073
part_001.mp4,3187,0,7,0.0352058379711363,0.7987780253092448,0.7519346378467701,6,0.0044954220246937,0.7019824981689453,59.96002664890073
part_001.mp4,3188,0,6,0.0345972488087944,0.7996540069580078,0.7572962866889106,5,0.0046367143788261,0.699338722229004,59.96002664890073
part_001.mp4,3189,0,9,0.0336185184532749,0.8003570556640625,0.7628060446845161,7,0.0049464413052299,0.702691650390625,59.96002664890073
part_001.mp4,3190,0,8,0.0329576956740412,0.7997781753540039,0.7654495239257812,6,0.0047019464940401,0.7017961502075195,59.96002664890073
part_001.mp4,3191,0,7,0.032237609010858,0.7975170771280925,0.7692691167195638,6,0.0048292986856684,0.7029199600219727,59.96002664890073
part_001.mp4,3192,0,6,0.031501404986015,0.7980388641357422,0.7727377573649089,4,0.0051900680460271,0.7020252227783204,59.96002664890073
part_001.mp4,3193,0,6,0.0294298094609015,0.7966253916422527,0.7850660112169053,4,0.0049784353565579,0.7005613962809245,59.96002664890073
part_001.mp4,3194,0,7,0.0272108788935414,0.8009590148925781,0.8072386211819119,4,0.004944687346142,0.7002123514811198,59.96002664890073
part_001.mp4,3195,0,7,0.027155195762033,0.8035476684570313,0.8097908443874783,4,0.0049550991920922,0.6997357050577799,59.96002664890073
part_001.mp4,3196,0,5,0.0310047360062638,0.806768798828125,0.7887574372468171,4,0.0050818083974768,0.7002775192260742,59.96002664890073
part_001.mp4,3197,0,7,0.0268622679230975,0.7235926310221354,0.7585788091023763,4,0.0050633445325284,0.6997014999389648,59.96002664890073
part_001.mp4,3198,0,10,0.0228306878268995,0.8132654190063476,0.8483494440714519,7,0.0051112989494463,0.7014598210652669,59.96002664890073
part_001.mp4,3199,0,9,0.021057707800242,0.8173004786173502,0.8633445103963217,5,0.0050885344952985,0.7001907348632812,59.96002664890073
part_001.mp4,3200,0,9,0.0189768039786334,0.8202133178710938,0.8760565863715277,5,0.0053088911897093,0.7007355372111003,59.96002664890073
part_001.mp4,3201,0,8,0.0181277536821714,0.8234467188517253,0.8849798361460368,4,0.0050857365938524,0.6991701126098633,59.96002664890073
part_001.mp4,3202,0,8,0.0156832051371424,0.8247343699137369,0.9012042186878344,4,0.0050714589610773,0.6987739562988281,59.96002664890073
part_001.mp4,3203,0,9,0.0140246831247255,0.82396240234375,0.9112216031109844,6,0.0047760065190151,0.7010115305582683,59.96002664890073
part_001.mp4,3204,0,8,0.0119588664055845,0.8214138666788737,0.9228908008999296,6,0.0047245657870856,0.7005779266357421,59.96002664890073
part_001.mp4,3205,0,10,0.0112940605453534,0.746991221110026,0.7973369386461046,7,0.0045194277048479,0.7006256103515625,59.96002664890073
part_001.mp4,3206,0,10,0.0109003441143054,0.7478129069010416,0.7991321139865452,7,0.0043380999657663,0.698802630106608,59.96002664890073
part_001.mp4,3207,0,9,0.0133030550045772,0.7559108734130859,0.8194940478713424,7,0.004438942490055,0.6964563369750977,59.96002664890073
part_001.mp4,3208,0,11,0.0130695320703398,0.7564534505208333,0.8289031399620904,9,0.0040172379520825,0.6934297561645508,59.96002664890073
part_001.mp4,3209,0,10,0.0136401719012509,0.7607086817423503,0.8309736251831055,7,0.0040649054612408,0.6940713246663411,59.96002664890073
part_001.mp4,3210,0,9,0.0131983530282135,0.761090087890625,0.83529601626926,7,0.002333338764675,0.6896794001261394,59.96002664890073
part_001.mp4,3211,0,9,0.0130812748888419,0.7618844350179036,0.8374736697585494,7,0.0041916924987109,0.6954732894897461,59.96002664890073
part_001.mp4,3212,0,9,0.0128813714568702,0.7618618011474609,0.8379626750946045,7,0.0041046383246969,0.6947096506754558,59.96002664890073
part_001.mp4,3213,0,7,0.0123927194009431,0.7617389678955078,0.8427214728461372,5,0.0041765776382871,0.6954057693481446,59.96002664890073
part_001.mp4,3214,0,8,0.0115480240485279,0.7605872472127279,0.8504570908016629,6,0.0040387864033012,0.6951641082763672,59.96002664890073
part_001.mp4,3215,0,8,0.0109640092113113,0.7609415690104167,0.8592884699503581,6,0.0050850373462674,0.7109799067179362,59.96002664890073
part_001.mp4,3216,0,9,0.0106326099674549,0.7604137420654297,0.8621946829336661,7,0.0058945013224405,0.7132568995157877,59.96002664890073
part_001.mp4,3217,0,8,0.0104153187753723,0.7611215591430665,0.8638798219186289,6,0.0040941963091285,0.6933988571166992,59.96002664890073
part_001.mp4,3218,0,7,0.0281212495209668,0.7191173553466796,0.7327310491491247,5,0.003732003374866,0.6916927337646485,59.96002664890073
part_001.mp4,3219,0,7,0.0098700967613694,0.7200792948404948,0.6395570119222005,5,0.0040285842079255,0.6943210601806641,59.96002664890073
part_001.mp4,3220,0,7,0.0101604822205909,0.7214281717936198,0.6357891506618923,5,0.0037698632925457,0.694004503885905,59.96002664890073
part_001.mp4,3221,0,8,0.0086458942631651,0.7628000259399415,0.8847442026491519,7,0.0039781646573658,0.6942183176676432,59.96002664890073
part_001.mp4,3222,0,8,0.0106382582313381,0.7188913981119792,0.6452551099989149,6,0.0038121885474538,0.6923622767130534,59.96002664890073
part_001.mp4,3223,0,8,0.0077056523468517,0.7634130477905273,0.8935359884191443,7,0.0033599363570424,0.6942440668741862,59.96002664890073
part_001.mp4,3224,0,8,0.0076242532251247,0.7640249252319335,0.8976715511745876,7,0.003583689819228,0.6919428507486979,59.96002664890073
part_001.mp4,3225,0,9,0.0074726156507313,0.7640883127848307,0.9001737064785428,7,0.0031065434667376,0.6936402002970378,59.96002664890073
part_001.mp4,3226,0,8,0.0076287309731196,0.7660988489786784,0.8989779366387262,6,0.0035425243414485,0.6919531504313151,59.96002664890073
part_001.mp4,3227,0,9,0.0078436063517498,0.766633415222168,0.8982992066277398,6,0.0034975401063436,0.6917052586873372,59.96002664890073
part_001.mp4,3228,0,10,0.0297360747014672,0.7197235107421875,0.7141110808761032,7,0.003101186969892,0.6927206675211589,59.96002664890073
part_001.mp4,3229,0,11,0.0086694190840535,0.767943000793457,0.88922577963935,8,0.003353490308466,0.6927833557128906,59.96002664890073
part_001.mp4,3230,0,10,0.0107556336689918,0.7228378295898438,0.624467729639124,7,0.0036396873233995,0.6935516993204752,59.96002664890073
part_001.mp4,3231,0,7,0.0097935060310259,0.7663544336954753,0.8785611488201001,6,0.003163289365475,0.691221046447754,59.96002664890073
part_001.mp4,3232,0,10,0.0300249520881882,0.7194806416829427,0.7109482800519025,7,0.0034633938369451,0.6911331176757812,59.96002664890073
part_001.mp4,3233,0,9,0.0269690843603004,0.7185541152954101,0.693728439896195,6,0.0029490526657092,0.6930707931518555,59.96002664890073
part_001.mp4,3234,0,7,0.0287501206253849,0.7198637008666993,0.6939220852322049,5,0.00234807233548,0.6865571975708008,59.96002664890073
part_001.mp4,3235,0,7,0.0296409885997673,0.7201210021972656,0.7109700414869521,5,0.0027866320277745,0.6868879318237304,59.96002664890073
part_001.mp4,3236,0,10,0.0300671423536651,0.7184297561645507,0.7036519474453397,8,0.0023922789531449,0.6932966232299804,59.96002664890073
part_001.mp4,3237,0,10,0.0088017724431005,0.7484014511108399,0.8621265005182337,9,0.0031239310960733,0.6936953226725261,59.96002664890073
part_001.mp4,3238,0,9,0.0088630327194469,0.7476025263468424,0.8603282027774387,8,0.0028858865305664,0.691333262125651,59.96002664890073
part_001.mp4,3239,0,9,0.0089623017880108,0.7468939463297526,0.8574214564429389,8,0.0035785033954824,0.6931995391845703,59.96002664890073
part_001.mp4,3240,0,6,0.0091167273161152,0.7471327463785807,0.8532169465665465,5,0.0037752930089482,0.6933212916056315,59.96002664890073
part_001.mp4,3241,0,5,0.0092873985168343,0.7468369166056316,0.8517537434895833,4,0.0038987305936407,0.6930949529012044,59.96002664890073
part_001.mp4,3242,0,5,0.0097523466906873,0.7469617843627929,0.8468551070601852,4,0.0039043848604584,0.6900968551635742,59.96002664890073
part_001.mp4,3243,0,5,0.0302142023581756,0.7177910486857096,0.7013128280639649,3,0.003816137996182,0.689909553527832,59.96002664890073
part_001.mp4,3244,0,7,0.0297307490831883,0.71612548828125,0.6971586651272244,5,0.0039412605996282,0.6879170099894206,59.96002664890073
part_001.mp4,3245,0,5,0.0101768959991265,0.7465316772460937,0.8418275674184164,4,0.0072962868198077,0.7082907358805338,59.96002664890073
part_001.mp4,3246,0,5,0.0101998945759435,0.7464262644449869,0.8416182412041558,4,0.0033887799457362,0.68980712890625,59.96002664890073
part_001.mp4,3247,0,7,0.0103341782690862,0.7458663940429687,0.8391567654079861,6,0.0069968450699525,0.7089363733927408,59.96002664890073
part_001.mp4,3248,0,6,0.0105520380457083,0.7460100809733073,0.8371947818332248,5,0.007164721136163,0.7099126815795899,59.96002664890073
part_001.mp4,3249,0,9,0.0106431644742648,0.746107546488444,0.8343711429172092,7,0.004813028312676,0.7038825352986654,59.96002664890073
part_001.mp4,3250,0,10,0.0108501451029668,0.7464790980021159,0.8315213309393988,9,0.0059091236190094,0.714065424601237,59.96002664890073
part_001.mp4,3251,0,10,0.0111485193503873,0.7470987955729167,0.829926602045695,9,0.0064687499198906,0.7056950251261394,59.96002664890073
part_001.mp4,3252,0,8,0.0112606889831497,0.7472648620605469,0.8286098003387451,7,0.0072294448197202,0.7125711441040039,59.96002664890073
part_001.mp4,3253,0,6,0.0114097142188964,0.7473697662353516,0.8274249023861355,5,0.0035345369696895,0.6919699350992838,59.96002664890073
part_001.mp4,3254,0,6,0.011842839189688,0.7480021158854167,0.8256389670901828,5,0.0034650177510047,0.6915598551432292,59.96002664890073
part_001.mp4,3255,0,5,0.0120159144189165,0.7471086502075195,0.8218865553538005,4,0.0034926822205594,0.6887392044067383,59.96002664890073
part_001.mp4,3256,0,6,0.0120177730957099,0.7466610590616862,0.8207032309638129,5,0.0032842934127544,0.6911646525065104,59.96002664890073
part_001.mp4,3257,0,7,0.0117441577526996,0.7462700525919597,0.8201298660702175,6,0.0066304369091031,0.7095424016316731,59.96002664890073
part_001.mp4,3258,0,8,0.0118913134997274,0.7463019053141277,0.8191366195678711,7,0.0066762317202799,0.7098787943522136,59.96002664890073
part_001.mp4,3259,0,7,0.0124074559130773,0.7472026824951172,0.8160654491848416,6,0.0069865657379274,0.7109620412190755,59.96002664890073
part_001.mp4,3260,0,7,0.012348503054042,0.7461167017618815,0.8130516052246094,6,0.0067295748599388,0.7102548599243164,59.96002664890073
part_001.mp4,3261,0,8,0.012400361430102,0.7449272791544597,0.8103875478108724,7,0.0052601230130838,0.7103334426879883,59.96002664890073
part_001.mp4,3262,0,8,0.0122254371789447,0.7436037063598633,0.8063570940936053,7,0.0033414947506389,0.6895643870035807,59.96002664890073
part_001.mp4,3263,0,7,0.0126069161667449,0.7453046798706054,0.805908203125,6,0.0032998223427933,0.6902280807495117,59.96002664890073
part_001.mp4,3264,0,6,0.0122171966686437,0.7430099487304688,0.8032850901285807,5,0.0031030137663603,0.6896275838216146,59.96002664890073
part_001.mp4,3265,0,6,0.0123219218077226,0.7425232569376627,0.801548774154098,5,0.0031631702735224,0.6900236129760742,59.96002664890073
part_001.mp4,3266,0,6,0.0121160117979646,0.7419249216715494,0.7982761594984267,5,0.003010464907641,0.6916589736938477,59.96002664890073
part_001.mp4,3267,0,7,0.0120783708969975,0.7415956497192383,0.7972919252183702,6,0.0058127656886063,0.7054702758789062,59.96002664890073
part_001.mp4,3268,0,7,0.0117446037832107,0.7396067301432292,0.7945673200819228,6,0.00305199295312,0.6903104782104492,59.96002664890073
part_001.mp4,3269,0,7,0.0119478948304849,0.7389799118041992,0.7907312251903392,6,0.0030808404384178,0.6915564219156901,59.96002664890073
part_001.mp4,3270,0,7,0.0122842667660626,0.7397745768229167,0.7862893069231952,6,0.0051253519199963,0.7057520548502604,59.96002664890073
part_001.mp4,3271,0,7,0.0125866128239916,0.7401376088460286,0.783204608493381,6,0.0051315923353472,0.7052587509155274,59.96002664890073
part_001.mp4,3272,0,6,0.0125998238308238,0.7400143305460612,0.782488759358724,5,0.0051729577680816,0.7062229156494141,59.96002664890073
part_001.mp4,3273,0,8,0.0122878700722907,0.7394039154052734,0.7739453845553927,7,0.0050913762616498,0.7067840576171875,59.96002664890073
part_001.mp4,3274,0,9,0.0119254068527273,0.7381838480631511,0.7685134887695313,8,0.002338421861129,0.6919488906860352,59.96002664890073
part_001.mp4,3275,0,10,0.0120335932067852,0.7383970260620117,0.7658058378431533,9,0.0026334469320621,0.7016168594360351,59.96002664890073
part_001.mp4,3276,0,8,0.0119353212100395,0.7386009216308593,0.7603636423746745,7,0.0028446602358114,0.6998844146728516,59.96002664890073
part_001.mp4,3277,0,9,0.0116369163597577,0.7384074529012045,0.7541655010647244,7,0.0028294916726331,0.700579833984375,59.96002664890073
part_001.mp4,3278,0,7,0.0116351993242278,0.7397602081298829,0.7472333272298177,5,0.0028246509931413,0.6933384577433268,59.96002664890073
part_001.mp4,3279,0,9,0.0115217389047676,0.739055061340332,0.7416488647460937,7,0.0029639680962955,0.7000900268554687,59.96002664890073
part_001.mp4,3280,0,7,0.010826774543473,0.7379965464274089,0.7260242532800745,5,0.0029662453540368,0.6923004150390625,59.96002664890073
part_001.mp4,3281,0,6,0.0112253252811691,0.7386509577433268,0.7229238510131836,4,0.00315901570498,0.6918256759643555,59.96002664890073
part_001.mp4,3282,0,7,0.0109897382203578,0.738269297281901,0.7183648497970015,5,0.0031122721002018,0.7014456431070963,59.96002664890073
part_001.mp4,3283,0,6,0.010884935626794,0.738459587097168,0.7147356245252822,4,0.0031022416935431,0.691868273417155,59.96002664890073
part_001.mp4,3284,0,5,0.010237897519321,0.7364674886067708,0.7078599364669235,3,0.0030805260676263,0.6929227828979492,59.96002664890073
part_001.mp4,3285,0,5,0.0100342139781181,0.7354803085327148,0.70169677734375,3,0.0031318602293322,0.686420186360677,59.96002664890073
part_001.mp4,3286,0,6,0.0274483894256782,0.7028640747070313,0.6635288909629539,3,0.0031110195525495,0.6860954284667968,59.96002664890073
part_001.mp4,3287,0,6,0.009534031858202,0.733892822265625,0.6908576117621528,4,0.0043963490530829,0.7052112579345703,59.96002664890073
part_001.mp4,3288,0,6,0.009163497293452,0.7332645416259765,0.6854087052521882,4,0.0044840546547655,0.7048723856608073,59.96002664890073
part_001.mp4,3289,0,7,0.0091138001585882,0.7332286198933919,0.6832955748946579,5,0.0047067011815508,0.705584971110026,59.96002664890073
part_001.mp4,3290,0,7,0.0093486715523963,0.7336847305297851,0.6749584904423467,5,0.004861339747052,0.7054784138997395,59.96002664890073
part_001.mp4,3291,0,7,0.0094412243265173,0.7338493347167969,0.669253123248065,5,0.0034778138293283,0.7019859949747721,59.96002664890073
part_001.mp4,3292,0,8,0.0091814046929357,0.7331630706787109,0.6636612786187066,6,0.0045517006644513,0.7062870661417643,59.96002664890073
part_001.mp4,3293,0,7,0.0090483920397965,0.7327559153238933,0.658730987266258,5,0.0042461797285014,0.7070138931274415,59.96002664890073
part_001.mp4,3294,0,6,0.0085115649750352,0.7321455637613933,0.6510708279079861,4,0.0038680376516519,0.7032261530558268,59.96002664890073
part_001.mp4,3295,0,8,0.008270714760109,0.7320622762044271,0.6459220462375217,6,0.0036830538472902,0.7029188791910808,59.96002664890073
part_001.mp4,3296,0,10,0.0090735100543921,0.7354345957438151,0.6404798860903139,8,0.0037970591051055,0.7037883758544922,59.96002664890073
part_001.mp4,3297,0,9,0.0092854409344942,0.7361885706583658,0.6343340273256655,7,0.0037615210513791,0.7037108103434245,59.96002664890073
part_001.mp4,3298,0,8,0.0093384384883393,0.7366703669230144,0.6313454804597077,6,0.0036805169537439,0.7037899017333984,59.96002664890073
part_001.mp4,3299,0,8,0.0089128955803446,0.7361503601074219,0.6266852060953776,6,0.0035656296962298,0.7040304819742839,59.96002664890073
part_001.mp4,3300,0,10,0.0085946081697895,0.7354616165161133,0.624055544535319,8,0.0037682552571856,0.7041452407836915,59.96002664890073
part_001.mp4,3301,0,11,0.0078254900387643,0.7504541397094726,0.8752047644721137,9,0.0040281505151587,0.7071537017822266,59.96002664890073
part_001.mp4,3302,0,10,0.008580830459547,0.7536919275919597,0.8711554668567799,8,0.0039753480389481,0.7068056106567383,59.96002664890073
part_001.mp4,3303,0,9,0.0083933863758634,0.7508161544799805,0.8693777154993128,7,0.003606437143252,0.7060741424560547,59.96002664890073
part_001.mp4,3304,0,8,0.008552934506507,0.7503624598185221,0.8663443953902633,7,0.0076306172248218,0.7311031341552734,59.96002664890073
part_001.mp4,3305,0,10,0.0088753128271202,0.7502262751261394,0.8590271879125524,9,0.007220743682949,0.7296658198038737,59.96002664890073
part_001.mp4,3306,0,9,0.0087625246727502,0.7484976450602213,0.8566806192751284,8,0.0068573493748731,0.7280508677164713,59.96002664890073
part_001.mp4,3307,0,10,0.0092689001873228,0.7501322428385416,0.8540273825327556,9,0.0070478805937562,0.7287867863972982,59.96002664890073
part_001.mp4,3308,0,9,0.0099807945927666,0.7525882720947266,0.8495344815430818,8,0.0070544421280889,0.7289761225382487,59.96002664890073
part_001.mp4,3309,0,9,0.0109299498223157,0.7570734024047852,0.8459125571780735,8,0.0072549621424534,0.7301409403483073,59.96002664890073
part_001.mp4,3310,0,9,0.0107720541012423,0.7555221557617188,0.8444953618226227,8,0.0073831096619606,0.7319477081298829,59.96002664890073
part_001.mp4,3311,0,12,0.0113338847482737,0.7572874704996745,0.8413723203870985,11,0.0067925924839693,0.7305349985758464,59.96002664890073
part_001.mp4,3312,0,8,0.0117110825096002,0.7582087198893229,0.8377555847167969,7,0.0067306158413972,0.7292373657226563,59.96002664890073
part_001.mp4,3313,0,8,0.0118375966672222,0.7584591547648112,0.8358649147881402,7,0.0066720096094326,0.7284194946289062,59.96002664890073
part_001.mp4,3314,0,9,0.0123642222103323,0.758515739440918,0.8308955298529731,8,0.0064946408836274,0.7278810501098633,59.96002664890073
part_001.mp4,3315,0,10,0.012607787901652,0.7580288569132487,0.8286134931776259,9,0.0061424624044405,0.7264883677164714,59.96002664890073
part_001.mp4,3316,0,11,0.0126566576786906,0.7577679951985677,0.8275417963663737,10,0.0063107272579024,0.7275168736775716,59.96002664890073
part_001.mp4,3317,0,11,0.0129177789614267,0.7580134073893229,0.8236152013142903,10,0.005655213927794,0.7239604314168294,59.96002664890073
part_001.mp4,3318,0,11,0.0128810885813268,0.7573585510253906,0.8215778050599275,10,0.0057854197902175,0.7248455047607422,59.96002664890073
part_001.mp4,3319,0,9,0.013110168512976,0.7574010848999023,0.8189025243123372,8,0.0058135379041858,0.7242347717285156,59.96002664890073
part_001.mp4,3320,0,9,0.0130698104845322,0.7554208119710286,0.8150954140557183,8,0.0058655128045588,0.7244443893432617,59.96002664890073
part_001.mp4,3321,0,8,0.0141563017996183,0.756964365641276,0.8034129672580295,7,0.005744436557652,0.7231639862060547,59.96002664890073
part_001.mp4,3322,0,8,0.0135861375060752,0.755521011352539,0.8075732125176324,7,0.0054326711144056,0.7230782190958659,59.96002664890073
part_001.mp4,3323,0,9,0.0145927150948679,0.7561197280883789,0.7948246002197266,8,0.0054215964103221,0.7230026245117187,59.96002664890073
part_001.mp4,3324,0,8,0.014085719780673,0.7547612508138021,0.797477043999566,7,0.0056340722534757,0.7233121871948243,59.96002664890073
part_001.mp4,3325,0,7,0.0132081182843022,0.7512543360392253,0.7979872809516059,6,0.0054360239548259,0.7235673904418946,59.96002664890073
part_001.mp4,3326,0,8,0.0133186411186276,0.7510742823282878,0.7934842851426867,7,0.0052458207724784,0.7232570648193359,59.96002664890073
part_001.mp4,3327,0,7,0.0131373288291851,0.7503856658935547,0.7846491778338397,6,0.0053956207572825,0.7239859898885092,59.96002664890073
part_001.mp4,3328,0,8,0.0130407601413753,0.7493055979410808,0.7814241621229384,7,0.0055224623494292,0.7226736068725585,59.96002664890073
part_001.mp4,3329,0,9,0.0128767922913377,0.7490805308024089,0.7816024356418185,8,0.0057087307078634,0.7233445485432942,59.96002664890073
part_001.mp4,3330,0,8,0.0132575194701874,0.7485383987426758,0.7839468850029839,7,0.0056107659362411,0.7243656794230143,59.96002664890073
part_001.mp4,3331,0,7,0.0141838637086577,0.7499143600463867,0.7833697848849827,6,0.005122439716797,0.7221675237019857,59.96002664890073
part_001.mp4,3332,0,8,0.0139920175352062,0.7476612091064453,0.7780410625316478,7,0.0051240433986184,0.7219231923421224,59.96002664890073
part_001.mp4,3333,0,9,0.013848344786129,0.7456108729044596,0.7712079012835468,8,0.0051428841798689,0.7217070261637369,59.96002664890073
part_001.mp4,3334,0,8,0.0145515072115004,0.7478752772013346,0.7704965591430664,7,0.0049378668276067,0.7212669372558593,59.96002664890073
part_001.mp4,3335,0,8,0.0141599237866251,0.7470051447550455,0.7675765991210938,7,0.0051442542030417,0.7218223571777344,59.96002664890073
part_001.mp4,3336,0,10,0.0151419457133225,0.7508816401163737,0.7656682332356771,8,0.0046574118953517,0.719304084777832,59.96002664890073
part_001.mp4,3337,0,8,0.0136586227269031,0.7468767166137695,0.7495314280192057,7,0.0044284217721724,0.7188648859659831,59.96002664890073
part_001.mp4,3338,0,8,0.0129236507743742,0.7446331024169922,0.7396920592696579,7,0.0047016452192986,0.7196945190429688,59.96002664890073
part_001.mp4,3339,0,8,0.0129779420619511,0.7451854705810547,0.7325733184814454,6,0.0045793627949077,0.7187976837158203,59.96002664890073
part_001.mp4,3340,0,8,0.0130020876960083,0.745468012491862,0.7234186172485352,6,0.004417865643247,0.7189701080322266,59.96002664890073
part_001.mp4,3341,0,10,0.0127486149398033,0.7451037724812826,0.7150302604392723,8,0.0044656497147042,0.7192472457885742,59.96002664890073
part_001.mp4,3342,0,10,0.0120141687804223,0.7412286758422851,0.7113529841105143,8,0.0045023154390192,0.7187091827392578,59.96002664890073
part_001.mp4,3343,0,12,0.01240695007126,0.7452465057373047,0.7032606901945891,10,0.0047989379601009,0.7193660736083984,59.96002664890073
part_001.mp4,3344,0,11,0.012450520693221,0.7442417144775391,0.6982607947455512,9,0.0055119604838546,0.7191150665283204,59.96002664890073
part_001.mp4,3345,0,10,0.0118547979182316,0.7416269938151042,0.6862582136083533,8,0.005018917399866,0.7189121882120768,59.96002664890073
part_001.mp4,3346,0,11,0.0118817821077876,0.7433144887288411,0.6831886220861364,9,0.004968365163206,0.7187067031860351,59.96002664890073
part_001.mp4,3347,0,9,0.0116927640121705,0.7424150466918945,0.6746375119244611,7,0.0049435819325865,0.718298594156901,59.96002664890073
part_001.mp4,3348,0,8,0.0114807325968286,0.7405279159545899,0.6714092961064091,6,0.0046278860704236,0.718051020304362,59.96002664890073
part_001.mp4,3349,0,7,0.0108139258020916,0.7391937891642253,0.662074089050293,5,0.0049037678073929,0.7194330215454101,59.96002664890073
part_001.mp4,3350,0,8,0.0106098503576746,0.7383209228515625,0.6523521423339844,6,0.0058609151483472,0.718578020731608,59.96002664890073
part_001.mp4,3351,0,7,0.0103089529208955,0.7379716873168946,0.6460681915283203,5,0.0061074989450302,0.717843500773112,59.96002664890073
part_001.mp4,3352,0,7,0.0101803107425156,0.7377346674601237,0.641046142578125,5,0.0057620102108203,0.717921765645345,59.96002664890073
part_001.mp4,3353,0,8,0.0102327796916749,0.7376928965250651,0.6417225307888454,6,0.0057875595362799,0.7192156473795573,59.96002664890073
part_001.mp4,3354,0,8,0.0098576892760724,0.7357418060302734,0.6353423224555121,6,0.0059645020775604,0.717077128092448,59.96002664890073
part_001.mp4,3355,0,10,0.0094361694014972,0.7359077453613281,0.6302957464147497,8,0.0057965777582419,0.7272799173990886,59.96002664890073
part_001.mp4,3356,0,9,0.0098231742170268,0.7359836578369141,0.6268385216041847,7,0.0055463914385778,0.7160320281982422,59.96002664890073
part_001.mp4,3357,0,7,0.0101301686893737,0.7375668207804362,0.624576476768211,5,0.0056372969502505,0.7165783564249675,59.96002664890073
part_001.mp4,3358,0,7,0.0098630603269608,0.7374279022216796,0.6135223035459165,5,0.0056856893822421,0.716555658976237,59.96002664890073
part_001.mp4,3359,0,7,0.010015323570733,0.7380155563354492,0.6059486459802699,5,0.0058060805277394,0.716124153137207,59.96002664890073
part_001.mp4,3360,0,8,0.0096002539318417,0.7357334772745768,0.5993461891456887,7,0.0096002539318417,0.7357334772745768,59.96002664890073
part_001.mp4,3361,0,8,0.0095313410122967,0.7364807764689127,0.5945551695647063,7,0.0095313410122967,0.7364807764689127,59.96002664890073
part_001.mp4,3362,0,7,0.0093580403140448,0.7354008356730143,0.5932361744068287,6,0.0093580403140448,0.7354008356730143,59.96002664890073
part_001.mp4,3363,0,6,0.0090455876338226,0.7346038818359375,0.5845682214807582,5,0.0090455876338226,0.7346038818359375,59.96002664890073
part_001.mp4,3364,0,6,0.0088233043180985,0.7336453119913737,0.5683780811451099,5,0.0088233043180985,0.7336453119913737,59.96002664890073
part_001.mp4,3365,0,6,0.0085017979151598,0.7318094889322917,0.5652078840467665,5,0.0085017979151598,0.7318094889322917,59.96002664890073
part_001.mp4,3366,0,6,0.0091464676398087,0.7539827982584636,0.8592275725470648,5,0.0087916781419425,0.7326528549194335,59.96002664890073
part_001.mp4,3367,0,6,0.0092436023050309,0.7515389760335286,0.8526938191166631,5,0.0084691546602698,0.7325687408447266,59.96002664890073
part_001.mp4,3368,0,6,0.0098333315920522,0.75459410349528,0.8509317892569083,5,0.0085139034762256,0.733331298828125,59.96002664890073
part_001.mp4,3369,0,6,0.0108324894832912,0.7573303858439128,0.844718579892759,5,0.0086626799484135,0.7336357752482097,59.96002664890073
part_001.mp4,3370,0,7,0.0107503121363769,0.7575751622517903,0.8449923479998553,6,0.0083669403601146,0.7325794219970703,59.96002664890073
part_001.mp4,3371,0,7,0.0111193200512579,0.7583887736002605,0.843733603866012,6,0.0084544558644227,0.7328707377115885,59.96002664890073
part_001.mp4,3372,0,10,0.0114988126071114,0.7585023880004883,0.8375915474361844,9,0.0082225020338821,0.7325565973917644,59.96002664890073
part_001.mp4,3373,0,8,0.0117399979390915,0.7591410319010417,0.8347079930482088,7,0.0082975638306568,0.7317157745361328,59.96002664890073
part_001.mp4,3374,0,9,0.0120462233245483,0.7596471150716145,0.8314312899554217,8,0.0081180525848564,0.731590461730957,59.96002664890073
part_001.mp4,3375,0,9,0.0121404872475411,0.7583323796590169,0.8286422729492188,8,0.0075237152864078,0.7296402613321941,59.96002664890073
part_001.mp4,3376,0,10,0.0123246921363978,0.7587556838989258,0.8279793209499783,9,0.007284014009379,0.7291412989298502,59.96002664890073
part_001.mp4,3377,0,9,0.0124602308935047,0.7575706481933594,0.8263066821628147,8,0.0070962622031965,0.7282051722208659,59.96002664890073
part_001.mp4,3378,0,8,0.0127928364918827,0.7573619842529297,0.8216694778866238,7,0.0067342462776448,0.7264782587687174,59.96002664890073
part_001.mp4,3379,0,8,0.0129286221941314,0.757197380065918,0.8197025934855143,7,0.0065884569249222,0.7264639536539713,59.96002664890073
part_001.mp4,3380,0,8,0.0131530591420434,0.7573904673258464,0.8178416358100044,7,0.0064556330132365,0.725513776143392,59.96002664890073
part_001.mp4,3381,0,9,0.0131582593384977,0.7568071365356446,0.8161741751211661,8,0.0067411031361229,0.7268404642740885,59.96002664890073
part_001.mp4,3382,0,8,0.0132052335737615,0.7559504826863607,0.8144453260633681,7,0.0065914433011332,0.7262121200561523,59.96002664890073
part_001.mp4,3383,0,5,0.0134522721083955,0.7561946868896484,0.8118934701990198,4,0.0067609391809673,0.7254400253295898,59.96002664890073
part_001.mp4,3384,0,5,0.0135202459649008,0.7561918258666992,0.810373051961263,4,0.006882244911853,0.7268255233764649,59.96002664890073
part_001.mp4,3385,0,6,0.0139253611832208,0.7563059488932292,0.8067977340133102,5,0.0064654748521408,0.7258100509643555,59.96002664890073
part_001.mp4,3386,0,6,0.0139720610187052,0.7553171157836914,0.8043208652072482,5,0.0066210068039233,0.7263006210327149,59.96002664890073
part_001.mp4,3387,0,6,0.0136328650458533,0.7539859135945638,0.8030734238801179,5,0.006691826135071,0.7258574167887369,59.96002664890073
part_001.mp4,3388,0,7,0.0137871250767986,0.7533802668253581,0.7985719680786133,6,0.0067957095646609,0.725674057006836,59.96002664890073
part_001.mp4,3389,0,11,0.013661083571297,0.7520012537638346,0.7960045708550347,9,0.0068578586510072,0.7258960088094075,59.96002664890073
part_001.mp4,3390,0,8,0.013550289227763,0.7508447647094727,0.794980239868164,6,0.0069794099134742,0.7250177383422851,59.96002664890073
part_001.mp4,3391,0,9,0.0125117135823529,0.7451065063476563,0.7923823957090025,8,0.0069670368319687,0.7232660929361979,59.96002664890073
part_001.mp4,3392,0,7,0.0139205149094777,0.7512548446655274,0.7918242984347873,6,0.0072064113791674,0.7225472132364908,59.96002664890073
part_001.mp4,3393,0,7,0.013468355084252,0.7485902786254883,0.7889172448052301,6,0.0071449423628682,0.7224653244018555,59.96002664890073
part_001.mp4,3394,0,6,0.0131234220683109,0.7467222213745117,0.7859590318467882,5,0.0070731712173437,0.722572135925293,59.96002664890073
part_001.mp4,3395,0,8,0.0131873808799422,0.7456327438354492,0.7849044658519604,7,0.0070194770945818,0.7227092742919922,59.96002664890073
part_001.mp4,3396,0,7,0.0132714369359328,0.7465193430582683,0.7858050240410699,6,0.0070547392449225,0.7237014770507812,59.96002664890073
part_001.mp4,3397,0,7,0.013209113422094,0.7456655502319336,0.7813388612535265,6,0.0070596633936576,0.7239856084187826,59.96002664890073
part_001.mp4,3398,0,8,0.0133909894746601,0.7451121012369791,0.7799256218804254,7,0.0069599336256807,0.7243111292521159,59.96002664890073
part_001.mp4,3399,0,11,0.0135050818029897,0.7462793350219726,0.7770525190565322,9,0.0066954421854461,0.72458922068278,59.96002664890073
part_001.mp4,3400,0,11,0.0130892668587572,0.7432136535644531,0.7729192309909396,10,0.0070866661155175,0.7247760772705079,59.96002664890073
part_001.mp4,3401,0,8,0.013385384929279,0.7442184448242187,0.7720948961046007,7,0.0071667406866725,0.7252206802368164,59.96002664890073
part_001.mp4,3402,0,8,0.0133369851885288,0.744630241394043,0.7687423706054688,7,0.0076670750012433,0.7242750803629557,59.96002664890073
part_001.mp4,3403,0,7,0.0131351014786021,0.7428486506144206,0.7654817157321506,6,0.0080156863803858,0.7249830881754558,59.96002664890073
part_001.mp4,3404,0,8,0.0132989879262917,0.7426304499308268,0.764387434500235,7,0.00773855186005,0.7239927927652995,59.96002664890073
part_001.mp4,3405,0,8,0.0134646907993252,0.7429726282755534,0.7599021487765842,7,0.0076239939360109,0.7230463027954102,59.96002664890073
part_001.mp4,3406,0,7,0.0132500279790231,0.7429630915323894,0.7521518495347764,6,0.0075153465183231,0.7233089447021485,59.96002664890073
part_001.mp4,3407,0,7,0.0127665816940673,0.7412548700968424,0.7453732243290654,6,0.0083283849744152,0.7225315729777019,59.96002664890073
part_001.mp4,3408,0,7,0.0126831355868246,0.741168467203776,0.7401745902167426,6,0.008491370554095,0.7216535568237304,59.96002664890073
part_001.mp4,3409,0,8,0.0116640925506147,0.7402786254882813,0.7279222559045863,6,0.0085161076762435,0.7231805801391602,59.96002664890073
part_001.mp4,3410,0,7,0.0108266873524297,0.7389883041381836,0.7145322658397534,5,0.0094362030402138,0.723879623413086,59.96002664890073
part_001.mp4,3411,0,7,0.0107969920045717,0.7390909830729167,0.7118599715056243,5,0.0093604778442143,0.7239764531453451,59.96002664890073
part_001.mp4,3412,0,7,0.0107764341269783,0.7389675140380859,0.7118467684145326,5,0.0089527699567972,0.7234627405802408,59.96002664890073
part_001.mp4,3413,0,7,0.010766209394906,0.7387131373087565,0.7109601479989511,5,0.009058815362611,0.7238402048746745,59.96002664890073
part_001.mp4,3414,0,7,0.0106370690232627,0.738087272644043,0.7070912467108832,5,0.0087087684973893,0.7236196517944335,59.96002664890073
part_001.mp4,3415,0,7,0.0105507073069748,0.7383261362711588,0.7015012741088867,5,0.0087444367247452,0.7243446350097656,59.96002664890073
part_001.mp4,3416,0,7,0.0109040722229514,0.7391708374023438,0.6969525796395761,5,0.0086847780448281,0.7239157358805338,59.96002664890073
part_001.mp4,3417,0,7,0.011015016483725,0.7390919367472331,0.6973443490487558,5,0.0088160148505779,0.7232147852579752,59.96002664890073
part_001.mp4,3418,0,7,0.0106419676487429,0.738267199198405,0.6851804168136032,5,0.008859498656772,0.7230865478515625,59.96002664890073
part_001.mp4,3419,0,7,0.0106094064723476,0.7377605438232422,0.6825415010805483,5,0.0103738438865144,0.7237885157267253,59.96002664890073
part_001.mp4,3420,0,7,0.0105214190366704,0.737424659729004,0.6778456935176143,5,0.01012407569039,0.7236345291137696,59.96002664890073
part_001.mp4,3421,0,7,0.0106514952399241,0.7370570500691732,0.6705315625226056,5,0.0101393162912831,0.7234043757120768,59.96002664890073
part_001.mp4,3422,0,6,0.0105410885394182,0.7362751642862956,0.6661368899875217,4,0.01008556071989,0.7235775629679362,59.96002664890073
part_001.mp4,3423,0,6,0.0104634714257617,0.7360576629638672,0.6659078103524667,4,0.0099259486904419,0.7239885330200195,59.96002664890073
part_001.mp4,3424,0,6,0.0098799032772764,0.7344106674194336,0.6571330247101961,4,0.0096446578926891,0.7239758173624674,59.96002664890073
part_001.mp4,3425,0,6,0.0099363603238331,0.7355931599934896,0.652920765346951,4,0.0096495257173147,0.7242588043212891,59.96002664890073
part_001.mp4,3426,0,5,0.0100079282877332,0.73603941599528,0.6604620827568902,3,0.0097716534243469,0.7246105194091796,59.96002664890073
part_001.mp4,3427,0,7,0.0097935686292476,0.7246681213378906,0.3411294160065827,5,0.0097935686292476,0.7246681213378906,59.96002664890073
part_001.mp4,3428,0,7,0.0097494247656733,0.7251447041829427,0.3425315856933594,5,0.0097494247656733,0.7251447041829427,59.96002664890073
part_001.mp4,3429,0,6,0.0097405682563678,0.7252889633178711,0.3431214226616753,4,0.0097405682563678,0.7252889633178711,59.96002664890073
part_001.mp4,3430,0,7,0.009678845621723,0.725369644165039,0.3418535020616319,5,0.009678845621723,0.725369644165039,59.96002664890073
part_001.mp4,3431,0,6,0.009705805133514,0.7258080800374349,0.3448239079228154,4,0.009705805133514,0.7258080800374349,59.96002664890073
part_001.mp4,3432,0,7,0.0099528289088522,0.7263520558675131,0.3527856897424768,4,0.0099528289088522,0.7263520558675131,59.96002664890073
part_001.mp4,3433,0,7,0.0104973554673671,0.7276780446370442,0.3621092902289496,4,0.0104973554673671,0.7276780446370442,59.96002664890073
part_001.mp4,3434,0,8,0.0105371848542778,0.7283248901367188,0.3671459763138383,5,0.0105371848542778,0.7283248901367188,59.96002664890073
part_001.mp4,3435,0,7,0.0104019301349277,0.7286549886067708,0.372111087375217,4,0.0104019301349277,0.7286549886067708,59.96002664890073
part_001.mp4,3436,0,6,0.0103091344760549,0.7284769058227539,0.3751549614800347,3,0.0103091344760549,0.7284769058227539,59.96002664890073
part_001.mp4,3437,0,7,0.0103476419050383,0.7284133911132813,0.3815434067337601,4,0.0103476419050383,0.7284133911132813,59.96002664890073
part_001.mp4,3438,0,6,0.0107318963422127,0.7277001063028972,0.1508950410065827,4,0.0107318963422127,0.7298370997111002,59.96002664890073
part_001.mp4,3439,0,5,0.0113025542625972,0.7293878555297851,0.1557557847764757,3,0.0113025542625972,0.7300596872965495,59.96002664890073
part_001.mp4,3440,0,6,0.0112713986150791,0.7297238032023112,0.1585725572374132,4,0.0112713986150791,0.7297238032023112,59.96002664890073
part_001.mp4,3441,0,6,0.0111915507234839,0.7306515375773112,0.1657786051432291,4,0.0111915507234839,0.7306515375773112,59.96002664890073
part_001.mp4,3442,0,6,0.0115362772203473,0.7316144943237305,0.1689378809045862,4,0.0115362772203473,0.7316144943237305,59.96002664890073
part_001.mp4,3443,0,7,0.0119509539926851,0.7324118296305339,0.1767179701063368,5,0.0119509539926851,0.7324118296305339,59.96002664890073
part_001.mp4,3444,0,6,0.0123479390225838,0.7326918284098307,0.1829154968261718,4,0.0123479390225838,0.7326918284098307,59.96002664890073
part_001.mp4,3445,0,7,0.012425140699294,0.7330544153849284,0.1911537170410156,4,0.012425140699294,0.7330544153849284,59.96002664890073
part_001.mp4,3446,0,7,0.0126796861337627,0.7341622034708659,0.1978105898256655,4,0.0126796861337627,0.7341622034708659,59.96002664890073
part_001.mp4,3447,0,8,0.0125980455789249,0.7342685699462891,0.2015989515516493,5,0.0125980455789249,0.7342685699462891,59.96002664890073
part_001.mp4,3448,0,9,0.0126284719015368,0.734540049235026,0.2073019522207754,6,0.0126284719015368,0.7360237121582032,59.96002664890073
part_001.mp4,3449,0,8,0.0130938447955823,0.7370376586914062,0.2109691478587963,6,0.0130938447955823,0.7371232986450196,59.96002664890073
part_001.mp4,3450,0,8,0.0140537966112552,0.737544059753418,0.2209478025083188,6,0.0140537966112552,0.737544059753418,59.96002664890073
part_001.mp4,3451,0,8,0.0139542283955045,0.7377291361490885,0.228331869619864,7,0.0139542283955045,0.7377291361490885,59.96002664890073
part_001.mp4,3452,0,6,0.014222782875187,0.7385680516560872,0.232087990089699,5,0.014222782875187,0.7385680516560872,59.96002664890073
part_001.mp4,3453,0,6,0.0144478072715207,0.7394851684570313,0.2403246844256365,5,0.0144478072715207,0.7394851684570313,59.96002664890073
part_001.mp4,3454,0,7,0.0148045205262476,0.7407314300537109,0.2488970156069155,6,0.0148045205262476,0.7407314300537109,59.96002664890073
part_001.mp4,3455,0,7,0.015064156369319,0.7409149805704752,0.2550728974518952,6,0.015064156369319,0.7409149805704752,59.96002664890073
part_001.mp4,3456,0,6,0.0154819053937831,0.7415078481038412,0.2597401936848958,5,0.0154819053937831,0.7415078481038412,59.96002664890073
part_001.mp4,3457,0,6,0.015768308293056,0.7416762034098308,0.2642730995460793,5,0.015768308293056,0.7416762034098308,59.96002664890073
part_001.mp4,3458,0,7,0.016110541584591,0.7424419403076172,0.2746910942925347,6,0.016110541584591,0.7424419403076172,59.96002664890073
part_001.mp4,3459,0,8,0.0163227482967906,0.7434609095255534,0.2856190999348958,7,0.0163227482967906,0.7434609095255534,59.96002664890073
part_001.mp4,3460,0,7,0.016825098181208,0.7443134307861328,0.2937602855541087,6,0.016825098181208,0.7443134307861328,59.96002664890073
part_001.mp4,3461,0,7,0.017065300027607,0.7454170862833659,0.3000723944769965,6,0.017065300027607,0.7454170862833659,59.96002664890073
part_001.mp4,3462,0,8,0.0176858886111046,0.7458888371785481,0.3085045849835431,7,0.0176858886111046,0.7458888371785481,59.96002664890073
part_001.mp4,3463,0,9,0.0183928445466908,0.7483439127604167,0.3146676098858869,8,0.0183928445466908,0.7483439127604167,59.96002664890073
part_001.mp4,3464,0,8,0.018548467087223,0.748571268717448,0.326096358122649,7,0.018548467087223,0.748571268717448,59.96002664890073
part_001.mp4,3465,0,8,0.0189168166581549,0.749338976542155,0.329475431089048,7,0.0189168166581549,0.749338976542155,59.96002664890073
part_001.mp4,3466,0,8,0.0198080158264417,0.7520626703898112,0.334628493697555,7,0.0198080158264417,0.7520626703898112,59.96002664890073
part_001.mp4,3467,0,7,0.0205237483727008,0.7528013865152995,0.3434398227267795,6,0.0205237483727008,0.7528013865152995,59.96002664890073
part_001.mp4,3468,0,7,0.0206009879219992,0.7533848444620769,0.35203857421875,6,0.0206009879219992,0.7533848444620769,59.96002664890073
part_001.mp4,3469,0,7,0.0212565435472168,0.7537118911743164,0.3620552910698785,6,0.0212565435472168,0.7537118911743164,59.96002664890073
part_001.mp4,3470,0,7,0.0218232294906004,0.7546426773071289,0.3694603531448929,6,0.0218232294906004,0.7546426773071289,59.96002664890073
part_001.mp4,3471,0,8,0.0222807590892248,0.7549256006876628,0.3789103613959418,6,0.0222807590892248,0.7549256006876628,59.96002664890073
part_001.mp4,3472,0,7,0.0231869523168602,0.7560710906982422,0.3878190358479818,5,0.0231869523168602,0.7560710906982422,59.96002664890073
part_001.mp4,3473,0,8,0.0239202063677442,0.7575428644816081,0.3966687661630136,5,0.0239202063677442,0.7575428644816081,59.96002664890073
part_001.mp4,3474,0,8,0.0242908628406197,0.7580799102783203,0.4024248052526403,5,0.0242908628406197,0.7580799102783203,59.96002664890073
part_001.mp4,3475,0,7,0.0256017358933739,0.7594820022583008,0.4140547575774016,5,0.0256017358933739,0.7594820022583008,59.96002664890073
part_001.mp4,3476,0,8,0.0263719369389259,0.7600040435791016,0.4241884019639756,5,0.0263719369389259,0.7600040435791016,59.96002664890073
part_001.mp4,3477,0,7,0.0276477322159432,0.7623350143432617,0.436201434665256,5,0.0276477322159432,0.7623350143432617,59.96002664890073
part_001.mp4,3478,0,7,0.0284164488007324,0.7642243703206381,0.442099380493164,5,0.0284164488007324,0.7642243703206381,59.96002664890073
part_001.mp4,3479,0,6,0.0295072039687107,0.7654845555623372,0.4512501610649956,5,0.0295072039687107,0.7654845555623372,59.96002664890073
part_001.mp4,3480,0,7,0.0297345799784428,0.7661085764567057,0.460098393758138,6,0.0297345799784428,0.7661085764567057,59.96002664890073
part_001.mp4,3481,0,8,0.031253905890739,0.7669155756632487,0.478659439086914,7,0.031253905890739,0.7669155756632487,59.96002664890073
part_001.mp4,3482,0,7,0.0329607804282945,0.7699121475219727,0.4890641883567527,6,0.0329607804282945,0.7699121475219727,59.96002664890073
part_001.mp4,3483,0,7,0.033604165633242,0.7718832651774089,0.4941516381722909,6,0.033604165633242,0.7718832651774089,59.96002664890073
part_001.mp4,3484,0,7,0.0342685286754567,0.7732327143351237,0.5047913869222005,6,0.0342685286754567,0.7732327143351237,59.96002664890073
part_001.mp4,3485,0,9,0.0352182909327853,0.7744146982828776,0.5102647145589193,8,0.0352182909327853,0.7744146982828776,59.96002664890073
part_001.mp4,3486,0,9,0.0374427473173084,0.775706926981608,0.5288659554940683,8,0.0374427473173084,0.775706926981608,59.96002664890073
part_001.mp4,3487,0,9,0.0387589615489533,0.7776539484659831,0.543712870279948,7,0.0387589615489533,0.7776539484659831,59.96002664890073
part_001.mp4,3488,0,9,0.039352704813064,0.7788019180297852,0.5507943294666432,7,0.039352704813064,0.7788019180297852,59.96002664890073
part_001.mp4,3489,0,8,0.0405744590526289,0.7805338541666667,0.5668223804897732,7,0.0405744590526289,0.7805338541666667,59.96002664890073
part_001.mp4,3490,0,5,0.0417983441209819,0.7806001663208008,0.5810601870218913,5,0.0417983441209819,0.7806001663208008,59.96002664890073
part_001.mp4,3491,0,6,0.0435649028230222,0.7837791442871094,0.5896650102403429,6,0.0435649028230222,0.7837791442871094,59.96002664890073
part_001.mp4,3492,0,6,0.0440522275259071,0.7860542933146158,0.6018591139051649,5,0.0017866416213736,0.6956809997558594,59.96002664890073
part_001.mp4,3493,0,5,0.0457515818452736,0.7868910471598307,0.6162700370506003,4,0.0016689115416482,0.6960357666015625,59.96002664890073
part_001.mp4,3494,0,6,0.0466427959656505,0.7869436264038085,0.6258156811749493,5,0.0011601648208387,0.6969847361246745,59.96002664890073
part_001.mp4,3495,0,7,0.0472157248462382,0.7900617599487305,0.6296527438693577,6,0.0011868437766679,0.6968002955118815,59.96002664890073
part_001.mp4,3496,0,7,0.0475232657239852,0.7911850611368815,0.6348262363009982,6,0.0012508155034609,0.6970877329508464,59.96002664890073
part_001.mp4,3497,0,5,0.0463969506888436,0.7910143534342448,0.6365548875596788,4,0.0015446018619911,0.696453603108724,59.96002664890073
part_001.mp4,3498,0,5,0.047695663944352,0.7950216929117838,0.6392364643238209,4,0.0016030908710133,0.6968303680419922,59.96002664890073
part_001.mp4,3499,0,6,0.0495110277570823,0.8018177668253581,0.6466450302689164,5,0.0017650694474771,0.6973931630452473,59.96002664890073
part_001.mp4,3500,0,8,0.0493068416643771,0.8030147552490234,0.6500914820918331,7,0.0018638416375809,0.6975046157836914,59.96002664890073
part_001.mp4,3501,0,8,0.0488338824634438,0.802661387125651,0.6537634249086733,7,0.0021657145441632,0.6980831146240234,59.96002664890073
part_001.mp4,3502,0,9,0.0491016912681516,0.8033276240030924,0.6550683763292101,8,0.0024955242805299,0.6962249755859375,59.96002664890073
part_001.mp4,3503,0,9,0.0483354589894319,0.8023935317993164,0.6586477491590712,8,0.0018677762569859,0.6988377253214518,59.96002664890073
part_001.mp4,3504,0,9,0.0497787969812432,0.8063655853271484,0.6615901558487504,8,0.0021481114325945,0.6992877324422201,59.96002664890073
part_001.mp4,3505,0,9,0.0499411055351568,0.8090505599975586,0.6654789394802517,8,0.0019348020278913,0.6996677398681641,59.96002664890073
part_001.mp4,3506,0,10,0.0499843641634288,0.8106725692749024,0.6701821115281846,9,0.0028553994760538,0.7010700225830078,59.96002664890073
part_001.mp4,3507,0,9,0.0496956751450839,0.8133974075317383,0.6713860547101056,8,0.0025341547012471,0.6994441986083985,59.96002664890073
part_001.mp4,3508,0,9,0.050125117185998,0.8157770156860351,0.678566798457393,8,0.0019152285506586,0.6989084243774414,59.96002664890073
part_001.mp4,3509,0,8,0.0500574349986588,0.8185125350952148,0.6841569582621256,7,0.0021352073334855,0.6997610092163086,59.96002664890073
part_001.mp4,3510,0,9,0.0517626946396122,0.8245121002197265,0.6878816533971716,8,0.0021550248616323,0.7009921391805013,59.96002664890073
part_001.mp4,3511,0,9,0.052485088974688,0.8292870203653971,0.6929985046386719,8,0.0020728875105312,0.7008158365885416,59.96002664890073
part_001.mp4,3512,0,9,0.0525264326997044,0.8331459681193034,0.6977285738344545,8,0.0020001147824223,0.6999760309855143,59.96002664890073
part_001.mp4,3513,0,9,0.0523432129031897,0.8362747192382812,0.70357431129173,8,0.0019778891991235,0.6999506632486979,59.96002664890073
part_001.mp4,3514,0,9,0.0516059290353438,0.8366237640380859,0.7085981792873807,8,0.0028422196036262,0.7011788686116537,59.96002664890073
part_001.mp4,3515,0,9,0.0506483803633769,0.8355906168619792,0.713076584427445,8,0.0029177452358675,0.7010574340820312,59.96002664890073
part_001.mp4,3516,0,10,0.0491446377165922,0.8348701477050782,0.7172113136008934,9,0.0027307725821285,0.6994257609049479,59.96002664890073
part_001.mp4,3517,0,11,0.0470409274415578,0.8293120066324869,0.7225653754340278,10,0.003105630196563,0.701132074991862,59.96002664890073
part_001.mp4,3518,0,12,0.0433422155005717,0.8212949752807617,0.7258017575299298,11,0.0038817836208424,0.7008306503295898,59.96002664890073
part_001.mp4,3519,0,9,0.0417266333803396,0.8207815170288086,0.7285744278519242,8,0.0017932389137395,0.6951767603556315,59.96002664890073
part_001.mp4,3520,0,11,0.0407801436273708,0.8217485427856446,0.7366472597475405,10,0.0030242934157043,0.6974340438842773,59.96002664890073
part_001.mp4,3521,0,11,0.0393318839140529,0.8198382059733073,0.7437457614474826,10,0.0113912413435173,0.6991966247558594,59.96002664890073
part_001.mp4,3522,0,12,0.0386369773407204,0.8200071334838868,0.7457220713297527,11,0.0121153109234971,0.6981746673583984,59.96002664890073
part_001.mp4,3523,0,11,0.0377191356633233,0.8199234008789062,0.750079670658818,10,0.0065327022435397,0.7060263315836589,59.96002664890073
part_001.mp4,3524,0,11,0.0358871138391583,0.8194124221801757,0.7649859958224826,9,0.0106148880038543,0.7195785522460938,59.96002664890073
part_001.mp4,3525,0,11,0.0342606006986979,0.8168066024780274,0.7715526156955295,9,0.0058038517556269,0.7031604766845703,59.96002664890073
part_001.mp4,3526,0,10,0.0327236467507598,0.8171123504638672,0.7816153914840133,7,0.0025917496513122,0.7010229110717774,59.96002664890073
part_001.mp4,3527,0,12,0.030951069688308,0.8159534454345703,0.7902829488118489,9,0.0034660257049836,0.7020906448364258,59.96002664890073
part_001.mp4,3528,0,10,0.0292535475853138,0.812401008605957,0.7966550827026367,8,0.0027884371997788,0.6976143519083658,59.96002664890073
part_001.mp4,3529,0,12,0.0277019621946803,0.8106316248575847,0.8050818973117404,9,0.003293683370074,0.697789192199707,59.96002664890073
part_001.mp4,3530,0,10,0.0261504083107273,0.8098124186197917,0.8136654182716653,7,0.0032221138929836,0.6991560618082683,59.96002664890073
