video,frame,risk_label,count_total,area_frac,bottom_y_norm,center_x_dist,count_in_roi_all,max_area_in_roi_all,max_bottom_y_in_roi_all,fps
shruti_filming_1.mp4,0,0,6,0.0228248174775863,0.7751386642456055,0.1722195378056279,5,0.0228248174775863,0.7751386642456055,59.96002664890073
shruti_filming_1.mp4,1,0,6,0.022813005519134,0.775141716003418,0.1722085458260995,5,0.022813005519134,0.775141716003418,59.96002664890073
shruti_filming_1.mp4,2,0,7,0.0221232587055689,0.7743910471598308,0.1786384017379195,6,0.0221232587055689,0.7743910471598308,59.96002664890073
shruti_filming_1.mp4,3,0,7,0.0218920096415267,0.7737490971883138,0.1908837212456597,6,0.0218920096415267,0.7737490971883138,59.96002664890073
shruti_filming_1.mp4,4,0,6,0.021516870230418,0.7722497940063476,0.2035378632722077,5,0.021516870230418,0.7722497940063476,59.96002664890073
shruti_filming_1.mp4,5,0,5,0.0205164044910472,0.7702078501383464,0.2114560445149739,4,0.0205164044910472,0.7702078501383464,59.96002664890073
shruti_filming_1.mp4,6,0,5,0.0207686731069317,0.769038200378418,0.224059408682364,4,0.0207686731069317,0.769038200378418,59.96002664890073
shruti_filming_1.mp4,7,0,5,0.0207627035902745,0.76896177927653,0.2414786020914713,4,0.0207627035902745,0.76896177927653,59.96002664890073
shruti_filming_1.mp4,8,0,5,0.0209114957271491,0.7680644353230794,0.2518330326786748,4,0.0209114957271491,0.7680644353230794,59.96002664890073
shruti_filming_1.mp4,9,0,5,0.0204198690922634,0.767317263285319,0.2634548187255859,4,0.0204198690922634,0.767317263285319,59.96002664890073
shruti_filming_1.mp4,10,0,5,0.0198098460717804,0.7658466974894206,0.2686392748797381,4,0.0198098460717804,0.7658466974894206,59.96002664890073
shruti_filming_1.mp4,11,0,6,0.01937858943517,0.7643730799357097,0.2869415707058377,5,0.01937858943517,0.7643730799357097,59.96002664890073
shruti_filming_1.mp4,12,0,5,0.0195497796807709,0.7633058547973632,0.29385863410102,4,0.0195497796807709,0.7633058547973632,59.96002664890073
shruti_filming_1.mp4,13,0,6,0.0196717926537665,0.7623710632324219,0.2996771353262442,5,0.0196717926537665,0.7623710632324219,59.96002664890073
shruti_filming_1.mp4,14,0,5,0.0196011671674636,0.762114143371582,0.3119856233950014,4,0.0196011671674636,0.762114143371582,59.96002664890073
shruti_filming_1.mp4,15,0,5,0.0191945929776395,0.761688232421875,0.3241539707890263,4,0.0191945929776395,0.761688232421875,59.96002664890073
shruti_filming_1.mp4,16,0,5,0.0196196025192707,0.761024538675944,0.3356889795373987,4,0.0196196025192707,0.761024538675944,59.96002664890073
shruti_filming_1.mp4,17,0,5,0.0193823866118489,0.7600035985310872,0.3412701359501591,4,0.0193823866118489,0.7600035985310872,59.96002664890073
shruti_filming_1.mp4,18,0,5,0.0192469018297614,0.7595907211303711,0.350494384765625,4,0.0192469018297614,0.7595907211303711,59.96002664890073
shruti_filming_1.mp4,19,0,6,0.0194884087323751,0.7592308044433593,0.3625263214111328,5,0.0194884087323751,0.7592308044433593,59.96002664890073
shruti_filming_1.mp4,20,0,5,0.0186826115737413,0.7575539271036784,0.3761910473858869,4,0.0186826115737413,0.7575539271036784,59.96002664890073
shruti_filming_1.mp4,21,0,5,0.0182641789667347,0.7574482599894206,0.3855651007758247,4,0.0182641789667347,0.7574482599894206,59.96002664890073
shruti_filming_1.mp4,22,0,6,0.0182531835712754,0.7570642471313477,0.3933324743200231,5,0.0182531835712754,0.7570642471313477,59.96002664890073
shruti_filming_1.mp4,23,0,7,0.0184635010418423,0.7568112055460612,0.4016744825575087,6,0.0184635010418423,0.7573033014933268,59.96002664890073
shruti_filming_1.mp4,24,0,6,0.0185740231537622,0.7567143758138021,0.4081036037868923,5,0.0185740231537622,0.7567143758138021,59.96002664890073
shruti_filming_1.mp4,25,0,7,0.0185424189602296,0.7559169133504232,0.4160675048828125,6,0.0185424189602296,0.7559169133504232,59.96002664890073
shruti_filming_1.mp4,26,0,5,0.0177368518160145,0.7556250254313152,0.4330986588089554,4,0.0177368518160145,0.7556250254313152,59.96002664890073
shruti_filming_1.mp4,27,0,5,0.0175386379869046,0.7542348861694336,0.4388751559787326,4,0.0175386379869046,0.7542348861694336,59.96002664890073
shruti_filming_1.mp4,28,0,6,0.0178834046901456,0.754312006632487,0.4437327632197627,5,0.0178834046901456,0.754312006632487,59.96002664890073
shruti_filming_1.mp4,29,0,5,0.0173133944503583,0.7525596618652344,0.4510766488534433,4,0.0173133944503583,0.7525596618652344,59.96002664890073
shruti_filming_1.mp4,30,0,6,0.0173258567400464,0.7517220179239908,0.4589111751980251,5,0.0173258567400464,0.7517220179239908,59.96002664890073
shruti_filming_1.mp4,31,0,7,0.0170782143019944,0.7516857147216797,0.4709184010823568,6,0.0170782143019944,0.7516857147216797,59.96002664890073
shruti_filming_1.mp4,32,0,6,0.016813604758432,0.7504678726196289,0.4829499280011212,5,0.016813604758432,0.7504678726196289,59.96002664890073
shruti_filming_1.mp4,33,0,6,0.0169479281952145,0.7500525156656901,0.4953639136420356,5,0.0169479281952145,0.7500525156656901,59.96002664890073
shruti_filming_1.mp4,34,0,8,0.0168280032581552,0.749822998046875,0.5020549279672128,7,0.0168280032581552,0.749822998046875,59.96002664890073
shruti_filming_1.mp4,35,0,7,0.0165100504027456,0.7491081873575847,0.5142514687997324,6,0.0165100504027456,0.7491081873575847,59.96002664890073
shruti_filming_1.mp4,36,0,6,0.016394825143822,0.7479143142700195,0.5232988569471572,5,0.016394825143822,0.7479143142700195,59.96002664890073
shruti_filming_1.mp4,37,0,6,0.0161888352947102,0.7472683588663737,0.5297342936197916,5,0.0161888352947102,0.7472683588663737,59.96002664890073
shruti_filming_1.mp4,38,0,6,0.0159253053366329,0.7464845657348633,0.540506574842665,5,0.0159253053366329,0.7464845657348633,59.96002664890073
shruti_filming_1.mp4,39,0,6,0.0159962504458073,0.7460224787394206,0.5459167621753834,5,0.0159962504458073,0.7460224787394206,59.96002664890073
shruti_filming_1.mp4,40,0,7,0.016095012713937,0.7453367233276367,0.5579978872228551,6,0.016095012713937,0.7453367233276367,59.96002664890073
shruti_filming_1.mp4,41,0,6,0.0155662657528861,0.7441565195719401,0.5661731861255787,5,0.0155662657528861,0.7441565195719401,59.96002664890073
shruti_filming_1.mp4,42,0,5,0.0152652212489327,0.7431961059570312,0.5749685781973379,4,0.0152652212489327,0.7431961059570312,59.96002664890073
shruti_filming_1.mp4,43,0,5,0.0155073595903646,0.7428123474121093,0.5834677095766421,4,0.0155073595903646,0.7428123474121093,59.96002664890073
shruti_filming_1.mp4,44,0,4,0.0154883494970056,0.7430587768554687,0.592817857530382,4,0.0154883494970056,0.7430587768554687,59.96002664890073
shruti_filming_1.mp4,45,0,5,0.0154703217803627,0.7428999582926432,0.6029499407167788,4,0.00192060234646,0.7112087885538737,59.96002664890073
shruti_filming_1.mp4,46,0,5,0.0154568249996615,0.7423163096110026,0.61433878298159,4,0.0018794178526796,0.7106149673461915,59.96002664890073
shruti_filming_1.mp4,47,0,5,0.0152218062817323,0.7414798736572266,0.619478197450991,4,0.0017757538138216,0.7103075663248698,59.96002664890073
shruti_filming_1.mp4,48,0,5,0.015056629151297,0.7408919016520182,0.6290049270347312,4,0.0017764359156394,0.7098896662394206,59.96002664890073
shruti_filming_1.mp4,49,0,5,0.0151288040888498,0.7412945429484049,0.6366594526502821,4,0.0017232223351796,0.7094402313232422,59.96002664890073
shruti_filming_1.mp4,50,0,5,0.0147014646131423,0.7404968897501628,0.6458824298999928,4,0.0017064809737752,0.7090130488077799,59.96002664890073
shruti_filming_1.mp4,51,0,5,0.0145286871945588,0.740242067972819,0.6533652128996672,4,0.00171481677469,0.7094233830769857,59.96002664890073
shruti_filming_1.mp4,52,0,5,0.0144538570207738,0.7399435679117838,0.6598559556183992,4,0.0017736062972107,0.7090011596679687,59.96002664890073
shruti_filming_1.mp4,53,0,5,0.0143596078498908,0.7388648986816406,0.6674297791940195,4,0.0016922895086247,0.7089819590250651,59.96002664890073
shruti_filming_1.mp4,54,0,5,0.0143929029461631,0.7395057678222656,0.6761941097400807,4,0.0016426171116634,0.708662478129069,59.96002664890073
shruti_filming_1.mp4,55,0,5,0.0141730191207635,0.7392311731974284,0.6842027487578215,4,0.0016983872344199,0.7083513895670573,59.96002664890073
shruti_filming_1.mp4,56,0,5,0.013982820192118,0.7393975575764974,0.6918286641438802,4,0.0016887380353916,0.7080521901448568,59.96002664890073
shruti_filming_1.mp4,57,0,5,0.014039435439659,0.7395191192626953,0.6983216603597006,4,0.0017001789241718,0.7078702926635743,59.96002664890073
shruti_filming_1.mp4,58,0,5,0.0139372984234816,0.7390460968017578,0.7075168433012786,4,0.0017122097709862,0.7080065409342448,59.96002664890073
shruti_filming_1.mp4,59,0,5,0.0140760481316829,0.7392560958862304,0.7161749945746527,4,0.0016877171110626,0.7082509994506836,59.96002664890073
shruti_filming_1.mp4,60,0,5,0.0143618471183866,0.7406178156534831,0.7206176051387081,4,0.0016287275807921,0.7081212997436523,59.96002664890073
shruti_filming_1.mp4,61,0,6,0.0142776436006938,0.7406509399414063,0.7305866241455078,5,0.0022549350338522,0.7081373850504558,59.96002664890073
shruti_filming_1.mp4,62,0,5,0.0139568512012556,0.7407190322875976,0.7366878297593858,4,0.0018179094404654,0.7084177652994792,59.96002664890073
shruti_filming_1.mp4,63,0,6,0.0135666803197818,0.7407967249552408,0.7403523339165582,5,0.0019898309166698,0.7085302988688151,59.96002664890073
shruti_filming_1.mp4,64,0,6,0.0132971974727115,0.7410005569458008,0.7409924825032552,5,0.001942810879339,0.7086727778116862,59.96002664890073
shruti_filming_1.mp4,65,0,6,0.013126686817885,0.7409235636393229,0.7455262431391964,5,0.0020034238005367,0.7082525889078776,59.96002664890073
shruti_filming_1.mp4,66,0,5,0.0133272816756001,0.7419633229573568,0.7469231005068179,4,0.0018128772319566,0.708576520284017,59.96002664890073
shruti_filming_1.mp4,67,0,7,0.0130375344559326,0.7419485727945964,0.7516724621808087,6,0.0025690895536293,0.7090414047241211,59.96002664890073
shruti_filming_1.mp4,68,0,7,0.0127117950468042,0.7426664352416992,0.7600665834214952,6,0.0025728723220527,0.7096512476603191,59.96002664890073
shruti_filming_1.mp4,69,0,6,0.0123982801334636,0.7430831909179687,0.7666563669840495,5,0.0021236129365947,0.7088499704996745,59.96002664890073
shruti_filming_1.mp4,70,0,5,0.0121674701438476,0.7435324350992839,0.7688776510733145,4,0.0020540056424862,0.7095880508422852,59.96002664890073
shruti_filming_1.mp4,71,0,5,0.0120653394626101,0.7437609354654948,0.771408208211263,4,0.002067571414051,0.7105105717976888,59.96002664890073
shruti_filming_1.mp4,72,0,5,0.0119581319568452,0.7454523086547852,0.7752782185872396,4,0.0022410226592587,0.7107601801554362,59.96002664890073
shruti_filming_1.mp4,73,0,5,0.0119669173507605,0.7463608423868815,0.778441662258572,4,0.0021859978549656,0.7110038757324219,59.96002664890073
shruti_filming_1.mp4,74,0,5,0.0119534552456672,0.7477577845255534,0.7816302405463325,4,0.0018874377171353,0.7114411036173502,59.96002664890073
shruti_filming_1.mp4,75,0,4,0.0117535847436859,0.7485087076822917,0.7854228408248336,3,0.002066544839181,0.711976432800293,59.96002664890073
shruti_filming_1.mp4,76,0,5,0.0114558945147911,0.749249013264974,0.7866276211208767,4,0.0025049249644831,0.71357847849528,59.96002664890073
shruti_filming_1.mp4,77,0,4,0.0113148766271478,0.7496995290120443,0.7919358006230107,3,0.0020436967750235,0.714204470316569,59.96002664890073
shruti_filming_1.mp4,78,0,5,0.0110751390550303,0.7502731323242188,0.7940145351268627,4,0.0019985330790384,0.7151376724243164,59.96002664890073
shruti_filming_1.mp4,79,0,5,0.0107965813850355,0.7510172526041666,0.7971673612241392,4,0.0019326558266335,0.7157314936319987,59.96002664890073
shruti_filming_1.mp4,80,0,4,0.0106435327119762,0.7518961588541667,0.8000756016484013,3,0.0017573352881569,0.7165856043497721,59.96002664890073
shruti_filming_1.mp4,81,0,5,0.0107272045961333,0.7532840728759765,0.8022250987865307,4,0.0017662526632193,0.7168478012084961,59.96002664890073
shruti_filming_1.mp4,82,0,4,0.0103069343454361,0.7541791280110677,0.8051080350522641,3,0.0017544580774847,0.7179216384887696,59.96002664890073
shruti_filming_1.mp4,83,0,5,0.0098746233189174,0.7547435760498047,0.8069098154703777,4,0.0017918775208656,0.7177632013956706,59.96002664890073
shruti_filming_1.mp4,84,0,5,0.0097915091937466,0.7566085815429687,0.8094020419650607,4,0.001741247177124,0.7189341227213542,59.96002664890073
shruti_filming_1.mp4,85,0,5,0.0096227552863597,0.7579521179199219,0.8124898698594835,3,0.0017422655227387,0.7192131678263346,59.96002664890073
shruti_filming_1.mp4,86,0,5,0.0092291396264206,0.7583255767822266,0.8159564548068576,3,0.0017814538464234,0.7212051391601563,59.96002664890073
shruti_filming_1.mp4,87,0,5,0.0092160312093862,0.7600170771280924,0.8156620873345269,3,0.0019020271597481,0.7217822392781575,59.96002664890073
shruti_filming_1.mp4,88,0,6,0.0093465581897665,0.7615982055664062,0.8171660953097873,4,0.0016833687928953,0.722532081604004,59.96002664890073
shruti_filming_1.mp4,89,0,5,0.00934164812626,0.7631481806437175,0.820615182099519,3,0.0017500426538754,0.7228205998738607,59.96002664890073
shruti_filming_1.mp4,90,0,5,0.008682393521473,0.7637102127075195,0.8230275048149956,3,0.0017764493077993,0.7244448979695638,59.96002664890073
shruti_filming_1.mp4,91,0,6,0.0135768574706202,0.9877311706542968,0.938862238989936,3,0.0016295925377117,0.7251068115234375,59.96002664890073
shruti_filming_1.mp4,92,0,6,0.0228731588266578,0.996111297607422,0.9159183104832967,3,0.0017080380780518,0.7269405364990235,59.96002664890073
shruti_filming_1.mp4,93,0,5,0.0062717173476913,0.7667893091837565,0.7961804283989801,3,0.0019115881854237,0.7274250666300456,59.96002664890073
shruti_filming_1.mp4,94,0,7,0.0430095458556115,0.9987730026245116,0.8735138840145535,3,0.0021961139864288,0.7291217803955078,59.96002664890073
shruti_filming_1.mp4,95,0,6,0.0511074963459072,0.9986509323120116,0.8504888181333189,3,0.001804267918083,0.729981803894043,59.96002664890073
shruti_filming_1.mp4,96,0,6,0.003767356587244,0.7529225031534831,0.9303961294668692,3,0.0017547626857628,0.7303256988525391,59.96002664890073
shruti_filming_1.mp4,97,0,5,0.00388851649074,0.7550224939982096,0.9267699630172164,4,0.0016639255581604,0.7303638458251953,59.96002664890073
shruti_filming_1.mp4,98,0,7,0.0715373432022008,0.999232292175293,0.7998085445827908,4,0.0025080341383323,0.7315582275390625,59.96002664890073
shruti_filming_1.mp4,99,0,6,0.0777334501710639,0.9990554809570312,0.7828296449449327,4,0.0017530404333417,0.7319164911905924,59.96002664890073
shruti_filming_1.mp4,100,0,6,0.0833967517752575,0.9990676879882812,0.7655161539713542,3,0.0016953631180028,0.7323129653930665,59.96002664890073
shruti_filming_1.mp4,101,0,6,0.0887565846198413,0.9989874521891275,0.7528112623426649,3,0.0017435795455929,0.7331738154093425,59.96002664890073
shruti_filming_1.mp4,102,0,6,0.0933446924636006,0.9986772537231444,0.7413409762912326,3,0.0017623476270819,0.7338390986124674,59.96002664890073
shruti_filming_1.mp4,103,0,6,0.098870282517928,0.9991212844848631,0.7275955835978191,3,0.0016892185375197,0.7348175684611002,59.96002664890073
shruti_filming_1.mp4,104,0,6,0.1030481721289955,0.9984552383422852,0.7134678098890517,3,0.0016346707182108,0.7344621022542318,59.96002664890073
shruti_filming_1.mp4,105,0,5,0.1081552942535401,0.9982283274332684,0.7004107899136014,2,0.0016713504563732,0.7343246459960937,59.96002664890073
shruti_filming_1.mp4,106,0,5,0.1119901977751955,0.9986499786376952,0.6914834481698495,2,0.0016344448323447,0.7342168807983398,59.96002664890073
shruti_filming_1.mp4,107,0,5,0.1171421623788774,0.9993721644083658,0.6794553756713867,2,0.0015401540877711,0.7341885248819987,59.96002664890073
shruti_filming_1.mp4,108,0,5,0.1198518948097464,0.9993295669555664,0.6710099538167318,2,0.0016073009246287,0.734233029683431,59.96002664890073
shruti_filming_1.mp4,109,0,5,0.1242584793042119,0.9987764358520508,0.6596304893493652,2,0.0017906832537846,0.7349718093872071,59.96002664890073
shruti_filming_1.mp4,110,0,5,0.1273223621839719,0.9993940989176432,0.6528924624125163,2,0.0016673407620853,0.7354009628295899,59.96002664890073
shruti_filming_1.mp4,111,0,5,0.1310110729663898,0.9996400833129884,0.6466456943088108,2,0.001575470215434,0.7354639053344727,59.96002664890073
shruti_filming_1.mp4,112,0,6,0.1347534478813112,0.9994474411010742,0.6361497667100694,3,0.0016229742116087,0.7356277465820312,59.96002664890073
shruti_filming_1.mp4,113,0,6,0.137929140750717,0.9992635726928712,0.6270541014494719,3,0.0016025975741946,0.7355717341105144,59.96002664890073
shruti_filming_1.mp4,114,0,6,0.1384745105495676,0.9992975234985352,0.6222402784559462,3,0.0015275247220415,0.7354656219482422,59.96002664890073
shruti_filming_1.mp4,115,0,5,0.1422176581978823,0.999307123819987,0.6129805670844184,3,0.0017043769910189,0.7352222442626953,59.96002664890073
shruti_filming_1.mp4,116,0,6,0.1442567960422214,0.999423599243164,0.606479983859592,4,0.0017610918994372,0.735936164855957,59.96002664890073
shruti_filming_1.mp4,117,0,7,0.1464445585715347,0.9993896484375,0.5999499992088035,6,0.1464445585715347,0.9993896484375,59.96002664890073
shruti_filming_1.mp4,118,0,6,0.1496607661902116,0.999418830871582,0.5895593572545934,5,0.1496607661902116,0.999418830871582,59.96002664890073
shruti_filming_1.mp4,119,0,5,0.1514243072370192,0.999000358581543,0.5836974815086082,4,0.1514243072370192,0.999000358581543,59.96002664890073
shruti_filming_1.mp4,120,1,5,0.1525578883763713,0.9992393493652344,0.580870098537869,4,0.1525578883763713,0.9992393493652344,59.96002664890073
shruti_filming_1.mp4,121,1,5,0.1549272082677149,0.9991004943847656,0.5748571607801649,4,0.1549272082677149,0.9991004943847656,59.96002664890073
shruti_filming_1.mp4,122,1,5,0.1565798913929029,0.9988632202148438,0.56875122918023,4,0.1565798913929029,0.9988632202148438,59.96002664890073
shruti_filming_1.mp4,123,1,5,0.1584565510508481,0.9996231079101564,0.5626982794867621,4,0.1584565510508481,0.9996231079101564,59.96002664890073
shruti_filming_1.mp4,124,1,5,0.1586061261054904,0.9995140075683594,0.5606601715087891,4,0.1586061261054904,0.9995140075683594,59.96002664890073
shruti_filming_1.mp4,125,1,6,0.1611300980114093,0.999563217163086,0.5532534705268012,5,0.1611300980114093,0.999563217163086,59.96002664890073
shruti_filming_1.mp4,126,1,6,0.1622775190610749,0.9995914459228517,0.5464146931966146,5,0.1622775190610749,0.9995914459228517,59.96002664890073
shruti_filming_1.mp4,127,1,6,0.1632426647861225,0.999658203125,0.5429543530499493,5,0.1632426647861225,0.999658203125,59.96002664890073
shruti_filming_1.mp4,128,1,6,0.1633948122645476,0.9996070861816406,0.5394242180718316,5,0.1633948122645476,0.9996070861816406,59.96002664890073
shruti_filming_1.mp4,129,1,6,0.1636016456930753,0.9995580673217772,0.5366763786033347,5,0.1636016456930753,0.9995580673217772,59.96002664890073
shruti_filming_1.mp4,130,1,6,0.164375856525495,0.9995765686035156,0.530913261131004,5,0.164375856525495,0.9995765686035156,59.96002664890073
shruti_filming_1.mp4,131,1,5,0.1659354512580385,0.9996025085449218,0.5249880614104094,4,0.1659354512580385,0.9996025085449218,59.96002664890073
shruti_filming_1.mp4,132,1,6,0.1668985409101959,0.9994220733642578,0.5207169002956814,5,0.1668985409101959,0.9994220733642578,59.96002664890073
shruti_filming_1.mp4,133,1,5,0.1682819992594886,0.9995320002237956,0.5150482460304543,4,0.1682819992594886,0.9995320002237956,59.96002664890073
shruti_filming_1.mp4,134,1,6,0.1695045627873117,0.9994045893351235,0.5104538952862775,5,0.1695045627873117,0.9994045893351235,59.96002664890073
shruti_filming_1.mp4,135,1,5,0.1707469166380529,0.9995353698730468,0.5021318082456235,4,0.1707469166380529,0.9995353698730468,59.96002664890073
shruti_filming_1.mp4,136,1,4,0.170812769638853,0.9995083491007488,0.500378813566985,3,0.170812769638853,0.9995083491007488,59.96002664890073
shruti_filming_1.mp4,137,1,4,0.1704491150308361,0.9995285034179688,0.4997423807779947,3,0.1704491150308361,0.9995285034179688,59.96002664890073
shruti_filming_1.mp4,138,1,4,0.1707264532923862,0.999519411722819,0.499488858823423,3,0.1707264532923862,0.999519411722819,59.96002664890073
shruti_filming_1.mp4,139,1,4,0.1711950934669908,0.9996235529581706,0.496705005787037,3,0.1711950934669908,0.9996235529581706,59.96002664890073
shruti_filming_1.mp4,140,1,4,0.1719019437598439,0.9996788024902344,0.4962292989095052,3,0.1719019437598439,0.9996788024902344,59.96002664890073
shruti_filming_1.mp4,141,1,5,0.1737212767055542,0.999685287475586,0.4929859867802372,4,0.1737212767055542,0.999685287475586,59.96002664890073
shruti_filming_1.mp4,142,1,4,0.1754369246176469,0.9993801752726236,0.4890537403247975,3,0.1754369246176469,0.9993801752726236,59.96002664890073
shruti_filming_1.mp4,143,1,5,0.1771383959193944,0.999631118774414,0.4847735228361907,4,0.1771383959193944,0.999631118774414,59.96002664890073
shruti_filming_1.mp4,144,1,5,0.1775024996036167,0.999589729309082,0.4831247400354456,4,0.1775024996036167,0.999589729309082,59.96002664890073
shruti_filming_1.mp4,145,1,5,0.1782835749264174,0.9992294311523438,0.4799310896131727,4,0.1782835749264174,0.9992294311523438,59.96002664890073
shruti_filming_1.mp4,146,1,6,0.1790396542478831,0.9995201110839844,0.4799084133572048,5,0.1790396542478831,0.9995201110839844,59.96002664890073
shruti_filming_1.mp4,147,1,6,0.1799166199778775,0.9996232986450196,0.4797177067509404,6,0.1799166199778775,0.9996232986450196,59.96002664890073
shruti_filming_1.mp4,148,1,5,0.1813802317284528,0.9996774673461916,0.4772178791187427,5,0.1813802317284528,0.9996774673461916,59.96002664890073
shruti_filming_1.mp4,149,1,4,0.1834965694893293,0.9996065139770508,0.474444834391276,4,0.1834965694893293,0.9996065139770508,59.96002664890073
shruti_filming_1.mp4,150,1,4,0.1854745689221373,0.99956480662028,0.4700855678982205,4,0.1854745689221373,0.99956480662028,59.96002664890073
shruti_filming_1.mp4,151,1,4,0.1868506625622938,0.9996225357055664,0.4678159501817491,4,0.1868506625622938,0.9996225357055664,59.96002664890073
shruti_filming_1.mp4,152,1,5,0.1864852389310383,0.9996381759643554,0.4661747261329933,5,0.1864852389310383,0.9996381759643554,59.96002664890073
shruti_filming_1.mp4,153,1,5,0.184755694705247,0.9992565155029296,0.465051128246166,5,0.184755694705247,0.9992565155029296,59.96002664890073
shruti_filming_1.mp4,154,1,7,0.1838832483302313,0.9992368698120118,0.4622827741834852,7,0.1838832483302313,0.9992368698120118,59.96002664890073
shruti_filming_1.mp4,155,1,4,0.1852813059676258,0.9992465972900392,0.4613620758056641,4,0.1852813059676258,0.9992465972900392,59.96002664890073
shruti_filming_1.mp4,156,1,5,0.1835060510763907,0.9993107477823894,0.4594497539378978,5,0.1835060510763907,0.9993107477823894,59.96002664890073
shruti_filming_1.mp4,157,1,4,0.1867373327194083,0.9993453979492188,0.4584322046350549,4,0.1867373327194083,0.9993453979492188,59.96002664890073
shruti_filming_1.mp4,158,1,6,0.1853707976419914,0.9993658065795898,0.4576507709644459,6,0.1853707976419914,0.9993658065795898,59.96002664890073
shruti_filming_1.mp4,159,1,5,0.1840719040428262,0.999397087097168,0.4565978014910662,5,0.1840719040428262,0.999397087097168,59.96002664890073
shruti_filming_1.mp4,160,1,6,0.1833395805375767,0.9993931452433268,0.4548718770345052,6,0.1833395805375767,0.9993931452433268,59.96002664890073
shruti_filming_1.mp4,161,1,6,0.1827894401592547,0.9994823455810546,0.4523375475848162,6,0.1827894401592547,0.9994823455810546,59.96002664890073
shruti_filming_1.mp4,162,1,6,0.1825287600558119,0.9994636535644532,0.4512876581262659,6,0.1825287600558119,0.9994636535644532,59.96002664890073
shruti_filming_1.mp4,163,1,6,0.1829774769679594,0.9994588851928712,0.4492945777045355,6,0.1829774769679594,0.9994588851928712,59.96002664890073
shruti_filming_1.mp4,164,1,4,0.1832883808094118,0.999460220336914,0.44752522221318,4,0.1832883808094118,0.999460220336914,59.96002664890073
shruti_filming_1.mp4,165,1,4,0.1837017822661419,0.9994916915893556,0.4472481904206452,4,0.1837017822661419,0.9994916915893556,59.96002664890073
shruti_filming_1.mp4,166,1,6,0.1840664564600188,0.9995248794555665,0.4461287887008102,6,0.1840664564600188,0.9995248794555665,59.96002664890073
shruti_filming_1.mp4,167,1,4,0.1843412861752235,0.999546241760254,0.4456448166458695,4,0.1843412861752235,0.999546241760254,59.96002664890073
shruti_filming_1.mp4,168,1,5,0.1842153724888205,0.9995487213134766,0.4439417097303602,5,0.1842153724888205,0.9995487213134766,59.96002664890073
shruti_filming_1.mp4,169,1,2,0.1840322979219652,0.9995807647705078,0.4415329262062355,2,0.1840322979219652,0.9995807647705078,59.96002664890073
shruti_filming_1.mp4,170,1,2,0.1848718373710298,0.9995201110839844,0.4368052871138961,2,0.1848718373710298,0.9995201110839844,59.96002664890073
shruti_filming_1.mp4,171,1,2,0.1852304056643333,0.999513308207194,0.4348841773139106,2,0.1852304056643333,0.999513308207194,59.96002664890073
shruti_filming_1.mp4,172,1,2,0.1853538589261815,0.99952818552653,0.4347730000813802,2,0.1853538589261815,0.99952818552653,59.96002664890073
shruti_filming_1.mp4,173,1,3,0.1856690155953563,0.9996431350708008,0.4338210211859809,3,0.1856690155953563,0.9996431350708008,59.96002664890073
shruti_filming_1.mp4,174,1,3,0.1855748611975178,0.9996103286743164,0.4320830451117621,3,0.1855748611975178,0.9996103286743164,59.96002664890073
shruti_filming_1.mp4,175,1,3,0.1855628477805294,0.999609375,0.4315671567563657,3,0.1855628477805294,0.999609375,59.96002664890073
shruti_filming_1.mp4,176,1,3,0.185403285332286,0.9994157791137696,0.4312338087293836,3,0.185403285332286,0.9994157791137696,59.96002664890073
shruti_filming_1.mp4,177,1,2,0.184465359019426,0.9975921630859376,0.4305714925130208,2,0.184465359019426,0.9975921630859376,59.96002664890073
shruti_filming_1.mp4,178,1,3,0.1812155345983873,0.9917957305908204,0.4291468019838686,3,0.1812155345983873,0.9917957305908204,59.96002664890073
shruti_filming_1.mp4,179,1,2,0.1782541002895308,0.986362075805664,0.4276990961145471,2,0.1782541002895308,0.986362075805664,59.96002664890073
shruti_filming_1.mp4,180,1,3,0.1753631643318928,0.9813865661621094,0.4280649962248625,3,0.1753631643318928,0.9813865661621094,59.96002664890073
shruti_filming_1.mp4,181,1,3,0.1729049146495526,0.9777383804321288,0.427944098578559,3,0.1729049146495526,0.9777383804321288,59.96002664890073
shruti_filming_1.mp4,182,1,3,0.1699342957163484,0.9721161524454752,0.4272242510760272,3,0.1699342957163484,0.9721161524454752,59.96002664890073
shruti_filming_1.mp4,183,1,3,0.1673160484108073,0.9674713770548504,0.4263262713396991,3,0.1673160484108073,0.9674713770548504,59.96002664890073
shruti_filming_1.mp4,184,1,3,0.1650734968367032,0.9620952606201172,0.4254989624023437,3,0.1650734968367032,0.9620952606201172,59.96002664890073
shruti_filming_1.mp4,185,1,3,0.1623845316519145,0.9578624725341796,0.4248768700493706,3,0.1623845316519145,0.9578624725341796,59.96002664890073
shruti_filming_1.mp4,186,1,3,0.1592633058904777,0.9532207489013672,0.4199142738624855,3,0.1592633058904777,0.9532207489013672,59.96002664890073
shruti_filming_1.mp4,187,1,3,0.1548231518119643,0.9479057312011718,0.4170235669171369,3,0.1548231518119643,0.9479057312011718,59.96002664890073
shruti_filming_1.mp4,188,1,3,0.1505991322177902,0.9463788986206054,0.4056179470486111,3,0.1505991322177902,0.9463788986206054,59.96002664890073
shruti_filming_1.mp4,189,1,4,0.1445389437025733,0.9457358042399088,0.384968015882704,3,0.1445389437025733,0.9457358042399088,59.96002664890073
shruti_filming_1.mp4,190,1,4,0.1391788879023213,0.9433805465698242,0.3675077650282118,3,0.1391788879023213,0.9433805465698242,59.96002664890073
shruti_filming_1.mp4,191,1,4,0.1328273198920214,0.938998031616211,0.3486888037787543,3,0.1328273198920214,0.938998031616211,59.96002664890073
shruti_filming_1.mp4,192,1,5,0.1293122975422173,0.936322021484375,0.3404795328776042,4,0.1293122975422173,0.936322021484375,59.96002664890073
shruti_filming_1.mp4,193,1,5,0.1203607069948231,0.9286919275919596,0.3211507444028501,4,0.1203607069948231,0.9286919275919596,59.96002664890073
shruti_filming_1.mp4,194,1,5,0.1155261115775162,0.9270880381266275,0.3024649937947591,4,0.1155261115775162,0.9270880381266275,59.96002664890073
shruti_filming_1.mp4,195,1,5,0.1095700586293071,0.9199617385864258,0.2922760998761212,4,0.1095700586293071,0.9199617385864258,59.96002664890073
shruti_filming_1.mp4,196,1,5,0.1049420051203708,0.9183384577433268,0.2768690603750723,4,0.1049420051203708,0.9183384577433268,59.96002664890073
shruti_filming_1.mp4,197,1,5,0.1009519954474645,0.9163925806681316,0.2626596238878038,4,0.1009519954474645,0.9163925806681316,59.96002664890073
shruti_filming_1.mp4,198,1,5,0.1000459518389107,0.9147369384765623,0.2596272927743417,4,0.1000459518389107,0.9147369384765623,59.96002664890073
shruti_filming_1.mp4,199,1,4,0.0962468567555576,0.9156065622965496,0.2377802530924479,3,0.0962468567555576,0.9156065622965496,59.96002664890073
shruti_filming_1.mp4,200,1,4,0.093691504129491,0.9143880844116212,0.22620199697989,3,0.093691504129491,0.9143880844116212,59.96002664890073
shruti_filming_1.mp4,201,1,5,0.0903673934527668,0.9152968088785808,0.2073481524432147,4,0.0903673934527668,0.9152968088785808,59.96002664890073
shruti_filming_1.mp4,202,1,5,0.0875068268727692,0.9104200998942056,0.2035034744827835,4,0.0875068268727692,0.9104200998942056,59.96002664890073
shruti_filming_1.mp4,203,1,6,0.0855645679729153,0.9995363235473632,0.736540879143609,5,0.0821159801274108,0.909665870666504,59.96002664890073
shruti_filming_1.mp4,204,1,5,0.0894028721517517,0.9995227813720704,0.7253115548027886,4,0.0794141454422788,0.9075132369995116,59.96002664890073
shruti_filming_1.mp4,205,1,5,0.0921313557367021,0.9994873682657878,0.7152823978000217,4,0.0768957386905094,0.9048241297403972,59.96002664890073
shruti_filming_1.mp4,206,1,5,0.0943110816561359,0.9991331100463868,0.7067998497574418,4,0.0747121022115849,0.9025116602579752,59.96002664890073
shruti_filming_1.mp4,207,1,5,0.0975705667181071,0.9993436813354492,0.6953658280549226,4,0.0723998232174468,0.9002605438232422,59.96002664890073
shruti_filming_1.mp4,208,1,5,0.1001399438117611,0.9993291854858398,0.6860593301278574,4,0.0704423501242288,0.9004241943359375,59.96002664890073
shruti_filming_1.mp4,209,1,5,0.1033413872536645,0.9995003382364908,0.6773015128241645,4,0.0684666165422337,0.8977378845214844,59.96002664890073
shruti_filming_1.mp4,210,1,6,0.1077567737324473,0.9996410369873048,0.6658718532986111,5,0.0656122008562993,0.8935961405436198,59.96002664890073
shruti_filming_1.mp4,211,1,6,0.1100517740714066,0.9995310465494792,0.6563548617892795,5,0.0639228285892319,0.8913228988647461,59.96002664890073
shruti_filming_1.mp4,212,1,6,0.111454228255445,0.9994459788004556,0.6503359618010345,5,0.063166074041898,0.8915935516357422,59.96002664890073
shruti_filming_1.mp4,213,1,5,0.1142156530195886,0.9994651794433592,0.6394304487440321,4,0.0614432722401236,0.8892860412597656,59.96002664890073
shruti_filming_1.mp4,214,1,5,0.1172680042691219,0.999444580078125,0.6281858797426577,4,0.06013399570899,0.8898252487182617,59.96002664890073
shruti_filming_1.mp4,215,1,5,0.1194068465277572,0.9994247436523438,0.6184808519151476,4,0.0597775650154015,0.8898750940958658,59.96002664890073
shruti_filming_1.mp4,216,1,6,0.1212638134414737,0.9994243621826172,0.6130066765679254,5,0.0567891201278986,0.8877594629923503,59.96002664890073
shruti_filming_1.mp4,217,1,6,0.1220757512538693,0.999394416809082,0.6077507866753472,5,0.0547710514098677,0.8841688156127929,59.96002664890073
shruti_filming_1.mp4,218,1,5,0.1234556928454549,0.9993391036987304,0.6031600104437934,4,0.0536400461509603,0.8828097025553385,59.96002664890073
shruti_filming_1.mp4,219,1,6,0.1254274453276863,0.9993730545043944,0.5966055269594546,6,0.1254274453276863,0.9993730545043944,59.96002664890073
shruti_filming_1.mp4,220,1,5,0.1276057246149759,0.9993771235148112,0.5881765294958043,5,0.1276057246149759,0.9993771235148112,59.96002664890073
shruti_filming_1.mp4,221,1,3,0.1284552446392815,0.9993785858154296,0.5838744269476996,3,0.1284552446392815,0.9993785858154296,59.96002664890073
shruti_filming_1.mp4,222,1,5,0.1305356604191183,0.999433135986328,0.5765931023491754,5,0.1305356604191183,0.999433135986328,59.96002664890073
shruti_filming_1.mp4,223,1,5,0.1327153377209874,0.9994302749633788,0.5697507646348742,5,0.1327153377209874,0.9994302749633788,59.96002664890073
shruti_filming_1.mp4,224,1,4,0.1344575560347099,0.9994106928507488,0.5637851291232638,4,0.1344575560347099,0.9994106928507488,59.96002664890073
shruti_filming_1.mp4,225,1,4,0.1357104466903547,0.999386469523112,0.5584783766004774,4,0.1357104466903547,0.999386469523112,59.96002664890073
shruti_filming_1.mp4,226,1,4,0.1374525510134225,0.9994802474975586,0.5504676112422237,4,0.1374525510134225,0.9994802474975586,59.96002664890073
shruti_filming_1.mp4,227,1,4,0.1389277637900433,0.9995092391967774,0.544580007482458,4,0.1389277637900433,0.9995092391967774,59.96002664890073
shruti_filming_1.mp4,228,1,4,0.1398548995097775,0.9994647979736327,0.5403009202745226,4,0.1398548995097775,0.9994647979736327,59.96002664890073
shruti_filming_1.mp4,229,1,4,0.141619598386654,0.999431610107422,0.5333565606011285,4,0.141619598386654,0.999431610107422,59.96002664890073
shruti_filming_1.mp4,230,1,5,0.1427935458718113,0.9994148890177408,0.5278564170554833,5,0.1427935458718113,0.9994148890177408,59.96002664890073
shruti_filming_1.mp4,231,1,6,0.1442482104258616,0.9994064331054688,0.5225087766294126,6,0.1442482104258616,0.9994064331054688,59.96002664890073
shruti_filming_1.mp4,232,1,5,0.1454944700406935,0.9994022369384764,0.5166056456389251,5,0.1454944700406935,0.9994022369384764,59.96002664890073
shruti_filming_1.mp4,233,1,6,0.1472466080350227,0.999477195739746,0.5095833954987703,6,0.1472466080350227,0.999477195739746,59.96002664890073
shruti_filming_1.mp4,234,1,6,0.1484323641156435,0.9994592666625975,0.5051736054597078,6,0.1484323641156435,0.9994592666625975,59.96002664890073
shruti_filming_1.mp4,235,1,6,0.149600364956746,0.9994802474975586,0.5016384407326028,6,0.149600364956746,0.9994802474975586,59.96002664890073
shruti_filming_1.mp4,236,1,5,0.1504959217618783,0.9995037078857422,0.4972163447627314,5,0.1504959217618783,0.9995037078857422,59.96002664890073
shruti_filming_1.mp4,237,1,4,0.1514131060888569,0.9994035720825196,0.4936367882622612,4,0.1514131060888569,0.9994035720825196,59.96002664890073
shruti_filming_1.mp4,238,1,4,0.1528455994584752,0.9994621276855468,0.4861534966362847,4,0.1528455994584752,0.9994621276855468,59.96002664890073
shruti_filming_1.mp4,239,1,5,0.1544495660657304,0.9995196024576825,0.4815488462094907,5,0.1544495660657304,0.9995196024576825,59.96002664890073
shruti_filming_1.mp4,240,2,5,0.1550912195256872,0.9994139353434244,0.4785212198893229,5,0.1550912195256872,0.9994139353434244,59.96002664890073
shruti_filming_1.mp4,241,2,4,0.1563971053100518,0.9995664596557616,0.4740227028175636,4,0.1563971053100518,0.9995664596557616,59.96002664890073
shruti_filming_1.mp4,242,2,4,0.1574667600423951,0.9993535995483398,0.4692835489908854,4,0.1574667600423951,0.9993535995483398,59.96002664890073
shruti_filming_1.mp4,243,2,5,0.1588088729200427,0.9993709564208983,0.4638607449001736,5,0.1588088729200427,0.9993709564208983,59.96002664890073
shruti_filming_1.mp4,244,2,5,0.1600223864083764,0.9995262781778972,0.4589122630931713,5,0.1600223864083764,0.9995262781778972,59.96002664890073
shruti_filming_1.mp4,245,2,6,0.1596428002324467,0.9983758926391602,0.4579664018419054,6,0.1596428002324467,0.9983758926391602,59.96002664890073
shruti_filming_1.mp4,246,2,6,0.1610716640526165,0.998557472229004,0.4538543136031539,6,0.1610716640526165,0.998557472229004,59.96002664890073
shruti_filming_1.mp4,247,2,5,0.1622649086002234,0.9986364364624024,0.4499723646375868,5,0.1622649086002234,0.9986364364624024,59.96002664890073
shruti_filming_1.mp4,248,2,5,0.1644548302504484,0.9992628733317056,0.4430872034143518,5,0.1644548302504484,0.9992628733317056,59.96002664890073
shruti_filming_1.mp4,249,2,6,0.1663452063047759,0.999528121948242,0.4382089685510706,6,0.1663452063047759,0.999528121948242,59.96002664890073
shruti_filming_1.mp4,250,2,6,0.1661763862441094,0.9994779586791992,0.4327964358859592,6,0.1661763862441094,0.9994779586791992,59.96002664890073
shruti_filming_1.mp4,251,2,7,0.1652660326817163,0.9990127563476564,0.4298392401801215,6,0.1652660326817163,0.9990127563476564,59.96002664890073
shruti_filming_1.mp4,252,2,7,0.158808270988919,0.9990163803100586,0.4015119199399595,6,0.158808270988919,0.9990163803100586,59.96002664890073
shruti_filming_1.mp4,253,2,5,0.1511251456648541,0.9984956741333008,0.3679376814100477,5,0.1511251456648541,0.9984956741333008,59.96002664890073
shruti_filming_1.mp4,254,2,6,0.1438986773857305,0.997174835205078,0.3436770403826678,6,0.1438986773857305,0.997174835205078,59.96002664890073
shruti_filming_1.mp4,255,2,4,0.1346077042926077,0.9919076919555664,0.3138358222113715,4,0.1346077042926077,0.9919076919555664,59.96002664890073
shruti_filming_1.mp4,256,2,4,0.1286809790420186,0.9907063166300456,0.2914049077917028,4,0.1286809790420186,0.9907063166300456,59.96002664890073
shruti_filming_1.mp4,257,2,6,0.1250938765910945,0.992917315165202,0.2645618014865451,5,0.1250938765910945,0.992917315165202,59.96002664890073
shruti_filming_1.mp4,258,2,5,0.1177046415052393,0.9892372131347656,0.2409189294885706,4,0.1177046415052393,0.9892372131347656,59.96002664890073
shruti_filming_1.mp4,259,2,6,0.1128596464029073,0.9875659942626952,0.2194951375325521,5,0.1128596464029073,0.9875659942626952,59.96002664890073
shruti_filming_1.mp4,260,2,5,0.1074245115250556,0.9822372436523438,0.2038760715060764,4,0.1074245115250556,0.9822372436523438,59.96002664890073
shruti_filming_1.mp4,261,2,5,0.1025801315941256,0.9785557428995768,0.1850422753228081,4,0.1025801315941256,0.9785557428995768,59.96002664890073
shruti_filming_1.mp4,262,2,5,0.097704760630788,0.999094581604004,0.7333955976698133,4,0.0966827709202253,0.9704381942749024,59.96002664890073
shruti_filming_1.mp4,263,2,5,0.1035791526654362,0.9991298675537108,0.7178822482073749,4,0.092878859518182,0.9671319961547852,59.96002664890073
shruti_filming_1.mp4,264,2,5,0.1065631459428308,0.9995803833007812,0.7094411355477792,4,0.0894878750891398,0.9641248703002928,59.96002664890073
shruti_filming_1.mp4,265,2,5,0.1125033710225011,0.999583625793457,0.6928293581362124,4,0.0858392169442959,0.9603612899780274,59.96002664890073
shruti_filming_1.mp4,266,2,5,0.1174072944253809,0.9995974222819012,0.6797336578369141,4,0.0816000797122251,0.9569814682006836,59.96002664890073
shruti_filming_1.mp4,267,2,5,0.1211040590058648,0.9996246337890624,0.6705603281656901,4,0.0793059126277781,0.9566169738769532,59.96002664890073
shruti_filming_1.mp4,268,2,5,0.1255033765101642,0.9995386123657226,0.6585431452150698,4,0.0748559563969158,0.9505714416503906,59.96002664890073
shruti_filming_1.mp4,269,2,5,0.1281491339171124,0.9995161056518554,0.6511949751112196,4,0.0707946167899839,0.9423401514689128,59.96002664890073
shruti_filming_1.mp4,270,2,5,0.1327822874724451,0.9993898391723632,0.6391715155707465,4,0.0679890439653213,0.9398614883422852,59.96002664890073
shruti_filming_1.mp4,271,2,5,0.1360116585099604,0.9993631998697916,0.6306957668728299,4,0.065845731928577,0.93553409576416,59.96002664890073
shruti_filming_1.mp4,272,2,5,0.1395717671640644,0.9993391036987304,0.620551511976454,4,0.0652657788640472,0.9368221282958984,59.96002664890073
shruti_filming_1.mp4,273,2,5,0.1424583898267236,0.9995204925537108,0.6124680413140191,4,0.0629565268840977,0.9352653503417968,59.96002664890073
shruti_filming_1.mp4,274,2,5,0.1442220584939787,0.9996076583862304,0.6061978234185113,4,0.0610331310456429,0.9306961059570312,59.96002664890073
shruti_filming_1.mp4,275,2,5,0.1477580883119069,0.9996076583862304,0.5969688556812428,5,0.1477580883119069,0.9996076583862304,59.96002664890073
shruti_filming_1.mp4,276,2,5,0.15048152443775,0.9995153427124024,0.586323971218533,5,0.15048152443775,0.9995153427124024,59.96002664890073
shruti_filming_1.mp4,277,2,5,0.1519938269223591,0.9995357513427734,0.5821418762207031,5,0.1519938269223591,0.9995357513427734,59.96002664890073
shruti_filming_1.mp4,278,2,5,0.1560405412089474,0.9995426177978516,0.571398671468099,5,0.1560405412089474,0.9995426177978516,59.96002664890073
shruti_filming_1.mp4,279,2,5,0.1566238345481003,0.999619483947754,0.5680681440565322,5,0.1566238345481003,0.999619483947754,59.96002664890073
shruti_filming_1.mp4,280,2,5,0.1581001396125227,0.9996877670288086,0.5611768086751302,5,0.1581001396125227,0.9996877670288086,59.96002664890073
shruti_filming_1.mp4,281,2,5,0.1594951928500086,0.99966246287028,0.5557762993706598,5,0.1594951928500086,0.99966246287028,59.96002664890073
shruti_filming_1.mp4,282,2,5,0.1617708545748152,0.9996646881103516,0.5478381262885199,5,0.1617708545748152,0.9996646881103516,59.96002664890073
shruti_filming_1.mp4,283,2,5,0.1631306156468377,0.9996983210245768,0.5420456780327692,5,0.1631306156468377,0.9996983210245768,59.96002664890073
shruti_filming_1.mp4,284,2,5,0.1640552786029487,0.9997669219970704,0.5351911756727431,5,0.1640552786029487,0.9997669219970704,59.96002664890073
shruti_filming_1.mp4,285,2,5,0.1651108754548477,0.9997152964274088,0.5287501017252604,5,0.1651108754548477,0.9997152964274088,59.96002664890073
shruti_filming_1.mp4,286,2,5,0.1657233789367213,0.9996433893839518,0.5237059275309245,5,0.1657233789367213,0.9996433893839518,59.96002664890073
shruti_filming_1.mp4,287,2,5,0.1675399794461554,0.9996477127075196,0.5203642951117622,5,0.1675399794461554,0.9996477127075196,59.96002664890073
shruti_filming_1.mp4,288,2,5,0.167274449803598,0.9995436350504556,0.5174832661946615,5,0.167274449803598,0.9995436350504556,59.96002664890073
shruti_filming_1.mp4,289,2,5,0.1683087449111028,0.9995113372802734,0.5112130482991536,5,0.1683087449111028,0.9995113372802734,59.96002664890073
shruti_filming_1.mp4,290,2,5,0.1694553685556942,0.9996147791544596,0.5070237901475695,5,0.1694553685556942,0.9996147791544596,59.96002664890073
shruti_filming_1.mp4,291,2,5,0.1706086988207729,0.9995246887207032,0.5032948811848958,5,0.1706086988207729,0.9995246887207032,59.96002664890073
shruti_filming_1.mp4,292,2,5,0.1713156197876109,0.999591827392578,0.5008081789369936,5,0.1713156197876109,0.999591827392578,59.96002664890073
shruti_filming_1.mp4,293,2,5,0.1715583648167834,0.9996261596679688,0.4977656470404731,5,0.1715583648167834,0.9996261596679688,59.96002664890073
shruti_filming_1.mp4,294,2,5,0.1723122587556847,0.9996718088785808,0.4941636827256944,5,0.1723122587556847,0.9996718088785808,59.96002664890073
shruti_filming_1.mp4,295,2,5,0.1737721596190412,0.9994159698486328,0.4902384722674334,5,0.1737721596190412,0.9994159698486328,59.96002664890073
shruti_filming_1.mp4,296,2,5,0.172910465721167,0.9996038436889648,0.4865046324553313,5,0.172910465721167,0.9996038436889648,59.96002664890073
shruti_filming_1.mp4,297,2,6,0.1747255059857249,0.999462890625,0.4842550772207755,6,0.1747255059857249,0.999462890625,59.96002664890073
shruti_filming_1.mp4,298,2,6,0.174937705623783,0.9995269775390624,0.4811901092529297,6,0.174937705623783,0.9995269775390624,59.96002664890073
shruti_filming_1.mp4,299,2,6,0.1756230600607927,0.9995323181152344,0.4795916663275825,6,0.1756230600607927,0.9995323181152344,59.96002664890073
shruti_filming_1.mp4,300,2,6,0.1775862035863489,0.9994768778483072,0.4768825954861111,6,0.1775862035863489,0.9994768778483072,59.96002664890073
shruti_filming_1.mp4,301,2,6,0.1781873613530964,0.9996217727661132,0.4715071925410518,6,0.1781873613530964,0.9996217727661132,59.96002664890073
shruti_filming_1.mp4,302,2,6,0.1797566014509303,0.9996533075968425,0.4663878829390914,6,0.1797566014509303,0.9996533075968425,59.96002664890073
shruti_filming_1.mp4,303,2,6,0.1802416013536492,0.9996427536010742,0.4627968117042824,6,0.1802416013536492,0.9996427536010742,59.96002664890073
shruti_filming_1.mp4,304,2,6,0.1810425295966194,0.9994976043701173,0.4581055817780671,6,0.1810425295966194,0.9994976043701173,59.96002664890073
shruti_filming_1.mp4,305,2,5,0.1814860711350855,0.9996376037597656,0.4550520579020182,5,0.1814860711350855,0.9996376037597656,59.96002664890073
shruti_filming_1.mp4,306,2,5,0.1822154297916939,0.9996791839599608,0.4522625534622757,5,0.1822154297916939,0.9996791839599608,59.96002664890073
shruti_filming_1.mp4,307,2,5,0.1826734867860796,0.999662208557129,0.4496646457248264,5,0.1826734867860796,0.999662208557129,59.96002664890073
shruti_filming_1.mp4,308,2,5,0.1838246765314047,0.9998741149902344,0.4460176962393301,5,0.1838246765314047,0.9998741149902344,59.96002664890073
shruti_filming_1.mp4,309,2,5,0.1852255902680486,0.999743906656901,0.4439747421829789,5,0.1852255902680486,0.999743906656901,59.96002664890073
shruti_filming_1.mp4,310,2,6,0.1855319164092415,0.999668312072754,0.4423866130687572,6,0.1855319164092415,0.999668312072754,59.96002664890073
shruti_filming_1.mp4,311,2,5,0.1861882342364643,0.9996038436889648,0.4396179481788917,5,0.1861882342364643,0.9996038436889648,59.96002664890073
shruti_filming_1.mp4,312,2,5,0.1871872335227844,0.9993963241577148,0.4380032292118779,5,0.1871872335227844,0.9993963241577148,59.96002664890073
shruti_filming_1.mp4,313,2,6,0.1887848549991354,0.999402109781901,0.4332550896538628,6,0.1887848549991354,0.999402109781901,59.96002664890073
shruti_filming_1.mp4,314,2,5,0.1892194105615123,0.9996618270874024,0.4319253992151331,5,0.1892194105615123,0.9996618270874024,59.96002664890073
shruti_filming_1.mp4,315,2,5,0.1892615270694444,0.9996496200561524,0.4300053066677517,5,0.1892615270694444,0.9996496200561524,59.96002664890073
shruti_filming_1.mp4,316,2,5,0.1889844850173001,0.9997148513793944,0.4298055719446252,5,0.1889844850173001,0.9997148513793944,59.96002664890073
shruti_filming_1.mp4,317,2,6,0.1896848911514502,0.9998201370239258,0.4292764027913411,6,0.1896848911514502,0.9998201370239258,59.96002664890073
shruti_filming_1.mp4,318,2,6,0.19040355148418,0.9997356414794922,0.4259835137261284,6,0.19040355148418,0.9997356414794922,59.96002664890073
shruti_filming_1.mp4,319,2,6,0.1891897689223212,0.9994112014770508,0.4254960378011068,5,0.1891897689223212,0.9994112014770508,59.96002664890073
shruti_filming_1.mp4,320,2,7,0.1886171545556521,0.9995124816894532,0.4219818397804543,6,0.1886171545556521,0.9995124816894532,59.96002664890073
shruti_filming_1.mp4,321,2,8,0.1876330277639984,0.9994125366210938,0.4142217000325521,6,0.1876330277639984,0.9994125366210938,59.96002664890073
shruti_filming_1.mp4,322,2,7,0.1782805488956337,0.9988880157470704,0.3855716564037181,6,0.1782805488956337,0.9988880157470704,59.96002664890073
shruti_filming_1.mp4,323,2,7,0.1721578551806916,0.9991331100463868,0.3628246872513382,6,0.1721578551806916,0.9991331100463868,59.96002664890073
shruti_filming_1.mp4,324,2,7,0.1657799901927878,0.9995522181193034,0.3376790435225875,6,0.1657799901927878,0.9995522181193034,59.96002664890073
shruti_filming_1.mp4,325,2,7,0.1573595376697119,0.9995841979980468,0.3172155874746817,6,0.1573595376697119,0.9995841979980468,59.96002664890073
shruti_filming_1.mp4,326,2,6,0.1485438215524158,0.9995384216308594,0.2959817674424913,5,0.1485438215524158,0.9995384216308594,59.96002664890073
shruti_filming_1.mp4,327,2,6,0.1437556449513714,0.9995227813720704,0.2721325627079716,5,0.1437556449513714,0.9995227813720704,59.96002664890073
shruti_filming_1.mp4,328,2,7,0.1410440347886631,0.9986541748046877,0.2545798690230758,5,0.1410440347886631,0.9986541748046877,59.96002664890073
shruti_filming_1.mp4,329,2,6,0.1353807035268497,0.9995811462402344,0.2337320539686415,5,0.1353807035268497,0.9995811462402344,59.96002664890073
shruti_filming_1.mp4,330,2,7,0.1299234054597036,0.9995622634887696,0.2132895716914424,5,0.1299234054597036,0.9995622634887696,59.96002664890073
shruti_filming_1.mp4,331,2,6,0.1272614579610052,0.998137092590332,0.1990823816370081,5,0.1272614579610052,0.998137092590332,59.96002664890073
shruti_filming_1.mp4,332,2,6,0.1214343247806148,0.994961166381836,0.1830778333875868,5,0.1214343247806148,0.994961166381836,59.96002664890073
shruti_filming_1.mp4,333,2,5,0.1239197311366701,0.9992308298746744,0.6944776746961806,4,0.1141130280911198,0.9868038177490236,59.96002664890073
shruti_filming_1.mp4,334,2,6,0.1302465150140853,0.9988512674967448,0.679040601518419,4,0.1081053129243405,0.9814531326293944,59.96002664890073
shruti_filming_1.mp4,335,2,8,0.1349799225292291,0.999477259318034,0.6687338193257649,5,0.1049706865973712,0.9798316955566406,59.96002664890073
shruti_filming_1.mp4,336,2,6,0.1390796205835139,0.9993883768717448,0.6569307680483217,5,0.1008992254250808,0.9752760569254556,59.96002664890073
shruti_filming_1.mp4,337,2,5,0.1431185434421341,0.9993497848510742,0.6460826555887859,4,0.0942572778872757,0.961253547668457,59.96002664890073
shruti_filming_1.mp4,338,2,5,0.1485619628543241,0.9993490854899088,0.6334001329210069,4,0.0919913227622574,0.9579948425292968,59.96002664890073
shruti_filming_1.mp4,339,2,6,0.1528970103358895,0.999325942993164,0.623347896999783,5,0.0891117363016787,0.9556232452392578,59.96002664890073
shruti_filming_1.mp4,340,2,5,0.1557922945384214,0.9992443084716796,0.6145999908447266,4,0.0856863013404869,0.9550592422485352,59.96002664890073
shruti_filming_1.mp4,341,2,5,0.1593324669829302,0.9991106033325196,0.6047492133246528,4,0.0801880397322303,0.9466044108072916,59.96002664890073
shruti_filming_1.mp4,342,2,5,0.1622043447666672,0.9991022109985352,0.5969969007703994,5,0.1622043447666672,0.9991022109985352,59.96002664890073
shruti_filming_1.mp4,343,2,5,0.1649026415230459,0.9999190012613932,0.5888189245153357,5,0.1649026415230459,0.9999190012613932,59.96002664890073
shruti_filming_1.mp4,344,2,5,0.1670089271730157,0.9992778778076172,0.5800194634331597,5,0.1670089271730157,0.9992778778076172,59.96002664890073
shruti_filming_1.mp4,345,2,5,0.1700792257659486,0.9992252349853517,0.571989017062717,5,0.1700792257659486,0.9992252349853517,59.96002664890073
shruti_filming_1.mp4,346,2,5,0.1716294667126904,0.9988557815551756,0.5660128275553385,5,0.1716294667126904,0.9988557815551756,59.96002664890073
shruti_filming_1.mp4,347,2,5,0.1763165372595324,0.9993322372436524,0.560062888816551,5,0.1763165372595324,0.9993322372436524,59.96002664890073
shruti_filming_1.mp4,348,2,5,0.1784569396939646,0.9996357599894206,0.5512649253562645,5,0.1784569396939646,0.9996357599894206,59.96002664890073
shruti_filming_1.mp4,349,2,5,0.1788598846084399,0.9996606826782226,0.5459085252549913,5,0.1788598846084399,0.9996606826782226,59.96002664890073
shruti_filming_1.mp4,350,2,5,0.1800319037472945,0.9983995437622072,0.5329319424099392,5,0.1800319037472945,0.9983995437622072,59.96002664890073
shruti_filming_1.mp4,351,2,6,0.1835172855883695,0.9988851547241212,0.5290415163393374,5,0.1835172855883695,0.9988851547241212,59.96002664890073
shruti_filming_1.mp4,352,2,4,0.1839173299944377,0.9990436553955078,0.524707285563151,4,0.1839173299944377,0.9990436553955078,59.96002664890073
shruti_filming_1.mp4,353,2,4,0.1847966569591598,0.9990938822428386,0.5176359812418619,4,0.1847966569591598,0.9990938822428386,59.96002664890073
shruti_filming_1.mp4,354,2,5,0.1836773935565725,0.9991418838500976,0.5140780978732639,4,0.1836773935565725,0.9991418838500976,59.96002664890073
shruti_filming_1.mp4,355,2,5,0.1857791017428098,0.999273681640625,0.5076168060302735,4,0.1857791017428098,0.999273681640625,59.96002664890073
shruti_filming_1.mp4,356,2,4,0.1905631362298273,0.99927126566569,0.500110513192636,4,0.1905631362298273,0.99927126566569,59.96002664890073
shruti_filming_1.mp4,357,2,4,0.1892791633498564,0.9986049652099608,0.4944575415717231,4,0.1892791633498564,0.9986049652099608,59.96002664890073
shruti_filming_1.mp4,358,2,4,0.1911549378556729,0.9996369043986004,0.4902606116400824,4,0.1911549378556729,0.9996369043986004,59.96002664890073
shruti_filming_1.mp4,359,2,4,0.193547106808972,0.9988590240478517,0.4841389408817997,4,0.193547106808972,0.9988590240478517,59.96002664890073
shruti_filming_1.mp4,360,2,4,0.1941153500864392,0.9993207931518556,0.4771842956542969,4,0.1941153500864392,0.9993207931518556,59.96002664890073
shruti_filming_1.mp4,361,2,4,0.1960777121227821,0.9997238159179688,0.4758575722023292,4,0.1960777121227821,0.9997238159179688,59.96002664890073
shruti_filming_1.mp4,362,2,6,0.1978242984296445,0.9997297922770182,0.4705703876636646,6,0.1978242984296445,0.9997297922770182,59.96002664890073
shruti_filming_1.mp4,363,2,5,0.1982796104433644,0.999431610107422,0.4655668753164786,5,0.1982796104433644,0.999431610107422,59.96002664890073
shruti_filming_1.mp4,364,2,5,0.1996678537858517,0.999408785502116,0.4560403188069661,5,0.1996678537858517,0.999408785502116,59.96002664890073
shruti_filming_1.mp4,365,2,5,0.2008444690060181,0.999420166015625,0.4522789849175347,5,0.2008444690060181,0.999420166015625,59.96002664890073
shruti_filming_1.mp4,366,2,4,0.2022830490306821,0.9996071497599284,0.446729419849537,4,0.2022830490306821,0.9996071497599284,59.96002664890073
shruti_filming_1.mp4,367,2,4,0.2032799078279497,0.9994897842407228,0.4434972692418981,4,0.2032799078279497,0.9994897842407228,59.96002664890073
shruti_filming_1.mp4,368,2,4,0.2050906933828325,0.999504852294922,0.436750496758355,4,0.2050906933828325,0.999504852294922,59.96002664890073
shruti_filming_1.mp4,369,2,4,0.2066081117313458,0.99943052927653,0.431427001953125,4,0.2066081117313458,0.99943052927653,59.96002664890073
shruti_filming_1.mp4,370,2,4,0.2065446067287471,0.9995342254638672,0.4286610497368706,4,0.2065446067287471,0.9995342254638672,59.96002664890073
shruti_filming_1.mp4,371,2,4,0.2079898393229895,0.9994877497355144,0.4251186653419777,4,0.2079898393229895,0.9994877497355144,59.96002664890073
shruti_filming_1.mp4,372,2,4,0.2070701465398694,0.9994284311930338,0.4216051737467448,4,0.2070701465398694,0.9994284311930338,59.96002664890073
shruti_filming_1.mp4,373,2,5,0.2075134558265563,0.9994964599609376,0.4159689585367838,4,0.2075134558265563,0.9994964599609376,59.96002664890073
shruti_filming_1.mp4,374,2,5,0.2088513338271392,0.999531618754069,0.4119819641113281,4,0.2088513338271392,0.999531618754069,59.96002664890073
shruti_filming_1.mp4,375,2,5,0.2102486217463458,0.9995031356811525,0.4096375641999421,4,0.2102486217463458,0.9995031356811525,59.96002664890073
shruti_filming_1.mp4,376,2,5,0.2102585190301329,0.9994937896728516,0.4069937953242549,4,0.2102585190301329,0.9994937896728516,59.96002664890073
shruti_filming_1.mp4,377,2,5,0.2115496070860419,0.9995038986206056,0.4041566778112341,5,0.2115496070860419,0.9995038986206056,59.96002664890073
shruti_filming_1.mp4,378,2,4,0.2112464922942712,0.9995613098144532,0.4010725515860098,4,0.2112464922942712,0.9995613098144532,59.96002664890073
shruti_filming_1.mp4,379,2,7,0.212666308179323,0.999494171142578,0.3991015964084201,5,0.212666308179323,0.999494171142578,59.96002664890073
shruti_filming_1.mp4,380,2,4,0.2151789296382147,0.9997133255004884,0.3939623656096281,4,0.2151789296382147,0.9997133255004884,59.96002664890073
shruti_filming_1.mp4,381,2,6,0.2160873931225096,0.9996994018554688,0.3895949752242477,5,0.2160873931225096,0.9996994018554688,59.96002664890073
shruti_filming_1.mp4,382,2,6,0.2166152171203888,0.9996763229370116,0.3876773975513599,5,0.2166152171203888,0.9996763229370116,59.96002664890073
shruti_filming_1.mp4,383,2,6,0.217042457673718,0.9996950785319012,0.3848292032877604,4,0.217042457673718,0.9996950785319012,59.96002664890073
shruti_filming_1.mp4,384,2,5,0.2164216088471908,0.9994861602783204,0.3802806430392795,4,0.2164216088471908,0.9994861602783204,59.96002664890073
shruti_filming_1.mp4,385,2,5,0.2167104977679533,0.9994558334350586,0.3771241364655671,4,0.2167104977679533,0.9994558334350586,59.96002664890073
shruti_filming_1.mp4,386,2,6,0.2184640361045496,0.999825922648112,0.3729796798140914,5,0.2184640361045496,0.999825922648112,59.96002664890073
shruti_filming_1.mp4,387,2,6,0.2198638580656516,0.9998571395874024,0.3695800498679832,5,0.2198638580656516,0.9998571395874024,59.96002664890073
shruti_filming_1.mp4,388,2,7,0.2196903045350983,0.9994236628214518,0.3672118292914496,6,0.2196903045350983,0.9994236628214518,59.96002664890073
shruti_filming_1.mp4,389,2,6,0.2203298078511876,0.9994358698527018,0.3647402728045428,5,0.2203298078511876,0.9994358698527018,59.96002664890073
shruti_filming_1.mp4,390,2,8,0.2219349375838323,0.9994833628336588,0.3604761759440104,6,0.2219349375838323,0.9994833628336588,59.96002664890073
shruti_filming_1.mp4,391,2,6,0.2222643097324503,0.999468231201172,0.3583285861545139,5,0.2222643097324503,0.999468231201172,59.96002664890073
shruti_filming_1.mp4,392,2,7,0.2223445779364125,0.9998153686523438,0.3570224903247974,5,0.2223445779364125,0.9998153686523438,59.96002664890073
shruti_filming_1.mp4,393,2,6,0.2231335753705193,0.999530792236328,0.3527612121016891,5,0.2231335753705193,0.999530792236328,59.96002664890073
shruti_filming_1.mp4,394,2,6,0.2230723649772699,0.999807357788086,0.352762688530816,4,0.2230723649772699,0.999807357788086,59.96002664890073
shruti_filming_1.mp4,395,2,7,0.2246185959297387,0.9995508193969728,0.3479955461290147,5,0.2246185959297387,0.9995508193969728,59.96002664890073
shruti_filming_1.mp4,396,2,8,0.2241345447650989,0.9992468516031902,0.3444356070624457,5,0.2241345447650989,0.9992468516031902,59.96002664890073
shruti_filming_1.mp4,397,2,7,0.2244530722580384,0.9988312403361004,0.3429894341362847,4,0.2244530722580384,0.9988312403361004,59.96002664890073
shruti_filming_1.mp4,398,2,8,0.222371678847121,0.9956645965576172,0.3395756191677517,5,0.222371678847121,0.9956645965576172,59.96002664890073
shruti_filming_1.mp4,399,2,8,0.2175509335880633,0.986774444580078,0.3390624788072374,6,0.2175509335880633,0.986774444580078,59.96002664890073
shruti_filming_1.mp4,400,2,8,0.2155642441573824,0.9824314753214518,0.3335627237955729,6,0.2155642441573824,0.9824314753214518,59.96002664890073
shruti_filming_1.mp4,401,2,7,0.2085751830031208,0.9721475601196288,0.3271537003693757,5,0.2085751830031208,0.9721475601196288,59.96002664890073
shruti_filming_1.mp4,402,2,7,0.201683902802696,0.9664548873901369,0.3104639123987268,5,0.201683902802696,0.9664548873901369,59.96002664890073
shruti_filming_1.mp4,403,2,7,0.1928937480648164,0.9605126063028973,0.2903273264567057,5,0.1928937480648164,0.9605126063028973,59.96002664890073
shruti_filming_1.mp4,404,2,8,0.1877508992549997,0.956858253479004,0.2760997630931713,5,0.1877508992549997,0.956858253479004,59.96002664890073
shruti_filming_1.mp4,405,2,8,0.1817970360599671,0.9536059061686198,0.2600207010904948,5,0.1817970360599671,0.9536059061686198,59.96002664890073
shruti_filming_1.mp4,406,2,7,0.1741641574266584,0.9488043467203776,0.2387471799497251,5,0.1741641574266584,0.9488043467203776,59.96002664890073
shruti_filming_1.mp4,407,2,6,0.1650647929222934,0.9402281443277994,0.2253963964956778,4,0.1650647929222934,0.9402281443277994,59.96002664890073
shruti_filming_1.mp4,408,2,5,0.1582704701194598,0.9360838572184244,0.2077281528049045,3,0.1582704701194598,0.9360838572184244,59.96002664890073
shruti_filming_1.mp4,409,2,6,0.1524937025388094,0.9310751597086588,0.1924324883355034,4,0.1524937025388094,0.9310751597086588,59.96002664890073
shruti_filming_1.mp4,410,2,6,0.1481853770933472,0.9282787958780924,0.176025065669307,4,0.1481853770933472,0.9282787958780924,59.96002664890073
shruti_filming_1.mp4,411,2,5,0.1417552707846173,0.9228675842285156,0.1607929371021412,3,0.1417552707846173,0.9228675842285156,59.96002664890073
shruti_filming_1.mp4,412,2,6,0.13802347254963,0.919005839029948,0.152346279003002,3,0.13802347254963,0.919005839029948,59.96002664890073
shruti_filming_1.mp4,413,2,6,0.1339960640465465,0.9155681610107422,0.138674079047309,3,0.1339960640465465,0.9155681610107422,59.96002664890073
shruti_filming_1.mp4,414,2,7,0.1296752731074751,0.9129275004069012,0.1284127412018952,4,0.1296752731074751,0.913040033976237,59.96002664890073
shruti_filming_1.mp4,415,2,7,0.1248455758555253,0.9091899871826172,0.1129010800962094,4,0.1248455758555253,0.9091899871826172,59.96002664890073
shruti_filming_1.mp4,416,2,8,0.1214566511345486,0.907288932800293,0.1040917573151765,5,0.1214566511345486,0.907288932800293,59.96002664890073
shruti_filming_1.mp4,417,2,8,0.1164216790783555,0.9028379440307616,0.0932160271538628,5,0.1164216790783555,0.9028379440307616,59.96002664890073
shruti_filming_1.mp4,418,2,6,0.1132022749170385,0.8999233881632487,0.0791734483506944,3,0.1132022749170385,0.8999233881632487,59.96002664890073
shruti_filming_1.mp4,419,2,6,0.1087517841075896,0.8952690124511719,0.0714585198296441,3,0.1087517841075896,0.8952690124511719,59.96002664890073
shruti_filming_1.mp4,420,2,7,0.1049602168533583,0.8912567774454753,0.0608486881962528,3,0.1049602168533583,0.8912567774454753,59.96002664890073
shruti_filming_1.mp4,421,2,7,0.1025031167544808,0.8887054443359375,0.0495173136393229,4,0.1025031167544808,0.8887054443359375,59.96002664890073
shruti_filming_1.mp4,422,2,5,0.0991169087020076,0.8855777740478515,0.037030029296875,3,0.0991169087020076,0.8855777740478515,59.96002664890073
shruti_filming_1.mp4,423,2,6,0.0967074006297884,0.8809889475504558,0.0256601404260706,4,0.0967074006297884,0.8809889475504558,59.96002664890073
shruti_filming_1.mp4,424,2,7,0.0941412299725925,0.8785605112711589,0.0135248819986979,5,0.0941412299725925,0.8785605112711589,59.96002664890073
shruti_filming_1.mp4,425,2,7,0.0901269353230277,0.8767566680908203,0.0031992594401041,4,0.0901269353230277,0.8767566680908203,59.96002664890073
shruti_filming_1.mp4,426,2,6,0.09146908060883,0.999403953552246,0.6719224823845757,4,0.087052989756447,0.8734926223754883,59.96002664890073
shruti_filming_1.mp4,427,2,7,0.0971561616862945,0.9994089126586914,0.6547046378806786,5,0.0856349012057169,0.8723073959350586,59.96002664890073
shruti_filming_1.mp4,428,2,9,0.1022470478689198,0.9995197296142578,0.6414765146043565,7,0.0835938698640448,0.8708700815836589,59.96002664890073
shruti_filming_1.mp4,429,2,7,0.106578890490475,0.9995216369628906,0.6297289530436198,5,0.081483933334449,0.8690146128336589,59.96002664890073
shruti_filming_1.mp4,430,2,6,0.111456421976618,0.9995012919108072,0.6153088463677301,4,0.0793727539687986,0.8679804484049479,59.96002664890073
shruti_filming_1.mp4,431,2,7,0.1153293948498645,0.9994962692260744,0.6058991326226129,5,0.0768681308325257,0.8637493133544922,59.96002664890073
shruti_filming_1.mp4,432,2,7,0.1201090084785957,0.9994476318359377,0.5913519965277778,6,0.1201090084785957,0.9994476318359377,59.96002664890073
shruti_filming_1.mp4,433,2,8,0.1218311537933752,0.9994051615397136,0.5850800549542462,7,0.1218311537933752,0.9994051615397136,59.96002664890073
shruti_filming_1.mp4,434,2,8,0.1248396133550129,0.9994333267211916,0.5728923515037254,7,0.1248396133550129,0.9994333267211916,59.96002664890073
shruti_filming_1.mp4,435,2,8,0.1280041251406321,0.9994438807169596,0.5646742220278139,7,0.1280041251406321,0.9994438807169596,59.96002664890073
shruti_filming_1.mp4,436,2,7,0.130966928215711,0.9994329452514648,0.5565562495478877,6,0.130966928215711,0.9994329452514648,59.96002664890073
shruti_filming_1.mp4,437,2,7,0.1341384478523913,0.999454116821289,0.546694239863643,6,0.1341384478523913,0.999454116821289,59.96002664890073
shruti_filming_1.mp4,438,2,6,0.136161901079807,0.9994525909423828,0.5403336842854818,5,0.136161901079807,0.9994525909423828,59.96002664890073
shruti_filming_1.mp4,439,2,6,0.1398658423312331,0.9994465510050456,0.5290091196695964,6,0.1398658423312331,0.9994465510050456,59.96002664890073
shruti_filming_1.mp4,440,2,7,0.1424365992678105,0.9994224548339844,0.5230905179624205,7,0.1424365992678105,0.9994224548339844,59.96002664890073
shruti_filming_1.mp4,441,2,7,0.1453684648869643,0.9993553161621094,0.5126285552978516,7,0.1453684648869643,0.9993553161621094,59.96002664890073
shruti_filming_1.mp4,442,2,7,0.1469960844021018,0.9994110107421876,0.5076468573676215,7,0.1469960844021018,0.9994110107421876,59.96002664890073
shruti_filming_1.mp4,443,2,6,0.1487968806837495,0.9994998931884764,0.5047402841073495,6,0.1487968806837495,0.9994998931884764,59.96002664890073
shruti_filming_1.mp4,444,2,6,0.1501364444517839,0.9994775772094726,0.4984918099862558,6,0.1501364444517839,0.9994775772094726,59.96002664890073
shruti_filming_1.mp4,445,2,5,0.1524054927024473,0.9995370864868164,0.4919887966579861,5,0.1524054927024473,0.9995370864868164,59.96002664890073
shruti_filming_1.mp4,446,2,6,0.1546394382847292,0.9995262781778972,0.4844017876519097,6,0.1546394382847292,0.9995262781778972,59.96002664890073
shruti_filming_1.mp4,447,2,6,0.1559166424643869,0.9995785395304362,0.4807169596354166,6,0.1559166424643869,0.9995785395304362,59.96002664890073
shruti_filming_1.mp4,448,2,6,0.1579462889948734,0.9995582580566408,0.4741325660988136,6,0.1579462889948734,0.9995582580566408,59.96002664890073
shruti_filming_1.mp4,449,2,6,0.1597540058313299,0.9994871139526368,0.4670636494954427,6,0.1597540058313299,0.9994871139526368,59.96002664890073
shruti_filming_1.mp4,450,2,6,0.1611091685564153,0.999489974975586,0.463014503761574,6,0.1611091685564153,0.999489974975586,59.96002664890073
shruti_filming_1.mp4,451,2,6,0.1627370939666138,0.999373245239258,0.4542793556495949,5,0.1627370939666138,0.999373245239258,59.96002664890073
shruti_filming_1.mp4,452,2,4,0.1650927036590615,0.9997188568115234,0.4490902370876736,4,0.1650927036590615,0.9997188568115234,59.96002664890073
shruti_filming_1.mp4,453,2,5,0.1667724750201249,0.999717140197754,0.443855568214699,5,0.1667724750201249,0.999717140197754,59.96002664890073
shruti_filming_1.mp4,454,2,4,0.1679171559001487,0.9997605005900064,0.4402137756347656,3,0.1679171559001487,0.9997605005900064,59.96002664890073
shruti_filming_1.mp4,455,2,4,0.1693058232965321,0.9994195938110352,0.4348720833107277,4,0.1693058232965321,0.9994195938110352,59.96002664890073
shruti_filming_1.mp4,456,2,4,0.1707193979013957,0.9996732711791992,0.4308314005533854,4,0.1707193979013957,0.9996732711791992,59.96002664890073
shruti_filming_1.mp4,457,2,3,0.1719332608392169,0.9995762507120768,0.4270067709463614,3,0.1719332608392169,0.9995762507120768,59.96002664890073
shruti_filming_1.mp4,458,2,2,0.1732738742498218,0.9995916366577148,0.4223277763084129,2,0.1732738742498218,0.9995916366577148,59.96002664890073
shruti_filming_1.mp4,459,2,3,0.1748072758158135,0.9995682398478192,0.418106206258138,3,0.1748072758158135,0.9995682398478192,59.96002664890073
shruti_filming_1.mp4,460,2,4,0.1759421857253376,0.9995851516723632,0.4152475145128038,4,0.1759421857253376,0.9995851516723632,59.96002664890073
shruti_filming_1.mp4,461,2,3,0.1773157057973245,0.9995725631713868,0.4109025178132234,3,0.1773157057973245,0.9995725631713868,59.96002664890073
shruti_filming_1.mp4,462,2,3,0.1779901566413981,0.9995644251505534,0.4093787299262152,3,0.1779901566413981,0.9995644251505534,59.96002664890073
shruti_filming_1.mp4,463,2,2,0.1793479302732157,0.9995968500773112,0.4065686543782552,2,0.1793479302732157,0.9995968500773112,59.96002664890073
shruti_filming_1.mp4,464,2,3,0.1812151570303992,0.9995031356811525,0.402394132260923,3,0.1812151570303992,0.9995031356811525,59.96002664890073
shruti_filming_1.mp4,465,2,2,0.1821408804122863,0.9990145365397136,0.4008672078450521,2,0.1821408804122863,0.9990145365397136,59.96002664890073
shruti_filming_1.mp4,466,2,2,0.1837881817042405,0.9993362426757812,0.3981217560944733,2,0.1837881817042405,0.9993362426757812,59.96002664890073
shruti_filming_1.mp4,467,2,2,0.1857383160558701,0.9995349884033204,0.3914420798972801,2,0.1857383160558701,0.9995349884033204,59.96002664890073
shruti_filming_1.mp4,468,2,2,0.1866124050171088,0.9995428085327148,0.3880686442057292,2,0.1866124050171088,0.9995428085327148,59.96002664890073
shruti_filming_1.mp4,469,2,2,0.1872236167111097,0.999601173400879,0.3876545658817997,2,0.1872236167111097,0.999601173400879,59.96002664890073
shruti_filming_1.mp4,470,2,2,0.1879376108887717,0.9995899836222332,0.3849529125072338,2,0.1879376108887717,0.9995899836222332,59.96002664890073
shruti_filming_1.mp4,471,2,3,0.1876511821870614,0.9994548797607422,0.3819783528645833,2,0.1876511821870614,0.9994548797607422,59.96002664890073
shruti_filming_1.mp4,472,2,3,0.1888433944028737,0.99952449798584,0.3777710808648003,2,0.1888433944028737,0.99952449798584,59.96002664890073
shruti_filming_1.mp4,473,2,3,0.1899277270607449,0.9995449701944988,0.3753469113950376,3,0.1899277270607449,0.9995449701944988,59.96002664890073
shruti_filming_1.mp4,474,2,4,0.1907641887597748,0.9994504928588868,0.3734245582863136,4,0.1907641887597748,0.9994504928588868,59.96002664890073
shruti_filming_1.mp4,475,2,3,0.1919110886306813,0.9996475219726564,0.3710211294668692,3,0.1919110886306813,0.9996475219726564,59.96002664890073
shruti_filming_1.mp4,476,2,3,0.1939348709232096,0.9996929804484048,0.3697945488823784,3,0.1939348709232096,0.9996929804484048,59.96002664890073
shruti_filming_1.mp4,477,2,4,0.1945162913732282,0.9996946334838868,0.368064202202691,4,0.1945162913732282,0.9996946334838868,59.96002664890073
shruti_filming_1.mp4,478,2,5,0.1949324614085101,0.9996927897135416,0.3669141981336805,4,0.1949324614085101,0.9996927897135416,59.96002664890073
shruti_filming_1.mp4,479,2,4,0.1954398860589437,0.9997720718383788,0.3661359433774594,4,0.1954398860589437,0.9997720718383788,59.96002664890073
shruti_filming_1.mp4,480,2,3,0.19617915403532,0.999809455871582,0.3636176921703197,3,0.19617915403532,0.999809455871582,59.96002664890073
shruti_filming_1.mp4,481,2,4,0.1964014424820197,0.9997541427612304,0.3624557495117187,4,0.1964014424820197,0.9997541427612304,59.96002664890073
shruti_filming_1.mp4,482,2,4,0.1970590060432463,0.9996597290039062,0.360414801703559,4,0.1970590060432463,0.9996597290039062,59.96002664890073
shruti_filming_1.mp4,483,2,4,0.1970823647191368,0.9996390024820964,0.3594371089228877,4,0.1970823647191368,0.9996390024820964,59.96002664890073
shruti_filming_1.mp4,484,2,5,0.1975814649134581,0.9994873046875,0.3569203129521123,4,0.1975814649134581,0.9994873046875,59.96002664890073
shruti_filming_1.mp4,485,2,3,0.1952941526348392,0.9947057723999024,0.3532694498697916,2,0.1952941526348392,0.9947057723999024,59.96002664890073
shruti_filming_1.mp4,486,2,5,0.1916690287205252,0.9883159637451172,0.3517274079499421,3,0.1916690287205252,0.9883159637451172,59.96002664890073
shruti_filming_1.mp4,487,2,6,0.1898671545850488,0.9839065551757812,0.3491051709210431,4,0.1898671545850488,0.9839065551757812,59.96002664890073
shruti_filming_1.mp4,488,2,5,0.187975872218764,0.9796783447265623,0.3466739018758138,3,0.187975872218764,0.9796783447265623,59.96002664890073
shruti_filming_1.mp4,489,2,5,0.1842907824329701,0.974147605895996,0.3459806089048032,3,0.1842907824329701,0.974147605895996,59.96002664890073
shruti_filming_1.mp4,490,2,6,0.176709283828572,0.9627163569132487,0.3418078528510199,3,0.176709283828572,0.9627163569132487,59.96002664890073
shruti_filming_1.mp4,491,2,6,0.170019665595545,0.958041763305664,0.3244302820276331,3,0.170019665595545,0.958041763305664,59.96002664890073
shruti_filming_1.mp4,492,2,6,0.1628217082725677,0.9523868560791016,0.3084957758585612,3,0.1628217082725677,0.9523868560791016,59.96002664890073
shruti_filming_1.mp4,493,2,8,0.155650164950294,0.947431755065918,0.292197107385706,3,0.155650164950294,0.947431755065918,59.96002664890073
shruti_filming_1.mp4,494,2,7,0.1468661278057428,0.9418097178141276,0.2699602409645363,3,0.1468661278057428,0.9418097178141276,59.96002664890073
shruti_filming_1.mp4,495,2,7,0.1415174180496251,0.939594841003418,0.2538328382703993,3,0.1415174180496251,0.939594841003418,59.96002664890073
shruti_filming_1.mp4,496,2,7,0.1344797244663093,0.934016227722168,0.2358061190004702,3,0.1344797244663093,0.934016227722168,59.96002664890073
shruti_filming_1.mp4,497,2,6,0.1299880360175868,0.9301153182983398,0.2127874868887442,3,0.1299880360175868,0.9301153182983398,59.96002664890073
shruti_filming_1.mp4,498,2,6,0.1239038626062554,0.9265628814697264,0.1930676213017216,3,0.1239038626062554,0.9265628814697264,59.96002664890073
shruti_filming_1.mp4,499,2,8,0.1179238598934305,0.9186233520507812,0.1821724220558449,4,0.1179238598934305,0.9186233520507812,59.96002664890073
shruti_filming_1.mp4,500,2,10,0.1126252209669231,0.9146596908569335,0.1667884120234736,5,0.1126252209669231,0.9146596908569335,59.96002664890073
shruti_filming_1.mp4,501,2,7,0.1085102400039613,0.9129725138346354,0.1476211689136646,4,0.1085102400039613,0.9129725138346354,59.96002664890073
shruti_filming_1.mp4,502,2,7,0.1015392062861118,0.9089687983194988,0.1236222443757233,4,0.1015392062861118,0.9089687983194988,59.96002664890073
shruti_filming_1.mp4,503,2,6,0.0983304692528731,0.9066162109375,0.1129269493950737,4,0.0983304692528731,0.9066162109375,59.96002664890073
shruti_filming_1.mp4,504,2,6,0.0952255413395539,0.9027982711791992,0.1027879644323278,4,0.0952255413395539,0.9027982711791992,59.96002664890073
shruti_filming_1.mp4,505,2,7,0.0920432024058984,0.9994164148966472,0.6822237297340675,5,0.0912992462579967,0.8985903422037761,59.96002664890073
shruti_filming_1.mp4,506,2,6,0.0961822768783895,0.999415397644043,0.6696911282009549,5,0.0877107589683846,0.8947804133097331,59.96002664890073
shruti_filming_1.mp4,507,2,6,0.1010257090408898,0.9994621912638346,0.6545259687635634,5,0.0854907104910213,0.8919027328491211,59.96002664890073
shruti_filming_1.mp4,508,2,4,0.1062371658910158,0.9994220733642578,0.6403468803123191,3,0.0837364756256445,0.8912408828735352,59.96002664890073
shruti_filming_1.mp4,509,2,5,0.1097650682777748,0.9994417190551758,0.6314319186740451,4,0.0796489202260057,0.8869579315185547,59.96002664890073
shruti_filming_1.mp4,510,2,4,0.1143024245842739,0.9994579315185548,0.6200098390932436,3,0.0794718175644811,0.885713259379069,59.96002664890073
shruti_filming_1.mp4,511,2,4,0.1184530939674489,0.9994800567626954,0.6083156585693359,3,0.077166019114795,0.8825429916381836,59.96002664890073
shruti_filming_1.mp4,512,2,5,0.1222294699623927,0.9994537989298504,0.595775533605505,5,0.1222294699623927,0.9994537989298504,59.96002664890073
shruti_filming_1.mp4,513,2,4,0.1248190040958676,0.99949951171875,0.585730701022678,4,0.1248190040958676,0.99949951171875,59.96002664890073
shruti_filming_1.mp4,514,2,4,0.1276703793885341,0.9994043350219728,0.5766421847873264,4,0.1276703793885341,0.9994043350219728,59.96002664890073
shruti_filming_1.mp4,515,2,5,0.1307530129252835,0.9994203567504882,0.5679990273934824,5,0.1307530129252835,0.9994203567504882,59.96002664890073
shruti_filming_1.mp4,516,2,7,0.133099474403231,0.9994068145751952,0.5590624491373698,7,0.133099474403231,0.9994068145751952,59.96002664890073
shruti_filming_1.mp4,517,2,6,0.1353352212888529,0.9993907928466796,0.5501731589988426,6,0.1353352212888529,0.9993907928466796,59.96002664890073
shruti_filming_1.mp4,518,2,6,0.137897229464633,0.9994279861450196,0.5429573059082031,6,0.137897229464633,0.9994279861450196,59.96002664890073
shruti_filming_1.mp4,519,2,6,0.1403647395415302,0.9994192123413086,0.5365565971091941,6,0.1403647395415302,0.9994192123413086,59.96002664890073
shruti_filming_1.mp4,520,2,6,0.1403046027254701,0.9994245529174804,0.5367301940917969,6,0.1403046027254701,0.9994245529174804,59.96002664890073
shruti_filming_1.mp4,521,2,6,0.1437002935959026,0.9993967056274414,0.5271530151367188,6,0.1437002935959026,0.9993967056274414,59.96002664890073
shruti_filming_1.mp4,522,2,7,0.1467200028356375,0.9993692398071288,0.5203084451180917,7,0.1467200028356375,0.9993692398071288,59.96002664890073
shruti_filming_1.mp4,523,2,6,0.1489300121235076,0.9993864059448242,0.5120937206127025,6,0.1489300121235076,0.9993864059448242,59.96002664890073
shruti_filming_1.mp4,524,2,5,0.1510141029828972,0.9993659973144532,0.5057020258020472,5,0.1510141029828972,0.9993659973144532,59.96002664890073
shruti_filming_1.mp4,525,2,5,0.1512260987075515,0.9993236541748048,0.5017742722122758,5,0.1512260987075515,0.9993236541748048,59.96002664890073
shruti_filming_1.mp4,526,2,6,0.1527844632005629,0.9993373870849608,0.4990654415554471,6,0.1527844632005629,0.9993373870849608,59.96002664890073
shruti_filming_1.mp4,527,2,4,0.1553792502911043,0.9993484497070312,0.4918863084581163,4,0.1553792502911043,0.9993484497070312,59.96002664890073
shruti_filming_1.mp4,528,2,4,0.1581550719278626,0.9996776580810548,0.487309999819155,4,0.1581550719278626,0.9996776580810548,59.96002664890073
shruti_filming_1.mp4,529,2,4,0.1598429635404318,0.9996950785319012,0.483300060696072,4,0.1598429635404318,0.9996950785319012,59.96002664890073
shruti_filming_1.mp4,530,2,6,0.1614282226735182,0.9996238708496094,0.4777247111002604,6,0.1614282226735182,0.9996238708496094,59.96002664890073
shruti_filming_1.mp4,531,2,6,0.1625973110124943,0.9993898391723632,0.4713276615849248,6,0.1625973110124943,0.9993898391723632,59.96002664890073
shruti_filming_1.mp4,532,2,6,0.1652163161287037,0.9997949600219728,0.4631330984610098,6,0.1652163161287037,0.9997949600219728,59.96002664890073
shruti_filming_1.mp4,533,2,6,0.1666484741301004,0.9998128890991212,0.4612469143337673,6,0.1666484741301004,0.9998128890991212,59.96002664890073
shruti_filming_1.mp4,534,2,6,0.1685265577373987,0.9998151779174804,0.4560643513997396,6,0.1685265577373987,0.9998151779174804,59.96002664890073
shruti_filming_1.mp4,535,2,6,0.1695851110057354,0.999807357788086,0.4531676680953414,6,0.1695851110057354,0.999807357788086,59.96002664890073
shruti_filming_1.mp4,536,2,6,0.1702144064630044,0.999630355834961,0.449938244289822,6,0.1702144064630044,0.999630355834961,59.96002664890073
shruti_filming_1.mp4,537,2,6,0.1718104215165981,0.9996161142985026,0.4443760342068142,6,0.1718104215165981,0.9996161142985026,59.96002664890073
shruti_filming_1.mp4,538,2,4,0.1730448905252463,0.999506950378418,0.4417297787136501,4,0.1730448905252463,0.999506950378418,59.96002664890073
shruti_filming_1.mp4,539,2,5,0.1744820064383869,0.9994903564453124,0.4380320231119791,5,0.1744820064383869,0.9994903564453124,59.96002664890073
shruti_filming_1.mp4,540,2,3,0.1758393438822693,0.999558703104655,0.4351101910626447,3,0.1758393438822693,0.999558703104655,59.96002664890073
shruti_filming_1.mp4,541,2,3,0.1769255749876956,0.9994789123535156,0.4333041155779803,3,0.1769255749876956,0.9994789123535156,59.96002664890073
shruti_filming_1.mp4,542,2,3,0.177726163174957,0.9994939804077148,0.4310317993164062,3,0.177726163174957,0.9994939804077148,59.96002664890073
shruti_filming_1.mp4,543,2,3,0.1786829984836125,0.9994621912638346,0.4278698391384549,3,0.1786829984836125,0.9994621912638346,59.96002664890073
shruti_filming_1.mp4,544,2,4,0.1801350533692015,0.999420166015625,0.4244204485857928,4,0.1801350533692015,0.999420166015625,59.96002664890073
shruti_filming_1.mp4,545,2,3,0.1795320490484866,0.9988062540690104,0.4212299346923828,3,0.1795320490484866,0.9988062540690104,59.96002664890073
shruti_filming_1.mp4,546,2,3,0.1818035746948185,0.9995660781860352,0.418916349057798,3,0.1818035746948185,0.9995660781860352,59.96002664890073
shruti_filming_1.mp4,547,2,4,0.183015008135149,0.9995691935221356,0.415529547797309,4,0.183015008135149,0.9995691935221356,59.96002664890073
shruti_filming_1.mp4,548,2,6,0.1837661072143291,0.999584452311198,0.412011139481156,6,0.1837661072143291,0.999584452311198,59.96002664890073
shruti_filming_1.mp4,549,2,5,0.1846284482261183,0.9995798110961914,0.4093186555085358,5,0.1846284482261183,0.9995798110961914,59.96002664890073
shruti_filming_1.mp4,550,2,6,0.1849906740788665,0.999566650390625,0.4074949335168909,6,0.1849906740788665,0.999566650390625,59.96002664890073
shruti_filming_1.mp4,551,2,5,0.186196425607637,0.9996185938517252,0.4044976693612558,5,0.186196425607637,0.9996185938517252,59.96002664890073
shruti_filming_1.mp4,552,2,4,0.1862129272401782,0.9996336619059244,0.4041280817102503,4,0.1862129272401782,0.9996336619059244,59.96002664890073
shruti_filming_1.mp4,553,2,4,0.1864880865633753,0.9993610382080078,0.4009816346345124,4,0.1864880865633753,0.9993610382080078,59.96002664890073
shruti_filming_1.mp4,554,2,4,0.1876507327125701,0.9997114817301432,0.4009545785409433,3,0.1876507327125701,0.9997114817301432,59.96002664890073
shruti_filming_1.mp4,555,2,5,0.1887154734667597,0.9997387568155924,0.3948077731662326,4,0.1887154734667597,0.9997387568155924,59.96002664890073
shruti_filming_1.mp4,556,2,6,0.1897651168899998,0.9994131088256836,0.3889144897460937,5,0.1897651168899998,0.9994131088256836,59.96002664890073
shruti_filming_1.mp4,557,2,5,0.1902854764323328,0.9995841979980468,0.3906551784939236,4,0.1902854764323328,0.9995841979980468,59.96002664890073
shruti_filming_1.mp4,558,2,6,0.1891791904568903,0.9994922637939452,0.3919506072998047,4,0.1891791904568903,0.9994922637939452,59.96002664890073
shruti_filming_1.mp4,559,2,6,0.1913614622335687,0.9994688669840496,0.3867294311523437,4,0.1913614622335687,0.9994688669840496,59.96002664890073
shruti_filming_1.mp4,560,2,8,0.1912541032738065,0.9994717280069988,0.3882549709743924,5,0.1912541032738065,0.9994717280069988,59.96002664890073
shruti_filming_1.mp4,561,2,6,0.1911215849133063,0.9994710922241212,0.3841419643825955,4,0.1911215849133063,0.9994710922241212,59.96002664890073
shruti_filming_1.mp4,562,2,6,0.1920368636090926,0.999412981669108,0.3862483130560981,4,0.1920368636090926,0.999412981669108,59.96002664890073
shruti_filming_1.mp4,563,2,8,0.1931986815497541,0.9993846893310548,0.3835380271629051,6,0.1931986815497541,0.9993846893310548,59.96002664890073
shruti_filming_1.mp4,564,2,8,0.1936548376555718,0.9979108810424804,0.3804785834418402,6,0.1936548376555718,0.9979108810424804,59.96002664890073
shruti_filming_1.mp4,565,2,8,0.1896721512995686,0.990678024291992,0.3758782280815972,6,0.1896721512995686,0.990678024291992,59.96002664890073
shruti_filming_1.mp4,566,2,8,0.1837022966547617,0.9808716456095378,0.3739825354682075,6,0.1837022966547617,0.9808716456095378,59.96002664890073
shruti_filming_1.mp4,567,2,7,0.18527816935195,0.9814525604248048,0.3731707255045572,5,0.18527816935195,0.9814525604248048,59.96002664890073
shruti_filming_1.mp4,568,2,5,0.1849253499401836,0.979704475402832,0.3702825475622106,3,0.1849253499401836,0.979704475402832,59.96002664890073
shruti_filming_1.mp4,569,2,5,0.1816280334446114,0.9731424967447916,0.3672931106002242,3,0.1816280334446114,0.9731424967447916,59.96002664890073
shruti_filming_1.mp4,570,2,5,0.1729447552768397,0.9598116556803384,0.3563218010796441,3,0.1729447552768397,0.9598116556803384,59.96002664890073
shruti_filming_1.mp4,571,2,8,0.1583296259277096,0.9509634017944336,0.3225762402569806,4,0.1583296259277096,0.9509634017944336,59.96002664890073
shruti_filming_1.mp4,572,2,8,0.1505365503334259,0.9434471130371094,0.3005069308810764,5,0.1505365503334259,0.9434471130371094,59.96002664890073
shruti_filming_1.mp4,573,2,7,0.1393359877721027,0.933966827392578,0.2796411584924768,4,0.1393359877721027,0.933966827392578,59.96002664890073
shruti_filming_1.mp4,574,2,7,0.1299902169170241,0.9267416000366212,0.2497595963654694,4,0.1299902169170241,0.9267416000366212,59.96002664890073
shruti_filming_1.mp4,575,2,8,0.1239979642744098,0.9225528717041016,0.2305508648907696,5,0.1239979642744098,0.9225528717041016,59.96002664890073
shruti_filming_1.mp4,576,2,7,0.1165498263424766,0.9172943751017252,0.2073698397035952,4,0.1165498263424766,0.9172943751017252,59.96002664890073
shruti_filming_1.mp4,577,2,7,0.10994464012335,0.9126412073771158,0.1839981079101562,4,0.10994464012335,0.9126412073771158,59.96002664890073
shruti_filming_1.mp4,578,2,6,0.1017647625471403,0.9048885345458983,0.161915545993381,3,0.1017647625471403,0.9048885345458983,59.96002664890073
shruti_filming_1.mp4,579,2,7,0.0973888664954574,0.9018121719360352,0.1411176045735677,5,0.0973888664954574,0.9018121719360352,59.96002664890073
shruti_filming_1.mp4,580,2,7,0.0945093704572085,0.9000146865844727,0.130991052698206,5,0.0945093704572085,0.9000146865844727,59.96002664890073
shruti_filming_1.mp4,581,2,7,0.0910922156340044,0.8984974543253581,0.112136318065502,5,0.0910922156340044,0.8984974543253581,59.96002664890073
shruti_filming_1.mp4,582,2,6,0.0933980695882443,0.9993408203125,0.7311119079589844,4,0.0864702503867361,0.8949892679850261,59.96002664890073
shruti_filming_1.mp4,583,2,6,0.0992114382505166,0.998991584777832,0.7189166457564743,4,0.0811050886363308,0.88769957224528,59.96002664890073
shruti_filming_1.mp4,584,2,6,0.103517060815614,0.9985571543375652,0.7073488058867278,4,0.0774202005101068,0.8860679626464844,59.96002664890073
shruti_filming_1.mp4,585,2,7,0.1085163708824095,0.9992595672607422,0.694529300265842,5,0.0745785909901225,0.8822439193725586,59.96002664890073
shruti_filming_1.mp4,586,2,6,0.1137539184517582,0.9993940353393554,0.680197376675076,4,0.0720508187927016,0.8785835266113281,59.96002664890073
shruti_filming_1.mp4,587,2,6,0.1176006391784176,0.9993091583251952,0.6705001831054688,4,0.0690825063795879,0.8761428833007813,59.96002664890073
shruti_filming_1.mp4,588,2,5,0.1228853651184289,0.999212646484375,0.6559930589463976,3,0.064061726213657,0.8710258483886719,59.96002664890073
shruti_filming_1.mp4,589,2,5,0.1258263471710961,0.9992115020751952,0.6492250230577257,3,0.0647059544573831,0.8705621719360351,59.96002664890073
shruti_filming_1.mp4,590,2,5,0.1298520310409367,0.999537150065104,0.6387000189887153,3,0.0597645053811073,0.8652153650919596,59.96002664890073
shruti_filming_1.mp4,591,2,5,0.133701471309536,0.999428939819336,0.6285663322166161,3,0.0580358210416441,0.8622865676879883,59.96002664890073
shruti_filming_1.mp4,592,2,5,0.1370506131577982,0.9995422999064127,0.6202618210404007,3,0.0555530540599526,0.8570062637329101,59.96002664890073
shruti_filming_1.mp4,593,2,5,0.1399529009540694,0.999554443359375,0.612127939860026,3,0.0544279453962937,0.8593000411987305,59.96002664890073
shruti_filming_1.mp4,594,2,5,0.1429687978113684,0.9995073318481446,0.602401140001085,3,0.0518966797309824,0.8526578903198242,59.96002664890073
shruti_filming_1.mp4,595,2,5,0.1455617186060084,0.9994497299194336,0.5956230163574219,5,0.1455617186060084,0.9994497299194336,59.96002664890073
shruti_filming_1.mp4,596,2,5,0.1475704486338805,0.99907595316569,0.588122233638057,5,0.1475704486338805,0.99907595316569,59.96002664890073
shruti_filming_1.mp4,597,2,5,0.1476296832982835,0.9949411392211914,0.5816999788637515,5,0.1476296832982835,0.9949411392211914,59.96002664890073
shruti_filming_1.mp4,598,2,6,0.1480770917324116,0.9876852671305338,0.5714583926730685,6,0.1480770917324116,0.9876852671305338,59.96002664890073
shruti_filming_1.mp4,599,2,6,0.1476936435465339,0.9830310821533204,0.5654103173149957,6,0.1476936435465339,0.9830310821533204,59.96002664890073
shruti_filming_1.mp4,600,2,7,0.1476638646597388,0.9785036087036132,0.559616865935149,7,0.1476638646597388,0.9785036087036132,59.96002664890073
shruti_filming_1.mp4,601,2,9,0.1471183691717817,0.9725887298583984,0.5523388050220631,9,0.1471183691717817,0.9725887298583984,59.96002664890073
shruti_filming_1.mp4,602,2,9,0.1474427518574521,0.9680927912394206,0.5439129299587674,9,0.1474427518574521,0.9680927912394206,59.96002664890073
shruti_filming_1.mp4,603,2,7,0.1469608873024117,0.9655466079711914,0.541495598687066,7,0.1469608873024117,0.9655466079711914,59.96002664890073
shruti_filming_1.mp4,604,2,7,0.1462732363000988,0.9606437683105468,0.5354495719627098,7,0.1462732363000988,0.9606437683105468,59.96002664890073
shruti_filming_1.mp4,605,2,7,0.1481644125697979,0.9612957000732422,0.53068276864511,7,0.1481644125697979,0.9612957000732422,59.96002664890073
shruti_filming_1.mp4,606,2,7,0.1482179522050137,0.9572544097900392,0.5232222663031684,7,0.1482179522050137,0.9572544097900392,59.96002664890073
shruti_filming_1.mp4,607,2,5,0.1472495494242312,0.9540254592895508,0.5203975112349899,5,0.1472495494242312,0.9540254592895508,59.96002664890073
shruti_filming_1.mp4,608,2,5,0.1442564615697447,0.947463607788086,0.5177924120867694,5,0.1442564615697447,0.947463607788086,59.96002664890073
shruti_filming_1.mp4,609,2,7,0.144608726106736,0.94643923441569,0.5144353513364439,7,0.144608726106736,0.94643923441569,59.96002664890073
shruti_filming_1.mp4,610,2,4,0.1433775952578327,0.9410001754760742,0.5096348091408058,4,0.1433775952578327,0.9410001754760742,59.96002664890073
shruti_filming_1.mp4,611,2,6,0.145314159100817,0.9431587855021158,0.5052582634819879,6,0.145314159100817,0.9431587855021158,59.96002664890073
shruti_filming_1.mp4,612,2,6,0.1451506546890111,0.9411687850952148,0.501122396963614,6,0.1451506546890111,0.9411687850952148,59.96002664890073
shruti_filming_1.mp4,613,2,6,0.1442698243279462,0.9374088923136392,0.4971290305808738,6,0.1442698243279462,0.9374088923136392,59.96002664890073
shruti_filming_1.mp4,614,2,7,0.1437015309986681,0.9348869323730468,0.4936699054859302,7,0.1437015309986681,0.9348869323730468,59.96002664890073
shruti_filming_1.mp4,615,2,6,0.1451812260402867,0.9336284637451172,0.4847684930872034,6,0.1451812260402867,0.9336284637451172,59.96002664890073
shruti_filming_1.mp4,616,2,7,0.1451902623232209,0.931601905822754,0.4803550437644676,7,0.1451902623232209,0.931601905822754,59.96002664890073
shruti_filming_1.mp4,617,2,5,0.1452670860419015,0.9292006174723308,0.4763202525951244,5,0.1452670860419015,0.9292006174723308,59.96002664890073
shruti_filming_1.mp4,618,2,5,0.1455370319812047,0.930344581604004,0.4764740837944878,5,0.1455370319812047,0.930344581604004,59.96002664890073
shruti_filming_1.mp4,619,2,6,0.145388977008283,0.9293141047159832,0.4735327685320818,6,0.145388977008283,0.9293141047159832,59.96002664890073
shruti_filming_1.mp4,620,2,5,0.1438264651178322,0.924593989054362,0.4693578790735315,5,0.1438264651178322,0.924593989054362,59.96002664890073
shruti_filming_1.mp4,621,2,4,0.1448125367811897,0.924053192138672,0.4643068525526259,4,0.1448125367811897,0.924053192138672,59.96002664890073
shruti_filming_1.mp4,622,2,4,0.1453277815603432,0.9231106440226235,0.4617026576289424,4,0.1453277815603432,0.9231106440226235,59.96002664890073
shruti_filming_1.mp4,623,2,4,0.1456734643280355,0.922150993347168,0.4582730328595197,4,0.1456734643280355,0.922150993347168,59.96002664890073
shruti_filming_1.mp4,624,2,5,0.1484495760817626,0.9266733169555664,0.4558688128436053,5,0.1484495760817626,0.9266733169555664,59.96002664890073
shruti_filming_1.mp4,625,2,5,0.1530217836840165,0.9337570190429688,0.4523777855767144,5,0.1530217836840165,0.9337570190429688,59.96002664890073
shruti_filming_1.mp4,626,2,5,0.1579299196587907,0.9420238494873048,0.4511468392831307,5,0.1579299196587907,0.9420238494873048,59.96002664890073
shruti_filming_1.mp4,627,2,5,0.1633506740356959,0.9496427536010742,0.4452737878870081,5,0.1633506740356959,0.9496427536010742,59.96002664890073
shruti_filming_1.mp4,628,2,5,0.1669694381232343,0.9545526504516602,0.4427571897153501,5,0.1669694381232343,0.9545526504516602,59.96002664890073
shruti_filming_1.mp4,629,2,3,0.1674673249285088,0.9545495986938476,0.4400290312590422,3,0.1674673249285088,0.9545495986938476,59.96002664890073
shruti_filming_1.mp4,630,2,4,0.1664147973899121,0.9515436172485352,0.4352516174316406,4,0.1664147973899121,0.9515436172485352,59.96002664890073
shruti_filming_1.mp4,631,2,4,0.1659250744598426,0.949369239807129,0.4311559889051649,4,0.1659250744598426,0.949369239807129,59.96002664890073
shruti_filming_1.mp4,632,2,5,0.1643365560048389,0.9462059020996094,0.4303108497902199,5,0.1643365560048389,0.9462059020996094,59.96002664890073
shruti_filming_1.mp4,633,2,5,0.1626782003678898,0.9422247568766275,0.4282746491608796,4,0.1626782003678898,0.9422247568766275,59.96002664890073
shruti_filming_1.mp4,634,2,6,0.1605725983525324,0.9385475158691406,0.4267091821741174,5,0.1605725983525324,0.9385475158691406,59.96002664890073
shruti_filming_1.mp4,635,2,5,0.1598915518192397,0.9361448287963868,0.4221567224573206,4,0.1598915518192397,0.9361448287963868,59.96002664890073
shruti_filming_1.mp4,636,2,7,0.1539416588759437,0.9302094141642252,0.4075725555419922,5,0.1539416588759437,0.9302094141642252,59.96002664890073
shruti_filming_1.mp4,637,2,7,0.142400008570233,0.9234610239664712,0.3761280907524956,5,0.142400008570233,0.9234610239664712,59.96002664890073
shruti_filming_1.mp4,638,2,6,0.1322985115474633,0.9134607950846354,0.3545600043402778,5,0.1322985115474633,0.9134607950846354,59.96002664890073
shruti_filming_1.mp4,639,2,4,0.1246913869969796,0.9096389770507812,0.3269039577907986,3,0.1246913869969796,0.9096389770507812,59.96002664890073
shruti_filming_1.mp4,640,2,6,0.1178586048655604,0.9066780726114908,0.3053143465960467,5,0.1178586048655604,0.9066780726114908,59.96002664890073
shruti_filming_1.mp4,641,2,6,0.1125353600623903,0.9050100962320964,0.2869208724410446,5,0.1125353600623903,0.9050100962320964,59.96002664890073
shruti_filming_1.mp4,642,2,6,0.1060703838782312,0.8965930938720703,0.2737574400725188,5,0.1060703838782312,0.8965930938720703,59.96002664890073
shruti_filming_1.mp4,643,2,6,0.1016671835420129,0.8927568435668946,0.2520480827048972,5,0.1016671835420129,0.8927568435668946,59.96002664890073
shruti_filming_1.mp4,644,2,6,0.0953767386025208,0.8845617930094402,0.238171245433666,5,0.0953767386025208,0.8845617930094402,59.96002664890073
shruti_filming_1.mp4,645,2,6,0.0929900617796293,0.8822845458984375,0.2265469162552445,5,0.0929900617796293,0.8822845458984375,59.96002664890073
shruti_filming_1.mp4,646,2,6,0.098437693190061,0.9995866775512696,0.740266552677861,5,0.0869430644717929,0.8735904693603516,59.96002664890073
shruti_filming_1.mp4,647,2,5,0.1039705074540688,0.9994301478068034,0.7228019502427843,4,0.0810476281031887,0.8647192001342774,59.96002664890073
shruti_filming_1.mp4,648,2,5,0.1096500050986678,0.9993833541870116,0.710935405448631,4,0.0759882375230518,0.8575409571329753,59.96002664890073
shruti_filming_1.mp4,649,2,6,0.1143391591549017,0.9995455423990884,0.6958234186525698,5,0.0719095569168272,0.8498601913452148,59.96002664890073
shruti_filming_1.mp4,650,2,5,0.116614453773032,0.9995157241821288,0.6902835845947266,4,0.0697236181905922,0.8474010467529297,59.96002664890073
shruti_filming_1.mp4,651,2,5,0.1217448524649619,0.9995664596557616,0.677423745614511,4,0.064432919736654,0.8375406901041667,59.96002664890073
shruti_filming_1.mp4,652,2,5,0.1238236616655841,0.9994586944580078,0.6718098534478082,4,0.0644189121729168,0.8441850662231445,59.96002664890073
shruti_filming_1.mp4,653,2,4,0.127991778694478,0.9994518915812176,0.660374026828342,3,0.0626720863973928,0.8415465037027995,59.96002664890073
shruti_filming_1.mp4,654,2,4,0.1308799726265755,0.9994009017944336,0.6524683528476292,3,0.0578763987092275,0.8307568232218424,59.96002664890073
shruti_filming_1.mp4,655,2,6,0.1352647485712933,0.9993804931640624,0.6392115522314001,5,0.0582528412759549,0.8316612879435221,59.96002664890073
shruti_filming_1.mp4,656,2,7,0.1398574988363543,0.9993537902832031,0.6294313218858507,6,0.0535797793213472,0.826391092936198,59.96002664890073
shruti_filming_1.mp4,657,2,6,0.1434316591703639,0.9993831634521484,0.6191745475486473,5,0.0516387617448344,0.8246587753295899,59.96002664890073
shruti_filming_1.mp4,658,2,6,0.1451623306301836,0.9993322372436524,0.6119488186306423,5,0.0482613128720783,0.8157789230346679,59.96002664890073
shruti_filming_1.mp4,659,2,6,0.1467573090072255,0.9993295669555664,0.6049206203884548,5,0.0450548290217691,0.8115717569986979,59.96002664890073
shruti_filming_1.mp4,660,2,5,0.1492826658397825,0.9994052886962892,0.5981356726752387,5,0.1492826658397825,0.9994052886962892,59.96002664890073
shruti_filming_1.mp4,661,2,5,0.1512487759285458,0.999468231201172,0.5909413796884042,5,0.1512487759285458,0.999468231201172,59.96002664890073
shruti_filming_1.mp4,662,2,6,0.1517528456391624,0.9994544982910156,0.5862329694959852,6,0.1517528456391624,0.9994544982910156,59.96002664890073
shruti_filming_1.mp4,663,2,6,0.154963953217181,0.9985193888346354,0.576924302842882,6,0.154963953217181,0.9985193888346354,59.96002664890073
shruti_filming_1.mp4,664,2,5,0.1556449380479404,0.999382209777832,0.5719763579191985,5,0.1556449380479404,0.999382209777832,59.96002664890073
shruti_filming_1.mp4,665,2,5,0.1573038514488197,0.999331283569336,0.5670738220214844,5,0.1573038514488197,0.999331283569336,59.96002664890073
shruti_filming_1.mp4,666,2,5,0.1604211225958607,0.9993654251098631,0.5572739636456525,5,0.1604211225958607,0.9993654251098631,59.96002664890073
shruti_filming_1.mp4,667,2,5,0.1619174381783038,0.9992238998413084,0.5497794257269966,5,0.1619174381783038,0.9992238998413084,59.96002664890073
shruti_filming_1.mp4,668,2,5,0.1639403161539478,0.9993785858154296,0.5446320569073713,5,0.1639403161539478,0.9993785858154296,59.96002664890073
shruti_filming_1.mp4,669,2,5,0.1656230832920927,0.9993486404418944,0.5395316229926215,5,0.1656230832920927,0.9993486404418944,59.96002664890073
shruti_filming_1.mp4,670,2,5,0.1688214306738195,0.9993335723876952,0.5307107713487413,5,0.1688214306738195,0.9993335723876952,59.96002664890073
shruti_filming_1.mp4,671,2,5,0.1711118774406107,0.9995840072631836,0.526102786593967,5,0.1711118774406107,0.9995840072631836,59.96002664890073
shruti_filming_1.mp4,672,2,6,0.1719986334130711,0.9996349334716796,0.5222147058557581,6,0.1719986334130711,0.9996349334716796,59.96002664890073
shruti_filming_1.mp4,673,2,6,0.1738792159139336,0.9996735254923502,0.5162453686749494,6,0.1738792159139336,0.9996735254923502,59.96002664890073
shruti_filming_1.mp4,674,2,5,0.1749056558024798,0.9995279312133788,0.5108829357005932,5,0.1749056558024798,0.9995279312133788,59.96002664890073
shruti_filming_1.mp4,675,2,5,0.1760179439079689,0.9995274225870768,0.5072479248046875,5,0.1760179439079689,0.9995274225870768,59.96002664890073
shruti_filming_1.mp4,676,2,5,0.1765409251830796,0.9993583679199218,0.5013576507568359,5,0.1765409251830796,0.9993583679199218,59.96002664890073
shruti_filming_1.mp4,677,2,5,0.1772718792123972,0.9993385314941406,0.4976293351915147,5,0.1772718792123972,0.9993385314941406,59.96002664890073
shruti_filming_1.mp4,678,2,5,0.1792314388966285,0.9993454615275064,0.4928613309507016,5,0.1792314388966285,0.9993454615275064,59.96002664890073
shruti_filming_1.mp4,679,2,5,0.1798229550809925,0.999427604675293,0.4889755955448857,5,0.1798229550809925,0.999427604675293,59.96002664890073
shruti_filming_1.mp4,680,2,5,0.1814027151219003,0.9994032541910808,0.4836228688557942,5,0.1814027151219003,0.9994032541910808,59.96002664890073
shruti_filming_1.mp4,681,2,5,0.1824317689946824,0.9994452158610028,0.479896573667173,5,0.1824317689946824,0.9994452158610028,59.96002664890073
shruti_filming_1.mp4,682,2,5,0.1831996025442236,0.9994094848632812,0.4756734636094835,5,0.1831996025442236,0.9994094848632812,59.96002664890073
shruti_filming_1.mp4,683,2,6,0.1842457478350735,0.999476432800293,0.4719340006510417,6,0.1842457478350735,0.999476432800293,59.96002664890073
shruti_filming_1.mp4,684,2,6,0.1864185492818069,0.9999512354532878,0.4668003506130642,6,0.1864185492818069,0.9999512354532878,59.96002664890073
shruti_filming_1.mp4,685,2,6,0.1872560704205103,0.9992916107177734,0.462151449697989,6,0.1872560704205103,0.9992916107177734,59.96002664890073
shruti_filming_1.mp4,686,2,5,0.1890887711723539,0.9994928359985352,0.4565889853018302,5,0.1890887711723539,0.9994928359985352,59.96002664890073
shruti_filming_1.mp4,687,2,5,0.1895391104525576,0.9993792215983072,0.4548682318793403,5,0.1895391104525576,0.9993792215983072,59.96002664890073
shruti_filming_1.mp4,688,2,4,0.1919298727723071,0.999447504679362,0.4470389472113715,4,0.1919298727723071,0.999447504679362,59.96002664890073
shruti_filming_1.mp4,689,2,4,0.1925454706042849,0.9993776321411132,0.4442845662434896,4,0.1925454706042849,0.9993776321411132,59.96002664890073
shruti_filming_1.mp4,690,2,3,0.1929577112029558,0.9996580123901369,0.4431933085123697,3,0.1929577112029558,0.9996580123901369,59.96002664890073
shruti_filming_1.mp4,691,2,4,0.1954246304541205,0.999407958984375,0.4372965494791667,4,0.1954246304541205,0.999407958984375,59.96002664890073
shruti_filming_1.mp4,692,2,5,0.1962418818277311,0.9994138717651369,0.4342890138979311,5,0.1962418818277311,0.9994138717651369,59.96002664890073
shruti_filming_1.mp4,693,2,5,0.195952030596395,0.999567985534668,0.4300592634412977,5,0.195952030596395,0.999567985534668,59.96002664890073
shruti_filming_1.mp4,694,2,5,0.1968482968278598,0.9996665954589844,0.4283473120795356,4,0.1968482968278598,0.9996665954589844,59.96002664890073
shruti_filming_1.mp4,695,2,5,0.1967522008376221,0.9995720545450848,0.4252288818359375,4,0.1967522008376221,0.9995720545450848,59.96002664890073
shruti_filming_1.mp4,696,2,5,0.1983769412825091,0.997905731201172,0.4231862386067708,4,0.1983769412825091,0.997905731201172,59.96002664890073
shruti_filming_1.mp4,697,2,5,0.1952620091685094,0.9921847025553384,0.4201527913411458,4,0.1952620091685094,0.9921847025553384,59.96002664890073
shruti_filming_1.mp4,698,2,6,0.1917225080739525,0.98454958597819,0.4178499575014467,5,0.1917225080739525,0.98454958597819,59.96002664890073
shruti_filming_1.mp4,699,2,7,0.1877127585318306,0.9771734237670898,0.4128271456117983,6,0.1877127585318306,0.9771734237670898,59.96002664890073
shruti_filming_1.mp4,700,2,6,0.1852213789699938,0.971026865641276,0.4109283023410373,5,0.1852213789699938,0.971026865641276,59.96002664890073
shruti_filming_1.mp4,701,2,8,0.180934284585431,0.9632373809814452,0.4097657945421007,6,0.180934284585431,0.9632373809814452,59.96002664890073
shruti_filming_1.mp4,702,2,7,0.1778196435799084,0.9581670761108398,0.4080082363552517,4,0.1778196435799084,0.9581670761108398,59.96002664890073
shruti_filming_1.mp4,703,2,5,0.1753484567474623,0.9523273468017578,0.4042712600142867,3,0.1753484567474623,0.9523273468017578,59.96002664890073
shruti_filming_1.mp4,704,2,8,0.1716995078468742,0.94617919921875,0.3992980391890914,6,0.1716995078468742,0.94617919921875,59.96002664890073
shruti_filming_1.mp4,705,2,8,0.1686418516345616,0.9401382446289064,0.3943024105495877,6,0.1686418516345616,0.9401382446289064,59.96002664890073
shruti_filming_1.mp4,706,2,8,0.1686124505918997,0.9373608271280924,0.3916574266221788,6,0.1686124505918997,0.9373608271280924,59.96002664890073
shruti_filming_1.mp4,707,2,9,0.1661092104004018,0.9334806442260742,0.384356873123734,6,0.1661092104004018,0.9334806442260742,59.96002664890073
shruti_filming_1.mp4,708,2,7,0.1627554263312938,0.928805414835612,0.3791874638310185,5,0.1627554263312938,0.928805414835612,59.96002664890073
shruti_filming_1.mp4,709,2,10,0.1610217862218026,0.9252079645792644,0.3778742896185981,7,0.1610217862218026,0.9252079645792644,59.96002664890073
shruti_filming_1.mp4,710,2,9,0.1577432810414918,0.9216922760009766,0.3718958536783854,7,0.1577432810414918,0.9216922760009766,59.96002664890073
shruti_filming_1.mp4,711,2,8,0.1522829349847463,0.918245506286621,0.3552238111142759,6,0.1522829349847463,0.918245506286621,59.96002664890073
shruti_filming_1.mp4,712,2,7,0.1477787865175438,0.914020029703776,0.3380220201280381,6,0.1477787865175438,0.914020029703776,59.96002664890073
shruti_filming_1.mp4,713,2,7,0.1428916969527388,0.911189079284668,0.3224591219866717,6,0.1428916969527388,0.911189079284668,59.96002664890073
shruti_filming_1.mp4,714,2,7,0.1384763381161826,0.9080599466959636,0.3072876259132668,6,0.1384763381161826,0.9080599466959636,59.96002664890073
shruti_filming_1.mp4,715,2,9,0.1349565636164603,0.9062318801879884,0.2898648862485532,8,0.1349565636164603,0.9062318801879884,59.96002664890073
shruti_filming_1.mp4,716,2,9,0.1304569386924197,0.9025410334269206,0.2747076387758608,8,0.1304569386924197,0.9025410334269206,59.96002664890073
shruti_filming_1.mp4,717,2,7,0.125545068085711,0.899193000793457,0.2609995524088541,6,0.125545068085711,0.899193000793457,59.96002664890073
shruti_filming_1.mp4,718,2,8,0.1199615589017892,0.8939980189005534,0.2480999699345341,7,0.1199615589017892,0.8939980189005534,59.96002664890073
shruti_filming_1.mp4,719,2,6,0.116220205203782,0.8915201822916666,0.2343376866093388,5,0.116220205203782,0.8915201822916666,59.96002664890073
shruti_filming_1.mp4,720,0,6,0.1117121681754522,0.8879224777221679,0.2196617126464843,5,0.1117121681754522,0.8879224777221679,59.96002664890073
shruti_filming_1.mp4,721,0,5,0.1076106600448838,0.8845301310221354,0.2065235137939453,4,0.1076106600448838,0.8845301310221354,59.96002664890073
shruti_filming_1.mp4,722,0,5,0.1053024862027356,0.8818550745646159,0.1952573423032407,4,0.1053024862027356,0.8818550745646159,59.96002664890073
shruti_filming_1.mp4,723,0,6,0.1019374844162379,0.8778593063354492,0.1808642210783781,5,0.1019374844162379,0.8778593063354492,59.96002664890073
shruti_filming_1.mp4,724,0,5,0.0998267736038003,0.875370979309082,0.1696068092628761,4,0.0998267736038003,0.875370979309082,59.96002664890073
shruti_filming_1.mp4,725,0,5,0.0972517766828834,0.8740337371826172,0.1546712522153501,4,0.0972517766828834,0.8740337371826172,59.96002664890073
shruti_filming_1.mp4,726,0,5,0.0952651418422465,0.8725290934244792,0.1434266973424841,4,0.0952651418422465,0.8725290934244792,59.96002664890073
shruti_filming_1.mp4,727,0,7,0.0919945597849275,0.8704311370849609,0.1322374273229528,6,0.0919945597849275,0.8704311370849609,59.96002664890073
shruti_filming_1.mp4,728,0,5,0.0889915986822382,0.8668300628662109,0.1194851204201027,4,0.0889915986822382,0.8668300628662109,59.96002664890073
shruti_filming_1.mp4,729,0,5,0.0868038832763516,0.8645540237426758,0.1092995537651909,4,0.0868038832763516,0.8645540237426758,59.96002664890073
shruti_filming_1.mp4,730,0,5,0.0847516362003026,0.8620998382568359,0.0981993074770326,4,0.0847516362003026,0.8620998382568359,59.96002664890073
shruti_filming_1.mp4,731,0,5,0.082760910534869,0.8600891749064128,0.0850194860387731,4,0.082760910534869,0.8600891749064128,59.96002664890073
shruti_filming_1.mp4,732,0,5,0.080679278982759,0.8574474334716797,0.0736634148491753,4,0.080679278982759,0.8574474334716797,59.96002664890073
shruti_filming_1.mp4,733,0,5,0.0787959625558546,0.855247688293457,0.0635071648491753,4,0.0787959625558546,0.855247688293457,59.96002664890073
shruti_filming_1.mp4,734,0,6,0.0772184108877101,0.8536472320556641,0.0526333844220196,5,0.0772184108877101,0.8536472320556641,59.96002664890073
shruti_filming_1.mp4,735,0,5,0.0753349807075897,0.8521127700805664,0.0435640970865885,4,0.0753349807075897,0.8521127700805664,59.96002664890073
shruti_filming_1.mp4,736,0,5,0.072543365066802,0.8497421900431316,0.03994140625,4,0.072543365066802,0.8497421900431316,59.96002664890073
shruti_filming_1.mp4,737,0,6,0.0714798384976004,0.8490570704142253,0.0267686631944444,5,0.0714798384976004,0.8490570704142253,59.96002664890073
shruti_filming_1.mp4,738,0,5,0.0695722584355206,0.8471996307373046,0.0184046709979022,4,0.0695722584355206,0.8471996307373046,59.96002664890073
shruti_filming_1.mp4,739,0,5,0.0673309642090397,0.8447781244913737,0.0095234341091579,4,0.0673309642090397,0.8447781244913737,59.96002664890073
shruti_filming_1.mp4,740,0,7,0.0655759113801091,0.8429121653238932,0.0001337687174479,6,0.0655759113801091,0.8429121653238932,59.96002664890073
shruti_filming_1.mp4,741,0,7,0.0640305900581114,0.841306495666504,0.0078016210485387,6,0.0640305900581114,0.841306495666504,59.96002664890073
shruti_filming_1.mp4,742,0,5,0.0629915311446044,0.8396507898966471,0.0152168839066116,4,0.0629915311446044,0.8396507898966471,59.96002664890073
shruti_filming_1.mp4,743,0,5,0.0616953882846994,0.8379868189493815,0.0248628404405381,4,0.0616953882846994,0.8379868189493815,59.96002664890073
shruti_filming_1.mp4,744,0,6,0.0604463765668333,0.8360633850097656,0.0336641099717881,5,0.0604463765668333,0.8360633850097656,59.96002664890073
shruti_filming_1.mp4,745,0,6,0.0584605260516077,0.8343864440917969,0.0405789693196614,5,0.0584605260516077,0.8343864440917969,59.96002664890073
shruti_filming_1.mp4,746,0,6,0.0571280038256642,0.8327480316162109,0.0492313526294849,5,0.0571280038256642,0.8327480316162109,59.96002664890073
shruti_filming_1.mp4,747,0,8,0.0559417402904418,0.8310837427775065,0.0541952910246672,7,0.0559417402904418,0.8310837427775065,59.96002664890073
shruti_filming_1.mp4,748,0,6,0.0547489033934673,0.8301054636637369,0.0620038350423177,5,0.0547489033934673,0.8301054636637369,59.96002664890073
shruti_filming_1.mp4,749,0,6,0.0534757498583834,0.8286935806274414,0.071142578125,5,0.0534757498583834,0.8286935806274414,59.96002664890073
shruti_filming_1.mp4,750,0,5,0.0523114368416416,0.8270968119303386,0.0776652583369502,4,0.0523114368416416,0.8270968119303386,59.96002664890073
shruti_filming_1.mp4,751,0,5,0.0512694330152589,0.8260393778483073,0.0851476033528645,4,0.0512694330152589,0.8260393778483073,59.96002664890073
shruti_filming_1.mp4,752,0,5,0.0506440570766076,0.8253227233886719,0.0935271934226707,4,0.0506440570766076,0.8253227233886719,59.96002664890073
shruti_filming_1.mp4,753,0,5,0.0491105075305569,0.823609733581543,0.0996513931839554,4,0.0491105075305569,0.823609733581543,59.96002664890073
shruti_filming_1.mp4,754,0,5,0.0484856298659212,0.8225777308146159,0.1095018174913194,4,0.0484856298659212,0.8225777308146159,59.96002664890073
shruti_filming_1.mp4,755,0,5,0.0478762434200163,0.8207429885864258,0.1192974514431423,4,0.0478762434200163,0.8207429885864258,59.96002664890073
shruti_filming_1.mp4,756,0,6,0.0468980853466272,0.81922607421875,0.12590007075557,5,0.0468980853466272,0.81922607421875,59.96002664890073
shruti_filming_1.mp4,757,0,6,0.0462129551981091,0.819669532775879,0.1295825251826533,5,0.0462129551981091,0.819669532775879,59.96002664890073
shruti_filming_1.mp4,758,0,6,0.0449504833097711,0.8177738189697266,0.1364924960666232,5,0.0449504833097711,0.8177738189697266,59.96002664890073
shruti_filming_1.mp4,759,0,6,0.0443090969545049,0.8164024353027344,0.146473326506438,5,0.0443090969545049,0.8164024353027344,59.96002664890073
shruti_filming_1.mp4,760,0,7,0.0434304475622613,0.8146707534790039,0.1523708767361111,6,0.0434304475622613,0.8146707534790039,59.96002664890073
shruti_filming_1.mp4,761,0,7,0.0424118794870877,0.8139168421427408,0.1599580270272714,7,0.0424118794870877,0.8139168421427408,59.96002664890073
shruti_filming_1.mp4,762,0,6,0.0417583574711655,0.8138099670410156,0.1639058430989583,6,0.0417583574711655,0.8138099670410156,59.96002664890073
shruti_filming_1.mp4,763,0,8,0.0408273915056337,0.812898317972819,0.1700175532588252,8,0.0408273915056337,0.812898317972819,59.96002664890073
shruti_filming_1.mp4,764,0,7,0.0399758816142221,0.8121171951293945,0.1740244264955874,7,0.0399758816142221,0.8121171951293945,59.96002664890073
shruti_filming_1.mp4,765,0,6,0.0403800764174795,0.8108442942301433,0.1867730034722222,6,0.0403800764174795,0.8108442942301433,59.96002664890073
shruti_filming_1.mp4,766,0,6,0.0392439189219536,0.8098570505777994,0.189118335865162,6,0.0392439189219536,0.8098570505777994,59.96002664890073
shruti_filming_1.mp4,767,0,6,0.0384170914534802,0.8078880945841471,0.1949994970251012,6,0.0384170914534802,0.8078880945841471,59.96002664890073
shruti_filming_1.mp4,768,0,6,0.037776088836771,0.8073408762613933,0.1955322265625,6,0.037776088836771,0.8073408762613933,59.96002664890073
shruti_filming_1.mp4,769,0,6,0.0371684405728125,0.8061735153198242,0.2008910850242332,6,0.0371684405728125,0.8061735153198242,59.96002664890073
shruti_filming_1.mp4,770,0,6,0.0365481715550251,0.8053380966186523,0.2061848675763165,6,0.0365481715550251,0.8053380966186523,59.96002664890073
shruti_filming_1.mp4,771,0,6,0.0359342272698456,0.8041832605997722,0.2103830973307291,6,0.0359342272698456,0.8041832605997722,59.96002664890073
shruti_filming_1.mp4,772,0,6,0.0366190477866136,0.8040681838989258,0.2248831007215712,6,0.0366190477866136,0.8040681838989258,59.96002664890073
shruti_filming_1.mp4,773,0,5,0.036057904372757,0.8035803476969401,0.2309864750614872,5,0.036057904372757,0.8035803476969401,59.96002664890073
shruti_filming_1.mp4,774,0,5,0.035499953450635,0.8028974533081055,0.2371802435980902,5,0.035499953450635,0.8028974533081055,59.96002664890073
shruti_filming_1.mp4,775,0,6,0.03427198875357,0.8017959594726562,0.2377723411277488,6,0.03427198875357,0.8017959594726562,59.96002664890073
shruti_filming_1.mp4,776,0,6,0.0336671021431296,0.8006921768188476,0.2399325335467303,6,0.0336671021431296,0.8006921768188476,59.96002664890073
shruti_filming_1.mp4,777,0,6,0.0330718353339384,0.8000754038492839,0.2425454598885995,6,0.0330718353339384,0.8000754038492839,59.96002664890073
shruti_filming_1.mp4,778,0,6,0.0324127836713645,0.7996866226196289,0.2443952207212094,6,0.0324127836713645,0.7996866226196289,59.96002664890073
shruti_filming_1.mp4,779,0,5,0.0323742161006925,0.7985750198364258,0.2547332763671875,5,0.0323742161006925,0.7985750198364258,59.96002664890073
shruti_filming_1.mp4,780,0,5,0.0319722650701361,0.7975925445556641,0.2621154220015914,5,0.0319722650701361,0.7975925445556641,59.96002664890073
shruti_filming_1.mp4,781,0,6,0.0316916087642312,0.7970136642456055,0.2677500406901041,6,0.0316916087642312,0.7970136642456055,59.96002664890073
shruti_filming_1.mp4,782,0,5,0.0311551583733051,0.7966700236002604,0.2727766814055266,5,0.0311551583733051,0.7966700236002604,59.96002664890073
shruti_filming_1.mp4,783,0,6,0.0303505391993288,0.7952175776163737,0.2747378313982928,6,0.0303505391993288,0.7952175776163737,59.96002664890073
shruti_filming_1.mp4,784,0,6,0.0299949080766075,0.7939446131388347,0.2794380470558449,6,0.0299949080766075,0.7939446131388347,59.96002664890073
shruti_filming_1.mp4,785,0,7,0.0290386964496833,0.7932799021402995,0.2784167819552951,7,0.0290386964496833,0.7932799021402995,59.96002664890073
shruti_filming_1.mp4,786,0,6,0.0288386135707022,0.7931156158447266,0.2836385091145833,6,0.0288386135707022,0.7931156158447266,59.96002664890073
shruti_filming_1.mp4,787,0,6,0.0285046717648561,0.7929375330607097,0.2889470983434606,6,0.0285046717648561,0.7929375330607097,59.96002664890073
shruti_filming_1.mp4,788,0,6,0.0278212439920896,0.792447280883789,0.2915651674623842,6,0.0278212439920896,0.792447280883789,59.96002664890073
shruti_filming_1.mp4,789,0,5,0.0293228649838905,0.7923668543497722,0.3109883626302083,5,0.0293228649838905,0.7923668543497722,59.96002664890073
shruti_filming_1.mp4,790,0,5,0.0278948135246281,0.7909111658732096,0.3043755425347222,5,0.0278948135246281,0.7909111658732096,59.96002664890073
shruti_filming_1.mp4,791,0,6,0.0269503041153075,0.7901468912760417,0.3016270955403646,6,0.0269503041153075,0.7901468912760417,59.96002664890073
shruti_filming_1.mp4,792,0,6,0.0271848141425935,0.7893942515055339,0.3088370429144965,6,0.0271848141425935,0.7893942515055339,59.96002664890073
shruti_filming_1.mp4,793,0,6,0.0263920584784743,0.7888577143351237,0.3113034283673321,6,0.0263920584784743,0.7888577143351237,59.96002664890073
shruti_filming_1.mp4,794,0,6,0.0262287237739656,0.788197644551595,0.3168169939959491,6,0.0262287237739656,0.788197644551595,59.96002664890073
shruti_filming_1.mp4,795,0,5,0.0258976551198133,0.7873603820800781,0.3216600206163194,5,0.0258976551198133,0.7873603820800781,59.96002664890073
shruti_filming_1.mp4,796,0,5,0.0258538616786676,0.7868029276529948,0.3267248083043981,5,0.0258538616786676,0.7868029276529948,59.96002664890073
shruti_filming_1.mp4,797,0,5,0.0261981124669546,0.785284423828125,0.3376489709924768,5,0.0261981124669546,0.785284423828125,59.96002664890073
shruti_filming_1.mp4,798,0,6,0.0248567415644374,0.784689458211263,0.3362227263274016,5,0.0248567415644374,0.784689458211263,59.96002664890073
shruti_filming_1.mp4,799,0,6,0.0248818486838394,0.7843355178833008,0.3397698296440972,5,0.0248818486838394,0.7843355178833008,59.96002664890073
shruti_filming_1.mp4,800,0,5,0.0242648195381129,0.7843264897664388,0.339299237286603,5,0.0242648195381129,0.7843264897664388,59.96002664890073
shruti_filming_1.mp4,801,0,6,0.0241443204742325,0.7843649546305339,0.3453873810944733,5,0.0241443204742325,0.7843649546305339,59.96002664890073
shruti_filming_1.mp4,802,0,5,0.0238640355441344,0.7838926315307617,0.3471094767252604,5,0.0238640355441344,0.7838926315307617,59.96002664890073
shruti_filming_1.mp4,803,0,5,0.0244007731320151,0.7834619522094727,0.358581147370515,5,0.0244007731320151,0.7834619522094727,59.96002664890073
shruti_filming_1.mp4,804,0,5,0.0242773056424253,0.7832337061564127,0.3640619913736979,5,0.0242773056424253,0.7832337061564127,59.96002664890073
shruti_filming_1.mp4,805,0,6,0.0248552714691807,0.7829948425292969,0.3760216041847511,5,0.0248552714691807,0.7829948425292969,59.96002664890073
shruti_filming_1.mp4,806,0,6,0.0242620315907212,0.7823584238688152,0.3786879928023727,5,0.0242620315907212,0.7823584238688152,59.96002664890073
shruti_filming_1.mp4,807,0,6,0.0241303689427886,0.7821247736612956,0.3829446863245081,5,0.0241303689427886,0.7821247736612956,59.96002664890073
shruti_filming_1.mp4,808,0,5,0.0240666159801185,0.7823926925659179,0.3844601101345486,5,0.0240666159801185,0.7823926925659179,59.96002664890073
shruti_filming_1.mp4,809,0,6,0.0237580787481015,0.7824695587158204,0.3844095300745081,6,0.0237580787481015,0.7824695587158204,59.96002664890073
shruti_filming_1.mp4,810,0,5,0.0236154829801482,0.7823277791341146,0.3864222208658854,5,0.0236154829801482,0.7823277791341146,59.96002664890073
shruti_filming_1.mp4,811,0,6,0.0234655238670853,0.7823277155558268,0.3890850490993923,6,0.0234655238670853,0.7823277155558268,59.96002664890073
shruti_filming_1.mp4,812,0,5,0.0233877102905211,0.7826030731201172,0.3912183973524306,5,0.0233877102905211,0.7826030731201172,59.96002664890073
shruti_filming_1.mp4,813,0,7,0.0230839600600302,0.782499122619629,0.3936726888020833,5,0.0230839600600302,0.782499122619629,59.96002664890073
shruti_filming_1.mp4,814,0,7,0.0226776351240308,0.7820470809936524,0.396766945167824,5,0.0226776351240308,0.7820470809936524,59.96002664890073
shruti_filming_1.mp4,815,0,6,0.0223110858857219,0.7817560195922851,0.3989247074833623,5,0.0223110858857219,0.7817560195922851,59.96002664890073
shruti_filming_1.mp4,816,0,6,0.021945733604888,0.781539789835612,0.3995695326063368,5,0.021945733604888,0.781539789835612,59.96002664890073
shruti_filming_1.mp4,817,0,6,0.0216818982481749,0.7811256408691406,0.4016873960141782,5,0.0216818982481749,0.7811256408691406,59.96002664890073
shruti_filming_1.mp4,818,0,6,0.0214007499265803,0.7804054896036784,0.4029865971317998,5,0.0214007499265803,0.7804054896036784,59.96002664890073
shruti_filming_1.mp4,819,0,6,0.0210379227482351,0.7796345392862956,0.4044508192274305,5,0.0210379227482351,0.7796345392862956,59.96002664890073
shruti_filming_1.mp4,820,0,7,0.0207691495795734,0.7788446426391602,0.4056369357638889,5,0.0207691495795734,0.7788446426391602,59.96002664890073
shruti_filming_1.mp4,821,0,7,0.0203862764540826,0.7780148188273112,0.4077403880931713,4,0.0203862764540826,0.7780148188273112,59.96002664890073
shruti_filming_1.mp4,822,0,7,0.0202097671774767,0.7773536046346029,0.4094370524088541,4,0.0202097671774767,0.7773536046346029,59.96002664890073
shruti_filming_1.mp4,823,0,7,0.0199205486460899,0.7767316818237304,0.4092710706922743,4,0.0199205486460899,0.7767316818237304,59.96002664890073
shruti_filming_1.mp4,824,0,7,0.0193881290906574,0.775477409362793,0.4085672449182581,4,0.0193881290906574,0.775477409362793,59.96002664890073
shruti_filming_1.mp4,825,0,7,0.0191994571654746,0.7752603530883789,0.4091950593171296,4,0.0191994571654746,0.7752603530883789,59.96002664890073
shruti_filming_1.mp4,826,0,6,0.018963271375504,0.7750855763753255,0.409270336009838,4,0.018963271375504,0.7750855763753255,59.96002664890073
shruti_filming_1.mp4,827,0,5,0.0187817872592131,0.774807357788086,0.4087580362955729,4,0.0187817872592131,0.774807357788086,59.96002664890073
shruti_filming_1.mp4,828,0,5,0.0186660752010518,0.7746769587198893,0.4087580362955729,4,0.0186660752010518,0.7746769587198893,59.96002664890073
shruti_filming_1.mp4,829,0,5,0.0185160510943064,0.7744852701822916,0.4094906277126736,4,0.0185160510943064,0.7744852701822916,59.96002664890073
shruti_filming_1.mp4,830,0,5,0.0183115387690486,0.7742744445800781,0.4090738367151331,4,0.0183115387690486,0.7742744445800781,59.96002664890073
shruti_filming_1.mp4,831,0,6,0.0182293348013061,0.7741786956787109,0.4100360446506076,5,0.0182293348013061,0.7741786956787109,59.96002664890073
shruti_filming_1.mp4,832,0,6,0.01805793665246,0.7740240097045898,0.4107165301287616,5,0.01805793665246,0.7740240097045898,59.96002664890073
shruti_filming_1.mp4,833,0,6,0.0179749483524291,0.7739592870076497,0.4111017862955729,5,0.0179749483524291,0.7739592870076497,59.96002664890073
shruti_filming_1.mp4,834,0,5,0.0178814989114956,0.7736993789672851,0.4116334703233507,4,0.0178814989114956,0.7736993789672851,59.96002664890073
shruti_filming_1.mp4,835,0,6,0.0176836136667083,0.7733114878336589,0.4109586927625868,5,0.0176836136667083,0.7733114878336589,59.96002664890073
shruti_filming_1.mp4,836,0,6,0.0174053893643603,0.7727984746297201,0.4110432942708333,5,0.0174053893643603,0.7727984746297201,59.96002664890073
shruti_filming_1.mp4,837,0,6,0.0172854034762066,0.7726158777872721,0.4117600617585358,5,0.0172854034762066,0.7726158777872721,59.96002664890073
shruti_filming_1.mp4,838,0,6,0.0171233177359681,0.7722323099772136,0.4136333324291087,5,0.0171233177359681,0.7722323099772136,59.96002664890073
shruti_filming_1.mp4,839,0,7,0.0169113158517737,0.7720497131347657,0.4140800758644387,5,0.0169113158517737,0.7720497131347657,59.96002664890073
shruti_filming_1.mp4,840,0,7,0.0167760894400998,0.7716435114542644,0.414548181604456,5,0.0167760894400998,0.7716435114542644,59.96002664890073
shruti_filming_1.mp4,841,0,7,0.0166131223903761,0.7713132858276367,0.4148474799262153,6,0.0166131223903761,0.7713132858276367,59.96002664890073
shruti_filming_1.mp4,842,0,6,0.016456719960875,0.7711170832316081,0.4155351426866319,5,0.016456719960875,0.7711170832316081,59.96002664890073
shruti_filming_1.mp4,843,0,6,0.0162674783705733,0.7707995096842448,0.4173764829282407,5,0.0162674783705733,0.7707995096842448,59.96002664890073
shruti_filming_1.mp4,844,0,6,0.0161015836316639,0.7705291748046875,0.4175708346896701,5,0.0161015836316639,0.7705291748046875,59.96002664890073
shruti_filming_1.mp4,845,0,6,0.015871734060056,0.7698370615641276,0.4181884200484664,5,0.015871734060056,0.7698370615641276,59.96002664890073
shruti_filming_1.mp4,846,0,6,0.0157161628370522,0.7697638193766276,0.4187728881835937,5,0.0157161628370522,0.7697638193766276,59.96002664890073
shruti_filming_1.mp4,847,0,6,0.0155406179522591,0.7693044662475585,0.4187800089518229,5,0.0155406179522591,0.7693044662475585,59.96002664890073
shruti_filming_1.mp4,848,0,7,0.015486122317638,0.7691975275675456,0.419274506745515,6,0.015486122317638,0.7691975275675456,59.96002664890073
shruti_filming_1.mp4,849,0,7,0.015228588025741,0.7685587565104167,0.4190095124421296,6,0.015228588025741,0.7685587565104167,59.96002664890073
shruti_filming_1.mp4,850,0,6,0.0150127514831924,0.7683077494303385,0.4185785929361979,5,0.0150127514831924,0.7683077494303385,59.96002664890073
shruti_filming_1.mp4,851,0,6,0.0148500196065288,0.767945925394694,0.4184417724609375,5,0.0148500196065288,0.767945925394694,59.96002664890073
shruti_filming_1.mp4,852,0,6,0.0148022871624561,0.7676078796386718,0.4198616875542534,5,0.0148022871624561,0.7676078796386718,59.96002664890073
shruti_filming_1.mp4,853,0,7,0.014723547325573,0.7674264907836914,0.4199398464626736,6,0.014723547325573,0.7674264907836914,59.96002664890073
shruti_filming_1.mp4,854,0,6,0.0146398531459271,0.7673306147257487,0.4198494240089699,5,0.0146398531459271,0.7673306147257487,59.96002664890073
shruti_filming_1.mp4,855,0,6,0.0144096615504046,0.7670751571655273,0.4194101404260706,5,0.0144096615504046,0.7670751571655273,59.96002664890073
shruti_filming_1.mp4,856,0,6,0.0141991072004505,0.7669342041015625,0.4184699164496527,5,0.0141991072004505,0.7669342041015625,59.96002664890073
shruti_filming_1.mp4,857,0,6,0.0140583562786276,0.7668462753295898,0.4175181070963542,5,0.0140583562786276,0.7668462753295898,59.96002664890073
shruti_filming_1.mp4,858,0,6,0.0138240678781746,0.7666542053222656,0.4158230251736111,5,0.0138240678781746,0.7666542053222656,59.96002664890073
shruti_filming_1.mp4,859,0,6,0.0137793240711067,0.7662390391031901,0.4160633793583623,5,0.0137793240711067,0.7662390391031901,59.96002664890073
shruti_filming_1.mp4,860,0,6,0.0136240217118505,0.7655683517456054,0.4149942468713831,5,0.0136240217118505,0.7655683517456054,59.96002664890073
shruti_filming_1.mp4,861,0,6,0.0135846706631764,0.7991001764933269,0.8245810243818495,5,0.0134769666277987,0.7648686726888021,59.96002664890073
shruti_filming_1.mp4,862,0,6,0.0137456946511358,0.7982582092285156,0.8206130133734809,5,0.0131854063260834,0.7641298294067382,59.96002664890073
shruti_filming_1.mp4,863,0,6,0.0137728519401014,0.7975475311279296,0.8195956406769929,5,0.0128060961840674,0.7637068430582682,59.96002664890073
shruti_filming_1.mp4,864,0,6,0.0138288421029924,0.7972103754679362,0.8181175867716471,5,0.0128892148040338,0.7636694590250651,59.96002664890073
shruti_filming_1.mp4,865,0,6,0.0139409428319736,0.7965728759765625,0.8171970014218931,5,0.0127393684360948,0.7632347742716471,59.96002664890073
shruti_filming_1.mp4,866,0,6,0.0139502822406427,0.7958513895670573,0.8157937862254955,5,0.0117225224459737,0.7631344477335612,59.96002664890073
shruti_filming_1.mp4,867,0,5,0.0141104571221764,0.7958829879760743,0.8143938347145363,4,0.0114276143391314,0.7628740310668946,59.96002664890073
shruti_filming_1.mp4,868,0,6,0.0146008422840657,0.7964993794759114,0.8127793276751483,5,0.0116010841484401,0.7627199808756511,59.96002664890073
shruti_filming_1.mp4,869,0,6,0.0147463232497264,0.7964303970336915,0.8109213299221463,5,0.012567471051718,0.7625080108642578,59.96002664890073
shruti_filming_1.mp4,870,0,6,0.0147952376263856,0.7959493637084961,0.809408696492513,5,0.0124727976847013,0.7620989481608073,59.96002664890073
shruti_filming_1.mp4,871,0,7,0.0147440491121004,0.7952322642008464,0.8069636945371275,6,0.0122859871465091,0.7616591135660807,59.96002664890073
shruti_filming_1.mp4,872,0,7,0.0148723339480056,0.794894790649414,0.804487058851454,6,0.0122222764225443,0.7613311767578125,59.96002664890073
shruti_filming_1.mp4,873,0,7,0.0149738539022817,0.7936271667480469,0.8034893883599176,6,0.0121958580889622,0.7611370086669922,59.96002664890073
shruti_filming_1.mp4,874,0,7,0.0150423725287206,0.7931379318237305,0.8012175877888997,6,0.0120693384409942,0.7607177734375,59.96002664890073
shruti_filming_1.mp4,875,0,5,0.0151274573530854,0.793406359354655,0.7991406829268844,4,0.011947641656928,0.7602188110351562,59.96002664890073
shruti_filming_1.mp4,876,0,5,0.0151546536129697,0.7927088419596354,0.7981862174140082,4,0.0117533436925926,0.7596776326497395,59.96002664890073
shruti_filming_1.mp4,877,0,5,0.0153027391812451,0.7924114227294922,0.796033400076407,4,0.0117273174935662,0.7596371332804362,59.96002664890073
shruti_filming_1.mp4,878,0,5,0.0154033532529084,0.7921431223551433,0.7941225758305303,4,0.0116338945449226,0.7594382603963216,59.96002664890073
shruti_filming_1.mp4,879,0,7,0.0154836537762861,0.7912242889404297,0.7923083835177951,6,0.0116979418126478,0.7590771357218424,59.96002664890073
shruti_filming_1.mp4,880,0,5,0.0155227234447374,0.7904361724853516,0.7910340203179254,4,0.0116339776452837,0.7589271545410157,59.96002664890073
shruti_filming_1.mp4,881,0,4,0.0154620100551457,0.7895233154296875,0.7880882333826136,3,0.0115177599884918,0.7585002899169921,59.96002664890073
shruti_filming_1.mp4,882,0,5,0.015610894036511,0.7890163421630859,0.786273412351255,4,0.0112866176045887,0.7580663681030273,59.96002664890073
shruti_filming_1.mp4,883,0,6,0.0156774400401371,0.7887355804443359,0.7856705206411856,5,0.0112074528638428,0.7576095581054687,59.96002664890073
shruti_filming_1.mp4,884,0,6,0.0156242113834216,0.787384033203125,0.7858605914645724,5,0.0105187291659725,0.7569258371988933,59.96002664890073
shruti_filming_1.mp4,885,0,6,0.0157658330463325,0.7870342254638671,0.7847069634331597,5,0.0102516397060955,0.7562262217203776,59.96002664890073
shruti_filming_1.mp4,886,0,6,0.0160100843441533,0.7871565500895182,0.7817532433403863,5,0.0101541379760601,0.7556953430175781,59.96002664890073
shruti_filming_1.mp4,887,0,6,0.0157733595280296,0.7856732050577799,0.7810347239176433,5,0.0105003340070618,0.7553532918294271,59.96002664890073
shruti_filming_1.mp4,888,0,6,0.0160943596082021,0.7866062164306641,0.7801607979668511,5,0.0103917288494024,0.7549114863077799,59.96002664890073
shruti_filming_1.mp4,889,0,6,0.0163521985882349,0.7865659713745117,0.7776930914984809,5,0.0104042999853845,0.7545654296875,59.96002664890073
shruti_filming_1.mp4,890,0,6,0.0160154033440442,0.7847853342692057,0.7774714646516023,5,0.0102696519830647,0.7544499079386393,59.96002664890073
shruti_filming_1.mp4,891,0,6,0.0160988966504939,0.7843990961710612,0.776898447672526,5,0.0101548772598552,0.7542979558308919,59.96002664890073
shruti_filming_1.mp4,892,0,6,0.0161724871052138,0.7842048645019531,0.775488895840115,5,0.0104118164566655,0.7540159861246745,59.96002664890073
shruti_filming_1.mp4,893,0,6,0.0159756957106583,0.7822493235270183,0.7740161895751954,5,0.0103700155815696,0.7532347361246745,59.96002664890073
shruti_filming_1.mp4,894,0,6,0.0159903203532222,0.7814748764038086,0.770337599295157,5,0.0099258498469134,0.7523749033610027,59.96002664890073
shruti_filming_1.mp4,895,0,6,0.0159601371381399,0.7806110382080078,0.7696264902750651,5,0.0079725327142902,0.7503864924112956,59.96002664890073
shruti_filming_1.mp4,896,0,6,0.0164296021598016,0.78076171875,0.7688632611875181,5,0.0080537566595551,0.7503868103027344,59.96002664890073
shruti_filming_1.mp4,897,0,6,0.0166214222886763,0.7806868235270182,0.7671960053620515,5,0.0096265778797506,0.7513123830159505,59.96002664890073
shruti_filming_1.mp4,898,0,7,0.0165406173645115,0.7798426310221355,0.7668867181848597,6,0.0079060904548667,0.7497925440470378,59.96002664890073
shruti_filming_1.mp4,899,0,7,0.0166978722783581,0.7797117869059245,0.7652177881311487,6,0.0079935250721259,0.7494422912597656,59.96002664890073
shruti_filming_1.mp4,900,0,7,0.0165190064128061,0.778570556640625,0.7636787838406033,6,0.0077515650362086,0.749272346496582,59.96002664890073
shruti_filming_1.mp4,901,0,7,0.0165941726516205,0.778393809000651,0.7629463690298575,6,0.0077938289913517,0.7488878885904948,59.96002664890073
shruti_filming_1.mp4,902,0,7,0.016700629160526,0.7778055191040039,0.7571800231933594,6,0.007540237488294,0.7485193888346354,59.96002664890073
shruti_filming_1.mp4,903,0,7,0.0158676516257401,0.7754518508911132,0.7531115214029948,6,0.0075126369586602,0.7482181549072265,59.96002664890073
shruti_filming_1.mp4,904,0,8,0.0156763738711087,0.774289067586263,0.7468405900178132,7,0.0075633399664527,0.7479576110839844,59.96002664890073
shruti_filming_1.mp4,905,0,8,0.0152259149451856,0.7736946105957031,0.7410854763454862,7,0.0078235606464232,0.7478155136108399,59.96002664890073
shruti_filming_1.mp4,906,0,8,0.0148662567451821,0.7728364944458008,0.7343357863249602,7,0.0077708137945996,0.7474850336710612,59.96002664890073
shruti_filming_1.mp4,907,0,8,0.0144833054879887,0.772019640604655,0.7249045477973091,7,0.0078446720409879,0.7468557357788086,59.96002664890073
shruti_filming_1.mp4,908,0,9,0.0146784212407914,0.7716650009155274,0.7232694413926867,8,0.007799511035361,0.7460978190104167,59.96002664890073
shruti_filming_1.mp4,909,0,7,0.0145742901426476,0.7707223892211914,0.7199042355572736,6,0.0074406132024833,0.7446066538492838,59.96002664890073
shruti_filming_1.mp4,910,0,7,0.0147107268424669,0.770965576171875,0.7169023725721572,6,0.0074706256478869,0.7443379084269206,59.96002664890073
shruti_filming_1.mp4,911,0,7,0.0147859411447985,0.7706103642781575,0.7140603454024703,6,0.0075584484576635,0.7441394805908204,59.96002664890073
shruti_filming_1.mp4,912,0,7,0.0149231327426753,0.7698980331420898,0.7150503935637298,6,0.0074445290274107,0.7440987269083659,59.96002664890073
shruti_filming_1.mp4,913,0,8,0.0141730519870718,0.7680862426757813,0.7060179533781828,6,0.0072653833811637,0.7439454396565756,59.96002664890073
shruti_filming_1.mp4,914,0,8,0.0140426084619159,0.7675329844156901,0.7002794124461986,6,0.0071744075537491,0.7436565399169922,59.96002664890073
shruti_filming_1.mp4,915,0,9,0.0143358116691686,0.7687337875366211,0.6947526190016005,7,0.0071896591021343,0.7432338078816731,59.96002664890073
shruti_filming_1.mp4,916,0,9,0.0144529933878793,0.7691308975219726,0.6917118107831036,7,0.007155653196581,0.7427799224853515,59.96002664890073
shruti_filming_1.mp4,917,0,7,0.0136600691433208,0.7662769317626953,0.6853347177858706,5,0.0073345398522962,0.7423473993937174,59.96002664890073
shruti_filming_1.mp4,918,0,7,0.0131132530994148,0.7649585723876953,0.6783471566659433,5,0.0073223448618793,0.7420189539591472,59.96002664890073
shruti_filming_1.mp4,919,0,9,0.0130025540757338,0.7638193130493164,0.6753730667961968,7,0.0075444228888523,0.7415632247924805,59.96002664890073
shruti_filming_1.mp4,920,0,10,0.0129857329429837,0.7628608703613281,0.6727235228927048,8,0.0076691128166082,0.7414818445841471,59.96002664890073
shruti_filming_1.mp4,921,0,10,0.0128910040729452,0.762549082438151,0.6697784918325919,8,0.0074083492055716,0.7404619852701823,59.96002664890073
shruti_filming_1.mp4,922,0,11,0.0127725324666243,0.7618906021118164,0.6647115354184752,9,0.0070125257959201,0.739234733581543,59.96002664890073
shruti_filming_1.mp4,923,0,9,0.0125814552317994,0.7623148600260417,0.6554857042100695,7,0.0071768070280086,0.7386547088623047,59.96002664890073
shruti_filming_1.mp4,924,0,8,0.0125485615619232,0.7618687947591146,0.6538856435705114,6,0.0073760377062394,0.7382452646891277,59.96002664890073
shruti_filming_1.mp4,925,0,7,0.0124746409514476,0.7615428924560547,0.6502124645091869,5,0.0073929238213653,0.7376938501993815,59.96002664890073
shruti_filming_1.mp4,926,0,7,0.0122707652531244,0.7609071731567383,0.6448222478230794,5,0.0071300991453527,0.7373311996459961,59.96002664890073
shruti_filming_1.mp4,927,0,8,0.0122752103301172,0.7609434763590495,0.6404825069286205,6,0.006728560672728,0.7366333643595377,59.96002664890073
shruti_filming_1.mp4,928,0,10,0.0123707847757112,0.7607891082763671,0.6388385984632704,7,0.0074545577682416,0.7364732106526692,59.96002664890073
shruti_filming_1.mp4,929,0,10,0.0123583875150183,0.760320536295573,0.6337108612060547,8,0.00743057208361,0.7360771179199219,59.96002664890073
shruti_filming_1.mp4,930,0,9,0.0121894066731652,0.7600881576538085,0.6301691125940394,6,0.0064326826053568,0.7353157043457031,59.96002664890073
shruti_filming_1.mp4,931,0,9,0.0119206151486448,0.7592535654703776,0.6251835717095269,6,0.0063812756241532,0.7352118174235026,59.96002664890073
shruti_filming_1.mp4,932,0,7,0.011785264419555,0.7584724426269531,0.6215004391140408,5,0.0063374139739338,0.7346073150634765,59.96002664890073
shruti_filming_1.mp4,933,0,8,0.011460471786882,0.757301394144694,0.6140055621111834,6,0.0063542173540271,0.7343837738037109,59.96002664890073
shruti_filming_1.mp4,934,0,8,0.0113915547779021,0.7570381164550781,0.6090903317486799,6,0.0063461823716513,0.7338651657104492,59.96002664890073
shruti_filming_1.mp4,935,0,8,0.011561564786607,0.7578973770141602,0.6073809093899197,6,0.0074301544948765,0.7333582560221354,59.96002664890073
shruti_filming_1.mp4,936,0,8,0.0113262386804288,0.7572526931762695,0.6012247014928747,6,0.007189295887947,0.7322946548461914,59.96002664890073
shruti_filming_1.mp4,937,0,8,0.0110924664053891,0.7566038131713867,0.5972045121369538,7,0.0110924664053891,0.7566038131713867,59.96002664890073
shruti_filming_1.mp4,938,0,8,0.0110372842438664,0.7703550974527995,0.8767162111070421,7,0.0109075573850588,0.755275281270345,59.96002664890073
shruti_filming_1.mp4,939,0,8,0.0113125578921163,0.7699983596801758,0.8736032609586363,7,0.0106339466155865,0.7546627680460612,59.96002664890073
shruti_filming_1.mp4,940,0,8,0.0118221681254605,0.7708955764770508,0.8671352810329861,7,0.0101363651655911,0.7530712127685547,59.96002664890073
shruti_filming_1.mp4,941,0,8,0.0123779771795248,0.7692188262939453,0.8613149466337982,7,0.009934621550147,0.7520984649658203,59.96002664890073
shruti_filming_1.mp4,942,0,8,0.0125800080327417,0.7684366226196289,0.859627264517325,7,0.0098193320614518,0.7519135157267253,59.96002664890073
shruti_filming_1.mp4,943,0,9,0.0130527078257256,0.7695338567097981,0.8564946139300311,8,0.0092810225257805,0.7492172876993816,59.96002664890073
shruti_filming_1.mp4,944,0,10,0.013378504702174,0.7686807632446289,0.8558693638554326,9,0.0091333610968663,0.747874641418457,59.96002664890073
shruti_filming_1.mp4,945,0,8,0.013566467488195,0.7685000737508138,0.8522727754380968,7,0.0094832517010083,0.748576545715332,59.96002664890073
shruti_filming_1.mp4,946,0,7,0.0141372068871431,0.7692614237467448,0.8443931226377134,6,0.0091949175838413,0.74785950978597,59.96002664890073
shruti_filming_1.mp4,947,0,11,0.0145865026169297,0.7697931925455729,0.8379902521769206,10,0.0087322219461202,0.7475596110026042,59.96002664890073
shruti_filming_1.mp4,948,0,13,0.0152442508326112,0.7696732838948568,0.8355292373233372,12,0.0088299870550852,0.7473239898681641,59.96002664890073
shruti_filming_1.mp4,949,0,10,0.0152981100562397,0.769925308227539,0.8354958922774703,9,0.009042018678285,0.7485909144083659,59.96002664890073
shruti_filming_1.mp4,950,0,11,0.0157413894924047,0.7703619639078776,0.8309576193491618,10,0.0084694178263695,0.7460420608520508,59.96002664890073
shruti_filming_1.mp4,951,0,10,0.0161262937314434,0.7708187103271484,0.8279346536706995,9,0.0084073980410795,0.7459416071573893,59.96002664890073
shruti_filming_1.mp4,952,0,10,0.0160686334661672,0.7701727549235026,0.8261412585223162,9,0.008254511467595,0.7452950159708659,59.96002664890073
shruti_filming_1.mp4,953,0,8,0.0162832088445055,0.7707082112630208,0.824170298046536,7,0.0082784643024879,0.7459627151489258,59.96002664890073
shruti_filming_1.mp4,954,0,10,0.0166581096785315,0.7702756881713867,0.8186890301881014,9,0.0083609211801861,0.7471516291300456,59.96002664890073
shruti_filming_1.mp4,955,0,8,0.0169826677638209,0.7699792861938477,0.8167484142162181,7,0.0083694597283708,0.7468041102091472,59.96002664890073
shruti_filming_1.mp4,956,0,9,0.0173385482102377,0.7703888575236003,0.8149327666671188,8,0.0084341449428236,0.746570078531901,59.96002664890073
shruti_filming_1.mp4,957,0,9,0.0176079538314176,0.7703774134318034,0.8116529676649306,8,0.0078994600732888,0.7442818323771159,59.96002664890073
shruti_filming_1.mp4,958,0,9,0.0177842876856124,0.7709451675415039,0.8099769874855324,8,0.0078324299029191,0.7443065643310547,59.96002664890073
shruti_filming_1.mp4,959,0,10,0.0183896595975966,0.7725009918212891,0.8058975219726563,8,0.0079605051406003,0.7455971399943034,59.96002664890073
shruti_filming_1.mp4,960,0,11,0.0191672481636811,0.7735370635986328,0.7982711580064562,9,0.0076484455541261,0.744783083597819,59.96002664890073
shruti_filming_1.mp4,961,0,11,0.0196221979983161,0.772915267944336,0.7953175509417498,9,0.0076436617083527,0.7436958312988281,59.96002664890073
shruti_filming_1.mp4,962,0,11,0.0198420389699094,0.772738265991211,0.7900501039293077,9,0.0070060240784027,0.7415615081787109,59.96002664890073
shruti_filming_1.mp4,963,0,9,0.0199584232634838,0.7733348846435547,0.7862700568305121,8,0.0077165103866718,0.7454537073771159,59.96002664890073
shruti_filming_1.mp4,964,0,10,0.0201617186002436,0.7730003356933594,0.7830112457275391,9,0.0076601496345742,0.7452028910319011,59.96002664890073
shruti_filming_1.mp4,965,0,11,0.020537955347963,0.7723881403605143,0.7788718965318467,10,0.0077060260970352,0.7461326599121094,59.96002664890073
shruti_filming_1.mp4,966,0,11,0.0207149022327454,0.7708906173706055,0.77380494011773,10,0.0076585290456811,0.7471344629923503,59.96002664890073
shruti_filming_1.mp4,967,0,10,0.0212210009922475,0.772267214457194,0.7696677384553132,9,0.0076180474613728,0.7470091501871745,59.96002664890073
shruti_filming_1.mp4,968,0,11,0.0214008013743206,0.7715201695760091,0.7656916371098271,9,0.007363135998646,0.7464670181274414,59.96002664890073
shruti_filming_1.mp4,969,0,11,0.02208954370005,0.772625732421875,0.7588708241780598,9,0.0075617396922677,0.7467085520426432,59.96002664890073
shruti_filming_1.mp4,970,0,12,0.0229329149693301,0.7743160883585612,0.7522111610130028,10,0.0075559668695657,0.7476122538248698,59.96002664890073
shruti_filming_1.mp4,971,0,9,0.02296850731889,0.7740215301513672,0.7494712829589844,8,0.0070954956672007,0.7462448755900065,59.96002664890073
shruti_filming_1.mp4,972,0,10,0.0234844978247322,0.7736139933268229,0.7455260806613498,8,0.0068783818875198,0.7448568344116211,59.96002664890073
shruti_filming_1.mp4,973,0,8,0.0234236212622959,0.7738115946451823,0.7423388375176324,7,0.006772029830533,0.744252077738444,59.96002664890073
shruti_filming_1.mp4,974,0,9,0.0236950152170502,0.773757807413737,0.7341305556120696,8,0.0070576463095063,0.746261469523112,59.96002664890073
shruti_filming_1.mp4,975,0,10,0.0245573810657757,0.7751156489054362,0.7303075578477648,9,0.0072186191212353,0.7482094446818034,59.96002664890073
shruti_filming_1.mp4,976,0,9,0.024630725257354,0.7750830332438151,0.7228697388260453,7,0.0068126712109046,0.7463419596354167,59.96002664890073
shruti_filming_1.mp4,977,0,9,0.0247736082743116,0.7754504521687825,0.7184562683105469,8,0.0064098072261549,0.7437444051106771,59.96002664890073
shruti_filming_1.mp4,978,0,8,0.0249173597194661,0.7753061930338542,0.7080065444663719,7,0.00641962074209,0.7457523981730143,59.96002664890073
shruti_filming_1.mp4,979,0,6,0.0254663873110041,0.7766965866088867,0.6970860092728226,5,0.0063630638885822,0.7461929321289062,59.96002664890073
shruti_filming_1.mp4,980,0,7,0.0247830584127654,0.7782187143961589,0.673852902871591,6,0.006654232807147,0.7477607727050781,59.96002664890073
shruti_filming_1.mp4,981,0,8,0.0241934821236403,0.777973747253418,0.6580658594767252,6,0.0062206871058798,0.7451740264892578,59.96002664890073
shruti_filming_1.mp4,982,0,7,0.0240939050694376,0.7773633321126302,0.6526865853203667,5,0.0056081943468113,0.7443733851114909,59.96002664890073
shruti_filming_1.mp4,983,0,7,0.0325628689950867,0.7900078455607097,0.6844235844082303,5,0.0059031300722078,0.7455839157104492,59.96002664890073
shruti_filming_1.mp4,984,0,10,0.0336736540576869,0.792976188659668,0.6802909003363715,8,0.0060877490491192,0.7455726623535156,59.96002664890073
shruti_filming_1.mp4,985,0,10,0.0337934897641685,0.7923701604207357,0.6748049983271847,8,0.0061667756464642,0.7474464416503906,59.96002664890073
shruti_filming_1.mp4,986,0,11,0.0346942947490283,0.7936907450358073,0.6671473185221354,9,0.0240262349294124,0.7820890426635743,59.96002664890073
shruti_filming_1.mp4,987,0,9,0.0357589163694582,0.7949678421020507,0.6624304877387153,7,0.02420072306931,0.7839717864990234,59.96002664890073
shruti_filming_1.mp4,988,0,12,0.0365589483578049,0.79610595703125,0.6576268408033583,10,0.0210162529357088,0.7774027506510417,59.96002664890073
shruti_filming_1.mp4,989,0,9,0.0370908526855702,0.7950430552164713,0.6509252477575231,8,0.0058111228132771,0.7480715433756511,59.96002664890073
shruti_filming_1.mp4,990,0,9,0.0381790884406691,0.797479248046875,0.6440825285734953,8,0.0195810284909384,0.776926867167155,59.96002664890073
shruti_filming_1.mp4,991,0,11,0.019317893424288,0.7775575002034505,0.5038326263427735,9,0.019317893424288,0.7775575002034505,59.96002664890073
shruti_filming_1.mp4,992,0,9,0.0190453987942322,0.7774495442708333,0.4953818568476924,7,0.0190453987942322,0.7774495442708333,59.96002664890073
shruti_filming_1.mp4,993,0,13,0.0190338076453513,0.7766295115152995,0.4826255091914424,10,0.0190338076453513,0.7768465042114258,59.96002664890073
shruti_filming_1.mp4,994,0,12,0.0191437492380781,0.7791067759195963,0.4680528570104528,9,0.0191437492380781,0.7791067759195963,59.96002664890073
shruti_filming_1.mp4,995,0,9,0.0190387521835752,0.8073944727579753,0.8148565928141276,6,0.0189196209302948,0.7788349151611328,59.96002664890073
shruti_filming_1.mp4,996,0,7,0.030626398763615,0.7951046625773112,0.522058034826208,6,0.030626398763615,0.7951046625773112,59.96002664890073
shruti_filming_1.mp4,997,0,10,0.0199850843730382,0.8077617645263672,0.8030084398057725,8,0.0187151345662601,0.7786981582641601,59.96002664890073
shruti_filming_1.mp4,998,0,12,0.0198553351738519,0.8076044082641601,0.8009981367323133,10,0.0188766856928985,0.778654670715332,59.96002664890073
shruti_filming_1.mp4,999,0,13,0.0197548701068282,0.8080036163330078,0.800105709499783,11,0.0189540799495416,0.7800314585367839,59.96002664890073
shruti_filming_1.mp4,1000,0,13,0.0221126451108648,0.8094907760620117,0.7833393732706706,10,0.0171950043233421,0.7759977340698242,59.96002664890073
shruti_filming_1.mp4,1001,0,11,0.0224105876120329,0.8117439270019531,0.7824052881311487,8,0.0173812039409595,0.7758337020874023,59.96002664890073
shruti_filming_1.mp4,1002,0,11,0.0233833220164524,0.8095870971679687,0.7746944427490234,8,0.0169292531384444,0.7760152816772461,59.96002664890073
shruti_filming_1.mp4,1003,0,10,0.0237332835192016,0.8080318450927735,0.767713377210829,7,0.0167096452614512,0.7752106348673503,59.96002664890073
shruti_filming_1.mp4,1004,0,10,0.0237768208857637,0.806018320719401,0.7614004417702004,7,0.0168298676192433,0.7756470362345378,59.96002664890073
shruti_filming_1.mp4,1005,0,10,0.0256772540014773,0.8125973383585612,0.7599992752075195,7,0.0165601377195842,0.7752817789713542,59.96002664890073
shruti_filming_1.mp4,1006,0,11,0.0262473987423584,0.8122997919718424,0.7562485659563983,7,0.0149914410283721,0.7706012725830078,59.96002664890073
shruti_filming_1.mp4,1007,0,9,0.0272704052807643,0.8133917490641276,0.7512042151557075,6,0.0148882614581089,0.7700965245564778,59.96002664890073
shruti_filming_1.mp4,1008,0,11,0.0268482262782291,0.8140490214029948,0.752459646154333,6,0.0155950850041205,0.7718224207560221,59.96002664890073
shruti_filming_1.mp4,1009,0,10,0.026516480908831,0.8102725982666016,0.7498589551007306,6,0.0170317321592139,0.7741386413574218,59.96002664890073
shruti_filming_1.mp4,1010,0,11,0.0188039412726801,0.8085638682047526,0.8255798127916124,8,0.0170641803843156,0.7722417831420898,59.96002664890073
shruti_filming_1.mp4,1011,0,9,0.0402534415572073,0.7949602127075195,0.5294355321813513,7,0.0402534415572073,0.7949602127075195,59.96002664890073
shruti_filming_1.mp4,1012,0,12,0.027447555166739,0.8070946375528971,0.743077242815936,7,0.015917142722152,0.7685673395792644,59.96002664890073
shruti_filming_1.mp4,1013,0,10,0.0266577682035858,0.8058397928873698,0.7531418694390191,7,0.0157400070938887,0.7680217742919921,59.96002664890073
shruti_filming_1.mp4,1014,0,9,0.0280052764476082,0.8044758478800456,0.738670575177228,6,0.0154822747668179,0.7660505294799804,59.96002664890073
shruti_filming_1.mp4,1015,0,11,0.0280326549995354,0.80295836130778,0.7384106953938802,7,0.0145063296263752,0.7625043869018555,59.96002664890073
shruti_filming_1.mp4,1016,0,11,0.0264057642527885,0.7993971506754557,0.7484224178172924,8,0.0136318470321216,0.759458351135254,59.96002664890073
shruti_filming_1.mp4,1017,0,13,0.0271552765684706,0.7978260040283203,0.7364255269368489,9,0.0138544400932086,0.7599067052205404,59.96002664890073
shruti_filming_1.mp4,1018,0,13,0.026957432505369,0.7954566955566407,0.737878057691786,9,0.013401203959527,0.7575180053710937,59.96002664890073
shruti_filming_1.mp4,1019,0,10,0.0264389825761706,0.7941946029663086,0.741601308186849,6,0.013386951066269,0.7563758850097656,59.96002664890073
shruti_filming_1.mp4,1020,0,11,0.0261780709538531,0.7904684702555339,0.7392117818196614,7,0.0133573140636144,0.7551170984903971,59.96002664890073
shruti_filming_1.mp4,1021,0,10,0.0256323629945953,0.7887193044026692,0.7414102059823495,6,0.0131663643175367,0.7546316146850586,59.96002664890073
shruti_filming_1.mp4,1022,0,12,0.0261671083504053,0.7877885818481445,0.7429245560257524,8,0.013440615186679,0.7545207977294922,59.96002664890073
shruti_filming_1.mp4,1023,0,11,0.0265677381754438,0.7876232147216797,0.7418865062572338,7,0.0137255594884742,0.7540077845255534,59.96002664890073
shruti_filming_1.mp4,1024,0,13,0.0266287615697365,0.7859964370727539,0.7406631469726562,10,0.0146288819768026,0.7551625569661459,59.96002664890073
shruti_filming_1.mp4,1025,0,13,0.0263285594821633,0.7829784393310547,0.7409131933141637,9,0.0134683080450567,0.7528774897257487,59.96002664890073
shruti_filming_1.mp4,1026,0,10,0.0259465557691873,0.782018534342448,0.7387763977050781,6,0.0128577743337707,0.750459353129069,59.96002664890073
shruti_filming_1.mp4,1027,0,10,0.0252124320325458,0.7787387847900391,0.7405898482711227,6,0.0123631327387314,0.7477533340454101,59.96002664890073
shruti_filming_1.mp4,1028,0,11,0.0246162307946145,0.7757028579711914,0.7421044808846933,7,0.012708256335625,0.7487036387125651,59.96002664890073
shruti_filming_1.mp4,1029,0,11,0.025016070047762,0.7763342539469401,0.7382350285847982,7,0.0122607873877859,0.7461512247721355,59.96002664890073
shruti_filming_1.mp4,1030,0,9,0.0249735120678734,0.7742574691772461,0.7388135274251302,6,0.0121824760240269,0.7455052057902019,59.96002664890073
shruti_filming_1.mp4,1031,0,9,0.0248555018777892,0.7730602264404297,0.7380221614131222,6,0.0120925377074551,0.7448724746704102,59.96002664890073
shruti_filming_1.mp4,1032,0,12,0.0247073611906024,0.7725592295328776,0.7396221302173756,8,0.0121240639656025,0.7442483901977539,59.96002664890073
shruti_filming_1.mp4,1033,0,11,0.0245676662269289,0.770781135559082,0.7385647243923611,8,0.0110016826076187,0.7397609710693359,59.96002664890073
shruti_filming_1.mp4,1034,0,12,0.0251115258969528,0.7704750696818033,0.7342625088161893,9,0.0107100400684026,0.7387016932169597,59.96002664890073
shruti_filming_1.mp4,1035,0,13,0.02493366330654,0.7683151245117188,0.7314024183485243,10,0.0118259760380412,0.7413055419921875,59.96002664890073
shruti_filming_1.mp4,1036,0,11,0.0242408838955452,0.7659809112548828,0.7342265941478588,9,0.0111923003990981,0.7386017481486002,59.96002664890073
shruti_filming_1.mp4,1037,0,13,0.0238601415037043,0.7647920608520508,0.7382110313132957,11,0.0118784390186273,0.7382939020792644,59.96002664890073
shruti_filming_1.mp4,1038,0,13,0.0231845340329164,0.7635723114013672,0.7446495056152344,11,0.0118219304991523,0.7380135218302409,59.96002664890073
shruti_filming_1.mp4,1039,0,11,0.0232023489844761,0.7622039794921875,0.7423385337547019,9,0.0130257301421079,0.7383945465087891,59.96002664890073
shruti_filming_1.mp4,1040,0,8,0.0231491230814006,0.7619915644327799,0.7435483014142071,6,0.0130124054632809,0.7398206710815429,59.96002664890073
shruti_filming_1.mp4,1041,0,9,0.0229400929199592,0.761154047648112,0.7453334101924189,7,0.0117593922157053,0.736944071451823,59.96002664890073
shruti_filming_1.mp4,1042,0,9,0.0232460520905442,0.7599956512451171,0.7329171074761285,7,0.0111875250965305,0.7355562845865885,59.96002664890073
shruti_filming_1.mp4,1043,0,9,0.0242107641713395,0.7592851638793945,0.7273262165210865,8,0.0110777176714704,0.7347269058227539,59.96002664890073
shruti_filming_1.mp4,1044,0,10,0.0241995089007913,0.7585371653238933,0.7238411373562283,9,0.0111535738737977,0.7342184702555339,59.96002664890073
shruti_filming_1.mp4,1045,0,9,0.0241234988437025,0.7575493494669596,0.722382496021412,8,0.0109942579370841,0.7338917414347331,59.96002664890073
shruti_filming_1.mp4,1046,0,10,0.0235786185478799,0.7561637878417968,0.7261211183336046,8,0.0116153299891879,0.7340630213419597,59.96002664890073
shruti_filming_1.mp4,1047,0,10,0.0232728848536175,0.7553680419921875,0.7274701648288303,8,0.0108982040029433,0.7336593627929687,59.96002664890073
shruti_filming_1.mp4,1048,0,9,0.0233046804491378,0.7559331893920899,0.7329599451135707,7,0.0107149739675137,0.7337087631225586,59.96002664890073
shruti_filming_1.mp4,1049,0,9,0.0228987929166517,0.7537544250488282,0.7304246054755317,7,0.010275085409133,0.7329771041870117,59.96002664890073
shruti_filming_1.mp4,1050,0,10,0.0230103667566723,0.7542405446370443,0.7324174103913483,8,0.0099238825871402,0.7320648193359375,59.96002664890073
shruti_filming_1.mp4,1051,0,10,0.0229355816472282,0.7536976496378581,0.7323905944824218,8,0.0105322839518582,0.7327342987060547,59.96002664890073
shruti_filming_1.mp4,1052,0,11,0.0215411578301993,0.7527925491333007,0.7451399909125433,9,0.0110996158720809,0.7332707087198893,59.96002664890073
shruti_filming_1.mp4,1053,0,8,0.020326001313802,0.7517204284667969,0.7511555777655707,7,0.0108788327850655,0.7326477686564128,59.96002664890073
shruti_filming_1.mp4,1054,0,8,0.0202860971083462,0.7513519922892252,0.7513029875578704,7,0.0106531751881293,0.7321380615234375,59.96002664890073
shruti_filming_1.mp4,1055,0,10,0.0206373733698395,0.751742935180664,0.7487591001722548,9,0.0104330866373655,0.7322745641072591,59.96002664890073
shruti_filming_1.mp4,1056,0,9,0.0209333982994387,0.7516324996948243,0.7462861661557798,8,0.0106297093443033,0.7308869043986003,59.96002664890073
shruti_filming_1.mp4,1057,0,10,0.0213130835492151,0.7513956069946289,0.741831941957827,9,0.010799560660088,0.731942621866862,59.96002664890073
shruti_filming_1.mp4,1058,0,8,0.021073717629123,0.7506369272867839,0.7430195490519206,7,0.0109447103510966,0.7314908981323243,59.96002664890073
shruti_filming_1.mp4,1059,0,9,0.0210082377169682,0.7507171630859375,0.7447968377007379,8,0.0111893655478747,0.7319181442260743,59.96002664890073
shruti_filming_1.mp4,1060,0,8,0.0208156917505429,0.7504501342773438,0.7469399204960576,7,0.0111658125808591,0.7323528289794922,59.96002664890073
shruti_filming_1.mp4,1061,0,10,0.0216167019105341,0.7501959482828776,0.7401230282253689,9,0.0106575372702597,0.7293701171875,59.96002664890073
shruti_filming_1.mp4,1062,0,12,0.021430462520867,0.7496187210083007,0.7397643195258247,11,0.0094713031450724,0.7274799346923828,59.96002664890073
shruti_filming_1.mp4,1063,0,11,0.0213875693010373,0.7490686416625977,0.7386629457826968,10,0.0101746163652327,0.7275665283203125,59.96002664890073
shruti_filming_1.mp4,1064,0,9,0.0212902433039454,0.7487606684366862,0.7381018462004485,8,0.0095186969732889,0.7266808191935221,59.96002664890073
shruti_filming_1.mp4,1065,0,9,0.0208260912703742,0.7475759506225585,0.7368886594419126,8,0.0086253063256056,0.726158332824707,59.96002664890073
shruti_filming_1.mp4,1066,0,8,0.0207688840966983,0.7476541519165039,0.7376272272180628,7,0.0081363739022183,0.7248205820719401,59.96002664890073
shruti_filming_1.mp4,1067,0,10,0.020507511776749,0.7466660181681315,0.7378581294307003,9,0.007921467507355,0.7249576568603515,59.96002664890073
shruti_filming_1.mp4,1068,0,10,0.0207645803078978,0.7461246490478516,0.7367661582099067,8,0.0078851246307093,0.724700927734375,59.96002664890073
shruti_filming_1.mp4,1069,0,12,0.0207221873115621,0.7457637786865234,0.7360452581334997,10,0.0077597988087412,0.7241349538167318,59.96002664890073
shruti_filming_1.mp4,1070,0,10,0.0204709178068312,0.7449471155802408,0.7348353068033854,8,0.0075963743412608,0.7237821578979492,59.96002664890073
shruti_filming_1.mp4,1071,0,8,0.0201587717243824,0.7433849334716797,0.7332894148649993,6,0.0074542556929453,0.723059336344401,59.96002664890073
shruti_filming_1.mp4,1072,0,8,0.0198823874122118,0.7423654556274414,0.7349296287254051,6,0.0074976999186738,0.723103141784668,59.96002664890073
shruti_filming_1.mp4,1073,0,9,0.0196732730605898,0.7418980916341146,0.7378711771081995,7,0.0084228450104139,0.7237723032633464,59.96002664890073
shruti_filming_1.mp4,1074,0,8,0.0194936478680316,0.7411409378051758,0.7375102219758211,6,0.0076413502308747,0.72313232421875,59.96002664890073
shruti_filming_1.mp4,1075,0,9,0.0197165178884865,0.7415538152058919,0.7361040327284071,7,0.0074540557206125,0.7223125457763672,59.96002664890073
shruti_filming_1.mp4,1076,0,11,0.0201930067042485,0.7411909739176432,0.7258646435207791,8,0.0048371471729802,0.7105034510294597,59.96002664890073
shruti_filming_1.mp4,1077,0,8,0.0198407381592227,0.7413631439208984,0.7320231543646918,6,0.0072900528967794,0.7205440521240234,59.96002664890073
shruti_filming_1.mp4,1078,0,9,0.0190977494770777,0.7405067443847656,0.7390786912706163,7,0.0071700840247891,0.7201603571573894,59.96002664890073
shruti_filming_1.mp4,1079,0,8,0.0186897959317704,0.739222526550293,0.7374037212795681,6,0.0039178863047754,0.7097988764444987,59.96002664890073
shruti_filming_1.mp4,1080,0,9,0.0183970176043658,0.738614018758138,0.7368469662136502,7,0.0069713130669239,0.7204999923706055,59.96002664890073
shruti_filming_1.mp4,1081,0,7,0.0184193302473359,0.7388320922851562,0.7339903231020327,5,0.0041545273836365,0.7099114735921224,59.96002664890073
shruti_filming_1.mp4,1082,0,8,0.0183715819988598,0.7408705393473307,0.7360975265502929,6,0.0039093024632246,0.7088905970255533,59.96002664890073
shruti_filming_1.mp4,1083,0,6,0.0185644262410911,0.7405075709025065,0.7314364539252387,4,0.0039648459380259,0.7086161295572917,59.96002664890073
shruti_filming_1.mp4,1084,0,8,0.018535364122542,0.7404069900512695,0.7286536393342194,6,0.0069769970548319,0.7193393707275391,59.96002664890073
shruti_filming_1.mp4,1085,0,9,0.0181982455703999,0.7398047129313151,0.7253575784188729,7,0.0038651822546186,0.7082828521728516,59.96002664890073
shruti_filming_1.mp4,1086,0,5,0.0179410940919029,0.7393182118733724,0.7228156337031612,3,0.0040660918524695,0.708245849609375,59.96002664890073
shruti_filming_1.mp4,1087,0,5,0.0179244935588266,0.7392906188964844,0.7196684236879702,3,0.0040955841929341,0.7079742431640625,59.96002664890073
shruti_filming_1.mp4,1088,0,6,0.0178368285828953,0.7388433456420899,0.7176407708062066,4,0.0041491331967214,0.7079736709594726,59.96002664890073
shruti_filming_1.mp4,1089,0,7,0.0179748412201728,0.7385345458984375,0.7124110045256438,5,0.005697638488685,0.7162967046101888,59.96002664890073
shruti_filming_1.mp4,1090,0,7,0.017965634180609,0.7382347742716472,0.7083863576253255,5,0.0056327614273349,0.7164276758829753,59.96002664890073
shruti_filming_1.mp4,1091,0,7,0.0177110739742739,0.738186772664388,0.7079810495729799,5,0.0056088256008095,0.716511344909668,59.96002664890073
shruti_filming_1.mp4,1092,0,7,0.0171317458612288,0.7378676096598308,0.7096355155662254,5,0.0056328034248306,0.7167339324951172,59.96002664890073
shruti_filming_1.mp4,1093,0,8,0.0172951302047456,0.7375818888346354,0.7018696820294416,6,0.0058970318152641,0.7169034957885743,59.96002664890073
shruti_filming_1.mp4,1094,0,8,0.0180016200855256,0.736905288696289,0.6855428201180918,6,0.0056223968447065,0.7162731170654297,59.96002664890073
shruti_filming_1.mp4,1095,0,8,0.0200378405848405,0.7365627288818359,0.6500335092897769,6,0.0055638332165422,0.7161859512329102,59.96002664890073
shruti_filming_1.mp4,1096,0,8,0.0196943659326077,0.737266731262207,0.6530692948235406,6,0.0057081331647673,0.7163448969523112,59.96002664890073
shruti_filming_1.mp4,1097,0,8,0.0202654429631271,0.7356367746988932,0.6375976774427626,6,0.0053073349478007,0.715534528096517,59.96002664890073
shruti_filming_1.mp4,1098,0,8,0.0198262447021652,0.7357645034790039,0.6377368750395598,6,0.0054796330170938,0.7160221099853515,59.96002664890073
shruti_filming_1.mp4,1099,0,8,0.018344522582757,0.7364948908487956,0.6535161371584292,6,0.0054122521661661,0.7159332911173503,59.96002664890073
shruti_filming_1.mp4,1100,0,9,0.0186425562765604,0.7364348729451498,0.6417479621039497,6,0.0053666737181871,0.7156409581502279,59.96002664890073
shruti_filming_1.mp4,1101,0,9,0.0180935680532275,0.7364861170450846,0.6464660220675998,6,0.0052741199713394,0.7154459635416667,59.96002664890073
shruti_filming_1.mp4,1102,0,9,0.0173297701880073,0.7362797419230144,0.6519175635443794,6,0.0051883121382949,0.7154972712198894,59.96002664890073
shruti_filming_1.mp4,1103,0,8,0.0208993770816811,0.7360372543334961,0.605600032099971,5,0.005039782512726,0.7149415969848633,59.96002664890073
shruti_filming_1.mp4,1104,0,8,0.0205091422066659,0.7362345377604167,0.6058720058865017,5,0.005113818446407,0.7153537114461263,59.96002664890073
shruti_filming_1.mp4,1105,0,7,0.01997608507813,0.7366630554199218,0.6059340476989746,4,0.0034761586375275,0.706982421875,59.96002664890073
shruti_filming_1.mp4,1106,0,6,0.0138652146013353,0.7370885848999024,0.6765837987263997,4,0.0034832464480617,0.7068704605102539,59.96002664890073
shruti_filming_1.mp4,1107,0,6,0.0134714963918021,0.735289192199707,0.6745975353099681,4,0.0035429833720964,0.7071617126464844,59.96002664890073
shruti_filming_1.mp4,1108,0,7,0.0180065096192993,0.7340223312377929,0.5943598429361979,5,0.0180065096192993,0.7340223312377929,59.96002664890073
shruti_filming_1.mp4,1109,0,7,0.018736464673384,0.7357599258422851,0.5869795834576642,5,0.018736464673384,0.7357599258422851,59.96002664890073
shruti_filming_1.mp4,1110,0,7,0.0188516565175194,0.7362486521402994,0.5785926112422237,6,0.0188516565175194,0.736414082845052,59.96002664890073
shruti_filming_1.mp4,1111,0,8,0.0182841820047771,0.735009765625,0.5792290722882306,6,0.0182841820047771,0.735009765625,59.96002664890073
shruti_filming_1.mp4,1112,0,8,0.0177995844891605,0.7344797770182292,0.5765082465277778,6,0.0177995844891605,0.7344797770182292,59.96002664890073
shruti_filming_1.mp4,1113,0,8,0.0174859752855263,0.7341400782267252,0.5700985378689236,6,0.0174859752855263,0.7341400782267252,59.96002664890073
shruti_filming_1.mp4,1114,0,7,0.016977944266517,0.7338656743367513,0.5679103568748192,6,0.016977944266517,0.7352527618408203,59.96002664890073
shruti_filming_1.mp4,1115,0,7,0.0166176689859087,0.7344414393107096,0.5708608556676794,5,0.0166176689859087,0.7344414393107096,59.96002664890073
shruti_filming_1.mp4,1116,0,7,0.0160131729506893,0.7328510284423828,0.5597842816953306,5,0.0160131729506893,0.7328510284423828,59.96002664890073
shruti_filming_1.mp4,1117,0,7,0.0169303557983625,0.7351486841837566,0.558235521669741,6,0.0169303557983625,0.7351486841837566,59.96002664890073
shruti_filming_1.mp4,1118,0,7,0.0123483490401728,0.7361986796061198,0.6209649757102683,5,0.0049110325537104,0.7154258728027344,59.96002664890073
shruti_filming_1.mp4,1119,0,8,0.0168802521249098,0.7344452540079752,0.5455415513780382,7,0.0168802521249098,0.734561030069987,59.96002664890073
shruti_filming_1.mp4,1120,0,7,0.0113846412087276,0.7355911254882812,0.6227698997214989,5,0.0086289287003024,0.7204445521036784,59.96002664890073
shruti_filming_1.mp4,1121,0,6,0.0113281019980256,0.7345290501912435,0.617875176888925,4,0.0029998964106198,0.707374382019043,59.96002664890073
shruti_filming_1.mp4,1122,0,8,0.0110145606275653,0.7341417948404948,0.6149781898215965,6,0.0055764726163707,0.7211753845214843,59.96002664890073
shruti_filming_1.mp4,1123,0,8,0.0106147625956105,0.7338207880655925,0.609639330263491,6,0.0053221337365862,0.7230799357096355,59.96002664890073
shruti_filming_1.mp4,1124,0,7,0.0103930844572136,0.7338646570841472,0.6055320315890842,5,0.005559939605753,0.7209694544474284,59.96002664890073
shruti_filming_1.mp4,1125,0,7,0.0106006141917034,0.7341259638468425,0.6010546507658782,5,0.0053450382368841,0.7208375930786133,59.96002664890073
shruti_filming_1.mp4,1126,0,7,0.0105127896805025,0.7342217127482097,0.594785068653248,6,0.0105127896805025,0.7342217127482097,59.96002664890073
shruti_filming_1.mp4,1127,0,7,0.0103982069019521,0.7336719512939454,0.5870432818377459,6,0.0103982069019521,0.7336719512939454,59.96002664890073
shruti_filming_1.mp4,1128,0,6,0.0106328913232169,0.7335899353027344,0.5736051771375869,5,0.0106328913232169,0.7335899353027344,59.96002664890073
shruti_filming_1.mp4,1129,0,6,0.0115105747035704,0.7350921630859375,0.5596545184100116,5,0.0115105747035704,0.7350921630859375,59.96002664890073
shruti_filming_1.mp4,1130,0,7,0.011094342653577,0.7350718180338541,0.5600391811794705,6,0.011094342653577,0.7350718180338541,59.96002664890073
shruti_filming_1.mp4,1131,0,8,0.0102291006320026,0.7346632003784179,0.5630099826388889,7,0.0102291006320026,0.7346632003784179,59.96002664890073
shruti_filming_1.mp4,1132,0,8,0.0102909371408572,0.7347288767496745,0.5546517407452619,7,0.0102909371408572,0.7347288767496745,59.96002664890073
shruti_filming_1.mp4,1133,0,8,0.0113370900018182,0.7351318995157877,0.5342902430781612,7,0.0113370900018182,0.7351318995157877,59.96002664890073
shruti_filming_1.mp4,1134,0,9,0.0139485104338948,0.7315092086791992,0.4690536075168185,8,0.0139485104338948,0.7357187906901042,59.96002664890073
shruti_filming_1.mp4,1135,0,7,0.0104794800641223,0.75901304880778,0.8467720508575439,6,0.0099194049927367,0.7353472391764323,59.96002664890073
shruti_filming_1.mp4,1136,0,9,0.0108400148942503,0.7595146814982097,0.8427683035532634,8,0.0104444560644656,0.7358359018961589,59.96002664890073
shruti_filming_1.mp4,1137,0,9,0.0128491493012794,0.7333618799845377,0.472960125958478,8,0.0128491493012794,0.7333618799845377,59.96002664890073
shruti_filming_1.mp4,1138,0,9,0.0137967889610283,0.7321846644083659,0.4467625653302228,8,0.0137967889610283,0.7326103210449219,59.96002664890073
shruti_filming_1.mp4,1139,0,9,0.0118865275576051,0.7605098724365235,0.8318829713044343,8,0.0092947066270201,0.7324438730875651,59.96002664890073
shruti_filming_1.mp4,1140,0,8,0.0119631096779361,0.7606616338094075,0.8289304803918909,7,0.0089733383000269,0.7321331024169921,59.96002664890073
shruti_filming_1.mp4,1141,0,8,0.0121636742636514,0.7604833602905273,0.8247233284844293,7,0.0100096872348791,0.7327445983886719,59.96002664890073
shruti_filming_1.mp4,1142,0,7,0.0124061563681607,0.760743776957194,0.820244640774197,6,0.009390899590839,0.732372538248698,59.96002664890073
shruti_filming_1.mp4,1143,0,7,0.0127555288635064,0.7615896860758463,0.8172022501627604,6,0.0087665304351873,0.7318229675292969,59.96002664890073
shruti_filming_1.mp4,1144,0,9,0.0130432927910442,0.761715316772461,0.8140230390760633,8,0.0125145113590406,0.7330999374389648,59.96002664890073
shruti_filming_1.mp4,1145,0,10,0.0135396322079274,0.7626484553019206,0.8098517523871528,9,0.012724825072445,0.7333599726359049,59.96002664890073
shruti_filming_1.mp4,1146,0,11,0.0138357068938488,0.7635557174682617,0.8061035014964916,10,0.0133712736889181,0.7330329895019532,59.96002664890073
shruti_filming_1.mp4,1147,0,8,0.0139976696400211,0.76268310546875,0.8035595575968425,7,0.01289071573221,0.7345266342163086,59.96002664890073
shruti_filming_1.mp4,1148,0,8,0.0140284290492854,0.7624111811319987,0.7997533798217773,7,0.0127584281748406,0.7325730641682943,59.96002664890073
shruti_filming_1.mp4,1149,0,8,0.0141645947426635,0.7626461029052735,0.7967872831556532,7,0.0117849427007766,0.7323226928710938,59.96002664890073
shruti_filming_1.mp4,1150,0,8,0.0145883506410726,0.7630316416422526,0.7919796696415654,7,0.0113935049381042,0.7308886210123698,59.96002664890073
shruti_filming_1.mp4,1151,0,9,0.0145212191715836,0.7613812128702799,0.7871011522081163,8,0.0123644419617145,0.7312152862548829,59.96002664890073
shruti_filming_1.mp4,1152,0,9,0.0143547120800414,0.7606306076049805,0.7844143125745985,8,0.0125241937469238,0.7323357264200846,59.96002664890073
shruti_filming_1.mp4,1153,0,9,0.0145209506893135,0.7599928538004558,0.7806978437635633,8,0.0119672758700067,0.7317302068074544,59.96002664890073
shruti_filming_1.mp4,1154,0,10,0.015392133775539,0.7628712336222331,0.7792516072591146,9,0.0077294254095586,0.7318500518798828,59.96002664890073
shruti_filming_1.mp4,1155,0,11,0.0152829319802791,0.7611291885375977,0.7757692125108507,10,0.0120989524207457,0.7314109166463216,59.96002664890073
shruti_filming_1.mp4,1156,0,7,0.0157424726839289,0.7614198684692383,0.7722060592086227,6,0.0116371886921115,0.7304070154825847,59.96002664890073
shruti_filming_1.mp4,1157,0,7,0.0158568662283586,0.7608952204386393,0.767489136589898,6,0.0117322446036484,0.7320099512736002,59.96002664890073
shruti_filming_1.mp4,1158,0,7,0.0161921649434575,0.7617497126261393,0.7642655549225984,6,0.0116335295476245,0.7320985794067383,59.96002664890073
shruti_filming_1.mp4,1159,0,7,0.016312584142967,0.7618820190429687,0.7603128715797707,6,0.0121475605398181,0.7340334574381511,59.96002664890073
shruti_filming_1.mp4,1160,0,7,0.0160762405908085,0.7607433319091796,0.7549230646204066,6,0.012033546664752,0.7343094507853191,59.96002664890073
shruti_filming_1.mp4,1161,0,8,0.0155555246710117,0.7579446156819661,0.7481016229700159,7,0.0114398059095644,0.7329532623291015,59.96002664890073
shruti_filming_1.mp4,1162,0,9,0.014744364641991,0.7563253402709961,0.736778160377785,8,0.0103117618264028,0.7349634806315104,59.96002664890073
shruti_filming_1.mp4,1163,0,7,0.0140166309908279,0.7556306838989257,0.7241743087768555,6,0.0098212913920482,0.7319712956746419,59.96002664890073
shruti_filming_1.mp4,1164,0,7,0.0141753907613747,0.7557289123535156,0.7183438195122613,6,0.0096262376840523,0.7267947514851888,59.96002664890073
shruti_filming_1.mp4,1165,0,9,0.0141713942702153,0.7565275828043619,0.7086180686950684,7,0.0095348401661289,0.7271440505981446,59.96002664890073
shruti_filming_1.mp4,1166,0,8,0.0139564535326644,0.7571676890055339,0.7014869266086154,6,0.0104896200695657,0.732450294494629,59.96002664890073
shruti_filming_1.mp4,1167,0,9,0.0143083254002421,0.7577964782714843,0.6937776459587945,7,0.0089587069863746,0.7287734985351563,59.96002664890073
shruti_filming_1.mp4,1168,0,10,0.0136209576011902,0.7561988194783529,0.6802166903460467,8,0.0091962379400501,0.7304833094278972,59.96002664890073
shruti_filming_1.mp4,1169,0,9,0.0138247155128129,0.7564630508422852,0.6744428140145761,7,0.0086192656856534,0.7292934417724609,59.96002664890073
shruti_filming_1.mp4,1170,0,11,0.013715675192252,0.7559409459431966,0.6688917265997992,9,0.008247959603452,0.7302045822143555,59.96002664890073
shruti_filming_1.mp4,1171,0,10,0.012971886781829,0.7548575083414714,0.6538781625253183,8,0.0090961699620109,0.7297903060913086,59.96002664890073
shruti_filming_1.mp4,1172,0,12,0.0132586191456707,0.7559134165445963,0.649135434186017,10,0.0086439400498056,0.7296012878417969,59.96002664890073
shruti_filming_1.mp4,1173,0,9,0.0124905742216997,0.7529289881388347,0.6402624836674443,7,0.0095402857744678,0.7264455795288086,59.96002664890073
shruti_filming_1.mp4,1174,0,13,0.0125854266272438,0.7535888671875,0.6355495170310691,11,0.0091331895859049,0.7317462921142578,59.96002664890073
shruti_filming_1.mp4,1175,0,10,0.0129569723046221,0.7548263549804688,0.6313189259281865,8,0.0062497595259359,0.7309210459391277,59.96002664890073
shruti_filming_1.mp4,1176,0,11,0.0125560304786564,0.7536631266276042,0.6205937632807978,9,0.0092134771225715,0.7307846069335937,59.96002664890073
shruti_filming_1.mp4,1177,0,10,0.0125571010013421,0.7542339960734049,0.6146753381799769,8,0.0096691380569353,0.7293596267700195,59.96002664890073
shruti_filming_1.mp4,1178,0,9,0.0128453015350937,0.7558208465576172,0.6078510143138744,7,0.0098394652807662,0.7287117004394531,59.96002664890073
shruti_filming_1.mp4,1179,0,12,0.0126591303285367,0.7553730010986328,0.6019766207094546,10,0.0097250127660421,0.7289512634277344,59.96002664890073
shruti_filming_1.mp4,1180,0,10,0.0126425240742784,0.7562593460083008,0.5953358614886248,9,0.0126425240742784,0.7562593460083008,59.96002664890073
shruti_filming_1.mp4,1181,0,11,0.0121734305108542,0.7541831970214844,0.5853401325367115,10,0.0121734305108542,0.7541831970214844,59.96002664890073
shruti_filming_1.mp4,1182,0,11,0.0121561381324019,0.7541355768839518,0.5852913891827619,10,0.0121561381324019,0.7541355768839518,59.96002664890073
shruti_filming_1.mp4,1183,0,10,0.0123472010587014,0.754707400004069,0.5800086692527489,9,0.0123472010587014,0.754707400004069,59.96002664890073
shruti_filming_1.mp4,1184,0,10,0.0122981711308337,0.7550580978393555,0.5717147968433521,9,0.0122981711308337,0.7550580978393555,59.96002664890073
shruti_filming_1.mp4,1185,0,10,0.0117716302462698,0.7536195755004883,0.5647589789496528,9,0.0117716302462698,0.7536195755004883,59.96002664890073
shruti_filming_1.mp4,1186,0,10,0.0114386906557855,0.7522165298461914,0.5563586058440032,9,0.0114386906557855,0.7522165298461914,59.96002664890073
shruti_filming_1.mp4,1187,0,10,0.0111140903480069,0.7519941329956055,0.546961169772678,9,0.0111140903480069,0.7519941329956055,59.96002664890073
shruti_filming_1.mp4,1188,0,10,0.0110662628690436,0.751983642578125,0.5402069233081959,9,0.0110662628690436,0.751983642578125,59.96002664890073
shruti_filming_1.mp4,1189,0,10,0.0113025277398076,0.752685546875,0.5356274216263383,9,0.0113025277398076,0.752685546875,59.96002664890073
shruti_filming_1.mp4,1190,0,9,0.0113582069998665,0.7532244364420573,0.5306170145670573,8,0.0113582069998665,0.7532244364420573,59.96002664890073
shruti_filming_1.mp4,1191,0,10,0.0109126524015246,0.7509152094523112,0.5291093755651404,9,0.0109126524015246,0.7509152094523112,59.96002664890073
shruti_filming_1.mp4,1192,0,9,0.0112844899727541,0.774142074584961,0.8445252683427599,8,0.0108152691427676,0.7517225901285808,59.96002664890073
shruti_filming_1.mp4,1193,0,9,0.0121064782881121,0.7761878967285156,0.8375796000162761,8,0.0103673868255551,0.7506446838378906,59.96002664890073
shruti_filming_1.mp4,1194,0,9,0.0126564474839607,0.7777760187784831,0.8364732530381944,8,0.010905189010804,0.7532019297281901,59.96002664890073
shruti_filming_1.mp4,1195,0,8,0.0130829264904874,0.778236452738444,0.831413784733525,7,0.0102624800708468,0.7493944803873698,59.96002664890073
shruti_filming_1.mp4,1196,0,9,0.0131869158026852,0.7776946385701498,0.8280310312906901,8,0.0099431166103345,0.748267936706543,59.96002664890073
shruti_filming_1.mp4,1197,0,9,0.0134158631099833,0.7778966903686524,0.8261350755338316,8,0.0100630893141674,0.7486694971720378,59.96002664890073
shruti_filming_1.mp4,1198,0,8,0.0138042183185643,0.7792280832926433,0.8226202699873183,7,0.0100521730753556,0.7485570907592773,59.96002664890073
shruti_filming_1.mp4,1199,0,9,0.0140239752107852,0.7782168706258138,0.8179106606377495,8,0.0088815707645564,0.7442707061767578,59.96002664890073
shruti_filming_1.mp4,1200,0,8,0.0144159096842809,0.7781355539957683,0.8137571758694119,7,0.0091609054862217,0.7458489100138347,59.96002664890073
shruti_filming_1.mp4,1201,0,9,0.0146638375332056,0.7776023228963216,0.8115589353773329,8,0.0090175766637063,0.7454012552897136,59.96002664890073
shruti_filming_1.mp4,1202,0,10,0.0150259251630874,0.7777397155761718,0.8081345876057943,9,0.0088412741338367,0.7439276377360026,59.96002664890073
shruti_filming_1.mp4,1203,0,9,0.0151191391026239,0.7774351119995118,0.8052690717909071,8,0.0088289309345741,0.7435589472452799,59.96002664890073
shruti_filming_1.mp4,1204,0,8,0.0150523247471196,0.775945536295573,0.8025765736897786,7,0.0083482039882316,0.7435632705688476,59.96002664890073
shruti_filming_1.mp4,1205,0,9,0.015592447323478,0.7767515818277995,0.7984388634010597,8,0.008704498257021,0.7450019200642903,59.96002664890073
shruti_filming_1.mp4,1206,0,8,0.0159146442264318,0.7765312194824219,0.7942535400390625,7,0.0089076738275248,0.744770622253418,59.96002664890073
shruti_filming_1.mp4,1207,0,8,0.0163434018635733,0.7766035079956055,0.7904355578952366,7,0.008905048579254,0.7440749486287435,59.96002664890073
shruti_filming_1.mp4,1208,0,9,0.0165183364504358,0.7763700485229492,0.7874665860776549,8,0.0088558918148658,0.7443860371907552,59.96002664890073
shruti_filming_1.mp4,1209,0,8,0.0161959952721884,0.7746666590372722,0.7858407621030454,7,0.0085240378380317,0.7433107376098633,59.96002664890073
shruti_filming_1.mp4,1210,0,8,0.0163852958389799,0.7748284022013346,0.7848614445439092,7,0.0080990024103057,0.7420563379923503,59.96002664890073
shruti_filming_1.mp4,1211,0,8,0.0169264407474892,0.7756300608317057,0.78052732679579,7,0.0079532681049749,0.7414470672607422,59.96002664890073
shruti_filming_1.mp4,1212,0,8,0.0167428007641595,0.7743610382080078,0.7794463263617621,7,0.008522351524702,0.7444698969523112,59.96002664890073
shruti_filming_1.mp4,1213,0,8,0.0169823048636613,0.7730038324991862,0.7746488571166992,7,0.0084138136835665,0.7436946868896485,59.96002664890073
shruti_filming_1.mp4,1214,0,8,0.017013455335594,0.7716770172119141,0.7721101548936632,7,0.0083651988662744,0.7433056513468425,59.96002664890073
shruti_filming_1.mp4,1215,0,8,0.0172015676378861,0.7703308741251628,0.7693714565700955,7,0.0078614705236126,0.7393792470296224,59.96002664890073
shruti_filming_1.mp4,1216,0,8,0.0176858258220939,0.7711902618408203,0.7675077226426866,7,0.0079578641504728,0.7417369842529297,59.96002664890073
shruti_filming_1.mp4,1217,0,8,0.0179680463012698,0.7719320297241211,0.7603017100581416,7,0.0075983055557298,0.7399772644042969,59.96002664890073
shruti_filming_1.mp4,1218,0,8,0.0178808159576874,0.771107037862142,0.7597940656873915,7,0.0075396405199232,0.7389317194620768,59.96002664890073
shruti_filming_1.mp4,1219,0,8,0.0177771291905109,0.7699921925862631,0.7576300373783817,7,0.0074072446613637,0.738110605875651,59.96002664890073
shruti_filming_1.mp4,1220,0,8,0.0180359918524976,0.7683493296305338,0.7562786808720341,7,0.0073012079369315,0.7378641128540039,59.96002664890073
shruti_filming_1.mp4,1221,0,9,0.0177502633331864,0.767698097229004,0.7535921026159216,8,0.0069577988128488,0.7358593622843425,59.96002664890073
shruti_filming_1.mp4,1222,0,8,0.0177704302612174,0.7673368453979492,0.7527068244086371,7,0.0068493274909754,0.735078239440918,59.96002664890073
shruti_filming_1.mp4,1223,0,8,0.0181034997753212,0.7676429748535156,0.7509597778320313,7,0.0069120242979907,0.7354082743326823,59.96002664890073
shruti_filming_1.mp4,1224,0,8,0.0176300604168661,0.7639495849609375,0.7494367246274595,7,0.0068300102974495,0.7354097366333008,59.96002664890073
shruti_filming_1.mp4,1225,0,9,0.0179210393312624,0.7643644332885742,0.7454561162877966,8,0.0066083587232343,0.7343957901000977,59.96002664890073
shruti_filming_1.mp4,1226,0,9,0.0184295228868722,0.7651283899943034,0.7440646701388889,8,0.0066478950553573,0.7351053873697917,59.96002664890073
shruti_filming_1.mp4,1227,0,9,0.0190830647286274,0.7663871765136718,0.7415820369014033,8,0.006854950095294,0.7352735519409179,59.96002664890073
shruti_filming_1.mp4,1228,0,10,0.0188889293833926,0.7652968724568685,0.7372560006600839,9,0.0066677005256038,0.734261957804362,59.96002664890073
shruti_filming_1.mp4,1229,0,10,0.0191101271155976,0.7651145935058594,0.7333638438472041,9,0.0066523157836248,0.7340237299601237,59.96002664890073
shruti_filming_1.mp4,1230,0,9,0.0188719610578792,0.7641474405924479,0.7256812342890987,8,0.0065076828035267,0.7339935938517252,59.96002664890073
shruti_filming_1.mp4,1231,0,9,0.0184011625924904,0.7636318206787109,0.7198412789238824,8,0.0067418719945514,0.7346748352050781,59.96002664890073
shruti_filming_1.mp4,1232,0,9,0.0183021472697186,0.7637535095214844,0.7146764755249023,8,0.0068566602208496,0.7350197474161784,59.96002664890073
shruti_filming_1.mp4,1233,0,9,0.018171904451644,0.763493537902832,0.7097634456775807,8,0.0066365964477881,0.733802604675293,59.96002664890073
shruti_filming_1.mp4,1234,0,8,0.0177340910765451,0.7616447448730469,0.7020822419060602,7,0.0067116792530739,0.7339210510253906,59.96002664890073
shruti_filming_1.mp4,1235,0,8,0.0175714880350655,0.7613455454508463,0.6952065079300492,7,0.0067636224848683,0.734421984354655,59.96002664890073
shruti_filming_1.mp4,1236,0,9,0.0175041799770951,0.7605289459228516,0.6911396344502767,8,0.0067614321445149,0.7345272064208984,59.96002664890073
shruti_filming_1.mp4,1237,0,9,0.0171411874026226,0.7596762339274089,0.6863620969984267,8,0.0068375104578013,0.7347085316975911,59.96002664890073
shruti_filming_1.mp4,1238,0,9,0.017202756290923,0.7604246775309245,0.6773457633124458,8,0.0069598970835795,0.7346771876017253,59.96002664890073
shruti_filming_1.mp4,1239,0,9,0.0166032646255056,0.7573444366455078,0.6697614281265823,8,0.0066452995474941,0.7341766357421875,59.96002664890073
shruti_filming_1.mp4,1240,0,9,0.0166103950510215,0.7569648742675781,0.6640106201171875,8,0.0065320377913303,0.7339439392089844,59.96002664890073
shruti_filming_1.mp4,1241,0,9,0.0160963569990916,0.7556253433227539,0.6584923532274034,8,0.006788857513338,0.7342010498046875,59.96002664890073
shruti_filming_1.mp4,1242,0,9,0.0159888657801746,0.7547232945760091,0.6533568629512081,8,0.0066299221338057,0.7334606170654296,59.96002664890073
shruti_filming_1.mp4,1243,0,10,0.0160458365513926,0.7546055475870769,0.647766763192636,9,0.006366034693201,0.7316997528076172,59.96002664890073
shruti_filming_1.mp4,1244,0,10,0.0156909046483871,0.7539292017618815,0.6436903282448098,9,0.0064838484432483,0.7319013595581054,59.96002664890073
shruti_filming_1.mp4,1245,0,12,0.0152664911018655,0.7534097671508789,0.6383376298127351,11,0.0064074963508755,0.7311479568481445,59.96002664890073
shruti_filming_1.mp4,1246,0,10,0.015306015315582,0.754023551940918,0.6329933166503906,9,0.0064189897011965,0.7309441248575846,59.96002664890073
shruti_filming_1.mp4,1247,0,11,0.0149925687103812,0.7532800038655599,0.6278714780454282,9,0.0062682894131285,0.7306219100952148,59.96002664890073
shruti_filming_1.mp4,1248,0,11,0.0147177861821829,0.7523804346720377,0.6226323233710395,9,0.0062422843311301,0.729971186319987,59.96002664890073
shruti_filming_1.mp4,1249,0,11,0.0145715190660687,0.752442741394043,0.6181053161621094,9,0.0061398978164005,0.7299086252848307,59.96002664890073
shruti_filming_1.mp4,1250,0,11,0.0141489341983231,0.7509305953979493,0.6134034192120588,9,0.0057191048902233,0.7291206359863281,59.96002664890073
shruti_filming_1.mp4,1251,0,13,0.0139763113822684,0.7501888910929362,0.606471280698423,11,0.0054460142033349,0.7283903757731119,59.96002664890073
shruti_filming_1.mp4,1252,0,13,0.0139350263503486,0.7496639887491862,0.6024224599202473,11,0.004951674681312,0.7243520736694335,59.96002664890073
shruti_filming_1.mp4,1253,0,10,0.0135436781457327,0.7477705637613933,0.5986434512668186,9,0.0135436781457327,0.7477705637613933,59.96002664890073
shruti_filming_1.mp4,1254,0,10,0.0135608646118823,0.7476690928141276,0.594624498155382,9,0.0135608646118823,0.7476690928141276,59.96002664890073
shruti_filming_1.mp4,1255,0,11,0.0133804420887706,0.7468904495239258,0.5920139100816515,10,0.0133804420887706,0.7468904495239258,59.96002664890073
shruti_filming_1.mp4,1256,0,11,0.0132445068504118,0.7468280792236328,0.588043212890625,10,0.0132445068504118,0.7468280792236328,59.96002664890073
shruti_filming_1.mp4,1257,0,10,0.0134909567991632,0.7471975962320964,0.58186562149613,9,0.0134909567991632,0.7471975962320964,59.96002664890073
shruti_filming_1.mp4,1258,0,9,0.0131148354387362,0.7464763641357421,0.5775237330683956,8,0.0131148354387362,0.7464763641357421,59.96002664890073
shruti_filming_1.mp4,1259,0,9,0.0127236679631796,0.7451494216918946,0.5701189041137695,8,0.0127236679631796,0.7451494216918946,59.96002664890073
shruti_filming_1.mp4,1260,0,10,0.0127854985173056,0.7458222707112631,0.5680177406028465,9,0.0127854985173056,0.7458222707112631,59.96002664890073
shruti_filming_1.mp4,1261,0,10,0.012523241475218,0.7442306518554688,0.5624206825538918,9,0.012523241475218,0.7442306518554688,59.96002664890073
shruti_filming_1.mp4,1262,0,10,0.0125443997493202,0.743802833557129,0.5564388416431568,9,0.0125443997493202,0.743802833557129,59.96002664890073
shruti_filming_1.mp4,1263,0,10,0.0125133446386704,0.743551508585612,0.5543581220838759,9,0.0125133446386704,0.743551508585612,59.96002664890073
shruti_filming_1.mp4,1264,0,10,0.0124537527970015,0.7436189651489258,0.5517505363181785,9,0.0124537527970015,0.7436189651489258,59.96002664890073
shruti_filming_1.mp4,1265,0,10,0.0122103892904699,0.7426893234252929,0.5492189760561342,9,0.0122103892904699,0.7426893234252929,59.96002664890073
shruti_filming_1.mp4,1266,0,9,0.0117685844613502,0.7414875666300456,0.5449337994610822,8,0.0117685844613502,0.7414875666300456,59.96002664890073
shruti_filming_1.mp4,1267,0,8,0.011525025722914,0.7406794230143229,0.5394576319941768,7,0.011525025722914,0.7406794230143229,59.96002664890073
shruti_filming_1.mp4,1268,0,8,0.0112684261304695,0.7398388544718425,0.5335328137433087,7,0.0112684261304695,0.7398388544718425,59.96002664890073
shruti_filming_1.mp4,1269,0,8,0.011372395757926,0.7401691436767578,0.5304602022524233,7,0.011372395757926,0.7401691436767578,59.96002664890073
shruti_filming_1.mp4,1270,0,8,0.0111110021513983,0.7390680313110352,0.5283478065773293,7,0.0111110021513983,0.7390680313110352,59.96002664890073
shruti_filming_1.mp4,1271,0,8,0.0109743159634753,0.7388071695963542,0.5245533413357205,7,0.0109743159634753,0.7388071695963542,59.96002664890073
shruti_filming_1.mp4,1272,0,8,0.0108970502282911,0.7390756607055664,0.5203012395788122,7,0.0108970502282911,0.7390756607055664,59.96002664890073
shruti_filming_1.mp4,1273,0,8,0.0111620489418149,0.7603415171305339,0.8691561027809426,7,0.0108772269585945,0.7390785217285156,59.96002664890073
shruti_filming_1.mp4,1274,0,8,0.0114385469239426,0.7600708643595377,0.8661481663032814,7,0.0108209680579387,0.7386065165201823,59.96002664890073
shruti_filming_1.mp4,1275,0,8,0.0115266520784603,0.7599138895670573,0.8637052536010742,7,0.0105884464926103,0.737636947631836,59.96002664890073
shruti_filming_1.mp4,1276,0,8,0.0116347497542543,0.7594072341918945,0.8607081095377604,7,0.0105430436081628,0.7371849695841471,59.96002664890073
shruti_filming_1.mp4,1277,0,8,0.0118356214320273,0.7592489878336589,0.8592233975728353,7,0.0104803222129218,0.7367205301920573,59.96002664890073
shruti_filming_1.mp4,1278,0,8,0.0120714011898675,0.7590568542480469,0.8560845763595016,7,0.0103211499164899,0.7356775919596354,59.96002664890073
shruti_filming_1.mp4,1279,0,8,0.0122226898339934,0.7594039916992188,0.8552568082456236,7,0.010350201459789,0.7353775024414062,59.96002664890073
shruti_filming_1.mp4,1280,0,8,0.0123351807166303,0.7586965560913086,0.8535242928398981,7,0.0103625167058231,0.7349580764770508,59.96002664890073
shruti_filming_1.mp4,1281,0,9,0.0125787143168067,0.7577707290649414,0.8506853103637695,8,0.009976450130974,0.7332906723022461,59.96002664890073
shruti_filming_1.mp4,1282,0,8,0.0128374347791301,0.7574410120646159,0.847868537902832,7,0.0099317089231808,0.7332209904988607,59.96002664890073
shruti_filming_1.mp4,1283,0,9,0.0130094266180296,0.7565872828165691,0.8457362492879231,8,0.0095720155339357,0.7312797546386719,59.96002664890073
shruti_filming_1.mp4,1284,0,9,0.013058425478994,0.7563516616821289,0.8418450055298982,8,0.0094016533518151,0.7309311548868815,59.96002664890073
shruti_filming_1.mp4,1285,0,9,0.0137501454392046,0.7577823638916016,0.8401004632314046,8,0.0092358425001859,0.7305027643839518,59.96002664890073
shruti_filming_1.mp4,1286,0,10,0.0149461848305054,0.7637605667114258,0.8384994559817844,8,0.0091928726044446,0.7301612854003906,59.96002664890073
shruti_filming_1.mp4,1287,0,8,0.014070874807063,0.7590072631835938,0.8351535655834057,7,0.0090725521730658,0.7293952941894531,59.96002664890073
shruti_filming_1.mp4,1288,0,9,0.0125617447575374,0.7480919520060222,0.834042916474519,6,0.0089048493579159,0.728669548034668,59.96002664890073
shruti_filming_1.mp4,1289,0,10,0.0112379119848377,0.7468102773030599,0.8158486966733579,7,0.0088044557983569,0.7287925720214844,59.96002664890073
shruti_filming_1.mp4,1290,0,11,0.010887100632193,0.7467606226603191,0.8062275215431496,8,0.0090117463550025,0.7293938954671224,59.96002664890073
shruti_filming_1.mp4,1291,0,9,0.010829818349845,0.7462607065836588,0.794108228330259,8,0.0091433327591005,0.7298811594645183,59.96002664890073
shruti_filming_1.mp4,1292,0,10,0.0104603887921729,0.7454792022705078,0.7850748909844293,9,0.008845668345279,0.7280270258585612,59.96002664890073
shruti_filming_1.mp4,1293,0,9,0.012180719601116,0.8132305145263672,0.9238629588374384,7,0.0088764149231752,0.7279850006103515,59.96002664890073
shruti_filming_1.mp4,1294,0,10,0.0146839946162179,0.744062868754069,0.8167325337727864,7,0.008747661176967,0.7276816050211589,59.96002664890073
shruti_filming_1.mp4,1295,0,9,0.0147578831271217,0.8208651224772135,0.9134601804945204,7,0.0088353383540783,0.7272151311238607,59.96002664890073
shruti_filming_1.mp4,1296,0,10,0.0159229649776696,0.8213547388712565,0.905519527859158,7,0.0084048468062623,0.7259267807006836,59.96002664890073
shruti_filming_1.mp4,1297,0,10,0.0169291229082328,0.8208218256632487,0.8972527080112034,7,0.0082980598713155,0.7257753372192383,59.96002664890073
shruti_filming_1.mp4,1298,0,10,0.0174052988006345,0.8202093124389649,0.8940833621554904,7,0.0083905725861916,0.7261263529459635,59.96002664890073
shruti_filming_1.mp4,1299,0,10,0.0185135597750387,0.8191497802734375,0.8878047042422824,7,0.0081787695730357,0.7249021530151367,59.96002664890073
shruti_filming_1.mp4,1300,0,10,0.019403453460399,0.8187704086303711,0.8821208565323441,7,0.0081007818366224,0.7243128458658854,59.96002664890073
shruti_filming_1.mp4,1301,0,11,0.0203431857114547,0.8179238001505534,0.8744097815619575,8,0.0079518558920891,0.7241279602050781,59.96002664890073
shruti_filming_1.mp4,1302,0,11,0.0213842240976413,0.8166488647460938,0.8683215035332574,8,0.0078393507954024,0.7237037658691406,59.96002664890073
shruti_filming_1.mp4,1303,0,10,0.0226845746732084,0.8158441543579101,0.8612875479239005,8,0.0077538585744063,0.7233577728271484,59.96002664890073
shruti_filming_1.mp4,1304,0,12,0.0225895138151256,0.8146588007609049,0.8598225982100876,8,0.0076105984407466,0.7230873743693034,59.96002664890073
shruti_filming_1.mp4,1305,0,11,0.0235178261361458,0.8126879374186198,0.8547927061716716,9,0.0074986013006532,0.7231324513753256,59.96002664890073
shruti_filming_1.mp4,1306,0,11,0.0243515673147915,0.8108830134073893,0.8479373561011421,9,0.0075450393867342,0.7229743957519531,59.96002664890073
shruti_filming_1.mp4,1307,0,10,0.0257598991039331,0.8098640441894531,0.8378827783796522,8,0.0074102704244109,0.7225580215454102,59.96002664890073
shruti_filming_1.mp4,1308,0,10,0.0270437695454044,0.8077627182006836,0.8278416739569769,8,0.0074363636399869,0.7226032892862956,59.96002664890073
shruti_filming_1.mp4,1309,0,10,0.0292024276399388,0.8064689636230469,0.8125231213039822,8,0.0073231389363677,0.7216511408487956,59.96002664890073
shruti_filming_1.mp4,1310,0,10,0.0287135161591787,0.8056255340576172,0.8157452477349175,8,0.0071392830229079,0.7206779479980469,59.96002664890073
shruti_filming_1.mp4,1311,0,9,0.0289617952610435,0.8041218439737956,0.8128147549099393,7,0.0070847600769613,0.7201595942179362,59.96002664890073
shruti_filming_1.mp4,1312,0,9,0.0293372851725323,0.8003057479858399,0.8052247435958297,8,0.0070083050899793,0.72037779490153,59.96002664890073
shruti_filming_1.mp4,1313,0,9,0.0303031756987386,0.7986997604370117,0.7985538694593641,8,0.0071347111471415,0.7208255132039388,59.96002664890073
shruti_filming_1.mp4,1314,0,8,0.0309425407084334,0.7983812967936198,0.7944765302870008,7,0.0070519432204309,0.7200752894083658,59.96002664890073
shruti_filming_1.mp4,1315,0,8,0.0302394863854203,0.7936825434366862,0.7919572053132233,7,0.0070577973168002,0.7197736740112305,59.96002664890073
shruti_filming_1.mp4,1316,0,10,0.0306536552057527,0.7923220316569011,0.785162063881203,9,0.0070979915835535,0.7179168065388998,59.96002664890073
shruti_filming_1.mp4,1317,0,8,0.0310652475451206,0.7921950022379557,0.7822284486558703,7,0.0069762515526747,0.7177153905232747,59.96002664890073
shruti_filming_1.mp4,1318,0,8,0.0324667227537267,0.7945589065551758,0.7738528781467013,7,0.0070714144419374,0.7181880950927735,59.96002664890073
shruti_filming_1.mp4,1319,0,8,0.0328224250878944,0.7941672007242838,0.7690567016601563,7,0.0069187697100817,0.7174677530924479,59.96002664890073
shruti_filming_1.mp4,1320,0,8,0.0351991280098849,0.8031314849853516,0.7716131846110026,7,0.0068257219833645,0.7172273635864258,59.96002664890073
shruti_filming_1.mp4,1321,0,8,0.0355127025607577,0.8036060333251953,0.7699502379805954,7,0.0065701545902993,0.7162762324015299,59.96002664890073
shruti_filming_1.mp4,1322,0,8,0.0362915166870758,0.8065067291259765,0.7659300486246745,7,0.0064036710614648,0.7155092875162761,59.96002664890073
shruti_filming_1.mp4,1323,0,8,0.0379851837752479,0.8089752833048502,0.7609038670857747,7,0.0063882026934556,0.7152643839518229,59.96002664890073
shruti_filming_1.mp4,1324,0,7,0.0385728501011419,0.8091374079386393,0.7577529130158601,6,0.0061025076661866,0.7151508331298828,59.96002664890073
shruti_filming_1.mp4,1325,0,7,0.0389070978787128,0.8082784652709961,0.7544663182011357,6,0.0060634231462986,0.7152048746744791,59.96002664890073
shruti_filming_1.mp4,1326,0,7,0.040245164638618,0.8108730951944987,0.7506779988606771,6,0.005981496644672,0.7154708862304687,59.96002664890073
shruti_filming_1.mp4,1327,0,8,0.0406697522206808,0.8115983963012695,0.7468638243498625,7,0.0059353236061589,0.7154769897460938,59.96002664890073
shruti_filming_1.mp4,1328,0,7,0.0414865958181326,0.8138048807779948,0.7438423721878616,6,0.005865559681079,0.7158349990844727,59.96002664890073
shruti_filming_1.mp4,1329,0,8,0.0424767546869285,0.8142967224121094,0.7404519187079536,7,0.0054995778676432,0.7140505472819011,59.96002664890073
shruti_filming_1.mp4,1330,0,8,0.043540141215134,0.8151659647623698,0.7372677273220486,7,0.0053309837098964,0.714028803507487,59.96002664890073
shruti_filming_1.mp4,1331,0,8,0.0448412807073961,0.8166409174601237,0.7318488156353986,7,0.0052248485177794,0.713429323832194,59.96002664890073
shruti_filming_1.mp4,1332,0,8,0.0449400209301974,0.8149124145507812,0.7291568968031141,7,0.0050715292580005,0.7128154118855794,59.96002664890073
shruti_filming_1.mp4,1333,0,8,0.0457626224457357,0.8152494430541992,0.7250847357290763,7,0.0049204226481163,0.7124364217122395,59.96002664890073
shruti_filming_1.mp4,1334,0,8,0.0456899899915636,0.814372444152832,0.7223784552680121,7,0.004835494838448,0.7122490564982097,59.96002664890073
shruti_filming_1.mp4,1335,0,8,0.0457353840535183,0.8113286972045899,0.7167136015715423,7,0.0047758257959503,0.7127427419026693,59.96002664890073
shruti_filming_1.mp4,1336,0,9,0.0461397479010796,0.810713259379069,0.7139833097104673,8,0.0047022195149717,0.7128459930419921,59.96002664890073
shruti_filming_1.mp4,1337,0,8,0.0466411599007551,0.8113008499145508,0.7118516710069445,7,0.0045493411870201,0.712801742553711,59.96002664890073
shruti_filming_1.mp4,1338,0,8,0.0474379079498855,0.8104703903198243,0.7069121608027705,7,0.0043865761558926,0.7125071207682292,59.96002664890073
shruti_filming_1.mp4,1339,0,9,0.0474282858028972,0.809199333190918,0.7030072565431948,8,0.0043852965763545,0.7120388666788737,59.96002664890073
shruti_filming_1.mp4,1340,0,9,0.0473781794767031,0.8078745524088542,0.7005427890353733,8,0.0042402022226191,0.7092977523803711,59.96002664890073
shruti_filming_1.mp4,1341,0,9,0.04759977387248,0.8065876642862956,0.6975286589728461,8,0.0043065189971498,0.7090738932291667,59.96002664890073
shruti_filming_1.mp4,1342,0,10,0.0477964906178567,0.8055244445800781,0.6933361371358235,9,0.0042980485548873,0.7094284057617187,59.96002664890073
shruti_filming_1.mp4,1343,0,9,0.0477854247303851,0.8040095011393229,0.6891878163373029,8,0.0046100444189505,0.7099801381429036,59.96002664890073
shruti_filming_1.mp4,1344,0,8,0.0482009028696834,0.803671137491862,0.6846964235658999,7,0.0043589515755647,0.7096853256225586,59.96002664890073
shruti_filming_1.mp4,1345,0,7,0.0482913377936057,0.8026955286661784,0.6828945831016258,6,0.0041834699556973,0.7101747512817382,59.96002664890073
shruti_filming_1.mp4,1346,0,7,0.0488914107927929,0.8023064295450847,0.6807901735658999,6,0.0041630700963529,0.710136604309082,59.96002664890073
shruti_filming_1.mp4,1347,0,7,0.0483405629628308,0.8000410715738933,0.6789639190391258,6,0.0043440741375228,0.7104125340779622,59.96002664890073
shruti_filming_1.mp4,1348,0,7,0.0475307303088885,0.7963800430297852,0.6753289010789659,6,0.0042960385528136,0.7101841608683268,59.96002664890073
shruti_filming_1.mp4,1349,0,7,0.0473516348734847,0.7927970250447591,0.6730117797851562,6,0.0043967464058854,0.7103460311889649,59.96002664890073
shruti_filming_1.mp4,1350,0,7,0.0471896864995748,0.7917003631591797,0.6702341715494792,6,0.0044124219989559,0.7097936630249023,59.96002664890073
shruti_filming_1.mp4,1351,0,7,0.0477408420148438,0.7925072352091471,0.6677462295249657,6,0.0043039036945965,0.7091890970865885,59.96002664890073
shruti_filming_1.mp4,1352,0,7,0.0473290402715685,0.7904756546020508,0.6649973268862124,6,0.0042827196070801,0.7077705383300781,59.96002664890073
shruti_filming_1.mp4,1353,0,7,0.0470102182845279,0.7886248270670573,0.663039963333695,6,0.0043946405767928,0.7079036712646485,59.96002664890073
shruti_filming_1.mp4,1354,0,7,0.0473401849293117,0.7890629450480143,0.6608485751681857,6,0.0044279606037781,0.7076397577921549,59.96002664890073
shruti_filming_1.mp4,1355,0,7,0.0469125006503928,0.7869455973307292,0.6577405541031449,6,0.0045217819469312,0.7063652674357096,59.96002664890073
shruti_filming_1.mp4,1356,0,7,0.0474128234977649,0.7866405487060547,0.6528762923346625,6,0.0045669054231257,0.7060918807983398,59.96002664890073
shruti_filming_1.mp4,1357,0,7,0.0479497051521563,0.787017822265625,0.6500627729627821,6,0.0044415994757016,0.7056366602579752,59.96002664890073
shruti_filming_1.mp4,1358,0,7,0.0471399408309823,0.783935546875,0.6453299628363716,6,0.0043106257784799,0.7053174336751302,59.96002664890073
shruti_filming_1.mp4,1359,0,7,0.0474661999777944,0.783644167582194,0.6418573732729311,6,0.0042564792581438,0.7045403162638346,59.96002664890073
shruti_filming_1.mp4,1360,0,8,0.0470714267041573,0.7818458557128907,0.639214833577474,7,0.0041880912281663,0.7047794342041016,59.96002664890073
shruti_filming_1.mp4,1361,0,8,0.0473030691266467,0.7806652069091797,0.6365956200493706,7,0.0042363904548498,0.7043048858642578,59.96002664890073
shruti_filming_1.mp4,1362,0,7,0.0476211023021702,0.7809343973795573,0.6352784192120587,6,0.0043194563185399,0.7040414174397787,59.96002664890073
shruti_filming_1.mp4,1363,0,7,0.048482687063216,0.7824507395426432,0.6337980623598451,6,0.004468470243446,0.7042884826660156,59.96002664890073
shruti_filming_1.mp4,1364,0,7,0.0486045369385316,0.7817370096842448,0.6291860085946542,5,0.0047148954094963,0.7032388687133789,59.96002664890073
shruti_filming_1.mp4,1365,0,8,0.0480985192515395,0.7802023569742839,0.6259277908890336,6,0.004820253973734,0.7029871622721354,59.96002664890073
shruti_filming_1.mp4,1366,0,8,0.0483740241454614,0.7809730529785156,0.621172770747432,6,0.0050553852027708,0.703545888264974,59.96002664890073
shruti_filming_1.mp4,1367,0,8,0.0465380104910124,0.778859265645345,0.6112377731888382,6,0.0052280322750448,0.7030527750651042,59.96002664890073
shruti_filming_1.mp4,1368,0,9,0.0459185248702616,0.778417460123698,0.6035303151165997,7,0.0052386073006588,0.7022165298461914,59.96002664890073
shruti_filming_1.mp4,1369,0,8,0.0452902522110283,0.7784252802530924,0.5924513922797309,7,0.0452902522110283,0.7784252802530924,59.96002664890073
shruti_filming_1.mp4,1370,0,7,0.0445056775687569,0.7780527750651042,0.581229414763274,6,0.0445056775687569,0.7780527750651042,59.96002664890073
shruti_filming_1.mp4,1371,0,8,0.043868607213814,0.7776521682739258,0.5724704424540202,7,0.043868607213814,0.7776521682739258,59.96002664890073
shruti_filming_1.mp4,1372,0,8,0.043497062079243,0.776380983988444,0.5682657029893663,7,0.043497062079243,0.776380983988444,59.96002664890073
shruti_filming_1.mp4,1373,0,7,0.0426396545344929,0.7753898620605468,0.5593641528376827,6,0.0426396545344929,0.7753898620605468,59.96002664890073
shruti_filming_1.mp4,1374,0,8,0.041680153739063,0.7737373352050781,0.5476899994744195,7,0.041680153739063,0.7737373352050781,59.96002664890073
shruti_filming_1.mp4,1375,0,8,0.0405667301285575,0.7714103062947592,0.5387649959988065,7,0.0405667301285575,0.7714103062947592,59.96002664890073
shruti_filming_1.mp4,1376,0,8,0.039772915397609,0.7704631805419921,0.5320151717574508,7,0.039772915397609,0.7704631805419921,59.96002664890073
shruti_filming_1.mp4,1377,0,7,0.0387553597382066,0.7687185923258464,0.5233027564154731,6,0.0387553597382066,0.7687185923258464,59.96002664890073
shruti_filming_1.mp4,1378,0,7,0.0380575424002098,0.7680582046508789,0.5138685014512804,6,0.0380575424002098,0.7680582046508789,59.96002664890073
shruti_filming_1.mp4,1379,0,6,0.0371610469155469,0.7663206736246745,0.50369750128852,5,0.0371610469155469,0.7663206736246745,59.96002664890073
shruti_filming_1.mp4,1380,0,6,0.0372891585671297,0.7659090042114258,0.4922095546015986,5,0.0372891585671297,0.7659090042114258,59.96002664890073
shruti_filming_1.mp4,1381,0,6,0.0373027416792831,0.7656496047973633,0.4844975506817853,5,0.0373027416792831,0.7656496047973633,59.96002664890073
shruti_filming_1.mp4,1382,0,6,0.0366376243724759,0.7656319300333659,0.4806334884078414,5,0.0366376243724759,0.7656319300333659,59.96002664890073
shruti_filming_1.mp4,1383,0,6,0.0358844933746796,0.764101791381836,0.4747191111246744,5,0.0358844933746796,0.764101791381836,59.96002664890073
shruti_filming_1.mp4,1384,0,7,0.0353878488569171,0.7641401926676432,0.4672761705186632,6,0.0353878488569171,0.7641401926676432,59.96002664890073
shruti_filming_1.mp4,1385,0,7,0.0347391134574637,0.7635210673014323,0.4578750751636646,6,0.0347391134574637,0.7635210673014323,59.96002664890073
shruti_filming_1.mp4,1386,0,7,0.0338792126589827,0.7623983383178711,0.4514741403085214,6,0.0338792126589827,0.7623983383178711,59.96002664890073
shruti_filming_1.mp4,1387,0,7,0.0331513392415945,0.7613983790079752,0.4409781703242549,6,0.0331513392415945,0.7613983790079752,59.96002664890073
shruti_filming_1.mp4,1388,0,7,0.033402567818072,0.7610499064127604,0.4324997795952691,6,0.033402567818072,0.7610499064127604,59.96002664890073
shruti_filming_1.mp4,1389,0,7,0.0325435124790884,0.7598100662231445,0.4254934522840712,6,0.0325435124790884,0.7598100662231445,59.96002664890073
shruti_filming_1.mp4,1390,0,7,0.031904918445569,0.7595078150431315,0.4195301621048539,6,0.031904918445569,0.7595078150431315,59.96002664890073
shruti_filming_1.mp4,1391,0,7,0.0310578983133018,0.7584877649943034,0.416023678249783,6,0.0310578983133018,0.7584877649943034,59.96002664890073
shruti_filming_1.mp4,1392,0,7,0.0307318856269315,0.7583417892456055,0.4072986178927951,6,0.0307318856269315,0.7583417892456055,59.96002664890073
shruti_filming_1.mp4,1393,0,8,0.0303250513817329,0.7575109481811524,0.4011905670166015,6,0.0303250513817329,0.7575109481811524,59.96002664890073
shruti_filming_1.mp4,1394,0,8,0.0297113939954345,0.7565559387207031,0.3951022819236472,6,0.0297113939954345,0.7565559387207031,59.96002664890073
shruti_filming_1.mp4,1395,0,8,0.0287910630548786,0.7557146072387695,0.3892362806532118,6,0.0287910630548786,0.7557146072387695,59.96002664890073
shruti_filming_1.mp4,1396,0,8,0.0281950936857174,0.7553922653198242,0.3817061954074435,6,0.0281950936857174,0.7553922653198242,59.96002664890073
shruti_filming_1.mp4,1397,0,8,0.0279478796861884,0.7549219131469727,0.37619874742296,6,0.0279478796861884,0.7549219131469727,59.96002664890073
shruti_filming_1.mp4,1398,0,8,0.0274614557211073,0.7546238581339518,0.3714530520968967,6,0.0274614557211073,0.7546238581339518,59.96002664890073
shruti_filming_1.mp4,1399,0,8,0.0272329142782837,0.7543434143066406,0.3640818277994792,6,0.0272329142782837,0.7543434143066406,59.96002664890073
shruti_filming_1.mp4,1400,0,7,0.0267740436675996,0.754012934366862,0.3570379045274522,5,0.0267740436675996,0.754012934366862,59.96002664890073
shruti_filming_1.mp4,1401,0,7,0.0265063918479678,0.7535520553588867,0.3505612126103154,5,0.0265063918479678,0.7535520553588867,59.96002664890073
shruti_filming_1.mp4,1402,0,7,0.0261864456125961,0.7526581446329753,0.3440094841851128,5,0.0261864456125961,0.7526581446329753,59.96002664890073
shruti_filming_1.mp4,1403,0,7,0.0260838409535548,0.7524957656860352,0.3400275336371527,5,0.0260838409535548,0.7524957656860352,59.96002664890073
shruti_filming_1.mp4,1404,0,7,0.0254804678285937,0.7522130966186523,0.3325202235469112,5,0.0254804678285937,0.7522130966186523,59.96002664890073
shruti_filming_1.mp4,1405,0,7,0.0250182781968895,0.7516485850016276,0.3270696286801938,5,0.0250182781968895,0.7516485850016276,59.96002664890073
shruti_filming_1.mp4,1406,0,7,0.0244432492837465,0.7505039215087891,0.321097903781467,5,0.0244432492837465,0.7505039215087891,59.96002664890073
shruti_filming_1.mp4,1407,0,7,0.0244024753986903,0.7501829783121745,0.3155616760253906,5,0.0244024753986903,0.7501829783121745,59.96002664890073
shruti_filming_1.mp4,1408,0,7,0.0242011935348273,0.7493047714233398,0.3116267027678313,5,0.0242011935348273,0.7493047714233398,59.96002664890073
shruti_filming_1.mp4,1409,0,7,0.0239489446346097,0.7489765803019206,0.3077633186622902,5,0.0239489446346097,0.7489765803019206,59.96002664890073
shruti_filming_1.mp4,1410,0,7,0.0234484267127926,0.7486057917277018,0.3001886155870226,5,0.0234484267127926,0.7486057917277018,59.96002664890073
shruti_filming_1.mp4,1411,0,7,0.0226618814224127,0.7469932556152343,0.2926772930003978,5,0.0226618814224127,0.7469932556152343,59.96002664890073
shruti_filming_1.mp4,1412,0,7,0.0225457414348622,0.7476497650146484,0.2866622924804687,5,0.0225457414348622,0.7476497650146484,59.96002664890073
shruti_filming_1.mp4,1413,0,7,0.0223642242997708,0.7476942062377929,0.2826107731571904,5,0.0223642242997708,0.7476942062377929,59.96002664890073
shruti_filming_1.mp4,1414,0,7,0.0221675232551718,0.7464017868041992,0.2789369653772425,5,0.0221675232551718,0.7464017868041992,59.96002664890073
shruti_filming_1.mp4,1415,0,7,0.0219127989932571,0.7460945765177409,0.2749173199688947,5,0.0219127989932571,0.7460945765177409,59.96002664890073
shruti_filming_1.mp4,1416,0,7,0.0212041997162817,0.744542948404948,0.2680347866482205,5,0.0212041997162817,0.744542948404948,59.96002664890073
shruti_filming_1.mp4,1417,0,7,0.0207768943651872,0.7432163874308269,0.259832113760489,5,0.0207768943651872,0.7432163874308269,59.96002664890073
shruti_filming_1.mp4,1418,0,7,0.0202786175977549,0.7417558034261068,0.2529714231137876,5,0.0202786175977549,0.7417558034261068,59.96002664890073
shruti_filming_1.mp4,1419,0,7,0.0199513777285271,0.7414632797241211,0.2491041960539641,5,0.0199513777285271,0.7414632797241211,59.96002664890073
shruti_filming_1.mp4,1420,0,10,0.0197907931506159,0.7413747787475586,0.2464855617947048,9,0.0197907931506159,0.7413747787475586,59.96002664890073
shruti_filming_1.mp4,1421,0,9,0.0195853094435886,0.7409130096435547,0.2443853872793692,8,0.0195853094435886,0.7409130096435547,59.96002664890073
shruti_filming_1.mp4,1422,0,9,0.0195606526963119,0.7414463678995769,0.2395903410734953,8,0.0195606526963119,0.7414463678995769,59.96002664890073
shruti_filming_1.mp4,1423,0,9,0.0192130480807638,0.7410261789957683,0.2358023466887297,8,0.0192130480807638,0.7410261789957683,59.96002664890073
shruti_filming_1.mp4,1424,0,10,0.0191182536295673,0.7407695770263671,0.232110850016276,9,0.0191182536295673,0.7407695770263671,59.96002664890073
shruti_filming_1.mp4,1425,0,10,0.0191701622359687,0.7405099868774414,0.2267838654694733,9,0.0191701622359687,0.7405099868774414,59.96002664890073
shruti_filming_1.mp4,1426,0,11,0.0189124590528081,0.7398902893066406,0.2225453129521122,10,0.0189124590528081,0.7398902893066406,59.96002664890073
shruti_filming_1.mp4,1427,0,12,0.0186102624698024,0.7396238327026368,0.2175827591507523,11,0.0186102624698024,0.7396238327026368,59.96002664890073
shruti_filming_1.mp4,1428,0,11,0.018290324373714,0.7391220728556315,0.2127543131510416,10,0.018290324373714,0.7391220728556315,59.96002664890073
shruti_filming_1.mp4,1429,0,9,0.0178884027914642,0.7373634338378906,0.2071137887460214,8,0.0178884027914642,0.7373634338378906,59.96002664890073
shruti_filming_1.mp4,1430,0,7,0.0181147382311637,0.7376117706298828,0.204116623489945,6,0.0181147382311637,0.7376117706298828,59.96002664890073
shruti_filming_1.mp4,1431,0,8,0.0185286860583194,0.738283920288086,0.1991557368525752,7,0.0185286860583194,0.738283920288086,59.96002664890073
shruti_filming_1.mp4,1432,0,8,0.0179279089284439,0.7375781377156575,0.1936207524052372,7,0.0179279089284439,0.7375781377156575,59.96002664890073
shruti_filming_1.mp4,1433,0,8,0.0177709933432439,0.737921142578125,0.1906121148003472,7,0.0177709933432439,0.737921142578125,59.96002664890073
shruti_filming_1.mp4,1434,0,9,0.0173625258386298,0.737390645345052,0.1852827849211516,8,0.0173625258386298,0.737390645345052,59.96002664890073
shruti_filming_1.mp4,1435,0,7,0.0171533007000915,0.7367523829142253,0.1821414806224681,6,0.0171533007000915,0.7367523829142253,59.96002664890073
shruti_filming_1.mp4,1436,0,8,0.0168201748343697,0.7357729593912761,0.1777893348976418,7,0.0168201748343697,0.7357729593912761,59.96002664890073
shruti_filming_1.mp4,1437,0,8,0.0168483474709554,0.7356099446614583,0.171535407172309,7,0.0168483474709554,0.7356099446614583,59.96002664890073
shruti_filming_1.mp4,1438,0,8,0.0163082199310883,0.7347450256347656,0.1654045952690972,7,0.0163082199310883,0.7347450256347656,59.96002664890073
shruti_filming_1.mp4,1439,0,8,0.0158474912204999,0.7342842737833659,0.1605125427246093,7,0.0158474912204999,0.7342842737833659,59.96002664890073
shruti_filming_1.mp4,1440,0,9,0.0157020964041294,0.7340555826822917,0.1586675290708188,8,0.0157020964041294,0.7340555826822917,59.96002664890073
shruti_filming_1.mp4,1441,0,10,0.0154771949727243,0.7339245478312174,0.1538021511501736,9,0.0154771949727243,0.7339245478312174,59.96002664890073
shruti_filming_1.mp4,1442,0,9,0.015502144940676,0.7336569468180338,0.1499312789351851,7,0.015502144940676,0.7336569468180338,59.96002664890073
shruti_filming_1.mp4,1443,0,9,0.0155586068563732,0.7338693618774415,0.148631117078993,6,0.0155586068563732,0.7338693618774415,59.96002664890073
shruti_filming_1.mp4,1444,0,9,0.0155355484086882,0.7335956573486329,0.1403494375723379,7,0.0155355484086882,0.7335956573486329,59.96002664890073
shruti_filming_1.mp4,1445,0,9,0.015117902100513,0.7325250625610351,0.1363881429036458,7,0.015117902100513,0.7325250625610351,59.96002664890073
shruti_filming_1.mp4,1446,0,8,0.0157567710823014,0.8464422225952148,0.9152215039288556,6,0.0150470522944427,0.7320603052775065,59.96002664890073
shruti_filming_1.mp4,1447,0,8,0.0181221126103547,0.846519660949707,0.9039043638441298,6,0.0148531700608469,0.7313701629638671,59.96002664890073
shruti_filming_1.mp4,1448,0,10,0.0190891359797509,0.8453768412272136,0.8957264617637352,7,0.0149094269812242,0.7314090728759766,59.96002664890073
shruti_filming_1.mp4,1449,0,8,0.0221659028403222,0.8438392639160156,0.8786034901936849,6,0.0149418162844247,0.7310991923014323,59.96002664890073
shruti_filming_1.mp4,1450,0,10,0.0226491459694349,0.8433746973673503,0.8768209316112378,8,0.0152574591248089,0.7311439514160156,59.96002664890073
shruti_filming_1.mp4,1451,0,9,0.0237492315017907,0.842418098449707,0.8714628714102286,7,0.0152495718367087,0.7310781478881836,59.96002664890073
shruti_filming_1.mp4,1452,0,9,0.024832564125536,0.8419256210327148,0.8649707794189453,7,0.0149518658424279,0.7308532079060872,59.96002664890073
shruti_filming_1.mp4,1453,0,8,0.0253665160295804,0.8399193445841472,0.8604740937550862,6,0.0147431200913464,0.7315065383911132,59.96002664890073
shruti_filming_1.mp4,1454,0,10,0.026602746679181,0.8404568354288737,0.854319139763161,8,0.0145105270131269,0.7308254241943359,59.96002664890073
shruti_filming_1.mp4,1455,0,10,0.0283479830587748,0.838986587524414,0.8443352593315973,8,0.0142063248551696,0.7308592478434245,59.96002664890073
shruti_filming_1.mp4,1456,0,11,0.0291892101334653,0.8377648035685221,0.8374908871120876,9,0.013977848883139,0.7308976491292317,59.96002664890073
shruti_filming_1.mp4,1457,0,11,0.02973578245453,0.8360453287760417,0.8312141206529405,9,0.0135805437245289,0.7310946146647136,59.96002664890073
shruti_filming_1.mp4,1458,0,9,0.0308385364540788,0.8337791442871094,0.8246691615493209,7,0.0135191756669276,0.7317039489746093,59.96002664890073
shruti_filming_1.mp4,1459,0,10,0.0320005266990402,0.8331865946451823,0.8160548528035482,8,0.0133388885172704,0.7318319320678711,59.96002664890073
shruti_filming_1.mp4,1460,0,11,0.0325000274598444,0.8306846618652344,0.8113435603954174,10,0.0132198462529588,0.732353401184082,59.96002664890073
shruti_filming_1.mp4,1461,0,11,0.0337916264451686,0.8288028717041016,0.8037084862037941,10,0.0130509393672562,0.7327654520670573,59.96002664890073
shruti_filming_1.mp4,1462,0,10,0.0345636366200428,0.8266737620035808,0.7968353977909794,9,0.0127734215476515,0.7322105407714844,59.96002664890073
shruti_filming_1.mp4,1463,0,10,0.0352227118012039,0.8252281188964844,0.7905612097846137,9,0.0124717455194655,0.7311948776245117,59.96002664890073
shruti_filming_1.mp4,1464,0,11,0.0354240163389759,0.8235345840454101,0.7867587407430013,10,0.0123989715074357,0.731478500366211,59.96002664890073
shruti_filming_1.mp4,1465,0,13,0.037139768205281,0.8234520594278971,0.7760217242770725,12,0.0121918263659456,0.7325082778930664,59.96002664890073
shruti_filming_1.mp4,1466,0,12,0.0377207178773123,0.8238576889038086,0.7723170810275608,11,0.0121183934374884,0.7325960159301758,59.96002664890073
shruti_filming_1.mp4,1467,0,12,0.0403012746942813,0.8238607406616211,0.7557190082691334,11,0.0119244224274492,0.7290493647257487,59.96002664890073
shruti_filming_1.mp4,1468,0,10,0.0403846643739261,0.8237686157226562,0.7541113535563151,9,0.0118573596173869,0.7289632797241211,59.96002664890073
shruti_filming_1.mp4,1469,0,11,0.0453574717172959,0.8259501139322917,0.7317464969776295,10,0.0118631883893006,0.7288902918497722,59.96002664890073
shruti_filming_1.mp4,1470,0,11,0.0444883392920019,0.8245615005493164,0.7354576110839843,10,0.0117039920005481,0.7287261962890625,59.96002664890073
shruti_filming_1.mp4,1471,0,10,0.0475453409844142,0.8326259613037109,0.7300946200335467,9,0.0115418835651588,0.7285367965698242,59.96002664890073
shruti_filming_1.mp4,1472,0,10,0.050998613316182,0.8420677820841471,0.7244809186017072,9,0.0112786590869403,0.7281781514485677,59.96002664890073
shruti_filming_1.mp4,1473,0,10,0.052015740417927,0.843646240234375,0.7197260821307147,9,0.0110729308737845,0.7278414408365885,59.96002664890073
shruti_filming_1.mp4,1474,0,9,0.0524104145615445,0.8427284240722657,0.7164858217592592,8,0.0109353104653968,0.7277281443277995,59.96002664890073
shruti_filming_1.mp4,1475,0,8,0.0542778399582635,0.8485096613566081,0.7138314494380245,7,0.0108378794593564,0.7274717966715495,59.96002664890073
shruti_filming_1.mp4,1476,0,11,0.0558214449397982,0.853515625,0.7118895354094329,10,0.0106434593387655,0.7268761952718099,59.96002664890073
shruti_filming_1.mp4,1477,0,11,0.0564897818172984,0.8556624094645182,0.7117104424370659,10,0.0106326804938726,0.727200698852539,59.96002664890073
shruti_filming_1.mp4,1478,0,11,0.0566640029342868,0.856869125366211,0.7123971020733869,10,0.010537784996575,0.7270898818969727,59.96002664890073
shruti_filming_1.mp4,1479,0,10,0.057102656375945,0.8561424255371094,0.7085367732577854,9,0.0104169481179754,0.7268477121988932,59.96002664890073
shruti_filming_1.mp4,1480,0,9,0.0576082372770143,0.8551296869913737,0.7049727263274016,8,0.0104510533906189,0.727885627746582,59.96002664890073
shruti_filming_1.mp4,1481,0,7,0.0580500674590416,0.8551345825195312,0.7026922508522316,6,0.0104818793909443,0.7283926645914713,59.96002664890073
shruti_filming_1.mp4,1482,0,9,0.0592296979800772,0.8541464487711589,0.6951143052842882,8,0.0103567223094064,0.7282190958658854,59.96002664890073
shruti_filming_1.mp4,1483,0,9,0.0593214614567066,0.852459208170573,0.6916428495336462,8,0.010218207675983,0.7281551996866862,59.96002664890073
shruti_filming_1.mp4,1484,0,9,0.0598841950992977,0.8511727015177409,0.6860087818569607,8,0.0100697751270526,0.7276163101196289,59.96002664890073
shruti_filming_1.mp4,1485,0,9,0.0603023433643686,0.8497041702270508,0.6809873015792282,8,0.0099295102473762,0.7271394729614258,59.96002664890073
shruti_filming_1.mp4,1486,0,10,0.0606230015277638,0.8484055201212565,0.6776908274050112,9,0.0098199753242725,0.7269446055094401,59.96002664890073
shruti_filming_1.mp4,1487,0,10,0.0609451874755905,0.8462694803873698,0.6712246788872613,9,0.0099681112550527,0.7273029327392578,59.96002664890073
shruti_filming_1.mp4,1488,0,12,0.0612282423421587,0.8436023712158203,0.6687387819643373,11,0.0100213334794453,0.7270120620727539,59.96002664890073
shruti_filming_1.mp4,1489,0,11,0.061222018920004,0.8419764200846355,0.6612969398498535,10,0.0100109829339716,0.7270811716715495,59.96002664890073
shruti_filming_1.mp4,1490,0,11,0.0614260386575843,0.8405412673950196,0.6556725431371618,10,0.0098682839772987,0.726699956258138,59.96002664890073
shruti_filming_1.mp4,1491,0,10,0.0608820062042509,0.838356081644694,0.6566827456156413,9,0.0098825528368319,0.7265209197998047,59.96002664890073
shruti_filming_1.mp4,1492,0,11,0.0605766199932501,0.8372242609659831,0.6555898984273275,10,0.0098855621002529,0.7267599105834961,59.96002664890073
shruti_filming_1.mp4,1493,0,10,0.0619234604568191,0.8381416320800781,0.6503638797336154,9,0.0098290365562813,0.726804542541504,59.96002664890073
shruti_filming_1.mp4,1494,0,10,0.0619175802688308,0.8335821151733398,0.6457222832573785,9,0.0098555891062359,0.7271542231241862,59.96002664890073
shruti_filming_1.mp4,1495,0,10,0.0621409795765982,0.8341669082641602,0.6401874542236328,9,0.0098444030882092,0.7269309997558594,59.96002664890073
shruti_filming_1.mp4,1496,0,9,0.0626865863745362,0.8320805231730143,0.6381252430103443,8,0.0097340566744322,0.726437759399414,59.96002664890073
shruti_filming_1.mp4,1497,0,11,0.0619699554096183,0.8294528961181641,0.6359828101264106,10,0.0093656717562569,0.7263786951700847,59.96002664890073
shruti_filming_1.mp4,1498,0,11,0.0615054121421417,0.8276992797851562,0.6337974124484592,10,0.0091417637739343,0.725666618347168,59.96002664890073
shruti_filming_1.mp4,1499,0,9,0.0618719274672912,0.8271216074625651,0.6292132059733073,8,0.0091356912956689,0.7257497151692708,59.96002664890073
shruti_filming_1.mp4,1500,0,9,0.0621861866480806,0.8282173792521159,0.6247076670328776,8,0.009076799947555,0.7254345575968425,59.96002664890073
shruti_filming_1.mp4,1501,0,8,0.0628095676145555,0.8265198389689128,0.6180016411675348,7,0.0090401181185842,0.7249645868937175,59.96002664890073
shruti_filming_1.mp4,1502,0,8,0.0617010254895366,0.8249292373657227,0.618330552842882,7,0.0088046069255524,0.7244194030761719,59.96002664890073
shruti_filming_1.mp4,1503,0,9,0.0607608953891381,0.8229585647583008,0.6190652776647497,8,0.0088922797423538,0.7251719156901042,59.96002664890073
shruti_filming_1.mp4,1504,0,8,0.0616170326092887,0.8240585962931315,0.6150764606617115,7,0.0088156427852798,0.7249205907185873,59.96002664890073
shruti_filming_1.mp4,1505,0,8,0.0619227965691243,0.8233488082885743,0.6114896986219618,7,0.0090042186355977,0.7247522354125977,59.96002664890073
shruti_filming_1.mp4,1506,0,8,0.0621493997910874,0.8229086558024089,0.6095923953586154,7,0.0092112125508073,0.7245889663696289,59.96002664890073
shruti_filming_1.mp4,1507,0,7,0.0614034704147531,0.8207557678222657,0.6071501555266203,6,0.0090738787308725,0.724485206604004,59.96002664890073
shruti_filming_1.mp4,1508,0,8,0.0611983890819829,0.8194995880126953,0.603990003797743,7,0.0087715500560524,0.7245943069458007,59.96002664890073
shruti_filming_1.mp4,1509,0,7,0.0614110440595444,0.8183325449625651,0.59874021742079,6,0.0614110440595444,0.8183325449625651,59.96002664890073
shruti_filming_1.mp4,1510,0,7,0.0614312542013794,0.8175636291503906,0.5964469485812717,6,0.0614312542013794,0.8175636291503906,59.96002664890073
shruti_filming_1.mp4,1511,0,7,0.0620939899416488,0.8175869623819987,0.5914464738633898,6,0.0620939899416488,0.8175869623819987,59.96002664890073
shruti_filming_1.mp4,1512,0,8,0.0625104717898971,0.8174270629882813,0.5872182775426794,6,0.0625104717898971,0.8174270629882813,59.96002664890073
shruti_filming_1.mp4,1513,0,6,0.0625752365866975,0.8168223063151042,0.584820810953776,5,0.0625752365866975,0.8168223063151042,59.96002664890073
shruti_filming_1.mp4,1514,0,6,0.0621887280844438,0.8166752497355143,0.5799220614963108,5,0.0621887280844438,0.8166752497355143,59.96002664890073
shruti_filming_1.mp4,1515,0,6,0.0618451781265186,0.8157047907511393,0.5720560285780165,5,0.0618451781265186,0.8157047907511393,59.96002664890073
shruti_filming_1.mp4,1516,0,6,0.0605977849440944,0.8137230555216471,0.5617380919279875,5,0.0605977849440944,0.8137230555216471,59.96002664890073
shruti_filming_1.mp4,1517,0,6,0.0586143033572039,0.8123148600260417,0.548061752319336,5,0.0586143033572039,0.8123148600260417,59.96002664890073
shruti_filming_1.mp4,1518,0,6,0.0572226013291273,0.8125002543131511,0.5401031494140625,5,0.0572226013291273,0.8125002543131511,59.96002664890073
shruti_filming_1.mp4,1519,0,6,0.0562206350355538,0.8107582092285156,0.5300677405463324,5,0.0562206350355538,0.8107582092285156,59.96002664890073
shruti_filming_1.mp4,1520,0,6,0.0560842968023778,0.8110801696777343,0.5209972805447048,5,0.0560842968023778,0.8110801696777343,59.96002664890073
shruti_filming_1.mp4,1521,0,6,0.0546583381817132,0.8088829040527343,0.5116873847113715,5,0.0546583381817132,0.8088829040527343,59.96002664890073
shruti_filming_1.mp4,1522,0,6,0.0532123940770848,0.8074205398559571,0.5031487500226056,5,0.0532123940770848,0.8074205398559571,59.96002664890073
shruti_filming_1.mp4,1523,0,7,0.0530976840092787,0.8072182337443033,0.4923358493381076,5,0.0530976840092787,0.8072182337443033,59.96002664890073
shruti_filming_1.mp4,1524,0,7,0.0522076709196187,0.8062170664469401,0.4828006320529514,5,0.0522076709196187,0.8062170664469401,59.96002664890073
shruti_filming_1.mp4,1525,0,8,0.0512835623261829,0.8058016459147136,0.4734303792317708,5,0.0512835623261829,0.8058016459147136,59.96002664890073
shruti_filming_1.mp4,1526,0,7,0.0508280708551562,0.8056503295898437,0.466524420844184,5,0.0508280708551562,0.8056503295898437,59.96002664890073
shruti_filming_1.mp4,1527,0,7,0.0502435699744567,0.8046164194742839,0.4560115531638816,5,0.0502435699744567,0.8046164194742839,59.96002664890073
shruti_filming_1.mp4,1528,0,7,0.0489609512168061,0.8036775588989258,0.4464056650797526,5,0.0489609512168061,0.8036775588989258,59.96002664890073
shruti_filming_1.mp4,1529,0,7,0.047891307274549,0.802587381998698,0.4389083438449436,5,0.047891307274549,0.802587381998698,59.96002664890073
shruti_filming_1.mp4,1530,0,7,0.0472861136433978,0.8023584365844727,0.4337978786892361,5,0.0472861136433978,0.8023584365844727,59.96002664890073
shruti_filming_1.mp4,1531,0,7,0.0461107057987505,0.8014463424682617,0.4256759643554687,5,0.0461107057987505,0.8014463424682617,59.96002664890073
shruti_filming_1.mp4,1532,0,7,0.0455879307955102,0.8006166458129883,0.4167465209960937,5,0.0455879307955102,0.8006166458129883,59.96002664890073
shruti_filming_1.mp4,1533,0,7,0.044407499010639,0.7983734130859375,0.4090241326226128,5,0.044407499010639,0.7983734130859375,59.96002664890073
shruti_filming_1.mp4,1534,0,7,0.0434424074984498,0.7974087397257487,0.4023831261528863,5,0.0434424074984498,0.7974087397257487,59.96002664890073
shruti_filming_1.mp4,1535,0,7,0.0427124147456763,0.7961102167765299,0.3956413692898221,5,0.0427124147456763,0.7961102167765299,59.96002664890073
shruti_filming_1.mp4,1536,0,7,0.0416940430626628,0.7943623224894206,0.3848435295952691,5,0.0416940430626628,0.7943623224894206,59.96002664890073
shruti_filming_1.mp4,1537,0,7,0.0409330903045527,0.7930150985717773,0.3774691546404803,5,0.0409330903045527,0.7930150985717773,59.96002664890073
shruti_filming_1.mp4,1538,0,7,0.0401382232219394,0.792259407043457,0.371629163953993,5,0.0401382232219394,0.792259407043457,59.96002664890073
shruti_filming_1.mp4,1539,0,7,0.0401316170264908,0.7922846476236979,0.3657619052463107,5,0.0401316170264908,0.7922846476236979,59.96002664890073
shruti_filming_1.mp4,1540,0,7,0.0395209261683743,0.7912761688232421,0.3610834616201895,5,0.0395209261683743,0.7912761688232421,59.96002664890073
shruti_filming_1.mp4,1541,0,7,0.0388533136121394,0.7909564971923828,0.3528140880443431,5,0.0388533136121394,0.7909564971923828,59.96002664890073
shruti_filming_1.mp4,1542,0,7,0.0384174728227986,0.7905303955078125,0.3485768636067708,5,0.0384174728227986,0.7905303955078125,59.96002664890073
shruti_filming_1.mp4,1543,0,7,0.0381325949509886,0.7896902084350585,0.3397796772144459,5,0.0381325949509886,0.7896902084350585,59.96002664890073
shruti_filming_1.mp4,1544,0,8,0.0371344299094521,0.7878391901652019,0.3328589686640986,5,0.0371344299094521,0.7878391901652019,59.96002664890073
shruti_filming_1.mp4,1545,0,8,0.036262258432813,0.786195182800293,0.3248291298195168,5,0.036262258432813,0.786195182800293,59.96002664890073
shruti_filming_1.mp4,1546,0,8,0.0353950126054971,0.7853237152099609,0.3197830058910229,5,0.0353950126054971,0.7853237152099609,59.96002664890073
shruti_filming_1.mp4,1547,0,8,0.0349417588965378,0.7843681335449219,0.3141164991590712,5,0.0349417588965378,0.7843681335449219,59.96002664890073
shruti_filming_1.mp4,1548,0,8,0.0346797171905604,0.7832314173380533,0.3084445812084057,5,0.0346797171905604,0.7832314173380533,59.96002664890073
shruti_filming_1.mp4,1549,0,8,0.0345680933845276,0.7822498957316081,0.3046375981083623,5,0.0345680933845276,0.7822498957316081,59.96002664890073
shruti_filming_1.mp4,1550,0,8,0.0342694384826636,0.7817594528198242,0.300966234560366,5,0.0342694384826636,0.7817594528198242,59.96002664890073
shruti_filming_1.mp4,1551,0,8,0.0336904976655205,0.7809597651163737,0.2966868223967375,5,0.0336904976655205,0.7809597651163737,59.96002664890073
shruti_filming_1.mp4,1552,0,8,0.0329092361262344,0.7802358627319336,0.2888588234230324,5,0.0329092361262344,0.7802358627319336,59.96002664890073
shruti_filming_1.mp4,1553,0,8,0.0324047858269828,0.779722785949707,0.2837428198920356,5,0.0324047858269828,0.779722785949707,59.96002664890073
shruti_filming_1.mp4,1554,0,6,0.032029237698756,0.7791790008544922,0.2792587562843605,5,0.032029237698756,0.7791790008544922,59.96002664890073
shruti_filming_1.mp4,1555,0,7,0.0315789706874541,0.7786609649658203,0.2717353820800781,5,0.0315789706874541,0.7786609649658203,59.96002664890073
shruti_filming_1.mp4,1556,0,7,0.0311674519112043,0.7780580520629883,0.2668185057463469,5,0.0311674519112043,0.7780580520629883,59.96002664890073
shruti_filming_1.mp4,1557,0,7,0.0307450130604896,0.777666982014974,0.2625045069941767,5,0.0307450130604896,0.777666982014974,59.96002664890073
shruti_filming_1.mp4,1558,0,8,0.0302612989087086,0.7764883677164713,0.2579122896547671,6,0.0302612989087086,0.7764883677164713,59.96002664890073
shruti_filming_1.mp4,1559,0,8,0.0298922154062772,0.8659855524698893,0.8234618080986871,6,0.029831599844598,0.7756595611572266,59.96002664890073
shruti_filming_1.mp4,1560,0,8,0.0313122236060735,0.8666161219278972,0.8166891309950087,6,0.0294332748174201,0.7751502990722656,59.96002664890073
shruti_filming_1.mp4,1561,0,8,0.0321536157377017,0.8670494079589843,0.8110602979306821,6,0.0296210109414392,0.7753569285074869,59.96002664890073
shruti_filming_1.mp4,1562,0,8,0.0333808381587058,0.8660139719645182,0.8042835023668077,6,0.0290384574989837,0.7741062800089519,59.96002664890073
shruti_filming_1.mp4,1563,0,9,0.0343709015486658,0.8647285461425781,0.7978139241536458,7,0.028589086488292,0.7726181030273438,59.96002664890073
shruti_filming_1.mp4,1564,0,9,0.0354562726198532,0.8652910868326823,0.7933800379435222,7,0.0279178038303345,0.7715883255004883,59.96002664890073
shruti_filming_1.mp4,1565,0,7,0.0369375901264397,0.8664590835571289,0.7859258015950521,5,0.0275783072493504,0.7709677378336589,59.96002664890073
shruti_filming_1.mp4,1566,0,7,0.038441553328657,0.8653528849283855,0.7774181860464591,5,0.0274358173891151,0.7701721827189127,59.96002664890073
shruti_filming_1.mp4,1567,0,6,0.0387409941189239,0.8637329737345377,0.7737276924981011,4,0.0268748597255466,0.7691408157348633,59.96002664890073
shruti_filming_1.mp4,1568,0,5,0.0397043264702922,0.8628794352213541,0.768036319591381,3,0.0265204366998902,0.768402099609375,59.96002664890073
shruti_filming_1.mp4,1569,0,5,0.0407552642561567,0.8639156341552734,0.76346088691994,3,0.0261374021294856,0.7681889216105143,59.96002664890073
shruti_filming_1.mp4,1570,0,5,0.041074220397072,0.8626665751139323,0.7601033458003291,3,0.0257677000200028,0.7680241266886393,59.96002664890073
shruti_filming_1.mp4,1571,0,6,0.0426709768270585,0.8646408716837565,0.7522769292195638,3,0.0253610712153022,0.7674467086791992,59.96002664890073
shruti_filming_1.mp4,1572,0,6,0.0428427333648788,0.8630168914794922,0.7512996461656358,3,0.0250660904394416,0.7659286499023438,59.96002664890073
shruti_filming_1.mp4,1573,0,5,0.0438269017806224,0.8626527786254883,0.7464623345269097,3,0.0250359250763955,0.765562375386556,59.96002664890073
shruti_filming_1.mp4,1574,0,6,0.0447357759470469,0.8625351587931315,0.7416765848795573,4,0.0246882836405819,0.7645387649536133,59.96002664890073
shruti_filming_1.mp4,1575,0,4,0.0449585727470144,0.8608406702677409,0.7368716487178096,2,0.0242953823192205,0.7635649998982748,59.96002664890073
shruti_filming_1.mp4,1576,0,4,0.0460118713117764,0.8610705057779948,0.7321719275580512,2,0.0236344136802169,0.762523333231608,59.96002664890073
shruti_filming_1.mp4,1577,0,4,0.0471862518274267,0.8611701965332031,0.7264058007134332,2,0.0234347338568423,0.7615666071573893,59.96002664890073
shruti_filming_1.mp4,1578,0,4,0.0484209580102209,0.8616506576538085,0.7207321308277271,2,0.0230087980458241,0.7603895187377929,59.96002664890073
shruti_filming_1.mp4,1579,0,6,0.0495973427764315,0.8624273300170898,0.7147098753187392,4,0.0229274002030577,0.7597129821777344,59.96002664890073
shruti_filming_1.mp4,1580,0,4,0.0498696063029409,0.8617025375366211,0.7124315685696072,2,0.0224854892180559,0.7586472193400066,59.96002664890073
shruti_filming_1.mp4,1581,0,5,0.0496560414796086,0.8586879730224609,0.7098707481666847,3,0.0225358422893299,0.7583032608032226,59.96002664890073
shruti_filming_1.mp4,1582,0,7,0.0500081581551118,0.857811164855957,0.7069887903001574,6,0.0221906064763768,0.7578749338785807,59.96002664890073
shruti_filming_1.mp4,1583,0,6,0.0521881987798325,0.86358642578125,0.7041858673095703,5,0.0225123100554574,0.7576423645019531,59.96002664890073
shruti_filming_1.mp4,1584,0,7,0.0541033979923614,0.8670934677124024,0.6994261141176576,6,0.0221313694862247,0.756785774230957,59.96002664890073
shruti_filming_1.mp4,1585,0,5,0.0555342363430261,0.8685984293619792,0.6941254721747504,4,0.021433333682432,0.7556402842203777,59.96002664890073
shruti_filming_1.mp4,1586,0,4,0.0574402891632895,0.87235107421875,0.6904624338503237,2,0.02095547781632,0.7549980163574219,59.96002664890073
shruti_filming_1.mp4,1587,0,5,0.0585798323234485,0.8718462626139323,0.6842365264892578,3,0.0206144761900941,0.7546831130981445,59.96002664890073
shruti_filming_1.mp4,1588,0,5,0.0588146077145615,0.8712170282999675,0.6816141905608001,3,0.0204716906764466,0.7547049204508464,59.96002664890073
shruti_filming_1.mp4,1589,0,6,0.0587447452255151,0.8693965911865235,0.6807933277553982,5,0.0201057671408031,0.7531628290812175,59.96002664890073
shruti_filming_1.mp4,1590,0,6,0.0595375834826882,0.8677101135253906,0.6756190935770671,5,0.0198654467567915,0.7523447672526041,59.96002664890073
shruti_filming_1.mp4,1591,0,5,0.059436088112349,0.8657224655151368,0.6743174340989855,4,0.0197304643643211,0.7516233444213867,59.96002664890073
shruti_filming_1.mp4,1592,0,8,0.0594008653424545,0.8633722941080729,0.6715482499864366,7,0.0198846147020428,0.7506741205851237,59.96002664890073
shruti_filming_1.mp4,1593,0,8,0.0599669011971066,0.8618082046508789,0.6667830820436831,7,0.0197906290591183,0.7497719446818034,59.96002664890073
shruti_filming_1.mp4,1594,0,8,0.0598324014740312,0.8593784968058268,0.6647937068232783,7,0.0194739374623761,0.7490278244018554,59.96002664890073
shruti_filming_1.mp4,1595,0,6,0.0598724450602377,0.857412592569987,0.661701414320204,5,0.0192350086627023,0.7476667404174805,59.96002664890073
shruti_filming_1.mp4,1596,0,7,0.0606870583099603,0.8562236785888672,0.6553548318368417,6,0.0190263408276142,0.746418571472168,59.96002664890073
shruti_filming_1.mp4,1597,0,7,0.0610010302366895,0.8558773040771485,0.6533191257052952,6,0.0186028819710136,0.7451953887939453,59.96002664890073
shruti_filming_1.mp4,1598,0,7,0.0611012536866042,0.8543011347452799,0.6495802172908076,6,0.0182045376296122,0.7442403157552083,59.96002664890073
shruti_filming_1.mp4,1599,0,6,0.0610102683810206,0.8513784408569336,0.6477452596028646,5,0.0185095297169755,0.7439942042032878,59.96002664890073
shruti_filming_1.mp4,1600,0,6,0.061697185795247,0.8512142181396485,0.6414207599781178,5,0.0185979771284231,0.743714714050293,59.96002664890073
shruti_filming_1.mp4,1601,0,6,0.0616883384336338,0.8499697367350261,0.6401850947627314,5,0.0183081255983766,0.7429656982421875,59.96002664890073
shruti_filming_1.mp4,1602,0,6,0.0601820099620198,0.845039176940918,0.6406763853850188,5,0.0180271794417866,0.7427134195963542,59.96002664890073
shruti_filming_1.mp4,1603,0,6,0.0590623957274672,0.8421483993530273,0.6409640418158637,5,0.0183148493715486,0.7424800872802735,59.96002664890073
shruti_filming_1.mp4,1604,0,6,0.0603929880172169,0.8420207977294922,0.6345681225811993,5,0.0178392587282858,0.7416679382324218,59.96002664890073
shruti_filming_1.mp4,1605,0,6,0.0599677741568383,0.8397966384887695,0.6346607773392289,5,0.0177294223179306,0.7405271530151367,59.96002664890073
shruti_filming_1.mp4,1606,0,6,0.0597149023093084,0.837965456644694,0.6321892773663557,5,0.0173649532835784,0.7397530237833659,59.96002664890073
shruti_filming_1.mp4,1607,0,6,0.0595109350204842,0.8371175765991211,0.6326675415039062,5,0.0171085041991067,0.7391284942626953,59.96002664890073
shruti_filming_1.mp4,1608,0,7,0.0595173644177891,0.8361775080362955,0.6306567721896701,5,0.0173363770919321,0.7385889053344726,59.96002664890073
shruti_filming_1.mp4,1609,0,6,0.0604840482076138,0.836101214090983,0.6263947380913628,4,0.0178880809065109,0.7385334014892578,59.96002664890073
shruti_filming_1.mp4,1610,0,7,0.0598313720593944,0.8339678446451823,0.6259443495008681,5,0.0176659144301083,0.7374131520589192,59.96002664890073
shruti_filming_1.mp4,1611,0,7,0.0597392231914758,0.8327354431152344,0.6248933580186632,5,0.0175856499742561,0.7371004740397136,59.96002664890073
shruti_filming_1.mp4,1612,0,7,0.059786073671421,0.8324791590372721,0.6241550869411893,5,0.0173032606236728,0.7362794876098633,59.96002664890073
shruti_filming_1.mp4,1613,0,7,0.059279331745735,0.8302210489908854,0.6231309678819444,5,0.0171681322507006,0.7357612609863281,59.96002664890073
shruti_filming_1.mp4,1614,0,7,0.0588355818462878,0.8282915115356445,0.6222706688774957,5,0.0169138578501103,0.7351863861083985,59.96002664890073
shruti_filming_1.mp4,1615,0,7,0.0592408495292895,0.8265447616577148,0.6166459825303819,5,0.0168411239517606,0.7349151611328125,59.96002664890073
shruti_filming_1.mp4,1616,0,7,0.0593177114534612,0.8266276041666667,0.6159589131673177,5,0.0163495333125778,0.7347892125447592,59.96002664890073
shruti_filming_1.mp4,1617,0,7,0.0594084762538356,0.8262999216715495,0.6141924540201823,5,0.0163264688882451,0.7342231750488282,59.96002664890073
shruti_filming_1.mp4,1618,0,6,0.059864854645566,0.8269372940063476,0.612723626030816,4,0.0162511997585785,0.73382994333903,59.96002664890073
shruti_filming_1.mp4,1619,0,6,0.0592391597765877,0.8257184982299804,0.6133505079481337,4,0.0160870628891441,0.733509635925293,59.96002664890073
shruti_filming_1.mp4,1620,0,6,0.058714923216224,0.8234506607055664,0.6114922417534723,4,0.0156846031792879,0.7330513636271159,59.96002664890073
shruti_filming_1.mp4,1621,0,6,0.059481736223679,0.823933219909668,0.6092743767632378,4,0.0152516112722999,0.7322853088378907,59.96002664890073
shruti_filming_1.mp4,1622,0,6,0.0593221039002539,0.8216699600219727,0.6051818565086082,4,0.0151305526883803,0.7308177312215169,59.96002664890073
shruti_filming_1.mp4,1623,0,6,0.0595723971186655,0.8216175079345703,0.6041859520806206,4,0.0147016204315824,0.7295015335083008,59.96002664890073
shruti_filming_1.mp4,1624,0,7,0.0577705032317397,0.8165964762369792,0.6032591501871745,4,0.0145358156498211,0.728672472635905,59.96002664890073
shruti_filming_1.mp4,1625,0,6,0.0554096648829484,0.8096755981445313,0.600832282172309,3,0.0142241527879054,0.7285163879394532,59.96002664890073
shruti_filming_1.mp4,1626,0,6,0.0552997396152752,0.8091373443603516,0.6011996092619719,3,0.0142900569108314,0.7277558008829753,59.96002664890073
shruti_filming_1.mp4,1627,0,6,0.0557089621599709,0.8084572474161784,0.5971532327157479,5,0.0557089621599709,0.8084572474161784,59.96002664890073
shruti_filming_1.mp4,1628,0,6,0.055020383343675,0.807055918375651,0.5980175583450883,5,0.055020383343675,0.807055918375651,59.96002664890073
shruti_filming_1.mp4,1629,0,6,0.0547237582301453,0.8052080154418946,0.5960415310329861,5,0.0547237582301453,0.8052080154418946,59.96002664890073
shruti_filming_1.mp4,1630,0,6,0.0537350368862125,0.8026266733805338,0.5947579419171368,5,0.0537350368862125,0.8026266733805338,59.96002664890073
shruti_filming_1.mp4,1631,0,6,0.0539627078148704,0.8021200815836589,0.5924680074055989,5,0.0539627078148704,0.8021200815836589,59.96002664890073
shruti_filming_1.mp4,1632,0,6,0.0538612593660946,0.8014570871988932,0.5925672743055556,5,0.0538612593660946,0.8014570871988932,59.96002664890073
shruti_filming_1.mp4,1633,0,6,0.05427886193429,0.8020437876383464,0.5915572272406684,5,0.05427886193429,0.8020437876383464,59.96002664890073
shruti_filming_1.mp4,1634,0,4,0.0538091049116122,0.7999512354532877,0.5875089857313368,3,0.0538091049116122,0.7999512354532877,59.96002664890073
shruti_filming_1.mp4,1635,0,5,0.0545621716178613,0.8016542434692383,0.5866058914749711,4,0.0545621716178613,0.8016542434692383,59.96002664890073
shruti_filming_1.mp4,1636,0,5,0.0546909828755451,0.8016754150390625,0.5857772968433521,4,0.0546909828755451,0.8016754150390625,59.96002664890073
shruti_filming_1.mp4,1637,0,5,0.0559604081932398,0.8040990829467773,0.5858551449245877,4,0.0559604081932398,0.8040990829467773,59.96002664890073
shruti_filming_1.mp4,1638,0,5,0.0566807529369328,0.8052913665771484,0.5843345642089843,4,0.0566807529369328,0.8052913665771484,59.96002664890073
shruti_filming_1.mp4,1639,0,6,0.057098957056296,0.8054784774780274,0.5825146993001302,5,0.057098957056296,0.8054784774780274,59.96002664890073
shruti_filming_1.mp4,1640,0,6,0.0569554495152637,0.8045520782470703,0.5813630421956381,5,0.0569554495152637,0.8045520782470703,59.96002664890073
shruti_filming_1.mp4,1641,0,6,0.0566078218446717,0.8028704325358073,0.5771780367250796,5,0.0566078218446717,0.8028704325358073,59.96002664890073
shruti_filming_1.mp4,1642,0,6,0.0564007002188224,0.8025215784708659,0.5741004661277488,5,0.0564007002188224,0.8025215784708659,59.96002664890073
shruti_filming_1.mp4,1643,0,6,0.0546977916822005,0.7989817301432292,0.5694651850947627,5,0.0546977916822005,0.7989817301432292,59.96002664890073
shruti_filming_1.mp4,1644,0,7,0.0536517430946696,0.7976042429606119,0.5644740634494357,6,0.0536517430946696,0.7976042429606119,59.96002664890073
shruti_filming_1.mp4,1645,0,8,0.053031989980351,0.7969032287597656,0.5603148283781829,6,0.053031989980351,0.7969032287597656,59.96002664890073
shruti_filming_1.mp4,1646,0,8,0.0541858760191987,0.7987607955932617,0.5604919151023582,6,0.0541858760191987,0.7987607955932617,59.96002664890073
shruti_filming_1.mp4,1647,0,7,0.0538733818124186,0.7988243103027344,0.5542489510995371,6,0.0538733818124186,0.7988243103027344,59.96002664890073
shruti_filming_1.mp4,1648,0,7,0.0539443275037046,0.7993319193522136,0.5538611235441985,6,0.0539443275037046,0.7993319193522136,59.96002664890073
shruti_filming_1.mp4,1649,0,7,0.0528767089452594,0.7980283737182617,0.54984130859375,6,0.0528767089452594,0.7980283737182617,59.96002664890073
shruti_filming_1.mp4,1650,0,6,0.0522349441470901,0.7979228973388672,0.5438311258951823,4,0.0522349441470901,0.7979228973388672,59.96002664890073
shruti_filming_1.mp4,1651,0,6,0.0524998968094264,0.7982693990071614,0.5410299936930338,5,0.0524998968094264,0.7982693990071614,59.96002664890073
shruti_filming_1.mp4,1652,0,7,0.0515177920072407,0.7972232818603515,0.534324688381619,6,0.0515177920072407,0.7972232818603515,59.96002664890073
shruti_filming_1.mp4,1653,0,7,0.0513866680600659,0.7972023646036784,0.5318527362964771,6,0.0513866680600659,0.7972023646036784,59.96002664890073
shruti_filming_1.mp4,1654,0,6,0.0511933540343387,0.7964841842651367,0.5299138810899523,5,0.0511933540343387,0.7964841842651367,59.96002664890073
shruti_filming_1.mp4,1655,0,6,0.0506479681487285,0.7956822077433269,0.5258700052897135,5,0.0506479681487285,0.7956822077433269,59.96002664890073
shruti_filming_1.mp4,1656,0,6,0.0497790079643325,0.7941252390543619,0.5233952981454355,5,0.0497790079643325,0.7941252390543619,59.96002664890073
shruti_filming_1.mp4,1657,0,6,0.0481648062105523,0.7912879943847656,0.5156741672092013,5,0.0481648062105523,0.7912879943847656,59.96002664890073
shruti_filming_1.mp4,1658,0,6,0.0476384073327224,0.7911476135253906,0.5106219538935909,5,0.0476384073327224,0.7911476135253906,59.96002664890073
shruti_filming_1.mp4,1659,0,6,0.0473761218808911,0.790729268391927,0.5069085580331308,5,0.0473761218808911,0.790729268391927,59.96002664890073
shruti_filming_1.mp4,1660,0,6,0.0471999966655417,0.7906742731730143,0.5036309277569806,5,0.0471999966655417,0.7906742731730143,59.96002664890073
shruti_filming_1.mp4,1661,0,6,0.0465467062165946,0.7895058314005534,0.5014415458396629,5,0.0465467062165946,0.7895058314005534,59.96002664890073
shruti_filming_1.mp4,1662,0,6,0.0464962223640112,0.7896072387695312,0.5000630414044416,5,0.0464962223640112,0.7896072387695312,59.96002664890073
shruti_filming_1.mp4,1663,0,6,0.0468140068444452,0.7903976440429688,0.4973451119882089,5,0.0468140068444452,0.7903976440429688,59.96002664890073
shruti_filming_1.mp4,1664,0,6,0.0467090580958433,0.7909865061442057,0.4949859619140625,5,0.0467090580958433,0.7909865061442057,59.96002664890073
shruti_filming_1.mp4,1665,0,6,0.0464198146276531,0.7906982421875,0.4922332339816623,5,0.0464198146276531,0.7906982421875,59.96002664890073
shruti_filming_1.mp4,1666,0,6,0.0458306246534953,0.7896705627441406,0.4878156167489511,5,0.0458306246534953,0.7896705627441406,59.96002664890073
shruti_filming_1.mp4,1667,0,6,0.04535209887045,0.7889026006062826,0.4847933451334635,5,0.04535209887045,0.7889026006062826,59.96002664890073
shruti_filming_1.mp4,1668,0,6,0.0450939353031571,0.788464101155599,0.4820320977105035,5,0.0450939353031571,0.788464101155599,59.96002664890073
shruti_filming_1.mp4,1669,0,6,0.0452196996644488,0.788764762878418,0.4800643073187934,5,0.0452196996644488,0.788764762878418,59.96002664890073
shruti_filming_1.mp4,1670,0,6,0.0453012957902701,0.7893660227457683,0.4780361316822193,5,0.0453012957902701,0.7893660227457683,59.96002664890073
shruti_filming_1.mp4,1671,0,6,0.0452889123292347,0.7888821283976237,0.475473799528899,5,0.0452889123292347,0.7888821283976237,59.96002664890073
shruti_filming_1.mp4,1672,0,5,0.0451996218816364,0.7889712651570638,0.473065694173177,4,0.0451996218816364,0.7889712651570638,59.96002664890073
shruti_filming_1.mp4,1673,0,6,0.0449782382925978,0.7883996327718099,0.4706842210557725,5,0.0449782382925978,0.7883996327718099,59.96002664890073
shruti_filming_1.mp4,1674,0,6,0.0446986703647982,0.7873519897460938,0.469423520123517,5,0.0446986703647982,0.7873519897460938,59.96002664890073
shruti_filming_1.mp4,1675,0,6,0.0449369408869878,0.7875704447428385,0.4659461551242404,5,0.0449369408869878,0.7875704447428385,59.96002664890073
shruti_filming_1.mp4,1676,0,6,0.0449432695229188,0.7876190185546875,0.4632287343343099,5,0.0449432695229188,0.7876190185546875,59.96002664890073
shruti_filming_1.mp4,1677,0,6,0.0451545607268942,0.787877082824707,0.4622458987765842,5,0.0451545607268942,0.787877082824707,59.96002664890073
shruti_filming_1.mp4,1678,0,6,0.0451121625120975,0.7874355316162109,0.4620680067274305,5,0.0451121625120975,0.7874355316162109,59.96002664890073
shruti_filming_1.mp4,1679,0,6,0.0450068371469953,0.7868246714274089,0.4615119510226779,5,0.0450068371469953,0.7868246714274089,59.96002664890073
shruti_filming_1.mp4,1680,0,6,0.0449483036228263,0.7861394882202148,0.4603781523527922,5,0.0449483036228263,0.7861394882202148,59.96002664890073
shruti_filming_1.mp4,1681,0,7,0.0445006540729324,0.7851640701293945,0.4580025143093533,6,0.0445006540729324,0.7851640701293945,59.96002664890073
shruti_filming_1.mp4,1682,0,7,0.04401469439775,0.7841902414957682,0.4525892045762804,6,0.04401469439775,0.7841902414957682,59.96002664890073
shruti_filming_1.mp4,1683,0,6,0.0439840340504209,0.7847836176554362,0.4507184346516927,5,0.0439840340504209,0.7847836176554362,59.96002664890073
shruti_filming_1.mp4,1684,0,6,0.0438855732817561,0.7844881693522135,0.4496388329399957,5,0.0438855732817561,0.7844881693522135,59.96002664890073
shruti_filming_1.mp4,1685,0,6,0.0437586630764983,0.7850494384765625,0.446812989976671,5,0.0437586630764983,0.7850494384765625,59.96002664890073
shruti_filming_1.mp4,1686,0,7,0.0441609893501946,0.7859465281168619,0.4506622738308377,6,0.0441609893501946,0.7859465281168619,59.96002664890073
shruti_filming_1.mp4,1687,0,6,0.0436815799194543,0.7859005610148112,0.4467013041178385,5,0.0436815799194543,0.7859005610148112,59.96002664890073
shruti_filming_1.mp4,1688,0,6,0.0432934488014305,0.7858699798583985,0.4445690720169633,5,0.0432934488014305,0.7858699798583985,59.96002664890073
shruti_filming_1.mp4,1689,0,6,0.0432760429250791,0.7854939778645833,0.4418471018473307,5,0.0432760429250791,0.7854939778645833,59.96002664890073
shruti_filming_1.mp4,1690,0,6,0.0429829349481776,0.7854461669921875,0.4399177268699363,5,0.0429829349481776,0.7854461669921875,59.96002664890073
shruti_filming_1.mp4,1691,0,6,0.0429940846030351,0.7858800888061523,0.4370405338428638,5,0.0429940846030351,0.7858800888061523,59.96002664890073
shruti_filming_1.mp4,1692,0,6,0.0427689108772513,0.7859158198038737,0.434521993001302,5,0.0427689108772513,0.7859158198038737,59.96002664890073
shruti_filming_1.mp4,1693,0,7,0.042330026435655,0.7851821899414062,0.4324814831769025,6,0.042330026435655,0.7851821899414062,59.96002664890073
shruti_filming_1.mp4,1694,0,7,0.0423199841387193,0.7848548889160156,0.4298725481386538,6,0.0423199841387193,0.7848548889160156,59.96002664890073
shruti_filming_1.mp4,1695,0,7,0.0421928881837811,0.7851858139038086,0.4292232089572482,6,0.0421928881837811,0.7851858139038086,59.96002664890073
shruti_filming_1.mp4,1696,0,5,0.0422562856447418,0.7854012171427409,0.4270267133359556,5,0.0422562856447418,0.7854012171427409,59.96002664890073
shruti_filming_1.mp4,1697,0,5,0.0420901099146606,0.7851423263549805,0.4256356062712493,5,0.0420901099146606,0.7851423263549805,59.96002664890073
shruti_filming_1.mp4,1698,0,5,0.0423213952024282,0.7855243047078451,0.4239413367377387,5,0.0423213952024282,0.7855243047078451,59.96002664890073
shruti_filming_1.mp4,1699,0,6,0.0421963258935041,0.7853462219238281,0.4215696970621744,6,0.0421963258935041,0.7853462219238281,59.96002664890073
shruti_filming_1.mp4,1700,0,7,0.0419784644055956,0.7849341074625651,0.4194719102647569,7,0.0419784644055956,0.7849341074625651,59.96002664890073
shruti_filming_1.mp4,1701,0,6,0.0418218792532678,0.7848581949869792,0.4170705724645544,6,0.0418218792532678,0.7848581949869792,59.96002664890073
shruti_filming_1.mp4,1702,0,6,0.041836766170244,0.7854065577189128,0.4140963236490885,6,0.041836766170244,0.7854065577189128,59.96002664890073
shruti_filming_1.mp4,1703,0,5,0.0418817710488413,0.7859577178955078,0.4114913940429687,5,0.0418817710488413,0.7859577178955078,59.96002664890073
shruti_filming_1.mp4,1704,0,5,0.0418750522788791,0.7861448287963867,0.4100557539198133,5,0.0418750522788791,0.7861448287963867,59.96002664890073
shruti_filming_1.mp4,1705,0,5,0.041891001252548,0.7862898508707682,0.4083650377061631,5,0.041891001252548,0.7862898508707682,59.96002664890073
shruti_filming_1.mp4,1706,0,5,0.0420300854704207,0.7865708033243816,0.4055822584364149,5,0.0420300854704207,0.7865708033243816,59.96002664890073
shruti_filming_1.mp4,1707,0,5,0.0421632972183094,0.7865636825561524,0.4040947808159722,5,0.0421632972183094,0.7865636825561524,59.96002664890073
shruti_filming_1.mp4,1708,0,5,0.0421058416227947,0.7864940007527669,0.4031381536413122,5,0.0421058416227947,0.7864940007527669,59.96002664890073
shruti_filming_1.mp4,1709,0,5,0.0421203460286455,0.7865896224975586,0.4006203828034577,5,0.0421203460286455,0.7865896224975586,59.96002664890073
shruti_filming_1.mp4,1710,0,5,0.0420858323253924,0.7865205764770508,0.3990773518880208,5,0.0420858323253924,0.7865205764770508,59.96002664890073
shruti_filming_1.mp4,1711,0,5,0.0419861379877693,0.7866028467814128,0.3971602969699436,5,0.0419861379877693,0.7866028467814128,59.96002664890073
shruti_filming_1.mp4,1712,0,6,0.0419377173318557,0.7865583419799804,0.3953338199191623,6,0.0419377173318557,0.7865583419799804,59.96002664890073
shruti_filming_1.mp4,1713,0,6,0.0419353195728898,0.7868899027506511,0.3949253223560474,6,0.0419353195728898,0.7868899027506511,59.96002664890073
shruti_filming_1.mp4,1714,0,6,0.0418435143075422,0.7870440165201823,0.394457612214265,6,0.0418435143075422,0.7870440165201823,59.96002664890073
shruti_filming_1.mp4,1715,0,5,0.0417136853013437,0.7872962951660156,0.3930861861617477,5,0.0417136853013437,0.7872962951660156,59.96002664890073
shruti_filming_1.mp4,1716,0,5,0.0417374725223312,0.787579345703125,0.3922704484727647,5,0.0417374725223312,0.787579345703125,59.96002664890073
shruti_filming_1.mp4,1717,0,6,0.0419609274293503,0.7883750915527343,0.3912974039713541,6,0.0419609274293503,0.7883750915527343,59.96002664890073
shruti_filming_1.mp4,1718,0,6,0.0420641741074413,0.788873799641927,0.3913040867558232,6,0.0420641741074413,0.788873799641927,59.96002664890073
shruti_filming_1.mp4,1719,0,5,0.0421462522992752,0.7894271850585938,0.3912763242368345,5,0.0421462522992752,0.7894271850585938,59.96002664890073
shruti_filming_1.mp4,1720,0,5,0.0422699408331714,0.7897892634073893,0.3913354237874349,5,0.0422699408331714,0.7897892634073893,59.96002664890073
shruti_filming_1.mp4,1721,0,5,0.0423088561427802,0.790080451965332,0.3907951496265552,5,0.0423088561427802,0.790080451965332,59.96002664890073
shruti_filming_1.mp4,1722,0,5,0.0421885320336851,0.7898958841959636,0.3903592710141782,5,0.0421885320336851,0.7898958841959636,59.96002664890073
shruti_filming_1.mp4,1723,0,5,0.0423152087450337,0.790373420715332,0.3896487765842014,5,0.0423152087450337,0.790373420715332,59.96002664890073
shruti_filming_1.mp4,1724,0,5,0.0424895606546973,0.7908184051513671,0.3892583211263021,5,0.0424895606546973,0.7908184051513671,59.96002664890073
shruti_filming_1.mp4,1725,0,5,0.0437620924633908,0.7926319122314454,0.3915018293592665,5,0.0437620924633908,0.7926319122314454,59.96002664890073
shruti_filming_1.mp4,1726,0,5,0.0438103101985513,0.7930697123209636,0.3905989752875434,5,0.0438103101985513,0.7930697123209636,59.96002664890073
shruti_filming_1.mp4,1727,0,5,0.0439778065251367,0.7933502833048502,0.3894654733163339,5,0.0439778065251367,0.7933502833048502,59.96002664890073
shruti_filming_1.mp4,1728,0,5,0.0440735636741144,0.793289057413737,0.3892250484890408,5,0.0440735636741144,0.793289057413737,59.96002664890073
shruti_filming_1.mp4,1729,0,5,0.0442661287326633,0.7936340967814127,0.3885646396213107,5,0.0442661287326633,0.7936340967814127,59.96002664890073
shruti_filming_1.mp4,1730,0,5,0.0446638835232227,0.7946449915568033,0.3869100923891421,5,0.0446638835232227,0.7946449915568033,59.96002664890073
shruti_filming_1.mp4,1731,0,5,0.0448432842436347,0.7951449076334636,0.3863873093216508,5,0.0448432842436347,0.7951449076334636,59.96002664890073
shruti_filming_1.mp4,1732,0,6,0.0449038400436984,0.7953457514444987,0.3875672375714337,5,0.0449038400436984,0.7953457514444987,59.96002664890073
shruti_filming_1.mp4,1733,0,5,0.0452090019665577,0.7962521235148112,0.3888210014060692,5,0.0452090019665577,0.7962521235148112,59.96002664890073
shruti_filming_1.mp4,1734,0,6,0.0452635103064272,0.7965473810831706,0.3891601986355252,5,0.0452635103064272,0.7965473810831706,59.96002664890073
shruti_filming_1.mp4,1735,0,6,0.0459465751124339,0.7977088928222656,0.3883731418185764,5,0.0459465751124339,0.7977088928222656,59.96002664890073
shruti_filming_1.mp4,1736,0,6,0.0463690281936821,0.7990520477294922,0.3884130689832899,5,0.0463690281936821,0.7990520477294922,59.96002664890073
shruti_filming_1.mp4,1737,0,5,0.0467080332390119,0.7998306274414062,0.3882086294668692,5,0.0467080332390119,0.7998306274414062,59.96002664890073
shruti_filming_1.mp4,1738,0,6,0.0459118912278413,0.7989424387613933,0.387950685289171,6,0.0459118912278413,0.7989424387613933,59.96002664890073
shruti_filming_1.mp4,1739,0,5,0.0459438611037546,0.7989316940307617,0.3886310718677662,5,0.0459438611037546,0.7989316940307617,59.96002664890073
shruti_filming_1.mp4,1740,0,6,0.0459708043514466,0.7989745457967122,0.388400720666956,6,0.0459708043514466,0.7989745457967122,59.96002664890073
shruti_filming_1.mp4,1741,0,6,0.0461261337866017,0.7993685404459635,0.3897602081298828,6,0.0461261337866017,0.7993685404459635,59.96002664890073
shruti_filming_1.mp4,1742,0,6,0.04642326962607,0.799846076965332,0.3891400231255425,6,0.04642326962607,0.799846076965332,59.96002664890073
shruti_filming_1.mp4,1743,0,6,0.0468663784572763,0.8007589340209961,0.3888539773446542,6,0.0468663784572763,0.8007589340209961,59.96002664890073
shruti_filming_1.mp4,1744,0,6,0.0471712971597972,0.8015465418497721,0.3890603242097077,6,0.0471712971597972,0.8015465418497721,59.96002664890073
shruti_filming_1.mp4,1745,0,6,0.0474656911896131,0.802332878112793,0.3881671340377242,6,0.0474656911896131,0.802332878112793,59.96002664890073
shruti_filming_1.mp4,1746,0,5,0.0478405582606986,0.8038307189941406,0.3916079627143012,5,0.0478405582606986,0.8038307189941406,59.96002664890073
shruti_filming_1.mp4,1747,0,5,0.0479393623256876,0.8038014094034831,0.3910894888418692,5,0.0479393623256876,0.8038014094034831,59.96002664890073
shruti_filming_1.mp4,1748,0,5,0.0477914864134719,0.803797721862793,0.392172368367513,5,0.0477914864134719,0.803797721862793,59.96002664890073
shruti_filming_1.mp4,1749,0,6,0.048200296475463,0.8041718165079753,0.3921267615424262,6,0.048200296475463,0.8041718165079753,59.96002664890073
shruti_filming_1.mp4,1750,0,6,0.0483245780129369,0.8041410446166992,0.3936155531141493,6,0.0483245780129369,0.8041410446166992,59.96002664890073
shruti_filming_1.mp4,1751,0,5,0.048311693468529,0.8041260401407878,0.3946905489321108,5,0.048311693468529,0.8041260401407878,59.96002664890073
shruti_filming_1.mp4,1752,0,5,0.0482267249715234,0.8038497924804687,0.3943507159197772,5,0.0482267249715234,0.8038497924804687,59.96002664890073
shruti_filming_1.mp4,1753,0,5,0.0480877024702365,0.8043284098307292,0.3957420631691261,5,0.0480877024702365,0.8043284098307292,59.96002664890073
shruti_filming_1.mp4,1754,0,5,0.0482749860475936,0.8046517054239909,0.3962488386366102,5,0.0482749860475936,0.8046517054239909,59.96002664890073
shruti_filming_1.mp4,1755,0,5,0.0481574032062511,0.8040977478027344,0.39825562371148,5,0.0481574032062511,0.8040977478027344,59.96002664890073
shruti_filming_1.mp4,1756,0,6,0.0484184466369899,0.8047230402628581,0.3993415408664279,5,0.0484184466369899,0.8047230402628581,59.96002664890073
shruti_filming_1.mp4,1757,0,6,0.0488499570464126,0.8054772059122721,0.4004010942247178,5,0.0488499570464126,0.8054772059122721,59.96002664890073
shruti_filming_1.mp4,1758,0,7,0.0490649117964494,0.8059008280436198,0.4002974616156684,6,0.0490649117964494,0.8059008280436198,59.96002664890073
shruti_filming_1.mp4,1759,0,7,0.0494609413756471,0.8064550399780274,0.4014640808105468,6,0.0494609413756471,0.8064550399780274,59.96002664890073
shruti_filming_1.mp4,1760,0,6,0.0497272725643253,0.807253901163737,0.4040380124692563,5,0.0497272725643253,0.807253901163737,59.96002664890073
shruti_filming_1.mp4,1761,0,6,0.0496477983822761,0.8065918604532878,0.4065608695701316,5,0.0496477983822761,0.8065918604532878,59.96002664890073
shruti_filming_1.mp4,1762,0,6,0.0497726143939265,0.8069858551025391,0.4087966071234809,5,0.0497726143939265,0.8069858551025391,59.96002664890073
shruti_filming_1.mp4,1763,0,6,0.0499582148030943,0.8069698969523112,0.410675048828125,5,0.0499582148030943,0.8069698969523112,59.96002664890073
shruti_filming_1.mp4,1764,0,6,0.0497706632991321,0.8066349665323893,0.4129627086498119,5,0.0497706632991321,0.8066349665323893,59.96002664890073
shruti_filming_1.mp4,1765,0,6,0.0501176421564984,0.8071495691935221,0.4153664341679325,5,0.0501176421564984,0.8071495691935221,59.96002664890073
shruti_filming_1.mp4,1766,0,6,0.0505748059071333,0.8078413645426432,0.4175849208125362,5,0.0505748059071333,0.8078413645426432,59.96002664890073
shruti_filming_1.mp4,1767,0,5,0.0502884440296996,0.8068092981974284,0.4200161262794777,5,0.0502884440296996,0.8068092981974284,59.96002664890073
shruti_filming_1.mp4,1768,0,6,0.0499577839791729,0.8050447463989258,0.4225520098650897,5,0.0499577839791729,0.8050447463989258,59.96002664890073
shruti_filming_1.mp4,1769,0,6,0.0514259958220277,0.8076862970987956,0.4280622552942346,5,0.0514259958220277,0.8076862970987956,59.96002664890073
shruti_filming_1.mp4,1770,0,5,0.0528099091737789,0.8107967376708984,0.431828138563368,5,0.0528099091737789,0.8107967376708984,59.96002664890073
shruti_filming_1.mp4,1771,0,6,0.0536241521318259,0.8123057047526042,0.4336160306577329,5,0.0536241521318259,0.8123057047526042,59.96002664890073
shruti_filming_1.mp4,1772,0,6,0.0534338787285054,0.811984125773112,0.4349960751003689,5,0.0534338787285054,0.811984125773112,59.96002664890073
shruti_filming_1.mp4,1773,0,6,0.0542926802491355,0.8137734095255534,0.437689208984375,5,0.0542926802491355,0.8137734095255534,59.96002664890073
shruti_filming_1.mp4,1774,0,5,0.054299107682875,0.8140447616577149,0.4387264251708984,5,0.054299107682875,0.8140447616577149,59.96002664890073
shruti_filming_1.mp4,1775,0,5,0.0545166925039666,0.8147982279459636,0.4406995561387803,5,0.0545166925039666,0.8147982279459636,59.96002664890073
shruti_filming_1.mp4,1776,0,6,0.0550672330545812,0.8156038920084635,0.4430065437599464,5,0.0550672330545812,0.8156038920084635,59.96002664890073
shruti_filming_1.mp4,1777,0,5,0.055296831804868,0.8163796106974284,0.4443708914297598,5,0.055296831804868,0.8163796106974284,59.96002664890073
shruti_filming_1.mp4,1778,0,5,0.0569468029751442,0.8193804423014323,0.4487330118815104,5,0.0569468029751442,0.8193804423014323,59.96002664890073
shruti_filming_1.mp4,1779,0,6,0.058074012499136,0.8215398788452148,0.4523205933747468,6,0.058074012499136,0.8215398788452148,59.96002664890073
shruti_filming_1.mp4,1780,0,6,0.0587035093399089,0.8228910446166993,0.455041178950557,6,0.0587035093399089,0.8228910446166993,59.96002664890073
shruti_filming_1.mp4,1781,0,7,0.0590678869417743,0.8233410517374674,0.4563223238344546,7,0.0590678869417743,0.8233410517374674,59.96002664890073
shruti_filming_1.mp4,1782,0,8,0.0589234768966141,0.823017692565918,0.4575765821668837,8,0.0589234768966141,0.823017692565918,59.96002664890073
shruti_filming_1.mp4,1783,0,9,0.0587667875702674,0.8219074885050456,0.460268317328559,9,0.0587667875702674,0.8219074885050456,59.96002664890073
shruti_filming_1.mp4,1784,0,6,0.059040171194938,0.8223918914794922,0.460113059149848,6,0.059040171194938,0.8223918914794922,59.96002664890073
shruti_filming_1.mp4,1785,0,8,0.0595860829029787,0.8223190943400065,0.4632362224437572,8,0.0595860829029787,0.8223190943400065,59.96002664890073
shruti_filming_1.mp4,1786,0,8,0.0599786677084921,0.8229601542154948,0.4652666303846571,8,0.0599786677084921,0.8229601542154948,59.96002664890073
shruti_filming_1.mp4,1787,0,7,0.0600390726267101,0.8229162216186523,0.4681714940954137,7,0.0600390726267101,0.8229162216186523,59.96002664890073
shruti_filming_1.mp4,1788,0,7,0.0597541614103613,0.8214329401652019,0.4730725323712384,7,0.0597541614103613,0.8214329401652019,59.96002664890073
shruti_filming_1.mp4,1789,0,8,0.0610795616967758,0.8239704767862955,0.478170903523763,8,0.0610795616967758,0.8239704767862955,59.96002664890073
shruti_filming_1.mp4,1790,0,7,0.0611793003986046,0.8234952926635742,0.4834015740288628,7,0.0611793003986046,0.8234952926635742,59.96002664890073
shruti_filming_1.mp4,1791,0,7,0.0613586911079376,0.8240122477213542,0.4870128207736545,7,0.0613586911079376,0.8240122477213542,59.96002664890073
shruti_filming_1.mp4,1792,0,7,0.0620678847358148,0.8255333582560221,0.4920095655653211,7,0.0620678847358148,0.8255333582560221,59.96002664890073
shruti_filming_1.mp4,1793,0,8,0.0627092073317207,0.8263982772827149,0.4962890201144748,8,0.0627092073317207,0.8263982772827149,59.96002664890073
shruti_filming_1.mp4,1794,0,6,0.0634778936028467,0.8266000747680664,0.5027733696831598,6,0.0634778936028467,0.8266000747680664,59.96002664890073
shruti_filming_1.mp4,1795,0,6,0.0664455716360761,0.830424690246582,0.5149331834581163,6,0.0664455716360761,0.830424690246582,59.96002664890073
shruti_filming_1.mp4,1796,0,8,0.0675359423004879,0.8318655014038085,0.5216447618272569,8,0.0675359423004879,0.8318655014038085,59.96002664890073
shruti_filming_1.mp4,1797,0,7,0.0662334449281883,0.8298093795776367,0.5200917703134043,7,0.0662334449281883,0.8298093795776367,59.96002664890073
shruti_filming_1.mp4,1798,0,6,0.0658721640694205,0.8298650741577148,0.521936543782552,6,0.0658721640694205,0.8298650741577148,59.96002664890073
shruti_filming_1.mp4,1799,0,6,0.0676641488780835,0.8316223780314128,0.5300493169713903,6,0.0676641488780835,0.8316223780314128,59.96002664890073
shruti_filming_1.mp4,1800,0,6,0.0690824343522372,0.8332813898722331,0.5372610021520544,6,0.0690824343522372,0.8332813898722331,59.96002664890073
shruti_filming_1.mp4,1801,0,6,0.0694842282991481,0.8340080897013347,0.538895501030816,6,0.0694842282991481,0.8340080897013347,59.96002664890073
shruti_filming_1.mp4,1802,0,6,0.0698410738683984,0.8347696940104167,0.5405625237358941,6,0.0698410738683984,0.8347696940104167,59.96002664890073
shruti_filming_1.mp4,1803,0,6,0.0678749190563663,0.8307985305786133,0.5416083441840278,6,0.0678749190563663,0.8307985305786133,59.96002664890073
shruti_filming_1.mp4,1804,0,6,0.0670127179741878,0.829957644144694,0.543922848171658,6,0.0670127179741878,0.829957644144694,59.96002664890073
shruti_filming_1.mp4,1805,0,7,0.0674558736722812,0.8308006922403971,0.5458736843532986,7,0.0674558736722812,0.8308006922403971,59.96002664890073
shruti_filming_1.mp4,1806,0,8,0.0679304078410172,0.8326647440592448,0.5474863688151042,7,0.0679304078410172,0.8326647440592448,59.96002664890073
shruti_filming_1.mp4,1807,0,10,0.0675987087111463,0.8326267878214518,0.549931815818504,8,0.0675987087111463,0.8326267878214518,59.96002664890073
shruti_filming_1.mp4,1808,0,8,0.0680075913455059,0.8336079279581706,0.5523311191134983,6,0.0680075913455059,0.8336079279581706,59.96002664890073
shruti_filming_1.mp4,1809,0,9,0.0670198218891811,0.831927744547526,0.5547370062934027,8,0.0670198218891811,0.831927744547526,59.96002664890073
shruti_filming_1.mp4,1810,0,7,0.0661468338468209,0.830349349975586,0.5565398887351707,6,0.0661468338468209,0.830349349975586,59.96002664890073
shruti_filming_1.mp4,1811,0,7,0.0671302529448035,0.8330272674560547,0.5591238233778212,6,0.0671302529448035,0.8330272674560547,59.96002664890073
shruti_filming_1.mp4,1812,0,8,0.0669476160915413,0.8331663131713867,0.5593474494086371,7,0.0669476160915413,0.8331663131713867,59.96002664890073
shruti_filming_1.mp4,1813,0,8,0.0673419579547448,0.8345478693644206,0.5618190341525607,6,0.0673419579547448,0.8345478693644206,59.96002664890073
shruti_filming_1.mp4,1814,0,10,0.0675420770448464,0.8359502792358399,0.5651370295771846,7,0.0675420770448464,0.8359502792358399,59.96002664890073
shruti_filming_1.mp4,1815,0,7,0.0683129077208125,0.8384022394816081,0.564921795880353,6,0.0683129077208125,0.8384022394816081,59.96002664890073
shruti_filming_1.mp4,1816,0,8,0.0691860674426856,0.8420438766479492,0.5675818549262153,6,0.0691860674426856,0.8420438766479492,59.96002664890073
shruti_filming_1.mp4,1817,0,9,0.0698720574207075,0.8438684463500976,0.5690928706416377,7,0.0698720574207075,0.8438684463500976,59.96002664890073
shruti_filming_1.mp4,1818,0,10,0.0698880287415522,0.8455998102823893,0.5719361199273003,8,0.0698880287415522,0.8455998102823893,59.96002664890073
shruti_filming_1.mp4,1819,0,7,0.0696543843476683,0.8462156295776367,0.5742847866482205,6,0.0696543843476683,0.8462156295776367,59.96002664890073
shruti_filming_1.mp4,1820,0,6,0.0691657521094506,0.8462985992431641,0.5752858479817708,6,0.0691657521094506,0.8462985992431641,59.96002664890073
shruti_filming_1.mp4,1821,0,6,0.0683690493129284,0.8456808725992838,0.5773096437807437,6,0.0683690493129284,0.8456808725992838,59.96002664890073
shruti_filming_1.mp4,1822,0,6,0.0683943799509035,0.8461256663004557,0.5776132936830873,6,0.0683943799509035,0.8461256663004557,59.96002664890073
shruti_filming_1.mp4,1823,0,7,0.068719276265094,0.8473314921061198,0.5785037146674262,7,0.068719276265094,0.8473314921061198,59.96002664890073
shruti_filming_1.mp4,1824,0,6,0.0692635838661064,0.8497215906778971,0.580690355654116,6,0.0692635838661064,0.8497215906778971,59.96002664890073
shruti_filming_1.mp4,1825,0,7,0.0689152271819033,0.8496925989786784,0.5824702368842231,6,0.0689152271819033,0.8496925989786784,59.96002664890073
shruti_filming_1.mp4,1826,0,7,0.0694073695904808,0.8516029357910156,0.5830759684244792,6,0.0694073695904808,0.8516029357910156,59.96002664890073
shruti_filming_1.mp4,1827,0,7,0.0692458817168544,0.8524487177530925,0.5859681871202257,6,0.0692458817168544,0.8524487177530925,59.96002664890073
shruti_filming_1.mp4,1828,0,7,0.069064448952898,0.8537174224853515,0.5888335475215205,6,0.069064448952898,0.8537174224853515,59.96002664890073
shruti_filming_1.mp4,1829,0,8,0.0694095631531834,0.8553438822428385,0.5905872768825955,7,0.0694095631531834,0.8553438822428385,59.96002664890073
shruti_filming_1.mp4,1830,0,7,0.069829571003914,0.8579030990600586,0.5932502322726779,6,0.069829571003914,0.8579030990600586,59.96002664890073
shruti_filming_1.mp4,1831,0,8,0.0707181588162267,0.8593154907226562,0.5933978610568577,7,0.0707181588162267,0.8593154907226562,59.96002664890073
shruti_filming_1.mp4,1832,0,7,0.0709903306000611,0.8617876052856446,0.5967206036603009,6,0.0709903306000611,0.8617876052856446,59.96002664890073
shruti_filming_1.mp4,1833,0,8,0.0701361762033937,0.8608898798624675,0.5999838511149088,7,0.0701361762033937,0.8608898798624675,59.96002664890073
shruti_filming_1.mp4,1834,0,8,0.0707874029720165,0.8639145533243815,0.601879049230505,6,0.0054167104411559,0.709614117940267,59.96002664890073
shruti_filming_1.mp4,1835,0,7,0.0714850959773563,0.8677248001098633,0.6051137288411458,5,0.0054322843014961,0.7081268946329753,59.96002664890073
shruti_filming_1.mp4,1836,0,7,0.0706786654560764,0.8672932306925456,0.6083742071081091,5,0.0053662788672631,0.7082469940185547,59.96002664890073
shruti_filming_1.mp4,1837,0,8,0.0701547772052974,0.8668972015380859,0.6099578998706959,6,0.0054907342858172,0.7075458526611328,59.96002664890073
shruti_filming_1.mp4,1838,0,8,0.0700249865301803,0.8683968226114909,0.6143199920654296,6,0.0053442072495818,0.7076715469360352,59.96002664890073
shruti_filming_1.mp4,1839,0,7,0.0705976614876352,0.8707132975260417,0.6148606194390192,6,0.0052921675961503,0.7075658798217773,59.96002664890073
shruti_filming_1.mp4,1840,0,8,0.0702290354125175,0.8714296340942382,0.617803446451823,6,0.0051938832009909,0.7082632064819336,59.96002664890073
shruti_filming_1.mp4,1841,0,8,0.0698732589169554,0.8723286310831706,0.6198930952284071,6,0.0052248429406555,0.708263905843099,59.96002664890073
shruti_filming_1.mp4,1842,0,7,0.069848534130142,0.8738588333129883,0.6239075978597005,5,0.0052467395979436,0.7086510340372721,59.96002664890073
shruti_filming_1.mp4,1843,0,7,0.0699023217893894,0.8739693323771159,0.6238423241509332,5,0.0052361209565316,0.7086374282836914,59.96002664890073
shruti_filming_1.mp4,1844,0,7,0.0700351609483671,0.8753822326660157,0.6255205790201823,5,0.0053506007268205,0.7104595184326172,59.96002664890073
shruti_filming_1.mp4,1845,0,8,0.069921765791754,0.8765700022379558,0.6274471000388816,6,0.0054914883828799,0.7091569264729818,59.96002664890073
shruti_filming_1.mp4,1846,0,8,0.0703583602056217,0.8795801162719726,0.6308636135525174,6,0.0052620274842613,0.7086378733317057,59.96002664890073
shruti_filming_1.mp4,1847,0,7,0.0704191113428613,0.8806540171305338,0.6329004499647353,5,0.0053370083024492,0.7084769566853841,59.96002664890073
shruti_filming_1.mp4,1848,0,7,0.0704035305072061,0.8817838668823242,0.6339365641276041,5,0.0053772973839156,0.7082699457804362,59.96002664890073
shruti_filming_1.mp4,1849,0,7,0.0704250761315537,0.8835156122843425,0.636163330078125,5,0.0053425683419832,0.7084264755249023,59.96002664890073
shruti_filming_1.mp4,1850,0,7,0.0703949991281842,0.8850422541300456,0.6379177517361111,5,0.0053654639056832,0.7096302032470703,59.96002664890073
shruti_filming_1.mp4,1851,0,8,0.0701579717341088,0.8862425486246744,0.6424856962981047,6,0.0053506172604766,0.7093839645385742,59.96002664890073
shruti_filming_1.mp4,1852,0,7,0.0701016271977096,0.8888899485270182,0.6473940425448947,5,0.0051899369279595,0.7108921051025391,59.96002664890073
shruti_filming_1.mp4,1853,0,7,0.0689778757552873,0.889676284790039,0.652392652299669,5,0.0051873466655767,0.7110985438028972,59.96002664890073
shruti_filming_1.mp4,1854,0,8,0.0690398135273264,0.8912487665812174,0.654406992594401,5,0.0051898195882569,0.7110729853312174,59.96002664890073
shruti_filming_1.mp4,1855,0,7,0.067716207913448,0.8902294158935546,0.6589271121554905,5,0.0052309009741401,0.7095797220865886,59.96002664890073
shruti_filming_1.mp4,1856,0,6,0.0668206233944349,0.8898353576660156,0.6630799187554254,5,0.0052549542035773,0.7095220565795899,59.96002664890073
shruti_filming_1.mp4,1857,0,6,0.0668905579923496,0.891304079691569,0.6621979007014522,5,0.0052544230625628,0.709954833984375,59.96002664890073
shruti_filming_1.mp4,1858,0,6,0.0660313567249636,0.8910776138305664,0.665908615677445,5,0.0051290681861509,0.7096852620442708,59.96002664890073
shruti_filming_1.mp4,1859,0,6,0.0630243650942833,0.8850109100341796,0.671974860297309,5,0.0053102704061893,0.7106059392293295,59.96002664890073
shruti_filming_1.mp4,1860,0,6,0.0609841932232625,0.882217280069987,0.6768121401468913,5,0.0051504252358184,0.710289192199707,59.96002664890073
shruti_filming_1.mp4,1861,0,6,0.0591930364447243,0.8797565460205078,0.6800755076938205,5,0.00517084186334,0.7104406992594401,59.96002664890073
shruti_filming_1.mp4,1862,0,5,0.0588658605682549,0.880307960510254,0.6823521508110895,4,0.0053557071089421,0.7108757654825847,59.96002664890073
shruti_filming_1.mp4,1863,0,5,0.0580293520980073,0.880789057413737,0.6871716464007342,4,0.0055054870703154,0.7110878626505533,59.96002664890073
shruti_filming_1.mp4,1864,0,5,0.0568087787281951,0.8804363250732422,0.6904267840915256,4,0.0054076394667693,0.711414909362793,59.96002664890073
shruti_filming_1.mp4,1865,0,5,0.0552400023932103,0.8803176879882812,0.6959889623853895,4,0.0055265059087994,0.7121282577514648,59.96002664890073
shruti_filming_1.mp4,1866,0,5,0.0543660658967928,0.8799511591593424,0.7002923965454102,4,0.0056768636611997,0.7122250874837239,59.96002664890073
shruti_filming_1.mp4,1867,0,5,0.0537921006853644,0.8810794830322266,0.704535092247857,4,0.0056103436710502,0.7119585037231445,59.96002664890073
shruti_filming_1.mp4,1868,0,5,0.0524187387310316,0.8803483963012695,0.7112248032181351,4,0.005478101029466,0.7120670954386393,59.96002664890073
shruti_filming_1.mp4,1869,0,5,0.051427043903962,0.8802116394042969,0.7153692104198315,4,0.0052603825656438,0.7120151519775391,59.96002664890073
shruti_filming_1.mp4,1870,0,5,0.0503813045396587,0.8792866388956706,0.7235209500348126,4,0.0052758293734708,0.712221908569336,59.96002664890073
shruti_filming_1.mp4,1871,0,5,0.0500616880779601,0.8809549967447917,0.7243397324173538,4,0.0055224560360269,0.712464714050293,59.96002664890073
shruti_filming_1.mp4,1872,0,5,0.0491857832352252,0.880078125,0.7277931637234158,4,0.0056489513283681,0.7127691904703776,59.96002664890073
shruti_filming_1.mp4,1873,0,5,0.0482452565105227,0.881313705444336,0.7347706688774956,4,0.00611006910253,0.7130070368448893,59.96002664890073
shruti_filming_1.mp4,1874,0,5,0.0462418340975273,0.8805383682250977,0.74488872245506,4,0.0059242948022797,0.7131099700927734,59.96002664890073
shruti_filming_1.mp4,1875,0,5,0.0442475343904287,0.8800592422485352,0.7548852214106807,4,0.0061745708400992,0.7133668899536133,59.96002664890073
shruti_filming_1.mp4,1876,0,5,0.043331607110255,0.8785577774047851,0.7567764494154189,4,0.0061762424843618,0.7137901306152343,59.96002664890073
shruti_filming_1.mp4,1877,0,5,0.0429020588902413,0.8789783477783203,0.7602002885606554,4,0.0060698729382689,0.7136925379435222,59.96002664890073
shruti_filming_1.mp4,1878,0,5,0.0412596886460798,0.8780916213989258,0.7675567273740416,4,0.0057283898985823,0.7135883967081705,59.96002664890073
shruti_filming_1.mp4,1879,0,5,0.0405478711797008,0.8792076746622721,0.7696968290540908,4,0.0054208199190907,0.7123708724975586,59.96002664890073
shruti_filming_1.mp4,1880,0,5,0.0396841639656971,0.8794796625773112,0.7738154729207357,4,0.0054467673167689,0.7122413635253906,59.96002664890073
shruti_filming_1.mp4,1881,0,5,0.038625039733686,0.8801275253295898,0.7820190641615126,4,0.0054893320927793,0.7122921625773112,59.96002664890073
shruti_filming_1.mp4,1882,0,5,0.0371705119616914,0.8790100733439128,0.7878936343722873,4,0.0053284408664546,0.7124092737833659,59.96002664890073
shruti_filming_1.mp4,1883,0,5,0.0355110674236197,0.8780161539713541,0.7945988619769061,4,0.0053059171099987,0.7125331878662109,59.96002664890073
shruti_filming_1.mp4,1884,0,7,0.034401742335459,0.8770136515299479,0.7998973846435546,6,0.0052612140562268,0.7136272430419922,59.96002664890073
shruti_filming_1.mp4,1885,0,7,0.033154182883208,0.8782411575317383,0.8085975081832321,6,0.0051241178950294,0.7138399759928385,59.96002664890073
shruti_filming_1.mp4,1886,0,7,0.0315286419763449,0.8765305201212565,0.8150040096706814,6,0.0051434309163596,0.7132045745849609,59.96002664890073
shruti_filming_1.mp4,1887,0,7,0.0308907483211047,0.8784168879191081,0.8196591818774188,6,0.0052513485703578,0.7137404123942057,59.96002664890073
shruti_filming_1.mp4,1888,0,7,0.029460365089638,0.8794043223063152,0.8282663627907082,6,0.0052825186880201,0.7142128626505534,59.96002664890073
shruti_filming_1.mp4,1889,0,6,0.0284364748088895,0.882054328918457,0.8354613410101996,5,0.0055444416838711,0.7160608291625976,59.96002664890073
shruti_filming_1.mp4,1890,0,6,0.0276439210002839,0.8857510248819987,0.8427723990546332,5,0.0052812687224811,0.7154609680175781,59.96002664890073
shruti_filming_1.mp4,1891,0,6,0.0258194347543155,0.8873095194498698,0.8511630535125733,5,0.0052842972845408,0.7160503387451171,59.96002664890073
shruti_filming_1.mp4,1892,0,6,0.0246930272198975,0.88890380859375,0.8561089568667941,5,0.0051695169236498,0.7154102961222331,59.96002664890073
shruti_filming_1.mp4,1893,0,7,0.0235426295476241,0.8915945053100586,0.863194825914171,6,0.00521218950152,0.7155102411905925,59.96002664890073
shruti_filming_1.mp4,1894,0,7,0.0223246677897852,0.8951105753580729,0.8715390982451262,6,0.0052576863825864,0.7156539916992187,59.96002664890073
shruti_filming_1.mp4,1895,0,7,0.0207616439671255,0.8926866531372071,0.8822221120198568,6,0.0052829383724127,0.7156845092773437,59.96002664890073
shruti_filming_1.mp4,1896,0,6,0.0184150516719132,0.8916727066040039,0.8913315878974066,5,0.0053668097393367,0.71591796875,59.96002664890073
shruti_filming_1.mp4,1897,0,6,0.0165591031082638,0.8921375274658203,0.8997701115078396,5,0.0053953104160286,0.7159589767456055,59.96002664890073
shruti_filming_1.mp4,1898,0,6,0.0148018123234942,0.8890426635742188,0.905641089545356,5,0.0053550413523852,0.7160294214884441,59.96002664890073
shruti_filming_1.mp4,1899,0,6,0.0123990115609434,0.8847393035888672,0.9175845499391908,5,0.0054092245410343,0.7160850524902344,59.96002664890073
shruti_filming_1.mp4,1900,0,7,0.0087050811736197,0.8590365091959635,0.9272641711764864,5,0.0055517037413736,0.7166449864705403,59.96002664890073
shruti_filming_1.mp4,1901,0,7,0.007489427962546,0.8623847961425781,0.9352176913508664,5,0.0056587169871178,0.7168593724568685,59.96002664890073
shruti_filming_1.mp4,1902,0,6,0.0055842514642992,0.7170097351074218,0.3092367101598669,5,0.0055842514642992,0.7170097351074218,59.96002664890073
shruti_filming_1.mp4,1903,0,6,0.0056215522269054,0.7170709609985352,0.3074353253399884,5,0.0056215522269054,0.7170709609985352,59.96002664890073
shruti_filming_1.mp4,1904,0,6,0.0056286381957276,0.717068099975586,0.3052797105577257,5,0.0056286381957276,0.717068099975586,59.96002664890073
shruti_filming_1.mp4,1905,0,6,0.0055791364240576,0.7169777552286783,0.304377520525897,5,0.0055791364240576,0.7169777552286783,59.96002664890073
shruti_filming_1.mp4,1906,0,6,0.0055578716314953,0.7171504974365235,0.3038655033817998,5,0.0055578716314953,0.7171504974365235,59.96002664890073
shruti_filming_1.mp4,1907,0,5,0.0057530794988593,0.7173320134480794,0.2997403745298032,4,0.0057530794988593,0.7173320134480794,59.96002664890073
shruti_filming_1.mp4,1908,0,5,0.0058037858027576,0.717518424987793,0.2981512564199942,4,0.0058037858027576,0.717518424987793,59.96002664890073
shruti_filming_1.mp4,1909,0,5,0.0058017930201431,0.7178300857543946,0.297477043999566,4,0.0058017930201431,0.7178300857543946,59.96002664890073
shruti_filming_1.mp4,1910,0,5,0.0058343379965258,0.7185526529947917,0.2923275417751736,4,0.0058343379965258,0.7185526529947917,59.96002664890073
shruti_filming_1.mp4,1911,0,5,0.0061949845429302,0.7191112518310547,0.2861185709635416,4,0.0061949845429302,0.7191112518310547,59.96002664890073
shruti_filming_1.mp4,1912,0,5,0.0061173662121614,0.7191614151000977,0.2875274093062789,4,0.0061173662121614,0.7191614151000977,59.96002664890073
shruti_filming_1.mp4,1913,0,4,0.006102827661703,0.7193352381388346,0.2872645060221354,4,0.006102827661703,0.7193352381388346,59.96002664890073
shruti_filming_1.mp4,1914,0,4,0.0061724737643574,0.7193704605102539,0.2843300148292824,4,0.0061724737643574,0.7193704605102539,59.96002664890073
shruti_filming_1.mp4,1915,0,4,0.0060855915051357,0.718653678894043,0.2865217985930266,4,0.0060855915051357,0.718653678894043,59.96002664890073
shruti_filming_1.mp4,1916,0,4,0.0061717414598657,0.7197782516479492,0.283169612178096,4,0.0061717414598657,0.7197782516479492,59.96002664890073
shruti_filming_1.mp4,1917,0,4,0.0059505964246475,0.7183613459269206,0.2853964346426504,4,0.0059505964246475,0.7183613459269206,59.96002664890073
shruti_filming_1.mp4,1918,0,4,0.0061001846744329,0.7181383768717448,0.2794798109266493,4,0.0061001846744329,0.7181383768717448,59.96002664890073
shruti_filming_1.mp4,1919,0,4,0.0060866913674787,0.7194206873575847,0.2802127414279514,4,0.0060866913674787,0.7194206873575847,59.96002664890073
shruti_filming_1.mp4,1920,0,4,0.0062138738376153,0.7194023768107096,0.2770595409252025,4,0.0062138738376153,0.7194023768107096,59.96002664890073
shruti_filming_1.mp4,1921,0,5,0.006078208396761,0.7189297358194987,0.2772088510018808,4,0.006078208396761,0.7189297358194987,59.96002664890073
shruti_filming_1.mp4,1922,0,4,0.0062312562685433,0.719593620300293,0.274062262641059,4,0.0062312562685433,0.719593620300293,59.96002664890073
shruti_filming_1.mp4,1923,0,4,0.0061327062141693,0.719158935546875,0.2764208758318865,4,0.0061327062141693,0.719158935546875,59.96002664890073
shruti_filming_1.mp4,1924,0,4,0.0059699436128146,0.7191579818725586,0.2742879796911169,4,0.0059699436128146,0.7191579818725586,59.96002664890073
shruti_filming_1.mp4,1925,0,4,0.006037406339655,0.7193088531494141,0.2716743751808449,4,0.006037406339655,0.7193088531494141,59.96002664890073
shruti_filming_1.mp4,1926,0,4,0.0061385278878043,0.7195534388224284,0.2694811785662616,4,0.0061385278878043,0.7195534388224284,59.96002664890073
shruti_filming_1.mp4,1927,0,4,0.0060910718242262,0.7195039749145508,0.2662874009874132,4,0.0060910718242262,0.7195039749145508,59.96002664890073
shruti_filming_1.mp4,1928,0,4,0.0059027655971133,0.7196195602416993,0.2581188625759548,4,0.0059027655971133,0.7196195602416993,59.96002664890073
shruti_filming_1.mp4,1929,0,4,0.0059365400086504,0.7196188608805338,0.2544605396412037,4,0.0059365400086504,0.7196188608805338,59.96002664890073
shruti_filming_1.mp4,1930,0,4,0.0060734044262035,0.719662857055664,0.2533496997974537,4,0.0060734044262035,0.719662857055664,59.96002664890073
shruti_filming_1.mp4,1931,0,5,0.0059676986310363,0.7196516036987305,0.2542756257233796,4,0.0059676986310363,0.7196516036987305,59.96002664890073
shruti_filming_1.mp4,1932,0,5,0.0059614750810497,0.719173812866211,0.2547222561306423,4,0.0059614750810497,0.719173812866211,59.96002664890073
shruti_filming_1.mp4,1933,0,5,0.0061220690831369,0.7191118876139323,0.2448176631221064,4,0.0061220690831369,0.7191118876139323,59.96002664890073
shruti_filming_1.mp4,1934,0,5,0.0062422235164558,0.7189573287963867,0.2415647718641493,4,0.0062422235164558,0.7189573287963867,59.96002664890073
shruti_filming_1.mp4,1935,0,4,0.0063138800631794,0.7190142313639323,0.2386229338469328,3,0.0063138800631794,0.7190142313639323,59.96002664890073
shruti_filming_1.mp4,1936,0,5,0.0063320670170812,0.7188116073608398,0.2361009385850694,4,0.0063320670170812,0.7188116073608398,59.96002664890073
shruti_filming_1.mp4,1937,0,4,0.0066124533959103,0.7193091074625652,0.2298765959563078,3,0.0066124533959103,0.7193091074625652,59.96002664890073
shruti_filming_1.mp4,1938,0,3,0.0064759961334574,0.7195274353027343,0.2289253517433449,3,0.0064759961334574,0.7195274353027343,59.96002664890073
shruti_filming_1.mp4,1939,0,4,0.006599338774718,0.7196493148803711,0.2241045351381655,4,0.006599338774718,0.7196493148803711,59.96002664890073
shruti_filming_1.mp4,1940,0,4,0.0069210055539345,0.7202890396118165,0.2157761750397858,4,0.0069210055539345,0.7202890396118165,59.96002664890073
shruti_filming_1.mp4,1941,0,4,0.0068809680344485,0.7214248021443684,0.2091455530237268,4,0.0068809680344485,0.7214248021443684,59.96002664890073
shruti_filming_1.mp4,1942,0,4,0.0066731279781864,0.7207157770792644,0.2096668384693287,4,0.0066731279781864,0.7207157770792644,59.96002664890073
shruti_filming_1.mp4,1943,0,3,0.0066823498924107,0.7210995356241862,0.2058134856047453,3,0.0066823498924107,0.7210995356241862,59.96002664890073
shruti_filming_1.mp4,1944,0,4,0.0064059191035468,0.720813242594401,0.2064037181712963,4,0.0064059191035468,0.720813242594401,59.96002664890073
shruti_filming_1.mp4,1945,0,3,0.006664496681004,0.7211736679077149,0.2010401407877604,3,0.006664496681004,0.7211736679077149,59.96002664890073
shruti_filming_1.mp4,1946,0,4,0.0069247136940248,0.7218532562255859,0.1968251546223958,4,0.0069247136940248,0.7218532562255859,59.96002664890073
shruti_filming_1.mp4,1947,0,4,0.0069244893737508,0.7217625935872396,0.194795000994647,4,0.0069244893737508,0.7217625935872396,59.96002664890073
shruti_filming_1.mp4,1948,0,4,0.0068902569066267,0.7219291687011719,0.192620849609375,4,0.0068902569066267,0.7219291687011719,59.96002664890073
shruti_filming_1.mp4,1949,0,3,0.0065539427651351,0.7215745925903321,0.1908561989113136,3,0.0065539427651351,0.7215745925903321,59.96002664890073
shruti_filming_1.mp4,1950,0,3,0.0067313553582708,0.7216773986816406,0.1872239289460358,3,0.0067313553582708,0.7216773986816406,59.96002664890073
shruti_filming_1.mp4,1951,0,4,0.0065564731912066,0.7206525802612305,0.1877914993851273,4,0.0065564731912066,0.7206525802612305,59.96002664890073
shruti_filming_1.mp4,1952,0,4,0.0064956337035012,0.720644760131836,0.1867605703848379,4,0.0064956337035012,0.720644760131836,59.96002664890073
shruti_filming_1.mp4,1953,0,4,0.006568018175032,0.7209321975708007,0.1835827862774884,4,0.006568018175032,0.7209321975708007,59.96002664890073
shruti_filming_1.mp4,1954,0,4,0.0066974037386373,0.7211206436157227,0.1810735631872106,4,0.0066974037386373,0.7211206436157227,59.96002664890073
shruti_filming_1.mp4,1955,0,4,0.0066836696133638,0.7213759740193685,0.1782114099573206,4,0.0066836696133638,0.7213759740193685,59.96002664890073
shruti_filming_1.mp4,1956,0,4,0.0068123699455948,0.7215076446533203,0.1713320696795428,4,0.0068123699455948,0.7215076446533203,59.96002664890073
shruti_filming_1.mp4,1957,0,4,0.0066238032058916,0.7223005294799805,0.1714586046006944,4,0.0066238032058916,0.7223005294799805,59.96002664890073
shruti_filming_1.mp4,1958,0,4,0.0065053575874965,0.7228483200073242,0.1711179945203993,4,0.0065053575874965,0.7228483200073242,59.96002664890073
shruti_filming_1.mp4,1959,0,4,0.0066501999990533,0.7231398264567057,0.1712528370044849,4,0.0066501999990533,0.7231398264567057,59.96002664890073
shruti_filming_1.mp4,1960,0,4,0.0065963686814669,0.7234492619832357,0.1716153745298032,4,0.0065963686814669,0.7234492619832357,59.96002664890073
shruti_filming_1.mp4,1961,0,4,0.0065703864774076,0.723641840616862,0.1702748051396122,4,0.0065703864774076,0.723641840616862,59.96002664890073
shruti_filming_1.mp4,1962,0,4,0.0065398617039641,0.7239219029744466,0.1704606797960069,4,0.0065398617039641,0.7239219029744466,59.96002664890073
shruti_filming_1.mp4,1963,0,4,0.0067137816730947,0.7241188685099283,0.1717829386393229,4,0.0067137816730947,0.7241188685099283,59.96002664890073
shruti_filming_1.mp4,1964,0,3,0.0067526755687625,0.7245190302530925,0.1731421576605902,3,0.0067526755687625,0.7245190302530925,59.96002664890073
shruti_filming_1.mp4,1965,0,4,0.0068589739037431,0.7246414184570312,0.174794684516059,4,0.0068589739037431,0.7246414184570312,59.96002664890073
shruti_filming_1.mp4,1966,0,4,0.0070734246518393,0.7249982833862305,0.1763633445457176,4,0.0070734246518393,0.7249982833862305,59.96002664890073
shruti_filming_1.mp4,1967,0,3,0.0072545522863812,0.7253950119018555,0.1769126609519676,3,0.0072545522863812,0.7253950119018555,59.96002664890073
shruti_filming_1.mp4,1968,0,4,0.0074320997559913,0.7265953063964844,0.1784470169632523,4,0.0074320997559913,0.7265953063964844,59.96002664890073
shruti_filming_1.mp4,1969,0,3,0.0076380456131624,0.7272151947021485,0.1783178823965567,3,0.0076380456131624,0.7272151947021485,59.96002664890073
shruti_filming_1.mp4,1970,0,3,0.0073250893283855,0.727448844909668,0.1791593763563368,3,0.0073250893283855,0.727448844909668,59.96002664890073
shruti_filming_1.mp4,1971,0,4,0.0072945980859969,0.7276817321777344,0.1828624018916377,4,0.0072945980859969,0.7276817321777344,59.96002664890073
shruti_filming_1.mp4,1972,0,4,0.0073929281918731,0.7283435185750325,0.1849368060076678,4,0.0073929281918731,0.7283435185750325,59.96002664890073
shruti_filming_1.mp4,1973,0,3,0.0076488801874586,0.729032325744629,0.1843561808268229,3,0.0076488801874586,0.729032325744629,59.96002664890073
shruti_filming_1.mp4,1974,0,2,0.007498364894321,0.7288566589355469,0.1843027185510706,2,0.007498364894321,0.7288566589355469,59.96002664890073
shruti_filming_1.mp4,1975,0,2,0.0073837118988093,0.7289782206217448,0.1815831502278646,2,0.0073837118988093,0.7289782206217448,59.96002664890073
shruti_filming_1.mp4,1976,0,2,0.008159580641526,0.7295068740844727,0.1699802539966724,2,0.008159580641526,0.7295068740844727,59.96002664890073
shruti_filming_1.mp4,1977,0,2,0.007943062437806,0.7296218872070312,0.1710307368525752,2,0.007943062437806,0.7296218872070312,59.96002664890073
shruti_filming_1.mp4,1978,0,2,0.0078585235254241,0.7298591613769532,0.1728820235640914,2,0.0078585235254241,0.7298591613769532,59.96002664890073
shruti_filming_1.mp4,1979,0,2,0.0075982267928473,0.7303394953409831,0.1773900915075231,2,0.0075982267928473,0.7303394953409831,59.96002664890073
shruti_filming_1.mp4,1980,0,2,0.0075300075103425,0.7308786392211915,0.1815427426938657,2,0.0075300075103425,0.7308786392211915,59.96002664890073
shruti_filming_1.mp4,1981,0,2,0.0074877429183538,0.731220817565918,0.1816773591218171,2,0.0074877429183538,0.731220817565918,59.96002664890073
shruti_filming_1.mp4,1982,0,2,0.0075026226310486,0.731861941019694,0.1819697062174479,2,0.0075026226310486,0.731861941019694,59.96002664890073
shruti_filming_1.mp4,1983,0,2,0.0080516195817229,0.7322216669718424,0.1724697536892361,2,0.0080516195817229,0.7322216669718424,59.96002664890073
shruti_filming_1.mp4,1984,0,2,0.0079769226894455,0.7320929845174153,0.1711503770616319,2,0.0079769226894455,0.7320929845174153,59.96002664890073
shruti_filming_1.mp4,1985,0,2,0.0079357413435354,0.7322589874267578,0.1707863136574074,2,0.0079357413435354,0.7322589874267578,59.96002664890073
shruti_filming_1.mp4,1986,0,2,0.007859085091062,0.7323343276977539,0.1705785680700231,2,0.007859085091062,0.7323343276977539,59.96002664890073
shruti_filming_1.mp4,1987,0,2,0.0079144449050848,0.7326274871826172,0.1691410771122685,2,0.0079144449050848,0.7326274871826172,59.96002664890073
shruti_filming_1.mp4,1988,0,2,0.0079534419253468,0.7329807281494141,0.1674429434317129,2,0.0079534419253468,0.7329807281494141,59.96002664890073
shruti_filming_1.mp4,1989,0,2,0.0080319259166976,0.7331903457641602,0.1667446560329861,2,0.0080319259166976,0.7331903457641602,59.96002664890073
shruti_filming_1.mp4,1990,0,2,0.0080546920825576,0.7335158665974935,0.1647785893192997,2,0.0080546920825576,0.7335158665974935,59.96002664890073
shruti_filming_1.mp4,1991,0,3,0.0079759712527286,0.733457374572754,0.1627083672417534,3,0.0079759712527286,0.733457374572754,59.96002664890073
shruti_filming_1.mp4,1992,0,2,0.0079660802958985,0.7334971745808919,0.1590843483253761,2,0.0079660802958985,0.7334971745808919,59.96002664890073
shruti_filming_1.mp4,1993,0,2,0.0079375047884726,0.7334896087646484,0.1548663669162326,2,0.0079375047884726,0.7334896087646484,59.96002664890073
shruti_filming_1.mp4,1994,0,3,0.0078177282862641,0.7334913889567057,0.152756189416956,2,0.0078177282862641,0.7334913889567057,59.96002664890073
shruti_filming_1.mp4,1995,0,3,0.0077542029767452,0.7333204269409179,0.1490693268952546,2,0.0077542029767452,0.7333204269409179,59.96002664890073
shruti_filming_1.mp4,1996,0,2,0.0079832441184704,0.7336037317911784,0.1442480016637731,2,0.0079832441184704,0.7336037317911784,59.96002664890073
shruti_filming_1.mp4,1997,0,2,0.0078412852337351,0.733400026957194,0.142094251844618,2,0.0078412852337351,0.733400026957194,59.96002664890073
shruti_filming_1.mp4,1998,0,2,0.0076448596000705,0.7331289291381836,0.1378884774667245,2,0.0076448596000705,0.7331289291381836,59.96002664890073
shruti_filming_1.mp4,1999,0,3,0.0078111840988707,0.733340072631836,0.1320053665726273,3,0.0078111840988707,0.733340072631836,59.96002664890073
shruti_filming_1.mp4,2000,0,2,0.0077193006585973,0.7335481643676758,0.1290960806387442,2,0.0077193006585973,0.7335481643676758,59.96002664890073
shruti_filming_1.mp4,2001,0,3,0.0078213867511173,0.7338291803995768,0.1243434764720775,3,0.0078213867511173,0.7338291803995768,59.96002664890073
shruti_filming_1.mp4,2002,0,3,0.0079620516054435,0.734333610534668,0.119996925636574,3,0.0079620516054435,0.734333610534668,59.96002664890073
shruti_filming_1.mp4,2003,0,4,0.0077098036281919,0.7347774505615234,0.1173570421006944,4,0.0077098036281919,0.7347774505615234,59.96002664890073
shruti_filming_1.mp4,2004,0,3,0.0076966089448736,0.7349422454833985,0.1126057942708333,3,0.0076966089448736,0.7349422454833985,59.96002664890073
shruti_filming_1.mp4,2005,0,2,0.0073944309117764,0.7350916544596354,0.10599365234375,2,0.0073944309117764,0.7350916544596354,59.96002664890073
shruti_filming_1.mp4,2006,0,2,0.007773069351808,0.7352006912231446,0.1047261555989583,2,0.007773069351808,0.7352006912231446,59.96002664890073
shruti_filming_1.mp4,2007,0,3,0.0079765749160655,0.7353414535522461,0.101724299678096,3,0.0079765749160655,0.7353414535522461,59.96002664890073
shruti_filming_1.mp4,2008,0,3,0.0079066013604299,0.7356876373291016,0.0968560112847222,3,0.0079066013604299,0.7356876373291016,59.96002664890073
shruti_filming_1.mp4,2009,0,2,0.007915973559591,0.7357216517130534,0.0960891723632812,2,0.007915973559591,0.7357216517130534,59.96002664890073
shruti_filming_1.mp4,2010,0,2,0.0078979393920033,0.735481325785319,0.0936601426866319,2,0.0078979393920033,0.735481325785319,59.96002664890073
shruti_filming_1.mp4,2011,0,2,0.0079135487383852,0.7353655497233073,0.0922188087745949,2,0.0079135487383852,0.7353655497233073,59.96002664890073
shruti_filming_1.mp4,2012,0,2,0.0078492047746642,0.7352882385253906,0.0883923565899884,2,0.0078492047746642,0.7352882385253906,59.96002664890073
shruti_filming_1.mp4,2013,0,2,0.0077997342208012,0.7355800628662109,0.0870018853081597,2,0.0077997342208012,0.7355800628662109,59.96002664890073
shruti_filming_1.mp4,2014,0,2,0.0078403474995866,0.7358816146850586,0.085634132667824,2,0.0078403474995866,0.7358816146850586,59.96002664890073
shruti_filming_1.mp4,2015,0,2,0.0078829922384735,0.7361895243326823,0.0829808270489728,2,0.0078829922384735,0.7361895243326823,59.96002664890073
shruti_filming_1.mp4,2016,0,3,0.0081357770437413,0.736866569519043,0.0835644192165798,3,0.0081357770437413,0.736866569519043,59.96002664890073
shruti_filming_1.mp4,2017,0,3,0.0081994212004442,0.7372015635172526,0.0823209409360532,3,0.0081994212004442,0.7372015635172526,59.96002664890073
shruti_filming_1.mp4,2018,0,4,0.0082471282621716,0.7376205444335937,0.0814483642578125,4,0.0082471282621716,0.7376205444335937,59.96002664890073
shruti_filming_1.mp4,2019,0,4,0.0083163146624563,0.7380338668823242,0.080353433114511,4,0.0083163146624563,0.7380338668823242,59.96002664890073
shruti_filming_1.mp4,2020,0,3,0.0081712941255224,0.7384220759073893,0.0767347265172887,3,0.0081712941255224,0.7384220759073893,59.96002664890073
shruti_filming_1.mp4,2021,0,3,0.0084201648121234,0.7388286590576172,0.078937417489511,3,0.0084201648121234,0.7388286590576172,59.96002664890073
shruti_filming_1.mp4,2022,0,2,0.0082313695034234,0.7390328089396159,0.0760257014521846,2,0.0082313695034234,0.7390328089396159,59.96002664890073
shruti_filming_1.mp4,2023,0,2,0.0085428400777163,0.7394764582316081,0.0805525885687934,2,0.0085428400777163,0.7394764582316081,59.96002664890073
shruti_filming_1.mp4,2024,0,2,0.0085204854990297,0.7398723602294922,0.0825988486961082,2,0.0085204854990297,0.7398723602294922,59.96002664890073
shruti_filming_1.mp4,2025,0,3,0.0084809974052606,0.7405481974283854,0.0811782836914062,3,0.0084809974052606,0.7405481974283854,59.96002664890073
shruti_filming_1.mp4,2026,0,5,0.0087987502799606,0.7408930460611979,0.0870608577021846,5,0.0087987502799606,0.7408930460611979,59.96002664890073
shruti_filming_1.mp4,2027,0,3,0.0087417755922716,0.7413609822591146,0.0888576931423611,3,0.0087417755922716,0.7413609822591146,59.96002664890073
shruti_filming_1.mp4,2028,0,3,0.008743143338641,0.7417486190795899,0.0915952329282407,3,0.008743143338641,0.7417486190795899,59.96002664890073
shruti_filming_1.mp4,2029,0,3,0.0085265227645868,0.7420063018798828,0.0925448382342303,3,0.0085265227645868,0.7420063018798828,59.96002664890073
shruti_filming_1.mp4,2030,0,3,0.0084869601881817,0.7421516418457031,0.0932694611725983,3,0.0084869601881817,0.7421516418457031,59.96002664890073
shruti_filming_1.mp4,2031,0,3,0.008557023669192,0.7421261469523112,0.0960960105613425,3,0.008557023669192,0.7421261469523112,59.96002664890073
shruti_filming_1.mp4,2032,0,3,0.0085444823953029,0.7426138559977213,0.097502870912905,3,0.0085444823953029,0.7426138559977213,59.96002664890073
shruti_filming_1.mp4,2033,0,4,0.0087341698699876,0.7430794397989909,0.1001246134440104,4,0.0087341698699876,0.7430794397989909,59.96002664890073
shruti_filming_1.mp4,2034,0,2,0.0087973545421846,0.7440343856811523,0.1053900824652777,2,0.0087973545421846,0.7440343856811523,59.96002664890073
shruti_filming_1.mp4,2035,0,2,0.0088513607947862,0.7445485432942708,0.1080388952184606,2,0.0088513607947862,0.7445485432942708,59.96002664890073
shruti_filming_1.mp4,2036,0,2,0.0089176344819457,0.7453198750813802,0.1132912529839409,2,0.0089176344819457,0.7453198750813802,59.96002664890073
shruti_filming_1.mp4,2037,0,2,0.0088921057396671,0.7460702896118164,0.1136574074074074,2,0.0088921057396671,0.7460702896118164,59.96002664890073
shruti_filming_1.mp4,2038,0,2,0.0090080425547461,0.747111956278483,0.1163155449761284,2,0.0090080425547461,0.747111956278483,59.96002664890073
shruti_filming_1.mp4,2039,0,2,0.0091691174361578,0.7487157821655274,0.1185969599971064,2,0.0091691174361578,0.7487157821655274,59.96002664890073
shruti_filming_1.mp4,2040,0,3,0.0092194394791214,0.7492348353068033,0.119992517541956,3,0.0092194394791214,0.7492348353068033,59.96002664890073
shruti_filming_1.mp4,2041,0,2,0.0093476434863987,0.7500625610351562,0.1206537882486979,2,0.0093476434863987,0.7500625610351562,59.96002664890073
shruti_filming_1.mp4,2042,0,2,0.0090686681483122,0.7482038497924804,0.1219646877712673,2,0.0090686681483122,0.7482038497924804,59.96002664890073
shruti_filming_1.mp4,2043,0,2,0.0095959266628293,0.7511913299560546,0.1225464997468171,2,0.0095959266628293,0.7511913299560546,59.96002664890073
shruti_filming_1.mp4,2044,0,2,0.0097910601175196,0.7529659271240234,0.1232770566587094,2,0.0097910601175196,0.7529659271240234,59.96002664890073
shruti_filming_1.mp4,2045,0,2,0.0097007863968826,0.7531635920206706,0.1233978271484375,2,0.0097007863968826,0.7531635920206706,59.96002664890073
shruti_filming_1.mp4,2046,0,2,0.0097626431585134,0.7545969009399414,0.1232750786675347,2,0.0097626431585134,0.7545969009399414,59.96002664890073
shruti_filming_1.mp4,2047,0,2,0.0099645612316413,0.7560265223185222,0.1245587384259259,2,0.0099645612316413,0.7560265223185222,59.96002664890073
shruti_filming_1.mp4,2048,0,2,0.0101200134106653,0.7563378016153971,0.1265861793800636,2,0.0101200134106653,0.7563378016153971,59.96002664890073
shruti_filming_1.mp4,2049,0,2,0.0100005321434474,0.7566403071085612,0.1261086357964409,2,0.0100005321434474,0.7566403071085612,59.96002664890073
shruti_filming_1.mp4,2050,0,2,0.0100947286220077,0.7577435175577799,0.1263964617693865,2,0.0100947286220077,0.7577435175577799,59.96002664890073
shruti_filming_1.mp4,2051,0,2,0.0098852828498477,0.7567102432250976,0.1264392428927951,2,0.0098852828498477,0.7567102432250976,59.96002664890073
shruti_filming_1.mp4,2052,0,2,0.0098700427544665,0.757302729288737,0.1270921495225694,2,0.0098700427544665,0.757302729288737,59.96002664890073
shruti_filming_1.mp4,2053,0,2,0.0098659896024468,0.7576924006144206,0.1263378002025462,2,0.0098659896024468,0.7576924006144206,59.96002664890073
shruti_filming_1.mp4,2054,0,2,0.0099061867751089,0.7584492365519205,0.1259093108000578,2,0.0099061867751089,0.7584492365519205,59.96002664890073
shruti_filming_1.mp4,2055,0,2,0.0100356548866666,0.7590077082316081,0.1260176482024016,2,0.0100356548866666,0.7590077082316081,59.96002664890073
shruti_filming_1.mp4,2056,0,2,0.0101462088777959,0.7600214004516601,0.1250666865596064,2,0.0101462088777959,0.7600214004516601,59.96002664890073
shruti_filming_1.mp4,2057,0,3,0.01016888484929,0.7606039047241211,0.1251929954246238,3,0.01016888484929,0.7606039047241211,59.96002664890073
shruti_filming_1.mp4,2058,0,2,0.0102529251279257,0.7612402598063152,0.1244943689416956,2,0.0102529251279257,0.7612402598063152,59.96002664890073
shruti_filming_1.mp4,2059,0,3,0.0104253081789162,0.7616301854451497,0.122933112250434,3,0.0104253081789162,0.7616301854451497,59.96002664890073
shruti_filming_1.mp4,2060,0,3,0.0104178815842519,0.7626728057861328,0.1218067875614872,3,0.0104178815842519,0.7626728057861328,59.96002664890073
shruti_filming_1.mp4,2061,0,5,0.0104439332032645,0.7629366556803385,0.1209025065104166,5,0.0104439332032645,0.7629366556803385,59.96002664890073
shruti_filming_1.mp4,2062,0,4,0.0103819444848017,0.7630224227905273,0.1199962474681713,4,0.0103819444848017,0.7630224227905273,59.96002664890073
shruti_filming_1.mp4,2063,0,3,0.0103385197459202,0.7631783167521159,0.1183139377170138,3,0.0103385197459202,0.7631783167521159,59.96002664890073
shruti_filming_1.mp4,2064,0,3,0.0103790273284539,0.7636045455932617,0.1167975531684027,3,0.0103790273284539,0.7636045455932617,59.96002664890073
shruti_filming_1.mp4,2065,0,2,0.0104229735341505,0.7642702102661133,0.1146547105577256,2,0.0104229735341505,0.7642702102661133,59.96002664890073
shruti_filming_1.mp4,2066,0,2,0.0105425170497942,0.7647356033325196,0.1119229352032696,2,0.0105425170497942,0.7647356033325196,59.96002664890073
shruti_filming_1.mp4,2067,0,2,0.0106714868755079,0.7650032679239909,0.10987548828125,2,0.0106714868755079,0.7650032679239909,59.96002664890073
shruti_filming_1.mp4,2068,0,3,0.0105862598445404,0.7651210784912109,0.1079484727647569,3,0.0105862598445404,0.7651210784912109,59.96002664890073
shruti_filming_1.mp4,2069,0,2,0.010776430393388,0.766084098815918,0.1062427662037037,2,0.010776430393388,0.766084098815918,59.96002664890073
shruti_filming_1.mp4,2070,0,3,0.0108522667185213,0.7664845784505209,0.1014386212384259,3,0.0108522667185213,0.7664845784505209,59.96002664890073
shruti_filming_1.mp4,2071,0,3,0.0110403255002542,0.7665958404541016,0.0989536426685474,3,0.0110403255002542,0.7665958404541016,59.96002664890073
shruti_filming_1.mp4,2072,0,3,0.0109694833448156,0.766879653930664,0.0962046305338541,3,0.0109694833448156,0.766879653930664,59.96002664890073
shruti_filming_1.mp4,2073,0,3,0.010919387917238,0.76685791015625,0.0942941453721788,3,0.010919387917238,0.76685791015625,59.96002664890073
shruti_filming_1.mp4,2074,0,3,0.0109460797440799,0.7668149948120118,0.0906399479618779,3,0.0109460797440799,0.7668149948120118,59.96002664890073
shruti_filming_1.mp4,2075,0,2,0.0109220755532819,0.7668292999267579,0.0875010737666377,2,0.0109220755532819,0.7668292999267579,59.96002664890073
shruti_filming_1.mp4,2076,0,2,0.011003946957741,0.7668480555216471,0.08489015367296,2,0.011003946957741,0.7668480555216471,59.96002664890073
shruti_filming_1.mp4,2077,0,2,0.0109795373378958,0.7668251673380534,0.082036308006004,2,0.0109795373378958,0.7668251673380534,59.96002664890073
shruti_filming_1.mp4,2078,0,2,0.0109331070057696,0.7669285456339519,0.0783699600784866,2,0.0109331070057696,0.7669285456339519,59.96002664890073
shruti_filming_1.mp4,2079,0,2,0.0109863049852989,0.7671700795491536,0.0756720648871527,2,0.0109863049852989,0.7671700795491536,59.96002664890073
shruti_filming_1.mp4,2080,0,2,0.0112694918322894,0.7674066543579101,0.0726023356119791,2,0.0112694918322894,0.7674066543579101,59.96002664890073
shruti_filming_1.mp4,2081,0,2,0.0111884499963909,0.7675859451293945,0.0676816304524739,2,0.0111884499963909,0.7675859451293945,59.96002664890073
shruti_filming_1.mp4,2082,0,2,0.0113860750246223,0.7679661432902019,0.0639784071180555,2,0.0113860750246223,0.7679661432902019,59.96002664890073
shruti_filming_1.mp4,2083,0,2,0.0114912085704552,0.7680206298828125,0.0601859198676215,2,0.0114912085704552,0.7680206298828125,59.96002664890073
shruti_filming_1.mp4,2084,0,2,0.0116949247613471,0.7680819193522136,0.0585483974880642,2,0.0116949247613471,0.7680819193522136,59.96002664890073
shruti_filming_1.mp4,2085,0,2,0.0117372056528103,0.768055788675944,0.0572207698115596,2,0.0117372056528103,0.768055788675944,59.96002664890073
shruti_filming_1.mp4,2086,0,2,0.0117802492752283,0.7677508036295573,0.0553161338523582,2,0.0117802492752283,0.7677508036295573,59.96002664890073
shruti_filming_1.mp4,2087,0,2,0.0120043793227523,0.7675699234008789,0.0521623399522569,2,0.0120043793227523,0.7675699234008789,59.96002664890073
shruti_filming_1.mp4,2088,0,2,0.0120694569232449,0.7672746658325196,0.0484715497052228,2,0.0120694569232449,0.7672746658325196,59.96002664890073
shruti_filming_1.mp4,2089,0,2,0.0126168273072053,0.7676596959431966,0.0460038644296151,2,0.0126168273072053,0.7676596959431966,59.96002664890073
shruti_filming_1.mp4,2090,0,2,0.0125996450806053,0.7673082987467448,0.0446843182599103,2,0.0125996450806053,0.7673082987467448,59.96002664890073
shruti_filming_1.mp4,2091,0,2,0.0126569332601825,0.7673336664835612,0.0428764908402054,2,0.0126569332601825,0.7673336664835612,59.96002664890073
shruti_filming_1.mp4,2092,0,2,0.0127129595600593,0.7671663920084636,0.039661294442636,2,0.0127129595600593,0.7671663920084636,59.96002664890073
shruti_filming_1.mp4,2093,0,2,0.0127205330142169,0.7672416687011718,0.0354320949978298,2,0.0127205330142169,0.7672416687011718,59.96002664890073
shruti_filming_1.mp4,2094,0,2,0.0129234054125414,0.7673505783081055,0.0314941123679832,2,0.0129234054125414,0.7673505783081055,59.96002664890073
shruti_filming_1.mp4,2095,0,2,0.0128383577144097,0.7673482894897461,0.0268528973614728,2,0.0128383577144097,0.7673482894897461,59.96002664890073
shruti_filming_1.mp4,2096,0,2,0.0128517560652593,0.7673809051513671,0.0240876091851128,2,0.0128517560652593,0.7673809051513671,59.96002664890073
shruti_filming_1.mp4,2097,0,3,0.012600734158585,0.7672491709391276,0.0206051579228153,3,0.012600734158585,0.7672491709391276,59.96002664890073
shruti_filming_1.mp4,2098,0,2,0.0126370036186805,0.7669296264648438,0.0184722900390625,2,0.0126370036186805,0.7669296264648438,59.96002664890073
shruti_filming_1.mp4,2099,0,2,0.0127880171885035,0.7669084548950196,0.0179886429398148,2,0.0127880171885035,0.7669084548950196,59.96002664890073
shruti_filming_1.mp4,2100,0,2,0.0128835769409434,0.7668963114420573,0.015967955412688,2,0.0128835769409434,0.7668963114420573,59.96002664890073
shruti_filming_1.mp4,2101,0,2,0.0130173865372004,0.7669840494791667,0.0112981725622106,2,0.0130173865372004,0.7669840494791667,59.96002664890073
shruti_filming_1.mp4,2102,0,2,0.0132419815768392,0.7664836247762045,0.0146710431134259,2,0.0132419815768392,0.7664836247762045,59.96002664890073
shruti_filming_1.mp4,2103,0,2,0.0131591591871929,0.7652062733968099,0.0115346272786458,2,0.0131591591871929,0.7652062733968099,59.96002664890073
shruti_filming_1.mp4,2104,0,4,0.0131785461495746,0.7638317743937174,0.0075814141167534,4,0.0131785461495746,0.7638317743937174,59.96002664890073
shruti_filming_1.mp4,2105,0,4,0.0130550441358031,0.764020029703776,0.0045318603515625,4,0.0130550441358031,0.764020029703776,59.96002664890073
shruti_filming_1.mp4,2106,0,4,0.0131335661183779,0.7626232782999675,0.0010725798430266,4,0.0131335661183779,0.7626232782999675,59.96002664890073
shruti_filming_1.mp4,2107,0,3,0.0129917829358708,0.7619255065917969,0.0040309482150607,3,0.0129917829358708,0.7619255065917969,59.96002664890073
shruti_filming_1.mp4,2108,0,5,0.0132004903144088,0.761982790629069,0.0063378510651765,5,0.0132004903144088,0.761982790629069,59.96002664890073
shruti_filming_1.mp4,2109,0,4,0.0134525999485534,0.7624657948811849,0.0108325816966869,4,0.0134525999485534,0.7624657948811849,59.96002664890073
shruti_filming_1.mp4,2110,0,3,0.0135931583106328,0.7627997080485026,0.0120917426215277,3,0.0135931583106328,0.7627997080485026,59.96002664890073
shruti_filming_1.mp4,2111,0,3,0.0138336333964899,0.7636772791544596,0.0169082641601562,3,0.0138336333964899,0.7636772791544596,59.96002664890073
shruti_filming_1.mp4,2112,0,3,0.0138914084834633,0.7641768137613932,0.0212358262803819,3,0.0138914084834633,0.7641768137613932,59.96002664890073
shruti_filming_1.mp4,2113,0,3,0.0141178440300993,0.76453857421875,0.0215791490342881,3,0.0141178440300993,0.76453857421875,59.96002664890073
shruti_filming_1.mp4,2114,0,3,0.0141755356817157,0.7652538299560547,0.0234858194986979,3,0.0141755356817157,0.7652538299560547,59.96002664890073
shruti_filming_1.mp4,2115,0,3,0.0141382955420973,0.7655628840128581,0.0264643351236979,3,0.0141382955420973,0.7655628840128581,59.96002664890073
shruti_filming_1.mp4,2116,0,3,0.0142940926506833,0.7654775619506836,0.0290749726472077,3,0.0142940926506833,0.7654775619506836,59.96002664890073
shruti_filming_1.mp4,2117,0,3,0.0143994248426881,0.7658121109008789,0.0312462700737847,3,0.0143994248426881,0.7658121109008789,59.96002664890073
shruti_filming_1.mp4,2118,0,3,0.0144817548073263,0.7657824834187825,0.0346298500343605,3,0.0144817548073263,0.7657824834187825,59.96002664890073
shruti_filming_1.mp4,2119,0,3,0.0145350937189226,0.7658939361572266,0.0357915525083188,3,0.0145350937189226,0.7658939361572266,59.96002664890073
shruti_filming_1.mp4,2120,0,3,0.0147856625045986,0.765898323059082,0.0368937174479166,3,0.0147856625045986,0.765898323059082,59.96002664890073
shruti_filming_1.mp4,2121,0,3,0.0148004841490183,0.7659325281778971,0.0395782470703125,3,0.0148004841490183,0.7659325281778971,59.96002664890073
shruti_filming_1.mp4,2122,0,3,0.0146319651871453,0.7656473159790039,0.0422266642252604,3,0.0146319651871453,0.7656473159790039,59.96002664890073
shruti_filming_1.mp4,2123,0,3,0.0148045015788132,0.7661711374918619,0.0451187133789062,3,0.0148045015788132,0.7661711374918619,59.96002664890073
shruti_filming_1.mp4,2124,0,3,0.014964521859038,0.7666667938232422,0.0480441905834056,3,0.014964521859038,0.7666667938232422,59.96002664890073
shruti_filming_1.mp4,2125,0,3,0.0150108028339066,0.7668627421061198,0.0504404703776041,3,0.0150108028339066,0.7668627421061198,59.96002664890073
shruti_filming_1.mp4,2126,0,4,0.0151142883631918,0.7671394983927409,0.0513895670572916,4,0.0151142883631918,0.7671394983927409,59.96002664890073
shruti_filming_1.mp4,2127,0,4,0.0152558471603832,0.7675202051798503,0.0524475380226417,4,0.0152558471603832,0.7675202051798503,59.96002664890073
shruti_filming_1.mp4,2128,0,4,0.0153801081488415,0.7676853179931641,0.0546142860695167,4,0.0153801081488415,0.7676853179931641,59.96002664890073
shruti_filming_1.mp4,2129,0,3,0.0154006761901891,0.7678173065185547,0.0570241574887876,3,0.0154006761901891,0.7678173065185547,59.96002664890073
shruti_filming_1.mp4,2130,0,3,0.0155355002250332,0.7681587219238282,0.0598600882071035,3,0.0155355002250332,0.7681587219238282,59.96002664890073
shruti_filming_1.mp4,2131,0,3,0.0156520850008194,0.768052355448405,0.0650217974627459,3,0.0156520850008194,0.768052355448405,59.96002664890073
shruti_filming_1.mp4,2132,0,3,0.0157360313769378,0.7681323369344075,0.0664869802969473,3,0.0157360313769378,0.7681323369344075,59.96002664890073
shruti_filming_1.mp4,2133,0,3,0.0157957093789904,0.7678030014038086,0.068115093089916,3,0.0157957093789904,0.7678030014038086,59.96002664890073
shruti_filming_1.mp4,2134,0,3,0.0160077572741041,0.768934694925944,0.0701884234393084,3,0.0160077572741041,0.768934694925944,59.96002664890073
shruti_filming_1.mp4,2135,0,3,0.0160130079649388,0.768612289428711,0.0744740804036458,3,0.0160130079649388,0.768612289428711,59.96002664890073
shruti_filming_1.mp4,2136,0,3,0.0161221491661836,0.7685388565063477,0.0789883366337528,3,0.0161221491661836,0.7685388565063477,59.96002664890073
shruti_filming_1.mp4,2137,0,3,0.0164052882110505,0.7693403879801433,0.0840238783094618,3,0.0164052882110505,0.7693403879801433,59.96002664890073
shruti_filming_1.mp4,2138,0,3,0.0165342375618315,0.7703407923380534,0.0864599722403067,3,0.0165342375618315,0.7703407923380534,59.96002664890073
shruti_filming_1.mp4,2139,0,3,0.016580088931665,0.7701897303263346,0.087627523916739,3,0.016580088931665,0.7701897303263346,59.96002664890073
shruti_filming_1.mp4,2140,0,3,0.0166143943499385,0.770215098063151,0.0894624498155381,3,0.0166143943499385,0.770215098063151,59.96002664890073
shruti_filming_1.mp4,2141,0,3,0.0166865223836847,0.7711483637491862,0.0921810856571904,3,0.0166865223836847,0.7711483637491862,59.96002664890073
shruti_filming_1.mp4,2142,0,5,0.0165739843072272,0.7707127253214519,0.0941006978352864,5,0.0165739843072272,0.7707127253214519,59.96002664890073
shruti_filming_1.mp4,2143,0,5,0.0166778322121266,0.7712285995483399,0.0951609293619791,5,0.0166778322121266,0.7712285995483399,59.96002664890073
shruti_filming_1.mp4,2144,0,4,0.0169009509157546,0.7722761789957683,0.0992370888038917,4,0.0169009509157546,0.7722761789957683,59.96002664890073
shruti_filming_1.mp4,2145,0,4,0.0172578711424132,0.7738161087036133,0.1017795421459056,4,0.0172578711424132,0.7738161087036133,59.96002664890073
shruti_filming_1.mp4,2146,0,4,0.017384997944243,0.7742061614990234,0.102081157543041,4,0.017384997944243,0.7742061614990234,59.96002664890073
shruti_filming_1.mp4,2147,0,4,0.017527210199882,0.774852434794108,0.1045652601453993,4,0.017527210199882,0.774852434794108,59.96002664890073
shruti_filming_1.mp4,2148,0,3,0.0176802252162568,0.7751066207885742,0.10774496572989,3,0.0176802252162568,0.7751066207885742,59.96002664890073
shruti_filming_1.mp4,2149,0,2,0.0180014470308324,0.7759620666503906,0.110082357901114,2,0.0180014470308324,0.7759620666503906,59.96002664890073
shruti_filming_1.mp4,2150,0,2,0.0183516377593925,0.7769038518269856,0.1131358676486545,2,0.0183516377593925,0.7769038518269856,59.96002664890073
shruti_filming_1.mp4,2151,0,2,0.0185461630734304,0.7773329416910807,0.115088399251302,2,0.0185461630734304,0.7773329416910807,59.96002664890073
shruti_filming_1.mp4,2152,0,2,0.0188129176624927,0.7781225840250651,0.1171683699996383,2,0.0188129176624927,0.7781225840250651,59.96002664890073
shruti_filming_1.mp4,2153,0,2,0.0191036598128266,0.7793085098266601,0.119633314344618,2,0.0191036598128266,0.7793085098266601,59.96002664890073
shruti_filming_1.mp4,2154,0,2,0.0193461359884908,0.7802310943603515,0.1211595605920862,2,0.0193461359884908,0.7802310943603515,59.96002664890073
shruti_filming_1.mp4,2155,0,2,0.0193793399749685,0.7807856241861979,0.1214166429307725,2,0.0193793399749685,0.7807856241861979,59.96002664890073
shruti_filming_1.mp4,2156,0,2,0.0194136969081591,0.7808624267578125,0.12294921875,2,0.0194136969081591,0.7808624267578125,59.96002664890073
shruti_filming_1.mp4,2157,0,2,0.019533187834879,0.781257692972819,0.1250880206072772,2,0.019533187834879,0.781257692972819,59.96002664890073
shruti_filming_1.mp4,2158,0,2,0.0197955412421746,0.7816732406616211,0.1269499037000868,2,0.0197955412421746,0.7816732406616211,59.96002664890073
shruti_filming_1.mp4,2159,0,2,0.0200380532003786,0.7828176498413086,0.1285539697717737,2,0.0200380532003786,0.7828176498413086,59.96002664890073
shruti_filming_1.mp4,2160,0,2,0.0201322730172412,0.7832665761311849,0.1305021497938368,2,0.0201322730172412,0.7832665761311849,59.96002664890073
shruti_filming_1.mp4,2161,0,2,0.0202589877221422,0.7834213256835938,0.1318497551812066,2,0.0202589877221422,0.7834213256835938,59.96002664890073
shruti_filming_1.mp4,2162,0,2,0.0204388055997831,0.7838761647542317,0.1331091986762153,2,0.0204388055997831,0.7838761647542317,59.96002664890073
shruti_filming_1.mp4,2163,0,2,0.0206003006896935,0.7843666076660156,0.1348552562572338,2,0.0206003006896935,0.7843666076660156,59.96002664890073
shruti_filming_1.mp4,2164,0,2,0.0207340890173024,0.7847815195719401,0.1361412896050347,2,0.0207340890173024,0.7847815195719401,59.96002664890073
shruti_filming_1.mp4,2165,0,2,0.021089305182686,0.7855333964029948,0.1366893627025463,2,0.021089305182686,0.7855333964029948,59.96002664890073
shruti_filming_1.mp4,2166,0,3,0.021329067988942,0.7862859725952148,0.136448499891493,3,0.021329067988942,0.7862859725952148,59.96002664890073
shruti_filming_1.mp4,2167,0,2,0.0215624305894016,0.7865076065063477,0.1374723646375868,2,0.0215624305894016,0.7865076065063477,59.96002664890073
shruti_filming_1.mp4,2168,0,3,0.0217481252731845,0.7867664972941081,0.138359295880353,3,0.0217481252731845,0.7867664972941081,59.96002664890073
shruti_filming_1.mp4,2169,0,3,0.0220133589181285,0.7874427795410156,0.1368264092339409,3,0.0220133589181285,0.7874427795410156,59.96002664890073
shruti_filming_1.mp4,2170,0,6,0.0220452986118551,0.7879068374633789,0.1366112320511429,6,0.0220452986118551,0.7879068374633789,59.96002664890073
shruti_filming_1.mp4,2171,0,7,0.0225323031910617,0.789396095275879,0.1358601888020833,7,0.0225323031910617,0.789396095275879,59.96002664890073
shruti_filming_1.mp4,2172,0,5,0.0229099715728726,0.7905574162801107,0.1361011363841869,5,0.0229099715728726,0.7905574162801107,59.96002664890073
shruti_filming_1.mp4,2173,0,4,0.0233260776728131,0.791871452331543,0.1361075789840133,4,0.0233260776728131,0.791871452331543,59.96002664890073
shruti_filming_1.mp4,2174,0,5,0.0234019126043418,0.7925451278686524,0.1341517413104022,5,0.0234019126043418,0.7925451278686524,59.96002664890073
shruti_filming_1.mp4,2175,0,5,0.023646199582662,0.7930687586466472,0.1343982837818287,5,0.023646199582662,0.7930687586466472,59.96002664890073
shruti_filming_1.mp4,2176,0,3,0.0239558689425272,0.7944768269856771,0.1336819401493779,3,0.0239558689425272,0.7944768269856771,59.96002664890073
shruti_filming_1.mp4,2177,0,3,0.0246316636973894,0.7963085810343424,0.133275971589265,3,0.0246316636973894,0.7963085810343424,59.96002664890073
shruti_filming_1.mp4,2178,0,5,0.0247426270443409,0.7973217646280925,0.1314066851580584,4,0.0247426270443409,0.7973217646280925,59.96002664890073
shruti_filming_1.mp4,2179,0,5,0.0248697428763423,0.7987573623657227,0.1287218164514612,5,0.0248697428763423,0.7987573623657227,59.96002664890073
shruti_filming_1.mp4,2180,0,5,0.0249202572604042,0.7993293126424154,0.12857016104239,5,0.0249202572604042,0.7993293126424154,59.96002664890073
shruti_filming_1.mp4,2181,0,5,0.0253725289642655,0.8001635233561198,0.1271047521520543,5,0.0253725289642655,0.8001635233561198,59.96002664890073
shruti_filming_1.mp4,2182,0,3,0.025491714458379,0.8005694071451823,0.1249878212257667,3,0.025491714458379,0.8005694071451823,59.96002664890073
shruti_filming_1.mp4,2183,0,6,0.0259021545319087,0.8017525355021159,0.1230213023998119,5,0.0259021545319087,0.8017525355021159,59.96002664890073
shruti_filming_1.mp4,2184,0,4,0.0260822715130052,0.8022918701171875,0.1209229080765335,4,0.0260822715130052,0.8022918701171875,59.96002664890073
shruti_filming_1.mp4,2185,0,4,0.0262740011215835,0.803285026550293,0.1195115266022858,4,0.0262740011215835,0.803285026550293,59.96002664890073
shruti_filming_1.mp4,2186,0,3,0.0264624753058241,0.8035017013549804,0.1204837375217013,3,0.0264624753058241,0.8035017013549804,59.96002664890073
shruti_filming_1.mp4,2187,0,4,0.0266734032304871,0.8043503443400065,0.1219489486129195,4,0.0266734032304871,0.8043503443400065,59.96002664890073
shruti_filming_1.mp4,2188,0,4,0.0269566253409505,0.8054876963297526,0.1239723488136574,4,0.0269566253409505,0.8054876963297526,59.96002664890073
shruti_filming_1.mp4,2189,0,4,0.027223018039863,0.8063888549804688,0.1248268410011574,4,0.027223018039863,0.8063888549804688,59.96002664890073
shruti_filming_1.mp4,2190,0,4,0.0272933052790176,0.8074679056803385,0.1282013222023292,4,0.0272933052790176,0.8074679056803385,59.96002664890073
shruti_filming_1.mp4,2191,0,5,0.0277171712478566,0.8081893920898438,0.1301549275716146,4,0.0277171712478566,0.8081893920898438,59.96002664890073
shruti_filming_1.mp4,2192,0,5,0.0280264893911037,0.80924498240153,0.1308128074363426,4,0.0280264893911037,0.80924498240153,59.96002664890073
shruti_filming_1.mp4,2193,0,3,0.0282193769935919,0.8095993677775065,0.1354214986165364,3,0.0282193769935919,0.8095993677775065,59.96002664890073
shruti_filming_1.mp4,2194,0,4,0.028444332659376,0.8101598739624023,0.1380424782081886,4,0.028444332659376,0.8101598739624023,59.96002664890073
shruti_filming_1.mp4,2195,0,4,0.0290055176372212,0.8097291946411133,0.1405698988172743,4,0.0290055176372212,0.8097291946411133,59.96002664890073
shruti_filming_1.mp4,2196,0,4,0.0294674195896368,0.8102663675944011,0.1454353615089699,4,0.0294674195896368,0.8102663675944011,59.96002664890073
shruti_filming_1.mp4,2197,0,5,0.0301273424158204,0.8111681620279948,0.1503362302426938,4,0.0301273424158204,0.8111681620279948,59.96002664890073
shruti_filming_1.mp4,2198,0,6,0.030168166932126,0.8119595209757487,0.1574152911150897,3,0.030168166932126,0.8119595209757487,59.96002664890073
shruti_filming_1.mp4,2199,0,3,0.0304268080103793,0.812440299987793,0.1615460148564091,3,0.0304268080103793,0.812440299987793,59.96002664890073
shruti_filming_1.mp4,2200,0,4,0.0309207785310422,0.8129915237426758,0.168072368480541,3,0.0309207785310422,0.8129915237426758,59.96002664890073
shruti_filming_1.mp4,2201,0,4,0.031417544431333,0.8133262634277344,0.1761149371111834,3,0.031417544431333,0.8133262634277344,59.96002664890073
shruti_filming_1.mp4,2202,0,3,0.0317662482537087,0.8140289942423503,0.1815039740668402,3,0.0317662482537087,0.8140289942423503,59.96002664890073
shruti_filming_1.mp4,2203,0,4,0.0325735403536991,0.814553705851237,0.191238855432581,3,0.0325735403536991,0.814553705851237,59.96002664890073
shruti_filming_1.mp4,2204,0,5,0.0326137097676379,0.8142948786417643,0.1976626360857928,4,0.0326137097676379,0.8142948786417643,59.96002664890073
shruti_filming_1.mp4,2205,0,5,0.0331491229052901,0.8140820185343425,0.2042674311885127,3,0.0331491229052901,0.8140820185343425,59.96002664890073
shruti_filming_1.mp4,2206,0,5,0.0336035933664404,0.81414794921875,0.2132241143120659,4,0.0336035933664404,0.81414794921875,59.96002664890073
shruti_filming_1.mp4,2207,0,4,0.0343370601161488,0.8146511713663737,0.2215907909252025,3,0.0343370601161488,0.8146511713663737,59.96002664890073
shruti_filming_1.mp4,2208,0,4,0.0346201639636193,0.8143918991088868,0.2274215980812355,3,0.0346201639636193,0.8143918991088868,59.96002664890073
shruti_filming_1.mp4,2209,0,3,0.0350694020823927,0.8149048487345377,0.233916586416739,3,0.0350694020823927,0.8149048487345377,59.96002664890073
shruti_filming_1.mp4,2210,0,5,0.0350639329774114,0.814938735961914,0.2402467091878255,5,0.0350639329774114,0.814938735961914,59.96002664890073
shruti_filming_1.mp4,2211,0,5,0.0356165710651058,0.8151720046997071,0.2528469650833695,5,0.0356165710651058,0.8151720046997071,59.96002664890073
shruti_filming_1.mp4,2212,0,3,0.0369390260319751,0.8157484054565429,0.2621238143355758,3,0.0369390260319751,0.8157484054565429,59.96002664890073
shruti_filming_1.mp4,2213,0,5,0.037160756003976,0.8159607569376628,0.2673966584382233,5,0.037160756003976,0.8159607569376628,59.96002664890073
shruti_filming_1.mp4,2214,0,4,0.0375611625095108,0.816494369506836,0.2750351093433521,4,0.0375611625095108,0.816494369506836,59.96002664890073
shruti_filming_1.mp4,2215,0,4,0.038042421786601,0.8172191619873047,0.2843036510326244,4,0.038042421786601,0.8172191619873047,59.96002664890073
shruti_filming_1.mp4,2216,0,4,0.0385113722876633,0.8174760818481446,0.2929894482647931,4,0.0385113722876633,0.8174760818481446,59.96002664890073
shruti_filming_1.mp4,2217,0,5,0.0389636609583814,0.8182031631469726,0.2980446992097078,4,0.0389636609583814,0.8182031631469726,59.96002664890073
shruti_filming_1.mp4,2218,0,4,0.0396105267650758,0.8192148208618164,0.3019789377848307,2,0.0396105267650758,0.8192148208618164,59.96002664890073
shruti_filming_1.mp4,2219,0,5,0.0407557071497096,0.8204151153564453,0.3085817407678675,4,0.0407557071497096,0.8204151153564453,59.96002664890073
shruti_filming_1.mp4,2220,2,4,0.0415233858073285,0.8199594497680665,0.3152139169198495,3,0.0415233858073285,0.8199594497680665,59.96002664890073
shruti_filming_1.mp4,2221,2,5,0.0418371235265415,0.820664660135905,0.3208914015028212,3,0.0418371235265415,0.820664660135905,59.96002664890073
shruti_filming_1.mp4,2222,2,6,0.0516969385327134,0.9981985727945965,0.8453722017782705,4,0.0423296731372604,0.8226711908976237,59.96002664890073
shruti_filming_1.mp4,2223,2,6,0.0654717926827288,0.9988884607950846,0.8250060399373372,4,0.043570661588884,0.8249577204386394,59.96002664890073
shruti_filming_1.mp4,2224,2,5,0.0701506339494701,0.9987117767333984,0.8121388400042499,3,0.0423820624279836,0.8273871103922527,59.96002664890073
shruti_filming_1.mp4,2225,2,4,0.0791696793976936,0.9987579345703124,0.7894257227579753,3,0.0411213875689739,0.8272394180297852,59.96002664890073
shruti_filming_1.mp4,2226,2,4,0.0860054826545011,0.998879877726237,0.7730492697821723,3,0.0394219551111476,0.8283478418986002,59.96002664890073
shruti_filming_1.mp4,2227,2,5,0.0929613529511294,0.9990104675292968,0.7555126402113173,4,0.0383878460043181,0.8275694529215495,59.96002664890073
shruti_filming_1.mp4,2228,2,5,0.096452392134647,0.9991820017496744,0.7465385366369177,4,0.0360895362402507,0.827154032389323,59.96002664890073
shruti_filming_1.mp4,2229,2,5,0.103383575439452,0.999361801147461,0.7303722946732133,4,0.034276096231794,0.8260335922241211,59.96002664890073
shruti_filming_1.mp4,2230,2,5,0.1096461506582596,0.9979401270548502,0.713421376546224,4,0.0326070678847463,0.8273319880167643,59.96002664890073
shruti_filming_1.mp4,2231,2,5,0.1146780178592915,0.9996481577555338,0.7040496013782642,4,0.0297168172189332,0.8260780334472656,59.96002664890073
shruti_filming_1.mp4,2232,2,5,0.1204575873174757,0.9995340983072916,0.688664252669723,4,0.0274516638002144,0.8228067398071289,59.96002664890073
shruti_filming_1.mp4,2233,2,5,0.1259394114040899,0.9995859146118165,0.6742092556423611,4,0.0248942264527916,0.8210676829020183,59.96002664890073
shruti_filming_1.mp4,2234,2,5,0.1337471535974085,0.999346923828125,0.6559561411539714,4,0.0207845667019783,0.808247439066569,59.96002664890073
shruti_filming_1.mp4,2235,2,6,0.1398922238829739,0.9993064880371094,0.6414371914333767,5,0.0190100333820737,0.8053651809692383,59.96002664890073
shruti_filming_1.mp4,2236,2,5,0.1405719093965308,0.9993330637613932,0.6376838684082031,4,0.0172170021282067,0.8031446456909179,59.96002664890073
shruti_filming_1.mp4,2237,2,4,0.1433948161953594,0.9992719650268554,0.6304217868381077,3,0.0168311332354884,0.8044845581054687,59.96002664890073
shruti_filming_1.mp4,2238,2,3,0.1480222325999083,0.9991991678873698,0.6178824671992549,2,0.0166738812211271,0.802685546875,59.96002664890073
shruti_filming_1.mp4,2239,2,5,0.1514022471544255,0.9992067972819012,0.6076381259494358,4,0.0155499184427834,0.8039709726969401,59.96002664890073
shruti_filming_1.mp4,2240,2,6,0.1559526009360464,0.9991811752319336,0.5941341400146485,6,0.1559526009360464,0.9991811752319336,59.96002664890073
shruti_filming_1.mp4,2241,2,6,0.1584594414611799,0.9992111206054688,0.5870606316460504,6,0.1584594414611799,0.9992111206054688,59.96002664890073
shruti_filming_1.mp4,2242,2,5,0.1668205885111496,0.999748420715332,0.5633548312717014,5,0.1668205885111496,0.999748420715332,59.96002664890073
shruti_filming_1.mp4,2243,2,5,0.169289690254006,0.9997182846069336,0.5561737625687211,5,0.169289690254006,0.9997182846069336,59.96002664890073
shruti_filming_1.mp4,2244,2,4,0.1687529195368228,0.9997856140136718,0.5556275403058087,4,0.1687529195368228,0.9997856140136718,59.96002664890073
shruti_filming_1.mp4,2245,2,4,0.1689811797989171,0.9996914545694988,0.5539572115297671,4,0.1689811797989171,0.9996914545694988,59.96002664890073
shruti_filming_1.mp4,2246,2,4,0.1714669561554425,0.9996288299560548,0.5485924190945095,4,0.1714669561554425,0.9996288299560548,59.96002664890073
shruti_filming_1.mp4,2247,2,4,0.1727712685902305,0.999294090270996,0.5428992801242405,4,0.1727712685902305,0.999294090270996,59.96002664890073
shruti_filming_1.mp4,2248,2,4,0.1748525414433485,0.9995428085327148,0.5348329332139757,4,0.1748525414433485,0.9995428085327148,59.96002664890073
shruti_filming_1.mp4,2249,2,5,0.1777157710758102,0.9996718088785808,0.5256266276041667,5,0.1777157710758102,0.9996718088785808,59.96002664890073
shruti_filming_1.mp4,2250,2,3,0.1786641237175192,0.9996713638305664,0.5212012820773655,3,0.1786641237175192,0.9996713638305664,59.96002664890073
shruti_filming_1.mp4,2251,2,3,0.1795297870855978,0.999521255493164,0.5159330156114367,3,0.1795297870855978,0.999521255493164,59.96002664890073
shruti_filming_1.mp4,2252,2,3,0.1822606316400278,0.9991945266723632,0.5086830139160157,3,0.1822606316400278,0.9991945266723632,59.96002664890073
shruti_filming_1.mp4,2253,2,3,0.1831604481584185,0.999248758951823,0.5039895799424913,3,0.1831604481584185,0.999248758951823,59.96002664890073
shruti_filming_1.mp4,2254,2,3,0.1847473185612761,0.9992733001708984,0.4986412472195095,3,0.1847473185612761,0.9992733001708984,59.96002664890073
shruti_filming_1.mp4,2255,2,3,0.1867122593379678,0.9993291854858398,0.4920827794958044,3,0.1867122593379678,0.9993291854858398,59.96002664890073
shruti_filming_1.mp4,2256,2,4,0.1876538001711338,0.9995306015014648,0.4848926120334201,4,0.1876538001711338,0.9995306015014648,59.96002664890073
shruti_filming_1.mp4,2257,2,5,0.1888941712079278,0.9994913101196288,0.4804986883092809,5,0.1888941712079278,0.9994913101196288,59.96002664890073
shruti_filming_1.mp4,2258,2,5,0.1890072986706703,0.9990877787272135,0.4752694447835286,5,0.1890072986706703,0.9990877787272135,59.96002664890073
shruti_filming_1.mp4,2259,2,5,0.1913092151276079,0.9996838251749676,0.4686299783212167,5,0.1913092151276079,0.9996838251749676,59.96002664890073
shruti_filming_1.mp4,2260,2,5,0.1919017329101107,0.9997137069702148,0.4640013800726996,5,0.1919017329101107,0.9997137069702148,59.96002664890073
shruti_filming_1.mp4,2261,2,5,0.1926718508673366,0.9996803919474284,0.4597903781467014,5,0.1926718508673366,0.9996803919474284,59.96002664890073
shruti_filming_1.mp4,2262,2,5,0.1936795001439868,0.9996723175048828,0.4545081527144821,5,0.1936795001439868,0.9996723175048828,59.96002664890073
shruti_filming_1.mp4,2263,2,5,0.1947561499636827,0.9997663497924804,0.4496874773943866,5,0.1947561499636827,0.9997663497924804,59.96002664890073
shruti_filming_1.mp4,2264,2,5,0.1952805167026909,0.9997480392456056,0.4459030575222439,5,0.1952805167026909,0.9997480392456056,59.96002664890073
shruti_filming_1.mp4,2265,2,4,0.1961389968936275,0.9997268676757812,0.4426687593813295,4,0.1961389968936275,0.9997268676757812,59.96002664890073
shruti_filming_1.mp4,2266,2,3,0.1968130343121689,0.9995649973551431,0.4381602110686126,3,0.1968130343121689,0.9995649973551431,59.96002664890073
shruti_filming_1.mp4,2267,2,3,0.1983254144175185,0.999574915568034,0.4349166870117187,3,0.1983254144175185,0.999574915568034,59.96002664890073
shruti_filming_1.mp4,2268,2,3,0.1999852830716419,0.999648666381836,0.4275866190592448,3,0.1999852830716419,0.999648666381836,59.96002664890073
shruti_filming_1.mp4,2269,2,3,0.1997881573165445,0.9996039072672526,0.4253068570737485,3,0.1997881573165445,0.9996039072672526,59.96002664890073
shruti_filming_1.mp4,2270,2,4,0.2007874913626833,0.9995994567871094,0.4226323586923105,4,0.2007874913626833,0.9995994567871094,59.96002664890073
shruti_filming_1.mp4,2271,2,3,0.2026514501760377,0.9995534896850586,0.4173433091905382,3,0.2026514501760377,0.9995534896850586,59.96002664890073
shruti_filming_1.mp4,2272,2,3,0.2025408943421554,0.9991521835327148,0.4133938400833695,3,0.2025408943421554,0.9991521835327148,59.96002664890073
shruti_filming_1.mp4,2273,2,3,0.2052995501505696,0.9996052424112956,0.4098403506808811,3,0.2052995501505696,0.9996052424112956,59.96002664890073
shruti_filming_1.mp4,2274,2,4,0.2059633916738253,0.999658203125,0.4066705350522642,4,0.2059633916738253,0.999658203125,59.96002664890073
shruti_filming_1.mp4,2275,2,3,0.2058200963335287,0.999924659729004,0.4036439966272425,3,0.2058200963335287,0.999924659729004,59.96002664890073
shruti_filming_1.mp4,2276,2,3,0.2067957697722509,0.9996170043945312,0.4005636709707754,3,0.2067957697722509,0.9996170043945312,59.96002664890073
shruti_filming_1.mp4,2277,2,3,0.207876574305101,0.9995403289794922,0.3976778948748553,3,0.207876574305101,0.9995403289794922,59.96002664890073
shruti_filming_1.mp4,2278,2,3,0.2066265032554252,0.9998775482177734,0.3965762668185764,3,0.2066265032554252,0.9998775482177734,59.96002664890073
shruti_filming_1.mp4,2279,2,3,0.2081281598685216,0.9995769500732422,0.3932192767107928,3,0.2081281598685216,0.9995769500732422,59.96002664890073
shruti_filming_1.mp4,2280,0,3,0.2080152526041881,0.9997349421183268,0.3918105513961227,3,0.2080152526041881,0.9997349421183268,59.96002664890073
shruti_filming_1.mp4,2281,0,3,0.2094515513830292,0.9997278849283854,0.3863429881908275,3,0.2094515513830292,0.9997278849283854,59.96002664890073
shruti_filming_1.mp4,2282,0,3,0.2106548096029372,0.9997257232666016,0.3828275044759114,3,0.2106548096029372,0.9997257232666016,59.96002664890073
shruti_filming_1.mp4,2283,0,3,0.212348772247483,0.9998125712076824,0.3789171995940031,3,0.212348772247483,0.9998125712076824,59.96002664890073
shruti_filming_1.mp4,2284,0,4,0.2144956368104056,0.9996217727661132,0.3737409238462095,4,0.2144956368104056,0.9996217727661132,59.96002664890073
shruti_filming_1.mp4,2285,0,4,0.2143790781193011,0.999676005045573,0.3723702324761285,4,0.2143790781193011,0.999676005045573,59.96002664890073
shruti_filming_1.mp4,2286,0,3,0.2141924842688119,0.9998966217041017,0.3720116650616681,3,0.2141924842688119,0.9998966217041017,59.96002664890073
shruti_filming_1.mp4,2287,0,3,0.2155031445767532,0.9997011184692384,0.3684272483543113,3,0.2155031445767532,0.9997011184692384,59.96002664890073
shruti_filming_1.mp4,2288,0,3,0.2164376439912788,0.999748992919922,0.3655392116970486,3,0.2164376439912788,0.999748992919922,59.96002664890073
shruti_filming_1.mp4,2289,0,3,0.2169974037026124,0.9997821807861328,0.3633884006076389,3,0.2169974037026124,0.9997821807861328,59.96002664890073
shruti_filming_1.mp4,2290,0,3,0.2173206454699565,0.9998671213785808,0.361374353479456,3,0.2173206454699565,0.9998671213785808,59.96002664890073
shruti_filming_1.mp4,2291,0,3,0.2181653491910159,0.9999035517374676,0.3585120307074653,3,0.2181653491910159,0.9999035517374676,59.96002664890073
shruti_filming_1.mp4,2292,0,4,0.2195216432098014,0.999854850769043,0.3535135339807581,3,0.2195216432098014,0.999854850769043,59.96002664890073
shruti_filming_1.mp4,2293,0,4,0.2198139892998733,0.999884796142578,0.3529393513997396,3,0.2198139892998733,0.999884796142578,59.96002664890073
shruti_filming_1.mp4,2294,0,4,0.220282980418819,0.9999429702758788,0.3509071773952908,3,0.220282980418819,0.9999429702758788,59.96002664890073
shruti_filming_1.mp4,2295,0,4,0.2209969830491509,0.9999963760375976,0.3471140331692166,3,0.2209969830491509,0.9999963760375976,59.96002664890073
shruti_filming_1.mp4,2296,0,4,0.2221627885355391,0.9999650955200196,0.3427219461511682,3,0.2221627885355391,0.9999650955200196,59.96002664890073
shruti_filming_1.mp4,2297,0,4,0.2229950333957957,1.0,0.3398047553168403,3,0.2229950333957957,1.0,59.96002664890073
shruti_filming_1.mp4,2298,0,5,0.2234425087292927,0.9999269485473632,0.3367210812038845,4,0.2234425087292927,0.9999269485473632,59.96002664890073
shruti_filming_1.mp4,2299,0,5,0.2242327072189019,0.9994110107421876,0.3337934988516348,4,0.2242327072189019,0.9994110107421876,59.96002664890073
shruti_filming_1.mp4,2300,0,4,0.224721665664563,0.999461555480957,0.3302667052657516,3,0.224721665664563,0.999461555480957,59.96002664890073
shruti_filming_1.mp4,2301,0,3,0.2262617186764637,0.9995269775390624,0.3271665855690285,2,0.2262617186764637,0.9995269775390624,59.96002664890073
shruti_filming_1.mp4,2302,0,3,0.2271073612780683,0.9986103057861327,0.3266229064376266,2,0.2271073612780683,0.9986103057861327,59.96002664890073
shruti_filming_1.mp4,2303,0,3,0.224658244005372,0.9939762115478517,0.3236143112182617,2,0.224658244005372,0.9939762115478517,59.96002664890073
shruti_filming_1.mp4,2304,0,3,0.2217926831209721,0.9880945205688476,0.3182077831692166,2,0.2217926831209721,0.9880945205688476,59.96002664890073
shruti_filming_1.mp4,2305,0,3,0.218602219408184,0.9819549560546876,0.3143951486658167,2,0.218602219408184,0.9819549560546876,59.96002664890073
shruti_filming_1.mp4,2306,0,4,0.2121183868958528,0.9740746180216472,0.3119216353804976,2,0.2121183868958528,0.9740746180216472,59.96002664890073
shruti_filming_1.mp4,2307,0,3,0.2082061812866716,0.9670333862304688,0.3044826719495985,1,0.2082061812866716,0.9670333862304688,59.96002664890073
shruti_filming_1.mp4,2308,0,2,0.2067158011000234,0.9628075281778972,0.3009837680392795,1,0.2067158011000234,0.9628075281778972,59.96002664890073
shruti_filming_1.mp4,2309,0,2,0.2045422477820062,0.958282470703125,0.2968536165025499,1,0.2045422477820062,0.958282470703125,59.96002664890073
shruti_filming_1.mp4,2310,0,2,0.2037345841503217,0.9576797485351562,0.2884975009494357,1,0.2037345841503217,0.9576797485351562,59.96002664890073
shruti_filming_1.mp4,2311,0,2,0.1992872634533948,0.955851936340332,0.2695538838704427,1,0.1992872634533948,0.955851936340332,59.96002664890073
shruti_filming_1.mp4,2312,0,3,0.1892041227566207,0.9450231552124024,0.2535035875108506,1,0.1892041227566207,0.9450231552124024,59.96002664890073
shruti_filming_1.mp4,2313,0,3,0.1833930767891299,0.9395566940307616,0.2361943845395688,1,0.1833930767891299,0.9395566940307616,59.96002664890073
shruti_filming_1.mp4,2314,0,3,0.1816249732255851,0.9390384674072264,0.2210195753309461,1,0.1816249732255851,0.9390384674072264,59.96002664890073
shruti_filming_1.mp4,2315,0,3,0.1737674076365389,0.9351671854654948,0.1965913772583007,1,0.1737674076365389,0.9351671854654948,59.96002664890073
shruti_filming_1.mp4,2316,0,2,0.1695285941083919,0.9320698420206706,0.1821062088012695,1,0.1695285941083919,0.9320698420206706,59.96002664890073
shruti_filming_1.mp4,2317,0,2,0.1687258073743578,0.9330949783325196,0.1712037616305881,1,0.1687258073743578,0.9330949783325196,59.96002664890073
shruti_filming_1.mp4,2318,0,3,0.1602453329177094,0.9271338144938152,0.1446097762496383,1,0.1602453329177094,0.9271338144938152,59.96002664890073
shruti_filming_1.mp4,2319,0,4,0.1555815401897632,0.923898188273112,0.1257374516239872,1,0.1555815401897632,0.923898188273112,59.96002664890073
shruti_filming_1.mp4,2320,0,3,0.1517112907424661,0.9211413065592448,0.1101821334273726,1,0.1517112907424661,0.9211413065592448,59.96002664890073
shruti_filming_1.mp4,2321,0,4,0.1474594442982494,0.9201481501261394,0.0879616913972077,1,0.1474594442982494,0.9201481501261394,59.96002664890073
shruti_filming_1.mp4,2322,0,3,0.1455214973145296,0.9199771881103516,0.0724587193241825,1,0.1455214973145296,0.9199771881103516,59.96002664890073
shruti_filming_1.mp4,2323,0,4,0.1416824227282712,0.9184372584025066,0.0554094667787905,1,0.1416824227282712,0.9184372584025066,59.96002664890073
shruti_filming_1.mp4,2324,0,3,0.1354420502159696,0.913319969177246,0.0332796167444299,1,0.1354420502159696,0.913319969177246,59.96002664890073
shruti_filming_1.mp4,2325,0,2,0.1315554617080811,0.9098642985026042,0.0178557219328703,1,0.1315554617080811,0.9098642985026042,59.96002664890073
shruti_filming_1.mp4,2326,0,4,0.1283368253429782,0.9088294982910156,0.0026839079680266,2,0.1283368253429782,0.9088294982910156,59.96002664890073
shruti_filming_1.mp4,2327,0,4,0.1239028116146801,0.9078163146972656,0.0181695443612557,2,0.1239028116146801,0.9078163146972656,59.96002664890073
shruti_filming_1.mp4,2328,0,4,0.1229519278132593,0.9074275970458984,0.0231907879864728,2,0.1229519278132593,0.9074275970458984,59.96002664890073
shruti_filming_1.mp4,2329,0,5,0.1188698846303547,0.9036665598551432,0.032354736328125,2,0.1188698846303547,0.9036665598551432,59.96002664890073
shruti_filming_1.mp4,2330,0,4,0.1134047241898197,0.9051191965738932,0.058928397849754,2,0.1134047241898197,0.9051191965738932,59.96002664890073
shruti_filming_1.mp4,2331,0,3,0.1177410073067423,0.9996063232421876,0.6565576341417101,2,0.1103050407671576,0.899930191040039,59.96002664890073
shruti_filming_1.mp4,2332,0,5,0.1241051919545861,0.9995661417643228,0.6393337673611111,3,0.108307094582447,0.8994684219360352,59.96002664890073
shruti_filming_1.mp4,2333,0,3,0.1276452154223483,0.9995193481445312,0.627923329671224,2,0.1032791952317311,0.8964033126831055,59.96002664890073
shruti_filming_1.mp4,2334,0,3,0.1318083175811032,0.9995426177978516,0.6135989436396846,2,0.1017393662057293,0.8943002700805665,59.96002664890073
shruti_filming_1.mp4,2335,0,3,0.1349056461155285,0.999558448791504,0.6036467658148872,2,0.0984909157929198,0.8936637878417969,59.96002664890073
shruti_filming_1.mp4,2336,0,3,0.1389024036737208,0.9985309600830078,0.5946825663248698,3,0.1389024036737208,0.9985309600830078,59.96002664890073
shruti_filming_1.mp4,2337,0,3,0.1421320499976961,0.9995820999145508,0.5842822745994285,3,0.1421320499976961,0.9995820999145508,59.96002664890073
shruti_filming_1.mp4,2338,0,4,0.1444253005923033,0.999616813659668,0.5746941601788557,3,0.1444253005923033,0.999616813659668,59.96002664890073
shruti_filming_1.mp4,2339,0,4,0.1472791951497978,0.9996288299560548,0.5655359903971354,3,0.1472791951497978,0.9996288299560548,59.96002664890073
shruti_filming_1.mp4,2340,2,3,0.149313766453964,0.9996423721313475,0.5588835963496456,2,0.149313766453964,0.9996423721313475,59.96002664890073
shruti_filming_1.mp4,2341,2,3,0.1518088019867718,0.999728266398112,0.5480042351616754,2,0.1518088019867718,0.999728266398112,59.96002664890073
shruti_filming_1.mp4,2342,2,3,0.1532518705882749,0.9996963500976562,0.5421134524875217,2,0.1532518705882749,0.9996963500976562,59.96002664890073
shruti_filming_1.mp4,2343,2,3,0.1549450872419887,0.9997247695922852,0.536983150906033,2,0.1549450872419887,0.9997247695922852,59.96002664890073
shruti_filming_1.mp4,2344,2,3,0.1563036359893158,0.9997217178344726,0.5310560438368056,2,0.1563036359893158,0.9997217178344726,59.96002664890073
shruti_filming_1.mp4,2345,2,3,0.1577859855104826,0.999656105041504,0.526411791200991,2,0.1577859855104826,0.999656105041504,59.96002664890073
shruti_filming_1.mp4,2346,2,3,0.1586330700086654,0.9994029998779296,0.5227163809317129,2,0.1586330700086654,0.9994029998779296,59.96002664890073
shruti_filming_1.mp4,2347,2,2,0.1589175450084386,0.9992822647094728,0.5221901222511575,2,0.1589175450084386,0.9992822647094728,59.96002664890073
shruti_filming_1.mp4,2348,2,2,0.1595424791343652,0.9995634078979492,0.5152719850893374,2,0.1595424791343652,0.9995634078979492,59.96002664890073
shruti_filming_1.mp4,2349,2,2,0.1597271038550388,0.9992332458496094,0.5117385157832393,2,0.1597271038550388,0.9992332458496094,59.96002664890073
shruti_filming_1.mp4,2350,2,2,0.1610525343533178,0.9996604919433594,0.5051740293149595,2,0.1610525343533178,0.9996604919433594,59.96002664890073
shruti_filming_1.mp4,2351,2,2,0.1602205375473756,0.9993539810180664,0.5037042123300058,2,0.1602205375473756,0.9993539810180664,59.96002664890073
shruti_filming_1.mp4,2352,2,2,0.1594313863989831,0.9993619918823242,0.5012052606653284,2,0.1594313863989831,0.9993619918823242,59.96002664890073
shruti_filming_1.mp4,2353,2,2,0.1595110582769632,0.9993513107299804,0.4981734523066768,2,0.1595110582769632,0.9993513107299804,59.96002664890073
shruti_filming_1.mp4,2354,2,2,0.1603360082766394,0.9993494033813476,0.4964714615433304,2,0.1603360082766394,0.9993494033813476,59.96002664890073
shruti_filming_1.mp4,2355,2,2,0.1635397129433436,0.9996955871582032,0.4938768174913194,2,0.1635397129433436,0.9996955871582032,59.96002664890073
shruti_filming_1.mp4,2356,2,3,0.1622079426175763,0.9993587493896484,0.4884055526168258,3,0.1622079426175763,0.9993587493896484,59.96002664890073
shruti_filming_1.mp4,2357,2,2,0.1625841858601887,0.9993578592936198,0.4846162018952546,2,0.1625841858601887,0.9993578592936198,59.96002664890073
shruti_filming_1.mp4,2358,2,2,0.1639627563482726,0.9993501663208008,0.4816084967719184,2,0.1639627563482726,0.9993501663208008,59.96002664890073
shruti_filming_1.mp4,2359,2,3,0.1643403308894334,0.9996477127075196,0.4802207381637008,3,0.1643403308894334,0.9996477127075196,59.96002664890073
shruti_filming_1.mp4,2360,2,3,0.1652901927315462,0.9993990580240886,0.4751847443757234,3,0.1652901927315462,0.9993990580240886,59.96002664890073
shruti_filming_1.mp4,2361,2,3,0.1660739714939269,0.9993459701538084,0.4705588022867839,3,0.1660739714939269,0.9993459701538084,59.96002664890073
shruti_filming_1.mp4,2362,2,3,0.1678648252788116,0.9996246337890624,0.4696923573811849,3,0.1678648252788116,0.9996246337890624,59.96002664890073
shruti_filming_1.mp4,2363,2,3,0.1687534907213135,0.9996149063110352,0.4655651798954716,3,0.1687534907213135,0.9996149063110352,59.96002664890073
shruti_filming_1.mp4,2364,2,3,0.169483121341673,0.9996225357055664,0.4573159818296079,3,0.169483121341673,0.9996225357055664,59.96002664890073
shruti_filming_1.mp4,2365,2,3,0.1701047888552744,0.999379030863444,0.4574759589301215,3,0.1701047888552744,0.999379030863444,59.96002664890073
shruti_filming_1.mp4,2366,2,3,0.1699327908301886,0.9995162963867188,0.4545112751148365,3,0.1699327908301886,0.9995162963867188,59.96002664890073
shruti_filming_1.mp4,2367,2,3,0.1698305882124744,0.999518076578776,0.44968138800727,3,0.1698305882124744,0.999518076578776,59.96002664890073
shruti_filming_1.mp4,2368,2,3,0.1713012859719122,0.9997295379638672,0.4449385890254267,3,0.1713012859719122,0.9997295379638672,59.96002664890073
shruti_filming_1.mp4,2369,2,3,0.1717735367415783,0.999617385864258,0.4414082845052083,3,0.1717735367415783,0.999617385864258,59.96002664890073
shruti_filming_1.mp4,2370,2,3,0.1727289935479833,0.9996288299560548,0.4376163906521267,3,0.1727289935479833,0.9996288299560548,59.96002664890073
shruti_filming_1.mp4,2371,2,3,0.1737873255076313,0.99954833984375,0.4345828868724681,3,0.1737873255076313,0.99954833984375,59.96002664890073
shruti_filming_1.mp4,2372,2,3,0.1749894606205527,0.9994651794433592,0.4303346139413339,3,0.1749894606205527,0.9994651794433592,59.96002664890073
shruti_filming_1.mp4,2373,2,3,0.1762442315647786,0.9994638442993165,0.4258719974093967,3,0.1762442315647786,0.9994638442993165,59.96002664890073
shruti_filming_1.mp4,2374,2,3,0.1768120156113259,0.9996004104614258,0.4245276133219401,3,0.1768120156113259,0.9996004104614258,59.96002664890073
shruti_filming_1.mp4,2375,2,3,0.1784915497944759,0.9995815277099608,0.4170704594364873,3,0.1784915497944759,0.9995815277099608,59.96002664890073
shruti_filming_1.mp4,2376,2,3,0.1797565047137969,0.9994861602783204,0.4150769975450303,3,0.1797565047137969,0.9994861602783204,59.96002664890073
shruti_filming_1.mp4,2377,2,3,0.1807063148679299,0.9995636622111004,0.4120080312093099,3,0.1807063148679299,0.9995636622111004,59.96002664890073
shruti_filming_1.mp4,2378,2,3,0.1813081153349003,0.9994361877441408,0.4095563535337095,3,0.1813081153349003,0.9994361877441408,59.96002664890073
shruti_filming_1.mp4,2379,2,3,0.1828690049324332,0.9994887034098308,0.4065750828495732,3,0.1828690049324332,0.9994887034098308,59.96002664890073
shruti_filming_1.mp4,2380,2,3,0.1841282340977125,0.9995269775390624,0.4025669239185475,3,0.1841282340977125,0.9995269775390624,59.96002664890073
shruti_filming_1.mp4,2381,2,2,0.1860411215624211,0.9994987487792968,0.3972911693431712,2,0.1860411215624211,0.9994987487792968,59.96002664890073
shruti_filming_1.mp4,2382,2,3,0.1871709659501707,0.9995403289794922,0.3927447848849826,3,0.1871709659501707,0.9995403289794922,59.96002664890073
shruti_filming_1.mp4,2383,2,3,0.1863427894464985,0.9994552612304688,0.3904221428765191,3,0.1863427894464985,0.9994552612304688,59.96002664890073
shruti_filming_1.mp4,2384,2,3,0.1885350200183004,0.999574089050293,0.3836219787597656,3,0.1885350200183004,0.999574089050293,59.96002664890073
shruti_filming_1.mp4,2385,2,4,0.189556412200133,0.9995857238769532,0.3786170111762152,3,0.189556412200133,0.9995857238769532,59.96002664890073
shruti_filming_1.mp4,2386,2,4,0.1911284095610608,0.9995637893676758,0.3728494432237413,3,0.1911284095610608,0.9995637893676758,59.96002664890073
shruti_filming_1.mp4,2387,2,4,0.1923696297008993,0.9996185938517252,0.3695093366834852,3,0.1923696297008993,0.9996185938517252,59.96002664890073
shruti_filming_1.mp4,2388,2,4,0.1929942835218497,0.9996910095214844,0.3637228082727503,3,0.1929942835218497,0.9996910095214844,59.96002664890073
shruti_filming_1.mp4,2389,2,4,0.1932749683093883,0.9998212814331054,0.3625438548900463,3,0.1932749683093883,0.9998212814331054,59.96002664890073
shruti_filming_1.mp4,2390,2,5,0.1941515024866151,0.9997621536254884,0.3571183381257233,4,0.1941515024866151,0.9997621536254884,59.96002664890073
shruti_filming_1.mp4,2391,2,4,0.1949376857389735,0.9996317545572916,0.350563437850387,3,0.1949376857389735,0.9996317545572916,59.96002664890073
shruti_filming_1.mp4,2392,2,3,0.1922167473576943,0.9995075225830078,0.3416867574055989,2,0.1922167473576943,0.9995075225830078,59.96002664890073
shruti_filming_1.mp4,2393,2,3,0.1854441757764208,0.9993345260620116,0.3113060633341471,2,0.1854441757764208,0.9993345260620116,59.96002664890073
shruti_filming_1.mp4,2394,2,3,0.1822817480918321,0.9995393753051758,0.2938103004738137,2,0.1822817480918321,0.9995393753051758,59.96002664890073
shruti_filming_1.mp4,2395,2,3,0.1793006189679363,0.9996920267740884,0.2774861865573459,2,0.1793006189679363,0.9996920267740884,59.96002664890073
shruti_filming_1.mp4,2396,2,5,0.1675188371156813,0.9993915557861328,0.2305644847728588,3,0.1675188371156813,0.9993915557861328,59.96002664890073
shruti_filming_1.mp4,2397,2,5,0.1610273968998808,0.999426523844401,0.2045381899233217,3,0.1610273968998808,0.999426523844401,59.96002664890073
shruti_filming_1.mp4,2398,2,4,0.1570215447789006,0.9994078318277996,0.1831590440538194,2,0.1570215447789006,0.9994078318277996,59.96002664890073
shruti_filming_1.mp4,2399,2,5,0.1545592780432424,0.9995182673136394,0.1674230222348813,3,0.1545592780432424,0.9995182673136394,59.96002664890073
shruti_filming_1.mp4,2400,2,5,0.14823359453011,0.9995052973429362,0.1448156144883897,3,0.14823359453011,0.9995052973429362,59.96002664890073
shruti_filming_1.mp4,2401,2,4,0.1396371360271048,0.9988685607910156,0.1158670919912832,4,0.1396371360271048,0.9997120539347332,59.96002664890073
shruti_filming_1.mp4,2402,2,4,0.1378681952027788,0.9988162994384766,0.1052424254240813,4,0.1378681952027788,0.9996713638305664,59.96002664890073
shruti_filming_1.mp4,2403,2,5,0.1361528141350977,0.9985315322875976,0.0954137448911313,4,0.1361528141350977,0.9996286392211914,59.96002664890073
shruti_filming_1.mp4,2404,2,5,0.1287249149190783,0.9981454849243164,0.0675294946741174,4,0.1287249149190783,0.9996118545532228,59.96002664890073
shruti_filming_1.mp4,2405,2,5,0.1216838424262823,0.9929566065470378,0.043945821126302,4,0.1216838424262823,0.9995876948038735,59.96002664890073
shruti_filming_1.mp4,2406,2,5,0.1221500817964207,0.9995759963989258,0.5423664658157914,4,0.1221500817964207,0.9995759963989258,59.96002664890073
shruti_filming_1.mp4,2407,2,4,0.125496193271182,0.9995941162109376,0.5317378291377315,3,0.125496193271182,0.9995941162109376,59.96002664890073
shruti_filming_1.mp4,2408,2,3,0.1288543300405985,0.9995613098144532,0.5219544022171586,3,0.1288543300405985,0.9995613098144532,59.96002664890073
shruti_filming_1.mp4,2409,2,3,0.1309323773877375,0.9995031356811525,0.515331381338614,3,0.1309323773877375,0.9995031356811525,59.96002664890073
shruti_filming_1.mp4,2410,2,4,0.1331013460439737,0.9994962692260744,0.5074544553403502,3,0.1331013460439737,0.9994962692260744,59.96002664890073
shruti_filming_1.mp4,2411,2,3,0.1349412697608285,0.9994451522827148,0.4999012417263455,3,0.1349412697608285,0.9994451522827148,59.96002664890073
shruti_filming_1.mp4,2412,2,4,0.136797285233317,0.9994304656982422,0.4949687675193504,3,0.136797285233317,0.9994304656982422,59.96002664890073
shruti_filming_1.mp4,2413,2,4,0.1391617822271044,0.9994384765625,0.4865639015480324,3,0.1391617822271044,0.9994384765625,59.96002664890073
shruti_filming_1.mp4,2414,2,4,0.1404027217304776,0.999616241455078,0.4822698522497106,3,0.1404027217304776,0.999616241455078,59.96002664890073
shruti_filming_1.mp4,2415,2,3,0.1427646249897305,0.9995800018310548,0.4741719987657335,3,0.1427646249897305,0.9995800018310548,59.96002664890073
shruti_filming_1.mp4,2416,2,3,0.144581152986743,0.999418067932129,0.4688733701352719,3,0.144581152986743,0.999418067932129,59.96002664890073
shruti_filming_1.mp4,2417,2,3,0.146862262544649,0.99945437113444,0.4632459711145472,3,0.146862262544649,0.99945437113444,59.96002664890073
shruti_filming_1.mp4,2418,2,3,0.1487265755503634,0.9994228998819988,0.4538853256790726,3,0.1487265755503634,0.9994228998819988,59.96002664890073
shruti_filming_1.mp4,2419,2,3,0.1510058403449107,0.9995332717895508,0.4466805634675203,3,0.1510058403449107,0.9995332717895508,59.96002664890073
shruti_filming_1.mp4,2420,2,3,0.1528208889040979,0.9995295206705728,0.4423113928900825,3,0.1528208889040979,0.9995295206705728,59.96002664890073
shruti_filming_1.mp4,2421,2,3,0.1546553775219621,0.9995172500610352,0.436179295292607,3,0.1546553775219621,0.9995172500610352,59.96002664890073
shruti_filming_1.mp4,2422,2,3,0.155920794812687,0.9995144526163736,0.4313077432137948,3,0.155920794812687,0.9995144526163736,59.96002664890073
shruti_filming_1.mp4,2423,2,3,0.1571782213038144,0.999456787109375,0.4248779296875,3,0.1571782213038144,0.999456787109375,59.96002664890073
shruti_filming_1.mp4,2424,2,3,0.1581723337833898,0.9994314193725586,0.4197397161413122,3,0.1581723337833898,0.9994314193725586,59.96002664890073
shruti_filming_1.mp4,2425,2,3,0.1595247242001345,0.9994591395060222,0.413457926997432,3,0.1595247242001345,0.9994591395060222,59.96002664890073
shruti_filming_1.mp4,2426,2,3,0.1609271292616742,0.999467658996582,0.4112274311206959,3,0.1609271292616742,0.999467658996582,59.96002664890073
shruti_filming_1.mp4,2427,2,3,0.1615047938206569,0.9994419097900392,0.4094458685980903,3,0.1615047938206569,0.9994419097900392,59.96002664890073
shruti_filming_1.mp4,2428,2,3,0.1624499709543953,0.9994452158610028,0.4065227649830006,3,0.1624499709543953,0.9994452158610028,59.96002664890073
shruti_filming_1.mp4,2429,2,4,0.1633463189922622,0.9994585037231444,0.4058734893798828,3,0.1633463189922622,0.9994585037231444,59.96002664890073
shruti_filming_1.mp4,2430,2,3,0.1652704785233961,0.9994679133097332,0.4007511986626519,3,0.1652704785233961,0.9994679133097332,59.96002664890073
shruti_filming_1.mp4,2431,2,3,0.1669793360931281,0.9994897842407228,0.3935879177517361,3,0.1669793360931281,0.9994897842407228,59.96002664890073
shruti_filming_1.mp4,2432,2,3,0.1672762516414513,0.999471346537272,0.3934899224175347,3,0.1672762516414513,0.999471346537272,59.96002664890073
shruti_filming_1.mp4,2433,2,4,0.1684363803991194,0.999468994140625,0.3897099812825521,3,0.1684363803991194,0.999468994140625,59.96002664890073
shruti_filming_1.mp4,2434,2,3,0.1695950142257734,0.9994657516479492,0.3862905149106626,3,0.1695950142257734,0.9994657516479492,59.96002664890073
shruti_filming_1.mp4,2435,2,3,0.1714230511457167,0.9994251251220704,0.3823742336697048,3,0.1714230511457167,0.9994251251220704,59.96002664890073
shruti_filming_1.mp4,2436,2,3,0.1724596607877174,0.9994959513346354,0.3783206515842013,3,0.1724596607877174,0.9994959513346354,59.96002664890073
shruti_filming_1.mp4,2437,2,3,0.1742431283139416,0.9994590759277344,0.3745561387803819,3,0.1742431283139416,0.9994590759277344,59.96002664890073
shruti_filming_1.mp4,2438,2,3,0.1756608593661803,0.9994581858317058,0.3703216552734375,3,0.1756608593661803,0.9994581858317058,59.96002664890073
shruti_filming_1.mp4,2439,2,3,0.1763242018154145,0.9994806289672852,0.3682445949978298,3,0.1763242018154145,0.9994806289672852,59.96002664890073
shruti_filming_1.mp4,2440,2,3,0.177618901740424,0.9994991302490236,0.3639821935583044,3,0.177618901740424,0.9994991302490236,59.96002664890073
shruti_filming_1.mp4,2441,2,3,0.1781821997117367,0.9994775772094726,0.3606439378526476,3,0.1781821997117367,0.9994775772094726,59.96002664890073
shruti_filming_1.mp4,2442,2,3,0.1794542243466896,0.9994555155436198,0.3592631304705584,3,0.1794542243466896,0.9994555155436198,59.96002664890073
shruti_filming_1.mp4,2443,2,3,0.1808765564412044,0.9994808197021484,0.3576632464373553,3,0.1808765564412044,0.9994808197021484,59.96002664890073
shruti_filming_1.mp4,2444,2,3,0.1815900440518089,0.999486796061198,0.3553809483846029,3,0.1815900440518089,0.999486796061198,59.96002664890073
shruti_filming_1.mp4,2445,2,3,0.1831916877842633,0.9994728088378906,0.3526236640082465,3,0.1831916877842633,0.9994728088378906,59.96002664890073
shruti_filming_1.mp4,2446,2,4,0.1852047367236917,0.9995058059692384,0.3474597507052951,4,0.1852047367236917,0.9995058059692384,59.96002664890073
shruti_filming_1.mp4,2447,2,4,0.1865021245935673,0.999472427368164,0.3438805474175347,3,0.1865021245935673,0.999472427368164,59.96002664890073
shruti_filming_1.mp4,2448,2,4,0.1874131809836641,0.999462381998698,0.3408342149522569,3,0.1874131809836641,0.999462381998698,59.96002664890073
shruti_filming_1.mp4,2449,2,3,0.1892264371372207,0.99946346282959,0.3355242693865741,3,0.1892264371372207,0.99946346282959,59.96002664890073
shruti_filming_1.mp4,2450,2,4,0.1898547040939067,0.9994768142700196,0.333234836437084,4,0.1898547040939067,0.9994768142700196,59.96002664890073
shruti_filming_1.mp4,2451,2,4,0.1911560096482949,0.9994599024454752,0.3292907149703414,4,0.1911560096482949,0.9994599024454752,59.96002664890073
shruti_filming_1.mp4,2452,2,4,0.1923052713373046,0.9994621276855468,0.3257181238245081,4,0.1923052713373046,0.9994621276855468,59.96002664890073
shruti_filming_1.mp4,2453,2,4,0.1935910137719582,0.9994571685791016,0.3226816248010706,3,0.1935910137719582,0.9994571685791016,59.96002664890073
shruti_filming_1.mp4,2454,2,4,0.1944740226011102,0.9995311737060548,0.318218994140625,3,0.1944740226011102,0.9995311737060548,59.96002664890073
shruti_filming_1.mp4,2455,2,4,0.1951185483329781,0.999577522277832,0.3168345627961335,3,0.1951185483329781,0.999577522277832,59.96002664890073
shruti_filming_1.mp4,2456,2,4,0.1956225382794218,0.999326006571452,0.3129181755913628,3,0.1956225382794218,0.999326006571452,59.96002664890073
shruti_filming_1.mp4,2457,2,4,0.1982846278350593,0.9995248794555665,0.3048627500180845,3,0.1982846278350593,0.9995248794555665,59.96002664890073
shruti_filming_1.mp4,2458,2,6,0.1965486073301544,0.9995725631713868,0.2932722798100224,3,0.1965486073301544,0.9995725631713868,59.96002664890073
shruti_filming_1.mp4,2459,2,5,0.1881329676110504,0.9996332168579102,0.2552639431423611,3,0.1881329676110504,0.9996332168579102,59.96002664890073
shruti_filming_1.mp4,2460,2,5,0.1792451832669771,0.9996664683024088,0.2192515125981083,3,0.1792451832669771,0.9996664683024088,59.96002664890073
shruti_filming_1.mp4,2461,2,6,0.1697986061347668,0.9995625178019206,0.1775629750004521,4,0.1697986061347668,0.9995625178019206,59.96002664890073
shruti_filming_1.mp4,2462,2,5,0.1638761166730762,0.999639129638672,0.1445397553620515,3,0.1638761166730762,0.999639129638672,59.96002664890073
shruti_filming_1.mp4,2463,2,5,0.1570981663986943,0.9995333353678384,0.1147696883590133,3,0.1570981663986943,0.9995333353678384,59.96002664890073
shruti_filming_1.mp4,2464,2,6,0.1512806805928509,0.9998119354248048,0.0877637227376302,5,0.1512806805928509,0.9998119354248048,59.96002664890073
shruti_filming_1.mp4,2465,2,6,0.1472521883718501,0.9999080657958984,0.0698415968153211,5,0.1472521883718501,0.9999080657958984,59.96002664890073
shruti_filming_1.mp4,2466,2,6,0.1390988975901725,0.9987796783447266,0.0370981852213541,5,0.1390988975901725,0.9987796783447266,59.96002664890073
shruti_filming_1.mp4,2467,2,5,0.1347738226203041,0.9995974222819012,0.0177576135706018,4,0.1347738226203041,0.9995974222819012,59.96002664890073
shruti_filming_1.mp4,2468,2,4,0.1313217096430404,0.9992868423461914,0.003654706036603,3,0.1313217096430404,0.9992868423461914,59.96002664890073
shruti_filming_1.mp4,2469,2,4,0.1259470438204233,0.9995140075683594,0.0308388321487991,3,0.1259470438204233,0.9995140075683594,59.96002664890073
shruti_filming_1.mp4,2470,2,4,0.1295827394150708,0.9994464874267578,0.6569309658474393,3,0.1221007840905804,0.9977777481079102,59.96002664890073
shruti_filming_1.mp4,2471,2,4,0.1357710064006096,0.9994806289672852,0.6439513736300998,3,0.1173433567210007,0.9964006423950196,59.96002664890073
shruti_filming_1.mp4,2472,2,5,0.1421986505977326,0.9995089213053384,0.6281796490704572,4,0.114415667328285,0.9926012674967448,59.96002664890073
shruti_filming_1.mp4,2473,2,5,0.1485517306896023,0.9994905471801758,0.6099657694498698,4,0.1104926371362267,0.9903282165527344,59.96002664890073
shruti_filming_1.mp4,2474,2,4,0.1540775060917561,0.9994089126586914,0.597011481391059,4,0.1540775060917561,0.9994089126586914,59.96002664890073
shruti_filming_1.mp4,2475,2,4,0.1595927777428894,0.9993614196777344,0.5833997514512804,4,0.1595927777428894,0.9993614196777344,59.96002664890073
shruti_filming_1.mp4,2476,2,4,0.1642860133846019,0.9992938995361328,0.5708278797290943,4,0.1642860133846019,0.9992938995361328,59.96002664890073
shruti_filming_1.mp4,2477,2,4,0.1674759938657523,0.9993083953857422,0.564335858380353,4,0.1674759938657523,0.9993083953857422,59.96002664890073
shruti_filming_1.mp4,2478,2,4,0.1737074451517347,0.9994726181030272,0.5481505923800998,4,0.1737074451517347,0.9994726181030272,59.96002664890073
shruti_filming_1.mp4,2479,2,4,0.1777465087289682,0.9994409561157228,0.5377300262451172,4,0.1777465087289682,0.9994409561157228,59.96002664890073
shruti_filming_1.mp4,2480,2,4,0.182041529959695,0.999415397644043,0.5262391832139757,4,0.182041529959695,0.999415397644043,59.96002664890073
shruti_filming_1.mp4,2481,2,4,0.1851184106651366,0.9994081497192384,0.5192783214427806,4,0.1851184106651366,0.9994081497192384,59.96002664890073
shruti_filming_1.mp4,2482,2,6,0.1881805686555971,0.999599266052246,0.5132214016384549,6,0.1881805686555971,0.999599266052246,59.96002664890073
shruti_filming_1.mp4,2483,2,6,0.1903038757242999,0.9994503021240234,0.5061462826199001,6,0.1903038757242999,0.9994503021240234,59.96002664890073
shruti_filming_1.mp4,2484,2,5,0.1905062852724384,0.9994356155395508,0.5001447041829427,5,0.1905062852724384,0.9994356155395508,59.96002664890073
shruti_filming_1.mp4,2485,2,4,0.192835982374295,0.9988807678222656,0.4928244131582754,4,0.192835982374295,0.9988807678222656,59.96002664890073
shruti_filming_1.mp4,2486,2,5,0.1963716756767179,0.9994509379069012,0.4827460394965278,5,0.1963716756767179,0.9994509379069012,59.96002664890073
shruti_filming_1.mp4,2487,2,5,0.1957589210548488,0.9994356155395508,0.4777456636782046,5,0.1957589210548488,0.9994356155395508,59.96002664890073
shruti_filming_1.mp4,2488,2,5,0.1947266579428348,0.9993770599365236,0.4752987755669488,5,0.1947266579428348,0.9993770599365236,59.96002664890073
shruti_filming_1.mp4,2489,2,5,0.1956648245858566,0.999384880065918,0.4706371307373047,5,0.1956648245858566,0.999384880065918,59.96002664890073
shruti_filming_1.mp4,2490,2,4,0.1976085677797231,0.99937801361084,0.4624472582781756,4,0.1976085677797231,0.99937801361084,59.96002664890073
shruti_filming_1.mp4,2491,2,6,0.1986061079184259,0.999342409769694,0.456821385136357,6,0.1986061079184259,0.999342409769694,59.96002664890073
shruti_filming_1.mp4,2492,2,5,0.2000890025559864,0.9993459701538084,0.4486675686306424,5,0.2000890025559864,0.9993459701538084,59.96002664890073
shruti_filming_1.mp4,2493,2,6,0.2024896435988247,0.9994089126586914,0.4408716272424768,6,0.2024896435988247,0.9994089126586914,59.96002664890073
shruti_filming_1.mp4,2494,2,6,0.2038312016159276,0.9991876602172852,0.4359574211968316,6,0.2038312016159276,0.9991876602172852,59.96002664890073
shruti_filming_1.mp4,2495,2,5,0.2045826974626196,0.9992341995239258,0.4327034279152199,5,0.2045826974626196,0.9992341995239258,59.96002664890073
shruti_filming_1.mp4,2496,2,5,0.2052012872455061,0.9992820739746092,0.427134676332827,5,0.2052012872455061,0.9992820739746092,59.96002664890073
shruti_filming_1.mp4,2497,2,5,0.2065851945846225,0.9993515014648438,0.4197488572862413,5,0.2065851945846225,0.9993515014648438,59.96002664890073
shruti_filming_1.mp4,2498,2,5,0.2068129508820938,0.999411964416504,0.4159096188015408,5,0.2068129508820938,0.999411964416504,59.96002664890073
shruti_filming_1.mp4,2499,2,6,0.2073389494135012,0.9994327545166016,0.4115399254692925,6,0.2073389494135012,0.9994327545166016,59.96002664890073
shruti_filming_1.mp4,2500,2,5,0.2081492208676992,0.9996868133544922,0.4095420130976924,5,0.2081492208676992,0.9996868133544922,59.96002664890073
shruti_filming_1.mp4,2501,2,5,0.2085770925852881,0.9997392654418944,0.4076353143762659,5,0.2085770925852881,0.9997392654418944,59.96002664890073
shruti_filming_1.mp4,2502,2,5,0.2095450040408145,0.9996240615844728,0.4041381412082248,5,0.2095450040408145,0.9996240615844728,59.96002664890073
shruti_filming_1.mp4,2503,2,5,0.2101594303609023,0.9996404647827148,0.3987640663429543,5,0.2101594303609023,0.9996404647827148,59.96002664890073
shruti_filming_1.mp4,2504,2,5,0.2101181910507875,0.9996377944946288,0.3988019731309679,5,0.2101181910507875,0.9996377944946288,59.96002664890073
shruti_filming_1.mp4,2505,2,6,0.2093865850529821,0.9996517181396484,0.3941924907543041,6,0.2093865850529821,0.9996517181396484,59.96002664890073
shruti_filming_1.mp4,2506,2,5,0.2107549556135011,0.9996925354003906,0.3893398002341942,5,0.2107549556135011,0.9996925354003906,59.96002664890073
shruti_filming_1.mp4,2507,2,5,0.2117301775113851,0.999741808573405,0.3849918365478516,5,0.2117301775113851,0.999741808573405,59.96002664890073
shruti_filming_1.mp4,2508,2,6,0.2136441345573661,0.9994928359985352,0.3808398635299117,6,0.2136441345573661,0.9994928359985352,59.96002664890073
shruti_filming_1.mp4,2509,2,5,0.2153297799712163,0.9995235443115236,0.3753364562988281,5,0.2153297799712163,0.9995235443115236,59.96002664890073
shruti_filming_1.mp4,2510,2,6,0.2166700142177271,0.9995500564575196,0.3695164574517144,6,0.2166700142177271,0.9995500564575196,59.96002664890073
shruti_filming_1.mp4,2511,2,5,0.2166713916285274,0.999587631225586,0.367083485921224,5,0.2166713916285274,0.999587631225586,59.96002664890073
shruti_filming_1.mp4,2512,2,6,0.2190127918871628,0.9994903564453124,0.3578129521122685,6,0.2190127918871628,0.9994903564453124,59.96002664890073
shruti_filming_1.mp4,2513,2,5,0.2200929368890259,0.9997419357299804,0.3540757073296441,5,0.2200929368890259,0.9997419357299804,59.96002664890073
shruti_filming_1.mp4,2514,2,4,0.2213228571494861,0.9997760772705078,0.3500822067260742,4,0.2213228571494861,0.9997760772705078,59.96002664890073
shruti_filming_1.mp4,2515,2,4,0.222322600308546,0.9999113082885742,0.3446926611441153,4,0.222322600308546,0.9999113082885742,59.96002664890073
shruti_filming_1.mp4,2516,2,5,0.2245786953939791,0.9991838455200196,0.3397677103678385,5,0.2245786953939791,0.9991838455200196,59.96002664890073
shruti_filming_1.mp4,2517,2,5,0.2261080895971099,0.9996349334716796,0.3345319112141927,5,0.2261080895971099,0.9996349334716796,59.96002664890073
shruti_filming_1.mp4,2518,2,5,0.2264406300840157,0.9995912551879884,0.3304612336335358,5,0.2264406300840157,0.9995912551879884,59.96002664890073
shruti_filming_1.mp4,2519,2,6,0.228243290000828,0.9995464324951172,0.3245576646592882,6,0.228243290000828,0.9995464324951172,59.96002664890073
shruti_filming_1.mp4,2520,2,5,0.2295585689642272,0.9996126174926758,0.321517096625434,5,0.2295585689642272,0.9996126174926758,59.96002664890073
shruti_filming_1.mp4,2521,2,6,0.2307304598214816,0.9996004104614258,0.3183089362250434,6,0.2307304598214816,0.9996004104614258,59.96002664890073
shruti_filming_1.mp4,2522,2,4,0.2313811442042653,0.9995476404825846,0.315089444760923,3,0.2313811442042653,0.9995476404825846,59.96002664890073
shruti_filming_1.mp4,2523,2,5,0.2326968039854546,0.9997053782145182,0.3112601386176215,4,0.2326968039854546,0.9997053782145182,59.96002664890073
shruti_filming_1.mp4,2524,2,4,0.2332817763037315,0.9996471405029296,0.3069686324508102,3,0.2332817763037315,0.9996471405029296,59.96002664890073
shruti_filming_1.mp4,2525,2,5,0.2349929963541648,0.999672508239746,0.3026098745840567,5,0.2349929963541648,0.999672508239746,59.96002664890073
shruti_filming_1.mp4,2526,2,5,0.236379828687184,0.99970645904541,0.2956343120998806,5,0.236379828687184,0.99970645904541,59.96002664890073
shruti_filming_1.mp4,2527,2,5,0.2358940445746594,0.9993305206298828,0.2945626435456452,4,0.2358940445746594,0.9993305206298828,59.96002664890073
shruti_filming_1.mp4,2528,2,4,0.236215868775099,0.9988195419311524,0.2860915289984809,4,0.236215868775099,0.9988195419311524,59.96002664890073
shruti_filming_1.mp4,2529,2,5,0.2384789165718313,0.9993553797403972,0.2847593519422743,5,0.2384789165718313,0.9993553797403972,59.96002664890073
shruti_filming_1.mp4,2530,2,5,0.2391244243718554,0.999355697631836,0.2805855645073785,5,0.2391244243718554,0.999355697631836,59.96002664890073
shruti_filming_1.mp4,2531,2,5,0.2396427353911524,0.9994853973388672,0.2765385380497685,5,0.2396427353911524,0.9994853973388672,59.96002664890073
shruti_filming_1.mp4,2532,2,5,0.2395054018203087,0.9994403839111328,0.2734522784197772,4,0.2395054018203087,0.9994403839111328,59.96002664890073
shruti_filming_1.mp4,2533,2,6,0.2402600507295682,0.999347686767578,0.2723360979998553,5,0.2402600507295682,0.9994388580322264,59.96002664890073
shruti_filming_1.mp4,2534,2,4,0.2398450582640038,0.9993427276611327,0.2671298556857638,3,0.2398450582640038,0.9993427276611327,59.96002664890073
shruti_filming_1.mp4,2535,2,6,0.2409119900143317,1.0,0.2595971849229601,3,0.2409119900143317,1.0,59.96002664890073
shruti_filming_1.mp4,2536,2,6,0.2351835928020537,0.9999526977539064,0.2440014309353298,3,0.2351835928020537,0.9999526977539064,59.96002664890073
shruti_filming_1.mp4,2537,2,3,0.2276152248203827,0.9997665405273436,0.2206222534179687,2,0.2276152248203827,0.9997665405273436,59.96002664890073
shruti_filming_1.mp4,2538,2,5,0.2218837482837746,0.9997480392456056,0.1874643113878038,2,0.2218837482837746,0.9997480392456056,59.96002664890073
shruti_filming_1.mp4,2539,2,5,0.2123691008876491,0.9997346878051758,0.1555533585725007,2,0.2123691008876491,0.9997346878051758,59.96002664890073
shruti_filming_1.mp4,2540,2,5,0.2021688935322378,0.9998362223307292,0.1203006179244429,2,0.2021688935322378,0.9998362223307292,59.96002664890073
shruti_filming_1.mp4,2541,2,5,0.1933339069363299,0.9998830795288086,0.0929595947265625,2,0.1933339069363299,0.9998830795288086,59.96002664890073
shruti_filming_1.mp4,2542,2,6,0.1895086148602206,0.9999083201090496,0.0785927101417824,2,0.1895086148602206,0.9999083201090496,59.96002664890073
shruti_filming_1.mp4,2543,2,8,0.1871328567853197,0.9997163772583008,0.064141845703125,3,0.1871328567853197,0.9997163772583008,59.96002664890073
shruti_filming_1.mp4,2544,2,7,0.1800233882592874,0.998927879333496,0.0421168009440104,3,0.1800233882592874,0.998927879333496,59.96002664890073
shruti_filming_1.mp4,2545,2,6,0.1718959974215249,0.9961626052856444,0.0162029690212673,3,0.1718959974215249,0.9961626052856444,59.96002664890073
shruti_filming_1.mp4,2546,2,7,0.1668406593737502,0.993517557779948,0.0010904947916666,3,0.1668406593737502,0.993517557779948,59.96002664890073
shruti_filming_1.mp4,2547,2,5,0.1590595814354795,0.9849565505981446,0.0159256829155815,2,0.1590595814354795,0.9849565505981446,59.96002664890073
shruti_filming_1.mp4,2548,2,5,0.1542599890083322,0.981176249186198,0.0296967965585214,3,0.1542599890083322,0.981176249186198,59.96002664890073
shruti_filming_1.mp4,2549,2,5,0.1465424762588615,0.9773491541544596,0.0520483228895399,3,0.1465424762588615,0.9773491541544596,59.96002664890073
shruti_filming_1.mp4,2550,2,6,0.1391769924691956,0.9719404856363932,0.0690774705674913,3,0.1391769924691956,0.9719404856363932,59.96002664890073
shruti_filming_1.mp4,2551,2,6,0.1362343030161584,0.9726865768432618,0.0799700984248408,3,0.1362343030161584,0.9726865768432618,59.96002664890073
shruti_filming_1.mp4,2552,2,7,0.1385769587832813,0.9994747161865234,0.6101106431749131,3,0.130626320146257,0.963735580444336,59.96002664890073
shruti_filming_1.mp4,2553,2,6,0.1424963649984177,0.9995676040649414,0.5984939575195313,4,0.1424963649984177,0.9995676040649414,59.96002664890073
shruti_filming_1.mp4,2554,2,7,0.1490803046745956,0.999532381693522,0.5868726518419054,4,0.1490803046745956,0.999532381693522,59.96002664890073
shruti_filming_1.mp4,2555,2,7,0.1530698007494761,0.9994824091593424,0.5736256493462457,4,0.1530698007494761,0.9994824091593424,59.96002664890073
shruti_filming_1.mp4,2556,2,7,0.1517677836818135,0.999502436319987,0.5644008636474609,4,0.1517677836818135,0.999502436319987,59.96002664890073
shruti_filming_1.mp4,2557,2,8,0.1553485437200503,0.9995223999023436,0.5551070036711516,4,0.1553485437200503,0.9995223999023436,59.96002664890073
shruti_filming_1.mp4,2558,2,8,0.1554020667227019,0.9996273676554362,0.5446864799216942,4,0.1554020667227019,0.9996273676554362,59.96002664890073
shruti_filming_1.mp4,2559,2,9,0.1573483984381891,0.9997907638549804,0.5359081692165799,4,0.1573483984381891,0.9997907638549804,59.96002664890073
shruti_filming_1.mp4,2560,2,7,0.1602608185223329,0.9997264862060546,0.5270039876302083,4,0.1602608185223329,0.9997264862060546,59.96002664890073
shruti_filming_1.mp4,2561,2,8,0.1634297540519576,0.9997060775756836,0.5177981906467014,4,0.1634297540519576,0.9997060775756836,59.96002664890073
shruti_filming_1.mp4,2562,2,8,0.1656446126419357,0.999332046508789,0.5111471953215423,4,0.1656446126419357,0.999332046508789,59.96002664890073
shruti_filming_1.mp4,2563,2,9,0.1671375514127619,0.999712371826172,0.5032925499810113,4,0.1671375514127619,0.999712371826172,59.96002664890073
shruti_filming_1.mp4,2564,2,7,0.1693385499935781,0.9992652893066406,0.498633787367079,3,0.1693385499935781,0.9992652893066406,59.96002664890073
shruti_filming_1.mp4,2565,2,6,0.1711502752052129,0.9992008209228516,0.4893196812382451,3,0.1711502752052129,0.9992008209228516,59.96002664890073
shruti_filming_1.mp4,2566,2,6,0.17334327639619,0.9992475509643556,0.4821360694037543,3,0.17334327639619,0.9992475509643556,59.96002664890073
shruti_filming_1.mp4,2567,2,6,0.1749643375167377,0.9993825912475586,0.4786703321668837,3,0.1749643375167377,0.9993825912475586,59.96002664890073
shruti_filming_1.mp4,2568,2,6,0.1767411694136778,0.9993814468383788,0.4732316335042317,3,0.1767411694136778,0.9993814468383788,59.96002664890073
shruti_filming_1.mp4,2569,2,7,0.1775095509257193,0.9994304656982422,0.4658546730324074,3,0.1775095509257193,0.9994304656982422,59.96002664890073
shruti_filming_1.mp4,2570,2,7,0.1796390586062041,0.9994789123535156,0.4609055271855107,3,0.1796390586062041,0.9994789123535156,59.96002664890073
shruti_filming_1.mp4,2571,2,7,0.1813064423615449,0.9994935989379884,0.4550411930790654,4,0.1813064423615449,0.9994935989379884,59.96002664890073
shruti_filming_1.mp4,2572,2,6,0.1834989703851493,0.9995054244995116,0.4479240276195385,3,0.1834989703851493,0.9995054244995116,59.96002664890073
shruti_filming_1.mp4,2573,2,5,0.1840467608998005,0.999598503112793,0.4405415429009331,3,0.1840467608998005,0.999598503112793,59.96002664890073
shruti_filming_1.mp4,2574,2,6,0.1859839945429282,0.9995094299316406,0.4373908431441695,3,0.1859839945429282,0.9995094299316406,59.96002664890073
shruti_filming_1.mp4,2575,2,6,0.1874767361601725,0.9994290033976236,0.4328090950294777,3,0.1874767361601725,0.9994290033976236,59.96002664890073
shruti_filming_1.mp4,2576,2,6,0.1884726389656053,0.9994371414184572,0.4277751074896918,4,0.1884726389656053,0.9994371414184572,59.96002664890073
shruti_filming_1.mp4,2577,2,6,0.1900275088685965,0.999457550048828,0.4227553614863643,3,0.1900275088685965,0.999457550048828,59.96002664890073
shruti_filming_1.mp4,2578,2,7,0.1904564706662549,0.9995039621988931,0.4190093429000289,4,0.1904564706662549,0.9995039621988931,59.96002664890073
shruti_filming_1.mp4,2579,2,6,0.1906511454498858,0.9994577407836914,0.415783945719401,3,0.1906511454498858,0.9994577407836914,59.96002664890073
shruti_filming_1.mp4,2580,1,5,0.1900764590004433,0.9987751007080078,0.4148262023925781,3,0.1900764590004433,0.9987751007080078,59.96002664890073
shruti_filming_1.mp4,2581,1,5,0.1907558485840127,0.9987064997355144,0.410574722290039,3,0.1907558485840127,0.9987064997355144,59.96002664890073
shruti_filming_1.mp4,2582,1,5,0.1930767056102922,0.9994461059570312,0.4078363206651476,3,0.1930767056102922,0.9994461059570312,59.96002664890073
shruti_filming_1.mp4,2583,1,5,0.1949221533648583,0.9994710922241212,0.4035912549054181,3,0.1949221533648583,0.9994710922241212,59.96002664890073
shruti_filming_1.mp4,2584,1,6,0.1948569786446373,0.9988876342773436,0.3997057596842447,4,0.1948569786446373,0.9988876342773436,59.96002664890073
shruti_filming_1.mp4,2585,1,6,0.1960791803538557,0.9989658991495768,0.3959792808250145,3,0.1960791803538557,0.9989658991495768,59.96002664890073
shruti_filming_1.mp4,2586,1,6,0.1964329169539592,0.9988397598266602,0.3923617045084635,4,0.1964329169539592,0.9988397598266602,59.96002664890073
shruti_filming_1.mp4,2587,1,4,0.1970520603237673,0.9996584574381512,0.3917188432481553,3,0.1970520603237673,0.9996584574381512,59.96002664890073
shruti_filming_1.mp4,2588,1,4,0.1982667259824665,0.9994824091593424,0.3896628909640842,3,0.1982667259824665,0.9994824091593424,59.96002664890073
shruti_filming_1.mp4,2589,1,4,0.1996480965945357,0.999814224243164,0.3860853265832971,4,0.1996480965945357,0.999814224243164,59.96002664890073
shruti_filming_1.mp4,2590,1,5,0.199355834305849,0.9997413635253908,0.3838925679524739,4,0.199355834305849,0.9997413635253908,59.96002664890073
shruti_filming_1.mp4,2591,1,5,0.2005361260194331,0.9994969050089518,0.3814905802408854,4,0.2005361260194331,0.9994969050089518,59.96002664890073
shruti_filming_1.mp4,2592,1,5,0.2008693932150264,0.9995376586914062,0.3790145026312934,3,0.2008693932150264,0.9995376586914062,59.96002664890073
shruti_filming_1.mp4,2593,1,5,0.2015266723480696,0.9995845794677736,0.3765870836046007,4,0.2015266723480696,0.9995845794677736,59.96002664890073
shruti_filming_1.mp4,2594,1,5,0.2013279583335239,0.9990581512451172,0.3746862764711733,4,0.2013279583335239,0.9990581512451172,59.96002664890073
shruti_filming_1.mp4,2595,1,4,0.2028433537758731,0.9996444702148436,0.371238538953993,4,0.2028433537758731,0.9996444702148436,59.96002664890073
shruti_filming_1.mp4,2596,1,4,0.2030649719735245,0.999660873413086,0.3689517550998263,4,0.2030649719735245,0.999660873413086,59.96002664890073
shruti_filming_1.mp4,2597,1,4,0.2033506147861286,0.9998065948486328,0.3673639933268229,4,0.2033506147861286,0.9998065948486328,59.96002664890073
shruti_filming_1.mp4,2598,1,5,0.2032279043835135,0.999794069925944,0.3667070742006655,4,0.2032279043835135,0.999794069925944,59.96002664890073
shruti_filming_1.mp4,2599,1,5,0.20317978669768,0.999521827697754,0.3643636915418837,4,0.20317978669768,0.999521827697754,59.96002664890073
shruti_filming_1.mp4,2600,1,6,0.2034175018630964,0.999726168314616,0.3627399585865162,4,0.2034175018630964,0.999726168314616,59.96002664890073
shruti_filming_1.mp4,2601,1,4,0.2039920332825837,0.9996269861857096,0.3604054203739872,4,0.2039920332825837,0.9996269861857096,59.96002664890073
shruti_filming_1.mp4,2602,1,4,0.2046712373611323,0.99974791208903,0.3580059475368923,3,0.2046712373611323,0.99974791208903,59.96002664890073
shruti_filming_1.mp4,2603,1,5,0.2040667548875757,0.999638557434082,0.3565530565049913,4,0.2040667548875757,0.999638557434082,59.96002664890073
shruti_filming_1.mp4,2604,1,5,0.2044096430581218,0.9997861862182618,0.3545847574869791,4,0.2044096430581218,0.9997861862182618,59.96002664890073
shruti_filming_1.mp4,2605,1,5,0.2053063257330062,0.99969482421875,0.3521683869538484,4,0.2053063257330062,0.99969482421875,59.96002664890073
shruti_filming_1.mp4,2606,1,5,0.2061508856887775,0.999635887145996,0.3498640696207682,4,0.2061508856887775,0.999635887145996,59.96002664890073
shruti_filming_1.mp4,2607,1,6,0.2068652986661807,0.999547004699707,0.3472878915292245,4,0.2068652986661807,0.999547004699707,59.96002664890073
shruti_filming_1.mp4,2608,1,5,0.2065185552976698,0.9994077682495116,0.3449510150485568,4,0.2065185552976698,0.9994077682495116,59.96002664890073
shruti_filming_1.mp4,2609,1,6,0.2041466673692452,0.9966057459513348,0.3432630821510598,4,0.2041466673692452,0.9966057459513348,59.96002664890073
shruti_filming_1.mp4,2610,1,6,0.2009276612956482,0.9923994700113932,0.3413383766456886,4,0.2009276612956482,0.9923994700113932,59.96002664890073
shruti_filming_1.mp4,2611,1,6,0.1981386922803358,0.988157081604004,0.3424019495646159,4,0.1981386922803358,0.988157081604004,59.96002664890073
shruti_filming_1.mp4,2612,1,6,0.1945675023769339,0.9835087458292644,0.3350626627604167,4,0.1945675023769339,0.9835087458292644,59.96002664890073
shruti_filming_1.mp4,2613,1,6,0.1880602214491712,0.9773262023925782,0.3220813468650535,4,0.1880602214491712,0.9773262023925782,59.96002664890073
shruti_filming_1.mp4,2614,1,8,0.1806885939933838,0.97292849222819,0.3111828274197049,4,0.1806885939933838,0.97292849222819,59.96002664890073
shruti_filming_1.mp4,2615,1,8,0.1767674337605044,0.9673006057739256,0.3072128295898437,4,0.1767674337605044,0.9673006057739256,59.96002664890073
shruti_filming_1.mp4,2616,1,8,0.1724095042394603,0.963326899210612,0.2986238267686631,4,0.1724095042394603,0.963326899210612,59.96002664890073
shruti_filming_1.mp4,2617,1,8,0.1642752688855129,0.958224105834961,0.27925577516909,4,0.1642752688855129,0.958224105834961,59.96002664890073
shruti_filming_1.mp4,2618,1,7,0.1578949721864234,0.954428545633952,0.2659700464319299,4,0.1578949721864234,0.954428545633952,59.96002664890073
shruti_filming_1.mp4,2619,1,7,0.1525771196076594,0.9499449412027996,0.24074952867296,5,0.1525771196076594,0.9506876627604168,59.96002664890073
shruti_filming_1.mp4,2620,1,7,0.1487891990147923,0.9468681335449218,0.231796102170591,5,0.1487891990147923,0.9477043151855468,59.96002664890073
shruti_filming_1.mp4,2621,1,6,0.1407995360338059,0.9444095611572264,0.2247297286987304,4,0.1407995360338059,0.9444095611572264,59.96002664890073
shruti_filming_1.mp4,2622,1,6,0.1409160163197637,0.9414079666137696,0.2096585874204282,4,0.1409160163197637,0.9414079666137696,59.96002664890073
shruti_filming_1.mp4,2623,1,7,0.1361424344915334,0.938597551981608,0.1994099087185329,4,0.1361424344915334,0.938597551981608,59.96002664890073
shruti_filming_1.mp4,2624,1,6,0.1318389365037701,0.936506462097168,0.1845319535997178,4,0.1318389365037701,0.936506462097168,59.96002664890073
shruti_filming_1.mp4,2625,1,6,0.1287610933823937,0.9338594436645508,0.1785856458875868,4,0.1287610933823937,0.9338594436645508,59.96002664890073
shruti_filming_1.mp4,2626,1,6,0.1237206999891485,0.9314817428588869,0.1662157129358362,4,0.1237206999891485,0.9314817428588869,59.96002664890073
shruti_filming_1.mp4,2627,1,6,0.119754360032492,0.9279979705810548,0.155567960385923,4,0.119754360032492,0.9279979705810548,59.96002664890073
shruti_filming_1.mp4,2628,1,7,0.1160453458121493,0.9259252548217772,0.1430123647054036,4,0.1160453458121493,0.9259252548217772,59.96002664890073
shruti_filming_1.mp4,2629,1,6,0.11394959818042,0.9243549346923828,0.1326161985044126,4,0.11394959818042,0.9243549346923828,59.96002664890073
shruti_filming_1.mp4,2630,1,7,0.1124730541166435,0.9217060089111327,0.127266608344184,4,0.1124730541166435,0.9217060089111327,59.96002664890073
shruti_filming_1.mp4,2631,1,7,0.1090692940573596,0.9194771448771158,0.1113904034649884,4,0.1090692940573596,0.9194771448771158,59.96002664890073
shruti_filming_1.mp4,2632,1,6,0.1048225005707803,0.9156524658203123,0.0990492361563223,4,0.1048225005707803,0.9156524658203123,59.96002664890073
shruti_filming_1.mp4,2633,1,6,0.1023027431089819,0.9134064356486002,0.0912348429361979,3,0.1023027431089819,0.9134064356486002,59.96002664890073
shruti_filming_1.mp4,2634,1,5,0.0990007029267198,0.9108486175537108,0.0821449279785156,3,0.0990007029267198,0.9108486175537108,59.96002664890073
shruti_filming_1.mp4,2635,1,5,0.0957906976502272,0.90784060160319,0.0734403822157118,3,0.0957906976502272,0.90784060160319,59.96002664890073
shruti_filming_1.mp4,2636,1,5,0.0936148214362738,0.9061540603637696,0.0651628564905237,3,0.0936148214362738,0.9061540603637696,59.96002664890073
shruti_filming_1.mp4,2637,1,5,0.0916250019648578,0.9044147491455078,0.0587446989836516,3,0.0916250019648578,0.9044147491455078,59.96002664890073
shruti_filming_1.mp4,2638,1,7,0.0898567797087296,0.9029483795166016,0.0507572880497685,4,0.0898567797087296,0.9029483795166016,59.96002664890073
shruti_filming_1.mp4,2639,1,6,0.0883760230168182,0.9017297744750976,0.0431917543764467,3,0.0883760230168182,0.9017297744750976,59.96002664890073
shruti_filming_1.mp4,2640,1,5,0.0856579940470925,0.901066780090332,0.030742758291739,4,0.0856579940470925,0.901066780090332,59.96002664890073
shruti_filming_1.mp4,2641,1,5,0.0843016325210272,0.8985281626383463,0.0210443284776475,4,0.0843016325210272,0.8985281626383463,59.96002664890073
shruti_filming_1.mp4,2642,1,4,0.0813641170451538,0.8952171961466472,0.0116524872956452,3,0.0813641170451538,0.8952171961466472,59.96002664890073
shruti_filming_1.mp4,2643,1,4,0.0797818593346613,0.8941038767496745,0.003588725902416,3,0.0797818593346613,0.8941038767496745,59.96002664890073
shruti_filming_1.mp4,2644,1,5,0.0777837026291268,0.891054916381836,0.000114271375868,4,0.0777837026291268,0.891054916381836,59.96002664890073
shruti_filming_1.mp4,2645,1,6,0.0748769545067463,0.8891439437866211,0.0084220038519965,4,0.0748769545067463,0.8891439437866211,59.96002664890073
shruti_filming_1.mp4,2646,1,6,0.0735995811210725,0.886602783203125,0.0127222696940104,3,0.0735995811210725,0.886602783203125,59.96002664890073
shruti_filming_1.mp4,2647,1,7,0.0715237485935601,0.8855260848999024,0.0242927268699363,4,0.0715237485935601,0.8855260848999024,59.96002664890073
shruti_filming_1.mp4,2648,1,7,0.0700776090420711,0.8842466354370118,0.0301307678222656,5,0.0700776090420711,0.8842466354370118,59.96002664890073
shruti_filming_1.mp4,2649,1,7,0.0690443772129947,0.883393669128418,0.0366455078125,5,0.0690443772129947,0.883393669128418,59.96002664890073
shruti_filming_1.mp4,2650,1,8,0.0677804616110127,0.8815179824829101,0.0431285434299045,6,0.0677804616110127,0.8815179824829101,59.96002664890073
shruti_filming_1.mp4,2651,1,6,0.0664561062402397,0.9151157379150392,0.6741998707806622,4,0.0661605342924142,0.8803646723429362,59.96002664890073
shruti_filming_1.mp4,2652,1,8,0.0663637689305809,0.9157763163248698,0.6754055023193359,5,0.0650288484847017,0.8790789286295573,59.96002664890073
shruti_filming_1.mp4,2653,1,8,0.0659910981582167,0.9168489456176758,0.6780322392781576,5,0.0631398579749181,0.877301279703776,59.96002664890073
shruti_filming_1.mp4,2654,1,7,0.0652448589429356,0.917864990234375,0.6818012696725351,5,0.0618179403298806,0.8753871917724609,59.96002664890073
shruti_filming_1.mp4,2655,1,8,0.064381898180242,0.918171501159668,0.6868415832519531,6,0.0608463050576069,0.8738758087158203,59.96002664890073
shruti_filming_1.mp4,2656,1,9,0.0638270549812781,0.9186220169067384,0.6906487358940973,6,0.0595718777709928,0.873272196451823,59.96002664890073
shruti_filming_1.mp4,2657,1,8,0.0620613546670197,0.9160465240478516,0.6961814668443468,5,0.0582707561325514,0.8724105834960938,59.96002664890073
shruti_filming_1.mp4,2658,1,8,0.060414054802157,0.91295166015625,0.6984548074227792,4,0.0572378726134883,0.8713833491007487,59.96002664890073
shruti_filming_1.mp4,2659,1,8,0.0587834973394314,0.9092538833618165,0.701647369949906,4,0.0558566501284345,0.8689390818277994,59.96002664890073
shruti_filming_1.mp4,2660,1,8,0.0578414300127951,0.9079598108927408,0.7052192087526674,4,0.0542127039870117,0.8671223322550455,59.96002664890073
shruti_filming_1.mp4,2661,1,8,0.0567244294781159,0.908207893371582,0.7104887255915889,4,0.053305358585203,0.865730094909668,59.96002664890073
shruti_filming_1.mp4,2662,1,7,0.0560621758075932,0.9069363276163735,0.7107589297824436,4,0.051683139038311,0.8637968063354492,59.96002664890073
shruti_filming_1.mp4,2663,1,9,0.0578391742492417,0.9151126861572264,0.7131909193816008,4,0.0507649470191487,0.8623509089152018,59.96002664890073
shruti_filming_1.mp4,2664,1,9,0.0503376026879054,0.8611808776855469,0.1249020611798321,5,0.0503376026879054,0.8611808776855469,59.96002664890073
shruti_filming_1.mp4,2665,1,9,0.0495497197935819,0.8604179382324219,0.1282351741084346,4,0.0495497197935819,0.8604179382324219,59.96002664890073
shruti_filming_1.mp4,2666,1,10,0.0491811622284391,0.8614860534667969,0.1362252129448784,5,0.0491811622284391,0.8614860534667969,59.96002664890073
shruti_filming_1.mp4,2667,1,8,0.0480821609995069,0.8595632553100586,0.1378380386917679,5,0.0480821609995069,0.8595632553100586,59.96002664890073
shruti_filming_1.mp4,2668,1,10,0.0472579929809068,0.8580832163492839,0.1419622350622106,6,0.0472579929809068,0.8580832163492839,59.96002664890073
shruti_filming_1.mp4,2669,1,10,0.0560316086088143,0.9990943908691406,0.8178996898509838,6,0.0455151225526868,0.8576971689860026,59.96002664890073
shruti_filming_1.mp4,2670,1,11,0.0668574287690178,0.9992726008097332,0.7888552418461552,6,0.0446880006573822,0.8572656631469726,59.96002664890073
shruti_filming_1.mp4,2671,1,11,0.0728251659507805,0.9988750457763672,0.7706531312730577,6,0.0436434418103912,0.8556322733561198,59.96002664890073
shruti_filming_1.mp4,2672,1,8,0.0763819045684781,0.9989290237426758,0.7584997742264359,5,0.042643713951542,0.8545009613037109,59.96002664890073
shruti_filming_1.mp4,2673,1,7,0.0823224530468804,0.9988147735595704,0.7435327176694517,5,0.0423937683209078,0.8538303375244141,59.96002664890073
shruti_filming_1.mp4,2674,1,7,0.0894113847776706,0.9994091033935548,0.7251914059674298,5,0.0416897900948404,0.8529546737670899,59.96002664890073
shruti_filming_1.mp4,2675,1,7,0.0944416080884871,0.999504852294922,0.7132230546739367,5,0.0415008260403475,0.8526105880737305,59.96002664890073
shruti_filming_1.mp4,2676,1,7,0.0992923554758588,0.9994802474975586,0.6996460102222584,5,0.0405102932939944,0.8503318786621094,59.96002664890073
shruti_filming_1.mp4,2677,1,7,0.1027085995154212,0.9994343439737956,0.6898737836767126,5,0.0402340140547258,0.8492744445800782,59.96002664890073
shruti_filming_1.mp4,2678,1,7,0.1075965314321848,0.999447250366211,0.6741710486235442,5,0.0396974445294472,0.8488592147827149,59.96002664890073
shruti_filming_1.mp4,2679,1,8,0.1102986277621217,0.9994255065917969,0.6660523449933088,6,0.0391760989298927,0.8479232788085938,59.96002664890073
shruti_filming_1.mp4,2680,1,7,0.1135671543125634,0.9994308471679688,0.6572098626030816,5,0.0385312333834008,0.8467487335205078,59.96002664890073
shruti_filming_1.mp4,2681,1,7,0.1169391397691652,0.9994982401529948,0.6496232668558757,5,0.0378013862699326,0.8451120376586914,59.96002664890073
shruti_filming_1.mp4,2682,1,7,0.1218721753468411,0.9994362513224284,0.6334482122350622,5,0.0370517519291617,0.8439426422119141,59.96002664890073
shruti_filming_1.mp4,2683,1,10,0.122479289837808,0.9993871688842774,0.628293369434498,8,0.0362407043744396,0.8423128763834635,59.96002664890073
shruti_filming_1.mp4,2684,1,7,0.1260079763622747,0.9982864379882812,0.6218683172155309,5,0.0357881066355966,0.8417629877726237,59.96002664890073
shruti_filming_1.mp4,2685,1,9,0.1323334263177605,0.9994280497233072,0.611046063458478,7,0.0352780753667078,0.8413866678873698,59.96002664890073
shruti_filming_1.mp4,2686,1,7,0.1310705298087069,0.9995615005493164,0.603993578310366,5,0.0346070490768078,0.8409519195556641,59.96002664890073
shruti_filming_1.mp4,2687,1,6,0.1358598263158152,0.9995798110961914,0.5887927585177951,5,0.1358598263158152,0.9995798110961914,59.96002664890073
shruti_filming_1.mp4,2688,1,5,0.1392382705806651,0.9996049880981446,0.5856901380750869,4,0.1392382705806651,0.9996049880981446,59.96002664890073
shruti_filming_1.mp4,2689,1,6,0.1372551335024764,0.9996222178141276,0.579026116265191,5,0.1372551335024764,0.9996222178141276,59.96002664890073
shruti_filming_1.mp4,2690,1,5,0.1403008613026435,0.9996929168701172,0.569114727444119,4,0.1403008613026435,0.9996929168701172,59.96002664890073
shruti_filming_1.mp4,2691,1,5,0.1406986223163322,0.9997688293457032,0.5641258239746094,4,0.1406986223163322,0.9997688293457032,59.96002664890073
shruti_filming_1.mp4,2692,1,5,0.1427529715177661,0.9995917002360026,0.5554038577609592,4,0.1427529715177661,0.9995917002360026,59.96002664890073
shruti_filming_1.mp4,2693,1,5,0.1449297532784597,0.999737548828125,0.546412037037037,4,0.1449297532784597,0.999737548828125,59.96002664890073
shruti_filming_1.mp4,2694,1,5,0.1462830036312678,0.9996091842651368,0.5453980339898004,4,0.1462830036312678,0.9996091842651368,59.96002664890073
shruti_filming_1.mp4,2695,1,7,0.1489687127173723,0.999856440226237,0.5340504964192708,5,0.1489687127173723,0.999856440226237,59.96002664890073
shruti_filming_1.mp4,2696,1,6,0.1509600738386507,0.999392318725586,0.5273180643717448,4,0.1509600738386507,0.999392318725586,59.96002664890073
shruti_filming_1.mp4,2697,1,6,0.1527245330312628,0.9997804641723632,0.5214238060845269,4,0.1527245330312628,0.9997804641723632,59.96002664890073
shruti_filming_1.mp4,2698,1,7,0.1540587926028874,0.9997393290201824,0.5125831886574074,5,0.1540587926028874,0.9997393290201824,59.96002664890073
shruti_filming_1.mp4,2699,1,7,0.1555862147695734,0.9996463775634764,0.5066690798158999,4,0.1555862147695734,0.9996463775634764,59.96002664890073
shruti_filming_1.mp4,2700,2,8,0.1588044797259526,0.9997079849243165,0.5003807491726345,5,0.1588044797259526,0.9997079849243165,59.96002664890073
shruti_filming_1.mp4,2701,2,7,0.1579571628789482,0.9997533798217774,0.4996482425265842,5,0.1579571628789482,0.9997533798217774,59.96002664890073
shruti_filming_1.mp4,2702,2,6,0.1610993333491124,0.9997023264567058,0.4917325761583116,5,0.1610993333491124,0.9997023264567058,59.96002664890073
shruti_filming_1.mp4,2703,2,8,0.1624026009822652,0.9997062683105468,0.4817986382378472,6,0.1624026009822652,0.9997062683105468,59.96002664890073
shruti_filming_1.mp4,2704,2,8,0.1649376038177272,0.9997320175170898,0.472588136461046,6,0.1649376038177272,0.9997320175170898,59.96002664890073
shruti_filming_1.mp4,2705,2,9,0.1642210646243782,1.0,0.4744329240587022,6,0.1642210646243782,1.0,59.96002664890073
shruti_filming_1.mp4,2706,2,6,0.1660520876232961,0.9998914718627928,0.4688733418782552,4,0.1660520876232961,0.9998914718627928,59.96002664890073
shruti_filming_1.mp4,2707,2,5,0.1676529693296955,1.0,0.4644176059299045,3,0.1676529693296955,1.0,59.96002664890073
shruti_filming_1.mp4,2708,2,5,0.1690238457064616,0.9998900095621744,0.4594681209988064,3,0.1690238457064616,0.9998900095621744,59.96002664890073
shruti_filming_1.mp4,2709,2,4,0.1689753428250023,0.999789810180664,0.4579073446768301,3,0.1689753428250023,0.999789810180664,59.96002664890073
shruti_filming_1.mp4,2710,2,4,0.1690698645859137,0.9995128631591796,0.4551989943892867,3,0.1690698645859137,0.9995128631591796,59.96002664890073
shruti_filming_1.mp4,2711,2,5,0.1710806367843475,0.9998619079589844,0.4519473181830512,3,0.1710806367843475,0.9998619079589844,59.96002664890073
shruti_filming_1.mp4,2712,2,4,0.1722910546716647,1.0,0.4483334011501736,3,0.1722910546716647,1.0,59.96002664890073
shruti_filming_1.mp4,2713,2,5,0.1724725444490037,0.9996216456095378,0.4436476106996889,3,0.1724725444490037,0.9996216456095378,59.96002664890073
shruti_filming_1.mp4,2714,2,5,0.1725570425976669,0.9996073404947916,0.4417922549777561,3,0.1725570425976669,0.9996073404947916,59.96002664890073
shruti_filming_1.mp4,2715,2,4,0.1745650658247177,0.9996525446573892,0.4362829420301649,3,0.1745650658247177,0.9996525446573892,59.96002664890073
shruti_filming_1.mp4,2716,2,6,0.1761280077954439,0.9996328989664712,0.4319325199833623,3,0.1761280077954439,0.9996328989664712,59.96002664890073
shruti_filming_1.mp4,2717,2,6,0.1776752102907954,0.9997146606445312,0.4284829740171079,3,0.1776752102907954,0.9997146606445312,59.96002664890073
shruti_filming_1.mp4,2718,2,4,0.1792335668684972,0.9994813919067382,0.4229915195041233,3,0.1792335668684972,0.9994813919067382,59.96002664890073
shruti_filming_1.mp4,2719,2,5,0.1806867737504028,0.999533462524414,0.4211165251555266,3,0.1806867737504028,0.999533462524414,59.96002664890073
shruti_filming_1.mp4,2720,2,6,0.1824277957099386,0.9995983759562176,0.4153845893012153,3,0.1824277957099386,0.9995983759562176,59.96002664890073
shruti_filming_1.mp4,2721,2,6,0.1819571419760985,0.9996696472167969,0.4156465318467882,3,0.1819571419760985,0.9996696472167969,59.96002664890073
shruti_filming_1.mp4,2722,2,5,0.1825462614792923,0.9996862411499025,0.4118181864420573,3,0.1825462614792923,0.9996862411499025,59.96002664890073
shruti_filming_1.mp4,2723,2,5,0.1838598842199361,0.9996295928955078,0.4057500203450521,3,0.1838598842199361,0.9996295928955078,59.96002664890073
shruti_filming_1.mp4,2724,2,5,0.1850132825774252,0.9996532440185548,0.4013427169234664,3,0.1850132825774252,0.9996532440185548,59.96002664890073
shruti_filming_1.mp4,2725,2,5,0.1853824022046454,0.999669901529948,0.3973427949128327,3,0.1853824022046454,0.999669901529948,59.96002664890073
shruti_filming_1.mp4,2726,2,5,0.1818465326595738,0.9996585845947266,0.3820385685673466,3,0.1818465326595738,0.9996585845947266,59.96002664890073
shruti_filming_1.mp4,2727,2,6,0.1743331004987784,0.9994325637817384,0.3527189254760742,3,0.1743331004987784,0.9994325637817384,59.96002664890073
shruti_filming_1.mp4,2728,2,6,0.1674181763560853,0.9991919199625652,0.3265370262993706,3,0.1674181763560853,0.9991919199625652,59.96002664890073
shruti_filming_1.mp4,2729,2,6,0.1620020972174097,0.9998758951822916,0.3007383134629991,3,0.1620020972174097,0.9998758951822916,59.96002664890073
shruti_filming_1.mp4,2730,2,6,0.1551243890325632,0.9998031616210936,0.2730093850029839,3,0.1551243890325632,0.9998031616210936,59.96002664890073
shruti_filming_1.mp4,2731,2,8,0.1500713161865133,0.9998897552490236,0.2450650533040364,4,0.1500713161865133,0.9998897552490236,59.96002664890073
shruti_filming_1.mp4,2732,2,6,0.1459721020510187,0.9995622634887696,0.213391367594401,3,0.1459721020510187,0.9995622634887696,59.96002664890073
shruti_filming_1.mp4,2733,2,7,0.1417588829379302,0.9992490768432616,0.1988922966851128,3,0.1417588829379302,0.9992490768432616,59.96002664890073
shruti_filming_1.mp4,2734,2,7,0.1361022254823596,0.9995054244995116,0.1833610817238136,3,0.1361022254823596,0.9995054244995116,59.96002664890073
shruti_filming_1.mp4,2735,2,6,0.1323289802076922,0.9992897033691406,0.1656228807237413,3,0.1323289802076922,0.9992897033691406,59.96002664890073
shruti_filming_1.mp4,2736,2,6,0.1271949230826242,0.9955669403076172,0.146109715214482,3,0.1271949230826242,0.9955669403076172,59.96002664890073
shruti_filming_1.mp4,2737,2,6,0.1207266276565335,0.992991828918457,0.1288337283664279,3,0.1207266276565335,0.992991828918457,59.96002664890073
shruti_filming_1.mp4,2738,2,7,0.1142499775267464,0.9844505945841472,0.1221881442599826,3,0.1142499775267464,0.9844505945841472,59.96002664890073
shruti_filming_1.mp4,2739,2,7,0.1177841219317209,0.9996594111124676,0.6735299746195476,3,0.1080946999952774,0.9800504684448242,59.96002664890073
shruti_filming_1.mp4,2740,2,6,0.1222016735377514,0.9994962692260744,0.6587431165907118,3,0.1037224936176789,0.9755303064982096,59.96002664890073
shruti_filming_1.mp4,2741,2,8,0.1251700480899685,0.9995922724405925,0.6513303262216074,4,0.0994296643880295,0.971774164835612,59.96002664890073
shruti_filming_1.mp4,2742,2,8,0.1307381844364055,0.999576187133789,0.6355682090476708,4,0.0959382559933497,0.9693687438964844,59.96002664890073
shruti_filming_1.mp4,2743,2,6,0.1362614295118288,0.9993711471557616,0.6224684821234809,3,0.0912930938888813,0.9643194198608398,59.96002664890073
shruti_filming_1.mp4,2744,2,6,0.140462569159281,0.999355697631836,0.6110477871365018,4,0.08523723887852,0.9543889999389648,59.96002664890073
shruti_filming_1.mp4,2745,2,6,0.1447425018720484,0.9993096033732096,0.6019982231987847,4,0.082425041281105,0.9509836832682292,59.96002664890073
shruti_filming_1.mp4,2746,2,6,0.1480512444826066,0.9994089126586914,0.5935237884521485,5,0.1480512444826066,0.9994089126586914,59.96002664890073
shruti_filming_1.mp4,2747,2,6,0.150801403441448,0.9992925643920898,0.5834402296278212,4,0.150801403441448,0.9992925643920898,59.96002664890073
shruti_filming_1.mp4,2748,2,6,0.1519355634441443,0.9996233622233072,0.5725855650725188,4,0.1519355634441443,0.9996233622233072,59.96002664890073
shruti_filming_1.mp4,2749,2,5,0.1528911044919773,0.9995254516601564,0.5658658345540365,4,0.1528911044919773,0.9995254516601564,59.96002664890073
shruti_filming_1.mp4,2750,2,5,0.1545632769847482,0.9994808197021484,0.5585287306043837,4,0.1545632769847482,0.9994808197021484,59.96002664890073
shruti_filming_1.mp4,2751,2,5,0.1582833762961187,0.9995441436767578,0.5458313977276837,4,0.1582833762961187,0.9995441436767578,59.96002664890073
shruti_filming_1.mp4,2752,2,7,0.1614428820396036,0.9996593475341796,0.5396036783854167,5,0.1614428820396036,0.9996593475341796,59.96002664890073
shruti_filming_1.mp4,2753,2,5,0.1641023558829302,0.9995946884155272,0.529988451357241,4,0.1641023558829302,0.9995946884155272,59.96002664890073
shruti_filming_1.mp4,2754,2,6,0.1675156267048441,0.9996979395548504,0.5196280585394966,4,0.1675156267048441,0.9996979395548504,59.96002664890073
shruti_filming_1.mp4,2755,2,6,0.1710536223348592,0.9996315002441406,0.5118629738136574,4,0.1710536223348592,0.9996315002441406,59.96002664890073
shruti_filming_1.mp4,2756,2,6,0.1727702179470388,0.9991448084513348,0.5065035784686053,4,0.1727702179470388,0.9991448084513348,59.96002664890073
shruti_filming_1.mp4,2757,2,7,0.1744667691817664,0.9991348266601564,0.5002590885868778,4,0.1744667691817664,0.9991348266601564,59.96002664890073
shruti_filming_1.mp4,2758,2,7,0.1751785305325514,0.9996417999267578,0.4959829966227213,4,0.1751785305325514,0.9996417999267578,59.96002664890073
shruti_filming_1.mp4,2759,2,7,0.1774218482130284,0.999681536356608,0.4929012722439236,4,0.1774218482130284,0.999681536356608,59.96002664890073
shruti_filming_1.mp4,2760,2,7,0.1780887582536381,0.999732780456543,0.4888172714798539,4,0.1780887582536381,0.999732780456543,59.96002664890073
shruti_filming_1.mp4,2761,2,7,0.1821977482344017,0.9996444702148436,0.4799390580919054,4,0.1821977482344017,0.9996444702148436,59.96002664890073
shruti_filming_1.mp4,2762,2,6,0.1824658994627626,0.9982659022013346,0.4733620678936994,4,0.1824658994627626,0.9982659022013346,59.96002664890073
shruti_filming_1.mp4,2763,2,6,0.1857694917012499,0.9995997111002604,0.4687783417878327,4,0.1857694917012499,0.9995997111002604,59.96002664890073
shruti_filming_1.mp4,2764,2,7,0.1900352122779872,0.9999011993408204,0.4612845950656467,4,0.1900352122779872,0.9999011993408204,59.96002664890073
shruti_filming_1.mp4,2765,2,7,0.1930730831842003,0.9994346618652344,0.4544348398844401,5,0.1930730831842003,0.9994346618652344,59.96002664890073
shruti_filming_1.mp4,2766,2,6,0.1922049977821492,0.9995288848876952,0.4526308978045428,5,0.1922049977821492,0.9995288848876952,59.96002664890073
shruti_filming_1.mp4,2767,2,5,0.1924301017820835,0.9994560877482096,0.4460123697916666,5,0.1924301017820835,0.9994560877482096,59.96002664890073
shruti_filming_1.mp4,2768,2,5,0.1958834875212805,0.999505615234375,0.4421045939127604,5,0.1958834875212805,0.999505615234375,59.96002664890073
shruti_filming_1.mp4,2769,2,6,0.1983525222705793,0.9994586944580078,0.4383442772759331,4,0.1983525222705793,0.9994586944580078,59.96002664890073
shruti_filming_1.mp4,2770,2,6,0.2043594076568519,0.9995420455932618,0.4326575385199653,4,0.2043594076568519,0.9995420455932618,59.96002664890073
shruti_filming_1.mp4,2771,2,7,0.2067311997647208,0.9996007919311524,0.429303557784469,5,0.2067311997647208,0.9996007919311524,59.96002664890073
shruti_filming_1.mp4,2772,2,8,0.2066926323717106,0.9995954513549804,0.4199041861074942,5,0.2066926323717106,0.9995954513549804,59.96002664890073
shruti_filming_1.mp4,2773,2,6,0.1998411224382217,0.9996191024780272,0.4190867388689959,4,0.1998411224382217,0.9996191024780272,59.96002664890073
shruti_filming_1.mp4,2774,2,6,0.1968307059648213,0.9995915095011392,0.418721290870949,3,0.1968307059648213,0.9995915095011392,59.96002664890073
shruti_filming_1.mp4,2775,2,7,0.1958005258795175,0.9995684305826824,0.4157924510814525,5,0.1958005258795175,0.9995684305826824,59.96002664890073
shruti_filming_1.mp4,2776,2,7,0.1954331361730011,0.9995746612548828,0.4158288037335431,6,0.1954331361730011,0.9995746612548828,59.96002664890073
shruti_filming_1.mp4,2777,2,7,0.1953083383540312,0.9991117477416992,0.4110738118489583,6,0.1953083383540312,0.9991117477416992,59.96002664890073
shruti_filming_1.mp4,2778,2,7,0.1971000515333111,0.9996504465738932,0.4096919589572482,6,0.1971000515333111,0.9996504465738932,59.96002664890073
shruti_filming_1.mp4,2779,2,6,0.1973722661674158,0.9994354883829752,0.4042468176947699,5,0.1973722661674158,0.9994354883829752,59.96002664890073
shruti_filming_1.mp4,2780,2,6,0.199008694426965,0.9997095108032228,0.4011578030056423,5,0.199008694426965,0.9997095108032228,59.96002664890073
shruti_filming_1.mp4,2781,2,7,0.2005162580903238,0.9997817993164062,0.3957792070176866,5,0.2005162580903238,0.9997817993164062,59.96002664890073
shruti_filming_1.mp4,2782,2,6,0.2012244321889011,0.9998126983642578,0.3935744391547309,5,0.2012244321889011,0.9998126983642578,59.96002664890073
shruti_filming_1.mp4,2783,2,5,0.2021393431709859,0.999890391031901,0.3895728075945819,5,0.2021393431709859,0.999890391031901,59.96002664890073
shruti_filming_1.mp4,2784,2,5,0.2046341685028919,0.9998102188110352,0.3824520534939236,5,0.2046341685028919,0.9998102188110352,59.96002664890073
shruti_filming_1.mp4,2785,2,5,0.2062799452499651,0.9998007456461588,0.3784026393183955,5,0.2062799452499651,0.9998007456461588,59.96002664890073
shruti_filming_1.mp4,2786,2,6,0.2080462083146536,0.999723243713379,0.37625082510489,5,0.2080462083146536,0.999723243713379,59.96002664890073
shruti_filming_1.mp4,2787,2,6,0.20863652564278,0.9997507731119792,0.3743661951135706,6,0.20863652564278,0.9997507731119792,59.96002664890073
shruti_filming_1.mp4,2788,2,6,0.2079197132302215,0.9996695200602214,0.373667738172743,5,0.2079197132302215,0.9996695200602214,59.96002664890073
shruti_filming_1.mp4,2789,2,7,0.2088117853662482,0.9997203826904296,0.3710503472222222,6,0.2088117853662482,0.9997203826904296,59.96002664890073
shruti_filming_1.mp4,2790,2,8,0.210023969425173,0.9996761957804362,0.3658120049370659,7,0.210023969425173,0.9996761957804362,59.96002664890073
shruti_filming_1.mp4,2791,2,6,0.2098043804257184,0.9996025085449218,0.3657372933846933,5,0.2098043804257184,0.9996025085449218,59.96002664890073
shruti_filming_1.mp4,2792,2,7,0.209599012921616,0.9995922088623048,0.3654898184317129,6,0.209599012921616,0.9995922088623048,59.96002664890073
shruti_filming_1.mp4,2793,2,6,0.2104584938106357,0.9993722915649416,0.3622535988136574,4,0.2104584938106357,0.9993722915649416,59.96002664890073
shruti_filming_1.mp4,2794,2,6,0.21165876170436,0.9993297576904296,0.3575688680013021,4,0.21165876170436,0.9993297576904296,59.96002664890073
shruti_filming_1.mp4,2795,2,4,0.2102687194809361,0.997353744506836,0.3553049793949833,3,0.2102687194809361,0.997353744506836,59.96002664890073
shruti_filming_1.mp4,2796,2,4,0.2043643580352296,0.9924158096313476,0.3480065027872721,3,0.2043643580352296,0.9924158096313476,59.96002664890073
shruti_filming_1.mp4,2797,2,5,0.1928684352477042,0.9835796356201172,0.327019613760489,3,0.1928684352477042,0.9835796356201172,59.96002664890073
shruti_filming_1.mp4,2798,2,5,0.1829843226504938,0.9793728510538736,0.2958723068237304,3,0.1829843226504938,0.9793728510538736,59.96002664890073
shruti_filming_1.mp4,2799,2,4,0.1774756252875648,0.9747657775878906,0.2755199997513382,3,0.1774756252875648,0.9747657775878906,59.96002664890073
shruti_filming_1.mp4,2800,2,4,0.1703867342522938,0.9692811965942384,0.2586400773790147,3,0.1703867342522938,0.9692811965942384,59.96002664890073
shruti_filming_1.mp4,2801,2,5,0.1727337104570041,0.964515495300293,0.2603729036119249,3,0.1727337104570041,0.964515495300293,59.96002664890073
shruti_filming_1.mp4,2802,2,5,0.1549408027954066,0.9619712829589844,0.2003090893780743,3,0.1549408027954066,0.9619712829589844,59.96002664890073
shruti_filming_1.mp4,2803,2,5,0.149383005623337,0.959217643737793,0.1820137871636284,3,0.149383005623337,0.959217643737793,59.96002664890073
shruti_filming_1.mp4,2804,2,6,0.1507165059898074,0.9542063395182292,0.1937106944896556,4,0.1507165059898074,0.9542063395182292,59.96002664890073
shruti_filming_1.mp4,2805,2,5,0.1434699563731987,0.9474026362101235,0.1754652517813223,3,0.1434699563731987,0.9474026362101235,59.96002664890073
shruti_filming_1.mp4,2806,2,6,0.1279678727170333,0.940542221069336,0.13001059072989,4,0.1279678727170333,0.940542221069336,59.96002664890073
shruti_filming_1.mp4,2807,2,6,0.1341698940809066,0.9373132705688476,0.1583463880750868,4,0.1341698940809066,0.9373132705688476,59.96002664890073
shruti_filming_1.mp4,2808,2,6,0.1291700155799966,0.9331062952677408,0.1490405753806785,4,0.1291700155799966,0.9331062952677408,59.96002664890073
shruti_filming_1.mp4,2809,2,5,0.1258697927329922,0.9296989440917968,0.138151126437717,3,0.1258697927329922,0.9296989440917968,59.96002664890073
shruti_filming_1.mp4,2810,2,6,0.1177047305686735,0.9257443110148112,0.1098766750759548,4,0.1177047305686735,0.9257443110148112,59.96002664890073
shruti_filming_1.mp4,2811,2,6,0.1133429302384481,0.92249755859375,0.0955196804470486,4,0.1133429302384481,0.92249755859375,59.96002664890073
shruti_filming_1.mp4,2812,2,7,0.1091856224685627,0.9189169565836588,0.0831150196216724,5,0.1091856224685627,0.9189169565836588,59.96002664890073
shruti_filming_1.mp4,2813,2,7,0.1104489159366736,0.9168495178222656,0.0892038981119791,5,0.1104489159366736,0.9168495178222656,59.96002664890073
shruti_filming_1.mp4,2814,2,7,0.1065670926100574,0.913258997599284,0.0764351173683449,5,0.1065670926100574,0.913258997599284,59.96002664890073
shruti_filming_1.mp4,2815,2,9,0.1073407353939385,0.9172438303629558,0.0701019287109375,5,0.1073407353939385,0.9172438303629558,59.96002664890073
shruti_filming_1.mp4,2816,2,9,0.1018305253114064,0.9086071014404296,0.0531530874746817,5,0.1018305253114064,0.9086071014404296,59.96002664890073
shruti_filming_1.mp4,2817,2,9,0.1017248851724192,0.9994129180908204,0.6348316192626953,5,0.096699614245617,0.9038876215616862,59.96002664890073
shruti_filming_1.mp4,2818,2,11,0.1041207889852295,0.9995348612467448,0.6284135606553819,7,0.0932216168897273,0.903464190165202,59.96002664890073
shruti_filming_1.mp4,2819,2,8,0.1073131494829476,0.9995182037353516,0.6182226534242983,5,0.0900523841408883,0.8991779327392578,59.96002664890073
shruti_filming_1.mp4,2820,2,9,0.1096381926090193,0.9995277404785156,0.6098898711027922,6,0.0901009198833748,0.8961084365844727,59.96002664890073
shruti_filming_1.mp4,2821,2,6,0.1120231314634293,0.999501609802246,0.6011685265435113,5,0.0885027626233554,0.8916879653930664,59.96002664890073
shruti_filming_1.mp4,2822,2,6,0.1150031908751568,0.9994609832763672,0.591365475124783,6,0.1150031908751568,0.9994609832763672,59.96002664890073
shruti_filming_1.mp4,2823,2,8,0.1176855021480393,0.9995719909667968,0.5875417073567708,5,0.1176855021480393,0.9995719909667968,59.96002664890073
shruti_filming_1.mp4,2824,2,8,0.1213300688036542,0.999587059020996,0.575900141398112,5,0.1213300688036542,0.999587059020996,59.96002664890073
shruti_filming_1.mp4,2825,2,8,0.1225420268385076,0.9997013092041016,0.5695630815294054,5,0.1225420268385076,0.9997013092041016,59.96002664890073
shruti_filming_1.mp4,2826,2,9,0.1249397696524856,0.9994504928588868,0.5603641227439597,6,0.1249397696524856,0.9994504928588868,59.96002664890073
shruti_filming_1.mp4,2827,2,9,0.1265891816799737,0.9994743347167968,0.5538782896818938,6,0.1265891816799737,0.9994743347167968,59.96002664890073
shruti_filming_1.mp4,2828,2,9,0.1284248372598085,0.9994850794474284,0.5487152099609375,6,0.1284248372598085,0.9994850794474284,59.96002664890073
shruti_filming_1.mp4,2829,2,10,0.1302054893684113,0.9994812647501627,0.5429470627396195,6,0.1302054893684113,0.9994812647501627,59.96002664890073
shruti_filming_1.mp4,2830,2,8,0.1328985603009641,0.9995113372802734,0.5337089962429471,6,0.1328985603009641,0.9995113372802734,59.96002664890073
shruti_filming_1.mp4,2831,2,7,0.1349043954240429,0.9996004104614258,0.5257922702365452,6,0.1349043954240429,0.9996004104614258,59.96002664890073
shruti_filming_1.mp4,2832,2,7,0.135570936160161,0.999556350708008,0.5246960957845052,6,0.135570936160161,0.999556350708008,59.96002664890073
shruti_filming_1.mp4,2833,2,6,0.1381070617672554,0.999509112040202,0.5167921560781973,5,0.1381070617672554,0.999509112040202,59.96002664890073
shruti_filming_1.mp4,2834,2,6,0.1399610013615327,0.9995996475219726,0.5117180153175637,5,0.1399610013615327,0.9995996475219726,59.96002664890073
shruti_filming_1.mp4,2835,2,9,0.1422888684927063,0.9994850158691406,0.5044666996708622,8,0.1422888684927063,0.9994850158691406,59.96002664890073
shruti_filming_1.mp4,2836,2,8,0.1433537831561019,0.9995058059692384,0.5001460322627315,6,0.1433537831561019,0.9995058059692384,59.96002664890073
shruti_filming_1.mp4,2837,2,10,0.145377495246713,0.9995175043741862,0.4935039661548756,7,0.145377495246713,0.9995175043741862,59.96002664890073
shruti_filming_1.mp4,2838,2,9,0.1467436554455613,0.9994829177856446,0.4873086858678747,8,0.1467436554455613,0.9994829177856446,59.96002664890073
shruti_filming_1.mp4,2839,2,10,0.1478028286544424,0.9994792938232422,0.4836636296025029,8,0.1478028286544424,0.9994792938232422,59.96002664890073
shruti_filming_1.mp4,2840,2,7,0.1489785308028351,0.9995004653930664,0.478916507297092,6,0.1489785308028351,0.9995004653930664,59.96002664890073
shruti_filming_1.mp4,2841,2,6,0.1507823469890152,0.9995543162027994,0.4741099887424045,5,0.1507823469890152,0.9995543162027994,59.96002664890073
shruti_filming_1.mp4,2842,2,5,0.1526857034021911,0.9995487213134766,0.4688261667887369,5,0.1526857034021911,0.9995487213134766,59.96002664890073
shruti_filming_1.mp4,2843,2,4,0.1545534492845763,0.9993658701578776,0.4642475128173828,4,0.1545534492845763,0.9993658701578776,59.96002664890073
shruti_filming_1.mp4,2844,2,4,0.155959668836828,0.9994441986083984,0.4597691853841146,4,0.155959668836828,0.9994441986083984,59.96002664890073
shruti_filming_1.mp4,2845,2,5,0.1576633219992423,0.9995264053344728,0.4552048012062355,5,0.1576633219992423,0.9995264053344728,59.96002664890073
shruti_filming_1.mp4,2846,2,4,0.1586127494753259,0.9995195388793944,0.4522249716299552,4,0.1586127494753259,0.9995195388793944,59.96002664890073
shruti_filming_1.mp4,2847,2,4,0.1608692441343036,0.999635950724284,0.4464436142532914,3,0.1608692441343036,0.999635950724284,59.96002664890073
shruti_filming_1.mp4,2848,2,4,0.1618613924641357,0.999628448486328,0.4441857090702763,3,0.1618613924641357,0.999628448486328,59.96002664890073
shruti_filming_1.mp4,2849,2,4,0.1628185969210904,0.9995908737182616,0.4410058198151765,3,0.1628185969210904,0.9995908737182616,59.96002664890073
shruti_filming_1.mp4,2850,2,3,0.1635895604698884,0.9996265411376952,0.4368963736074942,3,0.1635895604698884,0.9996265411376952,59.96002664890073
shruti_filming_1.mp4,2851,2,5,0.165143249206481,0.9993574778238932,0.4337536564579716,4,0.165143249206481,0.9993574778238932,59.96002664890073
shruti_filming_1.mp4,2852,2,5,0.1653377537263333,0.9995853424072264,0.4292003490306713,4,0.1653377537263333,0.9995853424072264,59.96002664890073
shruti_filming_1.mp4,2853,2,5,0.1652759668633613,0.9990097681681316,0.4234881224455656,4,0.1652759668633613,0.9990097681681316,59.96002664890073
shruti_filming_1.mp4,2854,2,6,0.1580287549459198,0.9995040893554688,0.3894990850377965,4,0.1580287549459198,0.9995040893554688,59.96002664890073
shruti_filming_1.mp4,2855,2,5,0.1520260494274057,0.9992544174194335,0.3628621701841001,4,0.1520260494274057,0.9992544174194335,59.96002664890073
shruti_filming_1.mp4,2856,2,6,0.148032279722437,0.9994884490966796,0.341984748840332,4,0.148032279722437,0.9994884490966796,59.96002664890073
shruti_filming_1.mp4,2857,2,7,0.144920282007119,0.9995874404907228,0.321830000700774,4,0.144920282007119,0.9995874404907228,59.96002664890073
shruti_filming_1.mp4,2858,2,6,0.1380851729999994,0.999714469909668,0.2911143832736545,4,0.1380851729999994,0.999714469909668,59.96002664890073
shruti_filming_1.mp4,2859,2,5,0.133509940871348,0.9996709823608398,0.2729855572735822,3,0.133509940871348,0.9996709823608398,59.96002664890073
shruti_filming_1.mp4,2860,2,4,0.1285257617360831,0.9986867904663086,0.2530872344970703,3,0.1285257617360831,0.9986867904663086,59.96002664890073
shruti_filming_1.mp4,2861,2,6,0.1226658086154687,0.993015734354655,0.2329514114945023,4,0.1226658086154687,0.993015734354655,59.96002664890073
shruti_filming_1.mp4,2862,2,6,0.1175523371381626,0.9892148971557616,0.2133812233253761,4,0.1175523371381626,0.9892148971557616,59.96002664890073
shruti_filming_1.mp4,2863,2,6,0.1127672685742813,0.983946418762207,0.2025799362747757,4,0.1127672685742813,0.983946418762207,59.96002664890073
shruti_filming_1.mp4,2864,2,5,0.1085123287698715,0.977419153849284,0.1895370765968605,3,0.1085123287698715,0.977419153849284,59.96002664890073
shruti_filming_1.mp4,2865,2,5,0.1076698507084074,0.9996962229410808,0.6982111824883355,3,0.1056366609357064,0.9801973978678384,59.96002664890073
shruti_filming_1.mp4,2866,2,4,0.1131375751636611,0.9995613098144532,0.6842902289496527,3,0.0991513542410986,0.9673946380615236,59.96002664890073
shruti_filming_1.mp4,2867,2,4,0.1185101682152173,0.9993202209472656,0.6690110983671965,3,0.09324116335535,0.9666465759277344,59.96002664890073
shruti_filming_1.mp4,2868,2,4,0.1223677204108227,0.9994066874186198,0.6609814679181134,3,0.0884153927482354,0.9583501815795898,59.96002664890073
shruti_filming_1.mp4,2869,2,4,0.1219046083490927,0.9994207382202148,0.6627368927001953,3,0.0855449274321371,0.954634157816569,59.96002664890073
shruti_filming_1.mp4,2870,2,4,0.1228316131479611,0.9994741439819336,0.6590089586046007,3,0.0837107663938756,0.9560585657755534,59.96002664890073
shruti_filming_1.mp4,2871,2,4,0.1263982666121996,0.9994199752807618,0.6485704351354529,3,0.0781981813899215,0.947869873046875,59.96002664890073
shruti_filming_1.mp4,2872,2,5,0.1320435979190127,0.9994207382202148,0.6337734646267361,3,0.0753219995798936,0.9427026748657228,59.96002664890073
shruti_filming_1.mp4,2873,2,5,0.1346331290972173,0.9994124094645184,0.6264333089192708,3,0.0713460848592458,0.9357130686442058,59.96002664890073
shruti_filming_1.mp4,2874,2,5,0.1393110344452456,0.9993711471557616,0.612004315411603,3,0.0681284444280512,0.9328975677490234,59.96002664890073
shruti_filming_1.mp4,2875,2,6,0.1407690097071463,0.9994894663492838,0.6067244635687934,3,0.0657337059200034,0.9288654327392578,59.96002664890073
shruti_filming_1.mp4,2876,2,7,0.143551546208209,1.0,0.5954238609031395,5,0.143551546208209,1.0,59.96002664890073
shruti_filming_1.mp4,2877,2,6,0.1463187085296522,0.9993048350016276,0.5874084048800998,4,0.1463187085296522,0.9993048350016276,59.96002664890073
shruti_filming_1.mp4,2878,2,6,0.1482120839743826,0.9993050257364908,0.5828014938919632,4,0.1482120839743826,0.9993050257364908,59.96002664890073
shruti_filming_1.mp4,2879,2,4,0.1495464187334922,0.9992900848388672,0.575828594631619,4,0.1495464187334922,0.9992900848388672,59.96002664890073
shruti_filming_1.mp4,2880,1,5,0.1529372660545211,0.999662208557129,0.5621608310275608,4,0.1529372660545211,0.999662208557129,59.96002664890073
shruti_filming_1.mp4,2881,1,5,0.1539976565242654,0.999675178527832,0.557011893943504,4,0.1539976565242654,0.999675178527832,59.96002664890073
shruti_filming_1.mp4,2882,1,5,0.1553125145773757,0.9993249893188476,0.5529361300998263,4,0.1553125145773757,0.9993249893188476,59.96002664890073
shruti_filming_1.mp4,2883,1,6,0.1570174455311186,0.9993465423583984,0.5479526237205222,5,0.1570174455311186,0.9993465423583984,59.96002664890073
shruti_filming_1.mp4,2884,1,7,0.1600961571873739,0.999363899230957,0.539766283388491,5,0.1600961571873739,0.999363899230957,59.96002664890073
shruti_filming_1.mp4,2885,1,6,0.1616312890823179,0.9994209289550782,0.53357706423159,5,0.1616312890823179,0.9994209289550782,59.96002664890073
shruti_filming_1.mp4,2886,1,8,0.1642682497049692,0.9994574228922526,0.5257890630651403,6,0.1642682497049692,0.9994574228922526,59.96002664890073
shruti_filming_1.mp4,2887,1,6,0.1647955633311411,0.999513053894043,0.5207885177047165,5,0.1647955633311411,0.999513053894043,59.96002664890073
shruti_filming_1.mp4,2888,1,5,0.1670409277068554,0.9994459788004556,0.5167188008626302,5,0.1670409277068554,0.9994459788004556,59.96002664890073
shruti_filming_1.mp4,2889,1,6,0.1684432838810607,0.9995079040527344,0.5119795481363932,5,0.1684432838810607,0.9995079040527344,59.96002664890073
shruti_filming_1.mp4,2890,1,6,0.1701197494362929,0.9994831085205078,0.5080340350115741,6,0.1701197494362929,0.9994831085205078,59.96002664890073
shruti_filming_1.mp4,2891,1,4,0.1706427282992323,0.9997742335001628,0.501245625813802,4,0.1706427282992323,0.9997742335001628,59.96002664890073
shruti_filming_1.mp4,2892,1,4,0.171780506336646,0.99983278910319,0.4958059946695963,4,0.171780506336646,0.99983278910319,59.96002664890073
shruti_filming_1.mp4,2893,1,4,0.1722758736938919,0.9998695373535156,0.4921174225983796,4,0.1722758736938919,0.9998695373535156,59.96002664890073
shruti_filming_1.mp4,2894,1,4,0.1730913729219335,0.9997772216796876,0.4895660400390625,4,0.1730913729219335,0.9997772216796876,59.96002664890073
shruti_filming_1.mp4,2895,1,4,0.1739061580967326,0.9997976303100586,0.4866026984320746,4,0.1739061580967326,0.9997976303100586,59.96002664890073
shruti_filming_1.mp4,2896,1,4,0.1761539735685612,0.9997535705566406,0.4798482965540003,4,0.1761539735685612,0.9997535705566406,59.96002664890073
shruti_filming_1.mp4,2897,1,4,0.1783924580821945,0.9995196024576825,0.4769276512993706,4,0.1783924580821945,0.9995196024576825,59.96002664890073
shruti_filming_1.mp4,2898,1,4,0.1789333348305835,0.999538803100586,0.4733021488896122,4,0.1789333348305835,0.999538803100586,59.96002664890073
shruti_filming_1.mp4,2899,1,4,0.1789235810513572,0.9994673411051432,0.4715001000298394,4,0.1789235810513572,0.9994673411051432,59.96002664890073
shruti_filming_1.mp4,2900,1,4,0.1804961300440158,0.9994858423868817,0.4675615946451822,4,0.1804961300440158,0.9994858423868817,59.96002664890073
shruti_filming_1.mp4,2901,1,4,0.1817887936148327,0.9996761957804362,0.4645091162787543,4,0.1817887936148327,0.9996761957804362,59.96002664890073
shruti_filming_1.mp4,2902,1,4,0.1823936361146075,0.9997254053751627,0.4613612704806857,4,0.1823936361146075,0.9997254053751627,59.96002664890073
shruti_filming_1.mp4,2903,1,4,0.1844127654390306,0.999639383951823,0.4547714233398437,4,0.1844127654390306,0.999639383951823,59.96002664890073
shruti_filming_1.mp4,2904,1,4,0.1876035746273735,0.9998159408569336,0.4464711648446542,4,0.1876035746273735,0.9998159408569336,59.96002664890073
shruti_filming_1.mp4,2905,1,4,0.1859290129594879,0.9997295379638672,0.4492697115297671,4,0.1859290129594879,0.9997295379638672,59.96002664890073
shruti_filming_1.mp4,2906,1,4,0.1866348076565568,0.999774932861328,0.4471600850423177,4,0.1866348076565568,0.999774932861328,59.96002664890073
shruti_filming_1.mp4,2907,1,4,0.1861582970896658,0.9998933792114256,0.4450726403130425,4,0.1861582970896658,0.9998933792114256,59.96002664890073
shruti_filming_1.mp4,2908,1,3,0.1860898648662475,0.999848238627116,0.4418983742042824,3,0.1860898648662475,0.999848238627116,59.96002664890073
shruti_filming_1.mp4,2909,1,4,0.1876764741675449,0.9998987197875976,0.4399501376681857,4,0.1876764741675449,0.9998987197875976,59.96002664890073
shruti_filming_1.mp4,2910,1,3,0.1888204241981859,0.9997795104980468,0.4359083387586805,3,0.1888204241981859,0.9997795104980468,59.96002664890073
shruti_filming_1.mp4,2911,1,3,0.1906278916219081,0.9994812647501627,0.4368712813765914,3,0.1906278916219081,0.9994812647501627,59.96002664890073
shruti_filming_1.mp4,2912,1,5,0.1906520864034623,0.999446932474772,0.436189552589699,4,0.1906520864034623,0.999446932474772,59.96002664890073
shruti_filming_1.mp4,2913,1,4,0.1905059942935973,0.9994552612304688,0.4338708948206018,3,0.1905059942935973,0.9994552612304688,59.96002664890073
shruti_filming_1.mp4,2914,1,4,0.1912537465114265,0.9998384475708008,0.4298026897289135,3,0.1912537465114265,0.9998384475708008,59.96002664890073
shruti_filming_1.mp4,2915,1,4,0.191980288915473,1.0,0.4278068966335721,3,0.191980288915473,1.0,59.96002664890073
shruti_filming_1.mp4,2916,1,4,0.1918603024295858,0.9998455047607422,0.428074872052228,3,0.1918603024295858,0.9998455047607422,59.96002664890073
shruti_filming_1.mp4,2917,1,6,0.1915321427124473,0.999543571472168,0.4267887963189019,4,0.1915321427124473,0.999543571472168,59.96002664890073
shruti_filming_1.mp4,2918,1,5,0.1912819744478825,0.9988487879435222,0.4262625235098379,4,0.1912819744478825,0.9988487879435222,59.96002664890073
shruti_filming_1.mp4,2919,1,5,0.1898535349914217,0.9940210342407226,0.418147306089048,4,0.1898535349914217,0.9940210342407226,59.96002664890073
shruti_filming_1.mp4,2920,1,5,0.1862397872834225,0.9874534606933594,0.4176669791892722,4,0.1862397872834225,0.9874534606933594,59.96002664890073
shruti_filming_1.mp4,2921,1,5,0.1820665427530184,0.9772663116455078,0.4129526774088541,4,0.1820665427530184,0.9772663116455078,59.96002664890073
shruti_filming_1.mp4,2922,1,5,0.1783367410394324,0.9714267730712892,0.4097644664623119,4,0.1783367410394324,0.9714267730712892,59.96002664890073
shruti_filming_1.mp4,2923,1,4,0.1741545398391741,0.9645206451416016,0.41155355947989,3,0.1741545398391741,0.9645206451416016,59.96002664890073
shruti_filming_1.mp4,2924,1,4,0.1690379344689211,0.9574453353881835,0.4109760143138744,3,0.1690379344689211,0.9574453353881835,59.96002664890073
shruti_filming_1.mp4,2925,1,5,0.1675974379653619,0.953924051920573,0.4103040483262803,4,0.1675974379653619,0.953924051920573,59.96002664890073
shruti_filming_1.mp4,2926,1,6,0.1646981779373927,0.9512920379638672,0.4080058062518084,4,0.1646981779373927,0.9512920379638672,59.96002664890073
shruti_filming_1.mp4,2927,1,5,0.159669774508883,0.944528579711914,0.3975296161792896,3,0.159669774508883,0.944528579711914,59.96002664890073
shruti_filming_1.mp4,2928,1,5,0.1526677156125003,0.9416107177734376,0.3713097607647931,3,0.1526677156125003,0.9416107177734376,59.96002664890073
shruti_filming_1.mp4,2929,1,7,0.1454821419565933,0.9400358200073242,0.346378340544524,3,0.1454821419565933,0.9400358200073242,59.96002664890073
shruti_filming_1.mp4,2930,1,7,0.1385668556269956,0.93770751953125,0.3235426161024305,4,0.1385668556269956,0.93770751953125,59.96002664890073
shruti_filming_1.mp4,2931,1,7,0.1324584867429425,0.9345184961954752,0.3069209063494647,4,0.1324584867429425,0.9345184961954752,59.96002664890073
shruti_filming_1.mp4,2932,1,7,0.1265973056001692,0.9287551879882812,0.2945027104130497,3,0.1265973056001692,0.9287551879882812,59.96002664890073
shruti_filming_1.mp4,2933,1,6,0.1223488075698023,0.9240962982177734,0.2766623885543258,3,0.1223488075698023,0.9240962982177734,59.96002664890073
shruti_filming_1.mp4,2934,1,9,0.1171406179496603,0.9207643508911132,0.2636012889720775,6,0.1171406179496603,0.9207643508911132,59.96002664890073
shruti_filming_1.mp4,2935,1,8,0.1127809047558737,0.9152107238769532,0.2476008097330729,6,0.1127809047558737,0.9152107238769532,59.96002664890073
shruti_filming_1.mp4,2936,1,6,0.1084402447869069,0.9119269053141276,0.2358046355070891,5,0.1084402447869069,0.9119269053141276,59.96002664890073
shruti_filming_1.mp4,2937,1,6,0.1041488189980198,0.9092855453491212,0.2196179142704716,5,0.1041488189980198,0.9092855453491212,59.96002664890073
shruti_filming_1.mp4,2938,1,7,0.0998266804634881,0.9054379145304362,0.2045249232539424,6,0.0998266804634881,0.9054379145304362,59.96002664890073
shruti_filming_1.mp4,2939,1,6,0.0959136144956573,0.902158037821452,0.1935024685329861,5,0.0959136144956573,0.902158037821452,59.96002664890073
shruti_filming_1.mp4,2940,1,7,0.0937294953430197,0.899991226196289,0.1796320173475477,6,0.0937294953430197,0.899991226196289,59.96002664890073
shruti_filming_1.mp4,2941,1,5,0.0889049762007683,0.8973560333251953,0.1567136835168909,4,0.0889049762007683,0.8973560333251953,59.96002664890073
shruti_filming_1.mp4,2942,1,5,0.084802177445963,0.8947978973388672,0.1412771719473379,4,0.084802177445963,0.8947978973388672,59.96002664890073
shruti_filming_1.mp4,2943,1,6,0.0821405639744832,0.8920890808105468,0.1351382502803096,5,0.0821405639744832,0.8920890808105468,59.96002664890073
shruti_filming_1.mp4,2944,1,6,0.084583320259545,0.9994979858398436,0.717254532708062,5,0.0791362294807105,0.8889951705932617,59.96002664890073
shruti_filming_1.mp4,2945,1,5,0.0875726012279941,0.999513053894043,0.7100891254566334,4,0.0758436880167142,0.8860121409098307,59.96002664890073
shruti_filming_1.mp4,2946,1,5,0.0901289630049965,0.9994821548461914,0.6995191362169054,4,0.0749364482924445,0.8843332290649414,59.96002664890073
shruti_filming_1.mp4,2947,1,5,0.0940294198606062,0.999709701538086,0.6889560381571452,4,0.0716048941510962,0.8816558837890625,59.96002664890073
shruti_filming_1.mp4,2948,1,5,0.0968192268100715,0.9995866775512696,0.6802601284450955,4,0.0684550083788862,0.8775411605834961,59.96002664890073
shruti_filming_1.mp4,2949,1,6,0.0987213264159368,0.9994274139404296,0.6712156648989077,5,0.0680578221171917,0.8744948069254558,59.96002664890073
shruti_filming_1.mp4,2950,1,5,0.1016287071937727,0.9995494842529296,0.6629593778539586,4,0.0654954757579145,0.8714575449625651,59.96002664890073
shruti_filming_1.mp4,2951,1,5,0.1036498271093296,0.999539566040039,0.6562455495198568,4,0.06432786823702,0.8699466705322265,59.96002664890073
shruti_filming_1.mp4,2952,1,6,0.1068115678732283,0.999501673380534,0.6459250556098091,5,0.0630459891956707,0.8703346888224284,59.96002664890073
shruti_filming_1.mp4,2953,1,5,0.1085402184550939,0.9993377685546876,0.6393280029296875,4,0.0609422926761153,0.8681786219278972,59.96002664890073
shruti_filming_1.mp4,2954,1,4,0.1103361258336048,0.9992067972819012,0.6321999020046658,3,0.062601392896322,0.8687416076660156,59.96002664890073
shruti_filming_1.mp4,2955,1,5,0.1139048446910197,0.999078369140625,0.6211080480504919,4,0.0597015815571702,0.8639790217081705,59.96002664890073
shruti_filming_1.mp4,2956,1,5,0.1158303405284985,0.9990318298339844,0.6157596164279514,3,0.0597831436400183,0.8637863159179687,59.96002664890073
shruti_filming_1.mp4,2957,1,4,0.1176827881993112,0.9991114298502604,0.6089903231020327,3,0.0593042750952224,0.864085070292155,59.96002664890073
shruti_filming_1.mp4,2958,1,5,0.1195738496400978,0.9991643905639648,0.6013549098262081,4,0.0582406496134353,0.8625528971354167,59.96002664890073
shruti_filming_1.mp4,2959,1,4,0.1221336099262245,0.9991950988769532,0.5951689543547454,4,0.1221336099262245,0.9991950988769532,59.96002664890073
shruti_filming_1.mp4,2960,1,4,0.123676719485795,0.99921080271403,0.589522467719184,4,0.123676719485795,0.99921080271403,59.96002664890073
shruti_filming_1.mp4,2961,1,4,0.1255540177267458,0.9990780512491862,0.583835686577691,4,0.1255540177267458,0.9990780512491862,59.96002664890073
shruti_filming_1.mp4,2962,1,4,0.1275832448820114,0.9990795135498048,0.5783913082546658,4,0.1275832448820114,0.9990795135498048,59.96002664890073
shruti_filming_1.mp4,2963,1,4,0.1294272431583117,0.9991527557373048,0.5725446912977431,4,0.1294272431583117,0.9991527557373048,59.96002664890073
shruti_filming_1.mp4,2964,1,3,0.1315057607779615,0.9991867065429688,0.5653705173068576,3,0.1315057607779615,0.9991867065429688,59.96002664890073
shruti_filming_1.mp4,2965,1,3,0.133245702208175,0.999196434020996,0.5586585150824652,3,0.133245702208175,0.999196434020996,59.96002664890073
shruti_filming_1.mp4,2966,1,3,0.1347215014917553,0.999228286743164,0.5540917714436849,3,0.1347215014917553,0.999228286743164,59.96002664890073
shruti_filming_1.mp4,2967,1,3,0.136859843740864,0.999273681640625,0.5476250683819807,3,0.136859843740864,0.999273681640625,59.96002664890073
shruti_filming_1.mp4,2968,1,3,0.1390543772813732,0.9994960784912108,0.5430400989673756,3,0.1390543772813732,0.9994960784912108,59.96002664890073
shruti_filming_1.mp4,2969,1,3,0.139930073856386,0.9993684768676758,0.5375044222231264,3,0.139930073856386,0.9993684768676758,59.96002664890073
shruti_filming_1.mp4,2970,1,3,0.1405202886128164,0.9987796783447266,0.535699971516927,3,0.1405202886128164,0.9987796783447266,59.96002664890073
shruti_filming_1.mp4,2971,1,4,0.1427518399916395,0.9993748346964518,0.5302144368489583,3,0.1427518399916395,0.9993748346964518,59.96002664890073
shruti_filming_1.mp4,2972,1,3,0.1447560437522042,0.9993703842163086,0.5239429473876953,3,0.1447560437522042,0.9993703842163086,59.96002664890073
shruti_filming_1.mp4,2973,1,4,0.1467605845649059,0.9995167414347332,0.520078037403248,4,0.1467605845649059,0.9995167414347332,59.96002664890073
shruti_filming_1.mp4,2974,1,4,0.1488136518898762,0.9995647430419922,0.5140725877549913,4,0.1488136518898762,0.9995647430419922,59.96002664890073
shruti_filming_1.mp4,2975,1,4,0.149046105972593,0.9995702743530274,0.5111625247531467,4,0.149046105972593,0.9995702743530274,59.96002664890073
shruti_filming_1.mp4,2976,1,4,0.1500896237713782,0.9995199203491212,0.5080246960675275,4,0.1500896237713782,0.9995199203491212,59.96002664890073
shruti_filming_1.mp4,2977,1,3,0.1512741135571721,0.9996172587076824,0.5035802911829066,3,0.1512741135571721,0.9996172587076824,59.96002664890073
shruti_filming_1.mp4,2978,1,3,0.152002448211424,0.999660301208496,0.501393296983507,3,0.152002448211424,0.999660301208496,59.96002664890073
shruti_filming_1.mp4,2979,1,3,0.1530549854790216,0.9996543884277344,0.4973945052535445,3,0.1530549854790216,0.9996543884277344,59.96002664890073
shruti_filming_1.mp4,2980,1,4,0.1541312902419142,0.999579620361328,0.4928094651963975,3,0.1541312902419142,0.999579620361328,59.96002664890073
shruti_filming_1.mp4,2981,1,5,0.1552808660881904,0.9996755599975586,0.4896708170572916,3,0.1552808660881904,0.9996755599975586,59.96002664890073
shruti_filming_1.mp4,2982,1,3,0.1564400192689047,0.9995672861735028,0.4861965603298611,3,0.1564400192689047,0.9995672861735028,59.96002664890073
shruti_filming_1.mp4,2983,1,3,0.1575691427681401,0.9995738983154296,0.4818720499674479,3,0.1575691427681401,0.9995738983154296,59.96002664890073
shruti_filming_1.mp4,2984,1,3,0.1578514374998889,0.9994347254435222,0.4812323111074942,3,0.1578514374998889,0.9994347254435222,59.96002664890073
shruti_filming_1.mp4,2985,1,4,0.1592445828557376,0.999168586730957,0.4735128614637587,3,0.1592445828557376,0.999168586730957,59.96002664890073
shruti_filming_1.mp4,2986,1,4,0.160328026731796,0.9980560302734376,0.4681759304470486,3,0.160328026731796,0.9980560302734376,59.96002664890073
shruti_filming_1.mp4,2987,1,5,0.1574568080325628,0.991486422220866,0.4664672286422164,3,0.1574568080325628,0.991486422220866,59.96002664890073
shruti_filming_1.mp4,2988,1,4,0.1543001490672418,0.984340476989746,0.4645122386791088,3,0.1543001490672418,0.984340476989746,59.96002664890073
shruti_filming_1.mp4,2989,1,4,0.1508557067145101,0.9769857406616212,0.461756925229673,3,0.1508557067145101,0.9769857406616212,59.96002664890073
shruti_filming_1.mp4,2990,1,4,0.1515504436795405,0.976133918762207,0.4582230038113064,3,0.1515504436795405,0.976133918762207,59.96002664890073
shruti_filming_1.mp4,2991,1,4,0.147925118236782,0.9673398971557616,0.453699309737594,3,0.147925118236782,0.9673398971557616,59.96002664890073
shruti_filming_1.mp4,2992,1,4,0.147281603565902,0.9609594980875652,0.4451562104401765,3,0.147281603565902,0.9609594980875652,59.96002664890073
shruti_filming_1.mp4,2993,1,4,0.1463909786441945,0.9577404022216796,0.442231199476454,3,0.1463909786441945,0.9577404022216796,59.96002664890073
shruti_filming_1.mp4,2994,1,4,0.1438384600163166,0.953598976135254,0.4364416616934317,3,0.1438384600163166,0.953598976135254,59.96002664890073
shruti_filming_1.mp4,2995,1,4,0.1401570844531589,0.9468236923217772,0.4338360397904007,3,0.1401570844531589,0.9468236923217772,59.96002664890073
shruti_filming_1.mp4,2996,1,4,0.1384796348616024,0.9430421829223632,0.4299444834391276,3,0.1384796348616024,0.9430421829223632,59.96002664890073
shruti_filming_1.mp4,2997,1,4,0.1373745749992991,0.9387133280436198,0.4203106915509259,3,0.1373745749992991,0.9387133280436198,59.96002664890073
shruti_filming_1.mp4,2998,1,4,0.1369791592356637,0.9370319366455078,0.4199656875045211,3,0.1369791592356637,0.9370319366455078,59.96002664890073
shruti_filming_1.mp4,2999,1,4,0.139791999023011,0.9398234049479168,0.4212698477285879,3,0.139791999023011,0.9398234049479168,59.96002664890073
shruti_filming_1.mp4,3000,0,4,0.135139571420546,0.9335392634073894,0.4193268246120877,3,0.135139571420546,0.9335392634073894,59.96002664890073
shruti_filming_1.mp4,3001,0,4,0.1316948616427211,0.9292343139648438,0.4013469413474754,3,0.1316948616427211,0.9292343139648438,59.96002664890073
shruti_filming_1.mp4,3002,0,4,0.1274929257056404,0.9257668177286784,0.387828939932364,3,0.1274929257056404,0.9257668177286784,59.96002664890073
shruti_filming_1.mp4,3003,0,4,0.1200851813886806,0.918462371826172,0.372532484266493,3,0.1200851813886806,0.918462371826172,59.96002664890073
shruti_filming_1.mp4,3004,0,4,0.120140983561796,0.918560282389323,0.3724973466661241,3,0.120140983561796,0.918560282389323,59.96002664890073
shruti_filming_1.mp4,3005,0,4,0.1153551757946681,0.9140217463175456,0.3599420900698061,3,0.1153551757946681,0.9140217463175456,59.96002664890073
shruti_filming_1.mp4,3006,0,4,0.1130638954566336,0.9132852554321288,0.3446974083229348,3,0.1130638954566336,0.9132852554321288,59.96002664890073
shruti_filming_1.mp4,3007,0,4,0.1107587395729206,0.9125381469726562,0.32829835679796,3,0.1107587395729206,0.9125381469726562,59.96002664890073
shruti_filming_1.mp4,3008,0,4,0.1055827961079355,0.9065973281860352,0.3141527387830946,3,0.1055827961079355,0.9065973281860352,59.96002664890073
shruti_filming_1.mp4,3009,0,4,0.1022106664705562,0.9048079172770184,0.2973403082953559,3,0.1022106664705562,0.9048079172770184,59.96002664890073
shruti_filming_1.mp4,3010,0,4,0.0997715996034022,0.9021197001139324,0.28427084463614,3,0.0997715996034022,0.9021197001139324,59.96002664890073
shruti_filming_1.mp4,3011,0,4,0.0977234991342849,0.9003196716308594,0.2727969134295428,3,0.0977234991342849,0.9003196716308594,59.96002664890073
shruti_filming_1.mp4,3012,0,4,0.0951590177687143,0.8982944488525391,0.2590594821506076,3,0.0951590177687143,0.8982944488525391,59.96002664890073
shruti_filming_1.mp4,3013,0,4,0.0896807687172016,0.8912768046061198,0.2479316005000361,3,0.0896807687172016,0.8912768046061198,59.96002664890073
shruti_filming_1.mp4,3014,0,4,0.0883184200270301,0.8914300918579101,0.2384466383192274,3,0.0883184200270301,0.8914300918579101,59.96002664890073
shruti_filming_1.mp4,3015,0,4,0.0866719197613808,0.8909939448038737,0.2276054099754051,3,0.0866719197613808,0.8909939448038737,59.96002664890073
shruti_filming_1.mp4,3016,0,4,0.0834570678906554,0.8872810363769531,0.2106036998607494,3,0.0834570678906554,0.8872810363769531,59.96002664890073
shruti_filming_1.mp4,3017,0,4,0.0816370825741345,0.8848110198974609,0.1973405626085069,3,0.0816370825741345,0.8848110198974609,59.96002664890073
shruti_filming_1.mp4,3018,0,4,0.0784632521224907,0.8815794626871745,0.1846472987422236,3,0.0784632521224907,0.8815794626871745,59.96002664890073
shruti_filming_1.mp4,3019,0,4,0.0771350662333313,0.8804239908854167,0.1738920706289786,3,0.0771350662333313,0.8804239908854167,59.96002664890073
shruti_filming_1.mp4,3020,0,4,0.0754080748723891,0.8793523788452149,0.1617652186640986,3,0.0754080748723891,0.8793523788452149,59.96002664890073
shruti_filming_1.mp4,3021,0,5,0.0718126401643243,0.8743839263916016,0.149780202794958,4,0.0718126401643243,0.8743839263916016,59.96002664890073
shruti_filming_1.mp4,3022,0,4,0.0696126032021129,0.8719366073608399,0.140531497531467,3,0.0696126032021129,0.8719366073608399,59.96002664890073
shruti_filming_1.mp4,3023,0,5,0.0675014786475609,0.8697804133097331,0.1315064324273003,4,0.0675014786475609,0.8697804133097331,59.96002664890073
shruti_filming_1.mp4,3024,0,5,0.0645373557268046,0.8638219833374023,0.1219125818323206,4,0.0645373557268046,0.8638219833374023,59.96002664890073
shruti_filming_1.mp4,3025,0,6,0.0638392923302308,0.8653114318847657,0.109437589292173,5,0.0638392923302308,0.8653114318847657,59.96002664890073
shruti_filming_1.mp4,3026,0,5,0.0635572970143726,0.8671476364135742,0.0990713614004629,4,0.0635572970143726,0.8671476364135742,59.96002664890073
shruti_filming_1.mp4,3027,0,6,0.0610214803615343,0.8626853942871093,0.0857967517994068,5,0.0610214803615343,0.8626853942871093,59.96002664890073
shruti_filming_1.mp4,3028,0,6,0.0597103007586944,0.8615721384684245,0.0739989386664496,5,0.0597103007586944,0.8615721384684245,59.96002664890073
shruti_filming_1.mp4,3029,0,6,0.0589873643148975,0.8616788864135743,0.0651528817635995,5,0.0589873643148975,0.8616788864135743,59.96002664890073
shruti_filming_1.mp4,3030,0,6,0.0574438273517686,0.8582151412963868,0.057611592610677,5,0.0574438273517686,0.8582151412963868,59.96002664890073
shruti_filming_1.mp4,3031,0,6,0.0560803699860116,0.8579694747924804,0.0489238597728588,5,0.0560803699860116,0.8579694747924804,59.96002664890073
shruti_filming_1.mp4,3032,0,6,0.0536280062434606,0.8540443420410156,0.0398196467646846,5,0.0536280062434606,0.8540443420410156,59.96002664890073
shruti_filming_1.mp4,3033,0,6,0.0524915663599245,0.8530660629272461,0.0299729806405526,5,0.0524915663599245,0.8530660629272461,59.96002664890073
shruti_filming_1.mp4,3034,0,6,0.0510454132489394,0.8494178771972656,0.02160890367296,5,0.0510454132489394,0.8494178771972656,59.96002664890073
shruti_filming_1.mp4,3035,0,5,0.0508655964263447,0.8503811518351237,0.0116648638689959,4,0.0508655964263447,0.8503811518351237,59.96002664890073
shruti_filming_1.mp4,3036,0,5,0.0506874824987284,0.8507301330566406,0.0020308035391348,4,0.0506874824987284,0.8507301330566406,59.96002664890073
shruti_filming_1.mp4,3037,0,6,0.048524549888033,0.8462128321329753,0.0057837592230902,5,0.048524549888033,0.8462128321329753,59.96002664890073
shruti_filming_1.mp4,3038,0,5,0.0464584097528131,0.8408381144205729,0.0154084947374131,4,0.0464584097528131,0.8408381144205729,59.96002664890073
shruti_filming_1.mp4,3039,0,5,0.0451527355487686,0.8385784149169921,0.0211176554361979,4,0.0451527355487686,0.8385784149169921,59.96002664890073
shruti_filming_1.mp4,3040,0,6,0.0432248935144161,0.8356880823771159,0.0316796196831597,5,0.0432248935144161,0.8356880823771159,59.96002664890073
shruti_filming_1.mp4,3041,0,6,0.0431864988354586,0.8367929458618164,0.0399012812861689,5,0.0431864988354586,0.8367929458618164,59.96002664890073
shruti_filming_1.mp4,3042,0,7,0.0429477285438527,0.8377705256144206,0.0466393364800347,6,0.0429477285438527,0.8377705256144206,59.96002664890073
shruti_filming_1.mp4,3043,0,6,0.0426437720415479,0.8377928415934245,0.0528131273057725,5,0.0426437720415479,0.8377928415934245,59.96002664890073
shruti_filming_1.mp4,3044,0,7,0.0423122969841481,0.8361732482910156,0.05956056382921,6,0.0423122969841481,0.8361732482910156,59.96002664890073
shruti_filming_1.mp4,3045,0,5,0.0414478091420864,0.8355690002441406,0.0676806979709201,4,0.0414478091420864,0.8355690002441406,59.96002664890073
shruti_filming_1.mp4,3046,0,7,0.040022291233181,0.8339328765869141,0.0767454359266493,6,0.040022291233181,0.8339328765869141,59.96002664890073
shruti_filming_1.mp4,3047,0,6,0.0395272907630122,0.8342589060465495,0.0852635418927228,5,0.0395272907630122,0.8342589060465495,59.96002664890073
shruti_filming_1.mp4,3048,0,7,0.0385863925121278,0.8314560572306315,0.0893528408474392,6,0.0385863925121278,0.8314560572306315,59.96002664890073
shruti_filming_1.mp4,3049,0,8,0.0375173066207854,0.8271773020426433,0.0935558742947048,7,0.0375173066207854,0.8271773020426433,59.96002664890073
shruti_filming_1.mp4,3050,0,6,0.0365366870894407,0.8274463653564453,0.1013553195529513,5,0.0365366870894407,0.8274463653564453,59.96002664890073
shruti_filming_1.mp4,3051,0,6,0.0363909668030208,0.8247640609741211,0.1067564787688078,5,0.0363909668030208,0.8247640609741211,59.96002664890073
shruti_filming_1.mp4,3052,0,7,0.0370272025377036,0.8401262283325195,0.7238581975301107,6,0.0360007304952617,0.8253111521402995,59.96002664890073
shruti_filming_1.mp4,3053,0,7,0.0374503628086614,0.8397636413574219,0.7201017874258536,6,0.035863050784354,0.8259791056315104,59.96002664890073
shruti_filming_1.mp4,3054,0,7,0.0382900948696112,0.8407581965128581,0.7159538410328052,6,0.0352857136653296,0.8264132181803385,59.96002664890073
shruti_filming_1.mp4,3055,0,8,0.0383814127139501,0.8408714294433594,0.7138855828179254,7,0.0338000967379757,0.8239815394083659,59.96002664890073
shruti_filming_1.mp4,3056,0,7,0.0381580285238467,0.8410126368204752,0.7157438348840784,6,0.0328817015168843,0.8225216547648112,59.96002664890073
shruti_filming_1.mp4,3057,0,8,0.0383907811791545,0.8406920115152995,0.7121519371315285,7,0.0319258907581011,0.8196894327799479,59.96002664890073
shruti_filming_1.mp4,3058,0,8,0.0388523899221015,0.8412195841471354,0.7097423023647732,7,0.0322155055258837,0.8203645706176758,59.96002664890073
shruti_filming_1.mp4,3059,0,6,0.0389417391156328,0.841183090209961,0.7074227650960286,5,0.0318158866135248,0.8190059661865234,59.96002664890073
shruti_filming_1.mp4,3060,0,7,0.0394942222982502,0.8425134658813477,0.7046225901003237,6,0.0302625840451219,0.8147676467895508,59.96002664890073
shruti_filming_1.mp4,3061,0,7,0.0396860343340085,0.842204475402832,0.7030477311876085,6,0.0295655607231094,0.8131354014078777,59.96002664890073
shruti_filming_1.mp4,3062,0,7,0.0408358959009274,0.8424099604288737,0.6955832375420464,6,0.0292217795537708,0.8127644220987956,59.96002664890073
shruti_filming_1.mp4,3063,0,6,0.0416328227670419,0.8428864161173503,0.6911058319939507,5,0.0295120882630214,0.8133516311645508,59.96002664890073
shruti_filming_1.mp4,3064,0,7,0.0418900928678279,0.8442129770914714,0.6915058595162851,6,0.0290940792120225,0.8134138107299804,59.96002664890073
shruti_filming_1.mp4,3065,0,7,0.0421848296971968,0.8452219645182292,0.6916457423457393,6,0.0289274342930757,0.8132232666015625,59.96002664890073
shruti_filming_1.mp4,3066,0,7,0.0419066922694953,0.845326042175293,0.6929431208857784,6,0.0284133942174958,0.812689208984375,59.96002664890073
shruti_filming_1.mp4,3067,0,6,0.043309580081271,0.8461526870727539,0.6851995468139649,5,0.0280434704646338,0.812255859375,59.96002664890073
shruti_filming_1.mp4,3068,0,7,0.0432524222612031,0.8468144098917644,0.6863726333335594,6,0.0274002493631323,0.81114501953125,59.96002664890073
shruti_filming_1.mp4,3069,0,9,0.0431127553871226,0.8470912933349609,0.687521959234167,8,0.0268834612968688,0.8089828491210938,59.96002664890073
shruti_filming_1.mp4,3070,0,8,0.0429694005915532,0.8473684310913085,0.6897293090820312,7,0.026240450761462,0.8068708419799805,59.96002664890073
shruti_filming_1.mp4,3071,0,8,0.040570871830062,0.8471546173095703,0.7063532228823062,7,0.0256983039499027,0.8059303919474284,59.96002664890073
shruti_filming_1.mp4,3072,0,9,0.0406807749487631,0.8473199844360352,0.7047103069446705,8,0.0252571071714757,0.8053133010864257,59.96002664890073
shruti_filming_1.mp4,3073,0,7,0.0389829900323335,0.8477481842041016,0.7174044573748554,6,0.0243126779732604,0.8037948608398438,59.96002664890073
shruti_filming_1.mp4,3074,0,8,0.0379714155369772,0.8475620905558269,0.7259643695972584,7,0.0242887792865426,0.8041572570800781,59.96002664890073
shruti_filming_1.mp4,3075,0,8,0.0380939631407576,0.8481333414713542,0.7264532301161024,7,0.0240054426168057,0.8032597223917644,59.96002664890073
shruti_filming_1.mp4,3076,0,8,0.0386742274758297,0.8488956451416015,0.7207508299085829,7,0.0236344983838326,0.802061653137207,59.96002664890073
shruti_filming_1.mp4,3077,0,10,0.0386985807701798,0.8483110427856445,0.7188802012690791,9,0.0233925686121262,0.8013956705729167,59.96002664890073
shruti_filming_1.mp4,3078,0,11,0.0391485399659044,0.8484151840209961,0.716810346532751,10,0.0231129086743264,0.800944709777832,59.96002664890073
shruti_filming_1.mp4,3079,0,11,0.0394418215827627,0.8492738723754882,0.7189433557015878,10,0.022869643015373,0.8004997889200847,59.96002664890073
shruti_filming_1.mp4,3080,0,10,0.0390663650196263,0.8481377283732097,0.7173749217280635,9,0.022582788523653,0.8010473251342773,59.96002664890073
shruti_filming_1.mp4,3081,0,9,0.0387242940794259,0.8484479904174804,0.7215112615514685,8,0.0219800168924848,0.8001483917236328,59.96002664890073
shruti_filming_1.mp4,3082,0,12,0.0380138842172217,0.848285166422526,0.7264972828052662,11,0.0219912974330105,0.8006319046020508,59.96002664890073
shruti_filming_1.mp4,3083,0,11,0.0379905886571456,0.8482730865478516,0.7264051225450304,10,0.0215242153594994,0.7993217468261719,59.96002664890073
shruti_filming_1.mp4,3084,0,10,0.0383547361290698,0.8489563624064128,0.7248203348230433,9,0.0216850036299028,0.7999088923136394,59.96002664890073
shruti_filming_1.mp4,3085,0,10,0.0382950339402628,0.8484434763590495,0.7240303604691117,9,0.021190494899832,0.7982881546020508,59.96002664890073
shruti_filming_1.mp4,3086,0,9,0.0380461527457454,0.8487020492553711,0.7261171270299841,8,0.0211676385190286,0.798454475402832,59.96002664890073
shruti_filming_1.mp4,3087,0,11,0.0379888386827709,0.8493263880411784,0.7270057042439778,10,0.0208492483054201,0.7981160481770834,59.96002664890073
shruti_filming_1.mp4,3088,0,10,0.0385882248527195,0.8501485824584961,0.7240470886230469,9,0.0195967375490754,0.7947266896565756,59.96002664890073
shruti_filming_1.mp4,3089,0,11,0.0389031163856728,0.8509770075480143,0.7233581754896375,10,0.0186597198818344,0.7900072733561198,59.96002664890073
shruti_filming_1.mp4,3090,0,10,0.0391607263911915,0.8516539255777995,0.7233626824838144,9,0.0182912362937349,0.7922108332316081,59.96002664890073
shruti_filming_1.mp4,3091,0,10,0.038922887839489,0.8512062708536784,0.7237708762839988,9,0.0185725174949757,0.7927401860555013,59.96002664890073
shruti_filming_1.mp4,3092,0,10,0.0391903105400706,0.8512411117553711,0.721024590951425,9,0.0180786302749766,0.7910486221313476,59.96002664890073
shruti_filming_1.mp4,3093,0,8,0.0395198961656354,0.8528881072998047,0.7222092098659939,7,0.0184254715745811,0.794252586364746,59.96002664890073
shruti_filming_1.mp4,3094,0,8,0.0395108157376226,0.8521625518798828,0.7201022889879015,7,0.0186708634378414,0.7948105494181316,59.96002664890073
shruti_filming_1.mp4,3095,0,10,0.0392922739816573,0.8522720336914062,0.7221779929267036,9,0.0185741290966707,0.7944915771484375,59.96002664890073
shruti_filming_1.mp4,3096,0,8,0.0397392975484129,0.8535865783691406,0.7207925725866247,7,0.0184192845384435,0.793687121073405,59.96002664890073
shruti_filming_1.mp4,3097,0,8,0.039901404716899,0.8532052993774414,0.7190696080525716,7,0.0176202896292778,0.791327158610026,59.96002664890073
shruti_filming_1.mp4,3098,0,8,0.0395109205128068,0.8535383860270183,0.7219599971064815,7,0.0178192903840681,0.7937218348185221,59.96002664890073
shruti_filming_1.mp4,3099,0,8,0.0389587728434869,0.8533224105834961,0.7242102517022027,7,0.0176385900009255,0.7927745819091797,59.96002664890073
shruti_filming_1.mp4,3100,0,8,0.038897851906381,0.8538789749145508,0.7250258975558811,7,0.0170975004721225,0.7913663864135743,59.96002664890073
shruti_filming_1.mp4,3101,0,8,0.0393020719058525,0.8534138361612956,0.722013862044723,7,0.0171745015172443,0.7914878845214843,59.96002664890073
shruti_filming_1.mp4,3102,0,8,0.039609097279747,0.8537663141886394,0.720500769438567,7,0.0169059682092241,0.7901840845743815,59.96002664890073
shruti_filming_1.mp4,3103,0,10,0.0398541188172263,0.8541353861490886,0.7189157909817165,9,0.0168344976918888,0.7889209747314453,59.96002664890073
shruti_filming_1.mp4,3104,0,11,0.040312343241269,0.854585329691569,0.7170565993697555,10,0.0165826776484027,0.7877976099650065,59.96002664890073
shruti_filming_1.mp4,3105,0,11,0.0404027117919004,0.8543933868408203,0.7152813946759259,10,0.0161842845730306,0.7865596771240234,59.96002664890073
shruti_filming_1.mp4,3106,0,12,0.0408437026519095,0.8546505610148112,0.7126140311912253,11,0.0162093600728419,0.785901133219401,59.96002664890073
shruti_filming_1.mp4,3107,0,10,0.0408877047076627,0.8550516128540039,0.7126283998842593,9,0.0160627865143562,0.7872919082641602,59.96002664890073
shruti_filming_1.mp4,3108,0,11,0.041429876195325,0.8553644816080729,0.7101904975043403,10,0.0156537569261207,0.7867386500040691,59.96002664890073
shruti_filming_1.mp4,3109,0,10,0.041871071685122,0.8558149973551432,0.7081683052910699,9,0.0155471376893663,0.7857564926147461,59.96002664890073
shruti_filming_1.mp4,3110,0,9,0.0429103003007241,0.8560197830200196,0.7030824484648528,8,0.0154054949481764,0.7857832590738932,59.96002664890073
shruti_filming_1.mp4,3111,0,9,0.043610484119292,0.8573530832926433,0.7012402640448676,8,0.0147571519766804,0.7836874643961589,59.96002664890073
shruti_filming_1.mp4,3112,0,10,0.0440485255150162,0.8580917358398438,0.6999521184850622,9,0.0138593737511352,0.7810667673746745,59.96002664890073
shruti_filming_1.mp4,3113,0,10,0.0444759672130937,0.8580780029296875,0.6999660209373192,9,0.0136431516849228,0.7789427439371744,59.96002664890073
shruti_filming_1.mp4,3114,0,9,0.0443732934964161,0.858038584391276,0.6970545026991103,8,0.0136892783380168,0.7790964126586915,59.96002664890073
shruti_filming_1.mp4,3115,0,9,0.0445204835152118,0.8582054138183594,0.695639306527597,8,0.0140323202600443,0.7809280395507813,59.96002664890073
shruti_filming_1.mp4,3116,0,8,0.0443874153856468,0.8583458582560222,0.6959583847611038,7,0.0140470022860811,0.7808233896891276,59.96002664890073
shruti_filming_1.mp4,3117,0,8,0.0421669387269637,0.8585358301798502,0.7101589344165943,7,0.013716078242287,0.7793087005615235,59.96002664890073
shruti_filming_1.mp4,3118,0,11,0.0416282665551383,0.8587263107299805,0.7151504728529189,10,0.0131602129375096,0.7811599731445312,59.96002664890073
shruti_filming_1.mp4,3119,0,10,0.0401917314084615,0.8583608627319336,0.7248054716322158,9,0.0133468424849626,0.7802048365275065,59.96002664890073
shruti_filming_1.mp4,3120,0,11,0.0397996152714714,0.8588831583658855,0.7269235045821578,10,0.0132733988195203,0.782641855875651,59.96002664890073
shruti_filming_1.mp4,3121,0,11,0.0394108779123538,0.8588553110758463,0.7307721455891927,10,0.0132532165610852,0.7824549357096354,59.96002664890073
shruti_filming_1.mp4,3122,0,10,0.0395752176106341,0.8594580332438151,0.7314850065443251,9,0.0132212442532181,0.7803329467773438,59.96002664890073
shruti_filming_1.mp4,3123,0,10,0.0392514166345961,0.8595247268676758,0.7329660768862124,9,0.0128379366491248,0.7804376602172851,59.96002664890073
shruti_filming_1.mp4,3124,0,10,0.0392031603909115,0.8597801844278972,0.7327063807734737,9,0.0126699348009424,0.7798275629679362,59.96002664890073
shruti_filming_1.mp4,3125,0,11,0.0393179967938591,0.8599821090698242,0.7301789319073713,10,0.0122766924810518,0.7802285512288412,59.96002664890073
shruti_filming_1.mp4,3126,0,11,0.0391012155103574,0.8596531550089518,0.7306372465910735,10,0.012216343428752,0.7809334437052409,59.96002664890073
shruti_filming_1.mp4,3127,0,11,0.0392449278381752,0.8605953216552734,0.7303234524197049,10,0.0122961820103228,0.7809518178304037,59.96002664890073
shruti_filming_1.mp4,3128,0,11,0.0391242356099529,0.8608379364013672,0.7306361940171984,10,0.0121292553442698,0.7811381022135416,59.96002664890073
shruti_filming_1.mp4,3129,0,11,0.039869111439696,0.8608801523844402,0.7248584888599537,10,0.012060466794711,0.78092835744222,59.96002664890073
shruti_filming_1.mp4,3130,0,10,0.0403041117864281,0.8608463287353516,0.7235702655933521,9,0.0122865436309452,0.7804883321126302,59.96002664890073
shruti_filming_1.mp4,3131,0,9,0.0402792413520661,0.8610851287841796,0.7247199729636863,8,0.0121879523820502,0.7801891326904297,59.96002664890073
shruti_filming_1.mp4,3132,0,10,0.0401979338251597,0.8612053553263347,0.7236505296495226,9,0.012231640607955,0.7801027297973633,59.96002664890073
shruti_filming_1.mp4,3133,0,10,0.039502261260281,0.8614464441935221,0.7287697615446868,9,0.0119865672765256,0.7814963022867839,59.96002664890073
shruti_filming_1.mp4,3134,0,10,0.0395515053117803,0.860642687479655,0.7268451266818576,9,0.0117838424391811,0.7821884791056315,59.96002664890073
shruti_filming_1.mp4,3135,0,11,0.0395036119763204,0.8613494873046875,0.7286032570732964,10,0.0119597464866927,0.7831281661987305,59.96002664890073
shruti_filming_1.mp4,3136,0,11,0.0395617807423642,0.8616480509440104,0.7286858593976057,10,0.0116858464389871,0.7822988510131836,59.96002664890073
shruti_filming_1.mp4,3137,0,10,0.0394991534974259,0.8616094589233398,0.7316343731350369,9,0.0119025615470794,0.7831228892008464,59.96002664890073
shruti_filming_1.mp4,3138,0,11,0.0396061257743794,0.8617795944213867,0.7291236029730903,10,0.0114632890955868,0.7839385986328125,59.96002664890073
shruti_filming_1.mp4,3139,0,11,0.0392700906621757,0.8616287231445312,0.7309995863172744,9,0.0111595537554239,0.7846818923950195,59.96002664890073
shruti_filming_1.mp4,3140,0,11,0.0395839348468682,0.8625603357950846,0.7305326179221824,9,0.0110775113404573,0.7843925476074218,59.96002664890073
shruti_filming_1.mp4,3141,0,11,0.0398435676919752,0.8624876658121745,0.7297027234677915,9,0.0109717324210968,0.7850456873575846,59.96002664890073
shruti_filming_1.mp4,3142,0,10,0.0396402855242073,0.8618780136108398,0.7321139512238679,9,0.0106190555985085,0.7860075632731119,59.96002664890073
shruti_filming_1.mp4,3143,0,10,0.0401717418310192,0.8625213623046875,0.7300799546418366,9,0.0106606837795374,0.7854089736938477,59.96002664890073
shruti_filming_1.mp4,3144,0,10,0.0401608104807526,0.8622618357340495,0.7294694547299986,9,0.0104478272977198,0.7848232905069987,59.96002664890073
shruti_filming_1.mp4,3145,0,10,0.0399340165466128,0.8622498194376628,0.7303681267632378,9,0.0103287136280495,0.7853947321573893,59.96002664890073
shruti_filming_1.mp4,3146,0,10,0.0398726247505207,0.8617841720581054,0.7294091118706597,9,0.0101572143142887,0.7859774271647135,59.96002664890073
shruti_filming_1.mp4,3147,0,9,0.0394133437071852,0.8621287027994792,0.7326943715413411,8,0.0100460282703473,0.786044184366862,59.96002664890073
shruti_filming_1.mp4,3148,0,9,0.0396008617696991,0.8620419184366862,0.7308710168909144,8,0.0097471862949896,0.7858799616495769,59.96002664890073
shruti_filming_1.mp4,3149,0,10,0.0390134040868787,0.8615253448486329,0.7339347980640553,9,0.0096511092091289,0.7862904230753581,59.96002664890073
shruti_filming_1.mp4,3150,0,10,0.03887956112086,0.8619412104288737,0.7360388649834527,9,0.0094564936110529,0.7864426930745443,59.96002664890073
shruti_filming_1.mp4,3151,0,11,0.0388409684812924,0.8616630554199218,0.735697873433431,10,0.0093676619322246,0.7862675348917644,59.96002664890073
shruti_filming_1.mp4,3152,0,11,0.0384105318383242,0.8609743118286133,0.7364017910427517,10,0.0092615842903291,0.7853703816731771,59.96002664890073
shruti_filming_1.mp4,3153,0,10,0.0384109299684429,0.8609362284342448,0.7368059582180447,9,0.0092257621780542,0.7841856002807617,59.96002664890073
shruti_filming_1.mp4,3154,0,12,0.0383028010569493,0.8611282348632813,0.7380269792344835,11,0.0091443613801082,0.7843517303466797,59.96002664890073
shruti_filming_1.mp4,3155,0,11,0.0382954704084895,0.8609049479166667,0.7371015619348597,10,0.0091923547478789,0.7852730433146159,59.96002664890073
shruti_filming_1.mp4,3156,0,10,0.0385146186331648,0.861181894938151,0.7361835832949037,9,0.0091858800474976,0.7848049799601237,59.96002664890073
shruti_filming_1.mp4,3157,0,10,0.0387907198053774,0.8610731760660807,0.734540663825141,9,0.0091947633456287,0.7822632471720378,59.96002664890073
shruti_filming_1.mp4,3158,0,9,0.0388482847910253,0.8611431757609049,0.7342689231589988,8,0.0089710684562817,0.7819325764973958,59.96002664890073
shruti_filming_1.mp4,3159,0,10,0.0389533810648011,0.861750602722168,0.7338350154735424,9,0.0090314146715725,0.7808238983154296,59.96002664890073
shruti_filming_1.mp4,3160,0,10,0.0387743013622457,0.8611288706461588,0.7336013582017686,9,0.0090455032422,0.7808032989501953,59.96002664890073
shruti_filming_1.mp4,3161,0,11,0.038961670136201,0.8613618850708008,0.7328826409799082,10,0.0090489991935707,0.7818630854288737,59.96002664890073
shruti_filming_1.mp4,3162,0,11,0.0388494177481415,0.8610069910685222,0.7328345192803277,10,0.0090887986109333,0.7824665705362955,59.96002664890073
shruti_filming_1.mp4,3163,0,11,0.0390477765708338,0.861290168762207,0.7319843362878871,10,0.0091219923623915,0.7830166498819987,59.96002664890073
shruti_filming_1.mp4,3164,0,10,0.0390645430226302,0.8611729303995769,0.7304982291327582,8,0.0090498751585039,0.7822122573852539,59.96002664890073
shruti_filming_1.mp4,3165,0,12,0.039378569338817,0.8612815856933593,0.7294033615677445,10,0.0084712315001524,0.7820349375406901,59.96002664890073
shruti_filming_1.mp4,3166,0,12,0.0393714653114969,0.8613229751586914,0.729417680810999,10,0.0084851896519022,0.7819981257120768,59.96002664890073
shruti_filming_1.mp4,3167,0,10,0.0392966713255737,0.8614319483439128,0.7306373808119032,9,0.0083778552235,0.7817096710205078,59.96002664890073
shruti_filming_1.mp4,3168,0,10,0.0395096900171376,0.8620047251383464,0.7296124211064091,9,0.0083980177314434,0.7819624582926432,59.96002664890073
shruti_filming_1.mp4,3169,0,10,0.0396492360562366,0.8617714564005534,0.7288703989099573,9,0.008598817526167,0.7820285797119141,59.96002664890073
shruti_filming_1.mp4,3170,0,10,0.0394940012929752,0.8616398493448894,0.7298844867282444,9,0.0084936981420226,0.7808696746826171,59.96002664890073
shruti_filming_1.mp4,3171,0,10,0.039522272521198,0.8615879058837891,0.7297002509788231,9,0.0082718765920058,0.7803672154744467,59.96002664890073
shruti_filming_1.mp4,3172,0,10,0.0396779646339672,0.86164976755778,0.7274827321370443,9,0.0082144599734844,0.7806233088175456,59.96002664890073
shruti_filming_1.mp4,3173,0,12,0.0397649878544312,0.8615288416544596,0.7261054922033239,11,0.008289991356303,0.7803567886352539,59.96002664890073
shruti_filming_1.mp4,3174,0,11,0.0394681087764219,0.8606494903564453,0.7258663954558195,10,0.0081977718195142,0.7779422760009765,59.96002664890073
shruti_filming_1.mp4,3175,0,9,0.0397452145742742,0.8608309427897135,0.7207017474704318,8,0.0083759289327469,0.7795613606770834,59.96002664890073
shruti_filming_1.mp4,3176,0,8,0.0403876285283331,0.8606011072794596,0.7192082299126519,7,0.0083166210989778,0.7797760009765625,59.96002664890073
shruti_filming_1.mp4,3177,0,9,0.0408637152613664,0.861058235168457,0.7171519950584129,8,0.0081546765279199,0.7800026575724284,59.96002664890073
shruti_filming_1.mp4,3178,0,10,0.0408230370706978,0.860668436686198,0.7125411916662145,9,0.0081338602801163,0.7798234303792317,59.96002664890073
shruti_filming_1.mp4,3179,0,10,0.0410783530927276,0.8605642318725586,0.7108895195855035,9,0.0082831894508368,0.7803390502929688,59.96002664890073
shruti_filming_1.mp4,3180,0,10,0.0416104039714102,0.8611593246459961,0.7096586439344618,9,0.0081398609538155,0.7787258148193359,59.96002664890073
shruti_filming_1.mp4,3181,0,9,0.041770064715256,0.8602692286173502,0.7081275833977594,8,0.0084751245455764,0.779896354675293,59.96002664890073
shruti_filming_1.mp4,3182,0,10,0.0424311780457517,0.8609091440836588,0.7049195607503255,8,0.0103210522890246,0.7789485295613606,59.96002664890073
shruti_filming_1.mp4,3183,0,10,0.0428659699352804,0.8615162531534831,0.7017641350075051,9,0.0079812558786943,0.7793989181518555,59.96002664890073
shruti_filming_1.mp4,3184,0,11,0.0429525607838985,0.8610350290934244,0.7003915716100622,10,0.0078993764662946,0.7780640284220378,59.96002664890073
shruti_filming_1.mp4,3185,0,15,0.0438677414615813,0.8620234171549479,0.7003135681152344,13,0.0081310080532879,0.7768941879272461,59.96002664890073
shruti_filming_1.mp4,3186,0,11,0.0443361907624919,0.8620409647623698,0.695468196162471,10,0.0077130786983697,0.7760460535685222,59.96002664890073
shruti_filming_1.mp4,3187,0,10,0.044227472568107,0.8616652170817057,0.6965321505511248,9,0.0082661897896226,0.7789305369059245,59.96002664890073
shruti_filming_1.mp4,3188,0,12,0.0450411966707855,0.8617786407470703,0.6919668656808359,10,0.0079432681058447,0.7769200007120768,59.96002664890073
shruti_filming_1.mp4,3189,0,11,0.0449237774412639,0.8608989715576172,0.6908897470544886,9,0.0084597102952776,0.7772350311279297,59.96002664890073
shruti_filming_1.mp4,3190,0,10,0.0454263596733123,0.8598434448242187,0.685345388341833,8,0.0079386639016835,0.7760387420654297,59.96002664890073
shruti_filming_1.mp4,3191,0,12,0.0465794491621286,0.8592918395996094,0.6769151899549696,9,0.0074596803901012,0.7743185679117839,59.96002664890073
shruti_filming_1.mp4,3192,0,10,0.0456771850153044,0.8579716364542643,0.6764893143265336,9,0.0074041482803295,0.7730934143066406,59.96002664890073
shruti_filming_1.mp4,3193,0,11,0.0454321662562263,0.8580610275268554,0.6779904789394803,10,0.0076751129257765,0.7836498260498047,59.96002664890073
shruti_filming_1.mp4,3194,0,11,0.045181256066846,0.8578578948974609,0.6796231693691678,10,0.0081503166327133,0.7832904815673828,59.96002664890073
shruti_filming_1.mp4,3195,0,12,0.0458578408288568,0.8575680414835612,0.6747101324575918,10,0.007692306737105,0.7833936055501302,59.96002664890073
shruti_filming_1.mp4,3196,0,10,0.0458081844351599,0.8578424453735352,0.676407708062066,8,0.0068836393393576,0.7704868316650391,59.96002664890073
shruti_filming_1.mp4,3197,0,12,0.0456679634054631,0.8576238632202149,0.6781886524624294,9,0.006801476484268,0.7709749221801758,59.96002664890073
shruti_filming_1.mp4,3198,0,9,0.0449408313786692,0.8580471674601237,0.6844780957257306,8,0.021335868928064,0.7840316772460938,59.96002664890073
shruti_filming_1.mp4,3199,0,9,0.048623007669424,0.8585604349772136,0.6644860161675348,7,0.0072945556734339,0.7706429163614908,59.96002664890073
shruti_filming_1.mp4,3200,0,8,0.04748822223615,0.8583610534667969,0.6713135330765335,7,0.0075358185289789,0.7705434799194336,59.96002664890073
shruti_filming_1.mp4,3201,0,9,0.0496999913676093,0.8575991312662761,0.6537999576992459,8,0.007307334854025,0.7704412460327148,59.96002664890073
shruti_filming_1.mp4,3202,0,10,0.049847007505539,0.8571251551310222,0.652222654554579,8,0.0071827946095813,0.7692992528279622,59.96002664890073
shruti_filming_1.mp4,3203,0,10,0.0494175214792873,0.857354736328125,0.6579756842719184,8,0.0071381293698666,0.769691276550293,59.96002664890073
shruti_filming_1.mp4,3204,0,10,0.0495662554050175,0.8570211410522461,0.6582727361608435,9,0.0067444852280324,0.7752659479777019,59.96002664890073
shruti_filming_1.mp4,3205,0,9,0.0472221000345113,0.8569023132324218,0.6739615440368653,8,0.0112317638554803,0.7756508509318034,59.96002664890073
shruti_filming_1.mp4,3206,0,11,0.0470082096071962,0.8563517252604167,0.6756679146378128,9,0.006287771685618,0.7749010721842448,59.96002664890073
shruti_filming_1.mp4,3207,0,11,0.0489558304181143,0.8556688308715821,0.662168025970459,9,0.00628299761238,0.773960558573405,59.96002664890073
shruti_filming_1.mp4,3208,0,10,0.0494251583097287,0.8554333368937175,0.6565002865261502,8,0.0062901806615021,0.773150889078776,59.96002664890073
shruti_filming_1.mp4,3209,0,12,0.0524265519198084,0.8553579966227214,0.6367184674298322,10,0.0069452065775921,0.772793706258138,59.96002664890073
shruti_filming_1.mp4,3210,0,13,0.0542586507625431,0.8549484252929688,0.6248656378851997,11,0.0078621552253348,0.7643602371215821,59.96002664890073
shruti_filming_1.mp4,3211,0,12,0.0502153916984409,0.8543008804321289,0.6500174522399902,10,0.0060569523051122,0.77130552927653,59.96002664890073
shruti_filming_1.mp4,3212,0,10,0.0487266527213338,0.8541688919067383,0.6612360777678313,8,0.0059926611863516,0.7715773264567057,59.96002664890073
shruti_filming_1.mp4,3213,0,11,0.0484438303327624,0.8542938232421875,0.6654027409023708,9,0.0059080447369746,0.7711021423339843,59.96002664890073
shruti_filming_1.mp4,3214,0,12,0.0488462580033983,0.8532234827677408,0.6624563146520543,10,0.0057462375685874,0.7710947036743164,59.96002664890073
shruti_filming_1.mp4,3215,0,11,0.0486763390292266,0.8526672999064128,0.6620426601833768,9,0.0056023571524592,0.7707405090332031,59.96002664890073
shruti_filming_1.mp4,3216,0,9,0.0486827087901312,0.8529701868693034,0.6628618876139323,8,0.0057817569827279,0.7710180282592773,59.96002664890073
shruti_filming_1.mp4,3217,0,12,0.0488488812124059,0.8533987681070964,0.6639388755515769,10,0.0058794003749412,0.7712848663330079,59.96002664890073
shruti_filming_1.mp4,3218,0,12,0.0482546169993939,0.8519964218139648,0.6632330152723525,11,0.0057852343528497,0.7691335678100586,59.96002664890073
shruti_filming_1.mp4,3219,0,12,0.0493323748047825,0.8537834167480469,0.66099607679579,11,0.0055022667799817,0.7678759256998698,59.96002664890073
shruti_filming_1.mp4,3220,0,9,0.0491253348071283,0.8518110275268554,0.6556121826171875,8,0.0058692249275433,0.7675390879313151,59.96002664890073
shruti_filming_1.mp4,3221,0,9,0.0492122344010567,0.8517250061035156,0.6546068827311198,8,0.0057563655841901,0.7683834711710612,59.96002664890073
shruti_filming_1.mp4,3222,0,11,0.0490839081651453,0.8519001007080078,0.6561841046368634,10,0.0053954748086269,0.7687992095947266,59.96002664890073
shruti_filming_1.mp4,3223,0,9,0.0499876841809816,0.8530641555786133,0.6550657484266493,8,0.0056656139341821,0.7679412841796875,59.96002664890073
shruti_filming_1.mp4,3224,0,11,0.050909688667986,0.8519100824991862,0.6462965647379557,10,0.0059549624925421,0.7667385737101237,59.96002664890073
shruti_filming_1.mp4,3225,0,9,0.051996733786978,0.8512808481852213,0.6382269965277778,8,0.0058364763480009,0.7653061548868815,59.96002664890073
shruti_filming_1.mp4,3226,0,8,0.0516554340451702,0.8507120132446289,0.6394867508499711,6,0.0056121332541375,0.7658364613850911,59.96002664890073
shruti_filming_1.mp4,3227,0,11,0.0518382117483674,0.8499719619750976,0.6376042825204354,9,0.0055734780669121,0.7663902282714844,59.96002664890073
shruti_filming_1.mp4,3228,0,12,0.0512865965087257,0.848260498046875,0.6367252349853516,10,0.0054643857648867,0.7655963897705078,59.96002664890073
shruti_filming_1.mp4,3229,0,13,0.0503611554922315,0.845777956644694,0.6379211001925998,11,0.0059654689662986,0.768362299601237,59.96002664890073
shruti_filming_1.mp4,3230,0,10,0.0514246581454979,0.8458456039428711,0.6312819586859809,8,0.0055225256238837,0.764719835917155,59.96002664890073
shruti_filming_1.mp4,3231,0,10,0.0511313614306467,0.8439457575480144,0.632344224717882,8,0.0051006197681999,0.7636425018310546,59.96002664890073
shruti_filming_1.mp4,3232,0,9,0.0513667062774335,0.8439094543457031,0.6332266065809462,7,0.0054249237148205,0.7648883819580078,59.96002664890073
shruti_filming_1.mp4,3233,0,10,0.051670573311247,0.8426456451416016,0.6283143078839337,7,0.0057916324323741,0.765948232014974,59.96002664890073
shruti_filming_1.mp4,3234,0,9,0.0512016438908014,0.8416315714518229,0.627311282687717,6,0.0056744117328047,0.7654709498087565,59.96002664890073
shruti_filming_1.mp4,3235,0,8,0.0519231604493527,0.8421993891398112,0.6241294860839843,6,0.0057131827094255,0.7654739379882812,59.96002664890073
shruti_filming_1.mp4,3236,0,14,0.0527175063760444,0.8421083450317383,0.620312754313151,11,0.0058727109271179,0.7630033493041992,59.96002664890073
shruti_filming_1.mp4,3237,0,12,0.0527009825616604,0.8408626556396485,0.6183158026801215,9,0.0057598801913102,0.7623748779296875,59.96002664890073
shruti_filming_1.mp4,3238,0,14,0.0528723173004497,0.8408093134562175,0.6165015326605903,11,0.0055275500760116,0.7615970611572266,59.96002664890073
shruti_filming_1.mp4,3239,0,13,0.0525143365878151,0.8403491973876953,0.6179411711516204,10,0.005722448053566,0.7640274047851563,59.96002664890073
shruti_filming_1.mp4,3240,1,11,0.0528645728359697,0.8407127380371093,0.6160932752821181,9,0.0057810437399894,0.7632375717163086,59.96002664890073
shruti_filming_1.mp4,3241,1,11,0.0525319246422441,0.8394299189249674,0.6144427546748409,9,0.0058052509771153,0.7626955032348632,59.96002664890073
shruti_filming_1.mp4,3242,1,10,0.0527050555216502,0.8394335428873698,0.6150822674786603,8,0.0058802930500058,0.7629025141398112,59.96002664890073
shruti_filming_1.mp4,3243,1,11,0.0536980994993225,0.8409400939941406,0.6111582438151042,9,0.0058889221090875,0.7625236511230469,59.96002664890073
shruti_filming_1.mp4,3244,1,10,0.0543671351691888,0.8409746805826823,0.6061161606400102,8,0.005997963057307,0.7628726959228516,59.96002664890073
shruti_filming_1.mp4,3245,1,10,0.0549839855444831,0.8404745101928711,0.6012657165527344,8,0.0059246376032612,0.7632902145385743,59.96002664890073
shruti_filming_1.mp4,3246,1,10,0.0553055011882356,0.8404146194458008,0.5979028489854601,9,0.0553055011882356,0.8404146194458008,59.96002664890073
shruti_filming_1.mp4,3247,1,10,0.055124742731439,0.8392426172892252,0.5960789150661893,9,0.055124742731439,0.8392426172892252,59.96002664890073
shruti_filming_1.mp4,3248,1,11,0.0547151799569002,0.8377979278564454,0.5954304306595414,10,0.0547151799569002,0.8377979278564454,59.96002664890073
shruti_filming_1.mp4,3249,1,12,0.0554115751659264,0.8373582839965821,0.5912348429361979,10,0.0554115751659264,0.8373582839965821,59.96002664890073
shruti_filming_1.mp4,3250,1,13,0.0556455841775944,0.8360085169474284,0.57707194575557,11,0.0556455841775944,0.8364023208618164,59.96002664890073
shruti_filming_1.mp4,3251,1,10,0.0544148317974759,0.8341509501139323,0.5753497653537326,8,0.0544148317974759,0.8341509501139323,59.96002664890073
shruti_filming_1.mp4,3252,1,10,0.054929988299781,0.8343437194824219,0.5745425754123263,8,0.054929988299781,0.8343437194824219,59.96002664890073
shruti_filming_1.mp4,3253,1,8,0.054592382407524,0.8342499415079753,0.5736281500922309,7,0.054592382407524,0.8342499415079753,59.96002664890073
shruti_filming_1.mp4,3254,1,8,0.0535495828079648,0.8337128321329753,0.5690923478868273,7,0.0535495828079648,0.8337128321329753,59.96002664890073
shruti_filming_1.mp4,3255,1,9,0.0540074174310117,0.8336910247802735,0.5668035860414858,8,0.0540074174310117,0.8336910247802735,59.96002664890073
shruti_filming_1.mp4,3256,1,8,0.053573292372759,0.833591079711914,0.5598590426974827,7,0.053573292372759,0.833591079711914,59.96002664890073
shruti_filming_1.mp4,3257,1,11,0.0534902029229851,0.8328177134195963,0.554047351413303,10,0.0534902029229851,0.8328177134195963,59.96002664890073
shruti_filming_1.mp4,3258,1,10,0.0536529715288876,0.8324028015136719,0.5464773390028211,9,0.0536529715288876,0.8324028015136719,59.96002664890073
shruti_filming_1.mp4,3259,1,9,0.0548448468101452,0.8315836588541666,0.5322971061423972,8,0.0548448468101452,0.8315836588541666,59.96002664890073
shruti_filming_1.mp4,3260,1,8,0.0528805234175282,0.8316080729166667,0.5431579731128834,7,0.0528805234175282,0.8316080729166667,59.96002664890073
shruti_filming_1.mp4,3261,1,7,0.0527850007441722,0.8309455871582031,0.5357892354329427,6,0.0527850007441722,0.8309455871582031,59.96002664890073
shruti_filming_1.mp4,3262,1,11,0.0525997610539343,0.8302972793579102,0.5308327145046658,9,0.0525997610539343,0.8302972793579102,59.96002664890073
shruti_filming_1.mp4,3263,1,11,0.0541839283512672,0.830242411295573,0.5140315585666233,10,0.0541839283512672,0.830242411295573,59.96002664890073
shruti_filming_1.mp4,3264,1,13,0.0519985359760157,0.829525375366211,0.5253168883147064,12,0.0519985359760157,0.829525375366211,59.96002664890073
shruti_filming_1.mp4,3265,1,11,0.051429513234907,0.82933349609375,0.52654054429796,10,0.051429513234907,0.82933349609375,59.96002664890073
shruti_filming_1.mp4,3266,1,11,0.0505859621563609,0.8295595169067382,0.5274712597882306,10,0.0505859621563609,0.8295595169067382,59.96002664890073
shruti_filming_1.mp4,3267,1,11,0.0505853501573761,0.8289291381835937,0.5222890218098958,10,0.0505853501573761,0.8289291381835937,59.96002664890073
shruti_filming_1.mp4,3268,1,11,0.0513185948506967,0.8284650802612304,0.512121836344401,9,0.0513185948506967,0.8284650802612304,59.96002664890073
shruti_filming_1.mp4,3269,1,11,0.0502688531409108,0.8283861796061198,0.5115649753146702,10,0.0502688531409108,0.8283861796061198,59.96002664890073
shruti_filming_1.mp4,3270,1,12,0.0502593115335077,0.8285099029541015,0.5068717532687717,11,0.0502593115335077,0.8285099029541015,59.96002664890073
shruti_filming_1.mp4,3271,1,11,0.0495022827513242,0.8281742731730143,0.5071606247513383,10,0.0495022827513242,0.8281742731730143,59.96002664890073
shruti_filming_1.mp4,3272,1,11,0.0498507473965421,0.8279632568359375,0.5040914888735171,10,0.0498507473965421,0.8279632568359375,59.96002664890073
shruti_filming_1.mp4,3273,1,13,0.049786566438983,0.8278481165568033,0.5013732203730831,12,0.049786566438983,0.8278481165568033,59.96002664890073
shruti_filming_1.mp4,3274,1,12,0.0499952557604087,0.8275077819824219,0.4971059163411458,11,0.0499952557604087,0.8275077819824219,59.96002664890073
shruti_filming_1.mp4,3275,1,11,0.0512279547340585,0.8272735595703125,0.4815561223913122,10,0.0512279547340585,0.8272735595703125,59.96002664890073
shruti_filming_1.mp4,3276,1,13,0.048509533922867,0.8262735366821289,0.4940577189127604,12,0.048509533922867,0.8262735366821289,59.96002664890073
shruti_filming_1.mp4,3277,1,10,0.0478650532000945,0.8258499145507813,0.492629086529767,9,0.0478650532000945,0.8258499145507813,59.96002664890073
shruti_filming_1.mp4,3278,1,9,0.0454378913312591,0.8228548049926758,0.4791242528844763,7,0.0454378913312591,0.8228548049926758,59.96002664890073
shruti_filming_1.mp4,3279,1,10,0.0501936142643009,1.0,0.8454164505004883,8,0.0412519967242621,0.8172831217447917,59.96002664890073
shruti_filming_1.mp4,3280,1,11,0.0604331097300477,0.9996589660644531,0.8288279286137333,9,0.0387188889725075,0.8166057586669921,59.96002664890073
shruti_filming_1.mp4,3281,1,9,0.0688451459918562,0.9992631912231446,0.8078228844536676,7,0.0357901402121206,0.8159637451171875,59.96002664890073
shruti_filming_1.mp4,3282,1,10,0.0779068319426634,0.9988487243652344,0.7890519742612485,8,0.0333681498631442,0.8144914627075195,59.96002664890073
shruti_filming_1.mp4,3283,1,10,0.0870455857443125,0.9988882064819335,0.7692409515380859,7,0.0311447026671279,0.8138699213663737,59.96002664890073
shruti_filming_1.mp4,3284,1,10,0.0938820236935377,0.9986139297485352,0.7517935152407046,7,0.0279193872706215,0.8100641250610352,59.96002664890073
shruti_filming_1.mp4,3285,1,9,0.1015850790154945,0.9986937204996744,0.7331115934583876,7,0.0262103560944281,0.8094451904296875,59.96002664890073
shruti_filming_1.mp4,3286,1,10,0.1082701091754885,0.999005381266276,0.7141595840454101,8,0.022525326765996,0.8052475611368816,59.96002664890073
shruti_filming_1.mp4,3287,1,10,0.1149566737829755,0.9995108286539712,0.697547071951407,8,0.0205002847918593,0.8010738372802735,59.96002664890073
shruti_filming_1.mp4,3288,1,9,0.1215124211188716,0.999452018737793,0.680606926812066,7,0.0185207168044709,0.799153200785319,59.96002664890073
shruti_filming_1.mp4,3289,1,10,0.1272301590115239,0.9995004653930664,0.6672273317972819,8,0.0170273145532701,0.7976945877075196,59.96002664890073
shruti_filming_1.mp4,3290,1,10,0.1320208288339994,0.998716926574707,0.6549412232858164,8,0.0149878803949266,0.7924489974975586,59.96002664890073
shruti_filming_1.mp4,3291,1,9,0.1370323940112225,0.9991676330566406,0.6434144055401837,7,0.0137067070415165,0.7905501047770183,59.96002664890073
shruti_filming_1.mp4,3292,1,11,0.1430613248883876,0.9993616739908854,0.6300931294759115,9,0.0124329990597605,0.7896081288655599,59.96002664890073
shruti_filming_1.mp4,3293,1,9,0.1472610879265994,0.9995269775390624,0.6201511806911892,7,0.0114801498702339,0.788723373413086,59.96002664890073
shruti_filming_1.mp4,3294,1,8,0.1521014864378068,0.9994943618774416,0.6086004045274522,6,0.0106340646565917,0.7894172668457031,59.96002664890073
shruti_filming_1.mp4,3295,1,9,0.1564070688940895,0.999439811706543,0.5986070421006945,8,0.1564070688940895,0.999439811706543,59.96002664890073
shruti_filming_1.mp4,3296,1,13,0.1614410280534987,0.9993722915649416,0.5853933970133464,10,0.1614410280534987,0.9993722915649416,59.96002664890073
shruti_filming_1.mp4,3297,1,11,0.1648651577092141,0.999359130859375,0.5775691279658565,8,0.1648651577092141,0.999359130859375,59.96002664890073
shruti_filming_1.mp4,3298,1,12,0.1686473372091751,0.9993464152018228,0.5676952927200882,9,0.1686473372091751,0.9993464152018228,59.96002664890073
shruti_filming_1.mp4,3299,1,10,0.1708570482235509,0.9993446350097656,0.5621877175790292,8,0.1708570482235509,0.9993446350097656,59.96002664890073
shruti_filming_1.mp4,3300,2,11,0.1741057091175968,0.9993423461914064,0.5526988700584129,10,0.1741057091175968,0.9993423461914064,59.96002664890073
shruti_filming_1.mp4,3301,2,10,0.1776677365359016,0.9993124008178712,0.5442995283338758,9,0.1776677365359016,0.9993124008178712,59.96002664890073
shruti_filming_1.mp4,3302,2,8,0.1783595051567519,0.9992954889933268,0.540756098429362,7,0.1783595051567519,0.9992954889933268,59.96002664890073
shruti_filming_1.mp4,3303,2,10,0.179771874720609,0.9992472330729166,0.5359552171495225,8,0.179771874720609,0.9992472330729166,59.96002664890073
shruti_filming_1.mp4,3304,2,9,0.1829837514784918,0.9992935180664062,0.5263686286078559,7,0.1829837514784918,0.9992935180664062,59.96002664890073
shruti_filming_1.mp4,3305,2,8,0.1835346175073128,0.9992815017700196,0.5204537285698785,6,0.1835346175073128,0.9992815017700196,59.96002664890073
shruti_filming_1.mp4,3306,2,7,0.1855126860784366,0.999240493774414,0.5125253748010706,6,0.1855126860784366,0.999240493774414,59.96002664890073
shruti_filming_1.mp4,3307,2,9,0.1879812204119338,0.9993332544962564,0.505636723836263,8,0.1879812204119338,0.9993332544962564,59.96002664890073
shruti_filming_1.mp4,3308,2,9,0.1896947892848402,0.9993364969889325,0.5006707085503472,8,0.1896947892848402,0.9993364969889325,59.96002664890073
shruti_filming_1.mp4,3309,2,7,0.1892234577673662,0.999296760559082,0.4953936682807074,6,0.1892234577673662,0.999296760559082,59.96002664890073
shruti_filming_1.mp4,3310,2,8,0.1910867117476623,0.9993644714355469,0.4904190911187066,7,0.1910867117476623,0.9993644714355469,59.96002664890073
shruti_filming_1.mp4,3311,2,8,0.1915645699671532,0.9994258880615234,0.4867250937002677,7,0.1915645699671532,0.9994258880615234,59.96002664890073
shruti_filming_1.mp4,3312,2,9,0.1916739332222075,0.9994267145792644,0.4823597378200955,8,0.1916739332222075,0.9994267145792644,59.96002664890073
shruti_filming_1.mp4,3313,2,10,0.191539328401171,0.999269739786784,0.4780745047110098,9,0.191539328401171,0.999269739786784,59.96002664890073
shruti_filming_1.mp4,3314,2,7,0.1926685588078625,0.9993585586547852,0.471076343677662,6,0.1926685588078625,0.9993585586547852,59.96002664890073
shruti_filming_1.mp4,3315,2,9,0.1939500100886518,0.9994856516520182,0.4651921025028935,8,0.1939500100886518,0.9994856516520182,59.96002664890073
shruti_filming_1.mp4,3316,2,9,0.194473851434669,0.9995100021362304,0.4619637665925202,8,0.194473851434669,0.9995100021362304,59.96002664890073
shruti_filming_1.mp4,3317,2,8,0.1945100742541857,0.999294090270996,0.4578526673493562,7,0.1945100742541857,0.999294090270996,59.96002664890073
shruti_filming_1.mp4,3318,2,10,0.1943500013511059,0.9993274688720704,0.4534462822808159,9,0.1943500013511059,0.9993274688720704,59.96002664890073
shruti_filming_1.mp4,3319,2,9,0.1943482028265026,0.9994938532511394,0.4515646475332754,7,0.1943482028265026,0.9994938532511394,59.96002664890073
shruti_filming_1.mp4,3320,2,8,0.1944616448460389,0.9994916915893556,0.4480397118462456,7,0.1944616448460389,0.9994916915893556,59.96002664890073
shruti_filming_1.mp4,3321,2,9,0.1946712198894399,0.9993384043375652,0.4460887485080295,8,0.1946712198894399,0.9993384043375652,59.96002664890073
shruti_filming_1.mp4,3322,2,8,0.194260873270622,0.9993703842163086,0.4442826023808232,7,0.194260873270622,0.9993703842163086,59.96002664890073
shruti_filming_1.mp4,3323,2,8,0.1946233753356339,0.9993162155151368,0.4403777793601707,6,0.1946233753356339,0.9993162155151368,59.96002664890073
shruti_filming_1.mp4,3324,2,8,0.1955823810284292,0.999363390604655,0.4368154878969545,7,0.1955823810284292,0.999363390604655,59.96002664890073
shruti_filming_1.mp4,3325,2,9,0.1955073008330599,0.9994026184082032,0.4348343601933232,8,0.1955073008330599,0.9994026184082032,59.96002664890073
shruti_filming_1.mp4,3326,2,6,0.196491567424188,0.9994400024414064,0.4306098514133029,5,0.196491567424188,0.9994400024414064,59.96002664890073
shruti_filming_1.mp4,3327,2,8,0.1965034187680834,0.999553108215332,0.427559322781033,7,0.1965034187680834,0.999553108215332,59.96002664890073
shruti_filming_1.mp4,3328,2,8,0.1969384919481106,0.9995288848876952,0.4241870597556785,7,0.1969384919481106,0.9995288848876952,59.96002664890073
shruti_filming_1.mp4,3329,2,8,0.1960764233294618,0.9995351791381836,0.4219500930220992,7,0.1960764233294618,0.9995351791381836,59.96002664890073
shruti_filming_1.mp4,3330,2,8,0.1944940285639906,0.999519411722819,0.4228601526331018,7,0.1944940285639906,0.999519411722819,59.96002664890073
shruti_filming_1.mp4,3331,2,8,0.1956299973089712,0.9995527267456056,0.4189001436586733,7,0.1956299973089712,0.9995527267456056,59.96002664890073
shruti_filming_1.mp4,3332,2,8,0.1959729057135395,0.9996213912963868,0.4162727073386863,7,0.1959729057135395,0.9996213912963868,59.96002664890073
shruti_filming_1.mp4,3333,2,10,0.1959992413875497,0.9994237899780274,0.4154439431649667,9,0.1959992413875497,0.9994237899780274,59.96002664890073
shruti_filming_1.mp4,3334,2,8,0.1950332488066245,0.9993176142374676,0.4134273105197482,7,0.1950332488066245,0.9993176142374676,59.96002664890073
shruti_filming_1.mp4,3335,2,5,0.1946034486820011,0.999333381652832,0.4138844242802372,4,0.1946034486820011,0.999333381652832,59.96002664890073
shruti_filming_1.mp4,3336,2,8,0.1943894709646243,0.9997344970703124,0.4117753629331235,7,0.1943894709646243,0.9997344970703124,59.96002664890073
shruti_filming_1.mp4,3337,2,7,0.194111363650693,0.9994583129882812,0.4105150858561198,5,0.194111363650693,0.9994583129882812,59.96002664890073
shruti_filming_1.mp4,3338,2,8,0.1935481526099061,0.9994635264078776,0.4103711587411386,7,0.1935481526099061,0.9994635264078776,59.96002664890073
shruti_filming_1.mp4,3339,2,8,0.1927010384991256,0.9994478225708008,0.4101593724003544,7,0.1927010384991256,0.9994478225708008,59.96002664890073
shruti_filming_1.mp4,3340,2,8,0.1924471795610669,0.9994550704956054,0.4092581854926215,7,0.1924471795610669,0.9994550704956054,59.96002664890073
shruti_filming_1.mp4,3341,2,8,0.1912408772980173,0.999468231201172,0.4087343427870009,7,0.1912408772980173,0.999468231201172,59.96002664890073
shruti_filming_1.mp4,3342,2,5,0.190927728271959,0.9994876861572266,0.4084946526421441,4,0.190927728271959,0.9994876861572266,59.96002664890073
shruti_filming_1.mp4,3343,2,10,0.1890900437585595,0.9994938532511394,0.4073696560329861,9,0.1890900437585595,0.9994938532511394,59.96002664890073
shruti_filming_1.mp4,3344,2,8,0.1884321397639966,0.999529266357422,0.4071061028374566,7,0.1884321397639966,0.999529266357422,59.96002664890073
shruti_filming_1.mp4,3345,2,8,0.188784372521574,0.9994184494018554,0.4050532729537399,7,0.188784372521574,0.9994184494018554,59.96002664890073
shruti_filming_1.mp4,3346,2,8,0.1870791981754505,0.9995037078857422,0.4061499136465567,7,0.1870791981754505,0.9995037078857422,59.96002664890073
shruti_filming_1.mp4,3347,2,8,0.1876244740195963,0.9995540618896483,0.406724703753436,7,0.1876244740195963,0.9995540618896483,59.96002664890073
shruti_filming_1.mp4,3348,2,10,0.1866171828584305,0.9995845794677736,0.4065643593117042,9,0.1866171828584305,0.9995845794677736,59.96002664890073
shruti_filming_1.mp4,3349,2,8,0.1868253171383629,0.9995342254638672,0.4024389902750651,7,0.1868253171383629,0.9995342254638672,59.96002664890073
shruti_filming_1.mp4,3350,2,9,0.1861295018811883,0.9995380401611328,0.4018675768816913,9,0.1861295018811883,0.9995380401611328,59.96002664890073
shruti_filming_1.mp4,3351,2,10,0.185737527069502,0.9995668411254884,0.4013355396412037,9,0.185737527069502,0.9995668411254884,59.96002664890073
shruti_filming_1.mp4,3352,2,8,0.1856776130871272,0.999632453918457,0.4022078196207682,7,0.1856776130871272,0.999632453918457,59.96002664890073
shruti_filming_1.mp4,3353,2,6,0.1856502782554108,0.9997027079264325,0.4006824210838035,5,0.1856502782554108,0.9997027079264325,59.96002664890073
shruti_filming_1.mp4,3354,2,5,0.1854154155766149,0.9996631622314454,0.399220629091616,4,0.1854154155766149,0.9996631622314454,59.96002664890073
shruti_filming_1.mp4,3355,2,5,0.1849002240087537,0.999659538269043,0.3996984693739149,5,0.1849002240087537,0.999659538269043,59.96002664890073
shruti_filming_1.mp4,3356,2,4,0.1843055245261528,0.9996738433837892,0.3982053686071325,4,0.1843055245261528,0.9996738433837892,59.96002664890073
shruti_filming_1.mp4,3357,2,6,0.1838312716626818,0.9997582117716473,0.3988366303620515,6,0.1838312716626818,0.9997582117716473,59.96002664890073
shruti_filming_1.mp4,3358,2,6,0.1833092997688153,0.9996718088785808,0.4010372585720486,5,0.1833092997688153,0.9996718088785808,59.96002664890073
shruti_filming_1.mp4,3359,2,6,0.1824465626624684,0.999611473083496,0.4010469224717882,5,0.1824465626624684,0.999611473083496,59.96002664890073
shruti_filming_1.mp4,3360,1,6,0.1822322046614189,0.9996919631958008,0.4009842625370732,5,0.1822322046614189,0.9996919631958008,59.96002664890073
shruti_filming_1.mp4,3361,1,6,0.181725083224228,0.9997814178466796,0.40143515975387,5,0.181725083224228,0.9997814178466796,59.96002664890073
shruti_filming_1.mp4,3362,1,6,0.1811063240640969,0.999753189086914,0.4015115243417245,5,0.1811063240640969,0.999753189086914,59.96002664890073
shruti_filming_1.mp4,3363,1,6,0.1802461798018258,0.99977175394694,0.4020125777633102,5,0.1802461798018258,0.99977175394694,59.96002664890073
shruti_filming_1.mp4,3364,1,7,0.1799632033087416,0.9997861862182618,0.4017537434895833,6,0.1799632033087416,0.9997861862182618,59.96002664890073
shruti_filming_1.mp4,3365,1,8,0.1794517131919188,0.9997827529907226,0.4021569146050347,7,0.1794517131919188,0.9997827529907226,59.96002664890073
shruti_filming_1.mp4,3366,1,6,0.1788733917187588,0.9997518539428712,0.4020514594184027,5,0.1788733917187588,0.9997518539428712,59.96002664890073
shruti_filming_1.mp4,3367,1,8,0.1785034927641067,0.9995702743530274,0.4022692645037615,7,0.1785034927641067,0.9995702743530274,59.96002664890073
shruti_filming_1.mp4,3368,1,7,0.177903383175726,0.9989594141642252,0.4018605550130208,6,0.177903383175726,0.9989594141642252,59.96002664890073
shruti_filming_1.mp4,3369,1,8,0.1769573735593413,0.9989492416381835,0.4024057458948206,6,0.1769573735593413,0.9989492416381835,59.96002664890073
shruti_filming_1.mp4,3370,1,8,0.1756974755764369,0.9977327982584636,0.4022779676649305,6,0.1756974755764369,0.9977327982584636,59.96002664890073
shruti_filming_1.mp4,3371,1,8,0.1730754959862679,0.9954914728800456,0.4020165337456597,5,0.1730754959862679,0.9954914728800456,59.96002664890073
shruti_filming_1.mp4,3372,1,7,0.1715302671318447,0.9938718795776368,0.402401140001085,5,0.1715302671318447,0.9938718795776368,59.96002664890073
shruti_filming_1.mp4,3373,1,6,0.169140522151073,0.9913959503173828,0.4032545301649305,4,0.169140522151073,0.9913959503173828,59.96002664890073
shruti_filming_1.mp4,3374,1,7,0.16639281951126,0.987194315592448,0.4040509824399595,5,0.16639281951126,0.987194315592448,59.96002664890073
shruti_filming_1.mp4,3375,1,6,0.1634631998349774,0.9835821151733398,0.4045667860243055,5,0.1634631998349774,0.9835821151733398,59.96002664890073
shruti_filming_1.mp4,3376,1,5,0.1618681186338653,0.9828506469726562,0.4046966552734375,4,0.1618681186338653,0.9828506469726562,59.96002664890073
shruti_filming_1.mp4,3377,1,6,0.1600761320272296,0.9820537567138672,0.4022727401168258,4,0.1600761320272296,0.9820537567138672,59.96002664890073
shruti_filming_1.mp4,3378,1,7,0.1567673974947926,0.9815299987792968,0.3929266611735026,5,0.1567673974947926,0.9815299987792968,59.96002664890073
shruti_filming_1.mp4,3379,1,6,0.1525566021743051,0.9796689987182616,0.3831755178946036,4,0.1525566021743051,0.9796689987182616,59.96002664890073
shruti_filming_1.mp4,3380,1,7,0.1489208881085505,0.9766918818155924,0.377951501916956,5,0.1489208881085505,0.9766918818155924,59.96002664890073
shruti_filming_1.mp4,3381,1,6,0.1459344575309795,0.9757601420084636,0.3704588007043909,4,0.1459344575309795,0.9757601420084636,59.96002664890073
shruti_filming_1.mp4,3382,1,6,0.141852859929786,0.9736091613769532,0.3627779642740885,4,0.141852859929786,0.9736091613769532,59.96002664890073
shruti_filming_1.mp4,3383,1,6,0.1384260561139995,0.9693906784057618,0.3581205579969618,4,0.1384260561139995,0.9693906784057618,59.96002664890073
shruti_filming_1.mp4,3384,1,6,0.1356328718791256,0.9691267649332682,0.3500949011908637,4,0.1356328718791256,0.9691267649332682,59.96002664890073
shruti_filming_1.mp4,3385,1,6,0.1322377149512047,0.9663771311442058,0.3418632789894386,4,0.1322377149512047,0.9663771311442058,59.96002664890073
shruti_filming_1.mp4,3386,1,6,0.1276474683083425,0.9630783716837564,0.3363553365071615,4,0.1276474683083425,0.9630783716837564,59.96002664890073
shruti_filming_1.mp4,3387,1,7,0.1243749851941942,0.9624183654785156,0.3261313968234592,5,0.1243749851941942,0.9624183654785156,59.96002664890073
shruti_filming_1.mp4,3388,1,7,0.1200520220166436,0.9597755432128906,0.3161402172512478,5,0.1200520220166436,0.9597755432128906,59.96002664890073
shruti_filming_1.mp4,3389,1,7,0.1182806674793068,0.959199333190918,0.3086310633906611,5,0.1182806674793068,0.959199333190918,59.96002664890073
shruti_filming_1.mp4,3390,1,7,0.1156244794308279,0.9581062316894532,0.3025658077663845,5,0.1156244794308279,0.9581062316894532,59.96002664890073
shruti_filming_1.mp4,3391,1,7,0.112955261927689,0.9555121103922526,0.2952986046119972,5,0.112955261927689,0.9555121103922526,59.96002664890073
shruti_filming_1.mp4,3392,1,8,0.1113294245886289,0.9546501159667968,0.2901219262017144,6,0.1113294245886289,0.9546501159667968,59.96002664890073
shruti_filming_1.mp4,3393,1,7,0.1093742568159602,0.953217379252116,0.2864610954567238,5,0.1093742568159602,0.953217379252116,59.96002664890073
shruti_filming_1.mp4,3394,1,8,0.1065835620926399,0.9505126953125,0.2793771814416956,6,0.1065835620926399,0.9505126953125,59.96002664890073
shruti_filming_1.mp4,3395,1,5,0.1034114314462392,0.9481334686279296,0.2704319424099392,3,0.1034114314462392,0.9481334686279296,59.96002664890073
shruti_filming_1.mp4,3396,1,6,0.1013145322144717,0.9475446701049804,0.2637849595811632,4,0.1013145322144717,0.9475446701049804,59.96002664890073
shruti_filming_1.mp4,3397,1,7,0.0993360790991573,0.9465378443400064,0.2577634599473741,5,0.0993360790991573,0.9465378443400064,59.96002664890073
shruti_filming_1.mp4,3398,1,7,0.0972647402672629,0.9457331339518228,0.2511642738624855,5,0.0972647402672629,0.9457331339518228,59.96002664890073
shruti_filming_1.mp4,3399,1,6,0.0952100598851555,0.9443069458007812,0.2455719276710792,4,0.0952100598851555,0.9443069458007812,59.96002664890073
shruti_filming_1.mp4,3400,1,6,0.0942145616287005,0.943936538696289,0.241430339106807,4,0.0942145616287005,0.943936538696289,59.96002664890073
shruti_filming_1.mp4,3401,1,5,0.0920981201084537,0.9423385620117188,0.2365475407353154,3,0.0920981201084537,0.9423385620117188,59.96002664890073
shruti_filming_1.mp4,3402,1,6,0.0902340877736666,0.941193962097168,0.2311569355152271,4,0.0902340877736666,0.941193962097168,59.96002664890073
shruti_filming_1.mp4,3403,1,4,0.0883892171223932,0.9391490936279296,0.2254130186858,2,0.0883892171223932,0.9391490936279296,59.96002664890073
shruti_filming_1.mp4,3404,1,5,0.0864342570898373,0.937238883972168,0.2207168013961226,3,0.0864342570898373,0.937238883972168,59.96002664890073
shruti_filming_1.mp4,3405,1,5,0.084256772814678,0.9370884577433268,0.2136328661883318,3,0.084256772814678,0.9370884577433268,59.96002664890073
shruti_filming_1.mp4,3406,1,5,0.0829148127856509,0.9366930007934572,0.208256361219618,3,0.0829148127856509,0.9366930007934572,59.96002664890073
shruti_filming_1.mp4,3407,1,5,0.0812168610576945,0.9356651306152344,0.2017065966570818,3,0.0812168610576945,0.9356651306152344,59.96002664890073
shruti_filming_1.mp4,3408,1,5,0.0801505604176782,0.9350208282470704,0.1968441433376736,3,0.0801505604176782,0.9350208282470704,59.96002664890073
shruti_filming_1.mp4,3409,1,4,0.0787729704916947,0.9334676742553712,0.1929209673846209,2,0.0787729704916947,0.9334676742553712,59.96002664890073
shruti_filming_1.mp4,3410,1,4,0.0773428282603627,0.9313873926798504,0.1902488284640842,2,0.0773428282603627,0.9313873926798504,59.96002664890073
shruti_filming_1.mp4,3411,1,4,0.076635011152873,0.930561892191569,0.1870740961145471,2,0.076635011152873,0.930561892191569,59.96002664890073
shruti_filming_1.mp4,3412,1,4,0.0748124615060751,0.9283397674560548,0.1834544994212963,2,0.0748124615060751,0.9283397674560548,59.96002664890073
shruti_filming_1.mp4,3413,1,4,0.0733605544965636,0.9261922836303712,0.1785484313964843,2,0.0733605544965636,0.9261922836303712,59.96002664890073
shruti_filming_1.mp4,3414,1,5,0.0725015263290886,0.9247970581054688,0.1729367008915654,3,0.0725015263290886,0.9247970581054688,59.96002664890073
shruti_filming_1.mp4,3415,1,5,0.0712734688032327,0.9238674799601236,0.1676584314416956,3,0.0712734688032327,0.9238674799601236,59.96002664890073
shruti_filming_1.mp4,3416,1,5,0.0698383166734129,0.9233736673990884,0.1621778841371889,3,0.0698383166734129,0.9233736673990884,59.96002664890073
shruti_filming_1.mp4,3417,1,4,0.0677931131950053,0.9212446212768556,0.1562685083459924,2,0.0677931131950053,0.9212446212768556,59.96002664890073
shruti_filming_1.mp4,3418,1,4,0.0662697304176011,0.9192317962646483,0.1509874131944444,2,0.0662697304176011,0.9192317962646483,59.96002664890073
shruti_filming_1.mp4,3419,1,4,0.0647729892869204,0.9182888666788735,0.1478052209924768,2,0.0647729892869204,0.9182888666788735,59.96002664890073
shruti_filming_1.mp4,3420,2,4,0.0630325992985766,0.9158267974853516,0.1395458080150463,2,0.0630325992985766,0.9158267974853516,59.96002664890073
shruti_filming_1.mp4,3421,2,4,0.0621637093971043,0.9147724787394206,0.1348373695656105,2,0.0621637093971043,0.9147724787394206,59.96002664890073
shruti_filming_1.mp4,3422,2,4,0.061284536926466,0.913846778869629,0.1291764718514901,2,0.061284536926466,0.913846778869629,59.96002664890073
shruti_filming_1.mp4,3423,2,4,0.0604157112375186,0.9133916854858398,0.1222027531376591,2,0.0604157112375186,0.9133916854858398,59.96002664890073
shruti_filming_1.mp4,3424,2,4,0.058759339214254,0.9112146377563476,0.1165543450249566,2,0.058759339214254,0.9112146377563476,59.96002664890073
shruti_filming_1.mp4,3425,2,4,0.0576815268071368,0.9102575302124024,0.1110984519675925,2,0.0576815268071368,0.9102575302124024,59.96002664890073
shruti_filming_1.mp4,3426,2,4,0.0570486772301956,0.9102007548014324,0.1054960462782118,2,0.0570486772301956,0.9102007548014324,59.96002664890073
shruti_filming_1.mp4,3427,2,5,0.0553551550134822,0.9078678766886392,0.0997170342339409,2,0.0553551550134822,0.9078678766886392,59.96002664890073
shruti_filming_1.mp4,3428,2,4,0.0542154948041813,0.9066272735595704,0.0937673215512876,2,0.0542154948041813,0.9066272735595704,59.96002664890073
shruti_filming_1.mp4,3429,2,4,0.0527931113783334,0.9049351374308268,0.0874551843713831,2,0.0527931113783334,0.9049351374308268,59.96002664890073
shruti_filming_1.mp4,3430,2,5,0.0524510846051271,0.903994623819987,0.0820262485080295,3,0.0524510846051271,0.903994623819987,59.96002664890073
shruti_filming_1.mp4,3431,2,5,0.0510429886489873,0.9029308954874674,0.0791544878924334,3,0.0510429886489873,0.9029308954874674,59.96002664890073
shruti_filming_1.mp4,3432,2,5,0.0510727090412627,0.9025941848754884,0.0677177994339554,4,0.0510727090412627,0.9025941848754884,59.96002664890073
shruti_filming_1.mp4,3433,2,5,0.0498248963352913,0.9013065338134766,0.061589784975405,4,0.0498248963352913,0.9013065338134766,59.96002664890073
shruti_filming_1.mp4,3434,2,6,0.0488369477604283,0.9001346588134765,0.0541932000054253,4,0.0488369477604283,0.9001346588134765,59.96002664890073
shruti_filming_1.mp4,3435,2,5,0.0484788715892419,0.8989355087280273,0.0464247244375723,4,0.0484788715892419,0.8989355087280273,59.96002664890073
shruti_filming_1.mp4,3436,2,5,0.0470260718972174,0.8977163950602214,0.04327067622432,4,0.0470260718972174,0.8977163950602214,59.96002664890073
shruti_filming_1.mp4,3437,2,5,0.0460010933844993,0.8962587356567383,0.0372160169813368,4,0.0460010933844993,0.8962587356567383,59.96002664890073
shruti_filming_1.mp4,3438,2,5,0.0444546575262211,0.8936554590861002,0.0335624694824218,4,0.0444546575262211,0.8936554590861002,59.96002664890073
shruti_filming_1.mp4,3439,2,4,0.0436396889708487,0.8922239303588867,0.0281019422743055,3,0.0436396889708487,0.8922239303588867,59.96002664890073
shruti_filming_1.mp4,3440,2,6,0.0437463419589524,0.8916013717651368,0.0205001831054687,5,0.0437463419589524,0.8916013717651368,59.96002664890073
shruti_filming_1.mp4,3441,2,6,0.0422025030064913,0.8900770823160807,0.0154573228624131,5,0.0422025030064913,0.8900770823160807,59.96002664890073
shruti_filming_1.mp4,3442,2,6,0.0411112949594907,0.8879823684692383,0.0100613911946614,5,0.0411112949594907,0.8879823684692383,59.96002664890073
shruti_filming_1.mp4,3443,2,10,0.0400297217287718,0.8862663269042969,0.0042493466977719,9,0.0400297217287718,0.8862663269042969,59.96002664890073
shruti_filming_1.mp4,3444,2,9,0.0396373714257087,0.8858736673990886,0.0049339859573929,8,0.0396373714257087,0.8858736673990886,59.96002664890073
shruti_filming_1.mp4,3445,2,9,0.0396654389798749,0.8843017578125,0.0152557090476707,8,0.0396654389798749,0.8843017578125,59.96002664890073
shruti_filming_1.mp4,3446,2,8,0.0385861558975496,0.8841426849365235,0.0182946099175347,7,0.0385861558975496,0.8841426849365235,59.96002664890073
shruti_filming_1.mp4,3447,2,7,0.0378239215020504,0.8832038879394531,0.0211869981553819,5,0.0378239215020504,0.8832038879394531,59.96002664890073
shruti_filming_1.mp4,3448,2,7,0.037283770239069,0.8814554850260417,0.0253984804506655,6,0.037283770239069,0.8814554850260417,59.96002664890073
shruti_filming_1.mp4,3449,2,6,0.0367401815273074,0.8803140640258789,0.0316724989149305,4,0.0367401815273074,0.8803140640258789,59.96002664890073
shruti_filming_1.mp4,3450,2,8,0.0366008955417872,0.879425048828125,0.0429609228063512,5,0.0366008955417872,0.879425048828125,59.96002664890073
shruti_filming_1.mp4,3451,2,7,0.0361907254490587,0.8791697184244792,0.0464606391059027,5,0.0361907254490587,0.8791697184244792,59.96002664890073
shruti_filming_1.mp4,3452,2,8,0.0362770351260486,0.8779827117919922,0.0498099433051215,6,0.0362770351260486,0.8779827117919922,59.96002664890073
shruti_filming_1.mp4,3453,2,8,0.0361177090256396,0.8765111923217773,0.0571192140932436,6,0.0361177090256396,0.8766635894775391,59.96002664890073
shruti_filming_1.mp4,3454,2,7,0.0354616085343392,0.8748470306396484,0.0655679490831163,5,0.0354616085343392,0.8748470306396484,59.96002664890073
shruti_filming_1.mp4,3455,2,9,0.0343476422160165,0.8736047744750977,0.070137702094184,6,0.0343476422160165,0.8736047744750977,59.96002664890073
shruti_filming_1.mp4,3456,2,9,0.0335190556539412,0.8725309371948242,0.0737790143048321,6,0.0335190556539412,0.8735431671142578,59.96002664890073
shruti_filming_1.mp4,3457,2,9,0.0338858773664051,0.872015380859375,0.0818718521683304,6,0.0338858773664051,0.8724784851074219,59.96002664890073
shruti_filming_1.mp4,3458,2,8,0.0328478067536532,0.8703006744384766,0.0856343304669415,6,0.0328478067536532,0.8703462600708007,59.96002664890073
shruti_filming_1.mp4,3459,2,8,0.0358155986451856,0.9993595123291016,0.8572755071851942,6,0.0318236547517072,0.8687395095825196,59.96002664890073
shruti_filming_1.mp4,3460,2,8,0.041947854433929,0.999694315592448,0.8405761082967123,6,0.0312043097720662,0.8680543899536133,59.96002664890073
shruti_filming_1.mp4,3461,2,9,0.0493699092655515,0.9995389938354492,0.8196207311418321,7,0.0312172863858803,0.8669609069824219,59.96002664890073
shruti_filming_1.mp4,3462,2,11,0.0557090924133161,0.9998859405517578,0.8028373294406467,8,0.0311741829065916,0.8666174570719402,59.96002664890073
shruti_filming_1.mp4,3463,2,9,0.0615561639931951,0.9993661880493164,0.7857970767550998,7,0.0308967638288352,0.8658683776855469,59.96002664890073
shruti_filming_1.mp4,3464,2,8,0.0660381564927714,0.9993643442789714,0.7732627868652344,5,0.0303301350309629,0.8640980402628581,59.96002664890073
shruti_filming_1.mp4,3465,2,7,0.0717871288393453,0.9996461868286132,0.7560408698187934,6,0.0299836391110956,0.862707773844401,59.96002664890073
shruti_filming_1.mp4,3466,2,8,0.0766518123008427,0.9998556772867838,0.743048816257053,7,0.0297079106984892,0.8616893768310547,59.96002664890073
shruti_filming_1.mp4,3467,2,7,0.0816896163126633,0.9998697280883788,0.7283046510484483,6,0.0293443432415693,0.860047976175944,59.96002664890073
shruti_filming_1.mp4,3468,2,5,0.0871467173693209,0.999669329325358,0.7095075466014721,4,0.0291443273373362,0.8590996424357097,59.96002664890073
shruti_filming_1.mp4,3469,2,5,0.0915945699545975,0.9994911829630534,0.6967452296504268,4,0.0286697814974845,0.8585224151611328,59.96002664890073
shruti_filming_1.mp4,3470,2,6,0.0963038200198853,0.9994585037231444,0.68197021484375,5,0.0280231080255126,0.8578777313232422,59.96002664890073
shruti_filming_1.mp4,3471,2,5,0.0990848532965551,0.9994517008463542,0.6713200180618851,4,0.0273283629235164,0.8567628860473633,59.96002664890073
shruti_filming_1.mp4,3472,2,5,0.1028403365822774,0.999452018737793,0.6588021419666431,4,0.0266689817075449,0.8560213088989258,59.96002664890073
shruti_filming_1.mp4,3473,2,6,0.1057567663739973,0.9994330088297526,0.6474325286017524,5,0.026643261279624,0.8545315424601237,59.96002664890073
shruti_filming_1.mp4,3474,2,7,0.1084629978567116,0.9994997024536132,0.6392728593614366,6,0.0261702115722194,0.853108278910319,59.96002664890073
shruti_filming_1.mp4,3475,2,6,0.1110650420141367,0.9994247436523438,0.6258572048611111,5,0.0255915669889266,0.8512062708536784,59.96002664890073
shruti_filming_1.mp4,3476,2,5,0.1143534194415325,0.9993979136149088,0.6154135386149089,4,0.0252758651213716,0.8503654479980469,59.96002664890073
shruti_filming_1.mp4,3477,2,5,0.1171281206714209,0.9994029998779296,0.6054818895128038,4,0.0250573484582774,0.8493672053019206,59.96002664890073
shruti_filming_1.mp4,3478,2,6,0.1215209055513454,0.9993670145670572,0.5914831373426649,6,0.1215209055513454,0.9993670145670572,59.96002664890073
shruti_filming_1.mp4,3479,2,6,0.1229228300760345,0.9993762969970704,0.5850194295247396,6,0.1229228300760345,0.9993762969970704,59.96002664890073
shruti_filming_1.mp4,3480,2,8,0.1252679541692163,0.9993938446044922,0.5745143466525607,8,0.1252679541692163,0.9993938446044922,59.96002664890073
shruti_filming_1.mp4,3481,2,7,0.1272276184895734,0.9994431177775064,0.5678700906259042,7,0.1272276184895734,0.9994431177775064,59.96002664890073
shruti_filming_1.mp4,3482,2,8,0.1294495337352715,0.9994300842285156,0.558544851232458,8,0.1294495337352715,0.9994300842285156,59.96002664890073
shruti_filming_1.mp4,3483,2,10,0.1323955935833833,0.9994482676188152,0.546769036187066,10,0.1323955935833833,0.9994482676188152,59.96002664890073
shruti_filming_1.mp4,3484,2,9,0.1342120813839331,0.9994632720947264,0.5373719109429254,9,0.1342120813839331,0.9994632720947264,59.96002664890073
shruti_filming_1.mp4,3485,2,8,0.1364598371261025,0.9994516372680664,0.5291782803005642,8,0.1364598371261025,0.9994516372680664,59.96002664890073
shruti_filming_1.mp4,3486,2,7,0.1398042802910694,0.9994461059570312,0.5205152017098886,7,0.1398042802910694,0.9994461059570312,59.96002664890073
shruti_filming_1.mp4,3487,2,8,0.1420705421811564,0.999420420328776,0.5114913940429687,8,0.1420705421811564,0.999420420328776,59.96002664890073
shruti_filming_1.mp4,3488,2,7,0.1445567607492072,0.9994033813476564,0.5016855027940538,7,0.1445567607492072,0.9994033813476564,59.96002664890073
shruti_filming_1.mp4,3489,2,6,0.1458983568683389,0.99939390818278,0.4968860626220703,6,0.1458983568683389,0.99939390818278,59.96002664890073
shruti_filming_1.mp4,3490,2,6,0.1469450006821743,0.9994373321533204,0.4916165245903863,6,0.1469450006821743,0.9994373321533204,59.96002664890073
shruti_filming_1.mp4,3491,2,7,0.1493741625681179,0.9994543075561524,0.4825419249358,7,0.1493741625681179,0.9994543075561524,59.96002664890073
shruti_filming_1.mp4,3492,2,6,0.1516533796409796,0.9994930267333983,0.4747568483705874,6,0.1516533796409796,0.9994930267333983,59.96002664890073
shruti_filming_1.mp4,3493,2,6,0.1540995603277756,0.9994148890177408,0.465360274138274,6,0.1540995603277756,0.9994148890177408,59.96002664890073
shruti_filming_1.mp4,3494,2,6,0.1556469832236568,0.9995231628417968,0.4594425907841435,6,0.1556469832236568,0.9995231628417968,59.96002664890073
shruti_filming_1.mp4,3495,2,5,0.1574669225481435,0.99952392578125,0.4528425852457682,5,0.1574669225481435,0.99952392578125,59.96002664890073
shruti_filming_1.mp4,3496,2,4,0.1591219930117303,0.9995254516601564,0.448979017469618,4,0.1591219930117303,0.9995254516601564,59.96002664890073
shruti_filming_1.mp4,3497,2,6,0.1602220496855928,0.9995199203491212,0.4436173333062066,6,0.1602220496855928,0.9995199203491212,59.96002664890073
shruti_filming_1.mp4,3498,2,8,0.1621953869417969,0.9994863510131836,0.4356017218695746,8,0.1621953869417969,0.9994863510131836,59.96002664890073
shruti_filming_1.mp4,3499,2,5,0.1642839089995039,0.9994813919067382,0.4279689788818359,5,0.1642839089995039,0.9994813919067382,59.96002664890073
shruti_filming_1.mp4,3500,2,4,0.1661713959250105,0.9994764963785808,0.4205155831796152,4,0.1661713959250105,0.9994764963785808,59.96002664890073
shruti_filming_1.mp4,3501,2,5,0.1685661658079172,0.999456278483073,0.4128817664252387,5,0.1685661658079172,0.999456278483073,59.96002664890073
shruti_filming_1.mp4,3502,2,4,0.169848121574668,0.9994489669799804,0.4107539000334563,4,0.169848121574668,0.9994489669799804,59.96002664890073
shruti_filming_1.mp4,3503,2,4,0.1707751243037637,0.9994489669799804,0.408616468641493,4,0.1707751243037637,0.9994489669799804,59.96002664890073
shruti_filming_1.mp4,3504,2,4,0.1727692241799593,0.9994802474975586,0.3975898177535445,4,0.1727692241799593,0.9994802474975586,59.96002664890073
shruti_filming_1.mp4,3505,2,4,0.1743210452166817,0.9994709014892578,0.3929531803837529,4,0.1743210452166817,0.9994709014892578,59.96002664890073
shruti_filming_1.mp4,3506,2,4,0.1749844247057411,0.9994794845581054,0.388543559886791,4,0.1749844247057411,0.9994794845581054,59.96002664890073
shruti_filming_1.mp4,3507,2,5,0.1761191930505447,0.9994775772094726,0.38775634765625,4,0.1761191930505447,0.9994775772094726,59.96002664890073
shruti_filming_1.mp4,3508,2,4,0.177892594113822,0.9994710922241212,0.3796106126573351,4,0.177892594113822,0.9994710922241212,59.96002664890073
shruti_filming_1.mp4,3509,2,5,0.1788527532655549,0.9994892120361328,0.3761074348732277,4,0.1788527532655549,0.9994892120361328,59.96002664890073
shruti_filming_1.mp4,3510,2,5,0.1799617360059723,0.9994651794433592,0.371845782244647,4,0.1799617360059723,0.9994651794433592,59.96002664890073
shruti_filming_1.mp4,3511,2,5,0.1813945332271935,0.999472427368164,0.3679025720666956,4,0.1813945332271935,0.999472427368164,59.96002664890073
shruti_filming_1.mp4,3512,2,4,0.1831053864081925,0.9994813919067382,0.3614935415762442,3,0.1831053864081925,0.9994813919067382,59.96002664890073
shruti_filming_1.mp4,3513,2,4,0.1840969347783053,0.9994966506958008,0.3574495668764467,3,0.1840969347783053,0.9994966506958008,59.96002664890073
shruti_filming_1.mp4,3514,2,4,0.1858006699755787,0.9994743982950848,0.3513346354166666,2,0.1858006699755787,0.9994743982950848,59.96002664890073
shruti_filming_1.mp4,3515,2,5,0.1871303361812089,0.9994529724121094,0.346778643572772,2,0.1871303361812089,0.9994529724121094,59.96002664890073
shruti_filming_1.mp4,3516,2,5,0.1892275828790037,0.999496841430664,0.3399333812572337,2,0.1892275828790037,0.999496841430664,59.96002664890073
shruti_filming_1.mp4,3517,2,4,0.1907099672876453,0.9996326446533204,0.3366689046223958,2,0.1907099672876453,0.9996326446533204,59.96002664890073
shruti_filming_1.mp4,3518,2,4,0.1911139279733995,0.9995441436767578,0.3278247197469076,2,0.1911139279733995,0.9995441436767578,59.96002664890073
shruti_filming_1.mp4,3519,2,4,0.1872221087741491,0.999435297648112,0.3069407992892795,2,0.1872221087741491,0.999435297648112,59.96002664890073
shruti_filming_1.mp4,3520,2,5,0.1800327106533007,0.999577522277832,0.2688495212131076,2,0.1800327106533007,0.999577522277832,59.96002664890073
shruti_filming_1.mp4,3521,2,5,0.1718862349542618,0.9995676040649414,0.2342443960684317,2,0.1718862349542618,0.9995676040649414,59.96002664890073
shruti_filming_1.mp4,3522,2,5,0.1627815424793498,0.9996206283569335,0.1968289128056279,2,0.1627815424793498,0.9996206283569335,59.96002664890073
shruti_filming_1.mp4,3523,2,4,0.1576397273370444,0.9994440078735352,0.1667630796079282,2,0.1576397273370444,0.9994440078735352,59.96002664890073
shruti_filming_1.mp4,3524,2,4,0.152961998219204,0.999467658996582,0.1385720429597077,2,0.152961998219204,0.999467658996582,59.96002664890073
shruti_filming_1.mp4,3525,2,4,0.150639537701222,0.9997014999389648,0.1228088237621166,2,0.150639537701222,0.9997014999389648,59.96002664890073
shruti_filming_1.mp4,3526,2,4,0.1425947860720097,0.9995859146118165,0.0971620347764757,2,0.1425947860720097,0.9995859146118165,59.96002664890073
shruti_filming_1.mp4,3527,2,4,0.1416105459782799,0.9991791407267252,0.0760797006112557,2,0.1416105459782799,0.9991791407267252,59.96002664890073
shruti_filming_1.mp4,3528,2,4,0.1352165480496559,0.9992666244506836,0.0528113612422236,2,0.1352165480496559,0.9992666244506836,59.96002664890073
shruti_filming_1.mp4,3529,2,4,0.1274722661537816,0.998084831237793,0.0209201388888888,2,0.1274722661537816,0.998084831237793,59.96002664890073
shruti_filming_1.mp4,3530,2,4,0.1253931697399192,0.9981201171875,0.0065016287344473,2,0.1253931697399192,0.9981201171875,59.96002664890073
shruti_filming_1.mp4,3531,2,4,0.1198502380110827,0.995448366800944,0.0134672376844618,2,0.1198502380110827,0.995448366800944,59.96002664890073
shruti_filming_1.mp4,3532,2,4,0.1149802283982575,0.9994688034057616,0.6475504451327854,2,0.1132903143004686,0.9925952911376952,59.96002664890073
shruti_filming_1.mp4,3533,2,4,0.1208316756307262,0.9994424819946288,0.6317189675790292,2,0.1125504538184516,0.9956680297851562,59.96002664890073
shruti_filming_1.mp4,3534,2,4,0.1261843031743127,0.9994836807250976,0.6184378729926215,2,0.105243088066345,0.9882762908935548,59.96002664890073
shruti_filming_1.mp4,3535,2,4,0.1318656101478457,0.9994588851928712,0.6060792711046007,2,0.102601621423641,0.9864614486694336,59.96002664890073
shruti_filming_1.mp4,3536,2,4,0.137190022028746,0.999721336364746,0.5908888498942058,3,0.137190022028746,0.999721336364746,59.96002664890073
shruti_filming_1.mp4,3537,2,4,0.1412144041405177,0.9996576309204102,0.5796629587809244,3,0.1412144041405177,0.9996576309204102,59.96002664890073
shruti_filming_1.mp4,3538,2,4,0.1448871402504435,0.9995861689249674,0.5696288779929832,3,0.1448871402504435,0.9995861689249674,59.96002664890073
shruti_filming_1.mp4,3539,2,4,0.1483708607128857,0.9995644251505534,0.5584960513644748,3,0.1483708607128857,0.9995644251505534,59.96002664890073
shruti_filming_1.mp4,3540,2,4,0.1530922605729763,0.9995410919189454,0.5474967956542969,3,0.1530922605729763,0.9995410919189454,59.96002664890073
shruti_filming_1.mp4,3541,2,4,0.1568662097164714,0.9995805740356444,0.5407562255859375,3,0.1568662097164714,0.9995805740356444,59.96002664890073
shruti_filming_1.mp4,3542,2,4,0.1606301694073772,0.9995824813842772,0.5290299309624567,3,0.1606301694073772,0.9995824813842772,59.96002664890073
shruti_filming_1.mp4,3543,2,4,0.162003917768991,0.999582290649414,0.5230978789152922,3,0.162003917768991,0.999582290649414,59.96002664890073
shruti_filming_1.mp4,3544,2,4,0.1652318720778512,0.9996013641357422,0.5147474783438223,3,0.1652318720778512,0.9996013641357422,59.96002664890073
shruti_filming_1.mp4,3545,2,4,0.1683521170664985,0.9995817184448242,0.5057589636908637,3,0.1683521170664985,0.9995817184448242,59.96002664890073
shruti_filming_1.mp4,3546,2,5,0.1700498078771731,0.9993228912353516,0.5026506494592737,3,0.1700498078771731,0.9993228912353516,59.96002664890073
shruti_filming_1.mp4,3547,2,5,0.171352800545994,0.9993040084838868,0.4946864657931857,3,0.171352800545994,0.9993040084838868,59.96002664890073
shruti_filming_1.mp4,3548,2,5,0.17182078348864,0.9982791900634764,0.4899292839898003,3,0.17182078348864,0.9982791900634764,59.96002664890073
shruti_filming_1.mp4,3549,2,4,0.1745916996582403,0.9996061325073242,0.4844948238796658,3,0.1745916996582403,0.9996061325073242,59.96002664890073
shruti_filming_1.mp4,3550,2,4,0.1752482277637399,0.999460792541504,0.4773759629991319,3,0.1752482277637399,0.999460792541504,59.96002664890073
shruti_filming_1.mp4,3551,2,5,0.1765029737478139,0.9994512557983398,0.4747256950095848,3,0.1765029737478139,0.9994512557983398,59.96002664890073
shruti_filming_1.mp4,3552,2,4,0.176943203145347,0.999458122253418,0.4694935268825955,3,0.176943203145347,0.999458122253418,59.96002664890073
shruti_filming_1.mp4,3553,2,4,0.1774441530617574,0.999448076883952,0.4640760633680555,3,0.1774441530617574,0.999448076883952,59.96002664890073
shruti_filming_1.mp4,3554,2,4,0.1762596821127226,0.9994302749633788,0.4582918520326967,3,0.1762596821127226,0.9994302749633788,59.96002664890073
shruti_filming_1.mp4,3555,2,4,0.1795134739776323,0.9996018091837564,0.4535015530056424,3,0.1795134739776323,0.9996018091837564,59.96002664890073
shruti_filming_1.mp4,3556,2,4,0.1806079511720276,0.9996143341064452,0.4457725948757595,3,0.1806079511720276,0.9996143341064452,59.96002664890073
shruti_filming_1.mp4,3557,2,4,0.1811693955883297,0.9996058146158854,0.4410348962854456,3,0.1811693955883297,0.9996058146158854,59.96002664890073
shruti_filming_1.mp4,3558,2,4,0.1804952250707342,0.9996265411376952,0.4401100441261574,3,0.1804952250707342,0.9996265411376952,59.96002664890073
shruti_filming_1.mp4,3559,2,4,0.1800087201847917,0.9995227813720704,0.4338697786684389,3,0.1800087201847917,0.9995227813720704,59.96002664890073
shruti_filming_1.mp4,3560,2,4,0.1819726711137142,0.9996506373087564,0.4314748128255208,3,0.1819726711137142,0.9996506373087564,59.96002664890073
shruti_filming_1.mp4,3561,2,4,0.1837079249676511,0.9995283762613932,0.4205412970648871,3,0.1837079249676511,0.9995283762613932,59.96002664890073
shruti_filming_1.mp4,3562,2,4,0.1837223140411596,0.9994394302368164,0.4183777985749421,3,0.1837223140411596,0.9994394302368164,59.96002664890073
shruti_filming_1.mp4,3563,2,4,0.1843984024515925,0.999364153544108,0.4155699270742911,3,0.1843984024515925,0.999364153544108,59.96002664890073
shruti_filming_1.mp4,3564,2,4,0.1844017737017593,0.9993921279907226,0.413944583468967,3,0.1844017737017593,0.9993921279907226,59.96002664890073
shruti_filming_1.mp4,3565,2,4,0.1849123181207364,0.9993658065795898,0.4128517433449074,3,0.1849123181207364,0.9993658065795898,59.96002664890073
shruti_filming_1.mp4,3566,2,4,0.1855254759995466,0.9993844985961914,0.4097089414243345,3,0.1855254759995466,0.9993844985961914,59.96002664890073
shruti_filming_1.mp4,3567,2,4,0.1870441510798991,0.9993915557861328,0.4051210474084925,3,0.1870441510798991,0.9993915557861328,59.96002664890073
shruti_filming_1.mp4,3568,2,4,0.1878367709995951,0.999415397644043,0.4012799157036675,3,0.1878367709995951,0.999415397644043,59.96002664890073
shruti_filming_1.mp4,3569,2,4,0.188915699098167,0.9994272867838542,0.3968794504801432,3,0.188915699098167,0.9994272867838542,59.96002664890073
shruti_filming_1.mp4,3570,2,4,0.1897209953530195,0.9994590759277344,0.3924009535047743,3,0.1897209953530195,0.9994590759277344,59.96002664890073
shruti_filming_1.mp4,3571,2,4,0.1908935076919281,0.999461046854655,0.3881126403808593,3,0.1908935076919281,0.999461046854655,59.96002664890073
shruti_filming_1.mp4,3572,2,4,0.1888148441119443,0.9995107650756836,0.3876027707700376,3,0.1888148441119443,0.9995107650756836,59.96002664890073
shruti_filming_1.mp4,3573,2,4,0.1894412733515491,0.999740982055664,0.3852759043375651,3,0.1894412733515491,0.999740982055664,59.96002664890073
shruti_filming_1.mp4,3574,2,4,0.1903910852418396,0.999765396118164,0.3812876666033709,3,0.1903910852418396,0.999765396118164,59.96002664890073
shruti_filming_1.mp4,3575,2,4,0.1910024102969112,0.9997919082641602,0.3794948012740524,3,0.1910024102969112,0.9997919082641602,59.96002664890073
shruti_filming_1.mp4,3576,2,4,0.1911286813050942,0.9996936798095704,0.378655030992296,3,0.1911286813050942,0.9996936798095704,59.96002664890073
shruti_filming_1.mp4,3577,2,4,0.1919124639121582,0.999737548828125,0.37489013671875,3,0.1919124639121582,0.999737548828125,59.96002664890073
shruti_filming_1.mp4,3578,2,4,0.1918194727393711,0.9997261047363282,0.3735774993896484,3,0.1918194727393711,0.9997261047363282,59.96002664890073
shruti_filming_1.mp4,3579,2,4,0.1932529543691877,0.9996660868326824,0.3682937339500144,3,0.1932529543691877,0.9996660868326824,59.96002664890073
shruti_filming_1.mp4,3580,2,4,0.1939733096045286,0.9996740341186524,0.3635989718967014,3,0.1939733096045286,0.9996740341186524,59.96002664890073
shruti_filming_1.mp4,3581,2,5,0.1945521546088679,0.9997074762980144,0.3608799263283058,3,0.1945521546088679,0.9997074762980144,59.96002664890073
shruti_filming_1.mp4,3582,2,5,0.1937410049157053,0.9996925354003906,0.3654481110749421,3,0.1937410049157053,0.9996925354003906,59.96002664890073
shruti_filming_1.mp4,3583,2,5,0.1937736729643236,0.9989492416381835,0.3594230651855469,3,0.1937736729643236,0.9989492416381835,59.96002664890073
shruti_filming_1.mp4,3584,2,6,0.193963781863341,0.9990407943725584,0.3567981296115451,3,0.193963781863341,0.9990407943725584,59.96002664890073
shruti_filming_1.mp4,3585,2,5,0.1943605418129461,0.9996097564697266,0.3564198811848958,3,0.1943605418129461,0.9996097564697266,59.96002664890073
shruti_filming_1.mp4,3586,2,6,0.1945663431407053,0.9994726181030272,0.3560241981788918,3,0.1945663431407053,0.9994726181030272,59.96002664890073
shruti_filming_1.mp4,3587,2,6,0.1947296893181542,0.9995203018188475,0.3575187965675636,3,0.1947296893181542,0.9995203018188475,59.96002664890073
shruti_filming_1.mp4,3588,2,7,0.1938785162158698,0.9993518829345704,0.3549407393844039,3,0.1938785162158698,0.9993518829345704,59.96002664890073
shruti_filming_1.mp4,3589,2,6,0.193332898348696,0.9992935180664062,0.3542897754245334,3,0.193332898348696,0.9992935180664062,59.96002664890073
shruti_filming_1.mp4,3590,2,6,0.1936739267222583,0.9993377685546876,0.3521841543692129,3,0.1936739267222583,0.9993377685546876,59.96002664890073
shruti_filming_1.mp4,3591,2,6,0.1935964486964318,0.9994297663370768,0.3507967065881799,3,0.1935964486964318,0.9994297663370768,59.96002664890073
shruti_filming_1.mp4,3592,2,5,0.1934872553521523,0.9993824005126952,0.3502828174167209,3,0.1934872553521523,0.9993824005126952,59.96002664890073
shruti_filming_1.mp4,3593,2,6,0.1946544311010838,0.9995803833007812,0.3508475692183883,3,0.1946544311010838,0.9995803833007812,59.96002664890073
shruti_filming_1.mp4,3594,2,5,0.1945754037433545,0.9996328353881836,0.3495925338179977,3,0.1945754037433545,0.9996328353881836,59.96002664890073
shruti_filming_1.mp4,3595,2,5,0.1945327757392941,0.9996023813883465,0.349600671838831,3,0.1945327757392941,0.9996023813883465,59.96002664890073
shruti_filming_1.mp4,3596,2,5,0.1943110990064128,0.9995708465576172,0.3462835523817274,3,0.1943110990064128,0.9995708465576172,59.96002664890073
shruti_filming_1.mp4,3597,2,5,0.1947174492336085,0.9996278762817384,0.3446495903862847,3,0.1947174492336085,0.9996278762817384,59.96002664890073
shruti_filming_1.mp4,3598,2,5,0.1951571854900167,0.9995823542277018,0.3435783386230469,3,0.1951571854900167,0.9995823542277018,59.96002664890073
shruti_filming_1.mp4,3599,2,6,0.1949518103503416,0.999650764465332,0.3454969829983181,3,0.1949518103503416,0.999650764465332,59.96002664890073
shruti_filming_1.mp4,3600,1,5,0.1945610331779041,0.9996639251708984,0.3459364997016059,3,0.1945610331779041,0.9996639251708984,59.96002664890073
shruti_filming_1.mp4,3601,1,7,0.1949367170348867,0.9996133804321288,0.344819923683449,4,0.1949367170348867,0.9996133804321288,59.96002664890073
shruti_filming_1.mp4,3602,1,7,0.1948822787983226,0.9996334711710612,0.3432936774359809,4,0.1948822787983226,0.9996334711710612,59.96002664890073
shruti_filming_1.mp4,3603,1,7,0.1948843032323444,0.999660364786784,0.3406253390842014,5,0.1948843032323444,0.999660364786784,59.96002664890073
shruti_filming_1.mp4,3604,1,8,0.1942662312874745,0.9996177673339844,0.3388031429714627,6,0.1942662312874745,0.9996177673339844,59.96002664890073
shruti_filming_1.mp4,3605,1,7,0.1923020760785544,0.9992868423461914,0.3344749097470884,6,0.1923020760785544,0.9992868423461914,59.96002664890073
shruti_filming_1.mp4,3606,1,7,0.1865767776195517,0.9972139358520508,0.3202636789392541,6,0.1865767776195517,0.9972139358520508,59.96002664890073
shruti_filming_1.mp4,3607,1,8,0.1819235700324201,0.99488525390625,0.3145352116337529,6,0.1819235700324201,0.99488525390625,59.96002664890073
shruti_filming_1.mp4,3608,1,8,0.1762973518221622,0.99174861907959,0.2995370935510706,6,0.1762973518221622,0.99174861907959,59.96002664890073
shruti_filming_1.mp4,3609,1,8,0.1725074603785469,0.9892948786417644,0.2907276577419705,6,0.1725074603785469,0.9892948786417644,59.96002664890073
shruti_filming_1.mp4,3610,1,8,0.1679648382842532,0.9860929489135742,0.2764736034252025,6,0.1679648382842532,0.9860929489135742,59.96002664890073
shruti_filming_1.mp4,3611,1,9,0.1623449253738686,0.9810114542643228,0.2669142405192057,6,0.1623449253738686,0.9810114542643228,59.96002664890073
shruti_filming_1.mp4,3612,1,8,0.1566828394589053,0.9763769785563152,0.2547714233398437,6,0.1566828394589053,0.9763769785563152,59.96002664890073
shruti_filming_1.mp4,3613,1,7,0.1509028576196525,0.9711847941080728,0.2437959529735424,5,0.1509028576196525,0.9711847941080728,59.96002664890073
shruti_filming_1.mp4,3614,1,7,0.1445189390157678,0.964863395690918,0.2322041900069625,5,0.1445189390157678,0.964863395690918,59.96002664890073
shruti_filming_1.mp4,3615,1,7,0.1422662405120799,0.9650592803955078,0.2225226720174153,6,0.1422662405120799,0.9650592803955078,59.96002664890073
shruti_filming_1.mp4,3616,1,7,0.1384250960483634,0.9623723983764648,0.2120761730052806,6,0.1384250960483634,0.9623723983764648,59.96002664890073
shruti_filming_1.mp4,3617,1,8,0.1343509562050652,0.9600343704223632,0.2006102667914496,7,0.1343509562050652,0.9600343704223632,59.96002664890073
shruti_filming_1.mp4,3618,1,6,0.1318269854751512,0.9585813522338869,0.1917973694977937,5,0.1318269854751512,0.9585813522338869,59.96002664890073
shruti_filming_1.mp4,3619,1,6,0.1277848257701003,0.9543756484985352,0.1840144122088397,5,0.1277848257701003,0.9543756484985352,59.96002664890073
shruti_filming_1.mp4,3620,1,6,0.123724969329982,0.9508657455444336,0.1749735373037833,5,0.123724969329982,0.9508657455444336,59.96002664890073
shruti_filming_1.mp4,3621,1,6,0.1210603408334129,0.9485227584838868,0.1673284177426938,5,0.1210603408334129,0.9485227584838868,59.96002664890073
shruti_filming_1.mp4,3622,1,6,0.1175299167751897,0.946000289916992,0.1580950419108072,5,0.1175299167751897,0.946000289916992,59.96002664890073
shruti_filming_1.mp4,3623,1,6,0.1131435038614946,0.9419912338256836,0.150211023401331,5,0.1131435038614946,0.9419912338256836,59.96002664890073
shruti_filming_1.mp4,3624,1,7,0.1106825877787079,0.9403158187866212,0.1441085956714771,6,0.1106825877787079,0.9403158187866212,59.96002664890073
shruti_filming_1.mp4,3625,1,6,0.1078217581737489,0.9384989420572916,0.1368120122838903,5,0.1078217581737489,0.9384989420572916,59.96002664890073
shruti_filming_1.mp4,3626,1,6,0.1053860654960024,0.9369714736938476,0.1298477737991898,5,0.1053860654960024,0.9369714736938476,59.96002664890073
shruti_filming_1.mp4,3627,1,6,0.1029401439675227,0.9350725809733073,0.1232574321605541,5,0.1029401439675227,0.9350725809733073,59.96002664890073
shruti_filming_1.mp4,3628,1,7,0.0995442282726462,0.9315269470214844,0.1138135415536386,6,0.0995442282726462,0.9315269470214844,59.96002664890073
shruti_filming_1.mp4,3629,1,8,0.0968023319703664,0.927944564819336,0.1085970701994719,7,0.0968023319703664,0.927944564819336,59.96002664890073
shruti_filming_1.mp4,3630,1,7,0.0948536690949684,0.9267492294311525,0.102154399730541,6,0.0948536690949684,0.9267492294311525,59.96002664890073
shruti_filming_1.mp4,3631,1,8,0.0921684229984196,0.9243135452270508,0.0928289766664858,7,0.0921684229984196,0.9243135452270508,59.96002664890073
shruti_filming_1.mp4,3632,1,9,0.0900492966424078,0.9211531321207682,0.0865259523744936,8,0.0900492966424078,0.9211531321207682,59.96002664890073
shruti_filming_1.mp4,3633,1,8,0.087329040618567,0.9177898406982422,0.0822601600929542,7,0.087329040618567,0.9177898406982422,59.96002664890073
shruti_filming_1.mp4,3634,1,8,0.0851775704158299,0.9158167521158854,0.0773088525842737,7,0.0851775704158299,0.9158167521158854,59.96002664890073
shruti_filming_1.mp4,3635,1,8,0.0825176058290957,0.9132678985595704,0.0695498996310763,7,0.0825176058290957,0.9132678985595704,59.96002664890073
shruti_filming_1.mp4,3636,1,9,0.0809697320234274,0.912864875793457,0.063148131193938,8,0.0809697320234274,0.912864875793457,59.96002664890073
shruti_filming_1.mp4,3637,1,9,0.0801950842854017,0.911967658996582,0.0537582680031105,8,0.0801950842854017,0.911967658996582,59.96002664890073
shruti_filming_1.mp4,3638,1,8,0.0788924937060801,0.9089675903320312,0.0426734076605902,7,0.0788924937060801,0.9089675903320312,59.96002664890073
shruti_filming_1.mp4,3639,1,8,0.0777390597172887,0.9085363388061524,0.034492520932798,7,0.0777390597172887,0.9085363388061524,59.96002664890073
shruti_filming_1.mp4,3640,1,8,0.0752420632020652,0.90705623626709,0.0334567882396556,7,0.0752420632020652,0.90705623626709,59.96002664890073
shruti_filming_1.mp4,3641,1,9,0.07457184975181,0.9057505289713542,0.0271072387695312,8,0.07457184975181,0.9057505289713542,59.96002664890073
shruti_filming_1.mp4,3642,1,9,0.0732957676369955,0.9026400248209636,0.0182387175383391,8,0.0732957676369955,0.9026400248209636,59.96002664890073
shruti_filming_1.mp4,3643,1,10,0.073594507265629,0.8998512268066406,0.0022794935438368,9,0.073594507265629,0.8998512268066406,59.96002664890073
shruti_filming_1.mp4,3644,1,10,0.0710168019579119,0.8982107162475585,0.0041673165780526,9,0.0710168019579119,0.8982107162475585,59.96002664890073
shruti_filming_1.mp4,3645,1,10,0.069515110037642,0.8957736968994141,0.0211089805320457,9,0.069515110037642,0.8957736968994141,59.96002664890073
shruti_filming_1.mp4,3646,1,9,0.0661057673005497,0.8942532221476237,0.0157663698549623,8,0.0661057673005497,0.8942532221476237,59.96002664890073
shruti_filming_1.mp4,3647,1,9,0.0632153931595288,0.8916456222534179,0.0097169381600839,8,0.0632153931595288,0.8916456222534179,59.96002664890073
shruti_filming_1.mp4,3648,1,9,0.062919884892256,0.8902297973632812,0.0177049142343026,8,0.062919884892256,0.8902297973632812,59.96002664890073
shruti_filming_1.mp4,3649,1,9,0.0620199673209446,0.8900506973266602,0.0245193198875144,8,0.0620199673209446,0.8900506973266602,59.96002664890073
shruti_filming_1.mp4,3650,1,9,0.061945819938329,0.8893131256103516,0.0339526706271701,8,0.061945819938329,0.8893131256103516,59.96002664890073
shruti_filming_1.mp4,3651,1,10,0.0613524244808057,0.8865696589152018,0.0455628006546585,9,0.0613524244808057,0.8865696589152018,59.96002664890073
shruti_filming_1.mp4,3652,1,8,0.0594642329508335,0.885464859008789,0.0466215345594618,7,0.0594642329508335,0.885464859008789,59.96002664890073
shruti_filming_1.mp4,3653,1,9,0.0571548969391086,0.8843481699625652,0.0446534615975839,8,0.0571548969391086,0.8843481699625652,59.96002664890073
shruti_filming_1.mp4,3654,1,10,0.0560579143014857,0.8831146240234375,0.0481094925491898,9,0.0560579143014857,0.8831146240234375,59.96002664890073
shruti_filming_1.mp4,3655,1,9,0.0556456165224059,0.8816881815592448,0.0558178371853298,8,0.0556456165224059,0.8816881815592448,59.96002664890073
shruti_filming_1.mp4,3656,1,10,0.0550103001217185,0.8797449111938477,0.0670184665256076,9,0.0550103001217185,0.8797449111938477,59.96002664890073
shruti_filming_1.mp4,3657,1,9,0.0558564194806967,0.8781152725219726,0.0815283598723235,8,0.0558564194806967,0.8781152725219726,59.96002664890073
shruti_filming_1.mp4,3658,1,10,0.0541824420419935,0.8769109725952149,0.0815890842013888,9,0.0541824420419935,0.8769109725952149,59.96002664890073
shruti_filming_1.mp4,3659,1,10,0.0526686154864189,0.8755973815917969,0.0832723546911168,9,0.0526686154864189,0.8755973815917969,59.96002664890073
shruti_filming_1.mp4,3660,0,11,0.0529302256781536,0.8749132792154948,0.0923568443015769,10,0.0529302256781536,0.8749132792154948,59.96002664890073
shruti_filming_1.mp4,3661,0,10,0.0521944284213693,0.8734985987345377,0.099634043375651,9,0.0521944284213693,0.8734985987345377,59.96002664890073
shruti_filming_1.mp4,3662,0,8,0.0498288140589095,0.8731051127115885,0.0950471666124131,7,0.0498288140589095,0.8731051127115885,59.96002664890073
shruti_filming_1.mp4,3663,0,9,0.0494498593809246,0.8727096557617188,0.100401390923394,8,0.0494498593809246,0.8727096557617188,59.96002664890073
shruti_filming_1.mp4,3664,0,8,0.0485845787382762,0.8714745203653972,0.1070056491427951,7,0.0485845787382762,0.8714745203653972,59.96002664890073
shruti_filming_1.mp4,3665,0,10,0.0471059329799027,0.8692136764526367,0.1123336791992187,9,0.0471059329799027,0.8692136764526367,59.96002664890073
shruti_filming_1.mp4,3666,0,10,0.0471731580165214,0.8678789138793945,0.1209292941623264,8,0.0471731580165214,0.8678789138793945,59.96002664890073
shruti_filming_1.mp4,3667,0,8,0.0454428554064145,0.8669521967569987,0.1191962348090277,6,0.0454428554064145,0.8669521967569987,59.96002664890073
shruti_filming_1.mp4,3668,0,7,0.0451991411720878,0.8665089289347331,0.1277426543059172,5,0.0451991411720878,0.8665089289347331,59.96002664890073
shruti_filming_1.mp4,3669,0,8,0.0456395352263158,0.8664583206176758,0.1383719550238715,6,0.0456395352263158,0.8664583206176758,59.96002664890073
shruti_filming_1.mp4,3670,0,8,0.0445888428657781,0.8654455820719401,0.1399385240342882,6,0.0445888428657781,0.8654455820719401,59.96002664890073
shruti_filming_1.mp4,3671,0,10,0.043944612207415,0.8639030456542969,0.1460013495551215,8,0.043944612207415,0.8639030456542969,59.96002664890073
shruti_filming_1.mp4,3672,0,9,0.0434946321237172,0.8629145304361979,0.1513928731282552,7,0.0434946321237172,0.8629145304361979,59.96002664890073
shruti_filming_1.mp4,3673,0,8,0.0430923862824716,0.8618352890014649,0.1571273803710937,6,0.0430923862824716,0.8618352890014649,59.96002664890073
shruti_filming_1.mp4,3674,0,8,0.0424893440704585,0.8617094039916993,0.1603098551432291,6,0.0424893440704585,0.8617094039916993,59.96002664890073
shruti_filming_1.mp4,3675,0,9,0.0418551838840789,0.8623324076334635,0.1612153512460214,7,0.0418551838840789,0.8623324076334635,59.96002664890073
shruti_filming_1.mp4,3676,0,8,0.0410907076617823,0.8610713958740235,0.1653960051359953,6,0.0410907076617823,0.8610713958740235,59.96002664890073
shruti_filming_1.mp4,3677,0,8,0.0391779690793083,0.8603685379028321,0.1584587662308304,6,0.0391779690793083,0.8603685379028321,59.96002664890073
shruti_filming_1.mp4,3678,0,10,0.0383185093687778,0.8593878428141276,0.1597835964626736,9,0.0383185093687778,0.8593878428141276,59.96002664890073
shruti_filming_1.mp4,3679,0,10,0.0390425958889565,0.8586278915405273,0.1719829700611256,9,0.0390425958889565,0.8586278915405273,59.96002664890073
shruti_filming_1.mp4,3680,0,11,0.038421640675337,0.8581143061319987,0.176141611735026,10,0.038421640675337,0.8581143061319987,59.96002664890073
shruti_filming_1.mp4,3681,0,10,0.0377445638811817,0.857102648417155,0.1820304870605468,9,0.0377445638811817,0.857102648417155,59.96002664890073
shruti_filming_1.mp4,3682,0,10,0.0373393443841444,0.8563992182413737,0.1854787755895544,9,0.0373393443841444,0.8563992182413737,59.96002664890073
shruti_filming_1.mp4,3683,0,10,0.0367267205804657,0.8545829772949218,0.1896119576913339,9,0.0367267205804657,0.8545829772949218,59.96002664890073
shruti_filming_1.mp4,3684,0,11,0.0356051236391067,0.8542559305826823,0.187969970703125,10,0.0356051236391067,0.8542559305826823,59.96002664890073
shruti_filming_1.mp4,3685,0,9,0.0362241814382098,0.8536298751831055,0.1994054723668981,8,0.0362241814382098,0.8536298751831055,59.96002664890073
shruti_filming_1.mp4,3686,0,9,0.0356204152514692,0.8532979965209961,0.199912601047092,8,0.0356204152514692,0.8532979965209961,59.96002664890073
shruti_filming_1.mp4,3687,0,8,0.0350000094270217,0.8525536219278972,0.2014646742078993,7,0.0350000094270217,0.8525536219278972,59.96002664890073
shruti_filming_1.mp4,3688,0,10,0.0343687616762084,0.8519655227661133,0.2029604311342592,9,0.0343687616762084,0.8519655227661133,59.96002664890073
shruti_filming_1.mp4,3689,0,9,0.0338738460515742,0.8516894022623698,0.2060039944118923,8,0.0338738460515742,0.8516894022623698,59.96002664890073
shruti_filming_1.mp4,3690,0,9,0.0334264217714856,0.8511302947998047,0.209855482313368,8,0.0334264217714856,0.8511302947998047,59.96002664890073
shruti_filming_1.mp4,3691,0,10,0.0327165831979881,0.8499031702677409,0.2118875009042245,9,0.0327165831979881,0.8499031702677409,59.96002664890073
shruti_filming_1.mp4,3692,0,9,0.0314728261967064,0.8488056818644206,0.2096962822808159,8,0.0314728261967064,0.8488056818644206,59.96002664890073
shruti_filming_1.mp4,3693,0,10,0.030696859407705,0.8486651102701823,0.2105170921043113,9,0.030696859407705,0.8486651102701823,59.96002664890073
shruti_filming_1.mp4,3694,0,12,0.0304460243095592,0.8477217356363932,0.214754005714699,11,0.0304460243095592,0.8477217356363932,59.96002664890073
shruti_filming_1.mp4,3695,0,11,0.0297156207686157,0.8467066446940105,0.2147595440899884,10,0.0297156207686157,0.8467066446940105,59.96002664890073
shruti_filming_1.mp4,3696,0,9,0.030000381138816,0.8459491729736328,0.222230303729022,8,0.030000381138816,0.8459491729736328,59.96002664890073
shruti_filming_1.mp4,3697,0,9,0.029711711627207,0.844593620300293,0.2257190845630787,8,0.029711711627207,0.844593620300293,59.96002664890073
shruti_filming_1.mp4,3698,0,9,0.0294854714176265,0.8441682815551758,0.2312741314923321,8,0.0294854714176265,0.8441682815551758,59.96002664890073
shruti_filming_1.mp4,3699,0,10,0.0288839925502866,0.8438851038614908,0.2344807377567997,9,0.0288839925502866,0.8438851038614908,59.96002664890073
shruti_filming_1.mp4,3700,0,9,0.0286441758711158,0.8431296030680339,0.2380752563476562,8,0.0286441758711158,0.8431296030680339,59.96002664890073
shruti_filming_1.mp4,3701,0,9,0.028208766603105,0.8426632563273112,0.2423856947157118,8,0.028208766603105,0.8426632563273112,59.96002664890073
shruti_filming_1.mp4,3702,0,8,0.0276478011342179,0.8426338195800781,0.243353780110677,7,0.0276478011342179,0.8426338195800781,59.96002664890073
shruti_filming_1.mp4,3703,0,9,0.0273784180109699,0.8429958343505859,0.2465951990198206,8,0.0273784180109699,0.8429958343505859,59.96002664890073
shruti_filming_1.mp4,3704,0,10,0.0271860450910753,0.8423714319864909,0.2500500149197048,9,0.0271860450910753,0.8423714319864909,59.96002664890073
shruti_filming_1.mp4,3705,0,11,0.0268852864300694,0.8420915603637695,0.2524936252170139,10,0.0268852864300694,0.8420915603637695,59.96002664890073
shruti_filming_1.mp4,3706,0,10,0.0262569497230773,0.8412596384684244,0.2538285997178819,9,0.0262569497230773,0.8412596384684244,59.96002664890073
shruti_filming_1.mp4,3707,0,7,0.0267104852335587,0.8417797088623047,0.2617961177119502,6,0.0267104852335587,0.8417797088623047,59.96002664890073
shruti_filming_1.mp4,3708,0,7,0.0264689428251909,0.842108408610026,0.2660352918836806,6,0.0264689428251909,0.842108408610026,59.96002664890073
shruti_filming_1.mp4,3709,0,9,0.0261741949507268,0.8416887919108073,0.2698882491500289,8,0.0261741949507268,0.8416887919108073,59.96002664890073
shruti_filming_1.mp4,3710,0,8,0.0253179211191147,0.8412103652954102,0.2721138848198784,7,0.0253179211191147,0.8412103652954102,59.96002664890073
shruti_filming_1.mp4,3711,0,9,0.0246759046075641,0.8400484720865885,0.2778428819444444,8,0.0246759046075641,0.8400484720865885,59.96002664890073
shruti_filming_1.mp4,3712,0,10,0.0240493712102761,0.8392839431762695,0.2812771267361111,9,0.0240493712102761,0.8392839431762695,59.96002664890073
shruti_filming_1.mp4,3713,0,10,0.0237512760487799,0.8389484405517578,0.2817328559027778,9,0.0237512760487799,0.8389484405517578,59.96002664890073
shruti_filming_1.mp4,3714,0,12,0.0234354598033759,0.8387356440226237,0.2860257749204282,11,0.0234354598033759,0.8387356440226237,59.96002664890073
shruti_filming_1.mp4,3715,0,9,0.0231980008994772,0.8387430826822917,0.291689215766059,8,0.0231980008994772,0.8387430826822917,59.96002664890073
shruti_filming_1.mp4,3716,0,13,0.0229564821478884,0.8381979624430339,0.2939722696940104,12,0.0229564821478884,0.8381979624430339,59.96002664890073
shruti_filming_1.mp4,3717,0,11,0.0222368110544666,0.8374996185302734,0.2972063417787905,10,0.0222368110544666,0.8374996185302734,59.96002664890073
shruti_filming_1.mp4,3718,0,12,0.0219844033332063,0.8373544692993165,0.3010544953522859,10,0.0219844033332063,0.8373544692993165,59.96002664890073
shruti_filming_1.mp4,3719,0,11,0.0218247376958606,0.8369633356730143,0.3030585394965278,9,0.0218247376958606,0.8369633356730143,59.96002664890073
shruti_filming_1.mp4,3720,0,9,0.0219937675339557,0.8364290237426758,0.3113583034939236,7,0.0219937675339557,0.8364290237426758,59.96002664890073
shruti_filming_1.mp4,3721,0,7,0.0212427571235457,0.8356817245483399,0.3145619145146123,5,0.0212427571235457,0.8356817245483399,59.96002664890073
shruti_filming_1.mp4,3722,0,8,0.0214622473805017,0.8346944808959961,0.3228452894422743,6,0.0214622473805017,0.8346944808959961,59.96002664890073
shruti_filming_1.mp4,3723,0,10,0.0212684868391025,0.8341444651285808,0.3281846223054109,8,0.0212684868391025,0.8341444651285808,59.96002664890073
shruti_filming_1.mp4,3724,0,12,0.0211712076081851,0.8338013331095377,0.3332442107024016,10,0.0211712076081851,0.8338013331095377,59.96002664890073
shruti_filming_1.mp4,3725,0,10,0.0206562820025849,0.8334468841552735,0.3359713519061053,8,0.0206562820025849,0.8334468841552735,59.96002664890073
shruti_filming_1.mp4,3726,0,9,0.0204663051714844,0.8330916086832683,0.341790771484375,7,0.0204663051714844,0.8330916086832683,59.96002664890073
shruti_filming_1.mp4,3727,0,8,0.0201511265247353,0.8326421737670898,0.3477645308883101,6,0.0201511265247353,0.8326421737670898,59.96002664890073
shruti_filming_1.mp4,3728,0,9,0.0199230736992817,0.8324570337931315,0.3513522112811053,7,0.0199230736992817,0.8324570337931315,59.96002664890073
shruti_filming_1.mp4,3729,0,11,0.0194876433821843,0.8315060297648112,0.3542321099175347,9,0.0194876433821843,0.8315060297648112,59.96002664890073
shruti_filming_1.mp4,3730,0,10,0.0193421015796074,0.8314674377441407,0.3573021217628762,8,0.0193421015796074,0.8314674377441407,59.96002664890073
shruti_filming_1.mp4,3731,0,13,0.0190807592227227,0.8313765207926432,0.3620920817057291,11,0.0190807592227227,0.8313765207926432,59.96002664890073
shruti_filming_1.mp4,3732,0,12,0.0191575553762959,0.8324626922607422,0.3655526055230034,10,0.0191575553762959,0.8324626922607422,59.96002664890073
shruti_filming_1.mp4,3733,0,13,0.0191347314225276,0.831808344523112,0.3707118846752025,10,0.0191347314225276,0.831808344523112,59.96002664890073
shruti_filming_1.mp4,3734,0,10,0.0189856537192827,0.8315952936808269,0.3754082008644386,8,0.0189856537192827,0.8315952936808269,59.96002664890073
shruti_filming_1.mp4,3735,0,10,0.0187985721891487,0.8312639236450196,0.378923656322338,8,0.0187985721891487,0.8312639236450196,59.96002664890073
shruti_filming_1.mp4,3736,0,10,0.0186701894972766,0.8305626551310221,0.3842935632776331,8,0.0186701894972766,0.8305626551310221,59.96002664890073
shruti_filming_1.mp4,3737,0,11,0.0186211144030999,0.8298643112182618,0.3895362006293403,9,0.0186211144030999,0.8298643112182618,59.96002664890073
shruti_filming_1.mp4,3738,0,10,0.0182906869486733,0.8299516677856446,0.3926503499348958,9,0.0182906869486733,0.8299516677856446,59.96002664890073
shruti_filming_1.mp4,3739,0,10,0.0179708422823265,0.8290186564127604,0.3940256754557291,9,0.0179708422823265,0.8290186564127604,59.96002664890073
shruti_filming_1.mp4,3740,0,11,0.0177837339108615,0.8283001581827799,0.396034014666522,10,0.0177837339108615,0.8283001581827799,59.96002664890073
shruti_filming_1.mp4,3741,0,12,0.017648655409446,0.8279645919799805,0.3980192396375868,11,0.017648655409446,0.8279645919799805,59.96002664890073
shruti_filming_1.mp4,3742,0,11,0.01753675638407,0.8279081344604492,0.3997941193757234,10,0.01753675638407,0.8279081344604492,59.96002664890073
shruti_filming_1.mp4,3743,0,12,0.0174418191987206,0.8283390045166016,0.4011625501844618,11,0.0174418191987206,0.8283390045166016,59.96002664890073
shruti_filming_1.mp4,3744,0,10,0.0171693409728619,0.8280865351359049,0.4033711186161747,9,0.0171693409728619,0.8280865351359049,59.96002664890073
shruti_filming_1.mp4,3745,0,10,0.0166199704632163,0.8267452875773112,0.4055323282877604,9,0.0166199704632163,0.8267452875773112,59.96002664890073
shruti_filming_1.mp4,3746,0,10,0.0167268540244549,0.8276969909667968,0.4064803512008101,8,0.0167268540244549,0.8276969909667968,59.96002664890073
shruti_filming_1.mp4,3747,0,10,0.0158463454882924,0.8265476862589518,0.4053681550202546,8,0.0158463454882924,0.8265476862589518,59.96002664890073
shruti_filming_1.mp4,3748,0,9,0.0153164546368255,0.826173210144043,0.403444191261574,8,0.0153164546368255,0.826173210144043,59.96002664890073
shruti_filming_1.mp4,3749,0,8,0.0155740250974122,0.8441506067911784,0.8238496780395508,7,0.0154571162566814,0.8272701263427734,59.96002664890073
shruti_filming_1.mp4,3750,0,9,0.0158480073243723,0.8438732782999675,0.8219311237335205,8,0.0153277355138453,0.8261541366577149,59.96002664890073
shruti_filming_1.mp4,3751,0,9,0.0158744350596356,0.8436616897583008,0.8202596664428711,8,0.0149689068385244,0.8258238474527995,59.96002664890073
shruti_filming_1.mp4,3752,0,9,0.015942413962601,0.8432954788208008,0.8181495101363571,8,0.0142314980511825,0.824268913269043,59.96002664890073
shruti_filming_1.mp4,3753,0,9,0.0161307068382086,0.8429012298583984,0.8148978763156467,8,0.0139686929256034,0.8239145914713542,59.96002664890073
shruti_filming_1.mp4,3754,0,10,0.0166230999545438,0.8427941004435221,0.8102575584694192,8,0.0137476573312758,0.8238704681396485,59.96002664890073
shruti_filming_1.mp4,3755,0,10,0.0169876961848543,0.8425224304199219,0.8061462684913918,8,0.0136520312088153,0.8236005783081055,59.96002664890073
shruti_filming_1.mp4,3756,0,10,0.0171441620636889,0.8421764373779297,0.8033551957872179,8,0.0134458120522753,0.8228143692016602,59.96002664890073
shruti_filming_1.mp4,3757,0,9,0.0172227075478682,0.8417373657226562,0.8010221693250869,8,0.0132656661783888,0.822146224975586,59.96002664890073
shruti_filming_1.mp4,3758,0,9,0.0174213420838224,0.8417889277140299,0.7982331028691044,8,0.0130706725312241,0.821743392944336,59.96002664890073
shruti_filming_1.mp4,3759,0,11,0.0174762435118455,0.8408044815063477,0.7980842025191696,10,0.0129095143916762,0.820684814453125,59.96002664890073
shruti_filming_1.mp4,3760,0,12,0.0174624447443541,0.8402372360229492,0.7972095277574327,11,0.0130440815878682,0.820205561319987,59.96002664890073
shruti_filming_1.mp4,3761,0,11,0.0174163523339908,0.8394224166870117,0.7955550794248227,10,0.012978390573447,0.8198919296264648,59.96002664890073
shruti_filming_1.mp4,3762,0,11,0.0173150736493806,0.8385170618693034,0.7932597548873336,10,0.0129151540266078,0.8197118759155273,59.96002664890073
shruti_filming_1.mp4,3763,0,10,0.0174939240427597,0.8385441462198894,0.791261715359158,9,0.0130043243290856,0.819737434387207,59.96002664890073
shruti_filming_1.mp4,3764,0,10,0.0179308926895154,0.8387788772583008,0.786573205170808,9,0.0128266157993089,0.8188105265299479,59.96002664890073
shruti_filming_1.mp4,3765,0,10,0.0182057075949786,0.838777224222819,0.7848513285319011,9,0.012484110770747,0.8184160232543946,59.96002664890073
shruti_filming_1.mp4,3766,0,9,0.018260841318557,0.8382862091064454,0.7827772635000724,8,0.0123765825935859,0.8181510925292969,59.96002664890073
shruti_filming_1.mp4,3767,0,10,0.0181604505997834,0.8376707712809245,0.7831920694421839,9,0.0122427969412334,0.8178965250651041,59.96002664890073
shruti_filming_1.mp4,3768,0,8,0.0182108698618443,0.837757682800293,0.7816613091362847,7,0.0122078562581683,0.8178936004638672,59.96002664890073
shruti_filming_1.mp4,3769,0,6,0.0180000052815578,0.8369056701660156,0.7836154725816514,5,0.0120333703655072,0.8176445007324219,59.96002664890073
shruti_filming_1.mp4,3770,0,9,0.0182579222271548,0.8369287490844727,0.7820679134792752,8,0.0121002794668454,0.8176891962687175,59.96002664890073
shruti_filming_1.mp4,3771,0,10,0.0183763963760079,0.8362363815307617,0.7795478820800781,9,0.0118807128886692,0.8175491333007813,59.96002664890073
shruti_filming_1.mp4,3772,0,8,0.0182739039159351,0.8354687372843425,0.7777842698273836,7,0.0118018008434187,0.8174400329589844,59.96002664890073
shruti_filming_1.mp4,3773,0,10,0.0180899046437843,0.8347216288248698,0.7770737753974066,9,0.0117541562935501,0.8172653198242188,59.96002664890073
shruti_filming_1.mp4,3774,0,9,0.0181054651606178,0.835305658976237,0.7768662417376483,8,0.0117594090055596,0.8173128763834635,59.96002664890073
shruti_filming_1.mp4,3775,0,10,0.0180726166621025,0.8358495712280274,0.7783800760904948,9,0.0116758226413555,0.817166519165039,59.96002664890073
shruti_filming_1.mp4,3776,0,10,0.0181221367265364,0.8365812301635742,0.778524292839898,9,0.011425711652264,0.8170757929484049,59.96002664890073
shruti_filming_1.mp4,3777,0,9,0.0185380753574605,0.8372847239176432,0.7778370751274957,8,0.0112546288908924,0.817054812113444,59.96002664890073
shruti_filming_1.mp4,3778,0,8,0.0185501498714762,0.8377765655517578,0.7763830820719401,7,0.0111940425267675,0.8170391082763672,59.96002664890073
shruti_filming_1.mp4,3779,0,9,0.0187012025221419,0.8378738403320313,0.7730936686197917,8,0.011129653631565,0.8166172663370769,59.96002664890073
shruti_filming_1.mp4,3780,0,9,0.0190554740239787,0.837721316019694,0.769616155271177,8,0.011051405851505,0.8163092295328777,59.96002664890073
shruti_filming_1.mp4,3781,0,9,0.0195534086960105,0.8382984161376953,0.7668263329399957,8,0.0108454333536469,0.815579605102539,59.96002664890073
shruti_filming_1.mp4,3782,0,9,0.0196201168543969,0.8383188247680664,0.7669088575575087,8,0.0105845104577989,0.8150959014892578,59.96002664890073
shruti_filming_1.mp4,3783,0,9,0.0193884533847772,0.8378499984741211,0.7674329545762804,8,0.0103892654995433,0.8144985834757487,59.96002664890073
shruti_filming_1.mp4,3784,0,8,0.0192790116174917,0.8369918823242187,0.7660669821280021,7,0.0105621635498203,0.814369265238444,59.96002664890073
shruti_filming_1.mp4,3785,0,7,0.0192398656495465,0.8371786117553711,0.7648677825927734,6,0.0104802351246191,0.8141397476196289,59.96002664890073
shruti_filming_1.mp4,3786,0,8,0.0197879073209521,0.8370855967203776,0.7593290540907118,7,0.0104048160302314,0.813532829284668,59.96002664890073
shruti_filming_1.mp4,3787,0,7,0.0203683288894117,0.8380107879638672,0.7547934284916631,6,0.0102098457909758,0.8128925323486328,59.96002664890073
shruti_filming_1.mp4,3788,0,7,0.0199287206157276,0.837837282816569,0.7526827847516095,6,0.0100594943596257,0.8128280639648438,59.96002664890073
shruti_filming_1.mp4,3789,0,7,0.0195369882012326,0.8372711817423503,0.7478693220350477,6,0.0099469924388729,0.8126009623209636,59.96002664890073
shruti_filming_1.mp4,3790,0,7,0.0192452981225303,0.8372896830240886,0.7434749391343859,6,0.010184360000874,0.813147226969401,59.96002664890073
shruti_filming_1.mp4,3791,0,7,0.0192674148313138,0.8375629425048828,0.7379563649495443,6,0.0098029723390936,0.812715212504069,59.96002664890073
shruti_filming_1.mp4,3792,0,7,0.0192287288321596,0.8378620147705078,0.7292549981011285,6,0.0097915917754792,0.8124307632446289,59.96002664890073
shruti_filming_1.mp4,3793,0,8,0.0195444758826111,0.8377893447875977,0.7242610436898691,7,0.0097926844917108,0.8124447504679362,59.96002664890073
shruti_filming_1.mp4,3794,0,9,0.019047853180301,0.8383381525675456,0.7204536579273365,8,0.0097414451623967,0.8131169001261394,59.96002664890073
shruti_filming_1.mp4,3795,0,9,0.0191211487339145,0.838665771484375,0.7170630349053277,8,0.0096182703443682,0.8132059733072917,59.96002664890073
shruti_filming_1.mp4,3796,0,9,0.0185794327775915,0.8387264887491862,0.7136819627549913,8,0.0093768903840639,0.8133106867472331,59.96002664890073
shruti_filming_1.mp4,3797,0,8,0.018565566485037,0.8373741149902344,0.7065751711527507,7,0.0094182931206887,0.8131490707397461,59.96002664890073
shruti_filming_1.mp4,3798,0,8,0.0185206539172173,0.8373977661132812,0.6999898345382125,7,0.0093946072020543,0.8132212320963542,59.96002664890073
shruti_filming_1.mp4,3799,0,9,0.0183812765374777,0.8379587809244792,0.6951730657506872,8,0.0094404689453033,0.8128716150919596,59.96002664890073
shruti_filming_1.mp4,3800,0,8,0.0183295190432141,0.8386112213134765,0.6922192679511177,7,0.0093947554260052,0.8129175186157227,59.96002664890073
shruti_filming_1.mp4,3801,0,10,0.0179315267719276,0.8383625666300456,0.6887542724609375,9,0.0093240610844804,0.8131015777587891,59.96002664890073
shruti_filming_1.mp4,3802,0,9,0.0178649136471735,0.8383314132690429,0.6830196098045066,8,0.0092846548860608,0.8125864664713541,59.96002664890073
shruti_filming_1.mp4,3803,0,10,0.0178929342655788,0.8386186599731446,0.6750874837239583,9,0.009238144136907,0.8126858393351237,59.96002664890073
shruti_filming_1.mp4,3804,0,11,0.0177577407887616,0.8383417765299479,0.6687610343650535,10,0.0091883401007443,0.8131977717081705,59.96002664890073
shruti_filming_1.mp4,3805,0,10,0.0174449293848387,0.8379215240478516,0.6659742284704138,9,0.0091076515630508,0.8135157267252604,59.96002664890073
shruti_filming_1.mp4,3806,0,11,0.0170168081540194,0.8378735224405924,0.6606178354333948,10,0.0090049257474796,0.8133507410685221,59.96002664890073
shruti_filming_1.mp4,3807,0,12,0.0172321957229104,0.8380661646525065,0.653657051368996,11,0.0089579842358405,0.8133695602416993,59.96002664890073
shruti_filming_1.mp4,3808,0,9,0.0172394567860788,0.8387598037719727,0.6452378308331524,8,0.0089408598589476,0.81451416015625,59.96002664890073
shruti_filming_1.mp4,3809,0,9,0.0170470384680043,0.8383861541748047,0.639151092811867,8,0.0091650940006042,0.8142278671264649,59.96002664890073
shruti_filming_1.mp4,3810,0,10,0.0168463335980723,0.8381643295288086,0.636339067529749,9,0.0091467494591186,0.8126682281494141,59.96002664890073
shruti_filming_1.mp4,3811,0,10,0.0167387756143216,0.8379799524943033,0.6275751113891601,9,0.0091645238971528,0.8143576304117839,59.96002664890073
shruti_filming_1.mp4,3812,0,8,0.0165639124211655,0.8380918502807617,0.6192060470581054,7,0.0092599796166177,0.813040033976237,59.96002664890073
shruti_filming_1.mp4,3813,0,8,0.0161271776780469,0.8376246134440104,0.6153143211647316,7,0.0090296331881028,0.8150887171427409,59.96002664890073
shruti_filming_1.mp4,3814,0,10,0.0161603573911997,0.8384014765421549,0.611378902859158,9,0.0090129718532423,0.8137041727701823,59.96002664890073
shruti_filming_1.mp4,3815,0,9,0.0161100987044671,0.838559913635254,0.6028968528464989,8,0.0089584908088565,0.8133078257242838,59.96002664890073
shruti_filming_1.mp4,3816,0,10,0.0159146492703304,0.8386142730712891,0.5952052787498191,10,0.0159146492703304,0.8386142730712891,59.96002664890073
shruti_filming_1.mp4,3817,0,8,0.0155735151402162,0.8383249282836914,0.5912557884498879,8,0.0155735151402162,0.8383249282836914,59.96002664890073
shruti_filming_1.mp4,3818,0,8,0.0154643055082357,0.8382089614868165,0.585521161114728,8,0.0154643055082357,0.8382089614868165,59.96002664890073
shruti_filming_1.mp4,3819,0,8,0.0151423173577598,0.8382501602172852,0.5829270186247649,8,0.0151423173577598,0.8382501602172852,59.96002664890073
shruti_filming_1.mp4,3820,0,7,0.0150016090816212,0.8385757446289063,0.5771611672860605,7,0.0150016090816212,0.8385757446289063,59.96002664890073
shruti_filming_1.mp4,3821,0,8,0.0152620788146749,0.8390800476074218,0.5703770319620768,8,0.0152620788146749,0.8390800476074218,59.96002664890073
shruti_filming_1.mp4,3822,0,8,0.0152107032333178,0.8387375513712565,0.5623559386641891,8,0.0152107032333178,0.8387375513712565,59.96002664890073
shruti_filming_1.mp4,3823,0,8,0.0149211142992566,0.8383991241455078,0.5577595463505498,8,0.0149211142992566,0.8383991241455078,59.96002664890073
shruti_filming_1.mp4,3824,0,9,0.0145908607440004,0.8388132731119792,0.5536508489538122,9,0.0145908607440004,0.8388132731119792,59.96002664890073
shruti_filming_1.mp4,3825,0,9,0.0145221059589595,0.8392139434814453,0.5461568761754919,9,0.0145221059589595,0.8392139434814453,59.96002664890073
shruti_filming_1.mp4,3826,0,8,0.0141534645398173,0.8383335113525391,0.5392329745822483,8,0.0141534645398173,0.8383335113525391,59.96002664890073
shruti_filming_1.mp4,3827,0,7,0.0146960251544078,0.8396734873453776,0.5266292148166233,7,0.0146960251544078,0.8396734873453776,59.96002664890073
shruti_filming_1.mp4,3828,0,7,0.014691308142668,0.8396635055541992,0.526671317771629,7,0.014691308142668,0.8396635055541992,59.96002664890073
shruti_filming_1.mp4,3829,0,8,0.0143271537950931,0.8399219512939453,0.5235992855495877,8,0.0143271537950931,0.8399219512939453,59.96002664890073
shruti_filming_1.mp4,3830,0,9,0.0142590526862315,0.8394264221191406,0.5202257792154948,9,0.0142590526862315,0.8394264221191406,59.96002664890073
shruti_filming_1.mp4,3831,0,7,0.0144650045118104,0.8388050079345704,0.5089230996591073,7,0.0144650045118104,0.8388050079345704,59.96002664890073
shruti_filming_1.mp4,3832,0,7,0.0144170181098969,0.8384520212809244,0.4990153418646918,7,0.0144170181098969,0.8384520212809244,59.96002664890073
shruti_filming_1.mp4,3833,0,6,0.0139196345226567,0.8382395426432292,0.4946562025282118,6,0.0139196345226567,0.8382395426432292,59.96002664890073
shruti_filming_1.mp4,3834,0,7,0.013709415399644,0.8385840098063151,0.4925037807888455,7,0.013709415399644,0.8385840098063151,59.96002664890073
shruti_filming_1.mp4,3835,0,8,0.0138735210167376,0.8385419845581055,0.4848680708143446,8,0.0138735210167376,0.8385419845581055,59.96002664890073
shruti_filming_1.mp4,3836,0,8,0.013916693683649,0.8388906478881836,0.4764654088903357,8,0.013916693683649,0.8388906478881836,59.96002664890073
shruti_filming_1.mp4,3837,0,7,0.0139322755098692,0.838401985168457,0.4714333428276909,7,0.0139322755098692,0.838401985168457,59.96002664890073
shruti_filming_1.mp4,3838,0,6,0.0135483645774608,0.8382186889648438,0.466906921951859,6,0.0135483645774608,0.8382186889648438,59.96002664890073
shruti_filming_1.mp4,3839,0,7,0.013214335245478,0.8379981994628907,0.4600213368733724,7,0.013214335245478,0.8379981994628907,59.96002664890073
shruti_filming_1.mp4,3840,0,7,0.0125956812758037,0.8370718002319336,0.4574131435818142,7,0.0125956812758037,0.8370718002319336,59.96002664890073
shruti_filming_1.mp4,3841,0,7,0.0128231008498308,0.8376789728800456,0.4495912339952257,7,0.0128231008498308,0.8376789728800456,59.96002664890073
shruti_filming_1.mp4,3842,0,6,0.0123444578374161,0.8374830881754557,0.446042647185149,6,0.0123444578374161,0.8374830881754557,59.96002664890073
shruti_filming_1.mp4,3843,0,9,0.012021163183353,0.8369243621826172,0.4442260883472584,9,0.012021163183353,0.8369243621826172,59.96002664890073
shruti_filming_1.mp4,3844,0,8,0.0126312534257481,0.8370070139567057,0.4292677561442057,8,0.0126312534257481,0.8370070139567057,59.96002664890073
shruti_filming_1.mp4,3845,0,9,0.0126979794725775,0.837342898050944,0.4220019870334201,9,0.0126979794725775,0.837342898050944,59.96002664890073
shruti_filming_1.mp4,3846,0,7,0.0124167448691635,0.8373308181762695,0.4176712036132812,7,0.0124167448691635,0.8373308181762695,59.96002664890073
shruti_filming_1.mp4,3847,0,7,0.0124295059751926,0.8375219980875651,0.4118226793077257,7,0.0124295059751926,0.8375219980875651,59.96002664890073
shruti_filming_1.mp4,3848,0,7,0.0124118759432409,0.8375435511271159,0.405438161779333,7,0.0124118759432409,0.8375435511271159,59.96002664890073
shruti_filming_1.mp4,3849,0,7,0.0122774650077594,0.8363578796386719,0.3926320393880208,7,0.0122774650077594,0.8363578796386719,59.96002664890073
shruti_filming_1.mp4,3850,0,8,0.0120403313481559,0.8370965957641602,0.3917741563585069,8,0.0120403313481559,0.8370965957641602,59.96002664890073
shruti_filming_1.mp4,3851,0,8,0.0116194529559773,0.8368469874064127,0.3889090643988715,7,0.0116194529559773,0.8368469874064127,59.96002664890073
shruti_filming_1.mp4,3852,0,9,0.0123570683606279,0.8359565734863281,0.3670833163791233,8,0.0123570683606279,0.8359565734863281,59.96002664890073
shruti_filming_1.mp4,3853,0,9,0.0121804964553545,0.8364519119262696,0.3655206468370225,8,0.0121804964553545,0.8364519119262696,59.96002664890073
shruti_filming_1.mp4,3854,0,9,0.0116863143187947,0.837233034769694,0.3650403340657552,8,0.0116863143187947,0.837233034769694,59.96002664890073
shruti_filming_1.mp4,3855,0,10,0.011773721037405,0.8369162241617839,0.3581135643853081,9,0.011773721037405,0.8369162241617839,59.96002664890073
shruti_filming_1.mp4,3856,0,10,0.0115806482167681,0.8367221832275391,0.3538436041937934,9,0.0115806482167681,0.8367221832275391,59.96002664890073
shruti_filming_1.mp4,3857,0,9,0.0116955631101154,0.8354408264160156,0.3423599243164062,8,0.0116955631101154,0.8354408264160156,59.96002664890073
shruti_filming_1.mp4,3858,0,10,0.010813812824587,0.8352716445922852,0.3444351196289062,9,0.010813812824587,0.8352716445922852,59.96002664890073
shruti_filming_1.mp4,3859,0,10,0.0106798327872012,0.8351421356201172,0.33941000479239,9,0.0106798327872012,0.8351421356201172,59.96002664890073
shruti_filming_1.mp4,3860,0,9,0.0109237566133109,0.8353235244750976,0.3297235276963975,8,0.0109237566133109,0.8353235244750976,59.96002664890073
shruti_filming_1.mp4,3861,0,9,0.0112775289260726,0.8353192011515299,0.3172163504141348,8,0.0112775289260726,0.8353192011515299,59.96002664890073
shruti_filming_1.mp4,3862,0,10,0.0111597081646808,0.8355489730834961,0.3132274203830295,9,0.0111597081646808,0.8355489730834961,59.96002664890073
shruti_filming_1.mp4,3863,0,9,0.010790151433062,0.8354149500528971,0.3090825398763021,8,0.010790151433062,0.8354149500528971,59.96002664890073
shruti_filming_1.mp4,3864,0,9,0.0105858561551819,0.8349374771118164,0.3037800541630497,8,0.0105858561551819,0.8349374771118164,59.96002664890073
shruti_filming_1.mp4,3865,0,10,0.0107222240123155,0.8753421783447266,0.8804818259345161,9,0.0104611177727605,0.8343881607055664,59.96002664890073
shruti_filming_1.mp4,3866,0,10,0.0112990457777589,0.8758447647094727,0.8752908141524703,9,0.0104303934630297,0.8335621515909831,59.96002664890073
shruti_filming_1.mp4,3867,0,9,0.0119432270376111,0.8770437240600586,0.8688664648267957,8,0.010495584336676,0.8334186553955079,59.96002664890073
shruti_filming_1.mp4,3868,0,9,0.0126201457024405,0.8789934158325196,0.8636326719213415,8,0.0104969948961921,0.8343048095703125,59.96002664890073
shruti_filming_1.mp4,3869,0,9,0.0129741489519154,0.878582255045573,0.860840567836055,8,0.0106495581531877,0.8339983622233073,59.96002664890073
shruti_filming_1.mp4,3870,0,10,0.0140112302197829,0.8798309326171875,0.8533709843953451,9,0.0102354803716298,0.8337642669677734,59.96002664890073
shruti_filming_1.mp4,3871,0,8,0.0144443243763817,0.8805025100708008,0.8499727461073133,6,0.0101950869059752,0.8337612152099609,59.96002664890073
shruti_filming_1.mp4,3872,0,9,0.0150229543524872,0.8811952590942382,0.844902859793769,7,0.0100374510202285,0.8341547012329101,59.96002664890073
shruti_filming_1.mp4,3873,0,10,0.0152158344596076,0.882011604309082,0.8429045518239339,8,0.0098711835868501,0.8332431793212891,59.96002664890073
shruti_filming_1.mp4,3874,0,9,0.0159008759779441,0.883204460144043,0.8386128584543864,7,0.0095153746994522,0.8324834823608398,59.96002664890073
shruti_filming_1.mp4,3875,0,9,0.0169599998582756,0.8834503173828125,0.8294876169275355,7,0.0092609780805974,0.8320969263712565,59.96002664890073
shruti_filming_1.mp4,3876,0,9,0.0177221640649885,0.8833675384521484,0.8212562419750072,7,0.0094690361487058,0.8326858520507813,59.96002664890073
shruti_filming_1.mp4,3877,0,10,0.0180836541812028,0.8832036972045898,0.817572021484375,8,0.0091944068938028,0.8326212565104166,59.96002664890073
shruti_filming_1.mp4,3878,0,8,0.0183405226801106,0.8829979578653971,0.8155231687757704,6,0.0094174891016909,0.8322927474975585,59.96002664890073
shruti_filming_1.mp4,3879,0,8,0.0186101604952219,0.8826797485351563,0.8136673397488065,6,0.0090786641507616,0.8319721221923828,59.96002664890073
shruti_filming_1.mp4,3880,0,8,0.0188619823508984,0.8822565714518229,0.8126938148781105,6,0.0091080713403061,0.8316086451212565,59.96002664890073
shruti_filming_1.mp4,3881,0,8,0.0192956211311765,0.8825012842814127,0.8078085581461588,6,0.0088295120311298,0.8310691833496093,59.96002664890073
shruti_filming_1.mp4,3882,0,9,0.0193503512686947,0.8816698074340821,0.8059099903813115,7,0.0087676698846432,0.8307629267374674,59.96002664890073
shruti_filming_1.mp4,3883,0,8,0.0196280329187478,0.8811409632364909,0.8031226052178277,6,0.0086781588124318,0.830238151550293,59.96002664890073
shruti_filming_1.mp4,3884,0,8,0.0200414555115653,0.88094482421875,0.7979058159722222,6,0.0087554925751949,0.8305714289347331,59.96002664890073
shruti_filming_1.mp4,3885,0,8,0.0203086965404077,0.8802350997924805,0.7943975519250941,6,0.0091102607930628,0.8311996459960938,59.96002664890073
shruti_filming_1.mp4,3886,0,9,0.0205525046539454,0.8805013656616211,0.7899019665188259,7,0.0089400263140204,0.8313757578531901,59.96002664890073
shruti_filming_1.mp4,3887,0,10,0.0210125612005261,0.8808766047159831,0.7871270921495226,8,0.008784904739671,0.8304363250732422,59.96002664890073
shruti_filming_1.mp4,3888,0,9,0.0208893642189866,0.8782880783081055,0.785838579248499,7,0.0088625490786216,0.8298109690348308,59.96002664890073
shruti_filming_1.mp4,3889,0,7,0.020959632175331,0.877194595336914,0.7814362066763418,5,0.0088378151971846,0.8288710276285808,59.96002664890073
shruti_filming_1.mp4,3890,0,7,0.0210496852635912,0.8760164896647136,0.7776451393410012,5,0.0085739445364922,0.8283742904663086,59.96002664890073
shruti_filming_1.mp4,3891,0,8,0.021607175347223,0.8764429092407227,0.7718326780531142,6,0.0084568080546429,0.827739143371582,59.96002664890073
shruti_filming_1.mp4,3892,0,7,0.0220746421576283,0.8768900553385417,0.7676394992404514,5,0.0086999375603153,0.8276838938395182,59.96002664890073
shruti_filming_1.mp4,3893,0,7,0.0224464973526968,0.8773555755615234,0.7656601376003689,5,0.0087487907734477,0.8273611068725586,59.96002664890073
shruti_filming_1.mp4,3894,0,8,0.0229450890090339,0.8778451919555664,0.7640366236368815,6,0.008299072626935,0.8271554946899414,59.96002664890073
shruti_filming_1.mp4,3895,0,9,0.0234565177676631,0.8774033228556315,0.7600363201565212,7,0.007946788927847,0.8257575988769531,59.96002664890073
shruti_filming_1.mp4,3896,0,9,0.0238793837156306,0.8772239685058594,0.7566805662932219,7,0.007904565358142,0.8249101638793945,59.96002664890073
shruti_filming_1.mp4,3897,0,9,0.0240446867052486,0.8759241739908854,0.7538214083071109,7,0.007742913614191,0.8239311218261719,59.96002664890073
shruti_filming_1.mp4,3898,0,9,0.0242784402300458,0.87530943552653,0.7496459325154622,7,0.0078420576757829,0.8242982864379883,59.96002664890073
shruti_filming_1.mp4,3899,0,8,0.0239445784529703,0.8727359771728516,0.7467743131849501,6,0.0077703398039254,0.824140993754069,59.96002664890073
shruti_filming_1.mp4,3900,1,9,0.0237753637954786,0.8710961023966471,0.7432735584400318,7,0.0078583848025731,0.8237102508544922,59.96002664890073
shruti_filming_1.mp4,3901,1,8,0.0235701860899864,0.8694503784179688,0.7441165641502098,6,0.0075395440071588,0.8233036041259766,59.96002664890073
shruti_filming_1.mp4,3902,1,8,0.0240373124176929,0.8701955795288085,0.7434695985582139,6,0.0080067539616074,0.8233335494995118,59.96002664890073
shruti_filming_1.mp4,3903,1,8,0.0244106035119815,0.8697977066040039,0.7410814921061198,6,0.0076543885308072,0.8229177474975586,59.96002664890073
shruti_filming_1.mp4,3904,1,8,0.0245702694870258,0.8691978454589844,0.7357193346376772,6,0.0078190466952542,0.8226011912027995,59.96002664890073
shruti_filming_1.mp4,3905,1,9,0.0242033055260199,0.8686388015747071,0.7311069205955223,7,0.0082306499088062,0.8225152969360352,59.96002664890073
shruti_filming_1.mp4,3906,1,9,0.0238584923595664,0.8679709116617839,0.7241906201397931,7,0.0081617210459942,0.8226711273193359,59.96002664890073
shruti_filming_1.mp4,3907,1,10,0.0241284345503421,0.8674410502115886,0.7143602583143446,8,0.0078100555705734,0.8224626541137695,59.96002664890073
shruti_filming_1.mp4,3908,1,10,0.0238304187157343,0.8662591934204101,0.7077813148498535,8,0.0077656268551557,0.8212533950805664,59.96002664890073
shruti_filming_1.mp4,3909,1,9,0.0233322970626479,0.8650009155273437,0.7019987883391203,7,0.007263805954717,0.8198614756266276,59.96002664890073
shruti_filming_1.mp4,3910,1,8,0.0226126205404398,0.8634517669677735,0.6932974815368652,6,0.0071460959129143,0.8194437662760417,59.96002664890073
shruti_filming_1.mp4,3911,1,8,0.0225560802400084,0.8632717132568359,0.6898789335180212,6,0.0075021625485236,0.8194019317626953,59.96002664890073
shruti_filming_1.mp4,3912,1,9,0.0222154094323438,0.8627584457397461,0.6809744658293547,7,0.0076288950643329,0.818980852762858,59.96002664890073
shruti_filming_1.mp4,3913,1,9,0.0219066714158408,0.8613313674926758,0.6741733974880643,7,0.0072463755629508,0.8181657791137695,59.96002664890073
shruti_filming_1.mp4,3914,1,9,0.0216940295465792,0.860049057006836,0.6695538096957736,7,0.0073966748078237,0.818310546875,59.96002664890073
shruti_filming_1.mp4,3915,1,9,0.0215599062628744,0.8595163981119792,0.6627962818852178,7,0.0074080080141882,0.8173995971679687,59.96002664890073
shruti_filming_1.mp4,3916,1,9,0.0213325369346017,0.8588366190592448,0.6556533389621311,7,0.0070459431511591,0.815526008605957,59.96002664890073
shruti_filming_1.mp4,3917,1,11,0.0212514897702176,0.8581602732340495,0.6473772826018157,8,0.0071238024609219,0.8151402155558268,59.96002664890073
shruti_filming_1.mp4,3918,1,10,0.0209518480287321,0.8558705012003581,0.6432498225459347,7,0.0070794225870297,0.8145633697509765,59.96002664890073
shruti_filming_1.mp4,3919,1,9,0.0207623604169418,0.8553422927856446,0.6376184180930808,7,0.0068850540480613,0.8133195877075196,59.96002664890073
shruti_filming_1.mp4,3920,1,10,0.0203408055002849,0.8549219767252604,0.6301924105043765,7,0.0068858418019738,0.8129559199015299,59.96002664890073
shruti_filming_1.mp4,3921,1,10,0.0199341121621438,0.8526039759318034,0.6263139654088903,7,0.0068616722303515,0.8122671763102214,59.96002664890073
shruti_filming_1.mp4,3922,1,10,0.0197981587181372,0.8525295257568359,0.620082374855324,7,0.0067129444668535,0.8118637084960938,59.96002664890073
shruti_filming_1.mp4,3923,1,11,0.0195154428960409,0.8517840067545573,0.6146180470784505,8,0.0069040264599283,0.8113410949707032,59.96002664890073
shruti_filming_1.mp4,3924,1,11,0.0192864063642708,0.8508545557657877,0.6056244532267253,8,0.0066466851103339,0.810565185546875,59.96002664890073
shruti_filming_1.mp4,3925,1,11,0.0189524217384031,0.8497393290201823,0.5998469246758356,9,0.0189524217384031,0.8497393290201823,59.96002664890073
shruti_filming_1.mp4,3926,1,9,0.0189852232237162,0.8487466812133789,0.5951766261348018,7,0.0189852232237162,0.8487466812133789,59.96002664890073
shruti_filming_1.mp4,3927,1,8,0.0189138143509815,0.8475446701049805,0.5917154241491247,6,0.0189138143509815,0.8475446701049805,59.96002664890073
shruti_filming_1.mp4,3928,1,9,0.0187494699786394,0.8466121673583984,0.5871579700046116,7,0.0187494699786394,0.8466121673583984,59.96002664890073
shruti_filming_1.mp4,3929,1,8,0.0185712783850653,0.8462969462076823,0.58231952102096,6,0.0185712783850653,0.8462969462076823,59.96002664890073
shruti_filming_1.mp4,3930,1,9,0.0183617057921057,0.8455279032389323,0.5777476911191587,7,0.0183617057921057,0.8455279032389323,59.96002664890073
shruti_filming_1.mp4,3931,1,8,0.0179359638989747,0.8440332412719727,0.573376719156901,6,0.0179359638989747,0.8440332412719727,59.96002664890073
shruti_filming_1.mp4,3932,1,8,0.0177711782163371,0.8432455698649088,0.5688157399495443,6,0.0177711782163371,0.8432455698649088,59.96002664890073
shruti_filming_1.mp4,3933,1,8,0.0174259482889923,0.8412117004394531,0.5664411050302011,6,0.0174259482889923,0.8412117004394531,59.96002664890073
shruti_filming_1.mp4,3934,1,9,0.0172511364098776,0.8411583582560221,0.5595961394133391,7,0.0172511364098776,0.8411583582560221,59.96002664890073
shruti_filming_1.mp4,3935,1,10,0.0169035794400433,0.8409712473551433,0.5584763138382524,7,0.0169035794400433,0.8409712473551433,59.96002664890073
shruti_filming_1.mp4,3936,1,10,0.016531617343458,0.8403847376505534,0.5538607279459635,7,0.016531617343458,0.8403847376505534,59.96002664890073
shruti_filming_1.mp4,3937,1,10,0.0167327848329376,0.9989315032958984,0.9080554962158204,7,0.0164530888578479,0.8391817092895508,59.96002664890073
shruti_filming_1.mp4,3938,1,10,0.025425739882318,0.9986679712931316,0.8844076845380995,7,0.0165207544538134,0.8380804697672526,59.96002664890073
shruti_filming_1.mp4,3939,1,10,0.0348954083720016,0.999494743347168,0.857189597023858,7,0.01660377405579,0.8382036209106445,59.96002664890073
shruti_filming_1.mp4,3940,1,9,0.0421421528641237,0.9991168975830078,0.8373288048638238,7,0.0157944422390816,0.8363874435424805,59.96002664890073
shruti_filming_1.mp4,3941,1,10,0.0539846820224839,0.9993286768595376,0.8154713948567708,8,0.014537853689439,0.8333953857421875,59.96002664890073
shruti_filming_1.mp4,3942,1,10,0.0599096498190394,0.999202791849772,0.7956275728013781,8,0.0132760606587616,0.8297268549601237,59.96002664890073
shruti_filming_1.mp4,3943,1,10,0.0665647754484477,0.99937801361084,0.7778749536584925,8,0.0126658265658706,0.8284474054972331,59.96002664890073
shruti_filming_1.mp4,3944,1,9,0.0721213972541887,0.999144172668457,0.7608508357295284,7,0.0111038927354739,0.8281982421875,59.96002664890073
shruti_filming_1.mp4,3945,1,9,0.0781709604399594,0.9989368438720704,0.747105888084129,7,0.0101778493232645,0.8265431086222331,59.96002664890073
shruti_filming_1.mp4,3946,1,9,0.0877339585204511,0.9993025461832682,0.726629744635688,7,0.0096866209242068,0.8253657023111979,59.96002664890073
shruti_filming_1.mp4,3947,1,9,0.0932039392843338,0.99946231842041,0.7127687595508717,7,0.0088478970992232,0.82283140818278,59.96002664890073
shruti_filming_1.mp4,3948,1,9,0.0970098623623373,0.9995330810546876,0.6987989884835702,7,0.0078015518244743,0.8187025705973308,59.96002664890073
shruti_filming_1.mp4,3949,1,10,0.1019019690144179,0.9995381037394204,0.6844322769730179,8,0.0068777777572783,0.8165930430094401,59.96002664890073
shruti_filming_1.mp4,3950,1,10,0.1052331280135937,0.9994865417480469,0.6705860137939453,8,0.005147632002589,0.8158823649088541,59.96002664890073
shruti_filming_1.mp4,3951,1,10,0.1089339971413466,0.9994505564371744,0.6596281404848452,8,0.0050031428256382,0.797398567199707,59.96002664890073
shruti_filming_1.mp4,3952,1,9,0.1140682921534527,0.9994023005167644,0.6501781604908131,7,0.0049689095723442,0.8053806940714519,59.96002664890073
shruti_filming_1.mp4,3953,1,10,0.1193080296221887,0.9994518280029296,0.636765374077691,8,0.0049925065607142,0.7965767542521159,59.96002664890073
shruti_filming_1.mp4,3954,1,8,0.1224094337200383,0.999534034729004,0.6291064792209201,6,0.0048772620047869,0.7958679835001627,59.96002664890073
shruti_filming_1.mp4,3955,1,9,0.1265523215459931,0.9995168685913086,0.6166675143771702,7,0.0049098032529097,0.795184580485026,59.96002664890073
shruti_filming_1.mp4,3956,1,7,0.1293991950004662,0.9994962692260744,0.6089308420817058,5,0.0048569264563079,0.7944735844930013,59.96002664890073
shruti_filming_1.mp4,3957,1,7,0.1326008339957722,0.999574089050293,0.5989573160807292,6,0.1326008339957722,0.999574089050293,59.96002664890073
shruti_filming_1.mp4,3958,1,6,0.1365021690324647,0.9995311737060548,0.5885357326931424,5,0.1365021690324647,0.9995311737060548,59.96002664890073
shruti_filming_1.mp4,3959,1,7,0.1378733220136578,0.9995232264200846,0.5807547392668547,6,0.1378733220136578,0.9995232264200846,59.96002664890073
shruti_filming_1.mp4,3960,1,7,0.1403933619547096,0.9995141983032226,0.572440352263274,6,0.1403933619547096,0.9995141983032226,59.96002664890073
shruti_filming_1.mp4,3961,1,9,0.1419181809568868,0.9995550791422526,0.5654769049750434,8,0.1419181809568868,0.9995550791422526,59.96002664890073
shruti_filming_1.mp4,3962,1,8,0.1435971209944303,0.9995201110839844,0.5600210401746962,7,0.1435971209944303,0.9995201110839844,59.96002664890073
shruti_filming_1.mp4,3963,1,8,0.1468540064682505,0.9996084213256836,0.5506757524278428,7,0.1468540064682505,0.9996084213256836,59.96002664890073
shruti_filming_1.mp4,3964,1,7,0.1483539689166085,0.9996170043945312,0.5445562574598525,6,0.1483539689166085,0.9996170043945312,59.96002664890073
shruti_filming_1.mp4,3965,1,7,0.1487773979384359,0.9995222727457682,0.538934976083261,6,0.1487773979384359,0.9995222727457682,59.96002664890073
shruti_filming_1.mp4,3966,1,8,0.1510552380033671,0.9992528915405272,0.5340822855631511,7,0.1510552380033671,0.9992528915405272,59.96002664890073
shruti_filming_1.mp4,3967,1,8,0.1514862490800118,0.9996204376220704,0.5262762705485026,7,0.1514862490800118,0.9996204376220704,59.96002664890073
shruti_filming_1.mp4,3968,1,7,0.1520862011107615,0.9995436350504556,0.5207828804298683,6,0.1520862011107615,0.9995436350504556,59.96002664890073
shruti_filming_1.mp4,3969,1,6,0.1554339064046939,0.9994942347208658,0.512633373119213,5,0.1554339064046939,0.9994942347208658,59.96002664890073
shruti_filming_1.mp4,3970,1,6,0.1561375670274719,0.9994857788085938,0.5068868001302084,5,0.1561375670274719,0.9994857788085938,59.96002664890073
shruti_filming_1.mp4,3971,1,6,0.1576859987705096,0.9995162963867188,0.5023015340169271,5,0.1576859987705096,0.9995162963867188,59.96002664890073
shruti_filming_1.mp4,3972,1,6,0.1588078275152737,0.9995625178019206,0.4999752044677734,5,0.1588078275152737,0.9995625178019206,59.96002664890073
shruti_filming_1.mp4,3973,1,6,0.1585273966121248,0.9994906107584636,0.4963271247016059,5,0.1585273966121248,0.9994906107584636,59.96002664890073
shruti_filming_1.mp4,3974,1,6,0.1599042448416326,0.999526596069336,0.4901935577392578,5,0.1599042448416326,0.999526596069336,59.96002664890073
shruti_filming_1.mp4,3975,1,7,0.1600543416725607,0.9996509552001952,0.4852679358588325,7,0.1600543416725607,0.9996509552001952,59.96002664890073
shruti_filming_1.mp4,3976,1,7,0.1613692360709063,0.9997490564982096,0.4813073193585431,7,0.1613692360709063,0.9997490564982096,59.96002664890073
shruti_filming_1.mp4,3977,1,7,0.1612296276449046,0.9997318267822266,0.4778401268853081,7,0.1612296276449046,0.9997318267822266,59.96002664890073
shruti_filming_1.mp4,3978,1,6,0.1627068872160938,0.999726676940918,0.4731579250759549,6,0.1627068872160938,0.999726676940918,59.96002664890073
shruti_filming_1.mp4,3979,1,5,0.164493411654294,0.9997175216674804,0.4686883008038556,5,0.164493411654294,0.9997175216674804,59.96002664890073
shruti_filming_1.mp4,3980,1,5,0.165957304535356,0.9997243881225586,0.4632711057309751,5,0.165957304535356,0.9997243881225586,59.96002664890073
shruti_filming_1.mp4,3981,1,6,0.166532880732961,0.9996400833129884,0.4608129148130063,6,0.166532880732961,0.9996400833129884,59.96002664890073
shruti_filming_1.mp4,3982,1,6,0.1670544083046843,0.9995954513549804,0.4571774376763238,6,0.1670544083046843,0.9995954513549804,59.96002664890073
shruti_filming_1.mp4,3983,1,7,0.1685436531573995,0.9996551513671876,0.4540476763689959,7,0.1685436531573995,0.9996551513671876,59.96002664890073
shruti_filming_1.mp4,3984,1,5,0.1695026505905601,0.9996952056884766,0.4521012624104817,5,0.1695026505905601,0.9996952056884766,59.96002664890073
shruti_filming_1.mp4,3985,1,7,0.1697412541161611,0.9995659510294596,0.448821300930447,7,0.1697412541161611,0.9995659510294596,59.96002664890073
shruti_filming_1.mp4,3986,1,5,0.1707908944965311,0.999453353881836,0.4458924893979673,5,0.1707908944965311,0.999453353881836,59.96002664890073
shruti_filming_1.mp4,3987,1,5,0.1714896241540339,0.9994362513224284,0.4425027917932581,5,0.1714896241540339,0.9994362513224284,59.96002664890073
shruti_filming_1.mp4,3988,1,5,0.1717476538271714,0.9995208740234376,0.4395448896620009,5,0.1717476538271714,0.9995208740234376,59.96002664890073
shruti_filming_1.mp4,3989,1,6,0.1709764402168393,0.9995067596435548,0.4387059812192563,6,0.1709764402168393,0.9995067596435548,59.96002664890073
shruti_filming_1.mp4,3990,1,6,0.1740869221071221,0.999601936340332,0.4327363755967882,6,0.1740869221071221,0.999601936340332,59.96002664890073
shruti_filming_1.mp4,3991,1,5,0.1732279396825874,0.9994718551635742,0.4313020918104384,5,0.1732279396825874,0.9994718551635742,59.96002664890073
shruti_filming_1.mp4,3992,1,5,0.1760503648765518,0.999422264099121,0.4260045086895978,5,0.1760503648765518,0.999422264099121,59.96002664890073
shruti_filming_1.mp4,3993,1,4,0.1770971906424987,0.9993892669677734,0.421798903853805,4,0.1770971906424987,0.9993892669677734,59.96002664890073
shruti_filming_1.mp4,3994,1,5,0.1772572440340203,0.999407958984375,0.4199123382568359,5,0.1772572440340203,0.999407958984375,59.96002664890073
shruti_filming_1.mp4,3995,1,5,0.1771199725057522,0.9993249893188476,0.4184632195366753,5,0.1771199725057522,0.9993249893188476,59.96002664890073
shruti_filming_1.mp4,3996,1,6,0.177143803954866,0.9992273330688476,0.4167861373336227,6,0.177143803954866,0.9992273330688476,59.96002664890073
shruti_filming_1.mp4,3997,1,6,0.178625899900071,0.9994510650634766,0.4119291093614366,6,0.178625899900071,0.9994510650634766,59.96002664890073
shruti_filming_1.mp4,3998,1,6,0.1795721602173742,0.9994768142700196,0.4084377995243779,6,0.1795721602173742,0.9994768142700196,59.96002664890073
shruti_filming_1.mp4,3999,1,6,0.1798091600357481,0.999469757080078,0.4067526640715422,6,0.1798091600357481,0.999469757080078,59.96002664890073
shruti_filming_1.mp4,4000,1,7,0.1805217892731071,0.999469757080078,0.4057395228633174,7,0.1805217892731071,0.999469757080078,59.96002664890073
shruti_filming_1.mp4,4001,1,7,0.181445605507502,0.9994600931803386,0.4041200425889757,7,0.181445605507502,0.9994600931803386,59.96002664890073
shruti_filming_1.mp4,4002,1,6,0.1816758935622379,0.9997501373291016,0.4029028433340567,6,0.1816758935622379,0.9997501373291016,59.96002664890073
shruti_filming_1.mp4,4003,1,7,0.1822764171382274,0.9997249603271484,0.3994549786603009,7,0.1822764171382274,0.9997249603271484,59.96002664890073
shruti_filming_1.mp4,4004,1,7,0.1824519260819242,0.9997278213500976,0.3980717411747685,5,0.1824519260819242,0.9997278213500976,59.96002664890073
shruti_filming_1.mp4,4005,1,8,0.1835394278201339,0.9997222900390624,0.3941849602593316,7,0.1835394278201339,0.9997222900390624,59.96002664890073
shruti_filming_1.mp4,4006,1,5,0.1830032829362608,0.9994684219360352,0.3930123647054036,4,0.1830032829362608,0.9994684219360352,59.96002664890073
shruti_filming_1.mp4,4007,1,7,0.1839339938591648,0.999464988708496,0.3909212465639468,6,0.1839339938591648,0.999464988708496,59.96002664890073
shruti_filming_1.mp4,4008,1,7,0.1844549796616451,0.999506950378418,0.389825439453125,6,0.1844549796616451,0.999506950378418,59.96002664890073
shruti_filming_1.mp4,4009,1,6,0.1856821149991204,0.999729347229004,0.3869837443033854,5,0.1856821149991204,0.999729347229004,59.96002664890073
shruti_filming_1.mp4,4010,1,6,0.1862180668551419,0.9996231079101564,0.3844555324978299,5,0.1862180668551419,0.9996231079101564,59.96002664890073
shruti_filming_1.mp4,4011,1,7,0.1867691923030199,0.99962158203125,0.3824627346462673,5,0.1867691923030199,0.99962158203125,59.96002664890073
shruti_filming_1.mp4,4012,1,7,0.1873353671904417,0.9996566772460938,0.3803505226417824,5,0.1873353671904417,0.9996566772460938,59.96002664890073
shruti_filming_1.mp4,4013,1,7,0.1886793206820476,0.9995376586914062,0.3766200454146773,5,0.1886793206820476,0.9995376586914062,59.96002664890073
shruti_filming_1.mp4,4014,1,6,0.1890475253114709,0.9997465133666992,0.3741717868381076,5,0.1890475253114709,0.9997465133666992,59.96002664890073
shruti_filming_1.mp4,4015,1,7,0.188530748656981,0.999638557434082,0.3730366459599247,5,0.188530748656981,0.999638557434082,59.96002664890073
shruti_filming_1.mp4,4016,1,7,0.1886960224825075,0.9995640436808269,0.3692391996030454,5,0.1886960224825075,0.9995640436808269,59.96002664890073
shruti_filming_1.mp4,4017,1,7,0.1891763519385131,0.999448585510254,0.3683988783094618,4,0.1891763519385131,0.999448585510254,59.96002664890073
shruti_filming_1.mp4,4018,1,7,0.189177930421488,0.9985559463500976,0.3657349480523003,5,0.189177930421488,0.9985559463500976,59.96002664890073
shruti_filming_1.mp4,4019,1,6,0.1886989502603602,0.9972982406616212,0.3645279778374566,4,0.1886989502603602,0.9972982406616212,59.96002664890073
shruti_filming_1.mp4,4020,1,7,0.1847147028560155,0.9918875376383464,0.3610009793882017,4,0.1847147028560155,0.9918875376383464,59.96002664890073
shruti_filming_1.mp4,4021,1,7,0.1762046442309396,0.9823518753051758,0.3482299239547164,4,0.1762046442309396,0.9823518753051758,59.96002664890073
shruti_filming_1.mp4,4022,1,7,0.1711526622516652,0.9791957855224608,0.3347163094414605,4,0.1711526622516652,0.9791957855224608,59.96002664890073
shruti_filming_1.mp4,4023,1,7,0.1640196297134389,0.972299575805664,0.3206748962402344,4,0.1640196297134389,0.972299575805664,59.96002664890073
shruti_filming_1.mp4,4024,1,6,0.1596278853987314,0.967824427286784,0.3058727476331923,3,0.1596278853987314,0.967824427286784,59.96002664890073
shruti_filming_1.mp4,4025,1,6,0.1532051001607518,0.9615893046061198,0.2908211036964699,3,0.1532051001607518,0.9615893046061198,59.96002664890073
shruti_filming_1.mp4,4026,1,5,0.1474318529195416,0.9581923166910808,0.2747654526321976,2,0.1474318529195416,0.9581923166910808,59.96002664890073
shruti_filming_1.mp4,4027,1,8,0.1431672810992273,0.9549375534057616,0.2612426969740126,3,0.1431672810992273,0.9549375534057616,59.96002664890073
shruti_filming_1.mp4,4028,1,5,0.140417241301491,0.9530206680297852,0.2525919878924334,3,0.140417241301491,0.9530206680297852,59.96002664890073
shruti_filming_1.mp4,4029,1,6,0.1363539053282484,0.9490301132202148,0.2415685088546187,4,0.1363539053282484,0.9490301132202148,59.96002664890073
shruti_filming_1.mp4,4030,1,6,0.1304822025145565,0.9458414077758788,0.2242500305175781,4,0.1304822025145565,0.9458414077758788,59.96002664890073
shruti_filming_1.mp4,4031,1,7,0.1247027637424967,0.943362045288086,0.2037723399974681,6,0.1247027637424967,0.943362045288086,59.96002664890073
shruti_filming_1.mp4,4032,1,7,0.119383721156935,0.9412063598632812,0.1838894172951027,6,0.119383721156935,0.9412063598632812,59.96002664890073
shruti_filming_1.mp4,4033,1,7,0.1134832278926235,0.9377355575561525,0.1642422146267361,6,0.1134832278926235,0.9377355575561525,59.96002664890073
shruti_filming_1.mp4,4034,1,7,0.1085053930377924,0.93543701171875,0.144758379900897,6,0.1085053930377924,0.93543701171875,59.96002664890073
shruti_filming_1.mp4,4035,1,7,0.1042185138470948,0.9327739715576172,0.1309254116482205,6,0.1042185138470948,0.9327739715576172,59.96002664890073
shruti_filming_1.mp4,4036,1,6,0.0998286537079628,0.9291975657145184,0.1163697560628255,5,0.0998286537079628,0.9291975657145184,59.96002664890073
shruti_filming_1.mp4,4037,1,6,0.0956973020518543,0.9270553588867188,0.0985067862051504,5,0.0956973020518543,0.9270553588867188,59.96002664890073
shruti_filming_1.mp4,4038,1,7,0.0925303358237228,0.9240110397338868,0.0842724270290798,6,0.0925303358237228,0.9240110397338868,59.96002664890073
shruti_filming_1.mp4,4039,1,6,0.0904315496420549,0.9995645523071288,0.7202960473519785,5,0.0892107069494064,0.921560287475586,59.96002664890073
shruti_filming_1.mp4,4040,1,6,0.095725161917544,0.9994031906127928,0.7025250964694553,4,0.0845862986169393,0.9182170867919922,59.96002664890073
shruti_filming_1.mp4,4041,1,6,0.0996816534998732,0.9994843165079752,0.6923340338247793,4,0.0808251384505517,0.9146699905395508,59.96002664890073
shruti_filming_1.mp4,4042,1,5,0.1037860821077921,0.9994651794433592,0.6791763376306604,4,0.0787232891943939,0.913644790649414,59.96002664890073
shruti_filming_1.mp4,4043,1,5,0.1059927601739642,0.9994722366333008,0.6724142180548773,4,0.0762255788985122,0.9106603622436524,59.96002664890073
shruti_filming_1.mp4,4044,1,6,0.1091684878374306,0.9994508743286132,0.6608798450893826,4,0.0726365852222079,0.9087947845458983,59.96002664890073
shruti_filming_1.mp4,4045,1,6,0.1118125400259055,0.9994731903076172,0.6524249853911224,4,0.0706607399988462,0.9070877075195312,59.96002664890073
shruti_filming_1.mp4,4046,1,6,0.1142740017122443,0.9994745254516602,0.6424960383662471,4,0.0673666680750816,0.9041053771972656,59.96002664890073
shruti_filming_1.mp4,4047,1,5,0.117275055289698,0.9994972864786784,0.6309316140634043,4,0.0663293356742037,0.9029064178466796,59.96002664890073
shruti_filming_1.mp4,4048,1,5,0.1195961909240945,0.9994487762451172,0.6233457918520326,4,0.066126845357821,0.9015364329020182,59.96002664890073
shruti_filming_1.mp4,4049,1,5,0.1219371177113821,0.9994400024414064,0.6156750149197049,4,0.0629084102145538,0.8973943710327148,59.96002664890073
shruti_filming_1.mp4,4050,1,5,0.1252729953652898,0.99941832224528,0.6053777200204354,4,0.0599276623112849,0.8937790552775066,59.96002664890073
shruti_filming_1.mp4,4051,1,4,0.1274999177945924,0.9996713638305664,0.5970965632685908,4,0.1274999177945924,0.9996713638305664,59.96002664890073
shruti_filming_1.mp4,4052,1,4,0.1301128860086186,0.9996904373168946,0.5882571467646847,4,0.1301128860086186,0.9996904373168946,59.96002664890073
shruti_filming_1.mp4,4053,1,4,0.1309268471964686,0.9996966044108072,0.581627443101671,4,0.1309268471964686,0.9996966044108072,59.96002664890073
shruti_filming_1.mp4,4054,1,4,0.1333204656176773,0.999677276611328,0.573596445719401,4,0.1333204656176773,0.999677276611328,59.96002664890073
shruti_filming_1.mp4,4055,1,4,0.1348233666259006,0.9997018814086914,0.567728763156467,4,0.1348233666259006,0.9997018814086914,59.96002664890073
shruti_filming_1.mp4,4056,1,4,0.1366932093089821,0.9996126174926758,0.5600187513563368,4,0.1366932093089821,0.9996126174926758,59.96002664890073
shruti_filming_1.mp4,4057,1,4,0.139001803989037,0.999624506632487,0.553019544813368,4,0.139001803989037,0.999624506632487,59.96002664890073
shruti_filming_1.mp4,4058,1,4,0.142265594801305,0.999395751953125,0.5453391181098091,4,0.142265594801305,0.999395751953125,59.96002664890073
shruti_filming_1.mp4,4059,1,4,0.1440509160921081,0.9993495941162108,0.5377846329300492,4,0.1440509160921081,0.9993495941162108,59.96002664890073
shruti_filming_1.mp4,4060,1,4,0.1452247906808393,0.999378776550293,0.5332905663384332,4,0.1452247906808393,0.999378776550293,59.96002664890073
shruti_filming_1.mp4,4061,1,4,0.1467375202470187,0.9995232264200846,0.5256200154622396,4,0.1467375202470187,0.9995232264200846,59.96002664890073
shruti_filming_1.mp4,4062,1,4,0.1468685710682863,0.9994539260864258,0.5224788665771485,4,0.1468685710682863,0.9994539260864258,59.96002664890073
shruti_filming_1.mp4,4063,1,4,0.149132949799241,0.9995040893554688,0.5161340077718098,4,0.149132949799241,0.9995040893554688,59.96002664890073
shruti_filming_1.mp4,4064,1,4,0.151395174798284,0.9997665405273436,0.5096923828125,4,0.151395174798284,0.9997665405273436,59.96002664890073
shruti_filming_1.mp4,4065,1,4,0.1530060223959433,0.9996637980143228,0.5046766775625723,4,0.1530060223959433,0.9996637980143228,59.96002664890073
shruti_filming_1.mp4,4066,1,4,0.1533136479365122,0.9998144149780274,0.5009837256537544,4,0.1533136479365122,0.9998144149780274,59.96002664890073
shruti_filming_1.mp4,4067,1,4,0.154721261408111,0.9995664596557616,0.4946764910662615,4,0.154721261408111,0.9995664596557616,59.96002664890073
shruti_filming_1.mp4,4068,1,5,0.1558306194885032,0.9995768229166668,0.4884342617458767,4,0.1558306194885032,0.9995768229166668,59.96002664890073
shruti_filming_1.mp4,4069,1,4,0.1572695473339829,0.999574851989746,0.4820859838415075,4,0.1572695473339829,0.999574851989746,59.96002664890073
shruti_filming_1.mp4,4070,1,4,0.1579533474764806,0.99952449798584,0.4774664560953776,4,0.1579533474764806,0.99952449798584,59.96002664890073
shruti_filming_1.mp4,4071,1,4,0.1593132048471792,0.9996547698974608,0.4723742167154948,4,0.1593132048471792,0.9996547698974608,59.96002664890073
shruti_filming_1.mp4,4072,1,4,0.1607352836578825,0.9996707916259766,0.4674162970648871,4,0.1607352836578825,0.9996707916259766,59.96002664890073
shruti_filming_1.mp4,4073,1,4,0.1619627217041852,0.9995384216308594,0.462133068508572,4,0.1619627217041852,0.9995384216308594,59.96002664890073
shruti_filming_1.mp4,4074,1,5,0.163281095859075,0.9995113372802734,0.4577148720070167,5,0.163281095859075,0.9995113372802734,59.96002664890073
shruti_filming_1.mp4,4075,1,5,0.1640478135929206,0.9996498107910156,0.4546400564688223,5,0.1640478135929206,0.9996498107910156,59.96002664890073
shruti_filming_1.mp4,4076,1,5,0.1655851495799297,0.9997062683105468,0.4501660099735966,5,0.1655851495799297,0.9997062683105468,59.96002664890073
shruti_filming_1.mp4,4077,1,4,0.1671257209666267,0.9997047424316406,0.4441901171648943,4,0.1671257209666267,0.9997047424316406,59.96002664890073
shruti_filming_1.mp4,4078,1,4,0.1687993383074515,0.9997894922892252,0.4402402665879991,4,0.1687993383074515,0.9997894922892252,59.96002664890073
shruti_filming_1.mp4,4079,1,5,0.1697946371221805,0.999762725830078,0.4344984125207972,4,0.1697946371221805,0.999762725830078,59.96002664890073
shruti_filming_1.mp4,4080,1,5,0.1694209605685408,0.9994667053222656,0.4278012028446904,5,0.1694209605685408,0.9994667053222656,59.96002664890073
shruti_filming_1.mp4,4081,1,5,0.1706603542621046,0.9994169871012368,0.4225568135579427,5,0.1706603542621046,0.9994169871012368,59.96002664890073
shruti_filming_1.mp4,4082,1,4,0.1714346026395301,0.9992790222167968,0.4183537518536603,4,0.1714346026395301,0.9992790222167968,59.96002664890073
shruti_filming_1.mp4,4083,1,4,0.1726505108856158,0.9995256423950196,0.4148385930944372,4,0.1726505108856158,0.9995256423950196,59.96002664890073
shruti_filming_1.mp4,4084,1,4,0.1727779849130726,0.9995264689127604,0.4138133720115379,4,0.1727779849130726,0.9995264689127604,59.96002664890073
shruti_filming_1.mp4,4085,1,4,0.1738767488537188,0.9994590759277344,0.4099770439995659,4,0.1738767488537188,0.9994590759277344,59.96002664890073
shruti_filming_1.mp4,4086,1,4,0.1746915151528487,0.9998033523559572,0.4106691572401258,4,0.1746915151528487,0.9998033523559572,59.96002664890073
shruti_filming_1.mp4,4087,1,4,0.1749471477504509,0.9995110193888348,0.4056173536512586,4,0.1749471477504509,0.9995110193888348,59.96002664890073
shruti_filming_1.mp4,4088,1,4,0.1772436581734574,0.9997047424316406,0.3993162225793909,4,0.1772436581734574,0.9997047424316406,59.96002664890073
shruti_filming_1.mp4,4089,1,4,0.178496621887642,0.9998144149780274,0.3969143196388527,4,0.178496621887642,0.9998144149780274,59.96002664890073
shruti_filming_1.mp4,4090,1,6,0.1785118140229072,0.9995175043741862,0.397439956665039,4,0.1785118140229072,0.9995175043741862,59.96002664890073
shruti_filming_1.mp4,4091,1,5,0.176967616186626,0.9995288848876952,0.3889520291928892,4,0.176967616186626,0.9995288848876952,59.96002664890073
shruti_filming_1.mp4,4092,1,5,0.1682979422142024,0.9995527267456056,0.362582524617513,4,0.1682979422142024,0.9995527267456056,59.96002664890073
shruti_filming_1.mp4,4093,1,5,0.1621426555233968,0.9995782852172852,0.3291708840264214,4,0.1621426555233968,0.9995782852172852,59.96002664890073
shruti_filming_1.mp4,4094,1,5,0.158882252164185,0.9995819727579752,0.3080084906684028,4,0.158882252164185,0.9995819727579752,59.96002664890073
shruti_filming_1.mp4,4095,1,5,0.1548106617216718,0.9997831344604492,0.2851913522790979,4,0.1548106617216718,0.9997831344604492,59.96002664890073
shruti_filming_1.mp4,4096,1,5,0.1452277924879201,0.9992200851440428,0.2635958777533637,4,0.1452277924879201,0.9992200851440428,59.96002664890073
shruti_filming_1.mp4,4097,1,5,0.1392218373339629,0.999225616455078,0.2510957647252966,4,0.1392218373339629,0.999225616455078,59.96002664890073
shruti_filming_1.mp4,4098,1,5,0.1353998740522365,0.9986656824747722,0.2317580329047309,4,0.1353998740522365,0.9986656824747722,59.96002664890073
shruti_filming_1.mp4,4099,1,5,0.1308125341090447,0.9971567153930664,0.2193588539406105,3,0.1308125341090447,0.9971567153930664,59.96002664890073
shruti_filming_1.mp4,4100,1,6,0.1221506020215262,0.9921209971110028,0.1982630835639106,4,0.1221506020215262,0.9921209971110028,59.96002664890073
shruti_filming_1.mp4,4101,1,5,0.1168908307691001,0.9861660003662108,0.185819187870732,4,0.1168908307691001,0.9861660003662108,59.96002664890073
shruti_filming_1.mp4,4102,1,5,0.1142974466468742,0.9835733413696288,0.1770573368778935,4,0.1142974466468742,0.9835733413696288,59.96002664890073
shruti_filming_1.mp4,4103,1,5,0.1096510586389599,0.9807952880859376,0.1624817742241753,4,0.1096510586389599,0.9807952880859376,59.96002664890073
shruti_filming_1.mp4,4104,1,5,0.1062019529798999,0.9822174072265624,0.1460552639431423,4,0.1062019529798999,0.9822174072265624,59.96002664890073
shruti_filming_1.mp4,4105,1,5,0.1025434484560133,0.9791454315185548,0.1331612763581452,3,0.1025434484560133,0.9791454315185548,59.96002664890073
shruti_filming_1.mp4,4106,1,5,0.1021363318867467,0.999455451965332,0.6932652438128436,4,0.0995902714429906,0.9756006240844728,59.96002664890073
shruti_filming_1.mp4,4107,1,5,0.1052701173743359,0.9994270960489908,0.6831902468646014,4,0.0948754782891935,0.9681631724039712,59.96002664890073
shruti_filming_1.mp4,4108,1,5,0.1084543951025019,0.9994970321655272,0.6747915903727214,4,0.091953600099681,0.9631357192993164,59.96002664890073
shruti_filming_1.mp4,4109,1,5,0.1123331706061435,0.9995119094848632,0.6629186736212836,4,0.0872303407432304,0.9590591430664064,59.96002664890073
shruti_filming_1.mp4,4110,1,5,0.1159707484960138,0.999519411722819,0.6532438631410952,4,0.0849541687466424,0.9563739776611327,59.96002664890073
shruti_filming_1.mp4,4111,1,5,0.1190629989955373,0.9997797012329102,0.6461446974012587,4,0.0821175177392972,0.9540937423706056,59.96002664890073
shruti_filming_1.mp4,4112,1,5,0.1221308017331736,0.9997027079264325,0.635370056717484,4,0.078620775427251,0.9501078287760416,59.96002664890073
shruti_filming_1.mp4,4113,1,5,0.1246226854547987,0.9996681849161784,0.6266070048014323,4,0.0756132427800211,0.948652458190918,59.96002664890073
shruti_filming_1.mp4,4114,1,6,0.1269897955348682,0.9997041702270508,0.6183660719129774,5,0.0723630039162795,0.944143295288086,59.96002664890073
shruti_filming_1.mp4,4115,1,6,0.1288027793024526,0.9997413635253908,0.611654069688585,5,0.0709692289741737,0.941608428955078,59.96002664890073
shruti_filming_1.mp4,4116,1,5,0.130655089791738,0.9997047424316406,0.6033491770426432,4,0.0676791469281306,0.9389883041381836,59.96002664890073
shruti_filming_1.mp4,4117,1,5,0.1329945791918241,0.9996346155802408,0.5956949022081163,5,0.1329945791918241,0.9996346155802408,59.96002664890073
shruti_filming_1.mp4,4118,1,5,0.1352358183399903,0.9996644973754882,0.5877298990885417,5,0.1352358183399903,0.9996644973754882,59.96002664890073
shruti_filming_1.mp4,4119,1,6,0.1360501399141395,0.999622917175293,0.5796365667272497,6,0.1360501399141395,0.999622917175293,59.96002664890073
shruti_filming_1.mp4,4120,1,6,0.1378150679348609,0.99964542388916,0.5723087875931351,6,0.1378150679348609,0.99964542388916,59.96002664890073
shruti_filming_1.mp4,4121,1,6,0.1402609500844631,0.9993024826049804,0.5662787684687862,6,0.1402609500844631,0.9993024826049804,59.96002664890073
shruti_filming_1.mp4,4122,1,5,0.1410572999500598,0.999252700805664,0.5583202503345631,5,0.1410572999500598,0.999252700805664,59.96002664890073
shruti_filming_1.mp4,4123,1,5,0.1430535680499667,0.9996761322021483,0.5496622438783999,5,0.1430535680499667,0.9996761322021483,59.96002664890073
shruti_filming_1.mp4,4124,1,5,0.1447790693124989,0.99986998240153,0.5425791422526042,5,0.1447790693124989,0.99986998240153,59.96002664890073
shruti_filming_1.mp4,4125,1,5,0.1466441797905847,0.9998715082804362,0.5366341626202619,5,0.1466441797905847,0.9998715082804362,59.96002664890073
shruti_filming_1.mp4,4126,1,5,0.1486614170223038,0.9998161951700848,0.5320514678955078,5,0.1486614170223038,0.9998161951700848,59.96002664890073
shruti_filming_1.mp4,4127,1,5,0.1498997726577605,0.9998846689860026,0.526227060953776,5,0.1498997726577605,0.9998846689860026,59.96002664890073
shruti_filming_1.mp4,4128,1,5,0.1511019645641014,0.9998476028442382,0.5214640299479166,5,0.1511019645641014,0.9998476028442382,59.96002664890073
shruti_filming_1.mp4,4129,1,5,0.1522882653684872,0.9998334884643556,0.5134733694571035,5,0.1522882653684872,0.9998334884643556,59.96002664890073
shruti_filming_1.mp4,4130,1,5,0.1538064153273633,0.9992518107096354,0.5097906607168692,5,0.1538064153273633,0.9992518107096354,59.96002664890073
shruti_filming_1.mp4,4131,1,5,0.1535301245453026,0.999781290690104,0.5097818586561415,5,0.1535301245453026,0.999781290690104,59.96002664890073
shruti_filming_1.mp4,4132,1,5,0.1542369808077691,0.9998239517211914,0.5014240971317998,5,0.1542369808077691,0.9998239517211914,59.96002664890073
shruti_filming_1.mp4,4133,1,5,0.15368608108581,0.999714469909668,0.4982266320122613,5,0.15368608108581,0.999714469909668,59.96002664890073
shruti_filming_1.mp4,4134,1,5,0.1572173095567349,0.9995049158732096,0.4908480185049551,5,0.1572173095567349,0.9995049158732096,59.96002664890073
shruti_filming_1.mp4,4135,1,5,0.1593217335951286,0.9994857788085938,0.4816672289813006,5,0.1593217335951286,0.9994857788085938,59.96002664890073
shruti_filming_1.mp4,4136,1,5,0.160044648576365,0.9994716644287108,0.4791475790518301,5,0.160044648576365,0.9994716644287108,59.96002664890073
shruti_filming_1.mp4,4137,1,5,0.1614029798356932,0.9994916915893556,0.4734206729465061,5,0.1614029798356932,0.9994916915893556,59.96002664890073
shruti_filming_1.mp4,4138,1,5,0.1605915165896986,0.9993442535400392,0.4718854409677011,5,0.1605915165896986,0.9993442535400392,59.96002664890073
shruti_filming_1.mp4,4139,1,5,0.1630064351867056,0.9994211196899414,0.4645867241753472,5,0.1630064351867056,0.9994211196899414,59.96002664890073
shruti_filming_1.mp4,4140,1,5,0.1635884277738417,0.9994758605957031,0.4648038228352865,5,0.1635884277738417,0.9994758605957031,59.96002664890073
shruti_filming_1.mp4,4141,1,5,0.1639285676104191,0.9993343353271484,0.4610588073730469,5,0.1639285676104191,0.9993343353271484,59.96002664890073
shruti_filming_1.mp4,4142,1,5,0.1653288994737252,0.9994693756103517,0.4585967593722873,5,0.1653288994737252,0.9994693756103517,59.96002664890073
shruti_filming_1.mp4,4143,1,5,0.1676221294001529,0.9994709014892578,0.4478729954472294,5,0.1676221294001529,0.9994709014892578,59.96002664890073
shruti_filming_1.mp4,4144,1,5,0.1682953606533636,0.9994722366333008,0.4438518948025173,5,0.1682953606533636,0.9994722366333008,59.96002664890073
shruti_filming_1.mp4,4145,1,5,0.1691724524730428,0.999460792541504,0.4405729505750868,5,0.1691724524730428,0.999460792541504,59.96002664890073
shruti_filming_1.mp4,4146,1,5,0.1687066738698599,0.999474016825358,0.440107684665256,5,0.1687066738698599,0.999474016825358,59.96002664890073
shruti_filming_1.mp4,4147,1,5,0.1689694471199375,0.9993864059448242,0.4357215033637153,5,0.1689694471199375,0.9993864059448242,59.96002664890073
shruti_filming_1.mp4,4148,1,5,0.1677396850187155,0.9993885040283204,0.4381545031512225,5,0.1677396850187155,0.9993885040283204,59.96002664890073
shruti_filming_1.mp4,4149,1,4,0.1681389306005817,0.9994468688964844,0.4359970234058521,4,0.1681389306005817,0.9994468688964844,59.96002664890073
shruti_filming_1.mp4,4150,1,4,0.1696560677554818,0.9995184580485026,0.4319629104049117,4,0.1696560677554818,0.9995184580485026,59.96002664890073
shruti_filming_1.mp4,4151,1,4,0.1701529311225021,0.999440638224284,0.4288108966968678,4,0.1701529311225021,0.999440638224284,59.96002664890073
shruti_filming_1.mp4,4152,1,4,0.1699170760739448,0.9994404474894206,0.4287620827003761,4,0.1699170760739448,0.9994404474894206,59.96002664890073
shruti_filming_1.mp4,4153,1,4,0.1708223020814141,0.9994810104370118,0.4276559759069372,4,0.1708223020814141,0.9994810104370118,59.96002664890073
shruti_filming_1.mp4,4154,1,5,0.171071888673181,0.9994804382324218,0.4253164785879629,5,0.171071888673181,0.9994804382324218,59.96002664890073
shruti_filming_1.mp4,4155,1,5,0.1724831734572459,0.9995484034220378,0.4179496765136719,5,0.1724831734572459,0.9995484034220378,59.96002664890073
shruti_filming_1.mp4,4156,1,5,0.1733944856963515,0.9995861053466796,0.4147456698947482,5,0.1733944856963515,0.9995861053466796,59.96002664890073
shruti_filming_1.mp4,4157,1,5,0.1738463117480622,0.999662208557129,0.4137641341597945,5,0.1738463117480622,0.999662208557129,59.96002664890073
shruti_filming_1.mp4,4158,1,6,0.1736213562508055,0.999434280395508,0.4131753285725911,6,0.1736213562508055,0.999434280395508,59.96002664890073
shruti_filming_1.mp4,4159,1,6,0.1743164750493263,0.9994455973307292,0.4103271766945168,6,0.1743164750493263,0.9994455973307292,59.96002664890073
shruti_filming_1.mp4,4160,1,6,0.1754526672249981,0.99912109375,0.408284929063585,6,0.1754526672249981,0.99912109375,59.96002664890073
shruti_filming_1.mp4,4161,1,5,0.1767221821073326,0.999275016784668,0.4032992045084635,5,0.1767221821073326,0.999275016784668,59.96002664890073
shruti_filming_1.mp4,4162,1,5,0.1770113567765629,0.9994110107421876,0.4019489429615162,5,0.1770113567765629,0.9994110107421876,59.96002664890073
shruti_filming_1.mp4,4163,1,5,0.1770436856430023,0.9994499842325848,0.4020131429036458,5,0.1770436856430023,0.9994499842325848,59.96002664890073
shruti_filming_1.mp4,4164,1,5,0.1775802664027287,0.9995400110880532,0.3995557573106554,5,0.1775802664027287,0.9995400110880532,59.96002664890073
shruti_filming_1.mp4,4165,1,5,0.1785883964278899,0.9997561136881512,0.3962930184823495,5,0.1785883964278899,0.9997561136881512,59.96002664890073
shruti_filming_1.mp4,4166,1,6,0.1781811579423406,0.999558448791504,0.3945435559308087,6,0.1781811579423406,0.999558448791504,59.96002664890073
shruti_filming_1.mp4,4167,1,6,0.1791066676355829,0.999551010131836,0.3929293032045717,6,0.1791066676355829,0.999551010131836,59.96002664890073
shruti_filming_1.mp4,4168,1,6,0.1797232982466426,0.9995431900024414,0.3914716226083261,5,0.1797232982466426,0.9995431900024414,59.96002664890073
shruti_filming_1.mp4,4169,1,6,0.1801532830065116,0.9995096842447916,0.3884641294126157,5,0.1801532830065116,0.9995096842447916,59.96002664890073
shruti_filming_1.mp4,4170,1,6,0.1813640157553729,0.999571673075358,0.384096188015408,5,0.1813640157553729,0.999571673075358,59.96002664890073
shruti_filming_1.mp4,4171,1,5,0.1818823469500057,0.999582290649414,0.3825659857855902,4,0.1818823469500057,0.999582290649414,59.96002664890073
shruti_filming_1.mp4,4172,1,6,0.1828060636523447,0.9996040344238282,0.379073644567419,5,0.1828060636523447,0.9996040344238282,59.96002664890073
shruti_filming_1.mp4,4173,1,6,0.1845951538702852,0.9995479583740234,0.3739802607783565,5,0.1845951538702852,0.9995479583740234,59.96002664890073
shruti_filming_1.mp4,4174,1,6,0.1853608172803393,0.9995145797729492,0.3655115198206018,5,0.1853608172803393,0.9995145797729492,59.96002664890073
shruti_filming_1.mp4,4175,1,5,0.1792512931788372,0.99941832224528,0.3503840623078523,4,0.1792512931788372,0.99941832224528,59.96002664890073
shruti_filming_1.mp4,4176,1,4,0.1727882923335049,0.9972002665201825,0.3339716664067021,4,0.1727882923335049,0.9972002665201825,59.96002664890073
shruti_filming_1.mp4,4177,1,4,0.1698508330696818,0.9960216522216796,0.3265803019205729,4,0.1698508330696818,0.9960216522216796,59.96002664890073
shruti_filming_1.mp4,4178,1,4,0.1651263860872859,0.9947853724161784,0.3109983797426577,4,0.1651263860872859,0.9947853724161784,59.96002664890073
shruti_filming_1.mp4,4179,1,5,0.158994699406693,0.9940128962198892,0.287109050044307,5,0.158994699406693,0.9940128962198892,59.96002664890073
shruti_filming_1.mp4,4180,1,5,0.1505085395632421,0.9928182601928712,0.2563303841484917,5,0.1505085395632421,0.9928182601928712,59.96002664890073
shruti_filming_1.mp4,4181,1,5,0.1433420809785214,0.9941354751586914,0.2226131863064236,4,0.1433420809785214,0.9941354751586914,59.96002664890073
shruti_filming_1.mp4,4182,1,6,0.1366505101643916,0.989625358581543,0.2017900537561487,5,0.1366505101643916,0.989625358581543,59.96002664890073
shruti_filming_1.mp4,4183,1,6,0.1240896985562479,0.978049659729004,0.1762587653266059,5,0.1240896985562479,0.978049659729004,59.96002664890073
shruti_filming_1.mp4,4184,1,7,0.1214127815803389,0.9817119598388672,0.1568546012595847,5,0.1214127815803389,0.9817119598388672,59.96002664890073
shruti_filming_1.mp4,4185,1,7,0.1101945197523956,0.9631216049194335,0.1430376264784071,5,0.1101945197523956,0.9631216049194335,59.96002664890073
shruti_filming_1.mp4,4186,1,6,0.1049004982676706,0.959776751200358,0.1274658768265335,4,0.1049004982676706,0.959776751200358,59.96002664890073
shruti_filming_1.mp4,4187,1,6,0.100402617780815,0.9562456766764325,0.1143704449688946,4,0.100402617780815,0.9562456766764325,59.96002664890073
shruti_filming_1.mp4,4188,1,7,0.0973168914858575,0.954563331604004,0.1013136969672309,5,0.0973168914858575,0.954563331604004,59.96002664890073
shruti_filming_1.mp4,4189,1,7,0.0939084767545702,0.9489641825358072,0.0931834468135127,5,0.0939084767545702,0.9489641825358072,59.96002664890073
shruti_filming_1.mp4,4190,1,7,0.0883532832851536,0.9448780695597332,0.0736845510977285,5,0.0883532832851536,0.9448780695597332,59.96002664890073
shruti_filming_1.mp4,4191,1,7,0.0867238771820848,0.9995411554972332,0.6718973371717665,5,0.0849411592430206,0.9423799514770508,59.96002664890073
shruti_filming_1.mp4,4192,1,5,0.0886955216938898,0.9996597290039062,0.6646342206884314,4,0.0815581005902236,0.9400690078735352,59.96002664890073
shruti_filming_1.mp4,4193,1,5,0.0913790950011995,0.9997233072916668,0.6564580705430773,4,0.079522385664793,0.9384119033813476,59.96002664890073
shruti_filming_1.mp4,4194,1,5,0.0934375006186827,0.9996018091837564,0.6465211656358507,4,0.0754792543004926,0.9353434244791666,59.96002664890073
shruti_filming_1.mp4,4195,1,5,0.0960677850577296,0.9995399475097656,0.6382720099555121,4,0.0721659770671761,0.9303085327148436,59.96002664890073
shruti_filming_1.mp4,4196,1,7,0.0981023983847505,0.9995379130045572,0.6318115234375,5,0.0700199061463354,0.9274414698282878,59.96002664890073
shruti_filming_1.mp4,4197,1,7,0.1454429340962734,0.9989383697509766,0.6234876844618056,6,0.068944287454299,0.925330924987793,59.96002664890073
shruti_filming_1.mp4,4198,1,7,0.1554779275380025,0.9996536254882812,0.614481692843967,5,0.0672361742798562,0.9219731012980144,59.96002664890073
shruti_filming_1.mp4,4199,1,6,0.157705412749422,0.9988538742065428,0.6079065676088686,5,0.066424213465726,0.919684600830078,59.96002664890073
shruti_filming_1.mp4,4200,1,5,0.1611702598041759,0.99919376373291,0.5994422488742405,5,0.1611702598041759,0.99919376373291,59.96002664890073
shruti_filming_1.mp4,4201,1,5,0.1632880627795303,0.9992130915323894,0.593233150906033,5,0.1632880627795303,0.9992130915323894,59.96002664890073
shruti_filming_1.mp4,4202,1,6,0.165424125401025,0.9992048899332684,0.584474860297309,6,0.165424125401025,0.9992048899332684,59.96002664890073
shruti_filming_1.mp4,4203,1,6,0.1679548474634389,0.99929567972819,0.5768338945176866,6,0.1679548474634389,0.99929567972819,59.96002664890073
shruti_filming_1.mp4,4204,1,6,0.1716777337048066,0.999395751953125,0.5669085184733073,6,0.1716777337048066,0.999395751953125,59.96002664890073
shruti_filming_1.mp4,4205,1,5,0.1731623022873342,0.9993448257446288,0.5616577996148003,5,0.1731623022873342,0.9993448257446288,59.96002664890073
shruti_filming_1.mp4,4206,1,8,0.1755614101804126,0.9994195938110352,0.5572603861490886,8,0.1755614101804126,0.9994195938110352,59.96002664890073
shruti_filming_1.mp4,4207,1,7,0.1787482935973121,0.9993878046671548,0.5484748981617115,7,0.1787482935973121,0.9993878046671548,59.96002664890073
shruti_filming_1.mp4,4208,1,7,0.1798682559113432,0.9993818283081056,0.5452585856119792,7,0.1798682559113432,0.9993818283081056,59.96002664890073
shruti_filming_1.mp4,4209,1,5,0.1802000437564183,0.9992921829223632,0.542506253277814,5,0.1802000437564183,0.9992921829223632,59.96002664890073
shruti_filming_1.mp4,4210,1,5,0.1838337607738665,0.9994784037272136,0.5362140231662327,5,0.1838337607738665,0.9994784037272136,59.96002664890073
shruti_filming_1.mp4,4211,1,6,0.1866019450442777,0.9991829554239908,0.5272233327229817,6,0.1866019450442777,0.9993091583251952,59.96002664890073
shruti_filming_1.mp4,4212,1,5,0.1889058020465188,0.9986833572387696,0.5221314465558088,4,0.1889058020465188,0.9986833572387696,59.96002664890073
shruti_filming_1.mp4,4213,1,5,0.1896505766780238,0.9993189493815104,0.5182409498426649,4,0.1896505766780238,0.9993189493815104,59.96002664890073
shruti_filming_1.mp4,4214,1,6,0.1903685791079759,0.999592399597168,0.5148472256130643,5,0.1903685791079759,0.999592399597168,59.96002664890073
shruti_filming_1.mp4,4215,1,5,0.1912991849943258,0.999398676554362,0.5105963954219112,4,0.1912991849943258,0.999398676554362,59.96002664890073
shruti_filming_1.mp4,4216,1,5,0.191668959219519,0.9995585123697917,0.5065263394956235,4,0.191668959219519,0.9995585123697917,59.96002664890073
shruti_filming_1.mp4,4217,1,6,0.193284362784341,0.999183464050293,0.5060378604465061,5,0.193284362784341,0.9992427825927734,59.96002664890073
shruti_filming_1.mp4,4218,1,6,0.1932627511721673,0.9993247985839844,0.4973006778293186,6,0.1932627511721673,0.9993247985839844,59.96002664890073
shruti_filming_1.mp4,4219,1,5,0.1942331584891553,0.999296760559082,0.4922014589662905,4,0.1942331584891553,0.999296760559082,59.96002664890073
shruti_filming_1.mp4,4220,1,5,0.1953434308257365,0.9993152618408204,0.487918867888274,4,0.1953434308257365,0.9993152618408204,59.96002664890073
shruti_filming_1.mp4,4221,1,5,0.19643831047894,0.9996326446533204,0.4833330790201823,5,0.19643831047894,0.9996326446533204,59.96002664890073
shruti_filming_1.mp4,4222,1,5,0.1962567368538186,0.9995296478271484,0.4821744424325448,5,0.1962567368538186,0.9995296478271484,59.96002664890073
shruti_filming_1.mp4,4223,1,5,0.1966423174387158,0.9996164321899416,0.4759030094853154,5,0.1966423174387158,0.9996164321899416,59.96002664890073
shruti_filming_1.mp4,4224,1,5,0.1971897363069863,0.9995862960815428,0.4748677854184751,5,0.1971897363069863,0.9995862960815428,59.96002664890073
shruti_filming_1.mp4,4225,1,5,0.1968698791463445,0.999460792541504,0.4693463502106843,4,0.1968698791463445,0.999460792541504,59.96002664890073
shruti_filming_1.mp4,4226,1,6,0.196309485330227,0.9994081497192384,0.4644528424298322,5,0.196309485330227,0.9994081497192384,59.96002664890073
shruti_filming_1.mp4,4227,1,5,0.1976385684559284,0.9994100570678712,0.4624449694598163,5,0.1976385684559284,0.9994100570678712,59.96002664890073
shruti_filming_1.mp4,4228,1,7,0.1983877913618683,0.999393081665039,0.4572991689046224,7,0.1983877913618683,0.999393081665039,59.96002664890073
shruti_filming_1.mp4,4229,1,6,0.1984570779087921,0.9993749618530272,0.4549138810899522,6,0.1984570779087921,0.9993749618530272,59.96002664890073
shruti_filming_1.mp4,4230,1,6,0.1980809847370399,0.9994085311889648,0.4547639069733796,6,0.1980809847370399,0.9994085311889648,59.96002664890073
shruti_filming_1.mp4,4231,1,6,0.1975507658185556,0.9994824091593424,0.4538440704345703,6,0.1975507658185556,0.9994824091593424,59.96002664890073
shruti_filming_1.mp4,4232,1,5,0.1978982854382694,0.9994505564371744,0.4537174224853516,5,0.1978982854382694,0.9994505564371744,59.96002664890073
shruti_filming_1.mp4,4233,1,5,0.1981984585140944,0.9996606826782226,0.4505357530381944,5,0.1981984585140944,0.9996606826782226,59.96002664890073
shruti_filming_1.mp4,4234,1,5,0.1985081791502307,0.9997104644775392,0.4465624491373698,5,0.1985081791502307,0.9997104644775392,59.96002664890073
shruti_filming_1.mp4,4235,1,5,0.1996195310758452,0.9997348785400392,0.4414280785454644,5,0.1996195310758452,0.9997348785400392,59.96002664890073
shruti_filming_1.mp4,4236,1,6,0.1999650425161576,0.9995733261108398,0.4394519099482784,6,0.1999650425161576,0.9995733261108398,59.96002664890073
shruti_filming_1.mp4,4237,1,6,0.2012330732988477,0.9998256683349608,0.4366280732331452,6,0.2012330732988477,0.9998256683349608,59.96002664890073
shruti_filming_1.mp4,4238,1,5,0.2017022172652785,0.9997785568237304,0.4341036902533637,5,0.2017022172652785,0.9997785568237304,59.96002664890073
shruti_filming_1.mp4,4239,1,6,0.2022839715422661,0.9995067596435548,0.4275396841543692,6,0.2022839715422661,0.9995067596435548,59.96002664890073
shruti_filming_1.mp4,4240,1,6,0.2012511230891363,0.9993971506754558,0.4306401005497685,6,0.2012511230891363,0.9993971506754558,59.96002664890073
shruti_filming_1.mp4,4241,1,7,0.2026651731423313,0.9994874954223631,0.4226975900155527,7,0.2026651731423313,0.9994874954223631,59.96002664890073
shruti_filming_1.mp4,4242,1,6,0.2033079711261557,0.9995426813761392,0.422124014960395,6,0.2033079711261557,0.999960708618164,59.96002664890073
shruti_filming_1.mp4,4243,1,5,0.2013424718843048,0.9992841720581056,0.4227037217881944,5,0.2013424718843048,0.9992841720581056,59.96002664890073
shruti_filming_1.mp4,4244,1,6,0.2026004552254798,0.9994652430216472,0.4195435700593171,6,0.2026004552254798,0.9994652430216472,59.96002664890073
shruti_filming_1.mp4,4245,1,6,0.2021238236433149,0.9994997024536132,0.4201723028112341,6,0.2021238236433149,0.9994997024536132,59.96002664890073
shruti_filming_1.mp4,4246,1,6,0.2019414138283038,0.9995147705078123,0.4196627157705802,6,0.2019414138283038,0.9995147705078123,59.96002664890073
shruti_filming_1.mp4,4247,1,7,0.2020390477443288,0.9994812647501627,0.4177653418646918,7,0.2020390477443288,0.9994812647501627,59.96002664890073
shruti_filming_1.mp4,4248,1,5,0.2013854370129842,0.9993422190348308,0.4162224098488136,5,0.2013854370129842,0.9993422190348308,59.96002664890073
shruti_filming_1.mp4,4249,1,5,0.2016777006554831,0.9992872873942056,0.4138072826244213,5,0.2016777006554831,0.9992872873942056,59.96002664890073
shruti_filming_1.mp4,4250,1,7,0.2034549584385348,0.9995203018188475,0.4104275880036531,7,0.2034549584385348,0.9995203018188475,59.96002664890073
shruti_filming_1.mp4,4251,1,6,0.2020176644105204,0.9992746353149414,0.410189946492513,6,0.2020176644105204,0.9992746353149414,59.96002664890073
shruti_filming_1.mp4,4252,1,6,0.2035359308233806,0.9996467590332032,0.4065228921395761,6,0.2035359308233806,0.9996467590332032,59.96002664890073
shruti_filming_1.mp4,4253,1,6,0.2036223078175627,0.9992760340372722,0.4022661138463903,6,0.2036223078175627,0.9992760340372722,59.96002664890073
shruti_filming_1.mp4,4254,1,6,0.2048746048072222,0.9996343612670898,0.3980897550229673,6,0.2048746048072222,0.9996343612670898,59.96002664890073
shruti_filming_1.mp4,4255,1,6,0.2049878787570681,0.999298922220866,0.3951854705810547,6,0.2049878787570681,0.999298922220866,59.96002664890073
shruti_filming_1.mp4,4256,1,7,0.2045029507092463,0.9992836634318034,0.3938311400236907,7,0.2045029507092463,0.9992836634318034,59.96002664890073
shruti_filming_1.mp4,4257,1,6,0.2050084880861686,0.9994663238525392,0.3927381727430555,6,0.2050084880861686,0.9994663238525392,59.96002664890073
shruti_filming_1.mp4,4258,1,7,0.2075405071064597,0.999472427368164,0.3899903191460503,7,0.2075405071064597,0.999472427368164,59.96002664890073
shruti_filming_1.mp4,4259,1,5,0.2044467880045219,0.9995176315307616,0.3928514268663194,5,0.2044467880045219,0.9995176315307616,59.96002664890073
shruti_filming_1.mp4,4260,1,6,0.2042017735145809,0.999495315551758,0.3897885075321904,6,0.2042017735145809,0.999495315551758,59.96002664890073
shruti_filming_1.mp4,4261,1,6,0.2041764791878813,0.9993560791015624,0.3884731292724609,6,0.2041764791878813,0.9993560791015624,59.96002664890073
shruti_filming_1.mp4,4262,1,6,0.2048061862835203,0.999311637878418,0.3870833644160518,6,0.2048061862835203,0.999311637878418,59.96002664890073
shruti_filming_1.mp4,4263,1,6,0.2052262382769064,0.9991374969482422,0.3851008379900897,6,0.2052262382769064,0.9991374969482422,59.96002664890073
shruti_filming_1.mp4,4264,1,5,0.2046959824380152,0.9987133661905924,0.3848026134349682,5,0.2046959824380152,0.9987133661905924,59.96002664890073
shruti_filming_1.mp4,4265,1,5,0.2054418738922839,0.9990461349487304,0.3837366881193938,5,0.2054418738922839,0.9990461349487304,59.96002664890073
shruti_filming_1.mp4,4266,1,6,0.2061498249858602,0.9992809295654296,0.3823878676803023,6,0.2061498249858602,0.9992809295654296,59.96002664890073
shruti_filming_1.mp4,4267,1,6,0.2065042782584916,0.9992074966430664,0.3806146409776476,6,0.2065042782584916,0.9992074966430664,59.96002664890073
shruti_filming_1.mp4,4268,1,5,0.2059647592793286,0.9987773895263672,0.3782754827428747,5,0.2059647592793286,0.9987773895263672,59.96002664890073
shruti_filming_1.mp4,4269,1,5,0.2053311956832314,0.9981992721557618,0.3761579725477431,5,0.2053311956832314,0.9981992721557618,59.96002664890073
shruti_filming_1.mp4,4270,1,5,0.2034491107708837,0.9945470809936524,0.3749886265507451,5,0.2034491107708837,0.9945470809936524,59.96002664890073
shruti_filming_1.mp4,4271,1,5,0.2022245496370063,0.9922124862670898,0.3708371056450738,5,0.2022245496370063,0.9922124862670898,59.96002664890073
shruti_filming_1.mp4,4272,1,6,0.1992976298643043,0.986887550354004,0.368735588921441,6,0.1992976298643043,0.986887550354004,59.96002664890073
shruti_filming_1.mp4,4273,1,7,0.1955966901719673,0.9811876296997072,0.3677136739095052,6,0.1955966901719673,0.9811876296997072,59.96002664890073
shruti_filming_1.mp4,4274,1,7,0.1972812080246512,0.981939188639323,0.365826924641927,6,0.1972812080246512,0.981939188639323,59.96002664890073
shruti_filming_1.mp4,4275,1,8,0.1930708895757561,0.9760385513305664,0.3614621904161241,6,0.1930708895757561,0.9760385513305664,59.96002664890073
shruti_filming_1.mp4,4276,1,7,0.1898978745661759,0.974322509765625,0.3593469690393518,5,0.1898978745661759,0.974322509765625,59.96002664890073
shruti_filming_1.mp4,4277,1,8,0.1859601681229024,0.9700410842895508,0.3495113372802734,6,0.1859601681229024,0.9700410842895508,59.96002664890073
shruti_filming_1.mp4,4278,1,8,0.1771941928240509,0.9646381378173828,0.3291104634602864,6,0.1771941928240509,0.9646381378173828,59.96002664890073
shruti_filming_1.mp4,4279,1,6,0.1724729896011922,0.962336540222168,0.3163030200534397,5,0.1724729896011922,0.962336540222168,59.96002664890073
shruti_filming_1.mp4,4280,1,6,0.1613025912888083,0.953323237101237,0.2964994925039786,5,0.1613025912888083,0.953323237101237,59.96002664890073
shruti_filming_1.mp4,4281,1,7,0.1566426268243231,0.9511619567871094,0.2829620361328125,6,0.1566426268243231,0.9511619567871094,59.96002664890073
shruti_filming_1.mp4,4282,1,6,0.151042596009146,0.9507953643798828,0.263553308557581,5,0.151042596009146,0.9507953643798828,59.96002664890073
shruti_filming_1.mp4,4283,1,6,0.1436964101664812,0.94523868560791,0.2488203543203848,5,0.1436964101664812,0.94523868560791,59.96002664890073
shruti_filming_1.mp4,4284,1,7,0.1380237213466629,0.942123285929362,0.2299707342077184,6,0.1380237213466629,0.942123285929362,59.96002664890073
shruti_filming_1.mp4,4285,1,7,0.1329086893477964,0.9400684356689452,0.2164408931025752,6,0.1329086893477964,0.9400684356689452,59.96002664890073
shruti_filming_1.mp4,4286,1,7,0.1279844543376627,0.9379133224487304,0.2065881234628183,6,0.1279844543376627,0.9379133224487304,59.96002664890073
shruti_filming_1.mp4,4287,1,7,0.1248732298885523,0.936472511291504,0.1951648288302951,6,0.1248732298885523,0.936472511291504,59.96002664890073
shruti_filming_1.mp4,4288,1,8,0.1205868402940945,0.9322683334350584,0.1842464870876736,7,0.1205868402940945,0.9322683334350584,59.96002664890073
shruti_filming_1.mp4,4289,1,7,0.1190902931703021,0.930461883544922,0.1718153211805555,6,0.1190902931703021,0.930461883544922,59.96002664890073
shruti_filming_1.mp4,4290,1,6,0.1146822011983022,0.927256202697754,0.1548531426323784,5,0.1146822011983022,0.927256202697754,59.96002664890073
shruti_filming_1.mp4,4291,1,6,0.1123647036796804,0.9256287256876627,0.1428189595540364,5,0.1123647036796804,0.9256287256876627,59.96002664890073
shruti_filming_1.mp4,4292,1,7,0.1089531637441056,0.9230066935221354,0.1270458645290798,6,0.1089531637441056,0.9230066935221354,59.96002664890073
shruti_filming_1.mp4,4293,1,7,0.1068216290952114,0.921767234802246,0.121433597140842,6,0.1068216290952114,0.921767234802246,59.96002664890073
shruti_filming_1.mp4,4294,1,7,0.1033570861450299,0.9182409286499024,0.112569017763491,6,0.1033570861450299,0.9182409286499024,59.96002664890073
shruti_filming_1.mp4,4295,1,7,0.1001347485900785,0.9158601760864258,0.1045633104112413,6,0.1001347485900785,0.9158601760864258,59.96002664890073
shruti_filming_1.mp4,4296,1,8,0.0978569076885469,0.9156959533691408,0.0929111621997974,7,0.0978569076885469,0.9156959533691408,59.96002664890073
shruti_filming_1.mp4,4297,1,8,0.099197818346093,0.9994054794311524,0.6745539064760562,7,0.0944524808394877,0.9113505045572916,59.96002664890073
shruti_filming_1.mp4,4298,1,7,0.1013011880019756,0.9994003295898436,0.6679668426513672,6,0.0913151189606179,0.9092001597086588,59.96002664890073
shruti_filming_1.mp4,4299,1,7,0.1045715332273478,0.9993677139282228,0.6585406727261014,6,0.0898771878999724,0.90852108001709,59.96002664890073
shruti_filming_1.mp4,4300,1,7,0.1059857811334303,0.9993576049804688,0.6521753240514685,6,0.0875316883232315,0.9049762725830078,59.96002664890073
shruti_filming_1.mp4,4301,1,6,0.1082077652687008,0.9993422190348308,0.6440088625307436,5,0.0841687307254889,0.9018985748291016,59.96002664890073
shruti_filming_1.mp4,4302,1,6,0.1100118248579545,0.999518585205078,0.6367674933539497,5,0.081483409733132,0.9005706787109375,59.96002664890073
shruti_filming_1.mp4,4303,1,6,0.1123148005580393,0.9994531631469726,0.6276771545410156,5,0.0785423173583586,0.8967190424601237,59.96002664890073
shruti_filming_1.mp4,4304,1,6,0.1138777695112447,0.9992782592773436,0.6210459391276042,5,0.0781284074559894,0.895902442932129,59.96002664890073
shruti_filming_1.mp4,4305,1,6,0.1171388569056095,0.9992664337158204,0.6153854370117188,5,0.0741076763794343,0.8925327301025391,59.96002664890073
shruti_filming_1.mp4,4306,1,6,0.1179818844604273,0.9995384216308594,0.6108782450358073,5,0.072851841206663,0.8914031982421875,59.96002664890073
shruti_filming_1.mp4,4307,1,6,0.1198129871574929,0.9994782129923504,0.6051588694254557,5,0.0712087495796929,0.8894001642862955,59.96002664890073
shruti_filming_1.mp4,4308,1,6,0.1208269660420504,0.9992172241210936,0.598253815262406,6,0.1208269660420504,0.9992172241210936,59.96002664890073
shruti_filming_1.mp4,4309,1,6,0.1231880900613759,0.999443244934082,0.5904447061044199,6,0.1231880900613759,0.999443244934082,59.96002664890073
shruti_filming_1.mp4,4310,1,6,0.124612037682964,0.9995849609375,0.5839057922363281,6,0.124612037682964,0.9995849609375,59.96002664890073
shruti_filming_1.mp4,4311,1,6,0.1271863970764389,0.999591064453125,0.5765892028808594,6,0.1271863970764389,0.999591064453125,59.96002664890073
shruti_filming_1.mp4,4312,1,6,0.1298503287775383,0.9996145248413086,0.5703215705023872,6,0.1298503287775383,0.9996145248413086,59.96002664890073
shruti_filming_1.mp4,4313,1,6,0.1301438092765359,0.9995655059814452,0.5668016221788195,6,0.1301438092765359,0.9995655059814452,59.96002664890073
shruti_filming_1.mp4,4314,1,5,0.1317953421465655,0.999397341410319,0.5629410355179398,5,0.1317953421465655,0.999397341410319,59.96002664890073
shruti_filming_1.mp4,4315,1,5,0.1333969589364197,0.9997838973999024,0.5551262466995804,5,0.1333969589364197,0.9997838973999024,59.96002664890073
shruti_filming_1.mp4,4316,1,6,0.1352053527418886,0.999384880065918,0.5493411593967014,6,0.1352053527418886,0.999384880065918,59.96002664890073
shruti_filming_1.mp4,4317,1,5,0.1370825804279431,0.9994369506835936,0.542159186469184,5,0.1370825804279431,0.9994369506835936,59.96002664890073
shruti_filming_1.mp4,4318,1,5,0.1385704791210177,0.999460220336914,0.5365495611120153,5,0.1385704791210177,0.999460220336914,59.96002664890073
shruti_filming_1.mp4,4319,1,6,0.1403342878038987,0.9996892929077148,0.5307569009286386,6,0.1403342878038987,0.9996892929077148,59.96002664890073
shruti_filming_1.mp4,4320,2,6,0.1420435370326002,0.9994504928588868,0.523871570163303,6,0.1420435370326002,0.9994504928588868,59.96002664890073
shruti_filming_1.mp4,4321,2,6,0.1426376997272503,1.0,0.5207447475857205,5,0.1426376997272503,1.0,59.96002664890073
shruti_filming_1.mp4,4322,2,6,0.144083756987497,0.9999919891357422,0.5158372667100695,6,0.144083756987497,0.9999919891357422,59.96002664890073
shruti_filming_1.mp4,4323,2,6,0.1478482280153225,0.9994710922241212,0.504689449734158,6,0.1478482280153225,0.9994710922241212,59.96002664890073
shruti_filming_1.mp4,4324,2,5,0.1486630287371453,0.9994857788085938,0.5018126169840494,5,0.1486630287371453,0.9994857788085938,59.96002664890073
shruti_filming_1.mp4,4325,2,5,0.149943495860223,0.9994653701782228,0.4984187655978732,5,0.149943495860223,0.9994653701782228,59.96002664890073
shruti_filming_1.mp4,4326,2,5,0.1509330261199405,0.9994396209716796,0.4947537316216363,5,0.1509330261199405,0.9994396209716796,59.96002664890073
shruti_filming_1.mp4,4327,2,5,0.1539333703301559,0.9999788284301758,0.4843106163872613,4,0.1539333703301559,0.9999788284301758,59.96002664890073
shruti_filming_1.mp4,4328,2,5,0.153928140659021,0.9999065399169922,0.4830696529812283,4,0.153928140659021,0.9999065399169922,59.96002664890073
shruti_filming_1.mp4,4329,2,5,0.1548575948605624,0.9994663874308268,0.482505120171441,4,0.1548575948605624,0.9994663874308268,59.96002664890073
shruti_filming_1.mp4,4330,2,5,0.1558510147147656,0.999561882019043,0.4799272325303819,4,0.1558510147147656,0.999561882019043,59.96002664890073
shruti_filming_1.mp4,4331,2,5,0.1592934520775452,0.9995327631632488,0.4680908203125,4,0.1592934520775452,0.9995327631632488,59.96002664890073
shruti_filming_1.mp4,4332,2,6,0.1606319933082947,0.9997873306274414,0.4631027362964771,4,0.1606319933082947,0.9997873306274414,59.96002664890073
shruti_filming_1.mp4,4333,2,6,0.1619169621395867,0.9998050689697264,0.4598048033537688,4,0.1619169621395867,0.9998050689697264,59.96002664890073
shruti_filming_1.mp4,4334,2,7,0.1620767471078498,0.9997295379638672,0.4596171485053168,5,0.1620767471078498,0.9997295379638672,59.96002664890073
shruti_filming_1.mp4,4335,2,7,0.1625489501965138,0.9997116088867188,0.4579276332148799,5,0.1625489501965138,0.9997116088867188,59.96002664890073
shruti_filming_1.mp4,4336,2,7,0.1654468261351818,0.999737803141276,0.4485797882080078,5,0.1654468261351818,0.999737803141276,59.96002664890073
shruti_filming_1.mp4,4337,2,7,0.1650185440016341,0.9997116724650064,0.4487639957004123,5,0.1650185440016341,0.9997116724650064,59.96002664890073
shruti_filming_1.mp4,4338,2,7,0.1659124424166899,0.9996809005737304,0.4454688602023654,5,0.1659124424166899,0.9996809005737304,59.96002664890073
shruti_filming_1.mp4,4339,2,7,0.1667547824080427,0.9996599197387696,0.4429685098153573,5,0.1667547824080427,0.9996599197387696,59.96002664890073
shruti_filming_1.mp4,4340,2,7,0.168158659788457,0.9995153427124024,0.4381940064606843,5,0.168158659788457,0.9995153427124024,59.96002664890073
shruti_filming_1.mp4,4341,2,9,0.1692374783032574,0.9991750717163086,0.430808851453993,6,0.1692374783032574,0.9991750717163086,59.96002664890073
shruti_filming_1.mp4,4342,2,9,0.1699915387239404,0.999062728881836,0.4270842658148872,6,0.1699915387239404,0.999062728881836,59.96002664890073
shruti_filming_1.mp4,4343,2,7,0.1684657417074777,0.9961185455322266,0.4240768008761936,5,0.1684657417074777,0.9961185455322266,59.96002664890073
shruti_filming_1.mp4,4344,2,9,0.1648317992569301,0.9906476974487304,0.4148091068974248,5,0.1648317992569301,0.9906476974487304,59.96002664890073
shruti_filming_1.mp4,4345,2,9,0.1633310952744499,0.9882990519205728,0.4036301365605107,6,0.1633310952744499,0.9882990519205728,59.96002664890073
shruti_filming_1.mp4,4346,2,10,0.1543986873144361,0.9852610270182292,0.3683275010850694,6,0.1543986873144361,0.9852610270182292,59.96002664890073
shruti_filming_1.mp4,4347,2,9,0.1494310537053172,0.9836156845092774,0.3483835290979456,6,0.1494310537053172,0.9836156845092774,59.96002664890073
shruti_filming_1.mp4,4348,2,7,0.140826023108217,0.980316162109375,0.3159212041784215,4,0.140826023108217,0.980316162109375,59.96002664890073
shruti_filming_1.mp4,4349,2,7,0.1358375740117602,0.9755764643351236,0.2998530281914605,5,0.1358375740117602,0.9755764643351236,59.96002664890073
shruti_filming_1.mp4,4350,2,7,0.1345804618096089,0.9758697509765624,0.2869776831732856,5,0.1345804618096089,0.9758697509765624,59.96002664890073
shruti_filming_1.mp4,4351,2,8,0.1275154147268255,0.9676090240478517,0.2618541576244212,6,0.1275154147268255,0.9676090240478517,59.96002664890073
shruti_filming_1.mp4,4352,2,9,0.1217981501539664,0.960361671447754,0.2452089097764757,6,0.1217981501539664,0.960361671447754,59.96002664890073
shruti_filming_1.mp4,4353,2,7,0.1167422923417029,0.9565423965454102,0.2290570859555845,5,0.1167422923417029,0.9565423965454102,59.96002664890073
shruti_filming_1.mp4,4354,2,8,0.1119587088446132,0.954387664794922,0.2083109537760416,5,0.1119587088446132,0.954387664794922,59.96002664890073
shruti_filming_1.mp4,4355,2,9,0.1073475139540581,0.9508594512939452,0.190670974166305,7,0.1073475139540581,0.9508594512939452,59.96002664890073
shruti_filming_1.mp4,4356,2,10,0.1037054877544708,0.9474629084269206,0.1729565373173466,6,0.1037054877544708,0.9474629084269206,59.96002664890073
shruti_filming_1.mp4,4357,2,10,0.1010851090009156,0.9469607035319012,0.1563880213984736,6,0.1010851090009156,0.9469607035319012,59.96002664890073
shruti_filming_1.mp4,4358,2,8,0.0939843450739459,0.9992693583170572,0.7000612082304778,5,0.0939231138035258,0.9360158920288086,59.96002664890073
shruti_filming_1.mp4,4359,2,10,0.0982422439546402,0.999726676940918,0.6900640805562337,7,0.0915233763936999,0.9314261118570965,59.96002664890073
shruti_filming_1.mp4,4360,2,9,0.1027465923098808,0.999688720703125,0.6764730064957231,6,0.0894093937553029,0.9294805526733398,59.96002664890073
shruti_filming_1.mp4,4361,2,8,0.1065542964131519,0.9993207931518556,0.6654055277506511,5,0.0847597132314695,0.923818588256836,59.96002664890073
shruti_filming_1.mp4,4362,2,9,0.109509234656856,0.9993948618570964,0.655814555839256,6,0.0829159220567951,0.9200929641723632,59.96002664890073
shruti_filming_1.mp4,4363,2,8,0.1144788834292234,0.999022928873698,0.6428116268581814,5,0.0795195413507732,0.9151178995768228,59.96002664890073
shruti_filming_1.mp4,4364,2,8,0.1173911351883204,0.9995738983154296,0.6331260398582176,5,0.0763053040883581,0.9137012481689452,59.96002664890073
shruti_filming_1.mp4,4365,2,8,0.1206842291368714,0.999301528930664,0.6250354766845703,5,0.074313516007193,0.9132623672485352,59.96002664890073
shruti_filming_1.mp4,4366,2,8,0.1247717521614686,0.9992828369140624,0.6137633429633247,5,0.0701396680901072,0.9054112116495768,59.96002664890073
shruti_filming_1.mp4,4367,2,9,0.1289824436826264,0.9994646072387696,0.6002871336760345,5,0.069012976158863,0.90341002146403,59.96002664890073
shruti_filming_1.mp4,4368,2,9,0.1330471284419117,0.9995314280192056,0.5881277296278212,7,0.1330471284419117,0.9995314280192056,59.96002664890073
shruti_filming_1.mp4,4369,2,8,0.1370750831346958,0.9995680491129556,0.5766883850097656,6,0.1370750831346958,0.9995680491129556,59.96002664890073
shruti_filming_1.mp4,4370,2,8,0.141731938591159,0.9996212005615236,0.5621752421061198,6,0.141731938591159,0.9996212005615236,59.96002664890073
shruti_filming_1.mp4,4371,2,8,0.1473727841365406,0.9996824900309244,0.5467797314679181,6,0.1473727841365406,0.9996824900309244,59.96002664890073
shruti_filming_1.mp4,4372,2,7,0.1516228313823861,0.9994014739990236,0.535430328934281,6,0.1516228313823861,0.9994014739990236,59.96002664890073
shruti_filming_1.mp4,4373,2,6,0.1539471710392239,0.9994695663452148,0.5289347895869503,5,0.1539471710392239,0.9994695663452148,59.96002664890073
shruti_filming_1.mp4,4374,2,6,0.1571900235865851,0.9994911829630534,0.5194517630117911,5,0.1571900235865851,0.9994911829630534,59.96002664890073
shruti_filming_1.mp4,4375,2,6,0.1625454992398267,0.9995155334472656,0.5048160552978516,5,0.1625454992398267,0.9995155334472656,59.96002664890073
shruti_filming_1.mp4,4376,2,6,0.1567169105583161,0.9995025634765624,0.5231571621365018,5,0.1567169105583161,0.9995025634765624,59.96002664890073
shruti_filming_1.mp4,4377,2,7,0.1597614615818235,0.9994903564453124,0.5128743489583333,5,0.1597614615818235,0.9994903564453124,59.96002664890073
shruti_filming_1.mp4,4378,2,7,0.1619823199272012,0.9994935989379884,0.507957825837312,5,0.1619823199272012,0.9994935989379884,59.96002664890073
shruti_filming_1.mp4,4379,2,6,0.1609057182818651,0.9994792938232422,0.5134195963541667,5,0.1609057182818651,0.9994792938232422,59.96002664890073
shruti_filming_1.mp4,4380,2,6,0.1608961443080247,0.9993940353393554,0.5134914256908275,5,0.1608961443080247,0.9993940353393554,59.96002664890073
shruti_filming_1.mp4,4381,2,7,0.1616261149906549,0.9995153427124024,0.5110940156159578,5,0.1616261149906549,0.9995153427124024,59.96002664890073
shruti_filming_1.mp4,4382,2,7,0.1620352318443151,0.99946346282959,0.5085048251681857,5,0.1620352318443151,0.99946346282959,59.96002664890073
shruti_filming_1.mp4,4383,2,7,0.1649533054028987,0.9993841171264648,0.5005142070628978,5,0.1649533054028987,0.9993841171264648,59.96002664890073
shruti_filming_1.mp4,4384,2,7,0.166875486055112,0.9993670145670572,0.4988104784930194,6,0.166875486055112,0.9993670145670572,59.96002664890073
shruti_filming_1.mp4,4385,2,8,0.1693012004296951,0.9994016647338868,0.4923441286440249,6,0.1693012004296951,0.9994016647338868,59.96002664890073
shruti_filming_1.mp4,4386,2,7,0.1717372650521105,0.9994518915812176,0.4884762658013238,5,0.1717372650521105,0.9994518915812176,59.96002664890073
shruti_filming_1.mp4,4387,2,6,0.1728512038882278,0.99934450785319,0.4851703219943576,5,0.1728512038882278,0.99934450785319,59.96002664890073
shruti_filming_1.mp4,4388,2,7,0.1745949230909173,0.9994037628173827,0.4818521287706163,6,0.1745949230909173,0.9994037628173827,59.96002664890073
shruti_filming_1.mp4,4389,2,8,0.1752693558260539,0.9993846893310548,0.4791470421685113,6,0.1752693558260539,0.9993846893310548,59.96002664890073
shruti_filming_1.mp4,4390,2,6,0.1770586762404127,0.9992538452148436,0.4749063279893663,5,0.1770586762404127,0.9992538452148436,59.96002664890073
shruti_filming_1.mp4,4391,2,6,0.1789602130971885,0.9993210474650064,0.4697532795093678,5,0.1789602130971885,0.9993210474650064,59.96002664890073
shruti_filming_1.mp4,4392,2,7,0.1809824627249596,0.9993748346964518,0.4645497074833623,5,0.1809824627249596,0.9993748346964518,59.96002664890073
shruti_filming_1.mp4,4393,2,6,0.1827544504796376,0.9992035547892252,0.459465902822989,5,0.1827544504796376,0.9992035547892252,59.96002664890073
shruti_filming_1.mp4,4394,2,7,0.184136663168447,0.999160385131836,0.4566262421784577,6,0.184136663168447,0.999160385131836,59.96002664890073
shruti_filming_1.mp4,4395,2,7,0.1865879305216367,0.9992485682169596,0.4522385491265191,6,0.1865879305216367,0.9992485682169596,59.96002664890073
shruti_filming_1.mp4,4396,2,7,0.1893911740838648,0.9994054794311524,0.4469731931333188,5,0.1893911740838648,0.9994054794311524,59.96002664890073
shruti_filming_1.mp4,4397,2,5,0.1916771527781869,0.9994207382202148,0.4431358337402343,4,0.1916771527781869,0.9994207382202148,59.96002664890073
shruti_filming_1.mp4,4398,2,6,0.1933159452806473,0.9993767420450846,0.4395856927942346,5,0.1933159452806473,0.9993767420450846,59.96002664890073
shruti_filming_1.mp4,4399,2,6,0.1944607125701279,0.999311637878418,0.4376809014214409,5,0.1944607125701279,0.999311637878418,59.96002664890073
shruti_filming_1.mp4,4400,2,6,0.1965070591988882,0.99913387298584,0.4343078895851417,5,0.1965070591988882,0.99913387298584,59.96002664890073
shruti_filming_1.mp4,4401,2,6,0.1980492983149209,0.9991292953491212,0.4328986273871528,5,0.1980492983149209,0.9991292953491212,59.96002664890073
shruti_filming_1.mp4,4402,2,6,0.2002869549043761,0.9982444763183592,0.4267249778464988,5,0.2002869549043761,0.9982444763183592,59.96002664890073
shruti_filming_1.mp4,4403,2,6,0.201314546968098,0.998906135559082,0.424031349464699,5,0.201314546968098,0.998906135559082,59.96002664890073
shruti_filming_1.mp4,4404,2,5,0.2028462195969984,0.9990678787231444,0.4210070857295283,4,0.2028462195969984,0.9990678787231444,59.96002664890073
shruti_filming_1.mp4,4405,2,7,0.2037275410882608,0.9993714014689128,0.4189794328477647,5,0.2037275410882608,0.9993714014689128,59.96002664890073
shruti_filming_1.mp4,4406,2,7,0.2060263265074334,0.9996635437011718,0.4148562961154514,6,0.2060263265074334,0.9996635437011718,59.96002664890073
shruti_filming_1.mp4,4407,2,7,0.2082014280252176,0.999485969543457,0.4092588495325159,6,0.2082014280252176,0.999485969543457,59.96002664890073
shruti_filming_1.mp4,4408,2,8,0.2091174740725438,0.9997817993164062,0.4050744657163266,6,0.2091174740725438,0.9997817993164062,59.96002664890073
shruti_filming_1.mp4,4409,2,6,0.2096727794358459,0.998927116394043,0.4009259824399594,5,0.2096727794358459,0.998927116394043,59.96002664890073
shruti_filming_1.mp4,4410,2,7,0.2089659970464142,0.9951576868693034,0.4000243716769748,4,0.2089659970464142,0.9951576868693034,59.96002664890073
shruti_filming_1.mp4,4411,2,7,0.2040661420239997,0.9851123809814452,0.3964822981092665,4,0.2040661420239997,0.9851123809814452,59.96002664890073
shruti_filming_1.mp4,4412,2,6,0.2020643204754257,0.9759803771972656,0.3905882517496745,3,0.2020643204754257,0.9759803771972656,59.96002664890073
shruti_filming_1.mp4,4413,2,5,0.1956024364096218,0.9695247650146483,0.3937507629394531,3,0.1956024364096218,0.9695247650146483,59.96002664890073
shruti_filming_1.mp4,4414,2,6,0.1914634113567148,0.9605305353800456,0.3915827998408565,4,0.1914634113567148,0.9605305353800456,59.96002664890073
shruti_filming_1.mp4,4415,2,5,0.1886241404790025,0.9536884943644206,0.3873895433213976,3,0.1886241404790025,0.9536884943644206,59.96002664890073
shruti_filming_1.mp4,4416,2,5,0.1903187368903138,0.9467275619506836,0.3704415074101201,4,0.1903187368903138,0.9467275619506836,59.96002664890073
shruti_filming_1.mp4,4417,2,5,0.1884855238880845,0.9403301239013672,0.366147952609592,3,0.1884855238880845,0.9403301239013672,59.96002664890073
shruti_filming_1.mp4,4418,2,5,0.1882405884136096,0.9359260559082032,0.3588708383065683,3,0.1882405884136096,0.9359260559082032,59.96002664890073
shruti_filming_1.mp4,4419,2,5,0.1838771635921714,0.9304412841796876,0.3607322269015842,3,0.1838771635921714,0.9304412841796876,59.96002664890073
shruti_filming_1.mp4,4420,2,4,0.1804722434008134,0.9276089350382488,0.3632483447039569,3,0.1804722434008134,0.9276089350382488,59.96002664890073
shruti_filming_1.mp4,4421,2,4,0.1772081012153163,0.9205371856689452,0.3592587223759404,3,0.1772081012153163,0.9205371856689452,59.96002664890073
shruti_filming_1.mp4,4422,2,4,0.1770152944091198,0.9174034118652344,0.3573428683810764,3,0.1770152944091198,0.9174034118652344,59.96002664890073
shruti_filming_1.mp4,4423,2,5,0.1728940746116616,0.914061991373698,0.3613582611083984,3,0.1728940746116616,0.914061991373698,59.96002664890073
shruti_filming_1.mp4,4424,2,5,0.1711004638014128,0.9100374221801758,0.3583463033040364,3,0.1711004638014128,0.9100374221801758,59.96002664890073
shruti_filming_1.mp4,4425,2,6,0.1875130225354843,0.7435000101725261,0.2765959845648871,4,0.1875130225354843,0.9059947967529296,59.96002664890073
shruti_filming_1.mp4,4426,2,6,0.1833097012413404,0.747716776529948,0.3099970711602105,4,0.1833097012413404,0.9033896128336588,59.96002664890073
shruti_filming_1.mp4,4427,2,5,0.1693235784127561,0.738427734375,0.3074299423782913,4,0.1693235784127561,0.8993528366088868,59.96002664890073
shruti_filming_1.mp4,4428,2,7,0.1832884856378223,0.7487632115681966,0.2819750467936198,4,0.1832884856378223,0.8955605189005534,59.96002664890073
shruti_filming_1.mp4,4429,2,5,0.1600133679146529,0.8916340510050456,0.3476297166612413,3,0.1600133679146529,0.8916340510050456,59.96002664890073
shruti_filming_1.mp4,4430,2,5,0.1582123351972768,0.8866615295410156,0.3414903499461986,4,0.1582123351972768,0.8866615295410156,59.96002664890073
shruti_filming_1.mp4,4431,2,5,0.1926947552276558,0.7517656962076823,0.2419736226399739,4,0.1926947552276558,0.8834479014078777,59.96002664890073
shruti_filming_1.mp4,4432,2,5,0.1832840886571657,0.7404830932617188,0.2421737953468605,4,0.1832840886571657,0.8803362528483073,59.96002664890073
shruti_filming_1.mp4,4433,2,6,0.1775167674259379,0.7353651046752929,0.2378791809082031,4,0.1775167674259379,0.8782665888468425,59.96002664890073
shruti_filming_1.mp4,4434,2,5,0.1398223929373516,0.8740076700846354,0.2938781879566334,3,0.1398223929373516,0.8740076700846354,59.96002664890073
shruti_filming_1.mp4,4435,2,5,0.1347112542892145,0.8689541498819987,0.2822847436975549,3,0.1347112542892145,0.8689541498819987,59.96002664890073
shruti_filming_1.mp4,4436,2,5,0.1309914137791687,0.8681814193725585,0.2692096710205078,3,0.1309914137791687,0.8681814193725585,59.96002664890073
shruti_filming_1.mp4,4437,2,7,0.1267765771424941,0.8642616907755534,0.2552306705050998,4,0.1267765771424941,0.8642616907755534,59.96002664890073
shruti_filming_1.mp4,4438,2,6,0.1217824575914979,0.8621023813883464,0.2526796199657299,4,0.1217824575914979,0.8621023813883464,59.96002664890073
shruti_filming_1.mp4,4439,2,6,0.1139958446920866,0.85884215037028,0.2446716803091543,4,0.1139958446920866,0.85884215037028,59.96002664890073
shruti_filming_1.mp4,4440,2,8,0.1069432954187505,0.8563873291015625,0.2473331027560764,6,0.1069432954187505,0.8563873291015625,59.96002664890073
shruti_filming_1.mp4,4441,2,9,0.1048860085183615,0.8538962046305338,0.232027279889142,7,0.1048860085183615,0.8538962046305338,59.96002664890073
shruti_filming_1.mp4,4442,2,9,0.0994990003450463,0.8497583389282226,0.2282791702835648,8,0.0994990003450463,0.8497583389282226,59.96002664890073
shruti_filming_1.mp4,4443,2,8,0.0973858897125804,0.8482248306274414,0.2136714935302734,7,0.0973858897125804,0.8482248306274414,59.96002664890073
shruti_filming_1.mp4,4444,2,8,0.0926131928263715,0.8447469711303711,0.2087887799298321,7,0.0926131928263715,0.8447469711303711,59.96002664890073
shruti_filming_1.mp4,4445,2,7,0.0896048248428511,0.841713015238444,0.1938396736427589,6,0.0896048248428511,0.841713015238444,59.96002664890073
shruti_filming_1.mp4,4446,2,6,0.0889821172621888,0.8403974533081054,0.1758200186270254,5,0.0889821172621888,0.8403974533081054,59.96002664890073
shruti_filming_1.mp4,4447,2,6,0.0919811170591452,0.9982566833496094,0.7794513984962747,5,0.0851917751053029,0.8383838653564453,59.96002664890073
shruti_filming_1.mp4,4448,2,7,0.0952893119667715,0.9992290496826172,0.775990719265408,6,0.0799103595174798,0.8349453608194987,59.96002664890073
shruti_filming_1.mp4,4449,2,6,0.0985921567258224,0.999183464050293,0.7680883619520399,5,0.0818253157857624,0.8315661112467448,59.96002664890073
shruti_filming_1.mp4,4450,2,6,0.1027141666189978,0.999289894104004,0.7600218878851996,5,0.0793651102617797,0.8314836502075196,59.96002664890073
shruti_filming_1.mp4,4451,2,6,0.1049484023152857,0.9992040634155274,0.753533575269911,5,0.0764310376756906,0.8271048227945964,59.96002664890073
shruti_filming_1.mp4,4452,2,6,0.1081649813025109,0.998821258544922,0.7453810656512225,5,0.0782381075742294,0.826078224182129,59.96002664890073
shruti_filming_1.mp4,4453,2,8,0.1131331106625778,0.998583475748698,0.7347884990550854,7,0.073115032803929,0.8244221369425456,59.96002664890073
shruti_filming_1.mp4,4454,2,7,0.1154012912590042,0.9986173629760742,0.7304223166571723,6,0.06522281463549,0.8223817825317383,59.96002664890073
shruti_filming_1.mp4,4455,2,9,0.1180470640878254,0.9982675552368164,0.7241876884743019,8,0.0629876264760376,0.820384407043457,59.96002664890073
shruti_filming_1.mp4,4456,2,6,0.1196018217228373,0.9982702891031902,0.7201850537900572,5,0.0630894798620903,0.8198827743530274,59.96002664890073
shruti_filming_1.mp4,4457,2,7,0.1206652448840436,0.998674774169922,0.7175513161553277,6,0.0623261683477041,0.8187292098999024,59.96002664890073
shruti_filming_1.mp4,4458,2,5,0.1225105304673262,0.9994956970214844,0.7119815402560764,4,0.0620346160132127,0.8169557571411132,59.96002664890073
shruti_filming_1.mp4,4459,2,6,0.1252447959054417,0.9993124008178712,0.7056931036489981,5,0.061478941075728,0.8141777038574218,59.96002664890073
shruti_filming_1.mp4,4460,2,6,0.1273460729136665,0.9993446350097656,0.6999852604336209,5,0.060799428380172,0.8133480707804362,59.96002664890073
shruti_filming_1.mp4,4461,2,5,0.129643910812904,0.9991739908854168,0.6949251951994719,4,0.0602901122815092,0.8127951304117839,59.96002664890073
shruti_filming_1.mp4,4462,2,6,0.1319522039490726,0.9985799789428712,0.68968303821705,5,0.0566602330704767,0.8109314600626628,59.96002664890073
shruti_filming_1.mp4,4463,2,5,0.134010036936505,0.9988030115763348,0.6831022580464681,4,0.0545742187040094,0.8094785690307618,59.96002664890073
shruti_filming_1.mp4,4464,2,5,0.1363970268784625,0.9980047225952148,0.6772628784179687,4,0.0504995372784496,0.8091093699137369,59.96002664890073
shruti_filming_1.mp4,4465,2,6,0.1388615482723913,0.9964142481486002,0.672947378511782,5,0.0508211249494181,0.8064947128295898,59.96002664890073
shruti_filming_1.mp4,4466,2,6,0.1403833110805135,0.9950069427490236,0.6679794311523437,5,0.0508426486796815,0.805967903137207,59.96002664890073
shruti_filming_1.mp4,4467,2,5,0.1415712285100259,0.9938326517740884,0.6625893063015408,4,0.0492286890095177,0.8056360880533854,59.96002664890073
shruti_filming_1.mp4,4468,2,5,0.1422726190381804,0.9904747009277344,0.6588347434997559,4,0.0471133943406554,0.8059270858764649,59.96002664890073
shruti_filming_1.mp4,4469,2,5,0.143796646526715,0.9901877085367838,0.6543616965964988,4,0.0442563592707382,0.8049850463867188,59.96002664890073
shruti_filming_1.mp4,4470,2,5,0.1424922550401836,0.9830961227416992,0.6501100893373842,4,0.043182523690371,0.8033946990966797,59.96002664890073
shruti_filming_1.mp4,4471,2,5,0.1432784582186421,0.9823914210001627,0.6461816151936849,4,0.0427422965686613,0.8035619735717774,59.96002664890073
shruti_filming_1.mp4,4472,2,5,0.145368890292534,0.9845844904581704,0.6404704765037253,4,0.0419870421017468,0.8032557169596354,59.96002664890073
shruti_filming_1.mp4,4473,2,5,0.1460063933649912,0.9809478759765624,0.634946060180664,4,0.040755362502144,0.8021068572998047,59.96002664890073
shruti_filming_1.mp4,4474,2,5,0.1462418496717873,0.9768972396850586,0.6296577453613281,4,0.0396697789154455,0.8020683924357096,59.96002664890073
shruti_filming_1.mp4,4475,2,5,0.1472562412887162,0.9779140472412108,0.6259098618118851,4,0.0385859169473082,0.8013912836710612,59.96002664890073
shruti_filming_1.mp4,4476,2,5,0.1498298217372185,0.9810789108276368,0.6212592654758029,4,0.0372897646964163,0.8002468109130859,59.96002664890073
shruti_filming_1.mp4,4477,2,4,0.1524206612163574,0.983542823791504,0.6153053848831742,3,0.0358778065498929,0.7964777628580729,59.96002664890073
shruti_filming_1.mp4,4478,2,3,0.1536508944933302,0.9834915161132812,0.609926520453559,2,0.0358330205695906,0.7964010874430338,59.96002664890073
shruti_filming_1.mp4,4479,2,3,0.1556337323510048,0.986138916015625,0.6074676654956959,2,0.0363968907435763,0.7949806213378906,59.96002664890073
shruti_filming_1.mp4,4480,2,3,0.1557879543531453,0.9849466959635416,0.6046807183159723,2,0.0340180723125942,0.7951560974121094,59.96002664890073
shruti_filming_1.mp4,4481,2,3,0.1574866155678929,0.9871018091837566,0.6008005919279875,2,0.0323821018934702,0.7928345362345378,59.96002664890073
shruti_filming_1.mp4,4482,2,3,0.1577175455785483,0.986591402689616,0.5963529516149451,3,0.1577175455785483,0.986591402689616,59.96002664890073
shruti_filming_1.mp4,4483,2,3,0.1600201210430532,0.9894474029541016,0.5922103457980685,3,0.1600201210430532,0.9894474029541016,59.96002664890073
shruti_filming_1.mp4,4484,2,4,0.1606611196296634,0.9903764724731444,0.5896002875434028,4,0.1606611196296634,0.9903764724731444,59.96002664890073
shruti_filming_1.mp4,4485,2,4,0.1603897269830728,0.990980593363444,0.5875469631618924,4,0.1603897269830728,0.990980593363444,59.96002664890073
shruti_filming_1.mp4,4486,2,3,0.1628810576591112,0.994196319580078,0.5834310743543837,3,0.1628810576591112,0.994196319580078,59.96002664890073
shruti_filming_1.mp4,4487,2,3,0.1653394332067519,0.9950738906860352,0.5776124742296007,3,0.1653394332067519,0.9950738906860352,59.96002664890073
shruti_filming_1.mp4,4488,2,4,0.1671046082011647,0.9962780634562176,0.5743993547227647,4,0.1671046082011647,0.9962780634562176,59.96002664890073
shruti_filming_1.mp4,4489,2,4,0.1670345135684328,0.9961640040079752,0.574447504679362,4,0.1670345135684328,0.9961640040079752,59.96002664890073
shruti_filming_1.mp4,4490,2,5,0.1676867418472883,0.9972574234008788,0.5708848741319444,5,0.1676867418472883,0.9972574234008788,59.96002664890073
shruti_filming_1.mp4,4491,2,5,0.1687608700596077,0.9979204177856446,0.5676219940185547,5,0.1687608700596077,0.9979204177856446,59.96002664890073
shruti_filming_1.mp4,4492,2,5,0.1698403583475199,0.9985214233398436,0.5638579191984954,5,0.1698403583475199,0.9985214233398436,59.96002664890073
shruti_filming_1.mp4,4493,2,4,0.1706806411623256,0.99894962310791,0.5602260165744357,4,0.1706806411623256,0.99894962310791,59.96002664890073
shruti_filming_1.mp4,4494,2,4,0.1713465952525035,0.9990264892578123,0.5578900231255426,4,0.1713465952525035,0.9990264892578123,59.96002664890073
shruti_filming_1.mp4,4495,2,5,0.1719489149080564,0.99898681640625,0.5553495760317202,5,0.1719489149080564,0.99898681640625,59.96002664890073
shruti_filming_1.mp4,4496,2,4,0.1732641234603943,0.9989587783813476,0.5500428517659505,4,0.1732641234603943,0.9989587783813476,59.96002664890073
shruti_filming_1.mp4,4497,2,4,0.1748866337438192,0.99866943359375,0.54371214972602,4,0.1748866337438192,0.99866943359375,59.96002664890073
shruti_filming_1.mp4,4498,2,4,0.1755776940759096,0.9989503860473632,0.5406319088406033,4,0.1755776940759096,0.9989503860473632,59.96002664890073
shruti_filming_1.mp4,4499,2,4,0.1759894860372016,0.998691749572754,0.5372494732892071,4,0.1759894860372016,0.998691749572754,59.96002664890073
shruti_filming_1.mp4,4500,1,4,0.1766173275968564,0.998831049601237,0.5336892869737413,4,0.1766173275968564,0.998831049601237,59.96002664890073
shruti_filming_1.mp4,4501,1,4,0.177708304658558,0.998915672302246,0.5292221069335937,4,0.177708304658558,0.998915672302246,59.96002664890073
shruti_filming_1.mp4,4502,1,4,0.1778724484891022,0.9990304946899414,0.5250025007459852,4,0.1778724484891022,0.9990304946899414,59.96002664890073
shruti_filming_1.mp4,4503,1,4,0.1788073500351634,0.999081293741862,0.5218914031982422,4,0.1788073500351634,0.999081293741862,59.96002664890073
shruti_filming_1.mp4,4504,1,4,0.1787122640728032,0.999120012919108,0.5184867435031467,4,0.1787122640728032,0.999120012919108,59.96002664890073
shruti_filming_1.mp4,4505,1,4,0.1783765434943941,0.999117660522461,0.5165252120406539,4,0.1783765434943941,0.999117660522461,59.96002664890073
shruti_filming_1.mp4,4506,1,4,0.1779406754494023,0.999199676513672,0.515404298570421,4,0.1779406754494023,0.999199676513672,59.96002664890073
shruti_filming_1.mp4,4507,1,4,0.1788145309874111,0.9992694854736328,0.5130138821072049,4,0.1788145309874111,0.9992694854736328,59.96002664890073
shruti_filming_1.mp4,4508,1,4,0.1800702508290366,0.998866081237793,0.5076973385281033,4,0.1800702508290366,0.998866081237793,59.96002664890073
shruti_filming_1.mp4,4509,1,4,0.1808664548726296,0.9989009857177734,0.5053635773835359,4,0.1808664548726296,0.9989009857177734,59.96002664890073
shruti_filming_1.mp4,4510,1,4,0.1812537293706231,0.9988765716552734,0.5025800069173177,4,0.1812537293706231,0.9988765716552734,59.96002664890073
shruti_filming_1.mp4,4511,1,4,0.1819421621820355,0.9988510131835936,0.5002679895471643,4,0.1819421621820355,0.9988510131835936,59.96002664890073
shruti_filming_1.mp4,4512,1,4,0.1819830646213086,0.9984073638916016,0.4991276635064019,4,0.1819830646213086,0.9984073638916016,59.96002664890073
shruti_filming_1.mp4,4513,1,4,0.1823719846487317,0.9976190567016602,0.4969463772243924,4,0.1823719846487317,0.9976190567016602,59.96002664890073
shruti_filming_1.mp4,4514,1,3,0.1826445619790724,0.9975343704223631,0.4952677832709418,3,0.1826445619790724,0.9975343704223631,59.96002664890073
shruti_filming_1.mp4,4515,1,3,0.1828895252776904,0.9976560592651368,0.4942066192626953,3,0.1828895252776904,0.9976560592651368,59.96002664890073
shruti_filming_1.mp4,4516,1,3,0.1824584387150093,0.9966842651367188,0.492099776091399,3,0.1824584387150093,0.9966842651367188,59.96002664890073
shruti_filming_1.mp4,4517,1,3,0.1807823959952252,0.9920248031616212,0.4887148115370008,3,0.1807823959952252,0.9920248031616212,59.96002664890073
shruti_filming_1.mp4,4518,1,3,0.1781691851383139,0.986893844604492,0.4880934962519893,3,0.1781691851383139,0.986893844604492,59.96002664890073
shruti_filming_1.mp4,4519,1,3,0.1766690921502514,0.9823665618896484,0.4841941127070674,3,0.1766690921502514,0.9823665618896484,59.96002664890073
shruti_filming_1.mp4,4520,1,3,0.1739944031240147,0.9763038635253908,0.480825607864945,3,0.1739944031240147,0.9763038635253908,59.96002664890073
shruti_filming_1.mp4,4521,1,3,0.1719281120423046,0.9714797973632812,0.4772222730848524,3,0.1719281120423046,0.9714797973632812,59.96002664890073
shruti_filming_1.mp4,4522,1,3,0.1697562802257986,0.9667478561401368,0.4759485880533854,3,0.1697562802257986,0.9667478561401368,59.96002664890073
shruti_filming_1.mp4,4523,1,3,0.1689534721383986,0.964152717590332,0.4739865197075738,3,0.1689534721383986,0.964152717590332,59.96002664890073
shruti_filming_1.mp4,4524,1,3,0.1668768018561402,0.9598337173461914,0.4730756123860677,3,0.1668768018561402,0.9598337173461914,59.96002664890073
shruti_filming_1.mp4,4525,1,3,0.1633701436165386,0.953337287902832,0.472642093234592,3,0.1633701436165386,0.953337287902832,59.96002664890073
shruti_filming_1.mp4,4526,1,3,0.1625138533768821,0.9500972747802734,0.4697157400625723,3,0.1625138533768821,0.9500972747802734,59.96002664890073
shruti_filming_1.mp4,4527,1,3,0.1611567660713465,0.9460339228312176,0.4668636745876736,3,0.1611567660713465,0.9460339228312176,59.96002664890073
shruti_filming_1.mp4,4528,1,3,0.1596020952740218,0.9425504684448244,0.4650970458984375,3,0.1596020952740218,0.9425504684448244,59.96002664890073
shruti_filming_1.mp4,4529,1,3,0.1588894907775569,0.9393139521280924,0.4615795841923466,3,0.1588894907775569,0.9393139521280924,59.96002664890073
shruti_filming_1.mp4,4530,1,4,0.1567941688898119,0.9339193979899088,0.4590974454526548,4,0.1567941688898119,0.9339193979899088,59.96002664890073
shruti_filming_1.mp4,4531,1,4,0.1554692474373937,0.9308752059936524,0.4576942443847656,4,0.1554692474373937,0.9308752059936524,59.96002664890073
shruti_filming_1.mp4,4532,1,5,0.1542211878082054,0.927271842956543,0.4549212279143156,5,0.1542211878082054,0.927271842956543,59.96002664890073
shruti_filming_1.mp4,4533,1,6,0.1518279383829437,0.9217395782470704,0.4536156689679181,6,0.1518279383829437,0.9217395782470704,59.96002664890073
shruti_filming_1.mp4,4534,1,5,0.1503630087446503,0.9187098185221354,0.452551015218099,5,0.1503630087446503,0.9187098185221354,59.96002664890073
shruti_filming_1.mp4,4535,1,4,0.1478526660014679,0.9143827438354492,0.4518742314091435,4,0.1478526660014679,0.9143827438354492,59.96002664890073
shruti_filming_1.mp4,4536,1,4,0.1462316652395141,0.910881805419922,0.450712161593967,4,0.1462316652395141,0.910881805419922,59.96002664890073
shruti_filming_1.mp4,4537,1,4,0.145047326949134,0.9082225799560548,0.4497520870632595,4,0.145047326949134,0.9082225799560548,59.96002664890073
shruti_filming_1.mp4,4538,1,4,0.1435247440550589,0.9045866012573244,0.4482976560239439,4,0.1435247440550589,0.9045866012573244,59.96002664890073
shruti_filming_1.mp4,4539,1,4,0.1427873905084076,0.9014848709106446,0.4470556047227647,4,0.1427873905084076,0.9014848709106446,59.96002664890073
shruti_filming_1.mp4,4540,1,4,0.141449975870319,0.8975798288981119,0.4449399029767071,4,0.141449975870319,0.8975798288981119,59.96002664890073
shruti_filming_1.mp4,4541,1,4,0.1409329100723186,0.8948902765909831,0.4416217662669994,4,0.1409329100723186,0.8948902765909831,59.96002664890073
shruti_filming_1.mp4,4542,1,3,0.141031963288641,0.8933735529581706,0.4374939247413917,3,0.141031963288641,0.8933735529581706,59.96002664890073
shruti_filming_1.mp4,4543,1,5,0.1395686894914575,0.8899031321207682,0.4340795728895399,5,0.1395686894914575,0.8899031321207682,59.96002664890073
shruti_filming_1.mp4,4544,1,5,0.1375083274775129,0.8872781753540039,0.4309921688503689,5,0.1375083274775129,0.8872781753540039,59.96002664890073
shruti_filming_1.mp4,4545,1,5,0.135052329045512,0.884815788269043,0.4249908729835793,4,0.135052329045512,0.884815788269043,59.96002664890073
shruti_filming_1.mp4,4546,1,5,0.1309323080980269,0.881817118326823,0.4112652390091507,4,0.1309323080980269,0.881817118326823,59.96002664890073
shruti_filming_1.mp4,4547,1,5,0.1282523145036302,0.8787908554077148,0.3988293400517216,4,0.1282523145036302,0.8787908554077148,59.96002664890073
shruti_filming_1.mp4,4548,1,5,0.1255112752590557,0.8761389414469402,0.3855148597999855,4,0.1255112752590557,0.8761389414469402,59.96002664890073
shruti_filming_1.mp4,4549,1,5,0.1227875920233432,0.8744562149047852,0.3699203067355686,4,0.1227875920233432,0.8744562149047852,59.96002664890073
shruti_filming_1.mp4,4550,1,5,0.1196536822757453,0.8709965387980143,0.3562446594238281,4,0.1196536822757453,0.8709965387980143,59.96002664890073
shruti_filming_1.mp4,4551,1,5,0.1157594573659765,0.8679033915201823,0.3424888045699508,4,0.1157594573659765,0.8679033915201823,59.96002664890073
shruti_filming_1.mp4,4552,1,7,0.1133478884879312,0.8653347015380859,0.3312088224622938,6,0.1133478884879312,0.8653347015380859,59.96002664890073
shruti_filming_1.mp4,4553,1,5,0.1103631667768948,0.8616005579630533,0.3195626576741536,4,0.1103631667768948,0.8616005579630533,59.96002664890073
shruti_filming_1.mp4,4554,1,5,0.1079055551092191,0.8590654373168946,0.3076799322057653,4,0.1079055551092191,0.8590654373168946,59.96002664890073
shruti_filming_1.mp4,4555,1,5,0.104623115565078,0.8554794947306316,0.2934914906819661,4,0.104623115565078,0.8554794947306316,59.96002664890073
shruti_filming_1.mp4,4556,1,6,0.1030949664737649,0.8541399002075195,0.2851096753720884,5,0.1030949664737649,0.8541399002075195,59.96002664890073
shruti_filming_1.mp4,4557,1,6,0.1010821729621068,0.8517622629801432,0.2758882593225549,5,0.1010821729621068,0.8517622629801432,59.96002664890073
shruti_filming_1.mp4,4558,1,6,0.098327885259679,0.8497341791788737,0.2614930612069589,5,0.098327885259679,0.8497341791788737,59.96002664890073
shruti_filming_1.mp4,4559,1,6,0.0963775009937294,0.8482712427775065,0.2486831806324146,5,0.0963775009937294,0.8482712427775065,59.96002664890073
shruti_filming_1.mp4,4560,2,7,0.0943372308180227,0.8454614639282226,0.2392366479944299,4,0.0943372308180227,0.8454614639282226,59.96002664890073
shruti_filming_1.mp4,4561,2,5,0.0918590529560417,0.8429049173990886,0.2296637923629195,3,0.0918590529560417,0.8429049173990886,59.96002664890073
shruti_filming_1.mp4,4562,2,7,0.0903733671887797,0.840106455485026,0.2178881327311198,4,0.0903733671887797,0.840106455485026,59.96002664890073
shruti_filming_1.mp4,4563,2,6,0.0886623843546031,0.8373924255371094,0.2042963946307147,4,0.0886623843546031,0.8373924255371094,59.96002664890073
shruti_filming_1.mp4,4564,2,6,0.0866571036327594,0.8347469329833984,0.1940142737494574,4,0.0866571036327594,0.8347469329833984,59.96002664890073
shruti_filming_1.mp4,4565,2,5,0.0851832385902849,0.832911491394043,0.181198176631221,3,0.0851832385902849,0.832911491394043,59.96002664890073
shruti_filming_1.mp4,4566,2,5,0.0833274197876942,0.8308621088663737,0.1715819747359664,3,0.0833274197876942,0.8308621088663737,59.96002664890073
shruti_filming_1.mp4,4567,2,5,0.0816719409122284,0.8291051864624024,0.1619510368064597,3,0.0816719409122284,0.8291051864624024,59.96002664890073
shruti_filming_1.mp4,4568,2,7,0.079318614369808,0.8263843536376954,0.1527518378363715,5,0.079318614369808,0.8263843536376954,59.96002664890073
shruti_filming_1.mp4,4569,2,6,0.0780426027869732,0.8248179117838542,0.1439811282687717,5,0.0780426027869732,0.8248179117838542,59.96002664890073
shruti_filming_1.mp4,4570,2,5,0.0766701939183985,0.8228742599487304,0.1360686408148871,4,0.0766701939183985,0.8228742599487304,59.96002664890073
shruti_filming_1.mp4,4571,2,7,0.0777872400639454,0.9990097045898436,0.7937131034003364,6,0.0749473403653003,0.8210430781046549,59.96002664890073
shruti_filming_1.mp4,4572,2,7,0.0819196837231478,0.9986730575561524,0.7855412165323893,6,0.0733510031471248,0.8185686111450196,59.96002664890073
shruti_filming_1.mp4,4573,2,6,0.088383209061576,0.9978872299194336,0.7688112046983507,5,0.0719948976853791,0.8172576904296875,59.96002664890073
shruti_filming_1.mp4,4574,2,6,0.0942586811446318,0.999138641357422,0.7579014813458478,5,0.0704664447738064,0.8145846048990886,59.96002664890073
shruti_filming_1.mp4,4575,2,7,0.0988771831430818,0.9989283243815104,0.7479725307888455,6,0.0696231564643029,0.8138902664184571,59.96002664890073
shruti_filming_1.mp4,4576,2,6,0.1064281464108434,0.9992889404296876,0.7272345648871528,5,0.0687977576117716,0.8123034159342448,59.96002664890073
shruti_filming_1.mp4,4577,2,4,0.1111458180661375,0.9993144989013673,0.7152137756347656,3,0.0678054183040728,0.8117805480957031,59.96002664890073
shruti_filming_1.mp4,4578,2,4,0.1127584964095957,0.9992237726847332,0.7112295857182256,3,0.0665763749650742,0.8108087539672851,59.96002664890073
shruti_filming_1.mp4,4579,2,4,0.1151189281312906,0.9991292953491212,0.7077858889544452,3,0.0653539296757231,0.8095203399658203,59.96002664890073
shruti_filming_1.mp4,4580,2,4,0.1180895398794086,0.9997346878051758,0.7010938432481554,3,0.0642445615184044,0.8076494852701823,59.96002664890073
shruti_filming_1.mp4,4581,2,5,0.1206859011032389,0.999140739440918,0.6942205217149523,4,0.0613589858684604,0.803077761332194,59.96002664890073
shruti_filming_1.mp4,4582,2,7,0.1237100927534306,0.9991849899291992,0.6882968478732638,6,0.0594218093674377,0.8007481257120769,59.96002664890073
shruti_filming_1.mp4,4583,2,6,0.1273123063844246,0.9992364883422852,0.6792204998157643,5,0.058643001136952,0.7986618041992187,59.96002664890073
shruti_filming_1.mp4,4584,2,7,0.1293738634282878,0.9991686503092448,0.6743036905924479,6,0.0572628130978724,0.7974143981933594,59.96002664890073
shruti_filming_1.mp4,4585,2,4,0.1315104269069509,0.9991820017496744,0.6679042533591941,3,0.0558362918586741,0.795604387919108,59.96002664890073
shruti_filming_1.mp4,4586,2,5,0.1330935794312063,0.9990540186564127,0.6636317041185167,4,0.0542328536291003,0.7943756103515625,59.96002664890073
shruti_filming_1.mp4,4587,2,5,0.1362802064674259,0.9993070602416992,0.6551929050021701,4,0.0533720338081669,0.7933064142862956,59.96002664890073
shruti_filming_1.mp4,4588,2,4,0.1375948162349232,0.9989086151123048,0.6506334940592448,3,0.0529638427350437,0.7919060389200846,59.96002664890073
shruti_filming_1.mp4,4589,2,5,0.140341535076882,0.9989265441894531,0.6435678164164226,4,0.0522047727258177,0.7906101862589519,59.96002664890073
shruti_filming_1.mp4,4590,2,5,0.1428108343289447,0.9989402770996094,0.6367456224229601,4,0.0513983031748621,0.7898374557495117,59.96002664890073
shruti_filming_1.mp4,4591,2,6,0.1444912313534722,0.9987657546997072,0.6324044262921369,5,0.0506429355832127,0.7890951792399089,59.96002664890073
shruti_filming_1.mp4,4592,2,6,0.146050659428163,0.9987009684244792,0.627109612358941,5,0.048676751662212,0.7879148483276367,59.96002664890073
shruti_filming_1.mp4,4593,2,6,0.1488854940497118,0.9994468688964844,0.6196799525508174,5,0.0476298861492573,0.7868082682291667,59.96002664890073
shruti_filming_1.mp4,4594,2,6,0.1505474529926949,0.9984825134277344,0.6144446478949652,5,0.0463908979579099,0.786505126953125,59.96002664890073
shruti_filming_1.mp4,4595,2,6,0.1520501990937622,0.9984642028808594,0.6103283493607132,5,0.0453343531409228,0.7845012664794921,59.96002664890073
shruti_filming_1.mp4,4596,2,5,0.1537207720310188,0.9982223510742188,0.6063671677200883,4,0.045204978356002,0.7837355295817058,59.96002664890073
shruti_filming_1.mp4,4597,2,5,0.1559674826873163,0.9982765833536784,0.6017874117250795,4,0.0447967152580774,0.7819591522216797,59.96002664890073
shruti_filming_1.mp4,4598,2,6,0.1576968711769182,0.9983242670694988,0.5971853892008464,6,0.1576968711769182,0.9983242670694988,59.96002664890073
shruti_filming_1.mp4,4599,2,6,0.1588102205941363,0.9984589258829752,0.5926366170247396,6,0.1588102205941363,0.9984589258829752,59.96002664890073
shruti_filming_1.mp4,4600,2,5,0.1602482829486015,0.9985784530639648,0.5887863300464772,5,0.1602482829486015,0.9985784530639648,59.96002664890073
shruti_filming_1.mp4,4601,2,5,0.1618572880413719,0.9985824584960936,0.5852119445800781,5,0.1618572880413719,0.9985824584960936,59.96002664890073
shruti_filming_1.mp4,4602,2,4,0.1623819885961001,0.9988931655883788,0.5827323207148799,4,0.1623819885961001,0.9988931655883788,59.96002664890073
shruti_filming_1.mp4,4603,2,6,0.1629634935619671,0.9985104242960612,0.581268310546875,6,0.1629634935619671,0.9985104242960612,59.96002664890073
shruti_filming_1.mp4,4604,2,6,0.164470903395688,0.9984119415283204,0.5783397674560546,6,0.164470903395688,0.9984119415283204,59.96002664890073
shruti_filming_1.mp4,4605,2,5,0.1659549221221823,0.998333994547526,0.5745413886176215,5,0.1659549221221823,0.998333994547526,59.96002664890073
shruti_filming_1.mp4,4606,2,6,0.1672142262808241,0.9981590270996094,0.5707425435384115,6,0.1672142262808241,0.9981590270996094,59.96002664890073
shruti_filming_1.mp4,4607,2,5,0.1675774746934055,0.9981050491333008,0.5679303487141927,5,0.1675774746934055,0.9981050491333008,59.96002664890073
shruti_filming_1.mp4,4608,2,5,0.1694160791770129,0.9980131785074868,0.5660676885534216,5,0.1694160791770129,0.9980131785074868,59.96002664890073
shruti_filming_1.mp4,4609,2,5,0.1705813124812751,0.9978816986083984,0.5629479443585431,5,0.1705813124812751,0.9978816986083984,59.96002664890073
shruti_filming_1.mp4,4610,2,6,0.1716787268693183,0.9980655670166017,0.559710947672526,6,0.1716787268693183,0.9980655670166017,59.96002664890073
shruti_filming_1.mp4,4611,2,5,0.1727061161437046,0.9987396876017252,0.558343251546224,5,0.1727061161437046,0.9987396876017252,59.96002664890073
shruti_filming_1.mp4,4612,2,4,0.1750800561663184,0.9989017486572266,0.5542923821343316,4,0.1750800561663184,0.9989017486572266,59.96002664890073
shruti_filming_1.mp4,4613,2,5,0.1782037990535954,0.9990880966186524,0.5480519612630208,5,0.1782037990535954,0.9990880966186524,59.96002664890073
shruti_filming_1.mp4,4614,2,5,0.1794649549307521,0.9988378524780274,0.5444055769178603,5,0.1794649549307521,0.9988378524780274,59.96002664890073
shruti_filming_1.mp4,4615,2,5,0.1791325144949304,0.9986139933268228,0.5442408385100188,5,0.1791325144949304,0.9986139933268228,59.96002664890073
shruti_filming_1.mp4,4616,2,5,0.1798285806726198,0.9990549087524414,0.5427737765842013,5,0.1798285806726198,0.9990549087524414,59.96002664890073
shruti_filming_1.mp4,4617,2,5,0.1802438379004403,0.9987619400024416,0.5394932217068142,5,0.1802438379004403,0.9987619400024416,59.96002664890073
shruti_filming_1.mp4,4618,2,4,0.1817451888844112,0.9985263824462892,0.5357491387261285,4,0.1817451888844112,0.9985263824462892,59.96002664890073
shruti_filming_1.mp4,4619,2,4,0.1818733966507599,0.9988645553588869,0.5340729748761213,4,0.1818733966507599,0.9988645553588869,59.96002664890073
shruti_filming_1.mp4,4620,2,4,0.1831541142871881,0.9988538742065428,0.5322196960449219,4,0.1831541142871881,0.9988538742065428,59.96002664890073
shruti_filming_1.mp4,4621,2,4,0.1839051235105391,0.9989826202392578,0.529398685031467,4,0.1839051235105391,0.9989826202392578,59.96002664890073
