video,frame,risk_label,count_total,area_frac,bottom_y_norm,center_x_dist,count_in_roi_all,max_area_in_roi_all,max_bottom_y_in_roi_all,fps
shruti_filming_1_flipped.mp4,0,0,5,0.0217006315973574,0.7748649597167969,0.1629403856065538,4,0.0217006315973574,0.7748649597167969,59.96002664890073
shruti_filming_1_flipped.mp4,1,0,5,0.0216960324691576,0.7748622894287109,0.1629745200828269,4,0.0216960324691576,0.7748622894287109,59.96002664890073
shruti_filming_1_flipped.mp4,2,0,5,0.0219049949679282,0.7743173599243164,0.1828317995424624,4,0.0219049949679282,0.7743173599243164,59.96002664890073
shruti_filming_1_flipped.mp4,3,0,5,0.0217230435330952,0.7735034942626953,0.191238205521195,4,0.0217230435330952,0.7735034942626953,59.96002664890073
shruti_filming_1_flipped.mp4,4,0,5,0.0213620653169831,0.7719929377237956,0.2007586161295572,4,0.0213620653169831,0.7719929377237956,59.96002664890073
shruti_filming_1_flipped.mp4,5,0,5,0.0207645356690692,0.771168327331543,0.2178432888454861,4,0.0207645356690692,0.771168327331543,59.96002664890073
shruti_filming_1_flipped.mp4,6,0,6,0.0208909773068606,0.7693898518880208,0.2311459011501736,5,0.0208909773068606,0.7693898518880208,59.96002664890073
shruti_filming_1_flipped.mp4,7,0,5,0.020521244163295,0.7691314697265625,0.2411107381184895,4,0.020521244163295,0.7691314697265625,59.96002664890073
shruti_filming_1_flipped.mp4,8,0,5,0.020232992576267,0.7675247192382812,0.2508125587745949,4,0.020232992576267,0.7675247192382812,59.96002664890073
shruti_filming_1_flipped.mp4,9,0,5,0.0203479678495528,0.7664100011189778,0.2623269540292245,4,0.0203479678495528,0.7664100011189778,59.96002664890073
shruti_filming_1_flipped.mp4,10,0,6,0.0199717998146338,0.7658842086791993,0.2715238217954282,5,0.0199717998146338,0.7658842086791993,59.96002664890073
shruti_filming_1_flipped.mp4,11,0,6,0.0193904329770507,0.7644187927246093,0.2817678380895544,5,0.0193904329770507,0.7644187927246093,59.96002664890073
shruti_filming_1_flipped.mp4,12,0,6,0.019382205667207,0.7636417388916016,0.289909193250868,5,0.019382205667207,0.7636417388916016,59.96002664890073
shruti_filming_1_flipped.mp4,13,0,6,0.0191653399809082,0.7628119150797527,0.3010170265480324,5,0.0191653399809082,0.7628119150797527,59.96002664890073
shruti_filming_1_flipped.mp4,14,0,5,0.0194803571129967,0.7626848856608073,0.3102755511248553,4,0.0194803571129967,0.7626848856608073,59.96002664890073
shruti_filming_1_flipped.mp4,15,0,5,0.0194704693641203,0.7622785568237305,0.3237258345992477,4,0.0194704693641203,0.7622785568237305,59.96002664890073
shruti_filming_1_flipped.mp4,16,0,5,0.0194703726540427,0.7619381586710612,0.3347956339518229,4,0.0194703726540427,0.7619381586710612,59.96002664890073
shruti_filming_1_flipped.mp4,17,0,5,0.0194873545382439,0.7607490539550781,0.3451048674406828,4,0.0194873545382439,0.7607490539550781,59.96002664890073
shruti_filming_1_flipped.mp4,18,0,5,0.0190514171211462,0.7600519180297851,0.3539723714192708,4,0.0190514171211462,0.7600519180297851,59.96002664890073
shruti_filming_1_flipped.mp4,19,0,5,0.0189797963400552,0.7592261632283529,0.36163330078125,4,0.0189797963400552,0.7592261632283529,59.96002664890073
shruti_filming_1_flipped.mp4,20,0,6,0.0187972798578751,0.758211326599121,0.3751122368706597,5,0.0187972798578751,0.7590152740478515,59.96002664890073
shruti_filming_1_flipped.mp4,21,0,6,0.0181860102234511,0.7580254236857097,0.3876871744791667,5,0.0181860102234511,0.7580254236857097,59.96002664890073
shruti_filming_1_flipped.mp4,22,0,5,0.0178761255862708,0.7569414138793945,0.3915185998987268,4,0.0178761255862708,0.7569414138793945,59.96002664890073
shruti_filming_1_flipped.mp4,23,0,6,0.0175495587584575,0.7563740412394205,0.4022754245334201,5,0.0175495587584575,0.7563740412394205,59.96002664890073
shruti_filming_1_flipped.mp4,24,0,5,0.0174584708962356,0.7560274124145507,0.4133344297055845,4,0.0174584708962356,0.7560274124145507,59.96002664890073
shruti_filming_1_flipped.mp4,25,0,5,0.0178049058931733,0.7558065414428711,0.4205312093098958,4,0.0178049058931733,0.7558065414428711,59.96002664890073
shruti_filming_1_flipped.mp4,26,0,5,0.0176453965112644,0.7548452377319336,0.4316865709092882,4,0.0176453965112644,0.7548452377319336,59.96002664890073
shruti_filming_1_flipped.mp4,27,0,5,0.017309524291971,0.7535331090291341,0.4421043678566261,4,0.017309524291971,0.7535331090291341,59.96002664890073
shruti_filming_1_flipped.mp4,28,0,5,0.017571307956241,0.7531091690063476,0.446835779260706,4,0.017571307956241,0.7531091690063476,59.96002664890073
shruti_filming_1_flipped.mp4,29,0,5,0.0171512425324181,0.7521074295043946,0.4524296513310185,4,0.0171512425324181,0.7521074295043946,59.96002664890073
shruti_filming_1_flipped.mp4,30,0,5,0.017127091081703,0.7513185501098633,0.4630553634078414,4,0.017127091081703,0.7513185501098633,59.96002664890073
shruti_filming_1_flipped.mp4,31,0,6,0.0178250864282017,0.7511100769042969,0.4563595241970486,5,0.0178250864282017,0.7511100769042969,59.96002664890073
shruti_filming_1_flipped.mp4,32,0,5,0.0166623890811267,0.750057601928711,0.4805727923357928,4,0.0166623890811267,0.750057601928711,59.96002664890073
shruti_filming_1_flipped.mp4,33,0,6,0.0166831200554346,0.7498376846313477,0.4940466986762152,5,0.0166831200554346,0.7498376846313477,59.96002664890073
shruti_filming_1_flipped.mp4,34,0,6,0.0164393586816731,0.7494102478027344,0.5040825737847222,5,0.0164393586816731,0.7494102478027344,59.96002664890073
shruti_filming_1_flipped.mp4,35,0,6,0.0167096914060594,0.7490171432495117,0.5132511845341435,5,0.0167096914060594,0.7490171432495117,59.96002664890073
shruti_filming_1_flipped.mp4,36,0,5,0.016577494677859,0.7489128112792969,0.5216098361545138,4,0.016577494677859,0.7489128112792969,59.96002664890073
shruti_filming_1_flipped.mp4,37,0,5,0.0165077421534806,0.7484814325968424,0.5310550265842013,4,0.0165077421534806,0.7484814325968424,59.96002664890073
shruti_filming_1_flipped.mp4,38,0,5,0.0162120131317189,0.7479021708170573,0.5414459228515625,4,0.0162120131317189,0.7479021708170573,59.96002664890073
shruti_filming_1_flipped.mp4,39,0,5,0.0161210160547246,0.7461472193400065,0.549642887821904,4,0.0161210160547246,0.7461472193400065,59.96002664890073
shruti_filming_1_flipped.mp4,40,0,5,0.015816328226636,0.7455479939778645,0.5576232345015915,4,0.015816328226636,0.7455479939778645,59.96002664890073
shruti_filming_1_flipped.mp4,41,0,6,0.0161237731394552,0.7452906290690104,0.5692680641456886,5,0.0161237731394552,0.7452906290690104,59.96002664890073
shruti_filming_1_flipped.mp4,42,0,6,0.015750547711677,0.7444984436035156,0.5757286354347512,5,0.015750547711677,0.7444984436035156,59.96002664890073
shruti_filming_1_flipped.mp4,43,0,5,0.0157796865375712,0.744209353129069,0.5866967095269098,4,0.0157796865375712,0.744209353129069,59.96002664890073
shruti_filming_1_flipped.mp4,44,0,4,0.0156829854991519,0.7440700531005859,0.5932986224139178,4,0.0156829854991519,0.7440700531005859,59.96002664890073
shruti_filming_1_flipped.mp4,45,0,4,0.0152662725443412,0.743250020345052,0.6028723257559317,3,0.0021316293003339,0.7112583796183268,59.96002664890073
shruti_filming_1_flipped.mp4,46,0,4,0.0153042232384905,0.7420965830485026,0.6148427327473959,3,0.0021150706000453,0.7108848571777344,59.96002664890073
shruti_filming_1_flipped.mp4,47,0,4,0.0153539921466209,0.741701316833496,0.6212009006076389,3,0.0020800180989748,0.7109785079956055,59.96002664890073
shruti_filming_1_flipped.mp4,48,0,4,0.0154768761707237,0.7414852142333984,0.6309604220920139,3,0.0020354074653975,0.7101053237915039,59.96002664890073
shruti_filming_1_flipped.mp4,49,0,4,0.0150879293638798,0.7414522171020508,0.6367926703559028,3,0.0019195529208818,0.7090832392374674,59.96002664890073
shruti_filming_1_flipped.mp4,50,0,4,0.0150351568573782,0.741116714477539,0.6465246695059317,3,0.0019095998632514,0.7090450286865234,59.96002664890073
shruti_filming_1_flipped.mp4,51,0,4,0.014896432998289,0.7407238006591796,0.6520235979998553,3,0.0019606139899648,0.7092690149943034,59.96002664890073
shruti_filming_1_flipped.mp4,52,0,4,0.0148707256715473,0.7403667449951172,0.6614703708224826,3,0.0019326947225878,0.7087785720825195,59.96002664890073
shruti_filming_1_flipped.mp4,53,0,4,0.014850988452672,0.7404326756795248,0.6690541585286458,3,0.0019173933299316,0.7085925420125325,59.96002664890073
shruti_filming_1_flipped.mp4,54,0,5,0.0147451164809603,0.7404429117838541,0.6786308571144387,4,0.0023136074885001,0.708836046854655,59.96002664890073
shruti_filming_1_flipped.mp4,55,0,4,0.0145111399820221,0.7402141571044922,0.6869383070203993,3,0.0020879311708456,0.7083140691121419,59.96002664890073
shruti_filming_1_flipped.mp4,56,0,4,0.0143388791729043,0.7404621124267579,0.6938943933557581,3,0.002122908576356,0.7085351943969727,59.96002664890073
shruti_filming_1_flipped.mp4,57,0,4,0.0143846981308241,0.7402607599894205,0.7021452162000869,3,0.0021208694443986,0.7088808059692383,59.96002664890073
shruti_filming_1_flipped.mp4,58,0,4,0.0145536754792556,0.7402239481608073,0.70919189453125,3,0.0020932548492392,0.7090136210123698,59.96002664890073
shruti_filming_1_flipped.mp4,59,0,4,0.0145030388647379,0.7406391779581706,0.7156792534722223,3,0.0019092439443058,0.7094694137573242,59.96002664890073
shruti_filming_1_flipped.mp4,60,1,4,0.0144147941159705,0.7411793390909831,0.7231108488859954,3,0.0018913516028098,0.7097107569376627,59.96002664890073
shruti_filming_1_flipped.mp4,61,1,5,0.0143776837044128,0.7408337275187175,0.7321315624095776,4,0.0018820291825762,0.7096996307373047,59.96002664890073
shruti_filming_1_flipped.mp4,62,1,5,0.0143887532807032,0.7411457061767578,0.7384457058376737,4,0.0018870776174541,0.7096000671386719,59.96002664890073
shruti_filming_1_flipped.mp4,63,1,6,0.013893764193851,0.7415166854858398,0.7451659591109664,5,0.0024423928697069,0.7101743698120118,59.96002664890073
shruti_filming_1_flipped.mp4,64,1,5,0.0136120576135969,0.7421991348266601,0.7503365410698785,4,0.0016589584456394,0.7104462305704753,59.96002664890073
shruti_filming_1_flipped.mp4,65,1,5,0.013534016653365,0.7419502894083659,0.7518958197699652,4,0.0016613219742592,0.7103827158610027,59.96002664890073
shruti_filming_1_flipped.mp4,66,1,5,0.0135773558460426,0.7431037902832032,0.7536345870406539,4,0.0023538630757442,0.7105009078979492,59.96002664890073
shruti_filming_1_flipped.mp4,67,1,6,0.0132715062401041,0.7432591120402018,0.7599313806604456,5,0.0023625305996716,0.7110208511352539,59.96002664890073
shruti_filming_1_flipped.mp4,68,1,6,0.0127748131913163,0.7434295654296875,0.7648244787145544,5,0.0023672672178913,0.7104036331176757,59.96002664890073
shruti_filming_1_flipped.mp4,69,1,6,0.0125444777276479,0.7441200256347656,0.7676028216326678,5,0.002290516676054,0.7101994196573893,59.96002664890073
shruti_filming_1_flipped.mp4,70,1,4,0.0125253592514329,0.7452284495035807,0.7715582953559028,3,0.0016366004721149,0.7102123260498047,59.96002664890073
shruti_filming_1_flipped.mp4,71,1,5,0.0124811968728533,0.746014404296875,0.7743249398690683,4,0.0021302903699832,0.7208387374877929,59.96002664890073
shruti_filming_1_flipped.mp4,72,1,4,0.0123023875366197,0.7467655181884766,0.7771630181206597,3,0.0019930431495433,0.7107004801432292,59.96002664890073
shruti_filming_1_flipped.mp4,73,1,4,0.0124042969591553,0.7479736328125,0.7807267930772569,3,0.0018207575925564,0.7117883682250976,59.96002664890073
shruti_filming_1_flipped.mp4,74,1,4,0.0124084901407736,0.749073855082194,0.7835789998372396,3,0.0016813429878998,0.7127461115519206,59.96002664890073
shruti_filming_1_flipped.mp4,75,1,4,0.0123001378685391,0.7496618270874024,0.7861579047309027,3,0.0017913322371896,0.7133867263793945,59.96002664890073
shruti_filming_1_flipped.mp4,76,1,4,0.0119865358639314,0.7501537322998046,0.7901514689127604,3,0.0020612300076431,0.7138484319051107,59.96002664890073
shruti_filming_1_flipped.mp4,77,1,4,0.0115021793057288,0.750006357828776,0.7924285888671875,3,0.0019905228272546,0.7145444234212239,59.96002664890073
shruti_filming_1_flipped.mp4,78,1,4,0.0106884779543853,0.7497185389200847,0.7918371695059317,3,0.0020661800257706,0.7157196680704753,59.96002664890073
shruti_filming_1_flipped.mp4,79,1,4,0.0105862127805206,0.7505959192911784,0.7979407416449653,3,0.0020946569286509,0.7168031056722005,59.96002664890073
shruti_filming_1_flipped.mp4,80,1,4,0.0105641361516052,0.7516023635864257,0.7975510773835359,3,0.0017793117066105,0.7166720072428385,59.96002664890073
shruti_filming_1_flipped.mp4,81,1,5,0.0103865402211279,0.7529092788696289,0.7998514811197917,4,0.0020885114057778,0.7170796076456706,59.96002664890073
shruti_filming_1_flipped.mp4,82,1,5,0.0101405343718296,0.7540333429972331,0.8056123521592882,4,0.0021647883816196,0.7169707616170248,59.96002664890073
shruti_filming_1_flipped.mp4,83,1,5,0.0097478941586235,0.7547834396362305,0.80284994619864,4,0.0017449004633494,0.7183430353800456,59.96002664890073
shruti_filming_1_flipped.mp4,84,1,6,0.0097738258193612,0.7564085642496745,0.812089764630353,4,0.0017899056548399,0.7191899617513021,59.96002664890073
shruti_filming_1_flipped.mp4,85,1,5,0.0097971095376285,0.7581640879313151,0.8142856174045139,3,0.0018310286584173,0.7189899444580078,59.96002664890073
shruti_filming_1_flipped.mp4,86,1,5,0.0096288593208279,0.7588300069173177,0.815672528302228,3,0.0017014140925473,0.7197309494018554,59.96002664890073
shruti_filming_1_flipped.mp4,87,1,6,0.0095402926885678,0.7601551691691081,0.8173865424262152,4,0.001840023444378,0.721426264444987,59.96002664890073
shruti_filming_1_flipped.mp4,88,1,7,0.009594375334887,0.7620657602945964,0.8191181889286747,5,0.0024260024566912,0.734486198425293,59.96002664890073
shruti_filming_1_flipped.mp4,89,1,5,0.0095035163181213,0.763046137491862,0.820048353407118,3,0.002128688556758,0.7219854354858398,59.96002664890073
shruti_filming_1_flipped.mp4,90,1,6,0.0091724998446362,0.7643384297688802,0.825184800889757,3,0.0020162434737524,0.724058723449707,59.96002664890073
shruti_filming_1_flipped.mp4,91,1,6,0.0142751161790349,0.9901645660400392,0.9406236436631944,3,0.0019128260334643,0.7248430887858073,59.96002664890073
shruti_filming_1_flipped.mp4,92,1,8,0.0218057633530245,0.975611686706543,0.9211520724826388,3,0.0020056897115729,0.7271867116292318,59.96002664890073
shruti_filming_1_flipped.mp4,93,1,6,0.033699273352887,0.99761962890625,0.8977348610206887,3,0.0018856700241276,0.7279647827148438,59.96002664890073
shruti_filming_1_flipped.mp4,94,1,7,0.0435486198149809,0.9979480743408204,0.8727532845956308,4,0.0020473787498,0.7295112609863281,59.96002664890073
shruti_filming_1_flipped.mp4,95,1,5,0.003802511828641,0.7664168039957683,0.7605912950303819,3,0.0019000084630399,0.7295427322387695,59.96002664890073
shruti_filming_1_flipped.mp4,96,1,5,0.0031308548816094,0.7533386866251628,0.92902430428399,3,0.001848272479288,0.7302356719970703,59.96002664890073
shruti_filming_1_flipped.mp4,97,1,6,0.0650196142941332,0.9991861343383788,0.8178632382993345,4,0.0017282459751004,0.7310152053833008,59.96002664890073
shruti_filming_1_flipped.mp4,98,1,5,0.0720037477790632,0.9985750834147136,0.8020257455331308,2,0.0015530883592415,0.7313878377278645,59.96002664890073
shruti_filming_1_flipped.mp4,99,1,6,0.0778076442234062,0.9984642028808594,0.7864613850911458,2,0.001658252385031,0.7320019404093424,59.96002664890073
shruti_filming_1_flipped.mp4,100,1,6,0.0835416360379895,0.9997959136962892,0.7699454413519965,2,0.0016207299689348,0.7326086044311524,59.96002664890073
shruti_filming_1_flipped.mp4,101,1,5,0.0898976007457046,0.9994827270507812,0.7546091715494792,2,0.0017119570757333,0.7326017379760742,59.96002664890073
shruti_filming_1_flipped.mp4,102,1,6,0.0953972525154973,0.9994874954223631,0.7402290626808449,2,0.0017024467011085,0.7332306543986002,59.96002664890073
shruti_filming_1_flipped.mp4,103,1,6,0.1001828126528481,0.9994503021240234,0.728564961751302,3,0.0016436381498028,0.7337324142456054,59.96002664890073
shruti_filming_1_flipped.mp4,104,1,6,0.1041911425009473,0.99830265045166,0.7176287050600405,3,0.0016570717839015,0.7346657435099284,59.96002664890073
shruti_filming_1_flipped.mp4,105,1,7,0.1086935770267047,0.9985708236694336,0.7023677684642651,3,0.0016699576926637,0.7350430170694987,59.96002664890073
shruti_filming_1_flipped.mp4,106,1,5,0.1130766088622988,0.999261728922526,0.6924098827220776,2,0.0016930620220093,0.7352936426798503,59.96002664890073
shruti_filming_1_flipped.mp4,107,1,5,0.1174300725199282,0.999382781982422,0.6810384114583333,2,0.0016817731660234,0.735206413269043,59.96002664890073
shruti_filming_1_flipped.mp4,108,1,5,0.1206421487448581,0.9990932464599608,0.673542955186632,2,0.0016436604841146,0.735471534729004,59.96002664890073
shruti_filming_1_flipped.mp4,109,1,5,0.1246262878706652,0.9987672805786132,0.6627423886899595,2,0.0016721233171497,0.7360850652058919,59.96002664890073
shruti_filming_1_flipped.mp4,110,1,5,0.1283757505586901,0.9987165451049804,0.65408285635489,2,0.0017380070042175,0.736548105875651,59.96002664890073
shruti_filming_1_flipped.mp4,111,1,5,0.1318071789281546,0.999078369140625,0.6468109130859375,2,0.0017121014313306,0.7364391326904297,59.96002664890073
shruti_filming_1_flipped.mp4,112,1,7,0.135338523979967,0.998990821838379,0.637958554868345,3,0.0024735661216416,0.7363880793253581,59.96002664890073
shruti_filming_1_flipped.mp4,113,1,5,0.1376200022306336,0.999022102355957,0.6311357286241319,2,0.0016476689279079,0.7363063176472981,59.96002664890073
shruti_filming_1_flipped.mp4,114,1,5,0.1407929302288512,0.9990589141845704,0.6227334481698495,2,0.0015689443421757,0.7364595413208008,59.96002664890073
shruti_filming_1_flipped.mp4,115,1,5,0.1432876126226583,0.9988807678222656,0.6156566478587963,2,0.0015630360847151,0.7366230010986328,59.96002664890073
shruti_filming_1_flipped.mp4,116,1,5,0.1454401882344434,0.9988670349121094,0.6091270729347512,2,0.0015627071220121,0.7369478225708008,59.96002664890073
shruti_filming_1_flipped.mp4,117,1,6,0.147767123168095,0.9989234924316406,0.6026216295030382,3,0.0015551531899836,0.736257807413737,59.96002664890073
shruti_filming_1_flipped.mp4,118,1,5,0.1493959104651649,0.9990991592407228,0.5958948771158854,3,0.1493959104651649,0.9990991592407228,59.96002664890073
shruti_filming_1_flipped.mp4,119,1,5,0.1521289614404129,0.999286651611328,0.5892866346571181,3,0.1521289614404129,0.999286651611328,59.96002664890073
shruti_filming_1_flipped.mp4,120,1,6,0.1541034709370298,0.999152946472168,0.5823731033890336,4,0.1541034709370298,0.999152946472168,59.96002664890073
shruti_filming_1_flipped.mp4,121,1,5,0.1548245041929206,0.9991266250610352,0.5781658596462673,3,0.1548245041929206,0.9991266250610352,59.96002664890073
shruti_filming_1_flipped.mp4,122,1,5,0.1574924467657951,0.9989873886108398,0.5698321872287326,3,0.1574924467657951,0.9989873886108398,59.96002664890073
shruti_filming_1_flipped.mp4,123,1,5,0.1598016596156284,0.9992326736450196,0.5631357263635706,4,0.1598016596156284,0.9992326736450196,59.96002664890073
shruti_filming_1_flipped.mp4,124,1,5,0.1605525086214766,0.9993330001831054,0.5582763671875,4,0.1605525086214766,0.9993330001831054,59.96002664890073
shruti_filming_1_flipped.mp4,125,1,5,0.1613030862385251,0.9992884318033854,0.5535000271267361,4,0.1613030862385251,0.9992884318033854,59.96002664890073
shruti_filming_1_flipped.mp4,126,1,5,0.1603878473457887,0.9991851806640624,0.5484774554217303,4,0.1603878473457887,0.9991851806640624,59.96002664890073
shruti_filming_1_flipped.mp4,127,1,5,0.161108289943109,0.999201202392578,0.5446983619972512,4,0.161108289943109,0.999201202392578,59.96002664890073
shruti_filming_1_flipped.mp4,128,1,6,0.1625246788945514,0.9991767883300782,0.5395653618706597,5,0.1625246788945514,0.9991767883300782,59.96002664890073
shruti_filming_1_flipped.mp4,129,1,5,0.1645409941625203,0.9994148254394531,0.5361727679217303,4,0.1645409941625203,0.9994148254394531,59.96002664890073
shruti_filming_1_flipped.mp4,130,1,5,0.1657241372732204,0.999370574951172,0.5312031498661748,4,0.1657241372732204,0.999370574951172,59.96002664890073
shruti_filming_1_flipped.mp4,131,1,5,0.1667129233517011,0.9994388580322264,0.5271762424045139,4,0.1667129233517011,0.9994388580322264,59.96002664890073
shruti_filming_1_flipped.mp4,132,1,6,0.1674882249489935,0.999431292215983,0.5237371939199942,5,0.1674882249489935,0.999431292215983,59.96002664890073
shruti_filming_1_flipped.mp4,133,1,5,0.1688628562375541,0.999420420328776,0.5194568775318287,4,0.1688628562375541,0.999420420328776,59.96002664890073
shruti_filming_1_flipped.mp4,134,1,4,0.1696363193588331,0.9993761062622072,0.5175944010416667,3,0.1696363193588331,0.9993761062622072,59.96002664890073
shruti_filming_1_flipped.mp4,135,1,5,0.1697176395857241,0.9993521372477212,0.5125528406213831,4,0.1697176395857241,0.9993521372477212,59.96002664890073
shruti_filming_1_flipped.mp4,136,1,5,0.17005360037166,0.99923521677653,0.5077017324942129,4,0.17005360037166,0.99923521677653,59.96002664890073
shruti_filming_1_flipped.mp4,137,1,6,0.1715453265062899,0.999499003092448,0.502955401385272,5,0.1715453265062899,0.999499003092448,59.96002664890073
shruti_filming_1_flipped.mp4,138,1,6,0.1713279312732629,0.999306869506836,0.5010053846571181,5,0.1713279312732629,0.999306869506836,59.96002664890073
shruti_filming_1_flipped.mp4,139,1,5,0.1730644836512187,0.9993890762329102,0.4966452139395255,4,0.1730644836512187,0.9993890762329102,59.96002664890073
shruti_filming_1_flipped.mp4,140,1,5,0.1742139582728275,0.9994461059570312,0.4950857091833044,4,0.1742139582728275,0.9994461059570312,59.96002664890073
shruti_filming_1_flipped.mp4,141,1,5,0.1755152788758278,0.9993587493896484,0.4930738661024305,4,0.1755152788758278,0.9993587493896484,59.96002664890073
shruti_filming_1_flipped.mp4,142,1,5,0.1761394161702547,0.9993745803833008,0.4900746663411458,4,0.1761394161702547,0.9993745803833008,59.96002664890073
shruti_filming_1_flipped.mp4,143,1,5,0.1780067671116234,0.99929567972819,0.4860496238425926,4,0.1780067671116234,0.99929567972819,59.96002664890073
shruti_filming_1_flipped.mp4,144,1,5,0.1795101145422086,0.9993318557739258,0.4836681224681713,4,0.1795101145422086,0.9993318557739258,59.96002664890073
shruti_filming_1_flipped.mp4,145,1,5,0.1809344448067498,0.9992422103881836,0.481686853479456,4,0.1809344448067498,0.9992422103881836,59.96002664890073
shruti_filming_1_flipped.mp4,146,1,5,0.1826199630171241,0.9994462966918946,0.4796459621853298,4,0.1826199630171241,0.9994462966918946,59.96002664890073
shruti_filming_1_flipped.mp4,147,1,5,0.181149463822496,0.9994667689005534,0.4784028795030381,5,0.181149463822496,0.9994667689005534,59.96002664890073
shruti_filming_1_flipped.mp4,148,1,4,0.1811646632544256,0.999431037902832,0.475988373933015,4,0.1811646632544256,0.999431037902832,59.96002664890073
shruti_filming_1_flipped.mp4,149,1,4,0.1806171656875651,0.999455451965332,0.47465170401114,4,0.1806171656875651,0.999455451965332,59.96002664890073
shruti_filming_1_flipped.mp4,150,1,3,0.1828488008926312,0.999418067932129,0.4720555623372396,3,0.1828488008926312,0.999418067932129,59.96002664890073
shruti_filming_1_flipped.mp4,151,1,3,0.1827612526531286,0.9993947982788086,0.4687289485224971,3,0.1827612526531286,0.9993947982788086,59.96002664890073
shruti_filming_1_flipped.mp4,152,1,4,0.1831090226198958,0.9993785858154296,0.4684938501428675,4,0.1831090226198958,0.9993785858154296,59.96002664890073
shruti_filming_1_flipped.mp4,153,1,3,0.1823206335273506,0.999444580078125,0.4664979722764757,3,0.1823206335273506,0.999444580078125,59.96002664890073
shruti_filming_1_flipped.mp4,154,1,5,0.1824013004103714,0.999456787109375,0.4659643950285735,5,0.1824013004103714,0.999456787109375,59.96002664890073
shruti_filming_1_flipped.mp4,155,1,4,0.1838911694676304,0.9992312113444012,0.4626557526765046,4,0.1838911694676304,0.9992312113444012,59.96002664890073
shruti_filming_1_flipped.mp4,156,1,3,0.1841795931432474,0.9992445627848308,0.4627595689561632,3,0.1841795931432474,0.9992445627848308,59.96002664890073
shruti_filming_1_flipped.mp4,157,1,4,0.1857946829058508,0.9993064880371094,0.4597195378056279,4,0.1857946829058508,0.9993064880371094,59.96002664890073
shruti_filming_1_flipped.mp4,158,1,3,0.1828527172634171,0.9994512557983398,0.4613254123263889,3,0.1828527172634171,0.9994512557983398,59.96002664890073
shruti_filming_1_flipped.mp4,159,1,6,0.1847885681772216,0.9995723724365234,0.4573300679524739,6,0.1847885681772216,0.9995723724365234,59.96002664890073
shruti_filming_1_flipped.mp4,160,1,4,0.1842714828834006,0.9995685577392578,0.4581748397262008,4,0.1842714828834006,0.9995685577392578,59.96002664890073
shruti_filming_1_flipped.mp4,161,1,3,0.1849595193883417,0.9996990203857422,0.4542449103461372,3,0.1849595193883417,0.9996990203857422,59.96002664890073
shruti_filming_1_flipped.mp4,162,1,3,0.1830049371321931,0.9986412684122722,0.4549691094292534,3,0.1830049371321931,0.9986412684122722,59.96002664890073
shruti_filming_1_flipped.mp4,163,1,3,0.18515168178044,0.9996244430541992,0.4507761637369791,3,0.18515168178044,0.9996244430541992,59.96002664890073
shruti_filming_1_flipped.mp4,164,1,2,0.1843342952051682,0.9997236251831054,0.4489118222837095,2,0.1843342952051682,0.9997236251831054,59.96002664890073
shruti_filming_1_flipped.mp4,165,1,3,0.1837455391119497,0.9992651621500652,0.4474225644712095,3,0.1837455391119497,0.9992651621500652,59.96002664890073
shruti_filming_1_flipped.mp4,166,1,2,0.1839747869346993,0.999382781982422,0.4466196130823206,2,0.1839747869346993,0.999382781982422,59.96002664890073
shruti_filming_1_flipped.mp4,167,1,2,0.1843499555608367,0.9995750427246094,0.4464159647623698,2,0.1843499555608367,0.9995750427246094,59.96002664890073
shruti_filming_1_flipped.mp4,168,1,2,0.1841021672247464,0.9995745340983072,0.4449401290328414,2,0.1841021672247464,0.9995745340983072,59.96002664890073
shruti_filming_1_flipped.mp4,169,1,3,0.1841181011474044,0.999569320678711,0.4450578477647569,3,0.1841181011474044,0.999569320678711,59.96002664890073
shruti_filming_1_flipped.mp4,170,1,2,0.1844349755115884,0.9995800018310548,0.4431840684678819,2,0.1844349755115884,0.9995800018310548,59.96002664890073
shruti_filming_1_flipped.mp4,171,1,3,0.1846589324964831,0.9994619369506836,0.4409354315863715,3,0.1846589324964831,0.9994619369506836,59.96002664890073
shruti_filming_1_flipped.mp4,172,1,2,0.1847526703170539,0.9995134353637696,0.4392111036512587,2,0.1847526703170539,0.9995134353637696,59.96002664890073
shruti_filming_1_flipped.mp4,173,1,2,0.1850193866138579,0.999518585205078,0.4379928588867187,2,0.1850193866138579,0.999518585205078,59.96002664890073
shruti_filming_1_flipped.mp4,174,1,4,0.1854099000558468,0.9994987487792968,0.437127544261791,4,0.1854099000558468,0.9994987487792968,59.96002664890073
shruti_filming_1_flipped.mp4,175,1,3,0.1857741244162348,0.9994203567504882,0.4368341233995225,3,0.1857741244162348,0.9994203567504882,59.96002664890073
shruti_filming_1_flipped.mp4,176,1,2,0.1858435522139188,0.9994070053100584,0.4354341295030381,2,0.1858435522139188,0.9994070053100584,59.96002664890073
shruti_filming_1_flipped.mp4,177,1,2,0.1859605920314573,0.99830322265625,0.4335961518464265,2,0.1859605920314573,0.99830322265625,59.96002664890073
shruti_filming_1_flipped.mp4,178,1,2,0.182115032021409,0.992251205444336,0.4327684473108362,2,0.182115032021409,0.992251205444336,59.96002664890073
shruti_filming_1_flipped.mp4,179,1,2,0.1787747495561295,0.9861783981323242,0.432460700141059,2,0.1787747495561295,0.9861783981323242,59.96002664890073
shruti_filming_1_flipped.mp4,180,1,2,0.1749489287100732,0.9799362182617188,0.432177734375,2,0.1749489287100732,0.9799362182617188,59.96002664890073
shruti_filming_1_flipped.mp4,181,1,2,0.1730660350958782,0.976564089457194,0.4306875723379629,2,0.1730660350958782,0.976564089457194,59.96002664890073
shruti_filming_1_flipped.mp4,182,1,2,0.1696397067696994,0.971286964416504,0.429713468198423,2,0.1696397067696994,0.971286964416504,59.96002664890073
shruti_filming_1_flipped.mp4,183,1,3,0.1677682992118449,0.9668155670166017,0.4265994036639178,3,0.1677682992118449,0.9668155670166017,59.96002664890073
shruti_filming_1_flipped.mp4,184,1,3,0.1655486501724226,0.9631406784057616,0.4240717569986979,3,0.1655486501724226,0.9631406784057616,59.96002664890073
shruti_filming_1_flipped.mp4,185,1,3,0.1646766580750409,0.962494723002116,0.424658457438151,3,0.1646766580750409,0.962494723002116,59.96002664890073
shruti_filming_1_flipped.mp4,186,1,3,0.1619148759281314,0.9578454971313476,0.4239061143663194,3,0.1619148759281314,0.9578454971313476,59.96002664890073
shruti_filming_1_flipped.mp4,187,1,3,0.1588273237621049,0.9538522720336914,0.420829603407118,3,0.1588273237621049,0.9538522720336914,59.96002664890073
shruti_filming_1_flipped.mp4,188,1,3,0.151578214407606,0.9467334747314452,0.4054303769712095,3,0.151578214407606,0.9467334747314452,59.96002664890073
shruti_filming_1_flipped.mp4,189,1,4,0.1458743670849664,0.945703125,0.3832176773636429,3,0.1458743670849664,0.945703125,59.96002664890073
shruti_filming_1_flipped.mp4,190,1,5,0.1394239017808663,0.9439285278320312,0.3609349286114728,4,0.1394239017808663,0.9439285278320312,59.96002664890073
shruti_filming_1_flipped.mp4,191,1,5,0.1314824460993986,0.9378805796305338,0.3417492336697049,4,0.1314824460993986,0.9378805796305338,59.96002664890073
shruti_filming_1_flipped.mp4,192,1,5,0.1284702575881965,0.9358793258666992,0.3331136067708333,4,0.1284702575881965,0.9358793258666992,59.96002664890073
shruti_filming_1_flipped.mp4,193,1,4,0.1239006823409538,0.932588768005371,0.3206072206850405,3,0.1239006823409538,0.932588768005371,59.96002664890073
shruti_filming_1_flipped.mp4,194,1,4,0.11932790820655,0.931989288330078,0.3039404127332899,3,0.11932790820655,0.931989288330078,59.96002664890073
shruti_filming_1_flipped.mp4,195,1,5,0.112259476436302,0.9252726236979166,0.2897867838541667,4,0.112259476436302,0.9252726236979166,59.96002664890073
shruti_filming_1_flipped.mp4,196,1,5,0.1077869601933343,0.9207746505737304,0.2779838562011719,4,0.1077869601933343,0.9207746505737304,59.96002664890073
shruti_filming_1_flipped.mp4,197,1,5,0.103405431027734,0.9172002792358398,0.2653627748842592,4,0.103405431027734,0.9172002792358398,59.96002664890073
shruti_filming_1_flipped.mp4,198,1,5,0.100325742661184,0.9175939559936525,0.2497537118417245,4,0.100325742661184,0.9175939559936525,59.96002664890073
shruti_filming_1_flipped.mp4,199,1,5,0.0979688888637745,0.9179054896036783,0.2398049813729745,4,0.0979688888637745,0.9179054896036783,59.96002664890073
shruti_filming_1_flipped.mp4,200,1,5,0.0926815632323592,0.914411163330078,0.2204567803276909,4,0.0926815632323592,0.914411163330078,59.96002664890073
shruti_filming_1_flipped.mp4,201,1,4,0.0897244198698792,0.9133918762207032,0.210026776349103,3,0.0897244198698792,0.9133918762207032,59.96002664890073
shruti_filming_1_flipped.mp4,202,1,4,0.0850076028354427,0.9098119735717772,0.1928363376193576,3,0.0850076028354427,0.9098119735717772,59.96002664890073
shruti_filming_1_flipped.mp4,203,1,5,0.0849185859740504,0.999382209777832,0.7378871776439525,4,0.0831157745404817,0.9073549270629884,59.96002664890073
shruti_filming_1_flipped.mp4,204,1,5,0.0886351852657497,0.9995659510294596,0.727448809588397,4,0.0791162644138158,0.906606674194336,59.96002664890073
shruti_filming_1_flipped.mp4,205,1,5,0.0915987756873343,0.99962158203125,0.7153029830367477,4,0.0769486039149485,0.904908816019694,59.96002664890073
shruti_filming_1_flipped.mp4,206,1,5,0.0944804029653918,0.9997247695922852,0.7063446610062211,4,0.0744966044575859,0.904603640238444,59.96002664890073
shruti_filming_1_flipped.mp4,207,1,6,0.0980149119439819,0.999741808573405,0.6963762071397569,5,0.0722186804317903,0.9004707336425781,59.96002664890073
shruti_filming_1_flipped.mp4,208,1,5,0.0998931297547339,0.9996917724609377,0.6901599460177952,4,0.0714472488883108,0.8993954340616862,59.96002664890073
shruti_filming_1_flipped.mp4,209,1,5,0.1030531878122322,0.9996711730957032,0.6782419275354457,4,0.0687258925425056,0.897340202331543,59.96002664890073
shruti_filming_1_flipped.mp4,210,1,5,0.1064143587718717,0.999360466003418,0.6675096299913195,4,0.0664956528339933,0.8961381912231445,59.96002664890073
shruti_filming_1_flipped.mp4,211,1,5,0.1101568045548629,0.9992666244506836,0.6542045875831887,4,0.0648881979269423,0.895527458190918,59.96002664890073
shruti_filming_1_flipped.mp4,212,1,5,0.1128035579376529,0.9993188858032228,0.6443893997757523,4,0.0643251020655346,0.8949312210083008,59.96002664890073
shruti_filming_1_flipped.mp4,213,1,7,0.1141311086525847,0.9993608474731446,0.6396553322120949,6,0.0618782361184087,0.891699473063151,59.96002664890073
shruti_filming_1_flipped.mp4,214,1,7,0.1160663313337998,0.999348258972168,0.6319871690538195,6,0.0618950546951964,0.8909498850504557,59.96002664890073
shruti_filming_1_flipped.mp4,215,1,6,0.1185294606594834,0.9994064966837564,0.6224412706163195,5,0.0600335056695567,0.890449587504069,59.96002664890073
shruti_filming_1_flipped.mp4,216,1,8,0.1207375261078899,0.9991588592529296,0.6144792344835069,7,0.0581165952101205,0.889018440246582,59.96002664890073
shruti_filming_1_flipped.mp4,217,1,7,0.1228594775386025,0.9992059707641602,0.6064923886899595,6,0.0556268365933781,0.8862026850382487,59.96002664890073
shruti_filming_1_flipped.mp4,218,1,4,0.1244805848397771,0.9991121927897136,0.6015522144458912,3,0.0547261545574508,0.885753059387207,59.96002664890073
shruti_filming_1_flipped.mp4,219,1,5,0.125238306357286,0.999050013224284,0.5973154138635706,5,0.125238306357286,0.999050013224284,59.96002664890073
shruti_filming_1_flipped.mp4,220,1,4,0.1276573464550569,0.9990764617919922,0.59016034161603,4,0.1276573464550569,0.9990764617919922,59.96002664890073
shruti_filming_1_flipped.mp4,221,1,5,0.1296882623932927,0.99913387298584,0.5836189552589699,5,0.1296882623932927,0.99913387298584,59.96002664890073
shruti_filming_1_flipped.mp4,222,1,6,0.131082766361651,0.9991079966227212,0.5782899079499422,6,0.131082766361651,0.9991079966227212,59.96002664890073
shruti_filming_1_flipped.mp4,223,1,6,0.1330192684758609,0.9990123748779296,0.5692114370840567,6,0.1330192684758609,0.9990123748779296,59.96002664890073
shruti_filming_1_flipped.mp4,224,1,5,0.134910338918659,0.9990193049112956,0.5619922214084201,5,0.134910338918659,0.9990193049112956,59.96002664890073
shruti_filming_1_flipped.mp4,225,1,6,0.1359357447954244,0.9990194320678712,0.5574298434787326,6,0.1359357447954244,0.9990194320678712,59.96002664890073
shruti_filming_1_flipped.mp4,226,1,5,0.1373481322647098,0.9990604400634766,0.5519987318250869,5,0.1373481322647098,0.9990604400634766,59.96002664890073
shruti_filming_1_flipped.mp4,227,1,5,0.1394563484956355,0.9991472244262696,0.5453734221281828,5,0.1394563484956355,0.9991472244262696,59.96002664890073
shruti_filming_1_flipped.mp4,228,1,5,0.1407645122396449,0.999203109741211,0.5400097882306134,5,0.1407645122396449,0.999203109741211,59.96002664890073
shruti_filming_1_flipped.mp4,229,1,4,0.1421877274904033,0.9992443720499674,0.5342023496274595,4,0.1421877274904033,0.9992443720499674,59.96002664890073
shruti_filming_1_flipped.mp4,230,1,6,0.143429971255569,0.999217414855957,0.5286592836733217,6,0.143429971255569,0.999217414855957,59.96002664890073
shruti_filming_1_flipped.mp4,231,1,6,0.1447111180811196,0.9991872787475586,0.5222726892541956,6,0.1447111180811196,0.9991872787475586,59.96002664890073
shruti_filming_1_flipped.mp4,232,1,7,0.1461832577323851,0.9992467880249024,0.516888427734375,7,0.1461832577323851,0.9992467880249024,59.96002664890073
shruti_filming_1_flipped.mp4,233,1,6,0.1471420836889107,0.9992414474487304,0.5133021036783855,6,0.1471420836889107,0.9992414474487304,59.96002664890073
shruti_filming_1_flipped.mp4,234,1,4,0.1485915708346551,0.9992710749308268,0.5067216661241319,4,0.1485915708346551,0.9992710749308268,59.96002664890073
shruti_filming_1_flipped.mp4,235,1,6,0.1498977692053153,0.9992715835571288,0.5013040048104745,6,0.1498977692053153,0.9992715835571288,59.96002664890073
shruti_filming_1_flipped.mp4,236,1,6,0.1513503108616526,0.9992605845133464,0.4955743295175058,6,0.1513503108616526,0.9992605845133464,59.96002664890073
shruti_filming_1_flipped.mp4,237,1,4,0.1523034096171613,0.9993419647216796,0.4921398586697049,4,0.1523034096171613,0.9993419647216796,59.96002664890073
shruti_filming_1_flipped.mp4,238,1,5,0.1538546392763102,0.9993854522705078,0.4863151267722801,5,0.1538546392763102,0.9993854522705078,59.96002664890073
shruti_filming_1_flipped.mp4,239,1,3,0.1552492857280109,0.9994731903076172,0.4813647800021701,3,0.1552492857280109,0.9994731903076172,59.96002664890073
shruti_filming_1_flipped.mp4,240,1,4,0.1568327527561362,0.9994808197021484,0.4741496898509837,4,0.1568327527561362,0.9994808197021484,59.96002664890073
shruti_filming_1_flipped.mp4,241,1,5,0.156833535421562,0.9994026184082032,0.4717993842230902,5,0.156833535421562,0.9994026184082032,59.96002664890073
shruti_filming_1_flipped.mp4,242,1,5,0.1575383652990179,0.9993467966715496,0.4672253078884548,5,0.1575383652990179,0.9993467966715496,59.96002664890073
shruti_filming_1_flipped.mp4,243,1,5,0.1586868242408888,0.999395243326823,0.4630947819462529,5,0.1586868242408888,0.999395243326823,59.96002664890073
shruti_filming_1_flipped.mp4,244,1,6,0.1599296812782079,0.9994003295898436,0.4582792776602286,6,0.1599296812782079,0.9994003295898436,59.96002664890073
shruti_filming_1_flipped.mp4,245,1,5,0.1612248606975535,0.9996219635009764,0.4549546983506944,5,0.1612248606975535,0.9996219635009764,59.96002664890073
shruti_filming_1_flipped.mp4,246,1,4,0.1632167772954562,0.9994937896728516,0.4499577840169271,4,0.1632167772954562,0.9994937896728516,59.96002664890073
shruti_filming_1_flipped.mp4,247,1,5,0.1637742526084184,0.9995012919108072,0.44801025390625,5,0.1637742526084184,0.9995012919108072,59.96002664890073
shruti_filming_1_flipped.mp4,248,1,3,0.1642070563242305,0.999431037902832,0.442840830485026,3,0.1642070563242305,0.999431037902832,59.96002664890073
shruti_filming_1_flipped.mp4,249,1,3,0.1655627599479177,0.9994707107543944,0.4387262980143229,3,0.1655627599479177,0.9994707107543944,59.96002664890073
shruti_filming_1_flipped.mp4,250,1,3,0.1671622771720609,0.9995785395304362,0.434300062391493,3,0.1671622771720609,0.9995785395304362,59.96002664890073
shruti_filming_1_flipped.mp4,251,1,4,0.1676687778958067,0.9993456522623698,0.4277209246600115,4,0.1676687778958067,0.9993456522623698,59.96002664890073
shruti_filming_1_flipped.mp4,252,1,5,0.1628970817720013,0.999485206604004,0.3976760864257812,4,0.1628970817720013,0.999485206604004,59.96002664890073
shruti_filming_1_flipped.mp4,253,1,5,0.1508269521361468,0.996539306640625,0.3658453482168692,5,0.1508269521361468,0.996539306640625,59.96002664890073
shruti_filming_1_flipped.mp4,254,1,4,0.1458091997075826,0.9968950907389325,0.3408447265625,4,0.1458091997075826,0.9968950907389325,59.96002664890073
shruti_filming_1_flipped.mp4,255,1,5,0.1388446851394837,0.994928805033366,0.3109912448459201,4,0.1388446851394837,0.994928805033366,59.96002664890073
shruti_filming_1_flipped.mp4,256,1,5,0.1299578368396032,0.9895763397216796,0.2872180514865451,4,0.1299578368396032,0.9895763397216796,59.96002664890073
shruti_filming_1_flipped.mp4,257,1,6,0.1242447844663251,0.9902363459269206,0.2612145883065683,5,0.1242447844663251,0.9902363459269206,59.96002664890073
shruti_filming_1_flipped.mp4,258,1,6,0.1174667393918261,0.9852062225341796,0.2360517431188512,5,0.1174667393918261,0.9852062225341796,59.96002664890073
shruti_filming_1_flipped.mp4,259,1,6,0.1133545716971275,0.9845342636108398,0.2113116511592158,5,0.1133545716971275,0.9845342636108398,59.96002664890073
shruti_filming_1_flipped.mp4,260,1,6,0.1096222648233891,0.9842620849609376,0.1978614524558738,5,0.1096222648233891,0.9842620849609376,59.96002664890073
shruti_filming_1_flipped.mp4,261,1,6,0.1014651120398129,0.969873046875,0.1802315323441116,5,0.1014651120398129,0.969873046875,59.96002664890073
shruti_filming_1_flipped.mp4,262,1,6,0.0977632425825706,0.9989091873168944,0.7348887125651041,5,0.0955529146530251,0.96415958404541,59.96002664890073
shruti_filming_1_flipped.mp4,263,1,6,0.1024890018719425,0.9996013641357422,0.7167791861074942,5,0.0931598643483206,0.9674812316894532,59.96002664890073
shruti_filming_1_flipped.mp4,264,1,6,0.1084276752762875,0.999407196044922,0.7047995108145254,5,0.0888910753802661,0.963588015238444,59.96002664890073
shruti_filming_1_flipped.mp4,265,1,6,0.1124615352429315,0.9993051528930664,0.6935186880606192,5,0.0859899374115263,0.9615495681762696,59.96002664890073
shruti_filming_1_flipped.mp4,266,1,6,0.116775419484701,0.9992856979370116,0.681204167118779,5,0.0825393660139417,0.9591926574707031,59.96002664890073
shruti_filming_1_flipped.mp4,267,1,6,0.1210728739491767,0.9992462158203124,0.6702978063512731,5,0.0792199919020299,0.9536748886108398,59.96002664890073
shruti_filming_1_flipped.mp4,268,1,6,0.1248728004494397,0.9993364969889325,0.659017887821904,5,0.0756654988544889,0.947659683227539,59.96002664890073
shruti_filming_1_flipped.mp4,269,1,6,0.129715402853617,0.9997137069702148,0.6487536960177951,5,0.0708504816232663,0.941468874613444,59.96002664890073
shruti_filming_1_flipped.mp4,270,1,6,0.1326084069766925,0.9993425369262696,0.6392082496925636,5,0.0702094957020879,0.9440380096435548,59.96002664890073
shruti_filming_1_flipped.mp4,271,1,5,0.1361198911399697,0.9993568420410156,0.6308768378363715,4,0.067080303152551,0.9418827692667644,59.96002664890073
shruti_filming_1_flipped.mp4,272,1,5,0.1395874430527652,0.9993860244750976,0.6207271999782986,4,0.0650561945332339,0.9378816604614256,59.96002664890073
shruti_filming_1_flipped.mp4,273,1,5,0.1427404110375533,0.9994318008422852,0.6120680067274306,4,0.064201311911246,0.9368845621744792,59.96002664890073
shruti_filming_1_flipped.mp4,274,1,5,0.1461852346920626,0.9993984222412108,0.6017682110821759,4,0.0619159781597166,0.9328020095825196,59.96002664890073
shruti_filming_1_flipped.mp4,275,1,5,0.1489494772975794,0.999287223815918,0.5956610220449942,5,0.1489494772975794,0.999287223815918,59.96002664890073
shruti_filming_1_flipped.mp4,276,1,5,0.1533012521784769,0.9992375055948892,0.5874823111074942,5,0.1533012521784769,0.9992375055948892,59.96002664890073
shruti_filming_1_flipped.mp4,277,1,5,0.1548154556786642,0.999238395690918,0.5822248105649594,5,0.1548154556786642,0.999238395690918,59.96002664890073
shruti_filming_1_flipped.mp4,278,1,6,0.1564868039917739,0.9992395401000976,0.5735766940646702,6,0.1564868039917739,0.9992395401000976,59.96002664890073
shruti_filming_1_flipped.mp4,279,1,6,0.1582082848744553,0.9992328643798828,0.5677810103804977,6,0.1582082848744553,0.9992328643798828,59.96002664890073
shruti_filming_1_flipped.mp4,280,1,5,0.1598230940307042,0.9991968154907228,0.5593582718460648,5,0.1598230940307042,0.9991968154907228,59.96002664890073
shruti_filming_1_flipped.mp4,281,1,6,0.1592614063754768,0.9991903305053712,0.553979096589265,6,0.1592614063754768,0.9991903305053712,59.96002664890073
shruti_filming_1_flipped.mp4,282,1,6,0.1615199034996072,0.9991638819376628,0.5467000325520833,6,0.1615199034996072,0.9991638819376628,59.96002664890073
shruti_filming_1_flipped.mp4,283,1,6,0.1626605286224771,0.9991093317667644,0.5430221557617188,6,0.1626605286224771,0.9991093317667644,59.96002664890073
shruti_filming_1_flipped.mp4,284,1,5,0.1654984178360735,0.9994199752807618,0.5351930971498843,5,0.1654984178360735,0.9994199752807618,59.96002664890073
shruti_filming_1_flipped.mp4,285,1,5,0.1665682510238925,0.9994155883789062,0.5333628901728877,5,0.1665682510238925,0.9994155883789062,59.96002664890073
shruti_filming_1_flipped.mp4,286,1,5,0.1677115201836244,0.9993934631347656,0.5269900851779514,5,0.1677115201836244,0.9993934631347656,59.96002664890073
shruti_filming_1_flipped.mp4,287,1,5,0.1676515378253922,0.9993878046671548,0.5240698920355903,5,0.1676515378253922,0.9993878046671548,59.96002664890073
shruti_filming_1_flipped.mp4,288,1,5,0.1678504878861713,0.9992061614990234,0.5202019020363137,5,0.1678504878861713,0.9992061614990234,59.96002664890073
shruti_filming_1_flipped.mp4,289,1,5,0.1680422174563936,0.9991788864135742,0.5182974356192129,5,0.1680422174563936,0.9991788864135742,59.96002664890073
shruti_filming_1_flipped.mp4,290,1,5,0.1690711837900367,0.999178123474121,0.5133345427336516,5,0.1690711837900367,0.999178123474121,59.96002664890073
shruti_filming_1_flipped.mp4,291,1,5,0.17021902423518,0.9991085052490234,0.5086998833550347,5,0.17021902423518,0.9991085052490234,59.96002664890073
shruti_filming_1_flipped.mp4,292,1,6,0.1711015990647461,0.9991247812906902,0.504751530400029,6,0.1711015990647461,0.9991247812906902,59.96002664890073
shruti_filming_1_flipped.mp4,293,1,6,0.1730172387639241,0.9991388320922852,0.4982743439850984,6,0.1730172387639241,0.9991388320922852,59.96002664890073
shruti_filming_1_flipped.mp4,294,1,6,0.1732630019125321,0.9992637634277344,0.4946610062210648,6,0.1732630019125321,0.9992637634277344,59.96002664890073
shruti_filming_1_flipped.mp4,295,1,5,0.1745293729077308,0.9992929458618164,0.4893781308774595,5,0.1745293729077308,0.9992929458618164,59.96002664890073
shruti_filming_1_flipped.mp4,296,1,6,0.1759231045839907,0.9993764877319335,0.4849943372938368,6,0.1759231045839907,0.9993764877319335,59.96002664890073
shruti_filming_1_flipped.mp4,297,1,5,0.1763662762773714,0.9992841720581056,0.4823232014973958,5,0.1763662762773714,0.9992841720581056,59.96002664890073
shruti_filming_1_flipped.mp4,298,1,5,0.177834466060589,0.9992809931437174,0.4776086877893518,5,0.177834466060589,0.9992809931437174,59.96002664890073
shruti_filming_1_flipped.mp4,299,1,7,0.1785022493411196,0.9993294397989908,0.4748619362160011,7,0.1785022493411196,0.9993294397989908,59.96002664890073
shruti_filming_1_flipped.mp4,300,1,5,0.1792978621200988,0.999396514892578,0.4718833923339843,5,0.1792978621200988,0.999396514892578,59.96002664890073
shruti_filming_1_flipped.mp4,301,1,5,0.1798228168353186,0.9994413375854492,0.4694300051088686,5,0.1798228168353186,0.9994413375854492,59.96002664890073
shruti_filming_1_flipped.mp4,302,1,5,0.1811466453641252,0.9995148340861004,0.466630130343967,5,0.1811466453641252,0.9995148340861004,59.96002664890073
shruti_filming_1_flipped.mp4,303,1,5,0.1815390215781883,0.9996229807535808,0.4633195947717737,5,0.1815390215781883,0.9996229807535808,59.96002664890073
shruti_filming_1_flipped.mp4,304,1,5,0.1823216924441254,0.9997397104899088,0.4597561306423611,5,0.1823216924441254,0.9997397104899088,59.96002664890073
shruti_filming_1_flipped.mp4,305,1,5,0.182321528997919,0.9996246337890624,0.4571829901801215,5,0.182321528997919,0.9996246337890624,59.96002664890073
shruti_filming_1_flipped.mp4,306,1,5,0.182505803689214,0.9992704391479492,0.453433679651331,5,0.182505803689214,0.9992704391479492,59.96002664890073
shruti_filming_1_flipped.mp4,307,1,5,0.1833792448806936,0.9992872873942056,0.4501925715693721,5,0.1833792448806936,0.9992872873942056,59.96002664890073
shruti_filming_1_flipped.mp4,308,1,5,0.1832755265661398,0.9993765513102214,0.448071938973886,5,0.1832755265661398,0.9993765513102214,59.96002664890073
shruti_filming_1_flipped.mp4,309,1,5,0.1842337220323392,0.9993165969848632,0.4459275704843026,5,0.1842337220323392,0.9993165969848632,59.96002664890073
shruti_filming_1_flipped.mp4,310,1,5,0.1851510806740003,0.9992040634155274,0.4435472276475694,5,0.1851510806740003,0.9992040634155274,59.96002664890073
shruti_filming_1_flipped.mp4,311,1,5,0.1861550522619897,0.9992448806762696,0.4410090128580729,5,0.1861550522619897,0.9992448806762696,59.96002664890073
shruti_filming_1_flipped.mp4,312,1,5,0.1863544736271918,0.9992427825927734,0.4394126892089843,5,0.1863544736271918,0.9992427825927734,59.96002664890073
shruti_filming_1_flipped.mp4,313,1,5,0.1870981118366762,0.9992530822753908,0.4387682596842447,5,0.1870981118366762,0.9992530822753908,59.96002664890073
shruti_filming_1_flipped.mp4,314,1,5,0.188535545625103,0.999178123474121,0.4360270182291667,5,0.188535545625103,0.999178123474121,59.96002664890073
shruti_filming_1_flipped.mp4,315,1,5,0.1883932185631959,0.9993003845214844,0.4343458105016637,5,0.1883932185631959,0.9993003845214844,59.96002664890073
shruti_filming_1_flipped.mp4,316,1,5,0.1888992133336271,0.9996746063232422,0.4325017293294271,5,0.1888992133336271,0.9996746063232422,59.96002664890073
shruti_filming_1_flipped.mp4,317,1,5,0.1889753969849941,0.99962158203125,0.4306261698404948,5,0.1889753969849941,0.99962158203125,59.96002664890073
shruti_filming_1_flipped.mp4,318,1,5,0.1888830651983584,0.9996670405069988,0.4292532461660879,5,0.1888830651983584,0.9996670405069988,59.96002664890073
shruti_filming_1_flipped.mp4,319,1,5,0.1884069826852916,0.9995014190673828,0.4270256042480468,5,0.1884069826852916,0.9995014190673828,59.96002664890073
shruti_filming_1_flipped.mp4,320,1,5,0.1891751042484409,0.9996644973754882,0.4251558091905382,5,0.1891751042484409,0.9996644973754882,59.96002664890073
shruti_filming_1_flipped.mp4,321,1,6,0.1867891230124708,0.9996546427408854,0.4160189875849971,5,0.1867891230124708,0.9996546427408854,59.96002664890073
shruti_filming_1_flipped.mp4,322,1,7,0.1785926931685901,0.9996572494506836,0.3819532888906973,5,0.1785926931685901,0.9996572494506836,59.96002664890073
shruti_filming_1_flipped.mp4,323,1,8,0.1719454211281414,0.9990854263305664,0.3565693608036748,6,0.1719454211281414,0.9990854263305664,59.96002664890073
shruti_filming_1_flipped.mp4,324,1,8,0.1655396571976598,0.9987064361572264,0.334691337302879,6,0.1655396571976598,0.9987064361572264,59.96002664890073
shruti_filming_1_flipped.mp4,325,1,7,0.1594907488556108,0.9983144760131836,0.3167872111002604,5,0.1594907488556108,0.9983144760131836,59.96002664890073
shruti_filming_1_flipped.mp4,326,1,7,0.1499862401416154,0.9989492416381835,0.28544596919307,5,0.1499862401416154,0.9989492416381835,59.96002664890073
shruti_filming_1_flipped.mp4,327,1,7,0.1455393759766593,0.9994372049967448,0.2711881849500868,5,0.1455393759766593,0.9994372049967448,59.96002664890073
shruti_filming_1_flipped.mp4,328,1,8,0.1384437657798655,0.9993734995524088,0.2505319948549623,6,0.1384437657798655,0.9993734995524088,59.96002664890073
shruti_filming_1_flipped.mp4,329,1,8,0.1344260790009327,0.9993534723917644,0.2368207013165509,6,0.1344260790009327,0.9993534723917644,59.96002664890073
shruti_filming_1_flipped.mp4,330,1,7,0.1306517669238598,0.9974855422973632,0.2254467999493634,5,0.1306517669238598,0.9974855422973632,59.96002664890073
shruti_filming_1_flipped.mp4,331,1,5,0.1243261255455662,0.9972631454467772,0.1952003479003906,4,0.1243261255455662,0.9972631454467772,59.96002664890073
shruti_filming_1_flipped.mp4,332,1,6,0.1197415210501963,0.994697380065918,0.1823504977756076,4,0.1197415210501963,0.994697380065918,59.96002664890073
shruti_filming_1_flipped.mp4,333,1,7,0.1226414520984205,0.999435806274414,0.6950476752387152,6,0.1136142460478004,0.9885139465332032,59.96002664890073
shruti_filming_1_flipped.mp4,334,1,7,0.1295377867383649,0.9991405487060548,0.6785349527994792,5,0.1052724995951414,0.976207415262858,59.96002664890073
shruti_filming_1_flipped.mp4,335,1,6,0.1347168656886788,0.9993242263793946,0.6685241134078415,5,0.1054462178370643,0.978494135538737,59.96002664890073
shruti_filming_1_flipped.mp4,336,1,7,0.140114507840998,0.9994392395019532,0.6544318305121528,6,0.1011314083427229,0.9738410949707031,59.96002664890073
shruti_filming_1_flipped.mp4,337,1,7,0.1447340634915572,0.9996505737304688,0.6441531711154513,6,0.0938822145477752,0.9589729309082032,59.96002664890073
shruti_filming_1_flipped.mp4,338,1,5,0.1488266060109405,0.9995527267456056,0.634755113389757,4,0.0903307960769679,0.9550872802734376,59.96002664890073
shruti_filming_1_flipped.mp4,339,1,6,0.1521511883807209,0.9992943445841472,0.6242434466326678,5,0.0868841867293748,0.953501319885254,59.96002664890073
shruti_filming_1_flipped.mp4,340,1,6,0.155871036039025,0.9992277145385742,0.6136755484121817,5,0.0852113277315543,0.95330015818278,59.96002664890073
shruti_filming_1_flipped.mp4,341,1,6,0.1606139231202649,0.9991842905680338,0.6018300939489294,5,0.0818109550826678,0.9473201751708984,59.96002664890073
shruti_filming_1_flipped.mp4,342,1,5,0.1649801840375028,0.9988969802856446,0.5936143098054109,5,0.1649801840375028,0.9988969802856446,59.96002664890073
shruti_filming_1_flipped.mp4,343,1,6,0.1661278875113032,0.9988161087036131,0.5870306509512442,6,0.1661278875113032,0.9988161087036131,59.96002664890073
shruti_filming_1_flipped.mp4,344,1,6,0.1684634325596472,0.998760223388672,0.5799098827220776,6,0.1684634325596472,0.998760223388672,59.96002664890073
shruti_filming_1_flipped.mp4,345,1,6,0.1709661854821024,0.9992733001708984,0.5754579332139756,6,0.1709661854821024,0.9992733001708984,59.96002664890073
shruti_filming_1_flipped.mp4,346,1,6,0.1726612402399553,0.9988534927368165,0.5659027099609375,6,0.1726612402399553,0.9988534927368165,59.96002664890073
shruti_filming_1_flipped.mp4,347,1,4,0.1740493471490077,0.9991421381632488,0.5589883874963831,4,0.1740493471490077,0.9991421381632488,59.96002664890073
shruti_filming_1_flipped.mp4,348,1,4,0.1782248403417826,0.9991470336914062,0.5517527262369791,4,0.1782248403417826,0.9991470336914062,59.96002664890073
shruti_filming_1_flipped.mp4,349,1,4,0.1779386860068512,0.9990785598754884,0.5466566862883391,4,0.1779386860068512,0.9990785598754884,59.96002664890073
shruti_filming_1_flipped.mp4,350,1,6,0.1803040009776682,0.9991865158081056,0.5383676599573206,5,0.1803040009776682,0.9991865158081056,59.96002664890073
shruti_filming_1_flipped.mp4,351,1,4,0.1816367327013156,0.9991175333658854,0.5318201135706019,4,0.1816367327013156,0.9991175333658854,59.96002664890073
shruti_filming_1_flipped.mp4,352,1,4,0.1828926541926598,0.9991076151529948,0.5236935085720487,4,0.1828926541926598,0.9991076151529948,59.96002664890073
shruti_filming_1_flipped.mp4,353,1,4,0.1844487084852557,0.9990211486816406,0.51448324697989,4,0.1844487084852557,0.9990211486816406,59.96002664890073
shruti_filming_1_flipped.mp4,354,1,5,0.187923540611788,0.998965072631836,0.5062933462637442,4,0.187923540611788,0.998965072631836,59.96002664890073
shruti_filming_1_flipped.mp4,355,1,6,0.1900074299029074,0.9990148544311525,0.5025665283203125,6,0.1900074299029074,0.9990148544311525,59.96002664890073
shruti_filming_1_flipped.mp4,356,1,5,0.1923214265337446,0.9989550272623698,0.4973718148690683,5,0.1923214265337446,0.9989550272623698,59.96002664890073
shruti_filming_1_flipped.mp4,357,1,5,0.1924560549763609,0.9989253997802734,0.4945725052445023,5,0.1924560549763609,0.9989253997802734,59.96002664890073
shruti_filming_1_flipped.mp4,358,1,5,0.1933266103034803,0.9988763809204102,0.4885088320131655,5,0.1933266103034803,0.9988763809204102,59.96002664890073
shruti_filming_1_flipped.mp4,359,1,5,0.1952687521244149,0.9989990234375,0.4827578509295428,5,0.1952687521244149,0.9989990234375,59.96002664890073
shruti_filming_1_flipped.mp4,360,2,7,0.196700184318653,0.999058723449707,0.4770143296983506,6,0.196700184318653,0.999058723449707,59.96002664890073
shruti_filming_1_flipped.mp4,361,2,5,0.1988405621970876,0.9990354537963868,0.4695675037525318,5,0.1988405621970876,0.9990354537963868,59.96002664890073
shruti_filming_1_flipped.mp4,362,2,5,0.1999480396502703,0.9991033554077148,0.4650627136230468,5,0.1999480396502703,0.9991033554077148,59.96002664890073
shruti_filming_1_flipped.mp4,363,2,5,0.2012960870532347,0.9990606307983398,0.4583411040129485,5,0.2012960870532347,0.9990606307983398,59.96002664890073
shruti_filming_1_flipped.mp4,364,2,6,0.1995696749553705,0.9994464874267578,0.4581569530345775,6,0.1995696749553705,0.9994464874267578,59.96002664890073
shruti_filming_1_flipped.mp4,365,2,6,0.2016047650676315,0.9995420455932618,0.4520697982222945,6,0.2016047650676315,0.9995420455932618,59.96002664890073
shruti_filming_1_flipped.mp4,366,2,7,0.2028597366251051,0.9996840159098308,0.4471150716145833,7,0.2028597366251051,0.9996840159098308,59.96002664890073
shruti_filming_1_flipped.mp4,367,2,6,0.2042672704259705,0.9996395111083984,0.4429528412995515,6,0.2042672704259705,0.9996395111083984,59.96002664890073
shruti_filming_1_flipped.mp4,368,2,5,0.2045771403353299,0.999626922607422,0.4402486165364583,5,0.2045771403353299,0.999626922607422,59.96002664890073
shruti_filming_1_flipped.mp4,369,2,5,0.2053205140850817,0.999540901184082,0.4364162868923611,5,0.2053205140850817,0.999540901184082,59.96002664890073
shruti_filming_1_flipped.mp4,370,2,4,0.205628506160186,0.999601936340332,0.4333530002170139,4,0.205628506160186,0.999601936340332,59.96002664890073
shruti_filming_1_flipped.mp4,371,2,4,0.2073736869025742,0.9994789123535156,0.4278594970703125,4,0.2073736869025742,0.9994789123535156,59.96002664890073
shruti_filming_1_flipped.mp4,372,2,4,0.2088869974349358,0.9994882583618164,0.4231268423574942,4,0.2088869974349358,0.9994882583618164,59.96002664890073
shruti_filming_1_flipped.mp4,373,2,4,0.2088673433070168,0.9995498657226562,0.4179588317871093,4,0.2088673433070168,0.9995498657226562,59.96002664890073
shruti_filming_1_flipped.mp4,374,2,5,0.2085733742721883,0.9994606018066406,0.4150385538736979,4,0.2085733742721883,0.9994606018066406,59.96002664890073
shruti_filming_1_flipped.mp4,375,2,5,0.2104109126733426,0.9994085311889648,0.4112314294885706,4,0.2104109126733426,0.9994085311889648,59.96002664890073
shruti_filming_1_flipped.mp4,376,2,7,0.2113949468367112,0.9994392395019532,0.406278963442202,5,0.2113949468367112,0.9994392395019532,59.96002664890073
shruti_filming_1_flipped.mp4,377,2,6,0.2114190913160995,0.9994356155395508,0.4023411786114728,5,0.2114190913160995,0.9994356155395508,59.96002664890073
shruti_filming_1_flipped.mp4,378,2,5,0.2135742164559534,0.9994590759277344,0.3966101187246817,4,0.2135742164559534,0.9994590759277344,59.96002664890073
shruti_filming_1_flipped.mp4,379,2,7,0.2161988379333342,0.9994451522827148,0.3925453186035156,5,0.2161988379333342,0.9994451522827148,59.96002664890073
shruti_filming_1_flipped.mp4,380,2,6,0.2156234805833837,0.9994653701782228,0.3900510999891493,4,0.2156234805833837,0.9994653701782228,59.96002664890073
shruti_filming_1_flipped.mp4,381,2,5,0.215257415505513,0.9994903564453124,0.3892764903880931,4,0.215257415505513,0.9994903564453124,59.96002664890073
shruti_filming_1_flipped.mp4,382,2,5,0.2165989764628466,0.9995567321777344,0.385662841796875,4,0.2165989764628466,0.9995567321777344,59.96002664890073
shruti_filming_1_flipped.mp4,383,2,5,0.2166842710188723,0.9995180130004884,0.3839287086769387,4,0.2166842710188723,0.9995180130004884,59.96002664890073
shruti_filming_1_flipped.mp4,384,2,5,0.2162787165463669,0.9995721817016602,0.3814061482747395,4,0.2162787165463669,0.9995721817016602,59.96002664890073
shruti_filming_1_flipped.mp4,385,2,5,0.2180902129528543,0.9996620814005532,0.3772780806929977,4,0.2180902129528543,0.9996620814005532,59.96002664890073
shruti_filming_1_flipped.mp4,386,2,6,0.2194364670315742,0.9997177124023438,0.3708079867892795,4,0.2194364670315742,0.9997177124023438,59.96002664890073
shruti_filming_1_flipped.mp4,387,2,6,0.220484979273083,0.9994863510131836,0.3684549402307581,4,0.220484979273083,0.9994863510131836,59.96002664890073
shruti_filming_1_flipped.mp4,388,2,5,0.2210221414787196,0.9996559143066406,0.3652375115288628,4,0.2210221414787196,0.9996559143066406,59.96002664890073
shruti_filming_1_flipped.mp4,389,2,6,0.2212725018934321,0.9995838165283204,0.3627063327365451,5,0.2212725018934321,0.9995838165283204,59.96002664890073
shruti_filming_1_flipped.mp4,390,2,6,0.2218462075116393,0.9996036529541016,0.359810553656684,5,0.2218462075116393,0.9996036529541016,59.96002664890073
shruti_filming_1_flipped.mp4,391,2,6,0.2222445450723171,0.99958438873291,0.358203125,4,0.2222445450723171,0.99958438873291,59.96002664890073
shruti_filming_1_flipped.mp4,392,2,7,0.2214762245025485,0.9990299860636394,0.3570597330729166,5,0.2214762245025485,0.9990299860636394,59.96002664890073
shruti_filming_1_flipped.mp4,393,2,6,0.2235545413076761,0.9995800018310548,0.3528742472330729,4,0.2235545413076761,0.9995800018310548,59.96002664890073
shruti_filming_1_flipped.mp4,394,2,6,0.2237855087412754,0.9991909027099608,0.3505867852105034,4,0.2237855087412754,0.9991909027099608,59.96002664890073
shruti_filming_1_flipped.mp4,395,2,7,0.2237207805031923,0.9989000956217448,0.3488496568467882,4,0.2237207805031923,0.9989000956217448,59.96002664890073
shruti_filming_1_flipped.mp4,396,2,7,0.2231735834354347,0.9988801956176758,0.3478552076551649,4,0.2231735834354347,0.9988801956176758,59.96002664890073
shruti_filming_1_flipped.mp4,397,2,7,0.2240836726043558,0.9985998153686524,0.3442146866409867,4,0.2240836726043558,0.9985998153686524,59.96002664890073
shruti_filming_1_flipped.mp4,398,2,5,0.2230338426775307,0.995134735107422,0.3420546920211227,3,0.2230338426775307,0.995134735107422,59.96002664890073
shruti_filming_1_flipped.mp4,399,2,7,0.217637640209087,0.985954475402832,0.3391899674027054,4,0.217637640209087,0.985954475402832,59.96002664890073
shruti_filming_1_flipped.mp4,400,2,6,0.2131759252763111,0.9807727813720704,0.3357989275896991,4,0.2131759252763111,0.9807727813720704,59.96002664890073
shruti_filming_1_flipped.mp4,401,2,6,0.2073474772648748,0.9718506495157878,0.3285459165219907,4,0.2073474772648748,0.9718506495157878,59.96002664890073
shruti_filming_1_flipped.mp4,402,2,6,0.2001780858500677,0.966757583618164,0.3095770094129774,4,0.2001780858500677,0.966757583618164,59.96002664890073
shruti_filming_1_flipped.mp4,403,2,6,0.193625211200255,0.9618633270263672,0.2926675867151331,4,0.193625211200255,0.9618633270263672,59.96002664890073
shruti_filming_1_flipped.mp4,404,2,6,0.1862119795565377,0.9573181788126628,0.2744687398274739,4,0.1862119795565377,0.9573181788126628,59.96002664890073
shruti_filming_1_flipped.mp4,405,2,7,0.1833051806975628,0.9531958262125652,0.2580489264594184,5,0.1833051806975628,0.9531958262125652,59.96002664890073
shruti_filming_1_flipped.mp4,406,2,5,0.173823306892688,0.9478534698486328,0.2317823621961805,3,0.173823306892688,0.9478534698486328,59.96002664890073
shruti_filming_1_flipped.mp4,407,2,5,0.1659517130100694,0.9416755676269531,0.2200437475133825,3,0.1659517130100694,0.9416755676269531,59.96002664890073
shruti_filming_1_flipped.mp4,408,2,6,0.1586178050345862,0.9369640986124674,0.207826515480324,4,0.1586178050345862,0.9369640986124674,59.96002664890073
shruti_filming_1_flipped.mp4,409,2,6,0.1512355021655417,0.9309446334838868,0.1850123087565104,4,0.1512355021655417,0.9309446334838868,59.96002664890073
shruti_filming_1_flipped.mp4,410,2,5,0.148149100862437,0.9292275110880532,0.1737601386176215,3,0.148149100862437,0.9292275110880532,59.96002664890073
shruti_filming_1_flipped.mp4,411,2,7,0.1430107375210866,0.925755500793457,0.1618578592936198,5,0.1430107375210866,0.925755500793457,59.96002664890073
shruti_filming_1_flipped.mp4,412,2,7,0.1376711123536558,0.9197950998942056,0.1512268914116753,5,0.1376711123536558,0.9197950998942056,59.96002664890073
shruti_filming_1_flipped.mp4,413,2,8,0.1331456106702616,0.9169556299845376,0.1362721761067708,5,0.1331456106702616,0.9169556299845376,59.96002664890073
shruti_filming_1_flipped.mp4,414,2,6,0.1306740329572737,0.9143114725748698,0.1249153984917534,3,0.1306740329572737,0.9143114725748698,59.96002664890073
shruti_filming_1_flipped.mp4,415,2,8,0.1250031318907093,0.907675552368164,0.110743346037688,5,0.1250031318907093,0.907675552368164,59.96002664890073
shruti_filming_1_flipped.mp4,416,2,6,0.1209841990984407,0.9047878901163736,0.0983343618887442,3,0.1209841990984407,0.9047878901163736,59.96002664890073
shruti_filming_1_flipped.mp4,417,2,6,0.1171190430658559,0.9023760477701824,0.0861375596788194,3,0.1171190430658559,0.9023760477701824,59.96002664890073
shruti_filming_1_flipped.mp4,418,2,7,0.1139372470159907,0.9011199951171877,0.0757479914912471,4,0.1139372470159907,0.9011199951171877,59.96002664890073
shruti_filming_1_flipped.mp4,419,2,5,0.1087851592343887,0.8946989059448243,0.0673868815104166,2,0.1087851592343887,0.8946989059448243,59.96002664890073
shruti_filming_1_flipped.mp4,420,1,5,0.1057407054990471,0.8921249389648438,0.0566432529025607,2,0.1057407054990471,0.8921249389648438,59.96002664890073
shruti_filming_1_flipped.mp4,421,1,6,0.1030756425151291,0.8884697596232096,0.0482945760091145,3,0.1030756425151291,0.8884697596232096,59.96002664890073
shruti_filming_1_flipped.mp4,422,1,7,0.0995735685734231,0.8857078552246094,0.0356254577636718,5,0.0995735685734231,0.8857078552246094,59.96002664890073
shruti_filming_1_flipped.mp4,423,1,8,0.0961871165461352,0.8801291147867839,0.0275823522497106,6,0.0961871165461352,0.8801291147867839,59.96002664890073
shruti_filming_1_flipped.mp4,424,1,7,0.0941153645981103,0.8781769434611003,0.0105316162109375,5,0.0941153645981103,0.8781769434611003,59.96002664890073
shruti_filming_1_flipped.mp4,425,1,7,0.090457722395486,0.8764761606852214,0.0025632505063657,5,0.090457722395486,0.8764761606852214,59.96002664890073
shruti_filming_1_flipped.mp4,426,1,8,0.0923373808543611,0.999738311767578,0.6712095472547743,6,0.0894941236540088,0.8749121348063151,59.96002664890073
shruti_filming_1_flipped.mp4,427,1,8,0.0982909646926068,0.9996456146240236,0.6532751012731481,6,0.0887138672714677,0.8734396616617839,59.96002664890073
shruti_filming_1_flipped.mp4,428,1,7,0.1023339199162135,0.9994594573974608,0.6407236169885706,5,0.0862660220587255,0.8713565826416015,59.96002664890073
shruti_filming_1_flipped.mp4,429,1,8,0.1069848208503228,0.999467658996582,0.6266866048177083,6,0.0841355862097209,0.868602180480957,59.96002664890073
shruti_filming_1_flipped.mp4,430,1,8,0.1106680346263197,0.999435806274414,0.6169729162145544,6,0.0823891414227546,0.8671715418497722,59.96002664890073
shruti_filming_1_flipped.mp4,431,1,11,0.1174870794322729,0.9994501113891602,0.6049775865342882,9,0.0795142482223605,0.8655909220377604,59.96002664890073
shruti_filming_1_flipped.mp4,432,1,11,0.1203588403974815,0.9994220733642578,0.5949794628002025,10,0.1203588403974815,0.9994220733642578,59.96002664890073
shruti_filming_1_flipped.mp4,433,1,11,0.1235559119994286,0.9993977228800456,0.5849581683123554,10,0.1235559119994286,0.9993977228800456,59.96002664890073
shruti_filming_1_flipped.mp4,434,1,12,0.1259186642319912,0.9995145797729492,0.5731905901873553,11,0.1259186642319912,0.9995145797729492,59.96002664890073
shruti_filming_1_flipped.mp4,435,1,11,0.1286938299053064,0.999343490600586,0.563604227701823,10,0.1286938299053064,0.999343490600586,59.96002664890073
shruti_filming_1_flipped.mp4,436,1,10,0.1319044257349257,0.999506950378418,0.5567211574978299,9,0.1319044257349257,0.999506950378418,59.96002664890073
shruti_filming_1_flipped.mp4,437,1,9,0.1342854423686016,0.9995121002197266,0.5482869466145833,8,0.1342854423686016,0.9995121002197266,59.96002664890073
shruti_filming_1_flipped.mp4,438,1,8,0.1368819798428794,0.999500846862793,0.5382483023184317,7,0.1368819798428794,0.999500846862793,59.96002664890073
shruti_filming_1_flipped.mp4,439,1,8,0.1393670384552226,0.999469757080078,0.5317201967592593,7,0.1393670384552226,0.999469757080078,59.96002664890073
shruti_filming_1_flipped.mp4,440,1,9,0.1409186557627011,0.9993340174357096,0.5247489081488715,9,0.1409186557627011,0.9993340174357096,59.96002664890073
shruti_filming_1_flipped.mp4,441,1,8,0.1447054453341708,0.9993331909179688,0.5129734180591724,8,0.1447054453341708,0.9993331909179688,59.96002664890073
shruti_filming_1_flipped.mp4,442,1,9,0.146463535065187,0.999288813273112,0.5087170071072049,9,0.146463535065187,0.999288813273112,59.96002664890073
shruti_filming_1_flipped.mp4,443,1,5,0.1481753267840637,0.9992204666137696,0.5034115261501736,5,0.1481753267840637,0.9992204666137696,59.96002664890073
shruti_filming_1_flipped.mp4,444,1,5,0.1511137042586536,0.9994220733642578,0.4963299221462673,5,0.1511137042586536,0.9994220733642578,59.96002664890073
shruti_filming_1_flipped.mp4,445,1,6,0.1527802545399538,0.9994163513183594,0.490831219708478,6,0.1527802545399538,0.9994163513183594,59.96002664890073
shruti_filming_1_flipped.mp4,446,1,7,0.1535236829726735,0.9992179870605468,0.4869824444806134,7,0.1535236829726735,0.9992179870605468,59.96002664890073
shruti_filming_1_flipped.mp4,447,1,8,0.1560403878745381,0.9992431640625,0.4787525318287037,8,0.1560403878745381,0.9992431640625,59.96002664890073
shruti_filming_1_flipped.mp4,448,1,8,0.158188431413938,0.9992652893066406,0.4719091627332899,8,0.158188431413938,0.9992652893066406,59.96002664890073
shruti_filming_1_flipped.mp4,449,1,7,0.1599515960069644,0.9992636362711588,0.4654270595974392,7,0.1599515960069644,0.9992636362711588,59.96002664890073
shruti_filming_1_flipped.mp4,450,1,8,0.1613736611909795,0.9992372512817382,0.4599575749150029,7,0.1613736611909795,0.9992372512817382,59.96002664890073
shruti_filming_1_flipped.mp4,451,1,8,0.1639436202234032,0.999777666727702,0.4562746966326678,7,0.1639436202234032,0.999777666727702,59.96002664890073
shruti_filming_1_flipped.mp4,452,1,8,0.1654570662338907,0.9998569488525392,0.45158937242296,7,0.1654570662338907,0.9998569488525392,59.96002664890073
shruti_filming_1_flipped.mp4,453,1,9,0.1672317685871162,0.9998748779296877,0.4459278813114872,8,0.1672317685871162,0.9998748779296877,59.96002664890073
shruti_filming_1_flipped.mp4,454,1,8,0.1687936949788127,0.9998983383178712,0.4408948262532552,7,0.1687936949788127,0.9998983383178712,59.96002664890073
shruti_filming_1_flipped.mp4,455,1,6,0.1690518027095858,0.999360466003418,0.4373019183123553,6,0.1690518027095858,0.999360466003418,59.96002664890073
shruti_filming_1_flipped.mp4,456,1,6,0.1705083934883199,0.9994129180908204,0.4328027513292101,6,0.1705083934883199,0.9994129180908204,59.96002664890073
shruti_filming_1_flipped.mp4,457,1,5,0.1718274603678717,0.9993871688842774,0.4285302903917101,5,0.1718274603678717,0.9993871688842774,59.96002664890073
shruti_filming_1_flipped.mp4,458,1,6,0.1730924013302946,0.9993967692057292,0.4244779798719618,6,0.1730924013302946,0.9993967692057292,59.96002664890073
shruti_filming_1_flipped.mp4,459,1,5,0.1752344195487805,0.999493662516276,0.4188676622178819,5,0.1752344195487805,0.999493662516276,59.96002664890073
shruti_filming_1_flipped.mp4,460,1,5,0.176247395864953,0.9994194030761718,0.4164510373716001,5,0.176247395864953,0.9994194030761718,59.96002664890073
shruti_filming_1_flipped.mp4,461,1,4,0.1771775463115773,0.9994192123413086,0.4139328002929687,4,0.1771775463115773,0.9994192123413086,59.96002664890073
shruti_filming_1_flipped.mp4,462,1,5,0.178611533630497,0.9994043350219728,0.4106218126085069,5,0.178611533630497,0.9994043350219728,59.96002664890073
shruti_filming_1_flipped.mp4,463,1,4,0.1796529057844438,0.999386978149414,0.407765875922309,4,0.1796529057844438,0.999386978149414,59.96002664890073
shruti_filming_1_flipped.mp4,464,1,5,0.1803831930648259,0.9993593215942382,0.4055031105324074,5,0.1803831930648259,0.9993593215942382,59.96002664890073
shruti_filming_1_flipped.mp4,465,1,5,0.1819602683539549,0.9993507385253906,0.4014263859501591,5,0.1819602683539549,0.9993507385253906,59.96002664890073
shruti_filming_1_flipped.mp4,466,1,5,0.183935574694155,0.9993883768717448,0.3965289645724826,5,0.183935574694155,0.9993883768717448,59.96002664890073
shruti_filming_1_flipped.mp4,467,1,4,0.1852524493560755,0.9993658065795898,0.39436605947989,4,0.1852524493560755,0.9993658065795898,59.96002664890073
shruti_filming_1_flipped.mp4,468,1,4,0.1860361121515193,0.9994514465332032,0.3907064649793836,4,0.1860361121515193,0.9994514465332032,59.96002664890073
shruti_filming_1_flipped.mp4,469,1,5,0.188090290567359,0.99958864847819,0.3867854648166232,4,0.188090290567359,0.99958864847819,59.96002664890073
shruti_filming_1_flipped.mp4,470,1,5,0.1887882957274269,0.9996227264404296,0.3836601257324218,4,0.1887882957274269,0.9996227264404296,59.96002664890073
shruti_filming_1_flipped.mp4,471,1,3,0.1894189474916367,0.9996370315551758,0.3826657895688657,3,0.1894189474916367,0.9996370315551758,59.96002664890073
shruti_filming_1_flipped.mp4,472,1,5,0.1902292125699265,0.9996623992919922,0.3794304741753472,5,0.1902292125699265,0.9996623992919922,59.96002664890073
shruti_filming_1_flipped.mp4,473,1,5,0.1917910083335138,0.9997140884399414,0.3760650917335792,5,0.1917910083335138,0.9997140884399414,59.96002664890073
shruti_filming_1_flipped.mp4,474,1,5,0.1926264665327588,0.9996860504150392,0.3733374136465567,5,0.1926264665327588,0.9996860504150392,59.96002664890073
shruti_filming_1_flipped.mp4,475,1,3,0.1927170525790037,0.9997472763061525,0.3726063481083623,3,0.1927170525790037,0.9997472763061525,59.96002664890073
shruti_filming_1_flipped.mp4,476,1,5,0.1933819538931129,0.9996948877970376,0.3705718994140625,5,0.1933819538931129,0.9996948877970376,59.96002664890073
shruti_filming_1_flipped.mp4,477,1,4,0.1945559102468865,0.9999095916748046,0.3677768283420138,4,0.1945559102468865,0.9999095916748046,59.96002664890073
shruti_filming_1_flipped.mp4,478,1,5,0.1940144526194005,0.9992310206095376,0.3675394694010416,4,0.1940144526194005,0.9992310206095376,59.96002664890073
shruti_filming_1_flipped.mp4,479,1,4,0.1961981426744023,0.999015998840332,0.3640838623046875,4,0.1961981426744023,0.999015998840332,59.96002664890073
shruti_filming_1_flipped.mp4,480,2,4,0.1967009083585013,0.9996004104614258,0.3607872291847511,4,0.1967009083585013,0.9996004104614258,59.96002664890073
shruti_filming_1_flipped.mp4,481,2,4,0.1972195227883154,0.9990755081176758,0.3605701870388454,3,0.1972195227883154,0.9990755081176758,59.96002664890073
shruti_filming_1_flipped.mp4,482,2,4,0.1981069092106513,0.9994657516479492,0.3570684644911024,4,0.1981069092106513,0.9994657516479492,59.96002664890073
shruti_filming_1_flipped.mp4,483,2,5,0.1983072254008018,0.999708620707194,0.3562761094835069,4,0.1983072254008018,0.999708620707194,59.96002664890073
shruti_filming_1_flipped.mp4,484,2,4,0.1986883094738004,0.9990193049112956,0.3531823052300347,3,0.1986883094738004,0.9990193049112956,59.96002664890073
shruti_filming_1_flipped.mp4,485,2,5,0.195359229784226,0.9938024520874024,0.3511262681749132,3,0.195359229784226,0.9938024520874024,59.96002664890073
shruti_filming_1_flipped.mp4,486,2,5,0.1904641461025069,0.9857147216796877,0.3511100769042968,3,0.1904641461025069,0.9857147216796877,59.96002664890073
shruti_filming_1_flipped.mp4,487,2,5,0.1898082555060412,0.9850727081298828,0.3512584544994213,3,0.1898082555060412,0.9850727081298828,59.96002664890073
shruti_filming_1_flipped.mp4,488,2,6,0.184548996379793,0.977366828918457,0.3483327229817708,3,0.184548996379793,0.977366828918457,59.96002664890073
shruti_filming_1_flipped.mp4,489,2,6,0.1806555461664978,0.9696893692016602,0.3471398812753183,3,0.1806555461664978,0.9696893692016602,59.96002664890073
shruti_filming_1_flipped.mp4,490,2,6,0.1751486658763476,0.963263765970866,0.3414154052734375,3,0.1751486658763476,0.963263765970866,59.96002664890073
shruti_filming_1_flipped.mp4,491,2,6,0.1683667125858267,0.9580801010131836,0.325633720115379,2,0.1683667125858267,0.9580801010131836,59.96002664890073
shruti_filming_1_flipped.mp4,492,2,4,0.1641240229360604,0.9530858993530272,0.3090797424316406,2,0.1641240229360604,0.9530858993530272,59.96002664890073
shruti_filming_1_flipped.mp4,493,2,5,0.155686637774048,0.9461381912231446,0.2903891104239005,2,0.155686637774048,0.9461381912231446,59.96002664890073
shruti_filming_1_flipped.mp4,494,2,5,0.1465066781107129,0.9396934509277344,0.2671883477105035,2,0.1465066781107129,0.9396934509277344,59.96002664890073
shruti_filming_1_flipped.mp4,495,2,5,0.1410848146352671,0.9381102244059244,0.2435981750488281,2,0.1410848146352671,0.9381102244059244,59.96002664890073
shruti_filming_1_flipped.mp4,496,2,5,0.1355485581486977,0.9319046020507812,0.2319985848885995,2,0.1355485581486977,0.9319046020507812,59.96002664890073
shruti_filming_1_flipped.mp4,497,2,5,0.1302611309362691,0.9295564651489258,0.2166130065917968,2,0.1302611309362691,0.9295564651489258,59.96002664890073
shruti_filming_1_flipped.mp4,498,2,5,0.123323756247733,0.9244648615519204,0.1939632557056568,2,0.123323756247733,0.9244648615519204,59.96002664890073
shruti_filming_1_flipped.mp4,499,2,5,0.1197168777671672,0.920402717590332,0.1813408463089554,2,0.1197168777671672,0.920402717590332,59.96002664890073
shruti_filming_1_flipped.mp4,500,2,5,0.1119468465010329,0.9160799026489258,0.1526805171260127,2,0.1119468465010329,0.9160799026489258,59.96002664890073
shruti_filming_1_flipped.mp4,501,2,6,0.1093785826482861,0.9136801401774088,0.1466518825954861,2,0.1093785826482861,0.9136801401774088,59.96002664890073
shruti_filming_1_flipped.mp4,502,2,6,0.102669833949767,0.909707260131836,0.1248226589626736,2,0.102669833949767,0.909707260131836,59.96002664890073
shruti_filming_1_flipped.mp4,503,2,6,0.0987892240106561,0.906776237487793,0.1142172636809172,2,0.0987892240106561,0.906776237487793,59.96002664890073
shruti_filming_1_flipped.mp4,504,2,8,0.0946721406089843,0.9039731979370116,0.0989076967592592,4,0.0946721406089843,0.9039731979370116,59.96002664890073
shruti_filming_1_flipped.mp4,505,2,8,0.0907893610652536,0.9994743982950848,0.6828948974609375,5,0.0907339049973144,0.897950553894043,59.96002664890073
shruti_filming_1_flipped.mp4,506,2,6,0.0968921675639087,0.9994386672973632,0.6684657909252025,5,0.0872675404621986,0.8952311197916667,59.96002664890073
shruti_filming_1_flipped.mp4,507,2,7,0.1020559285797845,0.9994577407836914,0.6547910337094908,6,0.0856275824665014,0.8935089111328125,59.96002664890073
shruti_filming_1_flipped.mp4,508,2,6,0.1058084675049111,0.9994568506876628,0.6409426653826679,5,0.0837225221404029,0.8911183039347331,59.96002664890073
shruti_filming_1_flipped.mp4,509,2,4,0.1102757785936248,0.9994440714518228,0.629757238317419,3,0.0802849997052463,0.8860004425048829,59.96002664890073
shruti_filming_1_flipped.mp4,510,2,4,0.1145282958083812,0.9994318008422852,0.61711996572989,3,0.0776509603818703,0.8850877761840821,59.96002664890073
shruti_filming_1_flipped.mp4,511,2,4,0.1182998263505093,0.9993820190429688,0.6056378965024595,3,0.0746855528638367,0.8819584528605143,59.96002664890073
shruti_filming_1_flipped.mp4,512,2,4,0.122508601992999,0.9994389216105144,0.5958822744864004,4,0.122508601992999,0.9994389216105144,59.96002664890073
shruti_filming_1_flipped.mp4,513,2,4,0.1250748558332108,0.999368158976237,0.5860885054976852,4,0.1250748558332108,0.999368158976237,59.96002664890073
shruti_filming_1_flipped.mp4,514,2,4,0.1276146330565636,0.9993497848510742,0.5776177865487558,4,0.1276146330565636,0.9993497848510742,59.96002664890073
shruti_filming_1_flipped.mp4,515,2,7,0.1308173532904927,0.9995269775390624,0.5716188218858507,7,0.1308173532904927,0.9995269775390624,59.96002664890073
shruti_filming_1_flipped.mp4,516,2,6,0.1329007046516441,0.99931640625,0.5605063544379341,6,0.1329007046516441,0.99931640625,59.96002664890073
shruti_filming_1_flipped.mp4,517,2,7,0.1360204628623273,0.9994834899902344,0.5494109542281539,7,0.1360204628623273,0.9994834899902344,59.96002664890073
shruti_filming_1_flipped.mp4,518,2,7,0.1382078319820963,0.9994970321655272,0.5429562038845486,7,0.1382078319820963,0.9994970321655272,59.96002664890073
shruti_filming_1_flipped.mp4,519,2,6,0.140888778193912,0.999456024169922,0.5354820534035012,6,0.140888778193912,0.999456024169922,59.96002664890073
shruti_filming_1_flipped.mp4,520,2,6,0.1409040319409945,0.9994593302408854,0.535423900462963,6,0.1409040319409945,0.9994593302408854,59.96002664890073
shruti_filming_1_flipped.mp4,521,2,6,0.1432043344669768,0.99946346282959,0.531304027416088,6,0.1432043344669768,0.99946346282959,59.96002664890073
shruti_filming_1_flipped.mp4,522,2,6,0.1448932107460374,0.9994160334269204,0.5242839671947338,6,0.1448932107460374,0.9994160334269204,59.96002664890073
shruti_filming_1_flipped.mp4,523,2,6,0.1479781197958315,0.9993600845336914,0.5153611924913194,6,0.1479781197958315,0.9993600845336914,59.96002664890073
shruti_filming_1_flipped.mp4,524,2,6,0.1506175547878956,0.9993740081787108,0.5093534116391782,6,0.1506175547878956,0.9993740081787108,59.96002664890073
shruti_filming_1_flipped.mp4,525,2,6,0.1534853819230273,0.9995686213175456,0.502793206108941,6,0.1534853819230273,0.9995686213175456,59.96002664890073
shruti_filming_1_flipped.mp4,526,2,6,0.1532869583897344,0.9993452072143556,0.4989879466869213,6,0.1532869583897344,0.9993452072143556,59.96002664890073
shruti_filming_1_flipped.mp4,527,2,6,0.1561382035137568,0.9993417739868165,0.4927866617838541,6,0.1561382035137568,0.9993417739868165,59.96002664890073
shruti_filming_1_flipped.mp4,528,2,5,0.1584166208220132,0.999388313293457,0.4869138929578993,5,0.1584166208220132,0.999388313293457,59.96002664890073
shruti_filming_1_flipped.mp4,529,2,5,0.1604593532051449,0.9996791839599608,0.4817878440574363,5,0.1604593532051449,0.9996791839599608,59.96002664890073
shruti_filming_1_flipped.mp4,530,2,5,0.1622215771863494,0.999730110168457,0.4765079639576099,5,0.1622215771863494,0.999730110168457,59.96002664890073
shruti_filming_1_flipped.mp4,531,2,5,0.1641427659331788,0.9997482299804688,0.4712204262062355,5,0.1641427659331788,0.9997482299804688,59.96002664890073
shruti_filming_1_flipped.mp4,532,2,4,0.1652333469176233,0.9993746439615886,0.4660613448531539,4,0.1652333469176233,0.9993746439615886,59.96002664890073
shruti_filming_1_flipped.mp4,533,2,4,0.1665094454887012,0.9992307662963869,0.4630305254900897,4,0.1665094454887012,0.9992307662963869,59.96002664890073
shruti_filming_1_flipped.mp4,534,2,4,0.1690257046755545,0.999766222635905,0.4577777438693576,4,0.1690257046755545,0.999766222635905,59.96002664890073
shruti_filming_1_flipped.mp4,535,2,4,0.1687503776031856,0.9993671417236328,0.4557146708170573,4,0.1687503776031856,0.9993671417236328,59.96002664890073
shruti_filming_1_flipped.mp4,536,2,4,0.1712795478767819,0.9996360778808594,0.4505425347222222,4,0.1712795478767819,0.9996360778808594,59.96002664890073
shruti_filming_1_flipped.mp4,537,2,4,0.1716537172741322,0.9992605209350586,0.4472365767867476,4,0.1716537172741322,0.9992605209350586,59.96002664890073
shruti_filming_1_flipped.mp4,538,2,4,0.1735639316333694,0.9995227813720704,0.44328938236943,4,0.1735639316333694,0.9995227813720704,59.96002664890073
shruti_filming_1_flipped.mp4,539,2,3,0.1745557679766702,0.9996383666992188,0.4402662489149305,3,0.1745557679766702,0.9996383666992188,59.96002664890073
shruti_filming_1_flipped.mp4,540,1,3,0.1761102881370526,0.999591064453125,0.4357883029513889,3,0.1761102881370526,0.999591064453125,59.96002664890073
shruti_filming_1_flipped.mp4,541,1,3,0.1769369431641017,0.999548594156901,0.4324969821506076,3,0.1769369431641017,0.999548594156901,59.96002664890073
shruti_filming_1_flipped.mp4,542,1,4,0.1778583253534758,0.9995256423950196,0.4303695113570602,4,0.1778583253534758,0.9995256423950196,59.96002664890073
shruti_filming_1_flipped.mp4,543,1,5,0.1791881157014103,0.9995294570922852,0.4265127393934462,5,0.1791881157014103,0.9995294570922852,59.96002664890073
shruti_filming_1_flipped.mp4,544,1,5,0.1802996481812119,0.9994804382324218,0.4237536960177951,5,0.1802996481812119,0.9994804382324218,59.96002664890073
shruti_filming_1_flipped.mp4,545,1,5,0.1814772989456725,0.999539566040039,0.4201766120062934,5,0.1814772989456725,0.999539566040039,59.96002664890073
shruti_filming_1_flipped.mp4,546,1,3,0.1819318556337815,0.9995758056640623,0.4186845002350984,3,0.1819318556337815,0.9995758056640623,59.96002664890073
shruti_filming_1_flipped.mp4,547,1,3,0.1823907563706032,0.9996674219767252,0.4166799757215711,3,0.1823907563706032,0.9996674219767252,59.96002664890073
shruti_filming_1_flipped.mp4,548,1,3,0.1838769668265659,0.9996100107828776,0.4131167941623264,3,0.1838769668265659,0.9996100107828776,59.96002664890073
shruti_filming_1_flipped.mp4,549,1,4,0.1843567995237039,0.9995981216430664,0.4106984738950376,3,0.1843567995237039,0.9995981216430664,59.96002664890073
shruti_filming_1_flipped.mp4,550,1,5,0.1853918636596224,0.9995492935180664,0.407641347249349,3,0.1853918636596224,0.9995492935180664,59.96002664890073
shruti_filming_1_flipped.mp4,551,1,5,0.1868087780518787,0.9996191024780272,0.4045397440592448,3,0.1868087780518787,0.9996191024780272,59.96002664890073
shruti_filming_1_flipped.mp4,552,1,4,0.1878733910413252,0.999684715270996,0.4016384548611111,3,0.1878733910413252,0.999684715270996,59.96002664890073
shruti_filming_1_flipped.mp4,553,1,4,0.1888839040960495,0.999701182047526,0.3982069227430556,4,0.1888839040960495,0.999701182047526,59.96002664890073
shruti_filming_1_flipped.mp4,554,1,6,0.1889877212257771,0.9996628443400064,0.3963192409939236,4,0.1889877212257771,0.9996628443400064,59.96002664890073
shruti_filming_1_flipped.mp4,555,1,6,0.1902287580698612,0.9996643702189127,0.3925674438476562,4,0.1902287580698612,0.9996643702189127,59.96002664890073
shruti_filming_1_flipped.mp4,556,1,6,0.1910227013104573,0.9996802012125652,0.389611420808015,4,0.1910227013104573,0.9996802012125652,59.96002664890073
shruti_filming_1_flipped.mp4,557,1,6,0.1916955936926468,0.9996545791625976,0.3873175161856192,4,0.1916955936926468,0.9996545791625976,59.96002664890073
shruti_filming_1_flipped.mp4,558,1,6,0.1919759758784547,0.9996238708496094,0.3863256101255063,4,0.1919759758784547,0.9996238708496094,59.96002664890073
shruti_filming_1_flipped.mp4,559,1,5,0.1920672025817448,0.999211883544922,0.3856013262713397,4,0.1920672025817448,0.999211883544922,59.96002664890073
shruti_filming_1_flipped.mp4,560,1,5,0.1922430038094494,0.99962100982666,0.3871817977340133,4,0.1922430038094494,0.99962100982666,59.96002664890073
shruti_filming_1_flipped.mp4,561,1,6,0.1928750286208621,0.9995052337646484,0.386366950141059,4,0.1928750286208621,0.9995052337646484,59.96002664890073
shruti_filming_1_flipped.mp4,562,1,7,0.1911695035159613,0.9985376358032226,0.3880605061848958,5,0.1911695035159613,0.9985376358032226,59.96002664890073
shruti_filming_1_flipped.mp4,563,1,5,0.1943154191757397,0.9990215937296548,0.3790059407552083,3,0.1943154191757397,0.9990215937296548,59.96002664890073
shruti_filming_1_flipped.mp4,564,1,6,0.1936950072408944,0.9988235473632812,0.3824078877766927,3,0.1936950072408944,0.9988235473632812,59.96002664890073
shruti_filming_1_flipped.mp4,565,1,6,0.1891739196554085,0.9888635635375976,0.3762178209092882,3,0.1891739196554085,0.9888635635375976,59.96002664890073
shruti_filming_1_flipped.mp4,566,1,7,0.1819405326381308,0.9767108917236328,0.372106537995515,4,0.1819405326381308,0.9767108917236328,59.96002664890073
shruti_filming_1_flipped.mp4,567,1,5,0.183389300149348,0.9757394790649414,0.3692715115017361,4,0.183389300149348,0.9757394790649414,59.96002664890073
shruti_filming_1_flipped.mp4,568,1,8,0.1791955800154419,0.9689791361490886,0.3689271149811921,5,0.1791955800154419,0.9689791361490886,59.96002664890073
shruti_filming_1_flipped.mp4,569,1,7,0.1748924010370521,0.960869026184082,0.3620370652940538,5,0.1748924010370521,0.960869026184082,59.96002664890073
shruti_filming_1_flipped.mp4,570,1,5,0.1732136848079487,0.9576328913370769,0.3583153901276765,4,0.1732136848079487,0.9576328913370769,59.96002664890073
shruti_filming_1_flipped.mp4,571,1,7,0.1634368101733788,0.952347946166992,0.328456793891059,5,0.1634368101733788,0.952347946166992,59.96002664890073
shruti_filming_1_flipped.mp4,572,1,8,0.156251302854394,0.9492687861124676,0.299556901719835,5,0.156251302854394,0.9492687861124676,59.96002664890073
shruti_filming_1_flipped.mp4,573,1,6,0.1410576067886237,0.9357060114542644,0.2694125705295139,3,0.1410576067886237,0.9357060114542644,59.96002664890073
shruti_filming_1_flipped.mp4,574,1,9,0.1350153091723687,0.9339204788208008,0.2497428894042968,6,0.1350153091723687,0.9339204788208008,59.96002664890073
shruti_filming_1_flipped.mp4,575,1,8,0.1237844735622638,0.9239583969116212,0.2289532131618923,5,0.1237844735622638,0.9239583969116212,59.96002664890073
shruti_filming_1_flipped.mp4,576,1,7,0.1212999960515945,0.9246282577514648,0.2048759460449218,4,0.1212999960515945,0.9246282577514648,59.96002664890073
shruti_filming_1_flipped.mp4,577,1,7,0.1149371891661657,0.921831512451172,0.1815740797254774,4,0.1149371891661657,0.921831512451172,59.96002664890073
shruti_filming_1_flipped.mp4,578,1,7,0.1045117329158852,0.907296625773112,0.1619843942147714,4,0.1045117329158852,0.907296625773112,59.96002664890073
shruti_filming_1_flipped.mp4,579,1,7,0.1004258866272963,0.90705509185791,0.1449111090766059,5,0.1004258866272963,0.90705509185791,59.96002664890073
shruti_filming_1_flipped.mp4,580,1,7,0.0957480750120058,0.9027758280436198,0.1276154977303964,5,0.0957480750120058,0.9027758280436198,59.96002664890073
shruti_filming_1_flipped.mp4,581,1,7,0.0932249487819111,0.9028483072916668,0.108365970187717,5,0.0932249487819111,0.9028483072916668,59.96002664890073
shruti_filming_1_flipped.mp4,582,1,7,0.0934938304219826,0.9997817993164062,0.7308393125180845,5,0.0891562269439969,0.9001958847045899,59.96002664890073
shruti_filming_1_flipped.mp4,583,1,6,0.0998109408326585,1.0,0.7169479935257523,4,0.0820721721840824,0.8884071350097656,59.96002664890073
shruti_filming_1_flipped.mp4,584,1,6,0.1045513783955377,0.9994766235351562,0.7055196126302083,4,0.0792520873142186,0.8849710464477539,59.96002664890073
shruti_filming_1_flipped.mp4,585,1,6,0.1090153676141764,0.9995367050170898,0.6939686527958623,4,0.0762174044119213,0.8820717493693034,59.96002664890073
shruti_filming_1_flipped.mp4,586,1,6,0.1145717471471073,0.999288813273112,0.6820347538700811,4,0.0716879250733832,0.8770577112833658,59.96002664890073
shruti_filming_1_flipped.mp4,587,1,5,0.1178890039001513,0.9996355056762696,0.6712405169451678,3,0.0682952320086985,0.8755701065063477,59.96002664890073
shruti_filming_1_flipped.mp4,588,1,5,0.1231765098879501,0.9996065139770508,0.6572170116283276,3,0.0663846621956003,0.8723600387573243,59.96002664890073
shruti_filming_1_flipped.mp4,589,1,5,0.1256631938315982,0.9989959716796876,0.6499985306351274,3,0.0654502908885479,0.8748699188232422,59.96002664890073
shruti_filming_1_flipped.mp4,590,1,5,0.1304456913191825,0.9990805308024088,0.6372383400245949,3,0.0616897188266685,0.8676952997843425,59.96002664890073
shruti_filming_1_flipped.mp4,591,1,5,0.133373069411771,0.9991708755493164,0.6275301897967304,3,0.0601934672730836,0.8636240641276042,59.96002664890073
shruti_filming_1_flipped.mp4,592,1,5,0.1361557988923353,0.9991415659586588,0.6189984356915509,3,0.0559861811600664,0.8572275161743164,59.96002664890073
shruti_filming_1_flipped.mp4,593,1,5,0.1395603838425207,0.9991443634033204,0.6093762433087384,3,0.0549270803680324,0.8565304438273112,59.96002664890073
shruti_filming_1_flipped.mp4,594,1,6,0.1416980958453172,0.9991388956705728,0.6031896520543981,5,0.0539013729334692,0.8564119338989258,59.96002664890073
shruti_filming_1_flipped.mp4,595,1,6,0.1442623925765216,0.9985687255859376,0.5960855554651331,6,0.1442623925765216,0.9985687255859376,59.96002664890073
shruti_filming_1_flipped.mp4,596,1,6,0.1473325878275877,0.9984657923380534,0.587218842683015,6,0.1473325878275877,0.9984657923380534,59.96002664890073
shruti_filming_1_flipped.mp4,597,1,8,0.1482391518576898,0.995955276489258,0.5821595368561922,8,0.1482391518576898,0.995955276489258,59.96002664890073
shruti_filming_1_flipped.mp4,598,1,6,0.1479072047522353,0.9879249572753906,0.5758059466326678,6,0.1479072047522353,0.9879249572753906,59.96002664890073
shruti_filming_1_flipped.mp4,599,1,7,0.1495160105622863,0.9829002380371094,0.5640381424515336,7,0.1495160105622863,0.9829002380371094,59.96002664890073
shruti_filming_1_flipped.mp4,600,1,6,0.1487282109485628,0.9762884140014648,0.5561152705439815,6,0.1487282109485628,0.9762884140014648,59.96002664890073
shruti_filming_1_flipped.mp4,601,1,5,0.1480702193763917,0.9721473693847656,0.5489870989764178,5,0.1480702193763917,0.9721473693847656,59.96002664890073
shruti_filming_1_flipped.mp4,602,1,4,0.1478596115627119,0.9696968078613282,0.5441895661530671,4,0.1478596115627119,0.9696968078613282,59.96002664890073
shruti_filming_1_flipped.mp4,603,1,6,0.1467109913384127,0.9630496978759766,0.5374613444010417,6,0.1467109913384127,0.9630496978759766,59.96002664890073
shruti_filming_1_flipped.mp4,604,1,5,0.1452693246447813,0.9583942413330078,0.5333153053566262,5,0.1452693246447813,0.9583942413330078,59.96002664890073
shruti_filming_1_flipped.mp4,605,1,6,0.1441107545641285,0.9539392471313476,0.5296896475332754,6,0.1441107545641285,0.9539392471313476,59.96002664890073
shruti_filming_1_flipped.mp4,606,1,4,0.142528137759299,0.9486574172973632,0.5255133169668692,4,0.142528137759299,0.9486574172973632,59.96002664890073
shruti_filming_1_flipped.mp4,607,1,5,0.1423409876977611,0.9461525599161784,0.5217585810908565,5,0.1423409876977611,0.9461525599161784,59.96002664890073
shruti_filming_1_flipped.mp4,608,1,5,0.1432344005232961,0.945690409342448,0.5170956081814236,5,0.1432344005232961,0.945690409342448,59.96002664890073
shruti_filming_1_flipped.mp4,609,1,5,0.1434493321295142,0.9434949874877928,0.512540520562066,5,0.1434493321295142,0.9434949874877928,59.96002664890073
shruti_filming_1_flipped.mp4,610,1,5,0.143273258611659,0.9406923294067384,0.509609928837529,5,0.143273258611659,0.9406923294067384,59.96002664890073
shruti_filming_1_flipped.mp4,611,1,6,0.1447287971622319,0.941382090250651,0.5038502445927373,6,0.1447287971622319,0.941382090250651,59.96002664890073
shruti_filming_1_flipped.mp4,612,1,5,0.145653910507458,0.940488624572754,0.4995977331090857,5,0.145653910507458,0.940488624572754,59.96002664890073
shruti_filming_1_flipped.mp4,613,1,5,0.144060186460847,0.9356218338012696,0.495251069245515,5,0.144060186460847,0.9356218338012696,59.96002664890073
shruti_filming_1_flipped.mp4,614,1,5,0.1440577682604392,0.933722686767578,0.4921946207682292,5,0.1440577682604392,0.933722686767578,59.96002664890073
shruti_filming_1_flipped.mp4,615,1,4,0.1439221327748461,0.9318086624145508,0.4890788325557002,4,0.1439221327748461,0.9318086624145508,59.96002664890073
shruti_filming_1_flipped.mp4,616,1,4,0.1437170317021944,0.9294813791910808,0.4840076022677951,4,0.1437170317021944,0.9294813791910808,59.96002664890073
shruti_filming_1_flipped.mp4,617,1,4,0.1438441751420607,0.926450538635254,0.4772061948423032,4,0.1438441751420607,0.926450538635254,59.96002664890073
shruti_filming_1_flipped.mp4,618,1,4,0.1443433883143977,0.9255350748697916,0.4733239067925347,4,0.1443433883143977,0.9255350748697916,59.96002664890073
shruti_filming_1_flipped.mp4,619,1,4,0.142939573871058,0.921530532836914,0.4700362594039352,4,0.142939573871058,0.921530532836914,59.96002664890073
shruti_filming_1_flipped.mp4,620,1,5,0.142308419846921,0.920332717895508,0.4674496403446904,5,0.142308419846921,0.920332717895508,59.96002664890073
shruti_filming_1_flipped.mp4,621,1,5,0.1420712586799291,0.918873405456543,0.4656202528211806,5,0.1420712586799291,0.918873405456543,59.96002664890073
shruti_filming_1_flipped.mp4,622,1,5,0.1427832980009649,0.9188493728637696,0.4618045383029514,5,0.1427832980009649,0.9188493728637696,59.96002664890073
shruti_filming_1_flipped.mp4,623,1,5,0.1438470492007952,0.9180797576904296,0.4551053647641782,5,0.1438470492007952,0.9180797576904296,59.96002664890073
shruti_filming_1_flipped.mp4,624,1,6,0.1477957888327795,0.923952865600586,0.4517022874620225,6,0.1477957888327795,0.923952865600586,59.96002664890073
shruti_filming_1_flipped.mp4,625,1,5,0.1573865392954623,0.9402324676513673,0.4488954049569589,5,0.1573865392954623,0.9402324676513673,59.96002664890073
shruti_filming_1_flipped.mp4,626,1,4,0.1627729035094186,0.9488162994384766,0.4466671696415654,4,0.1627729035094186,0.9488162994384766,59.96002664890073
shruti_filming_1_flipped.mp4,627,1,5,0.1655252767571558,0.952964210510254,0.44471435546875,5,0.1655252767571558,0.952964210510254,59.96002664890073
shruti_filming_1_flipped.mp4,628,1,4,0.1673020954444332,0.9544680277506512,0.4430292200159143,4,0.1673020954444332,0.9544680277506512,59.96002664890073
shruti_filming_1_flipped.mp4,629,1,4,0.1665261208266019,0.9527847290039062,0.4407086407696759,4,0.1665261208266019,0.9527847290039062,59.96002664890073
shruti_filming_1_flipped.mp4,630,1,6,0.1668789673740199,0.9519383112589518,0.4379133718985098,6,0.1668789673740199,0.9519383112589518,59.96002664890073
shruti_filming_1_flipped.mp4,631,1,6,0.1664228806223642,0.9503235499064128,0.4347313774956597,6,0.1664228806223642,0.9503235499064128,59.96002664890073
shruti_filming_1_flipped.mp4,632,1,5,0.1658150964514869,0.9481388092041017,0.4320818865740741,5,0.1658150964514869,0.9481388092041017,59.96002664890073
shruti_filming_1_flipped.mp4,633,1,3,0.1644900514237168,0.9449592590332032,0.4302680121527777,3,0.1644900514237168,0.9449592590332032,59.96002664890073
shruti_filming_1_flipped.mp4,634,1,4,0.1623565905659537,0.9401609420776368,0.4272308349609375,3,0.1623565905659537,0.9401609420776368,59.96002664890073
shruti_filming_1_flipped.mp4,635,1,3,0.1562978354628905,0.9335924784342448,0.4191346910264757,3,0.1562978354628905,0.9335924784342448,59.96002664890073
shruti_filming_1_flipped.mp4,636,1,5,0.1456760712603145,0.928675905863444,0.3901260093406394,3,0.1456760712603145,0.928675905863444,59.96002664890073
shruti_filming_1_flipped.mp4,637,1,4,0.1372620678876733,0.923652458190918,0.3644305759006076,3,0.1372620678876733,0.923652458190918,59.96002664890073
shruti_filming_1_flipped.mp4,638,1,7,0.1294410530036533,0.9161287307739258,0.3442101090042679,6,0.1294410530036533,0.9161287307739258,59.96002664890073
shruti_filming_1_flipped.mp4,639,1,4,0.1254864831865092,0.912493896484375,0.3280287000868055,3,0.1254864831865092,0.912493896484375,59.96002664890073
shruti_filming_1_flipped.mp4,640,1,4,0.116413915514131,0.905584716796875,0.3034511142306857,3,0.116413915514131,0.905584716796875,59.96002664890073
shruti_filming_1_flipped.mp4,641,1,4,0.1128860767274293,0.9036413192749024,0.2867180718315972,3,0.1128860767274293,0.9036413192749024,59.96002664890073
shruti_filming_1_flipped.mp4,642,1,5,0.1056106194301241,0.8973061243693033,0.2662381207501447,4,0.1056106194301241,0.8973061243693033,59.96002664890073
shruti_filming_1_flipped.mp4,643,1,6,0.1016415278074931,0.8941504160563151,0.2502985636393229,5,0.1016415278074931,0.8941504160563151,59.96002664890073
shruti_filming_1_flipped.mp4,644,1,5,0.0953875714896841,0.8840092341105144,0.2421402825249566,4,0.0953875714896841,0.8840092341105144,59.96002664890073
shruti_filming_1_flipped.mp4,645,1,5,0.0933084077961717,0.9997644424438475,0.7517330593532986,4,0.0890004253776957,0.8765350977579752,59.96002664890073
shruti_filming_1_flipped.mp4,646,1,4,0.0985584711686587,0.9998012542724608,0.7383213184497974,3,0.0861929293376728,0.8731809616088867,59.96002664890073
shruti_filming_1_flipped.mp4,647,1,4,0.1057487199690917,0.9997110366821288,0.718145751953125,3,0.0820446887787612,0.8671682357788086,59.96002664890073
shruti_filming_1_flipped.mp4,648,1,4,0.1111717328410681,0.9996512095133464,0.7042272497106481,3,0.0775240198978335,0.862523078918457,59.96002664890073
shruti_filming_1_flipped.mp4,649,1,5,0.116361183236435,0.9995639801025392,0.691181719744647,4,0.070859295363345,0.8506809870402018,59.96002664890073
shruti_filming_1_flipped.mp4,650,1,5,0.1202128517883829,0.9995637893676758,0.6814927277741609,4,0.0626689257973339,0.8334282557169597,59.96002664890073
shruti_filming_1_flipped.mp4,651,1,6,0.1221183231470382,0.999722671508789,0.6768574467411748,5,0.059396767497981,0.8283899307250977,59.96002664890073
shruti_filming_1_flipped.mp4,652,1,5,0.126561293714891,0.999786376953125,0.6658066926179109,4,0.0576748748630393,0.8272624969482422,59.96002664890073
shruti_filming_1_flipped.mp4,653,1,5,0.1297835268131974,0.9998245239257812,0.6586414478443287,4,0.0563074771163519,0.8273223876953125,59.96002664890073
shruti_filming_1_flipped.mp4,654,1,5,0.1330290032779535,0.9997104644775392,0.6496177955910012,4,0.0549194642259842,0.8239019393920899,59.96002664890073
shruti_filming_1_flipped.mp4,655,1,5,0.1360085422255926,0.9997304916381836,0.6423149956597223,4,0.0545373638285565,0.8291046142578125,59.96002664890073
shruti_filming_1_flipped.mp4,656,1,5,0.1392689162300666,0.9990055084228516,0.6298804389105903,4,0.0524921161133399,0.8263311386108398,59.96002664890073
shruti_filming_1_flipped.mp4,657,1,4,0.1433640040567196,0.9999494552612304,0.6201224433051216,3,0.0494610366038007,0.82186279296875,59.96002664890073
shruti_filming_1_flipped.mp4,658,1,4,0.1448186659467885,0.999150848388672,0.6115149038809317,3,0.0496401112876116,0.8249551773071289,59.96002664890073
shruti_filming_1_flipped.mp4,659,1,6,0.1476060773976604,0.999239730834961,0.6045650906032987,5,0.0455237487269824,0.8150592803955078,59.96002664890073
shruti_filming_1_flipped.mp4,660,2,6,0.1506964674141986,0.9992218653361002,0.5926984433774595,6,0.1506964674141986,0.9992218653361002,59.96002664890073
shruti_filming_1_flipped.mp4,661,2,6,0.1509727873528997,0.9993778864542644,0.5885522913049769,6,0.1509727873528997,0.9993778864542644,59.96002664890073
shruti_filming_1_flipped.mp4,662,2,6,0.1538366898989167,0.999416732788086,0.5812812522605614,6,0.1538366898989167,0.999416732788086,59.96002664890073
shruti_filming_1_flipped.mp4,663,2,5,0.1555691773331556,0.9993898391723632,0.5747291282371239,5,0.1555691773331556,0.9993898391723632,59.96002664890073
shruti_filming_1_flipped.mp4,664,2,4,0.1570403074078085,0.999659538269043,0.5721162584092881,4,0.1570403074078085,0.999659538269043,59.96002664890073
shruti_filming_1_flipped.mp4,665,2,5,0.16073076326607,0.9994544982910156,0.5612476490162037,5,0.16073076326607,0.9994544982910156,59.96002664890073
shruti_filming_1_flipped.mp4,666,2,5,0.1612212001674925,0.9990078608194988,0.5579060307255498,5,0.1612212001674925,0.9990078608194988,59.96002664890073
shruti_filming_1_flipped.mp4,667,2,4,0.1635837149433791,0.9990406036376952,0.5512986924913195,4,0.1635837149433791,0.9990406036376952,59.96002664890073
shruti_filming_1_flipped.mp4,668,2,5,0.1648358671740631,0.9991615295410156,0.5452773482711227,5,0.1648358671740631,0.9991615295410156,59.96002664890073
shruti_filming_1_flipped.mp4,669,2,5,0.1671279529670582,0.9993831634521484,0.5366705435293692,5,0.1671279529670582,0.9993831634521484,59.96002664890073
shruti_filming_1_flipped.mp4,670,2,5,0.1690241549989923,0.9993974685668944,0.530848467791522,5,0.1690241549989923,0.9993974685668944,59.96002664890073
shruti_filming_1_flipped.mp4,671,2,5,0.1708357354401852,0.9994097391764324,0.5265905309606481,5,0.1708357354401852,0.9994097391764324,59.96002664890073
shruti_filming_1_flipped.mp4,672,2,5,0.172730670005387,0.9992788314819336,0.521692403157552,5,0.172730670005387,0.9992788314819336,59.96002664890073
shruti_filming_1_flipped.mp4,673,2,5,0.1739918803959153,0.9992338180541992,0.5172251383463542,5,0.1739918803959153,0.9992338180541992,59.96002664890073
shruti_filming_1_flipped.mp4,674,2,4,0.1750161823705787,0.9991561889648436,0.5126213921440972,4,0.1750161823705787,0.9991561889648436,59.96002664890073
shruti_filming_1_flipped.mp4,675,2,5,0.1759974630423649,0.9991356531778972,0.5067923086660879,5,0.1759974630423649,0.9991356531778972,59.96002664890073
shruti_filming_1_flipped.mp4,676,2,5,0.1775197675505209,0.9991329193115236,0.5018723664460358,5,0.1775197675505209,0.9991329193115236,59.96002664890073
shruti_filming_1_flipped.mp4,677,2,6,0.1785832145001472,0.9989399592081706,0.4970711036964699,6,0.1785832145001472,0.9989399592081706,59.96002664890073
shruti_filming_1_flipped.mp4,678,2,6,0.1797666035607215,0.999171257019043,0.4931914152922453,6,0.1797666035607215,0.999171257019043,59.96002664890073
shruti_filming_1_flipped.mp4,679,2,6,0.1815255805073926,0.9992881774902344,0.4882541232638889,6,0.1815255805073926,0.9992881774902344,59.96002664890073
shruti_filming_1_flipped.mp4,680,2,5,0.1832999716338235,0.9993268966674804,0.4825113932291666,5,0.1832999716338235,0.9993268966674804,59.96002664890073
shruti_filming_1_flipped.mp4,681,2,5,0.1847735829732846,0.99929625193278,0.4765340169270833,5,0.1847735829732846,0.99929625193278,59.96002664890073
shruti_filming_1_flipped.mp4,682,2,5,0.1855370278703048,0.9990667978922526,0.4715411150896991,5,0.1855370278703048,0.9990667978922526,59.96002664890073
shruti_filming_1_flipped.mp4,683,2,3,0.1869827214618271,0.9993324279785156,0.468882327609592,3,0.1869827214618271,0.9993324279785156,59.96002664890073
shruti_filming_1_flipped.mp4,684,2,3,0.1878118307799687,0.999189567565918,0.46472492924443,3,0.1878118307799687,0.999189567565918,59.96002664890073
shruti_filming_1_flipped.mp4,685,2,4,0.1890798034158554,0.9991632461547852,0.4601741366916232,4,0.1890798034158554,0.9991632461547852,59.96002664890073
shruti_filming_1_flipped.mp4,686,2,3,0.1887244294154893,0.999330711364746,0.4569877907081887,3,0.1887244294154893,0.999330711364746,59.96002664890073
shruti_filming_1_flipped.mp4,687,2,3,0.189034436666148,0.9994171142578124,0.4533840603298611,3,0.189034436666148,0.9994171142578124,59.96002664890073
shruti_filming_1_flipped.mp4,688,2,3,0.1903547222879974,0.999370574951172,0.4496134440104166,3,0.1903547222879974,0.999370574951172,59.96002664890073
shruti_filming_1_flipped.mp4,689,2,3,0.1905851203358421,0.999172592163086,0.4469868977864583,3,0.1905851203358421,0.999172592163086,59.96002664890073
shruti_filming_1_flipped.mp4,690,2,4,0.1925361605281445,0.9991498947143554,0.4412128024631076,4,0.1925361605281445,0.9991498947143554,59.96002664890073
shruti_filming_1_flipped.mp4,691,2,5,0.1946480015386381,0.9995246887207032,0.4395598517523871,5,0.1946480015386381,0.9995246887207032,59.96002664890073
shruti_filming_1_flipped.mp4,692,2,6,0.1948532818266539,0.9995086669921877,0.4379650539822048,6,0.1948532818266539,0.9995086669921877,59.96002664890073
shruti_filming_1_flipped.mp4,693,2,5,0.195918747815934,0.999589157104492,0.4342257181803385,5,0.195918747815934,0.999589157104492,59.96002664890073
shruti_filming_1_flipped.mp4,694,2,4,0.1968682664046193,0.9995388666788736,0.4303984747992621,4,0.1968682664046193,0.9995388666788736,59.96002664890073
shruti_filming_1_flipped.mp4,695,2,5,0.1973737688599579,0.9991984049479168,0.4271145573368779,4,0.1973737688599579,0.9991984049479168,59.96002664890073
shruti_filming_1_flipped.mp4,696,2,4,0.1977679363037977,0.9983381907145182,0.4219139946831597,3,0.1977679363037977,0.9983381907145182,59.96002664890073
shruti_filming_1_flipped.mp4,697,2,4,0.1941304594716671,0.9905288696289064,0.4182631598578559,3,0.1941304594716671,0.9905288696289064,59.96002664890073
shruti_filming_1_flipped.mp4,698,2,4,0.1923234355729073,0.9842016855875652,0.4141452365451389,3,0.1923234355729073,0.9842016855875652,59.96002664890073
shruti_filming_1_flipped.mp4,699,2,5,0.1886527852147507,0.976814079284668,0.4114583050763165,4,0.1886527852147507,0.976814079284668,59.96002664890073
shruti_filming_1_flipped.mp4,700,2,5,0.1846168885800849,0.9694101333618164,0.410220789026331,4,0.1846168885800849,0.9694101333618164,59.96002664890073
shruti_filming_1_flipped.mp4,701,2,5,0.181091412308559,0.9638898849487304,0.4088351214373553,4,0.181091412308559,0.9638898849487304,59.96002664890073
shruti_filming_1_flipped.mp4,702,2,5,0.179369195551149,0.9598068873087564,0.4067102220323351,4,0.179369195551149,0.9598068873087564,59.96002664890073
shruti_filming_1_flipped.mp4,703,2,6,0.1765094027225159,0.9535100936889648,0.403318362765842,4,0.1765094027225159,0.9535100936889648,59.96002664890073
shruti_filming_1_flipped.mp4,704,2,7,0.1705461912090443,0.946558952331543,0.4016865765606915,5,0.1705461912090443,0.946558952331543,59.96002664890073
shruti_filming_1_flipped.mp4,705,2,6,0.1675010042810844,0.9398033142089844,0.3986215662073206,4,0.1675010042810844,0.9398033142089844,59.96002664890073
shruti_filming_1_flipped.mp4,706,2,5,0.1670857768228247,0.9364768981933592,0.3925849914550781,4,0.1670857768228247,0.9364768981933592,59.96002664890073
shruti_filming_1_flipped.mp4,707,2,5,0.165296500916237,0.9342201868693034,0.3872453195077401,4,0.165296500916237,0.9342201868693034,59.96002664890073
shruti_filming_1_flipped.mp4,708,2,6,0.1636695780150968,0.9300275802612304,0.3830691584834346,4,0.1636695780150968,0.9300275802612304,59.96002664890073
shruti_filming_1_flipped.mp4,709,2,6,0.1628214318249112,0.9267618179321288,0.3826056868941695,4,0.1628214318249112,0.9267618179321288,59.96002664890073
shruti_filming_1_flipped.mp4,710,2,6,0.1588277778019093,0.922299575805664,0.3715182834201389,4,0.1588277778019093,0.922299575805664,59.96002664890073
shruti_filming_1_flipped.mp4,711,2,6,0.1535390171646657,0.9182875315348308,0.3511745876736111,4,0.1535390171646657,0.9182875315348308,59.96002664890073
shruti_filming_1_flipped.mp4,712,2,6,0.1488599685038854,0.9146580378214518,0.3353157891167534,5,0.1488599685038854,0.9146580378214518,59.96002664890073
shruti_filming_1_flipped.mp4,713,2,7,0.1427715468598762,0.9099241256713868,0.3173638237847222,6,0.1427715468598762,0.9099241256713868,59.96002664890073
shruti_filming_1_flipped.mp4,714,2,6,0.1376707481656706,0.9065542221069336,0.3025631374782986,5,0.1376707481656706,0.9065542221069336,59.96002664890073
shruti_filming_1_flipped.mp4,715,2,7,0.1332242011518597,0.903902816772461,0.2899546305338542,6,0.1332242011518597,0.903902816772461,59.96002664890073
shruti_filming_1_flipped.mp4,716,2,7,0.1291301124557342,0.9018234888712564,0.2751348707411024,6,0.1291301124557342,0.9018234888712564,59.96002664890073
shruti_filming_1_flipped.mp4,717,2,6,0.1250612760649097,0.8982912063598633,0.2612055460611979,5,0.1250612760649097,0.8982912063598633,59.96002664890073
shruti_filming_1_flipped.mp4,718,2,7,0.1201617668072382,0.8948909759521484,0.2459716796875,6,0.1201617668072382,0.8948909759521484,59.96002664890073
shruti_filming_1_flipped.mp4,719,2,6,0.1163654690481187,0.8914762496948242,0.2325635274251302,5,0.1163654690481187,0.8914762496948242,59.96002664890073
shruti_filming_1_flipped.mp4,720,0,7,0.1123402508051044,0.8874275207519531,0.2192876180013021,6,0.1123402508051044,0.8874275207519531,59.96002664890073
shruti_filming_1_flipped.mp4,721,0,7,0.1075994566799124,0.8828098932902019,0.2034268414532696,6,0.1075994566799124,0.8828098932902019,59.96002664890073
shruti_filming_1_flipped.mp4,722,0,5,0.1045535816843129,0.8795727411905925,0.1928964968080873,4,0.1045535816843129,0.8795727411905925,59.96002664890073
shruti_filming_1_flipped.mp4,723,0,6,0.1016120848260362,0.8775793075561523,0.1824873747649016,5,0.1016120848260362,0.8775793075561523,59.96002664890073
shruti_filming_1_flipped.mp4,724,0,6,0.0982018332810764,0.875198237101237,0.1685395134819878,5,0.0982018332810764,0.875198237101237,59.96002664890073
shruti_filming_1_flipped.mp4,725,0,6,0.0952693524494275,0.8734289169311523,0.15555419921875,5,0.0952693524494275,0.8734289169311523,59.96002664890073
shruti_filming_1_flipped.mp4,726,0,6,0.0936336209048588,0.8723808924357096,0.1455888253671151,5,0.0936336209048588,0.8723808924357096,59.96002664890073
shruti_filming_1_flipped.mp4,727,0,5,0.0899718607902127,0.8673947016398112,0.1311830026132089,4,0.0899718607902127,0.8673947016398112,59.96002664890073
shruti_filming_1_flipped.mp4,728,0,5,0.0883768324436257,0.8658103942871094,0.120257822672526,4,0.0883768324436257,0.8658103942871094,59.96002664890073
shruti_filming_1_flipped.mp4,729,0,5,0.0861950285846466,0.8628224054972331,0.1040799458821614,4,0.0861950285846466,0.8628224054972331,59.96002664890073
shruti_filming_1_flipped.mp4,730,0,5,0.0847021143352806,0.8624980926513672,0.0983440823025173,4,0.0847021143352806,0.8624980926513672,59.96002664890073
shruti_filming_1_flipped.mp4,731,0,6,0.0821987403848713,0.8603804270426433,0.0846881442599826,5,0.0821987403848713,0.8603804270426433,59.96002664890073
shruti_filming_1_flipped.mp4,732,0,6,0.0799763053026388,0.8577189127604167,0.0769697118688512,5,0.0799763053026388,0.8577189127604167,59.96002664890073
shruti_filming_1_flipped.mp4,733,0,6,0.0774428137065842,0.8546625137329101,0.0679027133517795,5,0.0774428137065842,0.8546625137329101,59.96002664890073
shruti_filming_1_flipped.mp4,734,0,7,0.0753745992171591,0.8525849024454752,0.0557100084092881,6,0.0753745992171591,0.8525849024454752,59.96002664890073
shruti_filming_1_flipped.mp4,735,0,6,0.074002096124459,0.85142822265625,0.0481658935546875,5,0.074002096124459,0.85142822265625,59.96002664890073
shruti_filming_1_flipped.mp4,736,0,6,0.0731957103597233,0.8499439875284831,0.0377163074634693,5,0.0731957103597233,0.8499439875284831,59.96002664890073
shruti_filming_1_flipped.mp4,737,0,6,0.0711255896254442,0.848652712504069,0.0291224161783854,5,0.0711255896254442,0.848652712504069,59.96002664890073
shruti_filming_1_flipped.mp4,738,0,5,0.0690975521036307,0.847225570678711,0.0206125047471788,4,0.0690975521036307,0.847225570678711,59.96002664890073
shruti_filming_1_flipped.mp4,739,0,5,0.067373715434924,0.8450799942016601,0.0109267905906394,4,0.067373715434924,0.8450799942016601,59.96002664890073
shruti_filming_1_flipped.mp4,740,0,7,0.0661560618699877,0.8426253000895182,0.0004613240559895,6,0.0661560618699877,0.8426253000895182,59.96002664890073
shruti_filming_1_flipped.mp4,741,0,7,0.0635705131009425,0.8403717676798502,0.0038991574887876,6,0.0635705131009425,0.8403717676798502,59.96002664890073
shruti_filming_1_flipped.mp4,742,0,5,0.0621714730210994,0.8392307917277019,0.0149793271665219,4,0.0621714730210994,0.8392307917277019,59.96002664890073
shruti_filming_1_flipped.mp4,743,0,5,0.0602533043419114,0.837238883972168,0.0221588134765625,4,0.0602533043419114,0.837238883972168,59.96002664890073
shruti_filming_1_flipped.mp4,744,0,6,0.0588961471838249,0.8356201171875,0.0286192999945746,5,0.0588961471838249,0.8356201171875,59.96002664890073
shruti_filming_1_flipped.mp4,745,0,5,0.05783355177392,0.8346048990885416,0.0365124172634548,4,0.05783355177392,0.8346048990885416,59.96002664890073
shruti_filming_1_flipped.mp4,746,0,7,0.0568423990940371,0.8326706568400065,0.0452935960557725,6,0.0568423990940371,0.8326706568400065,59.96002664890073
shruti_filming_1_flipped.mp4,747,0,6,0.0555655649986389,0.831243896484375,0.0561456185800057,5,0.0555655649986389,0.831243896484375,59.96002664890073
shruti_filming_1_flipped.mp4,748,0,5,0.054520481831019,0.8294782638549805,0.0653994524920428,4,0.054520481831019,0.8294782638549805,59.96002664890073
shruti_filming_1_flipped.mp4,749,0,5,0.0531819066011747,0.8284210205078125,0.0727777269151475,4,0.0531819066011747,0.8284210205078125,59.96002664890073
shruti_filming_1_flipped.mp4,750,0,5,0.0522324895689962,0.8268487930297852,0.0830911424424913,4,0.0522324895689962,0.8268487930297852,59.96002664890073
shruti_filming_1_flipped.mp4,751,0,5,0.0522339000748714,0.8255758285522461,0.0962786074037905,4,0.0522339000748714,0.8255758285522461,59.96002664890073
shruti_filming_1_flipped.mp4,752,0,5,0.052096545615684,0.8245232264200847,0.1081915396231192,4,0.052096545615684,0.8245232264200847,59.96002664890073
shruti_filming_1_flipped.mp4,753,0,6,0.0522307687602814,0.8237200419108073,0.1211474100748697,5,0.0522307687602814,0.8237200419108073,59.96002664890073
shruti_filming_1_flipped.mp4,754,0,6,0.0510702328747361,0.8224662780761719,0.1278859738950376,5,0.0510702328747361,0.8224662780761719,59.96002664890073
shruti_filming_1_flipped.mp4,755,0,5,0.04996912653946,0.8210006713867187,0.1331344039351852,4,0.04996912653946,0.8210006713867187,59.96002664890073
shruti_filming_1_flipped.mp4,756,0,4,0.0484052972338826,0.8191214243570963,0.1382527386700665,3,0.0484052972338826,0.8191214243570963,59.96002664890073
shruti_filming_1_flipped.mp4,757,0,5,0.0474300799600314,0.8184759775797527,0.1414299858940972,4,0.0474300799600314,0.8184759775797527,59.96002664890073
shruti_filming_1_flipped.mp4,758,0,6,0.0456651808177412,0.8175214767456055,0.141062503390842,5,0.0456651808177412,0.8175214767456055,59.96002664890073
shruti_filming_1_flipped.mp4,759,0,6,0.0439809502198477,0.8157522201538085,0.1448182000054253,5,0.0439809502198477,0.8157522201538085,59.96002664890073
shruti_filming_1_flipped.mp4,760,0,7,0.0434238192538032,0.8148969650268555,0.1521753946940104,6,0.0434238192538032,0.8148969650268555,59.96002664890073
shruti_filming_1_flipped.mp4,761,0,6,0.0425021490947283,0.8137599945068359,0.1587549280237268,6,0.0425021490947283,0.8137599945068359,59.96002664890073
shruti_filming_1_flipped.mp4,762,0,7,0.0422774964157275,0.812817637125651,0.1657091211389612,7,0.0422774964157275,0.812817637125651,59.96002664890073
shruti_filming_1_flipped.mp4,763,0,6,0.0412039396511681,0.8120908737182617,0.165739017062717,6,0.0412039396511681,0.8120908737182617,59.96002664890073
shruti_filming_1_flipped.mp4,764,0,6,0.0407011835571568,0.8111216227213541,0.1741281580041956,6,0.0407011835571568,0.8111216227213541,59.96002664890073
shruti_filming_1_flipped.mp4,765,0,6,0.0395791105399257,0.811288324991862,0.1782102796766493,6,0.0395791105399257,0.811288324991862,59.96002664890073
shruti_filming_1_flipped.mp4,766,0,6,0.0388460101035961,0.8092283248901367,0.1893021760163483,6,0.0388460101035961,0.8092283248901367,59.96002664890073
shruti_filming_1_flipped.mp4,767,0,7,0.0375072232922496,0.8071168899536133,0.1885121945981626,7,0.0375072232922496,0.8071168899536133,59.96002664890073
shruti_filming_1_flipped.mp4,768,0,6,0.0369314217047311,0.8069658279418945,0.1949429264775029,6,0.0369314217047311,0.8069658279418945,59.96002664890073
shruti_filming_1_flipped.mp4,769,0,5,0.0366651266142381,0.8054466247558594,0.2036183675130208,5,0.0366651266142381,0.8054466247558594,59.96002664890073
shruti_filming_1_flipped.mp4,770,0,5,0.037136211599842,0.8047542572021484,0.2217263398347077,5,0.037136211599842,0.8047542572021484,59.96002664890073
shruti_filming_1_flipped.mp4,771,0,5,0.0380013735571363,0.8035747528076171,0.2348643267596209,5,0.0380013735571363,0.8035747528076171,59.96002664890073
shruti_filming_1_flipped.mp4,772,0,5,0.0371474613155927,0.8031967163085938,0.239733420477973,5,0.0371474613155927,0.8031967163085938,59.96002664890073
shruti_filming_1_flipped.mp4,773,0,5,0.0352104570516557,0.8025707880655925,0.2306873462818287,5,0.0352104570516557,0.8025707880655925,59.96002664890073
shruti_filming_1_flipped.mp4,774,0,5,0.0346387232494965,0.8018341700236002,0.2325826291684751,5,0.0346387232494965,0.8018341700236002,59.96002664890073
shruti_filming_1_flipped.mp4,775,0,5,0.0343893012625038,0.8007173538208008,0.2393656695330584,5,0.0343893012625038,0.8007173538208008,59.96002664890073
shruti_filming_1_flipped.mp4,776,0,6,0.0325720943065225,0.7996986389160157,0.2367825260868779,6,0.0325720943065225,0.7996986389160157,59.96002664890073
shruti_filming_1_flipped.mp4,777,0,5,0.0328362168867951,0.7994691848754882,0.2440236974645544,5,0.0328362168867951,0.7994691848754882,59.96002664890073
shruti_filming_1_flipped.mp4,778,0,6,0.0320393897236769,0.7991888682047527,0.2508811385543258,5,0.0320393897236769,0.7991888682047527,59.96002664890073
shruti_filming_1_flipped.mp4,779,0,6,0.0328875546562118,0.7986858367919922,0.2612799185293692,5,0.0328875546562118,0.7986858367919922,59.96002664890073
shruti_filming_1_flipped.mp4,780,0,5,0.0321640418464085,0.7977376937866211,0.2641969045003255,5,0.0321640418464085,0.7977376937866211,59.96002664890073
shruti_filming_1_flipped.mp4,781,0,6,0.0344355273576554,0.7979710261027019,0.2878858919496889,5,0.0344355273576554,0.7979710261027019,59.96002664890073
shruti_filming_1_flipped.mp4,782,0,5,0.0342844076550358,0.7969347635904948,0.2950377287688078,5,0.0342844076550358,0.7969347635904948,59.96002664890073
shruti_filming_1_flipped.mp4,783,0,5,0.0331804482652256,0.7957334518432617,0.3014955591272424,5,0.0331804482652256,0.7957334518432617,59.96002664890073
shruti_filming_1_flipped.mp4,784,0,5,0.0320732499972089,0.79400634765625,0.3001401971887659,5,0.0320732499972089,0.79400634765625,59.96002664890073
shruti_filming_1_flipped.mp4,785,0,5,0.031567636762931,0.7935529708862304,0.3034150300202546,5,0.031567636762931,0.7935529708862304,59.96002664890073
shruti_filming_1_flipped.mp4,786,0,5,0.0311771339416009,0.7932733535766602,0.3065046663637514,5,0.0311771339416009,0.7932733535766602,59.96002664890073
shruti_filming_1_flipped.mp4,787,0,6,0.0312958930322327,0.7926001866658529,0.3126439695005064,6,0.0312958930322327,0.7926001866658529,59.96002664890073
shruti_filming_1_flipped.mp4,788,0,5,0.0307850152168365,0.7923593521118164,0.3157292542634187,5,0.0307850152168365,0.7923593521118164,59.96002664890073
shruti_filming_1_flipped.mp4,789,0,5,0.0306021070531682,0.7914404551188151,0.3190370206479673,5,0.0306021070531682,0.7914404551188151,59.96002664890073
shruti_filming_1_flipped.mp4,790,0,5,0.0298003499123287,0.7897546768188477,0.3234278502287688,5,0.0298003499123287,0.7897546768188477,59.96002664890073
shruti_filming_1_flipped.mp4,791,0,5,0.0291956321547331,0.7888966242472331,0.326288096110026,5,0.0291956321547331,0.7888966242472331,59.96002664890073
shruti_filming_1_flipped.mp4,792,0,5,0.0289542881054027,0.7885950088500977,0.329378424750434,5,0.0289542881054027,0.7885950088500977,59.96002664890073
shruti_filming_1_flipped.mp4,793,0,5,0.0284356425178891,0.7878746668497721,0.3336765854446976,5,0.0284356425178891,0.7878746668497721,59.96002664890073
shruti_filming_1_flipped.mp4,794,0,6,0.02748518827381,0.7875385920206706,0.3336158752441406,6,0.02748518827381,0.7875385920206706,59.96002664890073
shruti_filming_1_flipped.mp4,795,0,5,0.0267367756961956,0.7872875213623047,0.3317633734809028,5,0.0267367756961956,0.7872875213623047,59.96002664890073
shruti_filming_1_flipped.mp4,796,0,5,0.0263709050729013,0.7870584487915039,0.3326763718216508,5,0.0263709050729013,0.7870584487915039,59.96002664890073
shruti_filming_1_flipped.mp4,797,0,7,0.024777998028531,0.7860359827677409,0.3256253701669198,6,0.024777998028531,0.7860359827677409,59.96002664890073
shruti_filming_1_flipped.mp4,798,0,7,0.0241532891899502,0.7851399739583333,0.3260125054253472,6,0.0241532891899502,0.7851399739583333,59.96002664890073
shruti_filming_1_flipped.mp4,799,0,6,0.0237746942688062,0.7843151092529297,0.3315769619411892,6,0.0237746942688062,0.7843151092529297,59.96002664890073
shruti_filming_1_flipped.mp4,800,0,6,0.0248213614207795,0.7842014312744141,0.3494237263997395,6,0.0248213614207795,0.7842014312744141,59.96002664890073
shruti_filming_1_flipped.mp4,801,0,6,0.0249851153852392,0.7842565536499023,0.3545778062608506,6,0.0249851153852392,0.7842565536499023,59.96002664890073
shruti_filming_1_flipped.mp4,802,0,5,0.0240592618263003,0.7840519587198893,0.3499678011293764,5,0.0240592618263003,0.7840519587198893,59.96002664890073
shruti_filming_1_flipped.mp4,803,0,4,0.0242915109871961,0.7837788899739583,0.3596831145109954,4,0.0242915109871961,0.7837788899739583,59.96002664890073
shruti_filming_1_flipped.mp4,804,0,5,0.0237184411488591,0.7836057662963867,0.3600883201316551,5,0.0237184411488591,0.7836057662963867,59.96002664890073
shruti_filming_1_flipped.mp4,805,0,5,0.0235438779779432,0.7836687088012695,0.3640506885669849,4,0.0235438779779432,0.7836687088012695,59.96002664890073
shruti_filming_1_flipped.mp4,806,0,7,0.0232909007888708,0.7832693099975586,0.367968425044307,6,0.0232909007888708,0.7832693099975586,59.96002664890073
shruti_filming_1_flipped.mp4,807,0,6,0.02334248559564,0.7824452082316081,0.3736163245307075,6,0.02334248559564,0.7824452082316081,59.96002664890073
shruti_filming_1_flipped.mp4,808,0,5,0.023125916674164,0.7817787806193034,0.3773756239149305,4,0.023125916674164,0.7817787806193034,59.96002664890073
shruti_filming_1_flipped.mp4,809,0,6,0.0227223367319998,0.7817265192667643,0.3792924669053819,5,0.0227223367319998,0.7817265192667643,59.96002664890073
shruti_filming_1_flipped.mp4,810,0,7,0.0225568710563082,0.7814572016398112,0.3836876904522931,6,0.0225568710563082,0.7814572016398112,59.96002664890073
shruti_filming_1_flipped.mp4,811,0,7,0.0221664611705798,0.7812157313028971,0.386199951171875,5,0.0221664611705798,0.7812157313028971,59.96002664890073
shruti_filming_1_flipped.mp4,812,0,7,0.0219795450177695,0.78083922068278,0.3887647134286386,5,0.0219795450177695,0.78083922068278,59.96002664890073
shruti_filming_1_flipped.mp4,813,0,7,0.0218750593839542,0.7806772867838542,0.391145677919741,5,0.0218750593839542,0.7806772867838542,59.96002664890073
shruti_filming_1_flipped.mp4,814,0,6,0.0222972505617023,0.7806249618530273,0.393834474351671,4,0.0222972505617023,0.7806249618530273,59.96002664890073
shruti_filming_1_flipped.mp4,815,0,6,0.0219966864258081,0.780074946085612,0.3948966979980469,4,0.0219966864258081,0.780074946085612,59.96002664890073
shruti_filming_1_flipped.mp4,816,0,6,0.0217161728008068,0.7795448303222656,0.3961875915527343,4,0.0217161728008068,0.7795448303222656,59.96002664890073
shruti_filming_1_flipped.mp4,817,0,6,0.021300570842189,0.7789754867553711,0.398713316740813,4,0.021300570842189,0.7789754867553711,59.96002664890073
shruti_filming_1_flipped.mp4,818,0,6,0.0210652619220724,0.7789499282836914,0.4006826330114294,5,0.0210652619220724,0.7789499282836914,59.96002664890073
shruti_filming_1_flipped.mp4,819,0,7,0.0207189049072621,0.7786657969156902,0.4024534013536241,5,0.0207189049072621,0.7786657969156902,59.96002664890073
shruti_filming_1_flipped.mp4,820,0,6,0.0205883005980178,0.7785257975260417,0.4034586588541666,4,0.0205883005980178,0.7785257975260417,59.96002664890073
shruti_filming_1_flipped.mp4,821,0,6,0.0203082547846699,0.7781487147013346,0.4042403468379268,4,0.0203082547846699,0.7781487147013346,59.96002664890073
shruti_filming_1_flipped.mp4,822,0,7,0.0200072028692411,0.7775021870930989,0.4058883808277271,4,0.0200072028692411,0.7775021870930989,59.96002664890073
shruti_filming_1_flipped.mp4,823,0,7,0.0197624530829165,0.776731300354004,0.4072926839192708,4,0.0197624530829165,0.776731300354004,59.96002664890073
shruti_filming_1_flipped.mp4,824,0,6,0.0191868751325172,0.7752155939737956,0.4087150573730468,4,0.0191868751325172,0.7752155939737956,59.96002664890073
shruti_filming_1_flipped.mp4,825,0,6,0.0189122010025419,0.7747824350992839,0.4094045144540292,4,0.0189122010025419,0.7747824350992839,59.96002664890073
shruti_filming_1_flipped.mp4,826,0,6,0.0187665938051105,0.774507204691569,0.4118816093162254,4,0.0187665938051105,0.774507204691569,59.96002664890073
shruti_filming_1_flipped.mp4,827,0,5,0.0186244882557366,0.7742306391398112,0.4133845859103732,4,0.0186244882557366,0.7742306391398112,59.96002664890073
shruti_filming_1_flipped.mp4,828,0,6,0.0184528351966986,0.7740760803222656,0.4141094207763672,4,0.0184528351966986,0.7740760803222656,59.96002664890073
shruti_filming_1_flipped.mp4,829,0,6,0.0183306461947924,0.7739697138468424,0.4144302792019314,4,0.0183306461947924,0.7739697138468424,59.96002664890073
shruti_filming_1_flipped.mp4,830,0,6,0.0181710841682393,0.773689333597819,0.4145562207257306,4,0.0181710841682393,0.773689333597819,59.96002664890073
shruti_filming_1_flipped.mp4,831,0,6,0.0180464054506349,0.7733983993530273,0.414959716796875,4,0.0180464054506349,0.7733983993530273,59.96002664890073
shruti_filming_1_flipped.mp4,832,0,5,0.0178134008517489,0.7733942031860351,0.4148710604067201,4,0.0178134008517489,0.7733942031860351,59.96002664890073
shruti_filming_1_flipped.mp4,833,0,5,0.0175901645967193,0.7732264200846354,0.4148682488335503,4,0.0175901645967193,0.7732264200846354,59.96002664890073
shruti_filming_1_flipped.mp4,834,0,5,0.0173980037274735,0.772899055480957,0.4147783208776403,4,0.0173980037274735,0.772899055480957,59.96002664890073
shruti_filming_1_flipped.mp4,835,0,5,0.0172602324129763,0.7724700927734375,0.4147593180338542,4,0.0172602324129763,0.7724700927734375,59.96002664890073
shruti_filming_1_flipped.mp4,836,0,5,0.0170193096726304,0.7718262354532878,0.4146765814887153,4,0.0170193096726304,0.7718262354532878,59.96002664890073
shruti_filming_1_flipped.mp4,837,0,5,0.0169736324188609,0.7717577616373698,0.4150311505353009,4,0.0169736324188609,0.7717577616373698,59.96002664890073
shruti_filming_1_flipped.mp4,838,0,5,0.0168369383786867,0.772068977355957,0.4137385898166232,4,0.0168369383786867,0.772068977355957,59.96002664890073
shruti_filming_1_flipped.mp4,839,0,6,0.0166456578337561,0.7717562357584635,0.4143227188675492,5,0.0166456578337561,0.7717562357584635,59.96002664890073
shruti_filming_1_flipped.mp4,840,0,6,0.0164076233322703,0.7716005325317383,0.4141753726535373,5,0.0164076233322703,0.7716005325317383,59.96002664890073
shruti_filming_1_flipped.mp4,841,0,6,0.0162702748898785,0.7713258743286133,0.4150345696343316,5,0.0162702748898785,0.7713258743286133,59.96002664890073
shruti_filming_1_flipped.mp4,842,0,6,0.0161314234920589,0.7712881088256835,0.4156665802001953,5,0.0161314234920589,0.7712881088256835,59.96002664890073
shruti_filming_1_flipped.mp4,843,0,6,0.0160064486400288,0.7711945215861002,0.4181624518500434,5,0.0160064486400288,0.7711945215861002,59.96002664890073
shruti_filming_1_flipped.mp4,844,0,6,0.0158703943583747,0.771209716796875,0.418973809701425,5,0.0158703943583747,0.771209716796875,59.96002664890073
shruti_filming_1_flipped.mp4,845,0,6,0.0156398129396149,0.7707656224568685,0.418966801961263,5,0.0156398129396149,0.7707656224568685,59.96002664890073
shruti_filming_1_flipped.mp4,846,0,5,0.0154389190468125,0.7694021224975586,0.4194813339798539,4,0.0154389190468125,0.7694021224975586,59.96002664890073
shruti_filming_1_flipped.mp4,847,0,5,0.015254163283098,0.7688337326049804,0.419656499226888,4,0.015254163283098,0.7688337326049804,59.96002664890073
shruti_filming_1_flipped.mp4,848,0,5,0.0151130381990353,0.7685024897257487,0.4195526264331959,4,0.0151130381990353,0.7685024897257487,59.96002664890073
shruti_filming_1_flipped.mp4,849,0,6,0.0149498009400876,0.7682079950968425,0.4189364256682219,5,0.0149498009400876,0.7682079950968425,59.96002664890073
shruti_filming_1_flipped.mp4,850,0,6,0.0147625442236797,0.7680936813354492,0.4174302419026692,5,0.0147625442236797,0.7680936813354492,59.96002664890073
shruti_filming_1_flipped.mp4,851,0,6,0.014212979919875,0.7672068277994791,0.4159337079083478,5,0.014212979919875,0.7672068277994791,59.96002664890073
shruti_filming_1_flipped.mp4,852,0,6,0.0140821021016421,0.7669545491536458,0.4158397250705295,5,0.0140821021016421,0.7669545491536458,59.96002664890073
shruti_filming_1_flipped.mp4,853,0,6,0.014360935178637,0.7674950281778972,0.4170310974121093,5,0.014360935178637,0.7674950281778972,59.96002664890073
shruti_filming_1_flipped.mp4,854,0,6,0.0142755438431777,0.7674069086710612,0.4173560672336154,5,0.0142755438431777,0.7674069086710612,59.96002664890073
shruti_filming_1_flipped.mp4,855,0,6,0.0142408646309869,0.7674264272054037,0.4177270394784433,5,0.0142408646309869,0.7674264272054037,59.96002664890073
shruti_filming_1_flipped.mp4,856,0,6,0.0139406581650837,0.767041269938151,0.4177155388726128,5,0.0139406581650837,0.767041269938151,59.96002664890073
shruti_filming_1_flipped.mp4,857,0,6,0.0137377653411017,0.766713269551595,0.4179840229175709,5,0.0137377653411017,0.766713269551595,59.96002664890073
shruti_filming_1_flipped.mp4,858,0,6,0.0135856341910322,0.7663505554199219,0.4179311257821542,5,0.0135856341910322,0.7663505554199219,59.96002664890073
shruti_filming_1_flipped.mp4,859,0,6,0.0135905487002642,0.8012331008911133,0.8298842253508392,5,0.0135703740081603,0.7660234451293946,59.96002664890073
shruti_filming_1_flipped.mp4,860,0,6,0.0141160974337253,0.802044932047526,0.8273157755533854,5,0.0135292184286906,0.7654655456542969,59.96002664890073
shruti_filming_1_flipped.mp4,861,0,6,0.0139795533398864,0.8009363810221354,0.8249386257595486,5,0.0132212257673381,0.7646245956420898,59.96002664890073
shruti_filming_1_flipped.mp4,862,0,6,0.0140689116799169,0.8005153656005859,0.8234219021267362,5,0.0130336560920113,0.7641331354777018,59.96002664890073
shruti_filming_1_flipped.mp4,863,0,6,0.0141430618463444,0.8002340952555339,0.8224735401294849,5,0.0131012076041143,0.7644548416137695,59.96002664890073
shruti_filming_1_flipped.mp4,864,0,7,0.014062398478725,0.7994656244913737,0.8222149319118923,6,0.0129769180065341,0.7641311645507812,59.96002664890073
shruti_filming_1_flipped.mp4,865,0,7,0.0144175779284624,0.7997925440470378,0.8202258639865452,6,0.0126032597062518,0.7632106145222982,59.96002664890073
shruti_filming_1_flipped.mp4,866,0,7,0.0145490626546476,0.7994383494059245,0.8186070760091145,6,0.012496209123818,0.7630161921183268,59.96002664890073
shruti_filming_1_flipped.mp4,867,0,7,0.0149312235042776,0.7999607721964518,0.816237555609809,6,0.0123047470704477,0.7627934137980144,59.96002664890073
shruti_filming_1_flipped.mp4,868,0,8,0.0149800864158214,0.7991312662760417,0.814008868182147,7,0.0120676905611751,0.7626644134521484,59.96002664890073
shruti_filming_1_flipped.mp4,869,0,7,0.0149361132126715,0.79777037302653,0.8120196307146991,6,0.0120038767777522,0.7623727798461915,59.96002664890073
shruti_filming_1_flipped.mp4,870,0,7,0.0150527193780807,0.7977980295817058,0.8108700222439236,6,0.0120089280642935,0.7620032628377279,59.96002664890073
shruti_filming_1_flipped.mp4,871,0,7,0.0151712167025026,0.7962378819783529,0.8067194620768229,6,0.0118990168342133,0.761839485168457,59.96002664890073
shruti_filming_1_flipped.mp4,872,0,7,0.0150807662675571,0.7947485605875652,0.805208502875434,6,0.0119965828589704,0.7616782506306966,59.96002664890073
shruti_filming_1_flipped.mp4,873,0,6,0.0150999873695481,0.7934192657470703,0.8029106987847222,5,0.012048256460823,0.7613754272460938,59.96002664890073
shruti_filming_1_flipped.mp4,874,0,6,0.015105249983349,0.7928279876708985,0.8021386040581597,5,0.0118569223721149,0.7609127680460612,59.96002664890073
shruti_filming_1_flipped.mp4,875,0,6,0.0151949975518315,0.7924856821695964,0.8008336385091146,5,0.0116127989499849,0.7605276743570963,59.96002664890073
shruti_filming_1_flipped.mp4,876,0,6,0.0149379288174289,0.7907274246215821,0.8000679863823785,5,0.0116219533654441,0.7603998819986979,59.96002664890073
shruti_filming_1_flipped.mp4,877,0,6,0.0153123660304441,0.7910881042480469,0.7981233384874132,5,0.0114787495604473,0.7600781122843424,59.96002664890073
shruti_filming_1_flipped.mp4,878,0,7,0.0156242606839428,0.7914888381958007,0.7954825507269965,6,0.0114127808793758,0.759882100423177,59.96002664890073
shruti_filming_1_flipped.mp4,879,0,7,0.0155134549625591,0.7903308868408203,0.7940985220449942,6,0.011754786140211,0.75963134765625,59.96002664890073
shruti_filming_1_flipped.mp4,880,0,7,0.0156018374399152,0.7897556940714519,0.7917883978949652,6,0.01164999785483,0.759217643737793,59.96002664890073
shruti_filming_1_flipped.mp4,881,0,6,0.015648825652768,0.7893186569213867,0.7916179515697338,5,0.0116736663121156,0.7585730234781901,59.96002664890073
shruti_filming_1_flipped.mp4,882,0,6,0.0153283572058555,0.7884166717529297,0.790181138780382,5,0.0115786850040163,0.7587044397989909,59.96002664890073
shruti_filming_1_flipped.mp4,883,0,6,0.0154528222209773,0.7878211975097656,0.7905844229239004,5,0.0115823775755416,0.7584800720214844,59.96002664890073
shruti_filming_1_flipped.mp4,884,0,7,0.0154601248828435,0.7868309020996094,0.7880398220486111,6,0.011497052939613,0.7578272501627604,59.96002664890073
shruti_filming_1_flipped.mp4,885,0,6,0.0159236755434216,0.7866685867309571,0.7838361952039931,5,0.011324261455027,0.7571982065836589,59.96002664890073
shruti_filming_1_flipped.mp4,886,0,7,0.0161862493295403,0.787312126159668,0.7819416752567998,6,0.0112131133335024,0.7567007700602214,59.96002664890073
shruti_filming_1_flipped.mp4,887,0,7,0.0161876278629319,0.786836814880371,0.7812062581380208,6,0.0113002291410089,0.7562073389689128,59.96002664890073
shruti_filming_1_flipped.mp4,888,0,6,0.0161132787173199,0.7859186808268229,0.7808003743489583,5,0.0108983352249466,0.7557310104370117,59.96002664890073
shruti_filming_1_flipped.mp4,889,0,6,0.0156478432344953,0.782757568359375,0.7799441302264178,5,0.0104270304254896,0.7545413970947266,59.96002664890073
shruti_filming_1_flipped.mp4,890,0,6,0.0153592117925722,0.7813215891520182,0.7771629616066261,5,0.0101423936728382,0.7538223266601562,59.96002664890073
shruti_filming_1_flipped.mp4,891,0,6,0.0151808866448765,0.7800228118896484,0.7754925198025173,5,0.0100020667839837,0.753232765197754,59.96002664890073
shruti_filming_1_flipped.mp4,892,0,6,0.0152887033462886,0.7798462549845377,0.7755635579427084,5,0.0098409872729583,0.7525260925292969,59.96002664890073
shruti_filming_1_flipped.mp4,893,0,6,0.0154498560113953,0.7795162200927734,0.7741361264829283,5,0.0099038138352841,0.7520062128702799,59.96002664890073
shruti_filming_1_flipped.mp4,894,0,6,0.0156337989236797,0.7791591644287109,0.7720687866210938,5,0.0095994676664122,0.7509429931640625,59.96002664890073
shruti_filming_1_flipped.mp4,895,0,6,0.0158078263617224,0.7792715708414714,0.7717036494502315,5,0.0094928987254873,0.7503964106241862,59.96002664890073
shruti_filming_1_flipped.mp4,896,0,6,0.0159624888415715,0.7791800816853841,0.7718868679470486,5,0.0094431470875861,0.7506731669108073,59.96002664890073
shruti_filming_1_flipped.mp4,897,0,6,0.0159008571027165,0.7785886764526367,0.7703729700159143,5,0.009406435913568,0.7498716990152995,59.96002664890073
shruti_filming_1_flipped.mp4,898,0,6,0.0159932007880545,0.7784147262573242,0.7681608412000868,5,0.0092989694280226,0.7495098749796549,59.96002664890073
shruti_filming_1_flipped.mp4,899,0,6,0.0161014923961677,0.7785488128662109,0.766064453125,5,0.0094202120498812,0.7492357889811198,59.96002664890073
shruti_filming_1_flipped.mp4,900,0,7,0.0162921225468744,0.7781864802042643,0.763801348650897,6,0.0094548243301041,0.748890495300293,59.96002664890073
shruti_filming_1_flipped.mp4,901,0,7,0.0162881747330754,0.7767979303995768,0.7603603221752026,6,0.0094116058357435,0.748486328125,59.96002664890073
shruti_filming_1_flipped.mp4,902,0,7,0.0161481040554303,0.7761512756347656,0.7575859352394386,6,0.0093609780377714,0.7479612986246745,59.96002664890073
shruti_filming_1_flipped.mp4,903,0,7,0.0157786699136098,0.7746994018554687,0.7534457736545139,6,0.0092985973076752,0.7473131815592448,59.96002664890073
shruti_filming_1_flipped.mp4,904,0,7,0.0154698226432622,0.7742332458496094,0.7464293868453414,6,0.0092181560131979,0.746914291381836,59.96002664890073
shruti_filming_1_flipped.mp4,905,0,8,0.015613088394748,0.7745304743448893,0.7437625461154513,7,0.0092032295725571,0.7465545654296875,59.96002664890073
shruti_filming_1_flipped.mp4,906,0,7,0.0150821718303335,0.773805300394694,0.7341172394929109,6,0.0091057578309199,0.7462991078694662,59.96002664890073
shruti_filming_1_flipped.mp4,907,0,8,0.015107900027468,0.7731355031331381,0.7327398794668692,7,0.0090905469052508,0.7458365122477214,59.96002664890073
shruti_filming_1_flipped.mp4,908,0,8,0.0152326951560098,0.7732117970784506,0.7272697731300637,7,0.0089130886283776,0.7452106475830078,59.96002664890073
shruti_filming_1_flipped.mp4,909,0,10,0.015021607929763,0.771277109781901,0.7247311062282986,9,0.0088618999142986,0.7444716135660807,59.96002664890073
shruti_filming_1_flipped.mp4,910,0,11,0.0149313810064146,0.7706502914428711,0.7187398274739584,9,0.0088784857521278,0.7439687093098958,59.96002664890073
shruti_filming_1_flipped.mp4,911,0,11,0.0141944227415499,0.7682287851969402,0.7104698463722512,9,0.008859361824531,0.7434952418009441,59.96002664890073
shruti_filming_1_flipped.mp4,912,0,10,0.0141823763345198,0.7674498240152995,0.7091165048104745,8,0.0088016261460035,0.7429180145263672,59.96002664890073
shruti_filming_1_flipped.mp4,913,0,9,0.0136186970558224,0.7666700998942058,0.6980126274956597,7,0.0088400482613522,0.7426597595214843,59.96002664890073
shruti_filming_1_flipped.mp4,914,0,10,0.0136008677759673,0.7662649790445963,0.6945435700593171,8,0.0087703218086971,0.7423801422119141,59.96002664890073
shruti_filming_1_flipped.mp4,915,0,9,0.0129707114859397,0.7650425593058269,0.685888671875,7,0.0085344881167596,0.7416005452473958,59.96002664890073
shruti_filming_1_flipped.mp4,916,0,10,0.0131786409942045,0.765530014038086,0.6855166965060764,8,0.008485056051329,0.7411142349243164,59.96002664890073
shruti_filming_1_flipped.mp4,917,0,9,0.0133184219250041,0.7655216852823893,0.6845243665907118,7,0.0083593223366672,0.7404169082641602,59.96002664890073
shruti_filming_1_flipped.mp4,918,0,8,0.0132474598469626,0.7647733052571615,0.6806647406684028,6,0.0081903296839704,0.7399797439575195,59.96002664890073
shruti_filming_1_flipped.mp4,919,0,9,0.0133827448847134,0.764410654703776,0.6770046657986111,7,0.0080807039394858,0.7395835876464844,59.96002664890073
shruti_filming_1_flipped.mp4,920,0,12,0.0133902046043011,0.7637287775675455,0.676058112250434,10,0.0081208687929514,0.7391468048095703,59.96002664890073
shruti_filming_1_flipped.mp4,921,0,11,0.0129210084715978,0.7620185216267904,0.6693652117693866,9,0.0081208351501522,0.7384010314941406,59.96002664890073
shruti_filming_1_flipped.mp4,922,0,10,0.012734062491735,0.7608885447184245,0.6687242296006944,8,0.0080637739173889,0.7378950119018555,59.96002664890073
shruti_filming_1_flipped.mp4,923,0,8,0.0122762242751196,0.7598610560099284,0.6612358940972223,6,0.0080824192943206,0.7379437128702799,59.96002664890073
shruti_filming_1_flipped.mp4,924,0,8,0.012463554414776,0.7605429967244466,0.6556489732530382,6,0.0080260850275711,0.7376755396525065,59.96002664890073
shruti_filming_1_flipped.mp4,925,0,8,0.0121568076367515,0.7600917816162109,0.649520026312934,6,0.0080560912719617,0.7373982111612956,59.96002664890073
shruti_filming_1_flipped.mp4,926,0,8,0.0120193889359749,0.7591634750366211,0.6463797675238715,6,0.0078347563743591,0.7368569056193034,59.96002664890073
shruti_filming_1_flipped.mp4,927,0,9,0.012032791255818,0.7597064971923828,0.6420780888310185,7,0.0076867723535677,0.7366148630777994,59.96002664890073
shruti_filming_1_flipped.mp4,928,0,11,0.0119316113059822,0.7597565333048503,0.6371873643663194,9,0.0076947314552887,0.7362482070922851,59.96002664890073
shruti_filming_1_flipped.mp4,929,0,9,0.01144247669649,0.7582557678222657,0.6296630859375,7,0.0075747242870555,0.7361455281575521,59.96002664890073
shruti_filming_1_flipped.mp4,930,0,10,0.0112922726975133,0.7576133728027343,0.6258121066623263,7,0.0067566903513701,0.7348742167154948,59.96002664890073
shruti_filming_1_flipped.mp4,931,0,10,0.0109975558446927,0.7566764831542969,0.6212653266059027,7,0.0068393964199802,0.7341666539510091,59.96002664890073
shruti_filming_1_flipped.mp4,932,0,9,0.0108496926194574,0.75552978515625,0.61732177734375,6,0.0068074463660983,0.734126091003418,59.96002664890073
shruti_filming_1_flipped.mp4,933,0,8,0.0107867854194612,0.7547693252563477,0.6132358127170139,6,0.0065615474243424,0.7345897038777669,59.96002664890073
shruti_filming_1_flipped.mp4,934,0,8,0.0107144065557642,0.7548067728678386,0.6101596408420139,6,0.0064361384717146,0.7333302179972331,59.96002664890073
shruti_filming_1_flipped.mp4,935,0,9,0.0105879286580926,0.753701909383138,0.6072534631799769,6,0.006132262382016,0.7326998392740885,59.96002664890073
shruti_filming_1_flipped.mp4,936,0,9,0.0106821902997843,0.7538607279459636,0.6042543199327257,6,0.005923571384887,0.7317358016967773,59.96002664890073
shruti_filming_1_flipped.mp4,937,0,7,0.011061193317744,0.7735219955444336,0.8797327112268518,6,0.0106174939726608,0.7540580749511718,59.96002664890073
shruti_filming_1_flipped.mp4,938,0,12,0.0114799491235056,0.772602399190267,0.8752837569625289,9,0.0104691296638662,0.7543955485026042,59.96002664890073
shruti_filming_1_flipped.mp4,939,0,11,0.0115536842790121,0.7718738555908203,0.8725722136320891,9,0.0100853350836162,0.7532754898071289,59.96002664890073
shruti_filming_1_flipped.mp4,940,0,9,0.0124739291950956,0.7686838785807292,0.8642108493381077,7,0.0099884965717016,0.7526788711547852,59.96002664890073
shruti_filming_1_flipped.mp4,941,0,11,0.0123055169865256,0.7694971720377605,0.8669219970703125,8,0.0097737978874162,0.7523760477701823,59.96002664890073
shruti_filming_1_flipped.mp4,942,0,9,0.0122769992780134,0.7692782084147135,0.8633056075484664,7,0.0098490787614503,0.7519705454508464,59.96002664890073
shruti_filming_1_flipped.mp4,943,0,10,0.0126693833281751,0.7683189392089844,0.8596483018663195,7,0.0097479753072063,0.7516153971354167,59.96002664890073
shruti_filming_1_flipped.mp4,944,0,10,0.0131099441202348,0.7693624496459961,0.8566916006582754,9,0.0100128473677775,0.7518227895100912,59.96002664890073
shruti_filming_1_flipped.mp4,945,0,10,0.0135365950164096,0.769963264465332,0.8541320235640915,9,0.0096856023210501,0.7506217956542969,59.96002664890073
shruti_filming_1_flipped.mp4,946,0,9,0.0140939090869901,0.7700628916422526,0.8487304122359665,8,0.0092122031241241,0.7490585327148438,59.96002664890073
shruti_filming_1_flipped.mp4,947,0,12,0.0144760720479664,0.7706069310506185,0.8448055691189236,10,0.0087779282502985,0.7470242818196614,59.96002664890073
shruti_filming_1_flipped.mp4,948,0,10,0.0150658698548184,0.7703218460083008,0.837843096697772,7,0.0087064549926435,0.7466547012329101,59.96002664890073
shruti_filming_1_flipped.mp4,949,0,10,0.0156277528996967,0.7715677897135417,0.8322662353515625,8,0.008524208749058,0.7461135864257813,59.96002664890073
shruti_filming_1_flipped.mp4,950,0,9,0.015856932578479,0.7715919494628907,0.832253180609809,8,0.0089171489305509,0.7470347086588541,59.96002664890073
shruti_filming_1_flipped.mp4,951,0,11,0.0160846741809682,0.7720587412516277,0.8311445448133681,9,0.0089094075325475,0.7465751012166341,59.96002664890073
shruti_filming_1_flipped.mp4,952,0,9,0.0165998222596762,0.7726066589355469,0.8260508219401042,8,0.0085422198100584,0.7466009140014649,59.96002664890073
shruti_filming_1_flipped.mp4,953,0,11,0.0170781603517559,0.7733340581258138,0.8226907800745081,8,0.0084613400340916,0.7469669342041015,59.96002664890073
shruti_filming_1_flipped.mp4,954,0,10,0.0174124248729397,0.7738128662109375,0.8199239095052083,7,0.0084017534134478,0.7467960357666016,59.96002664890073
shruti_filming_1_flipped.mp4,955,0,10,0.0171939159499015,0.772834841410319,0.8160919189453125,8,0.0080101493290728,0.7452776590983073,59.96002664890073
shruti_filming_1_flipped.mp4,956,0,11,0.0177254114301521,0.7735087076822916,0.8145481250904224,8,0.0082875695736018,0.7461764017740885,59.96002664890073
shruti_filming_1_flipped.mp4,957,0,10,0.0181332826936677,0.7732536315917968,0.812153795030382,7,0.0083968084587508,0.746705436706543,59.96002664890073
shruti_filming_1_flipped.mp4,958,0,11,0.018082228222241,0.7738559722900391,0.8085480866608796,9,0.0082604281579713,0.746542231241862,59.96002664890073
shruti_filming_1_flipped.mp4,959,0,11,0.0188500851217476,0.7737546920776367,0.8040631894712095,10,0.0084498205565614,0.748245112101237,59.96002664890073
shruti_filming_1_flipped.mp4,960,0,11,0.0197576875435253,0.774838638305664,0.8008984035915798,9,0.0082870348488601,0.7475054423014323,59.96002664890073
shruti_filming_1_flipped.mp4,961,0,11,0.0197528880374092,0.7741792678833008,0.7959435356987847,9,0.008297398854241,0.7476301829020182,59.96002664890073
shruti_filming_1_flipped.mp4,962,0,10,0.020147886237095,0.7740762074788411,0.7922756618923611,7,0.0080355397503202,0.7470373789469401,59.96002664890073
shruti_filming_1_flipped.mp4,963,0,10,0.0203504522389122,0.7744206110636394,0.7896176938657408,7,0.0076146020367741,0.7449362436930339,59.96002664890073
shruti_filming_1_flipped.mp4,964,0,9,0.0208062056241841,0.7741335550944011,0.7812392623336227,8,0.0076590941892936,0.7452681223551433,59.96002664890073
shruti_filming_1_flipped.mp4,965,0,9,0.0207808381114672,0.7735937754313151,0.778131103515625,8,0.007711735306161,0.7457592010498046,59.96002664890073
shruti_filming_1_flipped.mp4,966,0,12,0.0214787873400685,0.7737586975097657,0.7761289808485243,9,0.0069932852297508,0.7428653717041016,59.96002664890073
shruti_filming_1_flipped.mp4,967,0,12,0.0216235909603872,0.77264830271403,0.7717824300130208,10,0.0069166250579938,0.7424797058105469,59.96002664890073
shruti_filming_1_flipped.mp4,968,0,13,0.0218698906664805,0.7734718322753906,0.7679185655381945,11,0.0070728347711135,0.7440348307291667,59.96002664890073
shruti_filming_1_flipped.mp4,969,0,11,0.0218327757822461,0.7724199295043945,0.7601294058340567,9,0.0073670861020218,0.7464905420939127,59.96002664890073
shruti_filming_1_flipped.mp4,970,0,10,0.0224134029864648,0.7734508514404297,0.756918278446904,8,0.0069443542805944,0.7438873926798503,59.96002664890073
shruti_filming_1_flipped.mp4,971,0,12,0.0230016853753477,0.7727668762207032,0.751177978515625,9,0.0070700117582268,0.7460323333740234,59.96002664890073
shruti_filming_1_flipped.mp4,972,0,12,0.0234472359184615,0.7740999857584635,0.7449024906864873,9,0.0067736197871595,0.743487294514974,59.96002664890073
shruti_filming_1_flipped.mp4,973,0,10,0.023594357020435,0.7746053695678711,0.7416971277307581,8,0.0073255535764878,0.7472471872965495,59.96002664890073
shruti_filming_1_flipped.mp4,974,0,11,0.0242728048121487,0.7751985549926758,0.7328450520833333,9,0.006991336268321,0.7473260879516601,59.96002664890073
shruti_filming_1_flipped.mp4,975,0,8,0.0243207242414872,0.7733788172403971,0.7303602430555556,7,0.0064228827529586,0.7445027033487955,59.96002664890073
shruti_filming_1_flipped.mp4,976,0,12,0.0249044602562207,0.774740473429362,0.7236410635489005,10,0.0066494157108446,0.7450496037801106,59.96002664890073
shruti_filming_1_flipped.mp4,977,0,12,0.0252128723783728,0.7753681182861328,0.7203335232204862,11,0.0064375207570588,0.744330088297526,59.96002664890073
shruti_filming_1_flipped.mp4,978,0,10,0.0256367168730745,0.7758787155151368,0.7092611807364004,8,0.0067985098219166,0.7468074798583985,59.96002664890073
shruti_filming_1_flipped.mp4,979,0,13,0.0238438736283246,0.7761026382446289,0.6835981580946181,10,0.0065582704741973,0.7473457336425782,59.96002664890073
shruti_filming_1_flipped.mp4,980,0,9,0.0246630924155132,0.7767407099405924,0.6765000519929109,7,0.0060965369681879,0.745341428120931,59.96002664890073
shruti_filming_1_flipped.mp4,981,0,9,0.02448435426957,0.7762734095255533,0.6630399350766782,6,0.006541399655053,0.7479559580485026,59.96002664890073
shruti_filming_1_flipped.mp4,982,0,10,0.0257449752162318,0.782014528910319,0.6529598094798901,7,0.00638698895367,0.747014045715332,59.96002664890073
shruti_filming_1_flipped.mp4,983,0,9,0.0326979046420878,0.7917652765909831,0.6870242083514179,7,0.0061574823751881,0.7463932037353516,59.96002664890073
shruti_filming_1_flipped.mp4,984,0,8,0.0221192408547115,0.7771879196166992,0.6113437228732639,6,0.0057154809069793,0.7457911173502604,59.96002664890073
shruti_filming_1_flipped.mp4,985,0,10,0.0340010972646996,0.7925095240275065,0.672455738208912,7,0.0237854007699449,0.7846124649047852,59.96002664890073
shruti_filming_1_flipped.mp4,986,0,7,0.0344189182435231,0.7932593027750651,0.6688353927047165,6,0.005930017097659,0.7468039194742838,59.96002664890073
shruti_filming_1_flipped.mp4,987,0,6,0.0345989460655039,0.7927558898925782,0.662560130931713,5,0.0058213023225349,0.7469654719034831,59.96002664890073
shruti_filming_1_flipped.mp4,988,0,8,0.0348570134069154,0.7935161590576172,0.6536240754304109,7,0.005763330423894,0.7471972147623698,59.96002664890073
shruti_filming_1_flipped.mp4,989,0,8,0.0355772564642528,0.7931484858194987,0.6471183494285301,7,0.0207771896355875,0.7778355916341145,59.96002664890073
shruti_filming_1_flipped.mp4,990,0,9,0.0367705903212212,0.793425178527832,0.6416047272858796,8,0.0217682301183231,0.782176653544108,59.96002664890073
shruti_filming_1_flipped.mp4,991,0,8,0.0211506565830657,0.7800413767496744,0.5180631849500869,6,0.0211506565830657,0.7800413767496744,59.96002664890073
shruti_filming_1_flipped.mp4,992,0,9,0.0370422297866187,0.7994304656982422,0.6346243399160879,7,0.0197545779693798,0.7801820755004882,59.96002664890073
shruti_filming_1_flipped.mp4,993,0,12,0.0199294780923001,0.7785595575968425,0.4847301341869213,9,0.0199294780923001,0.7785595575968425,59.96002664890073
shruti_filming_1_flipped.mp4,994,0,10,0.0188758665779001,0.777207628885905,0.4693419845015914,7,0.0188758665779001,0.777207628885905,59.96002664890073
shruti_filming_1_flipped.mp4,995,0,10,0.0190720697177177,0.7798058191935221,0.4546001858181424,7,0.0190720697177177,0.7798058191935221,59.96002664890073
shruti_filming_1_flipped.mp4,996,0,8,0.0194407111591189,0.8064087549845378,0.8106732968930845,6,0.0186527700879378,0.7779394785563151,59.96002664890073
shruti_filming_1_flipped.mp4,997,0,10,0.0208574159659824,0.8087938944498698,0.8011392664026331,7,0.0187763007623531,0.7782442728678386,59.96002664890073
shruti_filming_1_flipped.mp4,998,0,11,0.0212461359963829,0.8083003997802735,0.7966162787543403,8,0.019413586335593,0.7802912394205729,59.96002664890073
shruti_filming_1_flipped.mp4,999,0,10,0.0210038514141881,0.8078012466430664,0.789700260868779,8,0.0177570757086505,0.7779094696044921,59.96002664890073
shruti_filming_1_flipped.mp4,1000,0,10,0.0225920709136968,0.810637092590332,0.7865810253002026,7,0.0200997309112076,0.7800369262695312,59.96002664890073
shruti_filming_1_flipped.mp4,1001,0,8,0.0472731036476195,0.8080633799235026,0.5906762017144097,6,0.0472731036476195,0.8080633799235026,59.96002664890073
shruti_filming_1_flipped.mp4,1002,0,9,0.0178375466954053,0.7788625081380208,0.3876334296332465,8,0.0178375466954053,0.7788625081380208,59.96002664890073
shruti_filming_1_flipped.mp4,1003,0,9,0.0200025510329093,0.8067377090454102,0.7682790685583044,7,0.016903605705334,0.7747606913248698,59.96002664890073
shruti_filming_1_flipped.mp4,1004,0,9,0.0241234704732778,0.812875239054362,0.7686204133210359,6,0.0171268758530237,0.7748041152954102,59.96002664890073
shruti_filming_1_flipped.mp4,1005,0,8,0.0259145737901031,0.8108425776163737,0.7622780128761574,6,0.0170157489740651,0.774941889444987,59.96002664890073
shruti_filming_1_flipped.mp4,1006,0,7,0.0266097375757117,0.8098425547281901,0.7563089441370081,5,0.0162234828696172,0.7719325383504232,59.96002664890073
shruti_filming_1_flipped.mp4,1007,0,9,0.026937772083717,0.8114082972208659,0.7578965363679109,6,0.0161011931015592,0.7723312377929688,59.96002664890073
shruti_filming_1_flipped.mp4,1008,0,9,0.0273055023698058,0.8113086700439454,0.7559939914279514,6,0.016652060973542,0.773388671875,59.96002664890073
shruti_filming_1_flipped.mp4,1009,0,9,0.0277953184942138,0.8111162185668945,0.747042903193721,6,0.0162229579741158,0.7711714426676433,59.96002664890073
shruti_filming_1_flipped.mp4,1010,0,7,0.028188088752062,0.8097958246866862,0.7496289288556134,4,0.0164865572964319,0.771729850769043,59.96002664890073
shruti_filming_1_flipped.mp4,1011,0,8,0.028165196583658,0.8087282180786133,0.7484566017433449,5,0.0158568830063773,0.7705162048339844,59.96002664890073
shruti_filming_1_flipped.mp4,1012,0,8,0.0278063542770946,0.8074309031168619,0.7490919325086806,5,0.0205487184243436,0.7767483393351237,59.96002664890073
shruti_filming_1_flipped.mp4,1013,0,8,0.0227025284237849,0.805212656656901,0.7883307562934028,6,0.0210227073632672,0.7777275085449219,59.96002664890073
shruti_filming_1_flipped.mp4,1014,0,9,0.020328426386954,0.8017325083414714,0.8061920166015625,6,0.0196973140204877,0.7729803721110026,59.96002664890073
shruti_filming_1_flipped.mp4,1015,0,10,0.0196066259158585,0.7996333440144857,0.8121249163592303,7,0.0153429691859464,0.7649925231933594,59.96002664890073
shruti_filming_1_flipped.mp4,1016,0,9,0.0264595446991015,0.7993558883666992,0.751940522370515,5,0.0146220764561763,0.7615875244140625,59.96002664890073
shruti_filming_1_flipped.mp4,1017,0,10,0.0272985216164185,0.7980690002441406,0.7408206515842014,6,0.0136317214504298,0.7593940099080404,59.96002664890073
shruti_filming_1_flipped.mp4,1018,0,11,0.0269222551210349,0.7957330703735351,0.7405439023618345,7,0.0133368427481467,0.7583336512247721,59.96002664890073
shruti_filming_1_flipped.mp4,1019,0,11,0.0268579595295581,0.7933310190836589,0.7398820100007234,7,0.0132706558681093,0.7573755264282227,59.96002664890073
shruti_filming_1_flipped.mp4,1020,0,8,0.0263159979876945,0.7907854080200195,0.7422612508138021,5,0.0134156580964702,0.7557995478312175,59.96002664890073
shruti_filming_1_flipped.mp4,1021,0,9,0.0203388801434818,0.7885508219401042,0.7955401385271991,7,0.0138270325137354,0.7557336807250976,59.96002664890073
shruti_filming_1_flipped.mp4,1022,0,11,0.0265309524977648,0.7883220672607422,0.7394915545428241,7,0.0134456878758565,0.7549652099609375,59.96002664890073
shruti_filming_1_flipped.mp4,1023,0,12,0.026684998903915,0.7868127822875977,0.7376346164279514,8,0.0141059244916606,0.7550231297810872,59.96002664890073
shruti_filming_1_flipped.mp4,1024,0,12,0.0264010549316406,0.7862686157226563,0.741902330186632,8,0.0142722041654202,0.7547622044881185,59.96002664890073
shruti_filming_1_flipped.mp4,1025,0,12,0.0266882841537396,0.7851655960083008,0.7382694950810185,8,0.01395213706393,0.7544663111368816,59.96002664890073
shruti_filming_1_flipped.mp4,1026,0,10,0.026448886274981,0.7833370844523112,0.7359002007378472,6,0.0129035595584126,0.7504191080729167,59.96002664890073
shruti_filming_1_flipped.mp4,1027,0,7,0.0253393202181905,0.7799028396606446,0.7408555772569444,4,0.0129219652883842,0.7511608759562175,59.96002664890073
shruti_filming_1_flipped.mp4,1028,0,7,0.0184833842678926,0.7762633005777995,0.8020711263020833,4,0.0126286367234776,0.7493021011352539,59.96002664890073
shruti_filming_1_flipped.mp4,1029,0,7,0.0251534695127823,0.7767795562744141,0.7413608127170139,5,0.0122952348812961,0.7472890853881836,59.96002664890073
shruti_filming_1_flipped.mp4,1030,0,9,0.0250804301740797,0.7760501861572265,0.7366724084924768,7,0.0123017179309843,0.7467800140380859,59.96002664890073
shruti_filming_1_flipped.mp4,1031,0,9,0.0250343788157786,0.7737884521484375,0.7355594211154514,7,0.0125204786029644,0.7448648452758789,59.96002664890073
shruti_filming_1_flipped.mp4,1032,0,12,0.0254893791194384,0.7726085662841797,0.7317043728298611,10,0.0113552860675715,0.7405866622924805,59.96002664890073
shruti_filming_1_flipped.mp4,1033,0,11,0.0256000069902209,0.7722305297851563,0.7337518762659143,8,0.0110284827247421,0.7395888646443685,59.96002664890073
shruti_filming_1_flipped.mp4,1034,0,11,0.02554804415778,0.7707242965698242,0.7317477190936054,8,0.0114152057303322,0.7391014099121094,59.96002664890073
shruti_filming_1_flipped.mp4,1035,0,13,0.0245185583966667,0.7668434778849283,0.7319015502929688,10,0.0109800662546897,0.7388402938842773,59.96002664890073
shruti_filming_1_flipped.mp4,1036,0,13,0.0237276175193255,0.764149284362793,0.7340891520182292,11,0.0109190874123287,0.7397638320922851,59.96002664890073
shruti_filming_1_flipped.mp4,1037,0,10,0.0236521941713699,0.7629440943400065,0.7337496722186053,8,0.010703236042787,0.7382684707641601,59.96002664890073
shruti_filming_1_flipped.mp4,1038,0,11,0.0237038189030459,0.7619938532511393,0.7321676748770255,9,0.010471980452572,0.7383894602457682,59.96002664890073
shruti_filming_1_flipped.mp4,1039,0,12,0.0240850259134701,0.7625630060831706,0.7348653157552083,10,0.0103575123880377,0.7368879954020182,59.96002664890073
shruti_filming_1_flipped.mp4,1040,0,11,0.024076936048855,0.7627131144205729,0.7341950593171296,9,0.0103982386766518,0.7364731470743815,59.96002664890073
shruti_filming_1_flipped.mp4,1041,0,10,0.0239223280362784,0.7609714508056641,0.7320214165581598,9,0.0114912582073722,0.7374266306559245,59.96002664890073
shruti_filming_1_flipped.mp4,1042,0,9,0.0229953029679305,0.7598028818766276,0.7380462081344039,8,0.0116601993865225,0.7368768692016602,59.96002664890073
shruti_filming_1_flipped.mp4,1043,0,7,0.0233223662773768,0.758555793762207,0.7317168059172454,6,0.0109268768993206,0.7349378585815429,59.96002664890073
shruti_filming_1_flipped.mp4,1044,0,8,0.0240340247978477,0.7608662287394206,0.733615960015191,7,0.009807036218505,0.7343416849772135,59.96002664890073
shruti_filming_1_flipped.mp4,1045,0,7,0.0235875349979269,0.7588032404581706,0.7298868249963831,6,0.0095412526103771,0.7326887766520183,59.96002664890073
shruti_filming_1_flipped.mp4,1046,0,9,0.0234607322583475,0.7576234817504883,0.7292364049840856,7,0.0092281319781128,0.7313999811808268,59.96002664890073
shruti_filming_1_flipped.mp4,1047,0,8,0.0231305191511314,0.7566656112670899,0.7285793163158275,7,0.0094798526447266,0.7312050501505534,59.96002664890073
shruti_filming_1_flipped.mp4,1048,0,8,0.0226279522998892,0.7541437784830729,0.7288304646809896,7,0.0097156960850568,0.7308092753092448,59.96002664890073
shruti_filming_1_flipped.mp4,1049,0,7,0.0221099804698153,0.7528998057047526,0.7309777153862848,6,0.0096909038423069,0.7302831649780274,59.96002664890073
shruti_filming_1_flipped.mp4,1050,0,7,0.0220008861087693,0.7525056838989258,0.7318518179434317,6,0.0096402291771898,0.7298869450887044,59.96002664890073
shruti_filming_1_flipped.mp4,1051,0,8,0.0221062259049223,0.7523367563883464,0.730966243037471,7,0.0100093309152052,0.7294336318969726,59.96002664890073
shruti_filming_1_flipped.mp4,1052,0,8,0.0221663642489713,0.7522148768107096,0.7309197319878472,7,0.0093217577859629,0.7289740244547526,59.96002664890073
shruti_filming_1_flipped.mp4,1053,0,8,0.0222044108004343,0.7521699905395508,0.7311659071180555,7,0.0094593409986312,0.72894713083903,59.96002664890073
shruti_filming_1_flipped.mp4,1054,0,9,0.0224901502928696,0.7515295664469401,0.7299484252929688,7,0.0091198119156373,0.7282800674438477,59.96002664890073
shruti_filming_1_flipped.mp4,1055,0,9,0.0223480519897916,0.7510995864868164,0.7307575932255498,7,0.008949350214809,0.7276374816894531,59.96002664890073
shruti_filming_1_flipped.mp4,1056,0,9,0.022276073995831,0.7511110305786133,0.732406164098669,7,0.008819732619277,0.7272203445434571,59.96002664890073
shruti_filming_1_flipped.mp4,1057,0,10,0.0223170251553205,0.7515742619832356,0.7315039740668403,8,0.0088134692762302,0.7270786921183269,59.96002664890073
shruti_filming_1_flipped.mp4,1058,0,9,0.0219838781158129,0.7507705052693685,0.7325520833333333,7,0.0088632538980217,0.7267073313395183,59.96002664890073
shruti_filming_1_flipped.mp4,1059,0,11,0.0219412049958784,0.7501667658487956,0.733415052625868,9,0.0086791973080188,0.7264156341552734,59.96002664890073
shruti_filming_1_flipped.mp4,1060,0,10,0.0221556110178223,0.7502557754516601,0.733073255750868,8,0.0086307448597141,0.7259947458902994,59.96002664890073
shruti_filming_1_flipped.mp4,1061,0,9,0.0217880595216734,0.7497908274332682,0.7314369484230324,7,0.0085833281928595,0.7256247202555338,59.96002664890073
shruti_filming_1_flipped.mp4,1062,0,9,0.0217448631483259,0.7490187327067057,0.7312035454644097,7,0.0084114879103273,0.7251273473103841,59.96002664890073
shruti_filming_1_flipped.mp4,1063,0,10,0.0218441898242949,0.7488943099975586,0.7303259390371817,8,0.0082132327315371,0.7250242233276367,59.96002664890073
shruti_filming_1_flipped.mp4,1064,0,12,0.0217550593671312,0.749072774251302,0.7315840544524016,10,0.0079224373955771,0.7242660522460938,59.96002664890073
shruti_filming_1_flipped.mp4,1065,0,11,0.0217340326455154,0.748724619547526,0.7323988737883391,9,0.0079115501461826,0.7241214752197266,59.96002664890073
shruti_filming_1_flipped.mp4,1066,0,8,0.0216174326236014,0.7483224868774414,0.7333064326533565,7,0.0079295328143052,0.7245863596598308,59.96002664890073
shruti_filming_1_flipped.mp4,1067,0,7,0.0213459640196783,0.747560183207194,0.7342573377821181,6,0.0078984333672754,0.7246699015299479,59.96002664890073
shruti_filming_1_flipped.mp4,1068,0,8,0.0212827066941773,0.7473782221476237,0.7343349880642361,7,0.0076670405603363,0.7245433807373047,59.96002664890073
shruti_filming_1_flipped.mp4,1069,0,7,0.0212623308225388,0.7471708297729492,0.7344041047272859,6,0.0076636223237599,0.7242429097493489,59.96002664890073
shruti_filming_1_flipped.mp4,1070,0,7,0.0211660354592216,0.7466447830200196,0.7339603000217014,6,0.0071967239992227,0.7225907007853191,59.96002664890073
shruti_filming_1_flipped.mp4,1071,0,7,0.0211674035233258,0.7462761561075847,0.7326815004701968,6,0.0070565117211052,0.7224365234375,59.96002664890073
shruti_filming_1_flipped.mp4,1072,0,9,0.021007499478421,0.7453420639038086,0.7308591489438657,7,0.0069224555371257,0.7220013936360677,59.96002664890073
shruti_filming_1_flipped.mp4,1073,0,10,0.0208332021758075,0.7446295420328776,0.7298305370189525,8,0.0067251252005721,0.7210213343302408,59.96002664890073
shruti_filming_1_flipped.mp4,1074,0,8,0.0206454789351145,0.7442131042480469,0.7298400313765915,6,0.0066897834026841,0.7209778467814127,59.96002664890073
shruti_filming_1_flipped.mp4,1075,0,8,0.0206804868014943,0.7442501703898112,0.727655029296875,6,0.0065225314853725,0.7205520629882812,59.96002664890073
shruti_filming_1_flipped.mp4,1076,0,8,0.0206113952717472,0.7441639582316081,0.7267257690429687,6,0.0066367934752876,0.721165148417155,59.96002664890073
shruti_filming_1_flipped.mp4,1077,0,9,0.0204970628930324,0.7441891352335612,0.7284210205078125,8,0.0061197079921193,0.7170280456542969,59.96002664890073
shruti_filming_1_flipped.mp4,1078,0,9,0.0203377045558033,0.7437894821166993,0.7278231585467303,8,0.0060481542530706,0.7166767756144206,59.96002664890073
shruti_filming_1_flipped.mp4,1079,0,8,0.0202639482064599,0.7432528177897135,0.7252783316153067,7,0.0060998008271174,0.7169549942016602,59.96002664890073
shruti_filming_1_flipped.mp4,1080,0,8,0.0196461963645875,0.7422861735026042,0.7261413009078415,7,0.0061569591450582,0.7169456481933594,59.96002664890073
shruti_filming_1_flipped.mp4,1081,0,9,0.0196006427554594,0.7416126251220703,0.721888506854022,8,0.006379113113831,0.7180166880289713,59.96002664890073
shruti_filming_1_flipped.mp4,1082,0,10,0.0193572276541575,0.7410970687866211,0.7195336235894098,8,0.0062354341095002,0.7164314270019532,59.96002664890073
shruti_filming_1_flipped.mp4,1083,0,8,0.0192561574432464,0.7409461975097656,0.7190969961660879,7,0.0061807248306771,0.716085942586263,59.96002664890073
shruti_filming_1_flipped.mp4,1084,0,7,0.0188961892361813,0.7396312713623047,0.7170824969256365,5,0.0061722650624384,0.7160803476969401,59.96002664890073
shruti_filming_1_flipped.mp4,1085,0,7,0.0186963180598319,0.7391684214274089,0.7159274631076389,6,0.0060777268206692,0.7159235000610351,59.96002664890073
shruti_filming_1_flipped.mp4,1086,0,7,0.018317576309071,0.7388096491495768,0.7163651642975983,6,0.0061064086324121,0.7159414927164713,59.96002664890073
shruti_filming_1_flipped.mp4,1087,0,6,0.0180606260000624,0.7389849344889323,0.7151815343786169,5,0.0059617058324834,0.7156359354654948,59.96002664890073
shruti_filming_1_flipped.mp4,1088,0,6,0.0177659941137729,0.7387045542399089,0.7132204974139178,5,0.005917078516321,0.7166430791219075,59.96002664890073
shruti_filming_1_flipped.mp4,1089,0,7,0.0177610436297685,0.7384214401245117,0.7106367323133681,5,0.0058232854766538,0.7153956095377604,59.96002664890073
shruti_filming_1_flipped.mp4,1090,0,7,0.0176384778169449,0.737089729309082,0.7087070041232639,5,0.0057927305127183,0.7153914133707683,59.96002664890073
shruti_filming_1_flipped.mp4,1091,0,7,0.0174241399398773,0.7368003845214843,0.70761068838614,5,0.0057281231443846,0.7152097702026368,59.96002664890073
shruti_filming_1_flipped.mp4,1092,0,7,0.0171845443063432,0.737002182006836,0.7066214102285879,5,0.0057107756724926,0.7151178359985352,59.96002664890073
shruti_filming_1_flipped.mp4,1093,0,7,0.0170654616058864,0.7361640930175781,0.7030039469401042,5,0.0056732476585441,0.7149143854777018,59.96002664890073
shruti_filming_1_flipped.mp4,1094,0,7,0.0168402381387379,0.735821024576823,0.70028646963614,5,0.0056054440777774,0.7147184371948242,59.96002664890073
shruti_filming_1_flipped.mp4,1095,0,7,0.0165292598212706,0.735064951578776,0.69876708984375,5,0.0055452930491473,0.7147411982218425,59.96002664890073
shruti_filming_1_flipped.mp4,1096,0,8,0.0163403768401756,0.7366479873657227,0.6957336990921585,6,0.0054106287856372,0.7146185557047526,59.96002664890073
shruti_filming_1_flipped.mp4,1097,0,6,0.0162516276310392,0.736568832397461,0.6920579133210358,5,0.0054233004734851,0.7148340225219727,59.96002664890073
shruti_filming_1_flipped.mp4,1098,0,8,0.016314392516743,0.7364149729410807,0.6845460114655672,6,0.0054814990289957,0.7151706695556641,59.96002664890073
shruti_filming_1_flipped.mp4,1099,0,8,0.0162621912934506,0.7355825424194335,0.6782563386140046,5,0.005502526695771,0.7150576909383138,59.96002664890073
shruti_filming_1_flipped.mp4,1100,0,8,0.0159378203274617,0.7348751068115235,0.6757815325701678,5,0.0054829466088105,0.7150106430053711,59.96002664890073
shruti_filming_1_flipped.mp4,1101,0,8,0.0156206376332125,0.7343121210734049,0.6728871098271123,5,0.0055088648698033,0.7153907775878906,59.96002664890073
shruti_filming_1_flipped.mp4,1102,0,8,0.0154435418909027,0.7345396041870117,0.6707717895507812,5,0.0054326710365583,0.7153305053710938,59.96002664890073
shruti_filming_1_flipped.mp4,1103,0,8,0.0165373007246914,0.7351113001505534,0.6529747856987848,5,0.0053314550252657,0.7150833765665691,59.96002664890073
shruti_filming_1_flipped.mp4,1104,0,8,0.0181235170428408,0.7343891143798829,0.6204011705186632,5,0.0051254613755089,0.7158041000366211,59.96002664890073
shruti_filming_1_flipped.mp4,1105,0,8,0.0188586953753622,0.7356839497884115,0.614825439453125,5,0.0049944724468514,0.7155220031738281,59.96002664890073
shruti_filming_1_flipped.mp4,1106,0,8,0.0173860206586929,0.7359846750895183,0.6245388454861112,5,0.0050713024454415,0.716195551554362,59.96002664890073
shruti_filming_1_flipped.mp4,1107,0,8,0.0163136642245808,0.7354349136352539,0.630711986400463,5,0.0051908509757723,0.7162851333618164,59.96002664890073
shruti_filming_1_flipped.mp4,1108,0,8,0.0162015026123845,0.7363434473673502,0.6319415622287327,5,0.0051156215302439,0.7163002649943034,59.96002664890073
shruti_filming_1_flipped.mp4,1109,0,8,0.0157173609071954,0.7367437362670899,0.6345465766059027,5,0.0051397489544857,0.7164020538330078,59.96002664890073
shruti_filming_1_flipped.mp4,1110,0,8,0.0149560684752133,0.7363697052001953,0.6347971598307292,5,0.005060501603789,0.7165273030598959,59.96002664890073
shruti_filming_1_flipped.mp4,1111,0,8,0.0146906680706888,0.7352422078450521,0.6305850558810764,5,0.0050768260466348,0.7163256327311198,59.96002664890073
shruti_filming_1_flipped.mp4,1112,0,6,0.0138773188574446,0.7351681391398112,0.6363793267144098,4,0.0032695805723401,0.7086241404215495,59.96002664890073
shruti_filming_1_flipped.mp4,1113,0,6,0.0120119839295188,0.7347891489664714,0.6585701836480035,4,0.003310506055304,0.708433723449707,59.96002664890073
shruti_filming_1_flipped.mp4,1114,0,6,0.0118300148070557,0.7344587961832683,0.6482913547092014,4,0.0033768439784385,0.7084276835123698,59.96002664890073
shruti_filming_1_flipped.mp4,1115,0,6,0.0115594215423765,0.7335868835449219,0.6463985866970486,4,0.0033549928750532,0.7083758036295573,59.96002664890073
shruti_filming_1_flipped.mp4,1116,0,8,0.0181368192050528,0.7370066324869792,0.5505064222547743,6,0.0181368192050528,0.7370066324869792,59.96002664890073
shruti_filming_1_flipped.mp4,1117,0,7,0.0160390390076295,0.7335909525553386,0.5650230690285012,6,0.0160390390076295,0.7343973159790039,59.96002664890073
shruti_filming_1_flipped.mp4,1118,0,7,0.017024893638445,0.734689203898112,0.554167796947338,6,0.017024893638445,0.734689203898112,59.96002664890073
shruti_filming_1_flipped.mp4,1119,0,10,0.0168245186866261,0.7366414388020833,0.551045396592882,8,0.0168245186866261,0.7366414388020833,59.96002664890073
shruti_filming_1_flipped.mp4,1120,0,8,0.0161992230191489,0.7336299896240235,0.5476090607819734,7,0.0161992230191489,0.7336299896240235,59.96002664890073
shruti_filming_1_flipped.mp4,1121,0,9,0.0160730483900341,0.7338066736857096,0.5433912489149305,8,0.0160730483900341,0.7339187622070312,59.96002664890073
shruti_filming_1_flipped.mp4,1122,0,8,0.0162608725564334,0.734233538309733,0.5389132464373553,7,0.0162608725564334,0.734233538309733,59.96002664890073
shruti_filming_1_flipped.mp4,1123,0,7,0.0185237014385724,0.7342745463053385,0.4998935275607639,6,0.0185237014385724,0.7342745463053385,59.96002664890073
shruti_filming_1_flipped.mp4,1124,0,7,0.0188634799467399,0.7346617380777994,0.4919179280598958,6,0.0188634799467399,0.7346617380777994,59.96002664890073
shruti_filming_1_flipped.mp4,1125,0,7,0.0184112478016565,0.7344869613647461,0.4885660807291667,6,0.0184112478016565,0.7344869613647461,59.96002664890073
shruti_filming_1_flipped.mp4,1126,0,8,0.0164752457034774,0.7342897415161133,0.5062245686848958,7,0.0164752457034774,0.7342897415161133,59.96002664890073
shruti_filming_1_flipped.mp4,1127,0,8,0.0147706877792047,0.7325562159220378,0.5109456380208334,7,0.0147706877792047,0.7334540049235027,59.96002664890073
shruti_filming_1_flipped.mp4,1128,0,8,0.0127458869230597,0.7335847854614258,0.540500725640191,7,0.0127458869230597,0.7335847854614258,59.96002664890073
shruti_filming_1_flipped.mp4,1129,0,8,0.0150784198318702,0.7341343561808268,0.5002519395616319,7,0.0150784198318702,0.7341343561808268,59.96002664890073
shruti_filming_1_flipped.mp4,1130,0,8,0.0148481279505412,0.7336342493693034,0.4933393125180845,7,0.0148481279505412,0.7340946197509766,59.96002664890073
shruti_filming_1_flipped.mp4,1131,0,8,0.0103372209497805,0.7330718994140625,0.5591759575737847,7,0.0103372209497805,0.7330718994140625,59.96002664890073
shruti_filming_1_flipped.mp4,1132,0,9,0.014317200918352,0.7336764017740885,0.493447028266059,8,0.014317200918352,0.7336764017740885,59.96002664890073
shruti_filming_1_flipped.mp4,1133,0,10,0.0135931305495129,0.7342220942179362,0.4952445136176215,9,0.0135931305495129,0.7342220942179362,59.96002664890073
shruti_filming_1_flipped.mp4,1134,0,8,0.0102649863576516,0.7579565048217773,0.8507188585069444,7,0.0098830111614531,0.7336904525756835,59.96002664890073
shruti_filming_1_flipped.mp4,1135,0,7,0.0105465918936426,0.7588959376017252,0.847835456000434,6,0.0096782967210229,0.7333410898844401,59.96002664890073
shruti_filming_1_flipped.mp4,1136,0,8,0.0110053217249029,0.7604946772257487,0.8437684800889756,7,0.0105605004749291,0.7334231058756511,59.96002664890073
shruti_filming_1_flipped.mp4,1137,0,9,0.011730932388972,0.7328643798828125,0.4886898464626736,8,0.011730932388972,0.7328643798828125,59.96002664890073
shruti_filming_1_flipped.mp4,1138,0,9,0.0123631278655698,0.7334901809692382,0.4704102692780671,8,0.0123631278655698,0.7334901809692382,59.96002664890073
shruti_filming_1_flipped.mp4,1139,0,7,0.0119530216275597,0.7617205301920573,0.8314069394712095,6,0.0110828124017729,0.7337378819783529,59.96002664890073
shruti_filming_1_flipped.mp4,1140,0,7,0.0122343069584149,0.7620956420898437,0.8286359433774595,6,0.0119029594208889,0.7333349227905274,59.96002664890073
shruti_filming_1_flipped.mp4,1141,0,8,0.0134046292644968,0.7333900451660156,0.4293498851634837,7,0.0134046292644968,0.7333900451660156,59.96002664890073
shruti_filming_1_flipped.mp4,1142,0,8,0.0126890318038554,0.7620087305704752,0.8204070479781539,7,0.0109109612873807,0.7334768295288085,59.96002664890073
shruti_filming_1_flipped.mp4,1143,0,7,0.0128927449466815,0.7618693033854167,0.8165673149956597,6,0.0116544223030925,0.7328731536865234,59.96002664890073
shruti_filming_1_flipped.mp4,1144,0,6,0.0130624096570062,0.7617595672607422,0.8134263215241608,5,0.0089177718454609,0.733320681254069,59.96002664890073
shruti_filming_1_flipped.mp4,1145,0,6,0.0134564512078132,0.7619989395141602,0.8099405924479167,5,0.0122102898824959,0.7334123611450195,59.96002664890073
shruti_filming_1_flipped.mp4,1146,0,7,0.0135371252675799,0.7620413462320964,0.8080089427806713,6,0.0092324364720196,0.7333321253458659,59.96002664890073
shruti_filming_1_flipped.mp4,1147,0,7,0.0137986136569331,0.7620344797770182,0.8037706163194445,6,0.008665108766258,0.7323135375976563,59.96002664890073
shruti_filming_1_flipped.mp4,1148,0,8,0.0139174015847297,0.7619897842407226,0.8010021633572049,7,0.0087456863205362,0.7328695933024089,59.96002664890073
shruti_filming_1_flipped.mp4,1149,0,7,0.0143920251399524,0.7630781173706055,0.7987102932400174,6,0.0087406223814468,0.7328393936157227,59.96002664890073
shruti_filming_1_flipped.mp4,1150,0,7,0.0145650976924743,0.7635456085205078,0.7927125153718171,6,0.0090224527310864,0.7325880050659179,59.96002664890073
shruti_filming_1_flipped.mp4,1151,0,7,0.0146144661877769,0.7634563446044922,0.789668556495949,6,0.0090387269121775,0.7328777313232422,59.96002664890073
shruti_filming_1_flipped.mp4,1152,0,7,0.0148848631134131,0.7625350952148438,0.7867363258644386,6,0.0123911698040319,0.7335723876953125,59.96002664890073
shruti_filming_1_flipped.mp4,1153,0,6,0.0145338164340096,0.7589313507080078,0.780700287995515,5,0.0079617710234015,0.7322057723999024,59.96002664890073
shruti_filming_1_flipped.mp4,1154,0,7,0.0148436011720655,0.7588833491007487,0.7782413058810764,6,0.0097984283476317,0.7325620651245117,59.96002664890073
shruti_filming_1_flipped.mp4,1155,0,7,0.0150380388718676,0.7592262903849284,0.774474702058015,6,0.0106063651643732,0.7322516123453776,59.96002664890073
shruti_filming_1_flipped.mp4,1156,0,7,0.0151472318449983,0.7593938827514648,0.7705777768735532,6,0.0119281591290685,0.7332970301310221,59.96002664890073
shruti_filming_1_flipped.mp4,1157,0,8,0.0148349758159127,0.7581279118855794,0.7672030978732639,7,0.011968335470301,0.7327425003051757,59.96002664890073
shruti_filming_1_flipped.mp4,1158,0,9,0.0150283226201146,0.7575169245402018,0.7648058855975116,8,0.0141284715494408,0.7330056508382161,59.96002664890073
shruti_filming_1_flipped.mp4,1159,0,9,0.0153436020074877,0.7576507568359375,0.761454603407118,8,0.0137271018879902,0.7330124537150066,59.96002664890073
shruti_filming_1_flipped.mp4,1160,0,6,0.0152014443288013,0.7569747924804687,0.7566375732421875,5,0.011379322534496,0.732912254333496,59.96002664890073
shruti_filming_1_flipped.mp4,1161,0,6,0.0153618018251102,0.7573544184366862,0.7516699331778067,5,0.0115089051878183,0.7324354807535808,59.96002664890073
shruti_filming_1_flipped.mp4,1162,0,8,0.0146742198265726,0.7558445612589518,0.739304436577691,7,0.0116489615208572,0.7326538721720378,59.96002664890073
shruti_filming_1_flipped.mp4,1163,0,7,0.0144640791595498,0.7559210459391276,0.7291950932255498,6,0.0112351693919562,0.731954828898112,59.96002664890073
shruti_filming_1_flipped.mp4,1164,0,6,0.0146772443161872,0.7556678771972656,0.7257663868091725,5,0.0092720734852331,0.7321599324544271,59.96002664890073
shruti_filming_1_flipped.mp4,1165,0,7,0.0142816864082339,0.7560448328653971,0.7123336791992188,6,0.0081336565159532,0.732201894124349,59.96002664890073
shruti_filming_1_flipped.mp4,1166,0,8,0.0139146995252532,0.7558984756469727,0.6971039948640047,6,0.010104970608674,0.7323941548665365,59.96002664890073
shruti_filming_1_flipped.mp4,1167,0,9,0.0139377664609734,0.7560476303100586,0.6912138197157118,7,0.0109776479108,0.731609598795573,59.96002664890073
shruti_filming_1_flipped.mp4,1168,0,10,0.0135003354640988,0.7555990219116211,0.6847893608940973,8,0.0109631450749778,0.731757926940918,59.96002664890073
shruti_filming_1_flipped.mp4,1169,0,9,0.0132803612856271,0.7559677759806315,0.6737725151909723,6,0.0106505933834705,0.73170591990153,59.96002664890073
shruti_filming_1_flipped.mp4,1170,0,7,0.0129145837748957,0.7541238784790039,0.6673712836371528,5,0.0098325064501087,0.7303184509277344,59.96002664890073
shruti_filming_1_flipped.mp4,1171,0,7,0.0129243761633471,0.7554399490356445,0.6554165310329861,5,0.008959368027669,0.7247594833374024,59.96002664890073
shruti_filming_1_flipped.mp4,1172,0,7,0.0125525640828224,0.7539482752482096,0.6492384168836806,5,0.0093798154770478,0.7267189661661784,59.96002664890073
shruti_filming_1_flipped.mp4,1173,0,7,0.0129200427023331,0.7541179656982422,0.6438503689236111,5,0.0089505038644549,0.7267773310343425,59.96002664890073
shruti_filming_1_flipped.mp4,1174,0,8,0.0124539279904759,0.7534103393554688,0.6351826985677084,6,0.0089839583536377,0.7280533472696941,59.96002664890073
shruti_filming_1_flipped.mp4,1175,0,8,0.0120364787238779,0.7530452728271484,0.6287577311197917,6,0.0083103035865631,0.7276631037394206,59.96002664890073
shruti_filming_1_flipped.mp4,1176,0,8,0.0120516069116355,0.7529438018798829,0.6203681098090278,6,0.0084575440855351,0.7283237457275391,59.96002664890073
shruti_filming_1_flipped.mp4,1177,0,8,0.0121625811239613,0.7536700566609701,0.609187090838397,6,0.0077365593825298,0.72857666015625,59.96002664890073
shruti_filming_1_flipped.mp4,1178,0,9,0.012280635003548,0.7536240895589192,0.6056725396050348,7,0.0085525334062576,0.7288864135742188,59.96002664890073
shruti_filming_1_flipped.mp4,1179,0,9,0.0122563777534135,0.7538960138956706,0.5985297309027777,8,0.0122563777534135,0.7538960138956706,59.96002664890073
shruti_filming_1_flipped.mp4,1180,0,10,0.0120426784117525,0.7530485788981119,0.5916748046875,9,0.0120426784117525,0.7530485788981119,59.96002664890073
shruti_filming_1_flipped.mp4,1181,0,11,0.0115674944319632,0.7523494720458984,0.5826032850477431,10,0.0115674944319632,0.7523494720458984,59.96002664890073
shruti_filming_1_flipped.mp4,1182,0,11,0.0115574952648603,0.7523244857788086,0.5826065063476562,10,0.0115574952648603,0.7523244857788086,59.96002664890073
shruti_filming_1_flipped.mp4,1183,0,11,0.0114806052629137,0.7532827377319335,0.5760748969184027,10,0.0114806052629137,0.7532827377319335,59.96002664890073
shruti_filming_1_flipped.mp4,1184,0,11,0.0114291400533208,0.7524206161499023,0.5690347742151332,10,0.0114291400533208,0.7524206161499023,59.96002664890073
shruti_filming_1_flipped.mp4,1185,0,10,0.0115238532167859,0.7526997248331706,0.5617987738715278,9,0.0115238532167859,0.7526997248331706,59.96002664890073
shruti_filming_1_flipped.mp4,1186,0,10,0.0114266839061747,0.7525753021240235,0.555489264594184,9,0.0114266839061747,0.7525753021240235,59.96002664890073
shruti_filming_1_flipped.mp4,1187,0,11,0.0110978715892027,0.7514921188354492,0.5479603520146122,10,0.0110978715892027,0.7514921188354492,59.96002664890073
shruti_filming_1_flipped.mp4,1188,0,11,0.0108066974154078,0.7505582173665365,0.5405222574869791,10,0.0108066974154078,0.7505582173665365,59.96002664890073
shruti_filming_1_flipped.mp4,1189,0,10,0.0108344366593411,0.7506342569986979,0.5328490645797165,9,0.0108344366593411,0.7506342569986979,59.96002664890073
shruti_filming_1_flipped.mp4,1190,0,9,0.011131710883023,0.751759147644043,0.5316585964626737,8,0.011131710883023,0.751759147644043,59.96002664890073
shruti_filming_1_flipped.mp4,1191,0,8,0.0107206542156119,0.7508302688598633,0.5249187893337673,7,0.0107206542156119,0.7508302688598633,59.96002664890073
shruti_filming_1_flipped.mp4,1192,0,7,0.0116418085108981,0.7737888336181641,0.8436157791702835,6,0.0105157280693917,0.7502564112345378,59.96002664890073
shruti_filming_1_flipped.mp4,1193,0,9,0.0119526659041487,0.7752111434936524,0.8420689900716146,8,0.0101688584375854,0.7486810684204102,59.96002664890073
shruti_filming_1_flipped.mp4,1194,0,8,0.0123903354166153,0.7758935928344727,0.838331773546007,7,0.0107969084085198,0.7515247344970704,59.96002664890073
shruti_filming_1_flipped.mp4,1195,0,8,0.0131377697840367,0.7776573181152344,0.8329985441984954,7,0.0101763362571328,0.7489925384521484,59.96002664890073
shruti_filming_1_flipped.mp4,1196,0,8,0.0133806781851604,0.7780775705973307,0.8306916978624131,7,0.0105029869342171,0.750434684753418,59.96002664890073
shruti_filming_1_flipped.mp4,1197,0,7,0.0136802947992045,0.7782293955485026,0.8270256890190972,6,0.0106271337999108,0.7506649653116862,59.96002664890073
shruti_filming_1_flipped.mp4,1198,0,8,0.0139415668255295,0.7782789866129557,0.8224652890805845,7,0.0090260880526707,0.7454964955647786,59.96002664890073
shruti_filming_1_flipped.mp4,1199,0,7,0.0139638279559504,0.7770971934000651,0.8199117024739583,6,0.0090856902280615,0.7459740956624349,59.96002664890073
shruti_filming_1_flipped.mp4,1200,0,7,0.0142848145933304,0.7771181106567383,0.8170448585792824,6,0.0093352164753014,0.7466192881266276,59.96002664890073
shruti_filming_1_flipped.mp4,1201,0,8,0.0146475884892667,0.7773523330688477,0.8130588107638889,7,0.0089821451589361,0.7457594553629557,59.96002664890073
shruti_filming_1_flipped.mp4,1202,0,8,0.0148180853590558,0.7770320892333984,0.8113321374963831,7,0.0091718706133758,0.7468410491943359,59.96002664890073
shruti_filming_1_flipped.mp4,1203,0,8,0.0156629817974236,0.7773271560668945,0.8022327564380787,7,0.008603727808912,0.7445295333862305,59.96002664890073
shruti_filming_1_flipped.mp4,1204,0,7,0.0156499873510458,0.7768174489339192,0.8010538736979167,6,0.0081510326582227,0.7424407323201497,59.96002664890073
shruti_filming_1_flipped.mp4,1205,0,8,0.0159759328459687,0.7770931243896484,0.79812582510489,7,0.0083111465396359,0.7427867889404297,59.96002664890073
shruti_filming_1_flipped.mp4,1206,0,8,0.0158758742844737,0.7764830907185872,0.7982304890950521,7,0.0083301483431757,0.7427786509195964,59.96002664890073
shruti_filming_1_flipped.mp4,1207,0,8,0.015804001560771,0.7755054473876953,0.7962543063693577,7,0.0081534799818311,0.7420599619547527,59.96002664890073
shruti_filming_1_flipped.mp4,1208,0,8,0.0164070724474731,0.7752531051635743,0.7899912516276042,7,0.0082422641217191,0.7419577280680338,59.96002664890073
shruti_filming_1_flipped.mp4,1209,0,8,0.0165839091050697,0.7749191284179687,0.7874540540907118,7,0.0082902961698386,0.7416203180948894,59.96002664890073
shruti_filming_1_flipped.mp4,1210,0,8,0.0167143443232922,0.7743981043497722,0.7849880077220776,7,0.0082915068979168,0.7412321090698242,59.96002664890073
shruti_filming_1_flipped.mp4,1211,0,9,0.0168948650657613,0.7733727137247721,0.7817041467737269,8,0.008065258662682,0.7407411575317383,59.96002664890073
shruti_filming_1_flipped.mp4,1212,0,8,0.0169185838637834,0.7729745864868164,0.7783351756908276,7,0.007229919626067,0.7381203333536784,59.96002664890073
shruti_filming_1_flipped.mp4,1213,0,8,0.0170325994366107,0.7722803115844726,0.7761277940538195,7,0.0073007300474758,0.7383445739746094,59.96002664890073
shruti_filming_1_flipped.mp4,1214,0,9,0.0171649752001969,0.7716576894124348,0.7732075443974248,8,0.0072769079357385,0.7386335372924805,59.96002664890073
shruti_filming_1_flipped.mp4,1215,0,8,0.0173484858619566,0.7713516235351563,0.7717719184027778,7,0.0071684914015349,0.7377318700154623,59.96002664890073
shruti_filming_1_flipped.mp4,1216,0,8,0.017592991044803,0.7700148264567057,0.7682818942599826,7,0.0072924925230391,0.7380119323730469,59.96002664890073
shruti_filming_1_flipped.mp4,1217,0,9,0.0174512762789769,0.7682755152384441,0.7656823052300348,8,0.0074733055583675,0.7389734268188477,59.96002664890073
shruti_filming_1_flipped.mp4,1218,0,9,0.0176263454299704,0.7694395065307618,0.7623535721390335,8,0.007413764251396,0.7385030746459961,59.96002664890073
shruti_filming_1_flipped.mp4,1219,0,9,0.0167124016563563,0.7652002334594726,0.7599460177951389,8,0.0077700243953667,0.7383689880371094,59.96002664890073
shruti_filming_1_flipped.mp4,1220,0,8,0.0167478423402644,0.7646055221557617,0.7566287570529514,7,0.0071220097293715,0.7380297342936198,59.96002664890073
shruti_filming_1_flipped.mp4,1221,0,8,0.017070130916114,0.7648682276407878,0.7544908311631945,7,0.007237775396907,0.7384350458780925,59.96002664890073
shruti_filming_1_flipped.mp4,1222,0,8,0.0169067958385588,0.7643965403238933,0.7508215445059317,7,0.0069235363889796,0.7378327051798502,59.96002664890073
shruti_filming_1_flipped.mp4,1223,0,8,0.0167676047947154,0.7626955032348632,0.7502905386465567,7,0.0072959752043243,0.7391517639160157,59.96002664890073
shruti_filming_1_flipped.mp4,1224,0,9,0.0173592744686714,0.7635847091674804,0.7459105880172164,8,0.0069894614308658,0.7360658645629883,59.96002664890073
shruti_filming_1_flipped.mp4,1225,0,9,0.0179112539786729,0.7644299189249675,0.7425440470377604,8,0.0070820898076312,0.7364738464355469,59.96002664890073
shruti_filming_1_flipped.mp4,1226,0,9,0.0179304875679857,0.7639920552571614,0.7415534690574364,8,0.0069146831690967,0.7353706359863281,59.96002664890073
shruti_filming_1_flipped.mp4,1227,0,9,0.0185725862618225,0.7646815617879231,0.7399069326895255,8,0.0069401844579512,0.7353844324747721,59.96002664890073
shruti_filming_1_flipped.mp4,1228,0,8,0.0187853902591288,0.764032491048177,0.7348846435546875,7,0.0063969242918796,0.7334805170694987,59.96002664890073
shruti_filming_1_flipped.mp4,1229,0,8,0.0185364390526471,0.7629261016845703,0.7322291056315104,7,0.0065882121870527,0.7345235188802083,59.96002664890073
shruti_filming_1_flipped.mp4,1230,0,9,0.0182898958355697,0.7617392222086589,0.7295619823314525,8,0.0066667037468869,0.7341475168863932,59.96002664890073
shruti_filming_1_flipped.mp4,1231,0,9,0.0179208514219175,0.7601912180582683,0.7225914849175348,8,0.0067574060899399,0.7343561172485351,59.96002664890073
shruti_filming_1_flipped.mp4,1232,0,9,0.0175934160535689,0.7603741327921549,0.7144921196831597,8,0.0068852279916366,0.7350912729899088,59.96002664890073
shruti_filming_1_flipped.mp4,1233,0,9,0.017607180205523,0.7608312606811524,0.7079227023654514,8,0.0069768693995299,0.7358494440714518,59.96002664890073
shruti_filming_1_flipped.mp4,1234,0,8,0.0171559864610511,0.7594991683959961,0.7010413275824653,7,0.0069982989534288,0.7358781178792317,59.96002664890073
shruti_filming_1_flipped.mp4,1235,0,8,0.0169268847275007,0.7588387171427409,0.6959323459201389,7,0.0071960799528837,0.7358116149902344,59.96002664890073
shruti_filming_1_flipped.mp4,1236,0,10,0.017053794716916,0.757992935180664,0.6893343890154803,9,0.0066806579678517,0.7343595504760743,59.96002664890073
shruti_filming_1_flipped.mp4,1237,0,10,0.0170937492453922,0.7569634119669596,0.6831969649703414,9,0.0065518568993408,0.7333351771036783,59.96002664890073
shruti_filming_1_flipped.mp4,1238,0,10,0.0172230832355799,0.7573131561279297,0.6766648469147859,9,0.0064131629646376,0.7328561782836914,59.96002664890073
shruti_filming_1_flipped.mp4,1239,0,8,0.016618457974659,0.7555599212646484,0.6708814832899306,7,0.0064873507345328,0.7332646052042643,59.96002664890073
shruti_filming_1_flipped.mp4,1240,0,8,0.0160436555859632,0.7547213236490885,0.6654839409722222,7,0.0063358948164817,0.7326662063598632,59.96002664890073
shruti_filming_1_flipped.mp4,1241,0,7,0.0157934825929071,0.7538418451944987,0.65975341796875,6,0.0064721140465311,0.7327625910441081,59.96002664890073
shruti_filming_1_flipped.mp4,1242,0,8,0.0159197327982703,0.7545069376627604,0.6557373046875,7,0.0062916293203791,0.732227897644043,59.96002664890073
shruti_filming_1_flipped.mp4,1243,0,8,0.0156835914660607,0.7545434951782226,0.6493771023220486,7,0.0060904975918432,0.731447410583496,59.96002664890073
shruti_filming_1_flipped.mp4,1244,0,8,0.0154386069286071,0.7540948867797852,0.6440960354275174,7,0.0061199381758342,0.7314008712768555,59.96002664890073
shruti_filming_1_flipped.mp4,1245,0,8,0.0153175272009576,0.7537810643513997,0.6389065212673611,7,0.0061457473848713,0.7317232767740885,59.96002664890073
shruti_filming_1_flipped.mp4,1246,0,10,0.015348570165095,0.7542938232421875,0.6312486436631944,8,0.0061227155406959,0.7315902709960938,59.96002664890073
shruti_filming_1_flipped.mp4,1247,0,10,0.0152892452108897,0.7543439229329427,0.6259775797526042,8,0.0061296665456137,0.7315922419230143,59.96002664890073
shruti_filming_1_flipped.mp4,1248,0,10,0.0150671333835149,0.7535828272501628,0.6223812527126736,8,0.0060004133498296,0.7308172225952149,59.96002664890073
shruti_filming_1_flipped.mp4,1249,0,10,0.0149284504541558,0.752247428894043,0.6178266737196181,8,0.0053070229839822,0.7264118194580078,59.96002664890073
shruti_filming_1_flipped.mp4,1250,0,8,0.0148271719822272,0.7506696701049804,0.6104007297092013,6,0.0050456147828501,0.7254688898722331,59.96002664890073
shruti_filming_1_flipped.mp4,1251,0,7,0.0144653331557249,0.7503362655639648,0.6078211466471354,5,0.0050210458604097,0.7251713434855144,59.96002664890073
shruti_filming_1_flipped.mp4,1252,0,8,0.0144682145256471,0.7503475824991862,0.6023303561740452,6,0.0049036634154509,0.7250455856323242,59.96002664890073
shruti_filming_1_flipped.mp4,1253,0,8,0.0140638978453353,0.7496103286743164,0.5979316993995949,7,0.0140638978453353,0.7496103286743164,59.96002664890073
shruti_filming_1_flipped.mp4,1254,0,8,0.0137309428444132,0.7481829325358073,0.595556640625,7,0.0137309428444132,0.7481829325358073,59.96002664890073
shruti_filming_1_flipped.mp4,1255,0,8,0.0135784703723361,0.7476261774698894,0.5909820556640625,7,0.0135784703723361,0.7476261774698894,59.96002664890073
shruti_filming_1_flipped.mp4,1256,0,8,0.0135445150050886,0.7475194931030273,0.5912804497612847,7,0.0135445150050886,0.7475194931030273,59.96002664890073
shruti_filming_1_flipped.mp4,1257,0,9,0.0134369022991503,0.7472137451171875,0.5838289048936632,8,0.0134369022991503,0.7472137451171875,59.96002664890073
shruti_filming_1_flipped.mp4,1258,0,9,0.0134691760332228,0.7473372141520183,0.5808376736111112,8,0.0134691760332228,0.7473372141520183,59.96002664890073
shruti_filming_1_flipped.mp4,1259,0,9,0.0137532757804729,0.747273317972819,0.5729818838614005,8,0.0137532757804729,0.747273317972819,59.96002664890073
shruti_filming_1_flipped.mp4,1260,0,9,0.0133629501228656,0.7468059539794922,0.5643268161349826,8,0.0133629501228656,0.7468059539794922,59.96002664890073
shruti_filming_1_flipped.mp4,1261,0,9,0.0132567324918151,0.7464502970377604,0.5604780409071181,8,0.0132567324918151,0.7464502970377604,59.96002664890073
shruti_filming_1_flipped.mp4,1262,0,10,0.0131871282641077,0.7458400726318359,0.5564193725585938,8,0.0131871282641077,0.7458400726318359,59.96002664890073
shruti_filming_1_flipped.mp4,1263,0,10,0.0128281404967937,0.7446754455566407,0.5546418366608796,8,0.0128281404967937,0.7446754455566407,59.96002664890073
shruti_filming_1_flipped.mp4,1264,0,9,0.0126017668735585,0.7436460494995117,0.548566973650897,8,0.0126017668735585,0.7436460494995117,59.96002664890073
shruti_filming_1_flipped.mp4,1265,0,11,0.0124884717053781,0.7434726079305013,0.545894538031684,9,0.0124884717053781,0.7434726079305013,59.96002664890073
shruti_filming_1_flipped.mp4,1266,0,11,0.0123798976989928,0.7428576151529948,0.5417677137586806,9,0.0123798976989928,0.7428576151529948,59.96002664890073
shruti_filming_1_flipped.mp4,1267,0,10,0.012013520191734,0.7418982187906901,0.5416134304470486,8,0.012013520191734,0.7418982187906901,59.96002664890073
shruti_filming_1_flipped.mp4,1268,0,8,0.0118119897167586,0.7410952885945638,0.5371801870840567,7,0.0118119897167586,0.7410952885945638,59.96002664890073
shruti_filming_1_flipped.mp4,1269,0,8,0.0118686038012836,0.7422276178995768,0.5324145846896702,7,0.0118686038012836,0.7422276178995768,59.96002664890073
shruti_filming_1_flipped.mp4,1270,0,8,0.0116984764107985,0.7419388453165691,0.5302933869538484,7,0.0116984764107985,0.7419388453165691,59.96002664890073
shruti_filming_1_flipped.mp4,1271,0,8,0.011210620260487,0.7408147811889648,0.5256867585358797,7,0.011210620260487,0.7408147811889648,59.96002664890073
shruti_filming_1_flipped.mp4,1272,0,8,0.0111726068059969,0.762290891011556,0.8722560741283275,7,0.0108130533448679,0.7388696670532227,59.96002664890073
shruti_filming_1_flipped.mp4,1273,0,8,0.0112532138585595,0.7613480885823568,0.8706186365198206,7,0.0107152405457196,0.7382271448771159,59.96002664890073
shruti_filming_1_flipped.mp4,1274,0,9,0.0114845098749868,0.7615325927734375,0.8678517094364873,7,0.0109047165673433,0.7383103052775065,59.96002664890073
shruti_filming_1_flipped.mp4,1275,0,8,0.0117992127478053,0.7615901947021484,0.8640310781973379,7,0.0108870467898668,0.7378325780232747,59.96002664890073
shruti_filming_1_flipped.mp4,1276,0,9,0.0118566134634117,0.7601315180460612,0.8626200358072916,7,0.0109515492425998,0.7374548594156901,59.96002664890073
shruti_filming_1_flipped.mp4,1277,0,10,0.0121714942899631,0.7607445398966471,0.8609997219509549,8,0.0108886590929533,0.7365259170532227,59.96002664890073
shruti_filming_1_flipped.mp4,1278,0,10,0.012662892176692,0.7619211832682292,0.8577086272063079,9,0.0106366110754337,0.73529052734375,59.96002664890073
shruti_filming_1_flipped.mp4,1279,0,9,0.012846630548819,0.7610130310058594,0.8550727561668113,8,0.0101895400132828,0.7347632090250651,59.96002664890073
shruti_filming_1_flipped.mp4,1280,0,9,0.0129585638126275,0.7592693964640299,0.8514556319625289,8,0.0096082956157624,0.7334145228068034,59.96002664890073
shruti_filming_1_flipped.mp4,1281,0,9,0.0126889636082988,0.7568108240763346,0.8501491970486111,8,0.0096231775818159,0.7334095001220703,59.96002664890073
shruti_filming_1_flipped.mp4,1282,0,9,0.0129669065023578,0.7570989608764649,0.8474126180013021,8,0.0096806271676905,0.7336918512980143,59.96002664890073
shruti_filming_1_flipped.mp4,1283,0,9,0.0132176655054273,0.7563786188761393,0.8445738050672743,8,0.0095407886133115,0.7328734079996745,59.96002664890073
shruti_filming_1_flipped.mp4,1284,0,9,0.013825787907505,0.7554928461710612,0.8357805040147569,8,0.0093510171248474,0.7320685068766276,59.96002664890073
shruti_filming_1_flipped.mp4,1285,0,8,0.0139940124750137,0.7563817342122395,0.8353542751736112,7,0.0091218555338801,0.731298828125,59.96002664890073
shruti_filming_1_flipped.mp4,1286,0,9,0.0149029110727025,0.7618544260660808,0.8375692296911169,8,0.0090946071147293,0.730389149983724,59.96002664890073
shruti_filming_1_flipped.mp4,1287,0,10,0.0139143326859791,0.7546197891235351,0.8355261908637153,9,0.0090645629000694,0.7295942306518555,59.96002664890073
shruti_filming_1_flipped.mp4,1288,0,11,0.0130724034348451,0.749058723449707,0.8306504426179109,9,0.0091950119118943,0.7293915430704753,59.96002664890073
shruti_filming_1_flipped.mp4,1289,0,11,0.0126643403741763,0.7477303187052409,0.8177520751953125,9,0.0092195946925871,0.7294971466064453,59.96002664890073
shruti_filming_1_flipped.mp4,1290,0,10,0.0114101535408796,0.7470988591512044,0.8005743521231192,8,0.0091749035233321,0.7292469660441081,59.96002664890073
shruti_filming_1_flipped.mp4,1291,0,10,0.0109008979569275,0.7475841522216797,0.7936845002350984,8,0.0091306434936726,0.7288928985595703,59.96002664890073
shruti_filming_1_flipped.mp4,1292,0,12,0.0105486462463302,0.8109792709350586,0.9332885177047164,10,0.0091284339304763,0.7294219970703125,59.96002664890073
shruti_filming_1_flipped.mp4,1293,0,12,0.0121146102346635,0.815484619140625,0.9260121663411458,10,0.0090086163218236,0.7283568700154622,59.96002664890073
shruti_filming_1_flipped.mp4,1294,0,13,0.0133909482412855,0.8207880020141601,0.9185519183123552,11,0.0089377163392621,0.72791748046875,59.96002664890073
shruti_filming_1_flipped.mp4,1295,0,11,0.0145418893433942,0.8225292841593425,0.9137460779260708,9,0.0089124601066901,0.7274824778238932,59.96002664890073
shruti_filming_1_flipped.mp4,1296,0,10,0.0162368702832652,0.8213446299235027,0.9041276154694734,8,0.0083791011956054,0.7258345286051432,59.96002664890073
shruti_filming_1_flipped.mp4,1297,0,11,0.0170996137414225,0.8192316691080729,0.8974147655345776,9,0.0084287325986718,0.7259249369303385,59.96002664890073
shruti_filming_1_flipped.mp4,1298,0,9,0.0180389190543684,0.819160525004069,0.8906904432508681,7,0.0083827631897293,0.7251619338989258,59.96002664890073
shruti_filming_1_flipped.mp4,1299,0,8,0.0184934378536145,0.8195238749186198,0.8861709029586227,6,0.0083519560661322,0.724789810180664,59.96002664890073
shruti_filming_1_flipped.mp4,1300,0,9,0.0193201507316876,0.818954340616862,0.8809256659613716,7,0.0083595281088491,0.7243404388427734,59.96002664890073
shruti_filming_1_flipped.mp4,1301,0,8,0.0201553397727152,0.8178312301635742,0.875334789134838,6,0.0082142103350229,0.7240626017252604,59.96002664890073
shruti_filming_1_flipped.mp4,1302,0,8,0.0210819858454029,0.816871452331543,0.869854736328125,6,0.0080168065916815,0.7234528223673503,59.96002664890073
shruti_filming_1_flipped.mp4,1303,0,9,0.0220885109504969,0.8167750040690104,0.8650509304470486,7,0.007754485094079,0.7226268768310546,59.96002664890073
shruti_filming_1_flipped.mp4,1304,0,9,0.0235700738733457,0.8153623580932617,0.8552687468352141,7,0.0077091863158986,0.7220856348673502,59.96002664890073
shruti_filming_1_flipped.mp4,1305,0,11,0.0240399405059554,0.8129831949869791,0.8495611685293692,8,0.0076793414113732,0.7218496322631835,59.96002664890073
shruti_filming_1_flipped.mp4,1306,0,12,0.0248288516534699,0.8117371241251627,0.8446580674913194,9,0.0074622378073723,0.7212679545084636,59.96002664890073
shruti_filming_1_flipped.mp4,1307,0,11,0.0254523088466548,0.8100056330362956,0.8392659505208333,9,0.0073282740829098,0.7209114074707031,59.96002664890073
shruti_filming_1_flipped.mp4,1308,0,10,0.0264768368014591,0.80740966796875,0.8323990998444734,8,0.0071186704980209,0.7207647959391276,59.96002664890073
shruti_filming_1_flipped.mp4,1309,0,10,0.0292600685887952,0.8043039321899415,0.8131829155815973,8,0.007300457363793,0.7213884989420573,59.96002664890073
shruti_filming_1_flipped.mp4,1310,0,11,0.030370664848877,0.8040104548136393,0.8018897162543402,9,0.0072946749751443,0.7213740030924479,59.96002664890073
shruti_filming_1_flipped.mp4,1311,0,10,0.0289415532474716,0.8018978754679362,0.8107855902777777,8,0.007276669379024,0.7210236231486002,59.96002664890073
shruti_filming_1_flipped.mp4,1312,0,10,0.0297025745907901,0.7994459788004558,0.8008680555555555,8,0.0073650727048516,0.7213020324707031,59.96002664890073
shruti_filming_1_flipped.mp4,1313,0,9,0.0300654651576122,0.7983038584391277,0.7973485310872396,8,0.0074230152679633,0.7207816441853842,59.96002664890073
shruti_filming_1_flipped.mp4,1314,0,8,0.0306121210940182,0.7974461237589519,0.7929036458333333,7,0.0075835125137948,0.7210661570231119,59.96002664890073
shruti_filming_1_flipped.mp4,1315,0,8,0.0310879958460443,0.7956093470255534,0.7876230875651041,7,0.0072201244734848,0.7188022613525391,59.96002664890073
shruti_filming_1_flipped.mp4,1316,0,6,0.0310733294421677,0.7935911178588867,0.7839609781901041,5,0.0071877006692941,0.7185251871744792,59.96002664890073
shruti_filming_1_flipped.mp4,1317,0,6,0.031750254294365,0.7950850168863932,0.7816219188548901,5,0.0069492384548195,0.717572021484375,59.96002664890073
shruti_filming_1_flipped.mp4,1318,0,6,0.0325057582122548,0.7955804824829101,0.7766204268844039,5,0.0068756001693933,0.7171976089477539,59.96002664890073
shruti_filming_1_flipped.mp4,1319,0,6,0.0342473403559128,0.8004270553588867,0.773336735478154,5,0.0068570799662632,0.7172451655069987,59.96002664890073
shruti_filming_1_flipped.mp4,1320,0,6,0.034807107324653,0.8024206161499023,0.7740215160228588,5,0.0067724231424896,0.7170711517333984,59.96002664890073
shruti_filming_1_flipped.mp4,1321,0,6,0.0351936188061652,0.8006514231363933,0.768195879900897,5,0.006683510732837,0.7167009989420573,59.96002664890073
shruti_filming_1_flipped.mp4,1322,0,6,0.0369932846092032,0.8072811126708984,0.7669295699508102,5,0.0066153392798474,0.7165714899698893,59.96002664890073
shruti_filming_1_flipped.mp4,1323,0,7,0.0381898780487244,0.8070826212565104,0.7607838948567708,6,0.0063511965059269,0.7159756342569987,59.96002664890073
shruti_filming_1_flipped.mp4,1324,0,7,0.0387856480641611,0.8091680526733398,0.7586442170319734,6,0.0063064893806262,0.7161867141723632,59.96002664890073
shruti_filming_1_flipped.mp4,1325,0,7,0.0395977105373081,0.810528564453125,0.7555348149052372,6,0.0062134351872373,0.7162056605021159,59.96002664890073
shruti_filming_1_flipped.mp4,1326,0,7,0.0404455362133578,0.8117048899332683,0.7524834526909723,6,0.0059830204183257,0.7157623926798503,59.96002664890073
shruti_filming_1_flipped.mp4,1327,0,7,0.0416453685855347,0.8153039932250976,0.7490023577654803,6,0.005755756041035,0.7154645919799805,59.96002664890073
shruti_filming_1_flipped.mp4,1328,0,7,0.04252867968947,0.8157093048095703,0.7441806369357639,6,0.0057370424179437,0.7148311614990235,59.96002664890073
shruti_filming_1_flipped.mp4,1329,0,7,0.043478142386561,0.8166778564453125,0.7396609271014178,6,0.0056112049966274,0.7143236796061198,59.96002664890073
shruti_filming_1_flipped.mp4,1330,0,7,0.0435881482558518,0.8159585952758789,0.7372042620623553,6,0.0055807112499476,0.71451841990153,59.96002664890073
shruti_filming_1_flipped.mp4,1331,0,7,0.0439593488903483,0.8148850123087565,0.7322532936378762,6,0.0053241991318645,0.7139761606852214,59.96002664890073
shruti_filming_1_flipped.mp4,1332,0,8,0.0447729153392827,0.8155132293701172,0.7280618738245082,7,0.0051299497481603,0.7136212031046549,59.96002664890073
shruti_filming_1_flipped.mp4,1333,0,7,0.045901217526989,0.8156534830729166,0.7226429126880787,6,0.0049580519893465,0.713376808166504,59.96002664890073
shruti_filming_1_flipped.mp4,1334,0,7,0.0463238127419673,0.8150812149047851,0.7187669542100694,6,0.0048336732293763,0.7131832122802735,59.96002664890073
shruti_filming_1_flipped.mp4,1335,0,8,0.0463132932142966,0.8138952255249023,0.7171470924660012,7,0.0046823247124578,0.7130658467610677,59.96002664890073
shruti_filming_1_flipped.mp4,1336,0,8,0.0466249842606096,0.8132360458374024,0.7139721340603299,7,0.0047247172594264,0.7130261739095052,59.96002664890073
shruti_filming_1_flipped.mp4,1337,0,9,0.0468357285950332,0.8114681879679362,0.7085772479021991,8,0.0047073524986626,0.7126434326171875,59.96002664890073
shruti_filming_1_flipped.mp4,1338,0,9,0.0468792086160586,0.8104824701944987,0.7062837388780382,8,0.0043101609591394,0.7123127619425456,59.96002664890073
shruti_filming_1_flipped.mp4,1339,0,8,0.0469296740266253,0.8087972640991211,0.7032158745659722,7,0.0042908805325094,0.7115827560424804,59.96002664890073
shruti_filming_1_flipped.mp4,1340,0,8,0.0470418808395819,0.8066019694010417,0.6984324137369792,7,0.0042776047668249,0.7112151463826497,59.96002664890073
shruti_filming_1_flipped.mp4,1341,0,9,0.0469514749568016,0.8054258982340495,0.6963965521918403,8,0.0043766498656704,0.7109373092651368,59.96002664890073
shruti_filming_1_flipped.mp4,1342,0,8,0.0470279440474998,0.8052042643229167,0.6950334337022569,7,0.0043365362779392,0.7109956741333008,59.96002664890073
shruti_filming_1_flipped.mp4,1343,0,9,0.0478440431810061,0.8049259821573893,0.6895002011899595,8,0.0046033885962772,0.7108877817789714,59.96002664890073
shruti_filming_1_flipped.mp4,1344,0,8,0.0483137290559372,0.803886604309082,0.6882035997178819,7,0.0041873460834419,0.7106212615966797,59.96002664890073
shruti_filming_1_flipped.mp4,1345,0,7,0.0482242465291185,0.8018539428710938,0.6829021877712673,6,0.0043994269072653,0.7097766876220704,59.96002664890073
shruti_filming_1_flipped.mp4,1346,0,7,0.0477606519706544,0.7988321304321289,0.6790262292932581,6,0.0042753170037435,0.7097408930460612,59.96002664890073
shruti_filming_1_flipped.mp4,1347,0,7,0.0482192924492281,0.7985273996988932,0.6767149183485243,6,0.0041720925344162,0.7096460978190104,59.96002664890073
shruti_filming_1_flipped.mp4,1348,0,7,0.0477151618994783,0.7966689427693685,0.6761413009078414,6,0.0040930065531574,0.7092020034790039,59.96002664890073
shruti_filming_1_flipped.mp4,1349,0,8,0.0482229562741445,0.7967075983683268,0.6735034518771701,7,0.0041787271158278,0.7093116760253906,59.96002664890073
shruti_filming_1_flipped.mp4,1350,0,7,0.0485566196998115,0.795973269144694,0.6695236206054688,6,0.0044128558811886,0.7087559382120768,59.96002664890073
shruti_filming_1_flipped.mp4,1351,0,8,0.0483607065188698,0.7943986892700196,0.6680004543728298,7,0.0042877021329089,0.7082077026367187,59.96002664890073
shruti_filming_1_flipped.mp4,1352,0,7,0.0478428860024669,0.7919677734375,0.6654558534975406,6,0.0043053608804216,0.7079116185506185,59.96002664890073
shruti_filming_1_flipped.mp4,1353,0,7,0.0475511693488806,0.7894227981567383,0.6623931884765625,6,0.0043896140538143,0.7080394744873046,59.96002664890073
shruti_filming_1_flipped.mp4,1354,0,7,0.0477049849728225,0.7884605407714844,0.6589252048068577,6,0.0043892001505473,0.7077219009399414,59.96002664890073
shruti_filming_1_flipped.mp4,1355,0,7,0.0472844083281233,0.7867350260416667,0.6573018391927083,6,0.0044552296852149,0.7072737375895183,59.96002664890073
shruti_filming_1_flipped.mp4,1356,0,7,0.0463468862207388,0.7845630645751953,0.6560004905418113,6,0.0043915370246377,0.7069332758585612,59.96002664890073
shruti_filming_1_flipped.mp4,1357,0,7,0.0469211388843703,0.7853507995605469,0.6534296106409143,6,0.0043977624889359,0.7065933227539063,59.96002664890073
shruti_filming_1_flipped.mp4,1358,0,7,0.0473488995484162,0.785111935933431,0.6498591670283564,6,0.0044001566279998,0.7063217798868815,59.96002664890073
shruti_filming_1_flipped.mp4,1359,0,8,0.0476960455121782,0.7849535624186198,0.6469340006510417,7,0.0043634906568978,0.7055094401041667,59.96002664890073
shruti_filming_1_flipped.mp4,1360,0,8,0.0477071417165764,0.7836845397949219,0.6431308322482638,7,0.0043522123905778,0.7043312708536784,59.96002664890073
shruti_filming_1_flipped.mp4,1361,0,8,0.0480496822212201,0.7821304321289062,0.6370246039496528,7,0.0043511284526525,0.7037561416625977,59.96002664890073
shruti_filming_1_flipped.mp4,1362,0,8,0.0482321163140241,0.7821570078531901,0.63595541494864,7,0.0043661910730103,0.7039548873901367,59.96002664890073
shruti_filming_1_flipped.mp4,1363,0,7,0.0488073922219983,0.7830160140991211,0.6325201529043692,6,0.0044715315582127,0.7041038513183594,59.96002664890073
shruti_filming_1_flipped.mp4,1364,0,8,0.0487380414554435,0.7821364084879557,0.6302218967013888,7,0.004471815005322,0.7037694295247395,59.96002664890073
shruti_filming_1_flipped.mp4,1365,0,8,0.0480634572796299,0.7807256698608398,0.6242373431170428,6,0.0044406788639995,0.7036712646484375,59.96002664890073
shruti_filming_1_flipped.mp4,1366,0,9,0.048143215051214,0.7804525375366211,0.6191094292534722,7,0.0043737100445906,0.7036080042521159,59.96002664890073
shruti_filming_1_flipped.mp4,1367,0,9,0.0470532428429003,0.7802931467692057,0.608731022587529,7,0.0045374697852013,0.703219985961914,59.96002664890073
shruti_filming_1_flipped.mp4,1368,0,10,0.0467464003293274,0.7799166361490886,0.6014240971317998,8,0.0047322080837545,0.7036450068155925,59.96002664890073
shruti_filming_1_flipped.mp4,1369,0,10,0.0457775692251851,0.7789229075113933,0.594815006962529,9,0.0457775692251851,0.7789229075113933,59.96002664890073
shruti_filming_1_flipped.mp4,1370,0,9,0.0449535446017721,0.7788408915201823,0.585274420844184,8,0.0449535446017721,0.7788408915201823,59.96002664890073
shruti_filming_1_flipped.mp4,1371,0,8,0.0441265512467362,0.7775325775146484,0.5791386357060185,7,0.0441265512467362,0.7775325775146484,59.96002664890073
shruti_filming_1_flipped.mp4,1372,0,8,0.0429977031856348,0.7758858362833659,0.5702618069118923,7,0.0429977031856348,0.7758858362833659,59.96002664890073
shruti_filming_1_flipped.mp4,1373,0,8,0.0417623633674035,0.7738009134928385,0.5602090341073496,7,0.0417623633674035,0.7738009134928385,59.96002664890073
shruti_filming_1_flipped.mp4,1374,0,7,0.0410962229244587,0.7730764389038086,0.5481339631257234,6,0.0410962229244587,0.7730764389038086,59.96002664890073
shruti_filming_1_flipped.mp4,1375,0,8,0.0410696540731522,0.7724661509195964,0.5390058729383681,7,0.0410696540731522,0.7724661509195964,59.96002664890073
shruti_filming_1_flipped.mp4,1376,0,8,0.0407198246750825,0.771746826171875,0.5323747422960069,7,0.0407198246750825,0.771746826171875,59.96002664890073
shruti_filming_1_flipped.mp4,1377,0,8,0.0395877624498098,0.7701889038085937,0.5210879290545428,7,0.0395877624498098,0.7701889038085937,59.96002664890073
shruti_filming_1_flipped.mp4,1378,0,8,0.0392480669495718,0.7697617212931315,0.515765380859375,7,0.0392480669495718,0.7697617212931315,59.96002664890073
shruti_filming_1_flipped.mp4,1379,0,8,0.0389395530894398,0.768573252360026,0.5044253879123264,7,0.0389395530894398,0.768573252360026,59.96002664890073
shruti_filming_1_flipped.mp4,1380,0,6,0.037389659875771,0.7674862543741862,0.500495684588397,5,0.037389659875771,0.7674862543741862,59.96002664890073
shruti_filming_1_flipped.mp4,1381,0,6,0.0368313805172672,0.7662828445434571,0.4877378675672743,5,0.0368313805172672,0.7662828445434571,59.96002664890073
shruti_filming_1_flipped.mp4,1382,0,7,0.0362383305062259,0.7656288146972656,0.4756035133644387,6,0.0362383305062259,0.7656288146972656,59.96002664890073
shruti_filming_1_flipped.mp4,1383,0,6,0.03615907636788,0.7645700454711915,0.4653974179868345,5,0.03615907636788,0.7645700454711915,59.96002664890073
shruti_filming_1_flipped.mp4,1384,0,7,0.0357720765221165,0.7638900756835938,0.4604042900933159,6,0.0357720765221165,0.7638900756835938,59.96002664890073
shruti_filming_1_flipped.mp4,1385,0,7,0.0354770714512819,0.7631525039672852,0.4505679660373264,6,0.0354770714512819,0.7631525039672852,59.96002664890073
shruti_filming_1_flipped.mp4,1386,0,7,0.0347424872931312,0.7620716730753581,0.4410530938042534,6,0.0347424872931312,0.7620716730753581,59.96002664890073
shruti_filming_1_flipped.mp4,1387,0,6,0.0345652533508082,0.7617023468017579,0.4338551274052373,5,0.0345652533508082,0.7617023468017579,59.96002664890073
shruti_filming_1_flipped.mp4,1388,0,7,0.033588504542907,0.7610309600830079,0.4313006365740741,6,0.033588504542907,0.7610309600830079,59.96002664890073
shruti_filming_1_flipped.mp4,1389,0,6,0.0327899043900348,0.7606369018554687,0.4211786905924479,5,0.0327899043900348,0.7606369018554687,59.96002664890073
shruti_filming_1_flipped.mp4,1390,0,7,0.0319138359190482,0.7604803721110026,0.4183242232711227,6,0.0319138359190482,0.7604803721110026,59.96002664890073
shruti_filming_1_flipped.mp4,1391,0,7,0.0313304551439553,0.7594364802042644,0.4141172620985243,6,0.0313304551439553,0.7594364802042644,59.96002664890073
shruti_filming_1_flipped.mp4,1392,0,9,0.030956250385821,0.7591193517049154,0.4088692559136285,7,0.030956250385821,0.7591193517049154,59.96002664890073
shruti_filming_1_flipped.mp4,1393,0,9,0.0298942035568567,0.7571425120035807,0.4009371722186053,7,0.0298942035568567,0.7571425120035807,59.96002664890073
shruti_filming_1_flipped.mp4,1394,0,9,0.0290811917416673,0.756039555867513,0.3948335435655382,7,0.0290811917416673,0.756039555867513,59.96002664890073
shruti_filming_1_flipped.mp4,1395,0,9,0.0285764830417853,0.7553215662638346,0.38768881338614,7,0.0285764830417853,0.7553215662638346,59.96002664890073
shruti_filming_1_flipped.mp4,1396,0,9,0.0283084223889113,0.7548311233520508,0.3833292078088831,7,0.0283084223889113,0.7548311233520508,59.96002664890073
shruti_filming_1_flipped.mp4,1397,0,9,0.0279702219326281,0.754750124613444,0.3781789143880208,7,0.0279702219326281,0.754750124613444,59.96002664890073
shruti_filming_1_flipped.mp4,1398,0,9,0.0276703202670884,0.7546329498291016,0.3717915287724248,7,0.0276703202670884,0.7546329498291016,59.96002664890073
shruti_filming_1_flipped.mp4,1399,0,9,0.026839216601608,0.7538691202799479,0.3656045984338831,7,0.026839216601608,0.7538691202799479,59.96002664890073
shruti_filming_1_flipped.mp4,1400,0,9,0.0266283004525272,0.7536914825439454,0.3592997233072916,7,0.0266283004525272,0.7536914825439454,59.96002664890073
shruti_filming_1_flipped.mp4,1401,0,9,0.0262186611979915,0.7531958897908528,0.3525458441840278,7,0.0262186611979915,0.7531958897908528,59.96002664890073
shruti_filming_1_flipped.mp4,1402,0,9,0.0260940756316456,0.7531128565470377,0.3457859180591724,7,0.0260940756316456,0.7531128565470377,59.96002664890073
shruti_filming_1_flipped.mp4,1403,0,8,0.0258446727885812,0.7524195353190104,0.3389015480324074,6,0.0258446727885812,0.7524195353190104,59.96002664890073
shruti_filming_1_flipped.mp4,1404,0,10,0.0253785299594488,0.7517210006713867,0.3306812992802372,8,0.0253785299594488,0.7517210006713867,59.96002664890073
shruti_filming_1_flipped.mp4,1405,0,9,0.0247063786254758,0.7509994506835938,0.3239412660951967,7,0.0247063786254758,0.7509994506835938,59.96002664890073
shruti_filming_1_flipped.mp4,1406,0,8,0.024352539392906,0.7502212524414062,0.3183727688259549,6,0.024352539392906,0.7502212524414062,59.96002664890073
shruti_filming_1_flipped.mp4,1407,0,8,0.0240587312547076,0.7496971130371094,0.314656349464699,6,0.0240587312547076,0.7496971130371094,59.96002664890073
shruti_filming_1_flipped.mp4,1408,0,9,0.0235591016463068,0.7492607752482097,0.3115820425528067,7,0.0235591016463068,0.7492607752482097,59.96002664890073
shruti_filming_1_flipped.mp4,1409,0,9,0.0234231328722671,0.748982302347819,0.3068720499674479,7,0.0234231328722671,0.748982302347819,59.96002664890073
shruti_filming_1_flipped.mp4,1410,0,8,0.0230086496703249,0.7487775802612304,0.3015594482421875,6,0.0230086496703249,0.7487775802612304,59.96002664890073
shruti_filming_1_flipped.mp4,1411,0,9,0.0226362635380657,0.74844970703125,0.2959352281358507,7,0.0226362635380657,0.74844970703125,59.96002664890073
shruti_filming_1_flipped.mp4,1412,0,9,0.0220957230259146,0.7475637435913086,0.2877278645833333,7,0.0220957230259146,0.7475637435913086,59.96002664890073
shruti_filming_1_flipped.mp4,1413,0,9,0.0219001946456006,0.7474764506022136,0.2821710657190393,7,0.0219001946456006,0.7474764506022136,59.96002664890073
shruti_filming_1_flipped.mp4,1414,0,9,0.0217265053080174,0.74681396484375,0.2758977254231771,7,0.0217265053080174,0.74681396484375,59.96002664890073
shruti_filming_1_flipped.mp4,1415,0,9,0.0214376176337181,0.7462642669677735,0.2703344839590567,7,0.0214376176337181,0.7462642669677735,59.96002664890073
shruti_filming_1_flipped.mp4,1416,0,9,0.0209084990405891,0.7451566696166992,0.2661703604239004,7,0.0209084990405891,0.7451566696166992,59.96002664890073
shruti_filming_1_flipped.mp4,1417,0,8,0.0207386526943042,0.7444346110026042,0.2618277655707465,6,0.0207386526943042,0.7444346110026042,59.96002664890073
shruti_filming_1_flipped.mp4,1418,0,8,0.0205100337447624,0.7438871383666992,0.2549633449978298,6,0.0205100337447624,0.7438871383666992,59.96002664890073
shruti_filming_1_flipped.mp4,1419,0,9,0.0202674985249213,0.7429235458374024,0.2526847556785301,7,0.0202674985249213,0.7429235458374024,59.96002664890073
shruti_filming_1_flipped.mp4,1420,0,9,0.0201819931360444,0.7426747004191081,0.2489086009837963,7,0.0201819931360444,0.7426747004191081,59.96002664890073
shruti_filming_1_flipped.mp4,1421,0,10,0.0199647986607764,0.7424584706624349,0.2472771538628472,9,0.0199647986607764,0.7424584706624349,59.96002664890073
shruti_filming_1_flipped.mp4,1422,0,10,0.0199064370181359,0.7421219507853191,0.2433376736111111,9,0.0199064370181359,0.7421219507853191,59.96002664890073
shruti_filming_1_flipped.mp4,1423,0,9,0.0195730818518333,0.7418601989746094,0.2392987286603009,8,0.0195730818518333,0.7418601989746094,59.96002664890073
shruti_filming_1_flipped.mp4,1424,0,9,0.0192379829153651,0.7410709381103515,0.2338308828848379,8,0.0192379829153651,0.7410709381103515,59.96002664890073
shruti_filming_1_flipped.mp4,1425,0,9,0.0191992136511813,0.74077943166097,0.2301139548972801,8,0.0191992136511813,0.74077943166097,59.96002664890073
shruti_filming_1_flipped.mp4,1426,0,8,0.0192262500936214,0.7403420766194662,0.2260764793113426,7,0.0192262500936214,0.7403420766194662,59.96002664890073
shruti_filming_1_flipped.mp4,1427,0,8,0.019013009134085,0.7399065653483073,0.2179334852430555,7,0.019013009134085,0.7399065653483073,59.96002664890073
shruti_filming_1_flipped.mp4,1428,0,7,0.018637236214536,0.7390491485595703,0.2096683078342014,6,0.018637236214536,0.7390491485595703,59.96002664890073
shruti_filming_1_flipped.mp4,1429,0,10,0.0186864608806237,0.7385050455729166,0.2025513260452835,9,0.0186864608806237,0.7385050455729166,59.96002664890073
shruti_filming_1_flipped.mp4,1430,0,9,0.0181428971964568,0.7384252548217773,0.2014840020073784,8,0.0181428971964568,0.7384252548217773,59.96002664890073
shruti_filming_1_flipped.mp4,1431,0,10,0.0180474325629701,0.7384355545043946,0.1992497196903935,9,0.0180474325629701,0.7384355545043946,59.96002664890073
shruti_filming_1_flipped.mp4,1432,0,9,0.017808143284756,0.7382431666056315,0.1940084386754919,8,0.017808143284756,0.7382431666056315,59.96002664890073
shruti_filming_1_flipped.mp4,1433,0,9,0.0173976612301582,0.7377037684122721,0.1897866143120659,8,0.0173976612301582,0.7377037684122721,59.96002664890073
shruti_filming_1_flipped.mp4,1434,0,10,0.0171386901800158,0.7373514811197917,0.187286376953125,9,0.0171386901800158,0.7373514811197917,59.96002664890073
shruti_filming_1_flipped.mp4,1435,0,9,0.0171330297235571,0.7369302749633789,0.1844030309606481,8,0.0171330297235571,0.7369302749633789,59.96002664890073
shruti_filming_1_flipped.mp4,1436,0,7,0.0169869998916207,0.7369637171427409,0.1814422607421875,6,0.0169869998916207,0.7369637171427409,59.96002664890073
shruti_filming_1_flipped.mp4,1437,0,8,0.016223324935299,0.7350072224934896,0.1731329458731192,7,0.016223324935299,0.7350072224934896,59.96002664890073
shruti_filming_1_flipped.mp4,1438,0,8,0.0160330399537148,0.7347366333007812,0.1670926694516782,7,0.0160330399537148,0.7347366333007812,59.96002664890073
shruti_filming_1_flipped.mp4,1439,0,9,0.0160812121723493,0.7357051849365235,0.1633644386574074,8,0.0160812121723493,0.7357051849365235,59.96002664890073
shruti_filming_1_flipped.mp4,1440,0,8,0.0156958671514358,0.7335904439290365,0.1578766999421296,7,0.0156958671514358,0.7335904439290365,59.96002664890073
shruti_filming_1_flipped.mp4,1441,0,10,0.0154094106053544,0.7332316080729167,0.1517205697518807,9,0.0154094106053544,0.7332316080729167,59.96002664890073
shruti_filming_1_flipped.mp4,1442,0,9,0.0149976792031278,0.7328146616617839,0.1437815348307291,7,0.0149976792031278,0.7328146616617839,59.96002664890073
shruti_filming_1_flipped.mp4,1443,0,8,0.0149533602100133,0.7324588775634766,0.1380612973813657,6,0.0149533602100133,0.7324588775634766,59.96002664890073
shruti_filming_1_flipped.mp4,1444,0,9,0.015423844938535,0.7320107777913412,0.1287857903374566,7,0.015423844938535,0.7320107777913412,59.96002664890073
shruti_filming_1_flipped.mp4,1445,0,8,0.0157085881901927,0.7307411193847656,0.1202522842972367,6,0.0157085881901927,0.7307411193847656,59.96002664890073
shruti_filming_1_flipped.mp4,1446,0,8,0.0156256912217941,0.8473445892333984,0.915861341688368,6,0.0154076953375436,0.7304186503092448,59.96002664890073
shruti_filming_1_flipped.mp4,1447,0,8,0.0171926797453865,0.8454153060913085,0.90745770489728,6,0.0151341670240853,0.730130386352539,59.96002664890073
shruti_filming_1_flipped.mp4,1448,0,10,0.0186063897606261,0.8450733184814453,0.8994543570059317,8,0.0150192465962512,0.730728022257487,59.96002664890073
shruti_filming_1_flipped.mp4,1449,0,10,0.0204335439662854,0.8441661834716797,0.8915957980685764,8,0.0149303875631961,0.7306385040283203,59.96002664890073
shruti_filming_1_flipped.mp4,1450,0,10,0.0246973822289721,0.8438920974731445,0.8670457062897858,8,0.0146563137525474,0.730720329284668,59.96002664890073
shruti_filming_1_flipped.mp4,1451,0,10,0.0251244335922766,0.8434466044108073,0.8655317518446181,8,0.0145696547101801,0.7309131622314453,59.96002664890073
shruti_filming_1_flipped.mp4,1452,0,10,0.0258398408812569,0.843914794921875,0.8624005918149595,8,0.0143776154271732,0.7317527135213217,59.96002664890073
shruti_filming_1_flipped.mp4,1453,0,11,0.0267447220091708,0.8414429346720378,0.8560404459635417,9,0.0142164314758782,0.7311040878295898,59.96002664890073
shruti_filming_1_flipped.mp4,1454,0,12,0.0270096952571637,0.8393690109252929,0.8525600857204861,10,0.0141360476326138,0.7304857889811198,59.96002664890073
shruti_filming_1_flipped.mp4,1455,0,10,0.0284146986692571,0.8397073745727539,0.8441476892541956,8,0.0138907719786382,0.7300834655761719,59.96002664890073
shruti_filming_1_flipped.mp4,1456,0,12,0.0289721132337473,0.8371971130371094,0.8392310813621239,10,0.0137405317009284,0.7304519653320313,59.96002664890073
shruti_filming_1_flipped.mp4,1457,0,12,0.0300886801042361,0.8369140625,0.8326636420355903,10,0.0134064266541584,0.7299679438273112,59.96002664890073
shruti_filming_1_flipped.mp4,1458,0,13,0.0309065234050892,0.833247184753418,0.8243658560293692,11,0.0128147361849227,0.7288808822631836,59.96002664890073
shruti_filming_1_flipped.mp4,1459,0,12,0.0316514128509206,0.8304405848185221,0.816749346697772,11,0.0127552208455745,0.7358358383178711,59.96002664890073
shruti_filming_1_flipped.mp4,1460,0,11,0.032609669798191,0.8307147979736328,0.8114936546043113,10,0.0125582804149275,0.7343269348144531,59.96002664890073
shruti_filming_1_flipped.mp4,1461,0,11,0.0332537045345654,0.8285088221232096,0.805126444498698,10,0.0124781374867113,0.7334182739257813,59.96002664890073
shruti_filming_1_flipped.mp4,1462,0,11,0.0351684460166287,0.8311000823974609,0.7954972443757233,10,0.0123355024350005,0.7337221145629883,59.96002664890073
shruti_filming_1_flipped.mp4,1463,0,9,0.036679155958161,0.8280775070190429,0.7831827799479166,8,0.0121961678609767,0.7330898920694987,59.96002664890073
shruti_filming_1_flipped.mp4,1464,0,11,0.037260800115376,0.8272914886474609,0.7784774780273438,10,0.0119982490740302,0.7320988337198894,59.96002664890073
shruti_filming_1_flipped.mp4,1465,0,11,0.0392772573577656,0.8291659037272135,0.7717906245478877,10,0.0119228782077958,0.730975341796875,59.96002664890073
shruti_filming_1_flipped.mp4,1466,0,11,0.0389434175769565,0.8254432678222656,0.768260023328993,10,0.0119172701067496,0.7310066223144531,59.96002664890073
shruti_filming_1_flipped.mp4,1467,0,11,0.0404207928512348,0.8257471720377604,0.7590589735243055,10,0.0118761792018227,0.7284875869750976,59.96002664890073
shruti_filming_1_flipped.mp4,1468,0,9,0.042723126069662,0.8279986063639323,0.7448593139648437,8,0.0117972141622571,0.7284742991129557,59.96002664890073
shruti_filming_1_flipped.mp4,1469,0,9,0.0473323792766206,0.8360671997070312,0.7348285251193576,8,0.0116879335974226,0.7284573237101237,59.96002664890073
shruti_filming_1_flipped.mp4,1470,0,9,0.0496649679456216,0.8387362162272135,0.7265243530273438,8,0.0114256727607183,0.7283032099405925,59.96002664890073
shruti_filming_1_flipped.mp4,1471,0,9,0.0500144813799609,0.8390203475952148,0.7238179524739583,8,0.0112763044041262,0.7283830642700195,59.96002664890073
shruti_filming_1_flipped.mp4,1472,0,11,0.052406565164371,0.8448629379272461,0.718599220558449,10,0.0112765104489409,0.7283972422281901,59.96002664890073
shruti_filming_1_flipped.mp4,1473,0,9,0.0532299009392348,0.8459358851114909,0.7165713840060763,8,0.0112428698549047,0.7282670974731446,59.96002664890073
shruti_filming_1_flipped.mp4,1474,0,10,0.0544269881888478,0.8482344309488933,0.7131085996274595,9,0.0111301477628876,0.7275905609130859,59.96002664890073
shruti_filming_1_flipped.mp4,1475,0,11,0.0549682410192434,0.8501710891723633,0.7118428548177084,10,0.0109331366417115,0.7272371292114258,59.96002664890073
shruti_filming_1_flipped.mp4,1476,0,8,0.0557201274418427,0.8538858413696289,0.7130741825810185,7,0.0106556343069112,0.7265900293986003,59.96002664890073
shruti_filming_1_flipped.mp4,1477,0,8,0.0563975224426673,0.8545255661010742,0.7099930939850984,7,0.0105250224718151,0.726835823059082,59.96002664890073
shruti_filming_1_flipped.mp4,1478,0,9,0.0565510462762796,0.8549297332763672,0.709397718641493,8,0.0104839007880101,0.7270205815633138,59.96002664890073
shruti_filming_1_flipped.mp4,1479,0,9,0.0569655132006579,0.8543600082397461,0.7060522573965567,8,0.0104686730386068,0.727994155883789,59.96002664890073
shruti_filming_1_flipped.mp4,1480,0,9,0.0574702785696178,0.8534262339274089,0.7026869597258392,8,0.0104098741059553,0.7276501337687175,59.96002664890073
shruti_filming_1_flipped.mp4,1481,0,9,0.0578896041320425,0.8534032821655273,0.6990361531575521,8,0.0102880077431068,0.7273492813110352,59.96002664890073
shruti_filming_1_flipped.mp4,1482,0,10,0.0583098073813339,0.8530202865600586,0.6972317165798612,9,0.0101659279829537,0.7268577575683594,59.96002664890073
shruti_filming_1_flipped.mp4,1483,0,10,0.0585025776730617,0.8508272171020508,0.6934044731987847,9,0.0101689690656699,0.7269798914591471,59.96002664890073
shruti_filming_1_flipped.mp4,1484,0,9,0.0589651476478643,0.8499807993570964,0.6884353637695313,8,0.0102810407493692,0.7270609537760416,59.96002664890073
shruti_filming_1_flipped.mp4,1485,0,9,0.0604240715024126,0.848848533630371,0.6812630547417535,8,0.0102862666866308,0.7269200007120769,59.96002664890073
shruti_filming_1_flipped.mp4,1486,0,8,0.060717962613077,0.8478534698486329,0.6781441582573785,7,0.0102449061682111,0.7267347971598307,59.96002664890073
shruti_filming_1_flipped.mp4,1487,0,10,0.0626122435615225,0.845355224609375,0.6624558060257523,9,0.0101898267972272,0.726597785949707,59.96002664890073
shruti_filming_1_flipped.mp4,1488,0,11,0.0614918602098866,0.8436564127604167,0.665203348795573,10,0.0101825782157269,0.726446787516276,59.96002664890073
shruti_filming_1_flipped.mp4,1489,0,11,0.0623442485766308,0.8429496765136719,0.6587262754087095,10,0.010250566993798,0.727081298828125,59.96002664890073
shruti_filming_1_flipped.mp4,1490,0,12,0.062390720344847,0.8413612365722656,0.6549095436378761,11,0.0103397346136679,0.7280881881713868,59.96002664890073
shruti_filming_1_flipped.mp4,1491,0,10,0.0618887325955761,0.8403825759887695,0.6559380425347222,9,0.0101375894471992,0.7274431864420573,59.96002664890073
shruti_filming_1_flipped.mp4,1492,0,11,0.0617842369911442,0.839662742614746,0.6540708753797743,10,0.0102631488098995,0.7277667999267579,59.96002664890073
shruti_filming_1_flipped.mp4,1493,0,11,0.0622011052057891,0.8384859720865886,0.6488388626663774,10,0.0100940116332218,0.7273232142130533,59.96002664890073
shruti_filming_1_flipped.mp4,1494,0,11,0.0618525713396633,0.8350258509318034,0.643549092610677,10,0.0101641519032246,0.7271675109863281,59.96002664890073
shruti_filming_1_flipped.mp4,1495,0,9,0.0612041946323976,0.8336942672729493,0.6446902804904514,8,0.0098808216689536,0.7277857462565104,59.96002664890073
shruti_filming_1_flipped.mp4,1496,0,8,0.0612818568928438,0.8319748560587565,0.6402979532877604,7,0.0096945771570446,0.7280075709025066,59.96002664890073
shruti_filming_1_flipped.mp4,1497,0,8,0.0617511738789121,0.830636469523112,0.6338630958839699,7,0.0096065112362244,0.727771250406901,59.96002664890073
shruti_filming_1_flipped.mp4,1498,0,10,0.0622662563482299,0.8311806360880534,0.6311952944155093,9,0.0092775225328686,0.7255604426066081,59.96002664890073
shruti_filming_1_flipped.mp4,1499,0,9,0.0622925503670962,0.8308910369873047,0.6297078450520833,8,0.0091752478261683,0.7255384445190429,59.96002664890073
shruti_filming_1_flipped.mp4,1500,0,9,0.0624493028895813,0.8296281814575195,0.6239381578233507,8,0.0092268932188744,0.7253792444864909,59.96002664890073
shruti_filming_1_flipped.mp4,1501,0,7,0.0623115655471625,0.8284794489542643,0.6209528040002894,6,0.0091160948359821,0.7253610610961914,59.96002664890073
shruti_filming_1_flipped.mp4,1502,0,8,0.0618399969505197,0.8262093226114909,0.6195998015227141,7,0.0091509399287989,0.725994873046875,59.96002664890073
shruti_filming_1_flipped.mp4,1503,0,10,0.0618613696826678,0.8252434412638346,0.6171633685076678,9,0.0089952171471506,0.726234245300293,59.96002664890073
shruti_filming_1_flipped.mp4,1504,0,6,0.0621123030734101,0.8251072565714518,0.615162828233507,5,0.0087522031142887,0.726124382019043,59.96002664890073
shruti_filming_1_flipped.mp4,1505,0,6,0.062082392888163,0.8237567901611328,0.6114652845594618,5,0.008731628859241,0.7261322021484375,59.96002664890073
shruti_filming_1_flipped.mp4,1506,0,6,0.062070289631137,0.8225662231445312,0.6081176192672164,5,0.0085648097286868,0.7256731669108073,59.96002664890073
shruti_filming_1_flipped.mp4,1507,0,6,0.0624478610255468,0.8223583221435546,0.6006976092303241,4,0.0083134650895415,0.725587272644043,59.96002664890073
shruti_filming_1_flipped.mp4,1508,0,6,0.0628198079345747,0.8218378702799479,0.5999529803240741,5,0.0628198079345747,0.8218378702799479,59.96002664890073
shruti_filming_1_flipped.mp4,1509,0,6,0.0629367893925051,0.8212223688761393,0.5974586769386574,5,0.0629367893925051,0.8212223688761393,59.96002664890073
shruti_filming_1_flipped.mp4,1510,0,8,0.0629789752221197,0.8201696395874023,0.5949690642180266,6,0.0629789752221197,0.8201696395874023,59.96002664890073
shruti_filming_1_flipped.mp4,1511,0,7,0.0626426692651067,0.818387794494629,0.5916264286747686,5,0.0626426692651067,0.818387794494629,59.96002664890073
shruti_filming_1_flipped.mp4,1512,0,6,0.0634616277776917,0.8192330042521159,0.5886852123119213,5,0.0634616277776917,0.8192330042521159,59.96002664890073
shruti_filming_1_flipped.mp4,1513,0,7,0.063046841671788,0.8179197947184245,0.5837922272858797,6,0.063046841671788,0.8179197947184245,59.96002664890073
shruti_filming_1_flipped.mp4,1514,0,6,0.0630242149418228,0.8161631266276042,0.5780281349464699,5,0.0630242149418228,0.8161631266276042,59.96002664890073
shruti_filming_1_flipped.mp4,1515,0,7,0.0623155570598707,0.8154296875,0.5722526832863136,5,0.0623155570598707,0.8154296875,59.96002664890073
shruti_filming_1_flipped.mp4,1516,0,7,0.0604641996788394,0.8147719065348308,0.5605698762116609,5,0.0604641996788394,0.8147719065348308,59.96002664890073
shruti_filming_1_flipped.mp4,1517,0,9,0.058953557368066,0.8134329477945964,0.5495392975983796,8,0.058953557368066,0.8134329477945964,59.96002664890073
shruti_filming_1_flipped.mp4,1518,0,7,0.0578908395899149,0.8121592203776041,0.5449040165653936,6,0.0578908395899149,0.8121592203776041,59.96002664890073
shruti_filming_1_flipped.mp4,1519,0,7,0.0574758079889795,0.8112430572509766,0.531208575213397,6,0.0574758079889795,0.8112430572509766,59.96002664890073
shruti_filming_1_flipped.mp4,1520,0,6,0.0562538697927784,0.811050287882487,0.5237730238172743,5,0.0562538697927784,0.811050287882487,59.96002664890073
shruti_filming_1_flipped.mp4,1521,0,5,0.0555377454662165,0.8101125717163086,0.5114327324761285,5,0.0555377454662165,0.8101125717163086,59.96002664890073
shruti_filming_1_flipped.mp4,1522,0,6,0.054486976185225,0.8082581202189127,0.502132331000434,5,0.054486976185225,0.8082581202189127,59.96002664890073
shruti_filming_1_flipped.mp4,1523,0,6,0.0529753854793832,0.8069900512695313,0.4905949910481771,5,0.0529753854793832,0.8069900512695313,59.96002664890073
shruti_filming_1_flipped.mp4,1524,0,7,0.0519632817387011,0.8061724344889323,0.4832692464192708,5,0.0519632817387011,0.8061724344889323,59.96002664890073
shruti_filming_1_flipped.mp4,1525,0,7,0.0511528324967007,0.805021095275879,0.4754295631691261,5,0.0511528324967007,0.805021095275879,59.96002664890073
shruti_filming_1_flipped.mp4,1526,0,7,0.050116758815582,0.8049240748087565,0.4647615220811631,5,0.050116758815582,0.8049240748087565,59.96002664890073
shruti_filming_1_flipped.mp4,1527,0,7,0.0500668095790186,0.8045311609903971,0.4542832551179109,5,0.0500668095790186,0.8045311609903971,59.96002664890073
shruti_filming_1_flipped.mp4,1528,0,8,0.0496147506887468,0.8032841364542643,0.4482355753580729,5,0.0496147506887468,0.8032841364542643,59.96002664890073
shruti_filming_1_flipped.mp4,1529,0,8,0.0484778100766965,0.8023277282714844,0.4359829372829861,5,0.0484778100766965,0.8023277282714844,59.96002664890073
shruti_filming_1_flipped.mp4,1530,0,7,0.0469063138651997,0.8006576538085938,0.4256212022569444,5,0.0469063138651997,0.8006576538085938,59.96002664890073
shruti_filming_1_flipped.mp4,1531,0,7,0.0464135443714136,0.7998417536417644,0.4197916666666667,5,0.0464135443714136,0.7998417536417644,59.96002664890073
shruti_filming_1_flipped.mp4,1532,0,8,0.0450772733699219,0.7987938563028971,0.4157591078016493,5,0.0450772733699219,0.7987938563028971,59.96002664890073
shruti_filming_1_flipped.mp4,1533,0,7,0.0444201541220536,0.7988693237304687,0.4086907280815972,5,0.0444201541220536,0.7988693237304687,59.96002664890073
shruti_filming_1_flipped.mp4,1534,0,7,0.0433179354295134,0.797845458984375,0.4001594826027199,5,0.0433179354295134,0.797845458984375,59.96002664890073
shruti_filming_1_flipped.mp4,1535,0,8,0.0429155858596398,0.7974905649820964,0.3945166693793402,6,0.0429155858596398,0.7974905649820964,59.96002664890073
shruti_filming_1_flipped.mp4,1536,0,8,0.0423682658490724,0.7959114710489908,0.3914065890842014,6,0.0423682658490724,0.7959114710489908,59.96002664890073
shruti_filming_1_flipped.mp4,1537,0,8,0.041287087868884,0.7947487513224284,0.3796345463505498,6,0.041287087868884,0.7947487513224284,59.96002664890073
shruti_filming_1_flipped.mp4,1538,0,8,0.0403533795413871,0.7944233576456706,0.3723280164930556,6,0.0403533795413871,0.7944233576456706,59.96002664890073
shruti_filming_1_flipped.mp4,1539,0,8,0.039812189056247,0.793506113688151,0.3677959865993924,6,0.039812189056247,0.793506113688151,59.96002664890073
shruti_filming_1_flipped.mp4,1540,0,8,0.0395239801944828,0.7929783503214518,0.3599746704101562,6,0.0395239801944828,0.7929783503214518,59.96002664890073
shruti_filming_1_flipped.mp4,1541,0,8,0.0385314364784237,0.7907885233561198,0.3507028650354456,6,0.0385314364784237,0.7907885233561198,59.96002664890073
shruti_filming_1_flipped.mp4,1542,0,8,0.0381677277779413,0.790473747253418,0.3428151448567708,6,0.0381677277779413,0.790473747253418,59.96002664890073
shruti_filming_1_flipped.mp4,1543,0,10,0.0372899874408418,0.7903345108032227,0.3361143889250578,7,0.0372899874408418,0.7903345108032227,59.96002664890073
shruti_filming_1_flipped.mp4,1544,0,10,0.0368839067069922,0.7883729298909505,0.3320184213143808,7,0.0368839067069922,0.7883729298909505,59.96002664890073
shruti_filming_1_flipped.mp4,1545,0,10,0.03655061786713,0.7870859146118164,0.3271048651801215,7,0.03655061786713,0.7870859146118164,59.96002664890073
shruti_filming_1_flipped.mp4,1546,0,10,0.0360495355042318,0.7862741470336914,0.3226722999855324,7,0.0360495355042318,0.7862741470336914,59.96002664890073
shruti_filming_1_flipped.mp4,1547,0,9,0.0347488920703633,0.7838363647460938,0.3152699788411458,6,0.0347488920703633,0.7838363647460938,59.96002664890073
shruti_filming_1_flipped.mp4,1548,0,9,0.0338798318466676,0.7824288050333659,0.3111688119393808,6,0.0338798318466676,0.7824288050333659,59.96002664890073
shruti_filming_1_flipped.mp4,1549,0,9,0.033475184245035,0.7823867797851562,0.303819500958478,5,0.033475184245035,0.7823867797851562,59.96002664890073
shruti_filming_1_flipped.mp4,1550,0,9,0.0327627599043383,0.7814947764078776,0.2978701556170428,5,0.0327627599043383,0.7814947764078776,59.96002664890073
shruti_filming_1_flipped.mp4,1551,0,8,0.0326953097099559,0.7803680419921875,0.2912334865993923,4,0.0326953097099559,0.7803680419921875,59.96002664890073
shruti_filming_1_flipped.mp4,1552,0,8,0.0327685602025465,0.7806743621826172,0.2868158976236979,4,0.0327685602025465,0.7806743621826172,59.96002664890073
shruti_filming_1_flipped.mp4,1553,0,8,0.032387330578791,0.7800065994262695,0.2806110523365162,4,0.032387330578791,0.7800065994262695,59.96002664890073
shruti_filming_1_flipped.mp4,1554,0,7,0.0317388654802925,0.779241943359375,0.2750456068250868,4,0.0317388654802925,0.779241943359375,59.96002664890073
shruti_filming_1_flipped.mp4,1555,0,7,0.0310326617964569,0.7781377792358398,0.271092054578993,4,0.0310326617964569,0.7781377792358398,59.96002664890073
shruti_filming_1_flipped.mp4,1556,0,6,0.0305739034402843,0.7773441314697266,0.2669781155056424,4,0.0305739034402843,0.7773441314697266,59.96002664890073
shruti_filming_1_flipped.mp4,1557,0,6,0.0304531767291741,0.7767325083414713,0.2596154106987847,4,0.0304531767291741,0.7767325083414713,59.96002664890073
shruti_filming_1_flipped.mp4,1558,0,5,0.0303964359553625,0.7756333033243815,0.2512447781032986,3,0.0303964359553625,0.7756333033243815,59.96002664890073
shruti_filming_1_flipped.mp4,1559,0,5,0.030261201581991,0.8663742065429687,0.8246877034505208,3,0.029506074128569,0.7745602289835612,59.96002664890073
shruti_filming_1_flipped.mp4,1560,0,6,0.0317275841640995,0.8672885894775391,0.8172536779333044,3,0.0290968203985485,0.773906135559082,59.96002664890073
shruti_filming_1_flipped.mp4,1561,0,6,0.0332884672809935,0.8687551498413086,0.8110788415979456,3,0.0283351662701008,0.7725655237833658,59.96002664890073
shruti_filming_1_flipped.mp4,1562,0,6,0.0343480616492322,0.8692718505859375,0.805604835792824,3,0.0277507612927253,0.7718741099039713,59.96002664890073
shruti_filming_1_flipped.mp4,1563,0,6,0.0351565914215623,0.8689367294311523,0.8007267704716435,3,0.0280440996836599,0.7724915186564127,59.96002664890073
shruti_filming_1_flipped.mp4,1564,0,6,0.036311113410349,0.8678731918334961,0.7926227710865162,3,0.0273249340701106,0.770692507425944,59.96002664890073
shruti_filming_1_flipped.mp4,1565,0,6,0.0377457853344579,0.867926279703776,0.7840871175130208,3,0.0274138276036764,0.7703207651774089,59.96002664890073
shruti_filming_1_flipped.mp4,1566,0,6,0.0386374078428819,0.8679907480875652,0.7798478303132234,3,0.0271739128486067,0.7696840922037761,59.96002664890073
shruti_filming_1_flipped.mp4,1567,0,6,0.0397398100325328,0.867551040649414,0.7734360871491609,4,0.0270537260959907,0.7689951578776042,59.96002664890073
shruti_filming_1_flipped.mp4,1568,0,5,0.0403571504674331,0.866268539428711,0.7686590124059607,2,0.0267628240491332,0.7683447519938151,59.96002664890073
shruti_filming_1_flipped.mp4,1569,0,5,0.0410632510787956,0.8647375742594401,0.763058415165654,2,0.0262087865937522,0.7680236180623372,59.96002664890073
shruti_filming_1_flipped.mp4,1570,0,5,0.0418058188561419,0.865107536315918,0.7601582845052083,2,0.0259605760902689,0.7674436569213867,59.96002664890073
shruti_filming_1_flipped.mp4,1571,0,6,0.042609838790506,0.8645437876383464,0.7550871107313368,3,0.0253377673666626,0.7668459574381511,59.96002664890073
shruti_filming_1_flipped.mp4,1572,0,8,0.0434168708010111,0.8639923095703125,0.7500006781684028,5,0.0246824167985727,0.7654548645019531,59.96002664890073
shruti_filming_1_flipped.mp4,1573,0,7,0.0445851283054798,0.8638599395751954,0.7453033447265625,4,0.0242432708110384,0.7637563705444336,59.96002664890073
shruti_filming_1_flipped.mp4,1574,0,6,0.0456387931518623,0.8635536829630533,0.7394052576135706,4,0.0237837275897187,0.7626686096191406,59.96002664890073
shruti_filming_1_flipped.mp4,1575,0,6,0.0459575048464143,0.8630027770996094,0.7375372992621527,4,0.0236387045046528,0.761914316813151,59.96002664890073
shruti_filming_1_flipped.mp4,1576,0,5,0.0467932779789488,0.8628147125244141,0.7330471462673611,4,0.0234551066425747,0.7613386789957682,59.96002664890073
shruti_filming_1_flipped.mp4,1577,0,5,0.0476448468741081,0.8629505157470703,0.7296659681532118,3,0.0233246490645062,0.7606899897257487,59.96002664890073
shruti_filming_1_flipped.mp4,1578,0,4,0.0493017714442383,0.8645926157633463,0.7228828147605614,2,0.0229062061727529,0.7595218658447266,59.96002664890073
shruti_filming_1_flipped.mp4,1579,0,6,0.0501128192767242,0.8641573588053385,0.7182986789279514,4,0.0232632472951351,0.7590664545694987,59.96002664890073
shruti_filming_1_flipped.mp4,1580,0,5,0.0507149891145268,0.8643492380777995,0.7152665879991319,3,0.0223592617404129,0.7581293106079101,59.96002664890073
shruti_filming_1_flipped.mp4,1581,0,5,0.0512462415880872,0.8630521774291993,0.710498555501302,3,0.0225559682149873,0.7580576578776042,59.96002664890073
shruti_filming_1_flipped.mp4,1582,0,5,0.0524058470177179,0.8649378458658854,0.7069463094075521,3,0.0222507862870945,0.7576640446980795,59.96002664890073
shruti_filming_1_flipped.mp4,1583,0,5,0.0535901561548881,0.8673594156901042,0.7049889458550347,3,0.0219470313495387,0.7572105407714844,59.96002664890073
shruti_filming_1_flipped.mp4,1584,0,6,0.055240345657027,0.8692346572875976,0.6987906561957465,4,0.0216660579097515,0.7566703160603842,59.96002664890073
shruti_filming_1_flipped.mp4,1585,0,5,0.0573477916025849,0.8731014251708984,0.69393881338614,3,0.0212018427842822,0.755294672648112,59.96002664890073
shruti_filming_1_flipped.mp4,1586,0,7,0.0592559754114416,0.8752688090006511,0.6876819186740452,5,0.0212583156277347,0.7542301177978515,59.96002664890073
shruti_filming_1_flipped.mp4,1587,0,5,0.0603463522649735,0.8741045633951823,0.6807272451895254,4,0.0209469230635987,0.7538840611775716,59.96002664890073
shruti_filming_1_flipped.mp4,1588,0,7,0.0593441773584345,0.8709321975708008,0.6811479356553819,6,0.0209368370953975,0.7537920633951823,59.96002664890073
shruti_filming_1_flipped.mp4,1589,0,6,0.0596410332993427,0.8704249064127604,0.6800830417209202,5,0.0207792592991609,0.7527359008789063,59.96002664890073
shruti_filming_1_flipped.mp4,1590,0,6,0.060242977193783,0.8685154596964518,0.674978581181279,4,0.0202135049835613,0.7515888214111328,59.96002664890073
shruti_filming_1_flipped.mp4,1591,0,6,0.0603835883561125,0.8662151336669922,0.6700887044270833,5,0.0199146571926385,0.7504673004150391,59.96002664890073
shruti_filming_1_flipped.mp4,1592,0,7,0.060213194183048,0.863596789042155,0.6667916191948785,5,0.0198312169911891,0.7494323094685872,59.96002664890073
shruti_filming_1_flipped.mp4,1593,0,7,0.06013657023975,0.8606733322143555,0.6640154803240741,5,0.0199836688529413,0.7488943735758463,59.96002664890073
shruti_filming_1_flipped.mp4,1594,0,8,0.0600150617964876,0.8590555826822917,0.6627937599464699,6,0.0199546530833888,0.7485509872436523,59.96002664890073
shruti_filming_1_flipped.mp4,1595,0,8,0.0599156197886137,0.8574151992797852,0.6616856892903645,6,0.019929029832732,0.7479385375976563,59.96002664890073
shruti_filming_1_flipped.mp4,1596,0,6,0.0594907923471355,0.8551869074503581,0.6604851616753472,5,0.0196606046824793,0.7474497477213542,59.96002664890073
shruti_filming_1_flipped.mp4,1597,0,6,0.060234918226531,0.8539054870605469,0.6541840729890046,5,0.0195252032907834,0.7466741561889648,59.96002664890073
shruti_filming_1_flipped.mp4,1598,0,6,0.0612154564432178,0.8526113510131836,0.6467601634837963,5,0.0195248656455886,0.7463747024536133,59.96002664890073
shruti_filming_1_flipped.mp4,1599,0,6,0.0610000471523812,0.850806999206543,0.6458871912073206,5,0.0192108712497671,0.7458547592163086,59.96002664890073
shruti_filming_1_flipped.mp4,1600,0,6,0.0616179385439479,0.8501413981119792,0.6432226675528067,5,0.0191196928609861,0.7452309290568034,59.96002664890073
shruti_filming_1_flipped.mp4,1601,0,6,0.0619512726364579,0.8502384185791015,0.6420594957139757,5,0.0187435323673151,0.7440222422281901,59.96002664890073
shruti_filming_1_flipped.mp4,1602,0,7,0.0612577736708853,0.8473633448282878,0.6404513888888889,6,0.018643692866996,0.743344497680664,59.96002664890073
shruti_filming_1_flipped.mp4,1603,0,6,0.0608402693118356,0.8450997034708659,0.6382753160264757,5,0.0184696099409484,0.74298521677653,59.96002664890073
shruti_filming_1_flipped.mp4,1604,0,5,0.0601092043874733,0.8417682647705078,0.6365868462456598,4,0.0180151386652141,0.7425310770670573,59.96002664890073
shruti_filming_1_flipped.mp4,1605,0,5,0.0593587377703573,0.8390754699707031,0.6369080154984086,4,0.0177720896880297,0.7421856562296549,59.96002664890073
shruti_filming_1_flipped.mp4,1606,0,5,0.0596257113228461,0.8380818049112956,0.6348607381184895,4,0.0175856406470605,0.7414867401123046,59.96002664890073
shruti_filming_1_flipped.mp4,1607,0,5,0.0607090981034626,0.8382009506225586,0.6304520783600984,4,0.0175274464867403,0.7403584162394206,59.96002664890073
shruti_filming_1_flipped.mp4,1608,0,5,0.0611160044422169,0.8383977890014649,0.6298573246708623,4,0.0173828502080276,0.7392052332560222,59.96002664890073
shruti_filming_1_flipped.mp4,1609,0,5,0.0613275819934076,0.8376387278238933,0.6287351820203994,4,0.0173917802802792,0.7380809783935547,59.96002664890073
shruti_filming_1_flipped.mp4,1610,0,6,0.0622327612162377,0.8379231135050456,0.625693596733941,4,0.0168600430062441,0.7368755340576172,59.96002664890073
shruti_filming_1_flipped.mp4,1611,0,6,0.0610777607071213,0.834813117980957,0.6270401000976562,4,0.0165710663553909,0.7360331217447916,59.96002664890073
shruti_filming_1_flipped.mp4,1612,0,8,0.0613448795965976,0.8338823318481445,0.6242150200737847,6,0.0165517991840574,0.7355774561564128,59.96002664890073
shruti_filming_1_flipped.mp4,1613,0,7,0.0611679673401953,0.8328919092814128,0.623486723723235,5,0.0165442410694474,0.734935442606608,59.96002664890073
shruti_filming_1_flipped.mp4,1614,0,7,0.0608070976205923,0.8309526443481445,0.6210884376808449,5,0.0165551998439484,0.7344144821166992,59.96002664890073
shruti_filming_1_flipped.mp4,1615,0,7,0.0603260857883745,0.8287811279296875,0.6190195154260706,5,0.016403220199734,0.7341535568237305,59.96002664890073
shruti_filming_1_flipped.mp4,1616,0,7,0.0598702517669449,0.828209114074707,0.6197539718062789,5,0.0160469045687555,0.7336687088012696,59.96002664890073
shruti_filming_1_flipped.mp4,1617,0,7,0.0599752326444205,0.8278173446655274,0.6186417191116899,5,0.015950529295563,0.7335497538248698,59.96002664890073
shruti_filming_1_flipped.mp4,1618,0,6,0.0602587879392646,0.8277861277262369,0.6165126659252026,4,0.0159086941487502,0.7329039255777995,59.96002664890073
shruti_filming_1_flipped.mp4,1619,0,6,0.0603154756329712,0.8270638147989909,0.6147314566153067,4,0.0156466667155769,0.7324084599812826,59.96002664890073
shruti_filming_1_flipped.mp4,1620,0,6,0.0600730127635926,0.8260995864868164,0.6137520118995949,4,0.015283476436695,0.7316705703735351,59.96002664890073
shruti_filming_1_flipped.mp4,1621,0,6,0.0605934375710785,0.8257370630900065,0.6102229365596065,4,0.0148850090498712,0.7308760325113932,59.96002664890073
shruti_filming_1_flipped.mp4,1622,0,7,0.0606985339607733,0.8232864379882813,0.6056355794270833,4,0.0145890650356617,0.7294993718465169,59.96002664890073
shruti_filming_1_flipped.mp4,1623,0,7,0.0602365676663315,0.8214909235636393,0.6028086909541377,4,0.0145828791565468,0.7290407180786133,59.96002664890073
shruti_filming_1_flipped.mp4,1624,0,6,0.0583964204178895,0.8159818649291992,0.6005055180302372,3,0.0143383262892229,0.7285348892211914,59.96002664890073
shruti_filming_1_flipped.mp4,1625,0,6,0.0579950917120678,0.8144432067871094,0.5994199399594907,4,0.0579950917120678,0.8144432067871094,59.96002664890073
shruti_filming_1_flipped.mp4,1626,0,5,0.056637976715804,0.8107633590698242,0.5977987783926505,4,0.056637976715804,0.8107633590698242,59.96002664890073
shruti_filming_1_flipped.mp4,1627,0,6,0.056287213484886,0.8091469446818034,0.5963322392216435,5,0.056287213484886,0.8091469446818034,59.96002664890073
shruti_filming_1_flipped.mp4,1628,0,6,0.0565640729059103,0.8085198084513346,0.5936107494212963,5,0.0565640729059103,0.8085198084513346,59.96002664890073
shruti_filming_1_flipped.mp4,1629,0,6,0.0557238238077196,0.8059069315592448,0.5924387613932292,5,0.0557238238077196,0.8059069315592448,59.96002664890073
shruti_filming_1_flipped.mp4,1630,0,6,0.0552114146158823,0.8040029525756835,0.5934011388708044,5,0.0552114146158823,0.8040029525756835,59.96002664890073
shruti_filming_1_flipped.mp4,1631,0,6,0.0546943009576191,0.8026110331217448,0.5938378228081598,5,0.0546943009576191,0.8026110331217448,59.96002664890073
shruti_filming_1_flipped.mp4,1632,0,6,0.054969292809471,0.8027032852172852,0.5932624534324363,5,0.054969292809471,0.8027032852172852,59.96002664890073
shruti_filming_1_flipped.mp4,1633,0,6,0.0551773187248424,0.8026028315226237,0.5912962736906828,5,0.0551773187248424,0.8026028315226237,59.96002664890073
shruti_filming_1_flipped.mp4,1634,0,6,0.0548841830789266,0.8017820358276367,0.5897568879304109,5,0.0548841830789266,0.8017820358276367,59.96002664890073
shruti_filming_1_flipped.mp4,1635,0,6,0.0551194370524737,0.8016496658325195,0.5865091394495081,5,0.0551194370524737,0.8016496658325195,59.96002664890073
shruti_filming_1_flipped.mp4,1636,0,6,0.0556152335134835,0.8018383661905925,0.584801850495515,5,0.0556152335134835,0.8018383661905925,59.96002664890073
shruti_filming_1_flipped.mp4,1637,0,6,0.05588113857163,0.8015607833862305,0.5820084183304398,5,0.05588113857163,0.8015607833862305,59.96002664890073
shruti_filming_1_flipped.mp4,1638,0,6,0.0554021353973075,0.8009922663370769,0.5832745587384259,5,0.0554021353973075,0.8009922663370769,59.96002664890073
shruti_filming_1_flipped.mp4,1639,0,6,0.0552099822394342,0.7996373494466146,0.5805625632957175,5,0.0552099822394342,0.7996373494466146,59.96002664890073
shruti_filming_1_flipped.mp4,1640,0,6,0.0544581187261091,0.7980087280273438,0.5777937712492767,5,0.0544581187261091,0.7980087280273438,59.96002664890073
shruti_filming_1_flipped.mp4,1641,0,6,0.055436977809101,0.7993722915649414,0.5736993295175058,5,0.055436977809101,0.7993722915649414,59.96002664890073
shruti_filming_1_flipped.mp4,1642,0,6,0.05631760832361,0.8010198593139648,0.5716652764214409,5,0.05631760832361,0.8010198593139648,59.96002664890073
shruti_filming_1_flipped.mp4,1643,0,6,0.0543918373933087,0.7973041534423828,0.5686023288302952,5,0.0543918373933087,0.7973041534423828,59.96002664890073
shruti_filming_1_flipped.mp4,1644,0,6,0.0545042116460778,0.7979923884073893,0.5684467456958912,5,0.0545042116460778,0.7979923884073893,59.96002664890073
shruti_filming_1_flipped.mp4,1645,0,6,0.0549970050232217,0.7992542266845704,0.5646731906467014,5,0.0549970050232217,0.7992542266845704,59.96002664890073
shruti_filming_1_flipped.mp4,1646,0,6,0.0555041123336801,0.8001808802286784,0.5569376627604167,5,0.0555041123336801,0.8001808802286784,59.96002664890073
shruti_filming_1_flipped.mp4,1647,0,7,0.0544401532643651,0.7984874725341797,0.5538414284035011,6,0.0544401532643651,0.7984874725341797,59.96002664890073
shruti_filming_1_flipped.mp4,1648,0,8,0.0542947922613727,0.7985844930013021,0.5511267202871817,6,0.0542947922613727,0.7985844930013021,59.96002664890073
shruti_filming_1_flipped.mp4,1649,0,6,0.0539539640700375,0.7979857126871744,0.5487825746889468,5,0.0539539640700375,0.7979857126871744,59.96002664890073
shruti_filming_1_flipped.mp4,1650,0,6,0.0534759979685596,0.7978164672851562,0.5443801314742477,5,0.0534759979685596,0.7978164672851562,59.96002664890073
shruti_filming_1_flipped.mp4,1651,0,6,0.0529731761226516,0.797395133972168,0.5426860102900752,5,0.0529731761226516,0.797395133972168,59.96002664890073
shruti_filming_1_flipped.mp4,1652,0,6,0.0525900919186986,0.7971813201904296,0.539277027271412,5,0.0525900919186986,0.7971813201904296,59.96002664890073
shruti_filming_1_flipped.mp4,1653,0,6,0.0524853609735146,0.7982076644897461,0.539886474609375,5,0.0524853609735146,0.7982076644897461,59.96002664890073
shruti_filming_1_flipped.mp4,1654,0,7,0.0521915853302925,0.7981789271036784,0.5348464400679976,6,0.0521915853302925,0.7981789271036784,59.96002664890073
shruti_filming_1_flipped.mp4,1655,0,5,0.051436335241629,0.7969515482584636,0.5294243706597223,4,0.051436335241629,0.7969515482584636,59.96002664890073
shruti_filming_1_flipped.mp4,1656,0,6,0.0510312084186201,0.796017837524414,0.5264984130859375,5,0.0510312084186201,0.796017837524414,59.96002664890073
shruti_filming_1_flipped.mp4,1657,0,7,0.0514095761160866,0.7961589177449544,0.5232747960973669,5,0.0514095761160866,0.7961589177449544,59.96002664890073
shruti_filming_1_flipped.mp4,1658,0,7,0.05129590747685,0.79578062693278,0.5171830353913484,5,0.05129590747685,0.79578062693278,59.96002664890073
shruti_filming_1_flipped.mp4,1659,0,7,0.0508338739536415,0.7947273254394531,0.5120522958260996,5,0.0508338739536415,0.7947273254394531,59.96002664890073
shruti_filming_1_flipped.mp4,1660,0,6,0.0503863474866698,0.7943113962809245,0.5090199223271122,5,0.0503863474866698,0.7943113962809245,59.96002664890073
shruti_filming_1_flipped.mp4,1661,0,7,0.0498576353190906,0.793482780456543,0.502482435438368,6,0.0498576353190906,0.793482780456543,59.96002664890073
shruti_filming_1_flipped.mp4,1662,0,6,0.0493676666708024,0.7929554621378581,0.4977647004304109,5,0.0493676666708024,0.7929554621378581,59.96002664890073
shruti_filming_1_flipped.mp4,1663,0,6,0.0490737944678403,0.7923389434814453,0.4944199738679108,5,0.0490737944678403,0.7923389434814453,59.96002664890073
shruti_filming_1_flipped.mp4,1664,0,6,0.0484215895345227,0.7911211649576823,0.4922719319661458,5,0.0484215895345227,0.7911211649576823,59.96002664890073
shruti_filming_1_flipped.mp4,1665,0,6,0.0482125914034744,0.7907171885172526,0.4882910834418403,5,0.0482125914034744,0.7907171885172526,59.96002664890073
shruti_filming_1_flipped.mp4,1666,0,6,0.0483436967099098,0.7907579421997071,0.4854029337565104,5,0.0483436967099098,0.7907579421997071,59.96002664890073
shruti_filming_1_flipped.mp4,1667,0,6,0.0483124873951906,0.7910947799682617,0.4850005538375289,5,0.0483124873951906,0.7910947799682617,59.96002664890073
shruti_filming_1_flipped.mp4,1668,0,7,0.0479149559946704,0.7904308319091797,0.4824055424442998,6,0.0479149559946704,0.7904308319091797,59.96002664890073
shruti_filming_1_flipped.mp4,1669,0,7,0.0463717462451098,0.7868109385172526,0.4799051355432581,6,0.0463717462451098,0.7868109385172526,59.96002664890073
shruti_filming_1_flipped.mp4,1670,0,7,0.0454177280097307,0.7868879954020183,0.4802851359049479,6,0.0454177280097307,0.7868879954020183,59.96002664890073
shruti_filming_1_flipped.mp4,1671,0,6,0.0457772662116137,0.7861090977986653,0.4762098524305556,5,0.0457772662116137,0.7861090977986653,59.96002664890073
shruti_filming_1_flipped.mp4,1672,0,6,0.0458924942235009,0.7861789703369141,0.4752066718207465,5,0.0458924942235009,0.7861789703369141,59.96002664890073
shruti_filming_1_flipped.mp4,1673,0,6,0.04589879111154,0.7869096755981445,0.4721991644965277,5,0.04589879111154,0.7869096755981445,59.96002664890073
shruti_filming_1_flipped.mp4,1674,0,6,0.0456932234374107,0.7864862442016601,0.4705426816587095,5,0.0456932234374107,0.7864862442016601,59.96002664890073
shruti_filming_1_flipped.mp4,1675,0,7,0.045653069789987,0.7864384333292643,0.4688391791449652,6,0.045653069789987,0.7864384333292643,59.96002664890073
shruti_filming_1_flipped.mp4,1676,0,7,0.0451685773298204,0.7850858688354492,0.4688598067672164,6,0.0451685773298204,0.7850858688354492,59.96002664890073
shruti_filming_1_flipped.mp4,1677,0,7,0.0444844647528198,0.7843388875325521,0.4650031195746528,6,0.0444844647528198,0.7843388875325521,59.96002664890073
shruti_filming_1_flipped.mp4,1678,0,7,0.0443377719339655,0.7842336018880208,0.4624776204427083,6,0.0443377719339655,0.7842336018880208,59.96002664890073
shruti_filming_1_flipped.mp4,1679,0,7,0.0442919004198888,0.7845325469970703,0.4598656548394097,6,0.0442919004198888,0.7845325469970703,59.96002664890073
shruti_filming_1_flipped.mp4,1680,0,7,0.0445313797905368,0.785359255472819,0.4592603895399305,6,0.0445313797905368,0.785359255472819,59.96002664890073
shruti_filming_1_flipped.mp4,1681,0,7,0.0444378215408909,0.7857721328735352,0.4563117133246527,6,0.0444378215408909,0.7857721328735352,59.96002664890073
shruti_filming_1_flipped.mp4,1682,0,7,0.0445636901608883,0.7860802332560222,0.4552045468930845,6,0.0445636901608883,0.7860802332560222,59.96002664890073
shruti_filming_1_flipped.mp4,1683,0,7,0.0446138067689672,0.7862436930338542,0.4540785047743055,6,0.0446138067689672,0.7862436930338542,59.96002664890073
shruti_filming_1_flipped.mp4,1684,0,6,0.0446357330795015,0.7865734100341797,0.4521340264214409,5,0.0446357330795015,0.7865734100341797,59.96002664890073
shruti_filming_1_flipped.mp4,1685,0,7,0.0442769546998897,0.7860720316569011,0.4485989040798611,6,0.0442769546998897,0.7860720316569011,59.96002664890073
shruti_filming_1_flipped.mp4,1686,0,7,0.0439053242552715,0.7856794357299804,0.4469795509620949,6,0.0439053242552715,0.7856794357299804,59.96002664890073
shruti_filming_1_flipped.mp4,1687,0,7,0.0438711549658371,0.7861267725626627,0.4455812242296006,6,0.0438711549658371,0.7861267725626627,59.96002664890073
shruti_filming_1_flipped.mp4,1688,0,7,0.0437552355369552,0.7861441294352214,0.4416327582465277,6,0.0437552355369552,0.7861441294352214,59.96002664890073
shruti_filming_1_flipped.mp4,1689,0,6,0.0434602793460506,0.7855209350585938,0.4385911164460359,5,0.0434602793460506,0.7855209350585938,59.96002664890073
shruti_filming_1_flipped.mp4,1690,0,7,0.0436397929346033,0.785536257425944,0.4352330525716146,6,0.0436397929346033,0.785536257425944,59.96002664890073
shruti_filming_1_flipped.mp4,1691,0,6,0.043762868382554,0.785584831237793,0.4331373426649305,5,0.043762868382554,0.785584831237793,59.96002664890073
shruti_filming_1_flipped.mp4,1692,0,6,0.0435179094181189,0.7856471379597981,0.4312060885959201,5,0.0435179094181189,0.7856471379597981,59.96002664890073
shruti_filming_1_flipped.mp4,1693,0,5,0.0434078808513974,0.7851689020792644,0.430155266655816,5,0.0434078808513974,0.7851689020792644,59.96002664890073
shruti_filming_1_flipped.mp4,1694,0,6,0.0424868445042348,0.784922726949056,0.4303310818142361,6,0.0424868445042348,0.784922726949056,59.96002664890073
shruti_filming_1_flipped.mp4,1695,0,6,0.0423244988380853,0.784764289855957,0.4286818892867476,6,0.0423244988380853,0.784764289855957,59.96002664890073
shruti_filming_1_flipped.mp4,1696,0,5,0.0421269295381074,0.7844813664754232,0.4275362933123553,5,0.0421269295381074,0.7844813664754232,59.96002664890073
shruti_filming_1_flipped.mp4,1697,0,5,0.0419658531095504,0.7846278508504232,0.4248804728190104,5,0.0419658531095504,0.7846278508504232,59.96002664890073
shruti_filming_1_flipped.mp4,1698,0,6,0.0417395614441247,0.7843311309814454,0.4229799058702257,6,0.0417395614441247,0.7843311309814454,59.96002664890073
shruti_filming_1_flipped.mp4,1699,0,6,0.0419117528492481,0.7849148432413737,0.4212117513020833,6,0.0419117528492481,0.7849148432413737,59.96002664890073
shruti_filming_1_flipped.mp4,1700,0,5,0.0418735170506988,0.7853906631469727,0.4194510565863715,5,0.0418735170506988,0.7853906631469727,59.96002664890073
shruti_filming_1_flipped.mp4,1701,0,5,0.0418242605552896,0.7852115631103516,0.418021986219618,5,0.0418242605552896,0.7852115631103516,59.96002664890073
shruti_filming_1_flipped.mp4,1702,0,6,0.0417609661454722,0.7855596542358398,0.4165217081705729,6,0.0417609661454722,0.7855596542358398,59.96002664890073
shruti_filming_1_flipped.mp4,1703,0,5,0.0417150330434863,0.7850358963012696,0.4143358018663194,5,0.0417150330434863,0.7850358963012696,59.96002664890073
shruti_filming_1_flipped.mp4,1704,0,5,0.0416270905099866,0.7853282928466797,0.4124334829824942,5,0.0416270905099866,0.7853282928466797,59.96002664890073
shruti_filming_1_flipped.mp4,1705,0,5,0.0418622528603817,0.7858592987060546,0.4104923954716435,5,0.0418622528603817,0.7858592987060546,59.96002664890073
shruti_filming_1_flipped.mp4,1706,0,7,0.0420252302150604,0.7856199264526367,0.4075090196397569,7,0.0420252302150604,0.7856199264526367,59.96002664890073
shruti_filming_1_flipped.mp4,1707,0,6,0.041767677571894,0.7851711908976237,0.4064516985857928,6,0.041767677571894,0.7851711908976237,59.96002664890073
shruti_filming_1_flipped.mp4,1708,0,5,0.0413427659988843,0.7854906717936198,0.4049332795319734,5,0.0413427659988843,0.7854906717936198,59.96002664890073
shruti_filming_1_flipped.mp4,1709,0,5,0.0413894912984687,0.7854990641276042,0.4031615645797164,5,0.0413894912984687,0.7854990641276042,59.96002664890073
shruti_filming_1_flipped.mp4,1710,0,6,0.0413761996627026,0.7854124069213867,0.4024059154369213,6,0.0413761996627026,0.7854124069213867,59.96002664890073
shruti_filming_1_flipped.mp4,1711,0,7,0.0411717370569628,0.7850370407104492,0.4011889422381365,7,0.0411717370569628,0.7850370407104492,59.96002664890073
shruti_filming_1_flipped.mp4,1712,0,6,0.0413439407656659,0.7857428232828776,0.3999803331163194,6,0.0413439407656659,0.7857428232828776,59.96002664890073
shruti_filming_1_flipped.mp4,1713,0,5,0.041624153269222,0.7866079330444335,0.3995574951171875,5,0.041624153269222,0.7866079330444335,59.96002664890073
shruti_filming_1_flipped.mp4,1714,0,5,0.0423248962933818,0.7877910614013672,0.3998860677083333,5,0.0423248962933818,0.7877910614013672,59.96002664890073
shruti_filming_1_flipped.mp4,1715,0,5,0.0427253003088602,0.7889450073242188,0.3985866970486111,5,0.0427253003088602,0.7889450073242188,59.96002664890073
shruti_filming_1_flipped.mp4,1716,0,5,0.0429727604464278,0.7895522435506185,0.3969542891890914,5,0.0429727604464278,0.7895522435506185,59.96002664890073
shruti_filming_1_flipped.mp4,1717,0,5,0.0434624268696643,0.7905134201049805,0.3952850341796875,5,0.0434624268696643,0.7905134201049805,59.96002664890073
shruti_filming_1_flipped.mp4,1718,0,5,0.0438255887614407,0.7910654067993164,0.3935228135850694,5,0.0438255887614407,0.7910654067993164,59.96002664890073
shruti_filming_1_flipped.mp4,1719,0,6,0.0445419816969661,0.791436767578125,0.3885338677300347,6,0.0445419816969661,0.791436767578125,59.96002664890073
shruti_filming_1_flipped.mp4,1720,0,6,0.0447802851797961,0.7918827056884765,0.3869821619104456,6,0.0447802851797961,0.7918827056884765,59.96002664890073
shruti_filming_1_flipped.mp4,1721,0,5,0.045142272437411,0.7922462463378906,0.3854556048357928,5,0.045142272437411,0.7922462463378906,59.96002664890073
shruti_filming_1_flipped.mp4,1722,0,5,0.0452724083661235,0.7926161448160808,0.3845780549225984,5,0.0452724083661235,0.7926161448160808,59.96002664890073
shruti_filming_1_flipped.mp4,1723,0,5,0.0456485981033701,0.7927444458007813,0.3819074277524595,5,0.0456485981033701,0.7927444458007813,59.96002664890073
shruti_filming_1_flipped.mp4,1724,0,5,0.0453433343877636,0.7925565719604493,0.3820353190104166,5,0.0453433343877636,0.7925565719604493,59.96002664890073
shruti_filming_1_flipped.mp4,1725,0,5,0.0447801799241763,0.7928676605224609,0.3852739122178819,5,0.0447801799241763,0.7928676605224609,59.96002664890073
shruti_filming_1_flipped.mp4,1726,0,4,0.0449737311152448,0.7933364232381185,0.3856414794921875,4,0.0449737311152448,0.7933364232381185,59.96002664890073
shruti_filming_1_flipped.mp4,1727,0,5,0.0450574996124487,0.7936984380086263,0.384170984338831,5,0.0450574996124487,0.7936984380086263,59.96002664890073
shruti_filming_1_flipped.mp4,1728,0,5,0.0449234162122593,0.7938292185465495,0.386110602484809,5,0.0449234162122593,0.7938292185465495,59.96002664890073
shruti_filming_1_flipped.mp4,1729,0,6,0.0448282683861907,0.7939050674438477,0.385093010796441,6,0.0448282683861907,0.7939050674438477,59.96002664890073
shruti_filming_1_flipped.mp4,1730,0,6,0.0450740804444325,0.7944348017374675,0.3844896104600694,6,0.0450740804444325,0.7944348017374675,59.96002664890073
shruti_filming_1_flipped.mp4,1731,0,5,0.0455376723147411,0.7952824274698893,0.3832483362268518,5,0.0455376723147411,0.7952824274698893,59.96002664890073
shruti_filming_1_flipped.mp4,1732,0,5,0.045731420661603,0.7955465316772461,0.3832326253255208,5,0.045731420661603,0.7955465316772461,59.96002664890073
shruti_filming_1_flipped.mp4,1733,0,5,0.0459150435251649,0.7962487538655599,0.3835936934859664,5,0.0459150435251649,0.7962487538655599,59.96002664890073
shruti_filming_1_flipped.mp4,1734,0,6,0.0458957857824754,0.7968238830566406,0.3846037122938368,5,0.0458957857824754,0.7968238830566406,59.96002664890073
shruti_filming_1_flipped.mp4,1735,0,6,0.0461715061279958,0.7977212270100912,0.3845413208007812,5,0.0461715061279958,0.7977212270100912,59.96002664890073
shruti_filming_1_flipped.mp4,1736,0,5,0.046494994883391,0.7984144846598308,0.3854706940827546,5,0.046494994883391,0.7984144846598308,59.96002664890073
shruti_filming_1_flipped.mp4,1737,0,6,0.0467551994935557,0.7989807764689127,0.3856774224175347,5,0.0467551994935557,0.7989807764689127,59.96002664890073
shruti_filming_1_flipped.mp4,1738,0,6,0.0461211242553502,0.7986640930175781,0.3879472520616319,5,0.0461211242553502,0.7986640930175781,59.96002664890073
shruti_filming_1_flipped.mp4,1739,0,6,0.0462309068706559,0.7985698699951171,0.3882210625542535,5,0.0462309068706559,0.7985698699951171,59.96002664890073
shruti_filming_1_flipped.mp4,1740,0,5,0.046326614836192,0.7987255732218425,0.3889626397026909,5,0.046326614836192,0.7987255732218425,59.96002664890073
shruti_filming_1_flipped.mp4,1741,0,6,0.0466973948910405,0.799003791809082,0.3861493711118345,5,0.0466973948910405,0.799003791809082,59.96002664890073
shruti_filming_1_flipped.mp4,1742,0,5,0.0465052452822069,0.7985942840576172,0.3860557838722511,5,0.0465052452822069,0.7985942840576172,59.96002664890073
shruti_filming_1_flipped.mp4,1743,0,5,0.0471281976305181,0.8006614685058594,0.3855734365957755,5,0.0471281976305181,0.8006614685058594,59.96002664890073
shruti_filming_1_flipped.mp4,1744,0,6,0.0476564128572742,0.801202392578125,0.3846188015407986,5,0.0476564128572742,0.801202392578125,59.96002664890073
shruti_filming_1_flipped.mp4,1745,0,6,0.0473962901116824,0.8013695398966472,0.3868536489981192,5,0.0473962901116824,0.8013695398966472,59.96002664890073
shruti_filming_1_flipped.mp4,1746,0,7,0.0477902972266504,0.8018358866373698,0.3885056672272858,5,0.0477902972266504,0.8018358866373698,59.96002664890073
shruti_filming_1_flipped.mp4,1747,0,7,0.048622690698701,0.8033981323242188,0.3875680994104456,5,0.048622690698701,0.8033981323242188,59.96002664890073
shruti_filming_1_flipped.mp4,1748,0,7,0.0482256423581404,0.8029438654581705,0.3904560795536748,5,0.0482256423581404,0.8029438654581705,59.96002664890073
shruti_filming_1_flipped.mp4,1749,0,7,0.0481719667968961,0.8028324127197266,0.3920031512225115,5,0.0481719667968961,0.8028324127197266,59.96002664890073
shruti_filming_1_flipped.mp4,1750,0,5,0.0478883517347923,0.8027811686197917,0.3923816257052951,4,0.0478883517347923,0.8027811686197917,59.96002664890073
shruti_filming_1_flipped.mp4,1751,0,6,0.0479014989850219,0.80333251953125,0.3933260882342303,5,0.0479014989850219,0.80333251953125,59.96002664890073
shruti_filming_1_flipped.mp4,1752,0,7,0.0481438664280964,0.8039222717285156,0.3935428195529514,6,0.0481438664280964,0.8039222717285156,59.96002664890073
shruti_filming_1_flipped.mp4,1753,0,6,0.0486558851128534,0.8048194885253906,0.3943531742802372,5,0.0486558851128534,0.8048194885253906,59.96002664890073
shruti_filming_1_flipped.mp4,1754,0,7,0.0488585475229774,0.8054553985595703,0.3947267320421007,5,0.0488585475229774,0.8054553985595703,59.96002664890073
shruti_filming_1_flipped.mp4,1755,0,5,0.0491530104659398,0.8057461420694987,0.3963320696795428,5,0.0491530104659398,0.8057461420694987,59.96002664890073
shruti_filming_1_flipped.mp4,1756,0,6,0.0505122104532302,0.8067660013834635,0.3990728872793692,5,0.0505122104532302,0.8067660013834635,59.96002664890073
shruti_filming_1_flipped.mp4,1757,0,6,0.0493105790612753,0.8054790496826172,0.3966495090060764,5,0.0493105790612753,0.8054790496826172,59.96002664890073
shruti_filming_1_flipped.mp4,1758,0,6,0.0493942937475771,0.8059073130289713,0.3979097154405382,5,0.0493942937475771,0.8059073130289713,59.96002664890073
shruti_filming_1_flipped.mp4,1759,0,6,0.0497161606008497,0.806526247660319,0.4003106011284722,5,0.0497161606008497,0.806526247660319,59.96002664890073
shruti_filming_1_flipped.mp4,1760,0,7,0.0512500993376791,0.807728385925293,0.4026648062246817,5,0.0512500993376791,0.807728385925293,59.96002664890073
shruti_filming_1_flipped.mp4,1761,0,7,0.0515678014300647,0.8080639521280925,0.4035711782949942,5,0.0515678014300647,0.8080639521280925,59.96002664890073
shruti_filming_1_flipped.mp4,1762,0,7,0.0517269136913388,0.8086510340372721,0.4052644517686632,5,0.0517269136913388,0.8086510340372721,59.96002664890073
shruti_filming_1_flipped.mp4,1763,0,8,0.051714033555289,0.8088307062784831,0.4083480834960937,5,0.051714033555289,0.8088307062784831,59.96002664890073
shruti_filming_1_flipped.mp4,1764,0,6,0.0520254131556268,0.8090394973754883,0.4101195723922164,5,0.0520254131556268,0.8090394973754883,59.96002664890073
shruti_filming_1_flipped.mp4,1765,0,5,0.0522061252372805,0.8092023849487304,0.4130608452690972,5,0.0522061252372805,0.8092023849487304,59.96002664890073
shruti_filming_1_flipped.mp4,1766,0,6,0.0525380078961219,0.8091621398925781,0.4136071099175347,5,0.0525380078961219,0.8091621398925781,59.96002664890073
shruti_filming_1_flipped.mp4,1767,0,6,0.0530687827778078,0.8094448725382487,0.4161019219292535,5,0.0530687827778078,0.8094448725382487,59.96002664890073
shruti_filming_1_flipped.mp4,1768,0,5,0.0531689104123506,0.8095504760742187,0.4191420943648727,5,0.0531689104123506,0.8095504760742187,59.96002664890073
shruti_filming_1_flipped.mp4,1769,0,5,0.0533444636929737,0.809994125366211,0.4230777316623264,5,0.0533444636929737,0.809994125366211,59.96002664890073
shruti_filming_1_flipped.mp4,1770,0,6,0.0542126553187133,0.8116415659586589,0.4265426635742187,5,0.0542126553187133,0.8116415659586589,59.96002664890073
shruti_filming_1_flipped.mp4,1771,0,6,0.0546153452350861,0.8121031443277995,0.4288289388020833,5,0.0546153452350861,0.8121031443277995,59.96002664890073
shruti_filming_1_flipped.mp4,1772,0,6,0.0547351309063378,0.8129692713419596,0.4315768771701389,5,0.0547351309063378,0.8129692713419596,59.96002664890073
shruti_filming_1_flipped.mp4,1773,0,6,0.0549722649894811,0.8136940638224284,0.433448565447772,5,0.0549722649894811,0.8136940638224284,59.96002664890073
shruti_filming_1_flipped.mp4,1774,0,6,0.0550768845388665,0.8150108337402344,0.4389476634837962,6,0.0550768845388665,0.8150108337402344,59.96002664890073
shruti_filming_1_flipped.mp4,1775,0,6,0.0544163892974352,0.8134340286254883,0.4431332058376736,5,0.0544163892974352,0.8134340286254883,59.96002664890073
shruti_filming_1_flipped.mp4,1776,0,6,0.0550428459313116,0.8149874369303386,0.4482631542064525,5,0.0550428459313116,0.8149874369303386,59.96002664890073
shruti_filming_1_flipped.mp4,1777,0,7,0.0565318152873078,0.8193199793497722,0.4501057942708333,6,0.0565318152873078,0.8193199793497722,59.96002664890073
shruti_filming_1_flipped.mp4,1778,0,7,0.0574926656990363,0.821635627746582,0.4516164143880208,7,0.0574926656990363,0.821635627746582,59.96002664890073
shruti_filming_1_flipped.mp4,1779,0,7,0.0582003074026929,0.8227054595947265,0.4546869913736979,6,0.0582003074026929,0.8227054595947265,59.96002664890073
shruti_filming_1_flipped.mp4,1780,0,7,0.0588611710389765,0.8238073348999023,0.4576982286241319,6,0.0588611710389765,0.8238073348999023,59.96002664890073
shruti_filming_1_flipped.mp4,1781,0,5,0.0593943747366709,0.824343490600586,0.4597030639648437,5,0.0593943747366709,0.824343490600586,59.96002664890073
shruti_filming_1_flipped.mp4,1782,0,6,0.0591835597258371,0.8238250732421875,0.4623765733506944,6,0.0591835597258371,0.8238250732421875,59.96002664890073
shruti_filming_1_flipped.mp4,1783,0,7,0.0596554882319954,0.8238748550415039,0.4629489474826389,7,0.0596554882319954,0.8238748550415039,59.96002664890073
shruti_filming_1_flipped.mp4,1784,0,7,0.0601447993374636,0.8238369623819987,0.4639926486545139,7,0.0601447993374636,0.8238369623819987,59.96002664890073
shruti_filming_1_flipped.mp4,1785,0,6,0.0604289686886477,0.8236532847086588,0.4661585489908854,6,0.0604289686886477,0.8236532847086588,59.96002664890073
shruti_filming_1_flipped.mp4,1786,0,6,0.0607742304473908,0.8240869522094727,0.4704477945963541,6,0.0607742304473908,0.8240869522094727,59.96002664890073
shruti_filming_1_flipped.mp4,1787,0,7,0.0609151619134893,0.8245434443155925,0.473485932526765,6,0.0609151619134893,0.8245434443155925,59.96002664890073
shruti_filming_1_flipped.mp4,1788,0,8,0.0611448996999145,0.8247858683268229,0.4759515832971643,7,0.0611448996999145,0.8247858683268229,59.96002664890073
shruti_filming_1_flipped.mp4,1789,0,8,0.0611974511616992,0.8246788660685221,0.479820081922743,7,0.0611974511616992,0.8246788660685221,59.96002664890073
shruti_filming_1_flipped.mp4,1790,0,8,0.0613831906997524,0.8239271799723308,0.4860218754521123,7,0.0613831906997524,0.8239271799723308,59.96002664890073
shruti_filming_1_flipped.mp4,1791,0,7,0.0610429703120866,0.8228536605834961,0.489215087890625,6,0.0610429703120866,0.8228536605834961,59.96002664890073
shruti_filming_1_flipped.mp4,1792,0,7,0.0632960037145415,0.8257143020629882,0.4994736848054109,6,0.0632960037145415,0.8257143020629882,59.96002664890073
shruti_filming_1_flipped.mp4,1793,0,7,0.0642626310166195,0.8270580291748046,0.5051806414568866,6,0.0642626310166195,0.8270580291748046,59.96002664890073
shruti_filming_1_flipped.mp4,1794,0,7,0.0645635103054034,0.8272237777709961,0.5083991156684028,6,0.0645635103054034,0.8272237777709961,59.96002664890073
shruti_filming_1_flipped.mp4,1795,0,7,0.0644262930793532,0.8267285029093424,0.5124408863208912,6,0.0644262930793532,0.8267285029093424,59.96002664890073
shruti_filming_1_flipped.mp4,1796,0,7,0.0659859474794831,0.8291786829630534,0.5185252436885127,6,0.0659859474794831,0.8291786829630534,59.96002664890073
shruti_filming_1_flipped.mp4,1797,0,7,0.0665460379520987,0.8296858469645182,0.5225909762912326,6,0.0665460379520987,0.8296858469645182,59.96002664890073
shruti_filming_1_flipped.mp4,1798,0,7,0.0680063134493927,0.8308893203735351,0.5329786512586806,6,0.0680063134493927,0.8308893203735351,59.96002664890073
shruti_filming_1_flipped.mp4,1799,0,7,0.0684169057794281,0.831516710917155,0.5364911679868345,6,0.0684169057794281,0.831516710917155,59.96002664890073
shruti_filming_1_flipped.mp4,1800,0,7,0.0679712102994866,0.8313271204630533,0.5393720838758681,6,0.0679712102994866,0.8313271204630533,59.96002664890073
shruti_filming_1_flipped.mp4,1801,0,7,0.0674895363105252,0.8307493845621745,0.5404567577220776,6,0.0674895363105252,0.8307493845621745,59.96002664890073
shruti_filming_1_flipped.mp4,1802,0,9,0.0675022431687857,0.8299448649088542,0.5422410187897859,8,0.0675022431687857,0.8299448649088542,59.96002664890073
shruti_filming_1_flipped.mp4,1803,0,7,0.0680188675422723,0.8310916900634766,0.5453683923791957,6,0.0680188675422723,0.8310916900634766,59.96002664890073
shruti_filming_1_flipped.mp4,1804,0,7,0.0666643414154855,0.8297381083170573,0.545799877025463,6,0.0666643414154855,0.8297381083170573,59.96002664890073
shruti_filming_1_flipped.mp4,1805,0,8,0.0673622272069527,0.8297988891601562,0.547072516547309,7,0.0673622272069527,0.8297988891601562,59.96002664890073
shruti_filming_1_flipped.mp4,1806,0,8,0.0670158697962674,0.8295228958129883,0.5477616486725984,7,0.0670158697962674,0.8295228958129883,59.96002664890073
shruti_filming_1_flipped.mp4,1807,0,7,0.0665659189161292,0.8292973200480144,0.5483789514612268,6,0.0665659189161292,0.8292973200480144,59.96002664890073
shruti_filming_1_flipped.mp4,1808,0,7,0.0668913275728657,0.8306358973185222,0.5516704418041088,6,0.0668913275728657,0.8306358973185222,59.96002664890073
shruti_filming_1_flipped.mp4,1809,0,7,0.0672209444280317,0.8316830317179362,0.5528706303349248,6,0.0672209444280317,0.8316830317179362,59.96002664890073
shruti_filming_1_flipped.mp4,1810,0,8,0.0664458047881877,0.8304920196533203,0.5542689005533854,7,0.0664458047881877,0.8304920196533203,59.96002664890073
shruti_filming_1_flipped.mp4,1811,0,8,0.0670417627581843,0.8327589670817057,0.5560655381944445,7,0.0670417627581843,0.8327589670817057,59.96002664890073
shruti_filming_1_flipped.mp4,1812,0,8,0.0676935867081435,0.8343619028727214,0.5568812052408855,7,0.0676935867081435,0.8343619028727214,59.96002664890073
shruti_filming_1_flipped.mp4,1813,0,7,0.0673277681043449,0.8345738093058268,0.5590418497721354,6,0.0673277681043449,0.8345738093058268,59.96002664890073
shruti_filming_1_flipped.mp4,1814,0,7,0.0677519325316124,0.836627451578776,0.5620865433304398,6,0.0677519325316124,0.836627451578776,59.96002664890073
shruti_filming_1_flipped.mp4,1815,0,7,0.0683094691154245,0.8389328638712565,0.5646634137188947,6,0.0683094691154245,0.8389328638712565,59.96002664890073
shruti_filming_1_flipped.mp4,1816,0,7,0.0697451464664967,0.8429731369018555,0.565809800889757,6,0.0697451464664967,0.8429731369018555,59.96002664890073
shruti_filming_1_flipped.mp4,1817,0,7,0.0699719618154146,0.8448923110961915,0.568527673791956,6,0.0699719618154146,0.8448923110961915,59.96002664890073
shruti_filming_1_flipped.mp4,1818,0,7,0.0698892853666602,0.846006965637207,0.5714466236255787,6,0.0698892853666602,0.846006965637207,59.96002664890073
shruti_filming_1_flipped.mp4,1819,0,7,0.0700745782119302,0.8473175048828125,0.5727211281105324,6,0.0700745782119302,0.8473175048828125,59.96002664890073
shruti_filming_1_flipped.mp4,1820,0,7,0.0696851293582046,0.8470909754435222,0.5745665373625579,6,0.0696851293582046,0.8470909754435222,59.96002664890073
shruti_filming_1_flipped.mp4,1821,0,7,0.0686707354276182,0.8452671051025391,0.5765500103985822,6,0.0686707354276182,0.8452671051025391,59.96002664890073
shruti_filming_1_flipped.mp4,1822,0,7,0.069501579263144,0.8480653762817383,0.5781586823640046,6,0.069501579263144,0.8480653762817383,59.96002664890073
shruti_filming_1_flipped.mp4,1823,0,6,0.0703882491943659,0.8502859751383464,0.5785681830512153,6,0.0703882491943659,0.8502859751383464,59.96002664890073
shruti_filming_1_flipped.mp4,1824,0,7,0.0719744071161646,0.8554238001505534,0.5813118828667535,7,0.0719744071161646,0.8554238001505534,59.96002664890073
shruti_filming_1_flipped.mp4,1825,0,6,0.0713197605366197,0.8551244735717773,0.5838553534613715,6,0.0713197605366197,0.8551244735717773,59.96002664890073
shruti_filming_1_flipped.mp4,1826,0,7,0.0716407006983192,0.8563261032104492,0.5843690660264756,7,0.0716407006983192,0.8563261032104492,59.96002664890073
shruti_filming_1_flipped.mp4,1827,0,7,0.0712146139378698,0.8566923141479492,0.5868867662217881,7,0.0712146139378698,0.8566923141479492,59.96002664890073
shruti_filming_1_flipped.mp4,1828,0,7,0.071456607127976,0.8578630447387695,0.5886276810257524,7,0.071456607127976,0.8578630447387695,59.96002664890073
shruti_filming_1_flipped.mp4,1829,0,6,0.0714656120930176,0.859703254699707,0.5908606070059317,6,0.0714656120930176,0.859703254699707,59.96002664890073
shruti_filming_1_flipped.mp4,1830,0,6,0.0714027303361972,0.8599680582682292,0.5921654595269097,6,0.0714027303361972,0.8599680582682292,59.96002664890073
shruti_filming_1_flipped.mp4,1831,0,7,0.0714550230207631,0.8614936828613281,0.5942877310293692,7,0.0714550230207631,0.8614936828613281,59.96002664890073
shruti_filming_1_flipped.mp4,1832,0,7,0.0706379372942625,0.8613819122314453,0.5989865338360821,7,0.0706379372942625,0.8613819122314453,59.96002664890073
shruti_filming_1_flipped.mp4,1833,0,7,0.0711374625831089,0.8631410598754883,0.6004018712926794,6,0.0052246479011955,0.7099470138549805,59.96002664890073
shruti_filming_1_flipped.mp4,1834,0,6,0.0711083193045946,0.8642999649047851,0.6033231382016783,5,0.0052539207933781,0.7081245422363281,59.96002664890073
shruti_filming_1_flipped.mp4,1835,0,7,0.0705552021737417,0.8646726608276367,0.6055647108289931,6,0.0052165695960866,0.7076637268066406,59.96002664890073
shruti_filming_1_flipped.mp4,1836,0,6,0.0702865422121249,0.8657033920288086,0.6092880249023438,5,0.0052418348622288,0.7079912185668945,59.96002664890073
shruti_filming_1_flipped.mp4,1837,0,7,0.0701628376812247,0.8667511622111003,0.6115551418728299,6,0.0052458336370667,0.7081897735595704,59.96002664890073
shruti_filming_1_flipped.mp4,1838,0,7,0.070032131111089,0.8678293228149414,0.6142910992657696,6,0.0051773123307308,0.7086285909016927,59.96002664890073
shruti_filming_1_flipped.mp4,1839,0,8,0.0704307619017695,0.8701962153116862,0.6158611156322338,7,0.0052321751373367,0.7098828633626302,59.96002664890073
shruti_filming_1_flipped.mp4,1840,0,8,0.0702812851711577,0.8713171641031902,0.6176966349283854,6,0.0052570200314383,0.7088342666625976,59.96002664890073
shruti_filming_1_flipped.mp4,1841,0,8,0.0700920250612587,0.8718866348266602,0.6193302860966435,6,0.0051587645977485,0.7086340586344401,59.96002664890073
shruti_filming_1_flipped.mp4,1842,0,8,0.0706687167123891,0.8739631652832032,0.6232772262008102,6,0.0050672309566289,0.7083354949951172,59.96002664890073
shruti_filming_1_flipped.mp4,1843,0,8,0.0706861191848508,0.8740282694498698,0.6233232286241319,6,0.0050781606890571,0.7082981745402018,59.96002664890073
shruti_filming_1_flipped.mp4,1844,0,8,0.0707891916490826,0.8760361353556315,0.6271513762297454,6,0.0050683853374115,0.7083243052164714,59.96002664890073
shruti_filming_1_flipped.mp4,1845,0,8,0.0705425563190753,0.876533571879069,0.6287841796875,6,0.0050524006501978,0.7084348678588868,59.96002664890073
shruti_filming_1_flipped.mp4,1846,0,8,0.0704073056443536,0.8777979532877604,0.6313268590856481,6,0.0050523839560897,0.7079548517862956,59.96002664890073
shruti_filming_1_flipped.mp4,1847,0,7,0.0705575643528114,0.8795214335123698,0.6335919415509259,5,0.0051079634950373,0.7082174936930339,59.96002664890073
shruti_filming_1_flipped.mp4,1848,0,8,0.0710744700033431,0.8819686889648437,0.6347503096969039,6,0.00515117354497,0.7096157709757487,59.96002664890073
shruti_filming_1_flipped.mp4,1849,0,7,0.0710501666920026,0.8839393615722656,0.637937249077691,5,0.005117695217993,0.7094259897867838,59.96002664890073
shruti_filming_1_flipped.mp4,1850,0,7,0.0710633824589981,0.88553466796875,0.6407917729130498,5,0.0051185552546909,0.7096108118693034,59.96002664890073
shruti_filming_1_flipped.mp4,1851,0,7,0.0706279129552529,0.8876434326171875,0.644308415165654,5,0.0051588809640573,0.7100493113199869,59.96002664890073
shruti_filming_1_flipped.mp4,1852,0,6,0.0705371586617009,0.8897914886474609,0.6482087877061632,5,0.0051011570915579,0.7101417541503906,59.96002664890073
shruti_filming_1_flipped.mp4,1853,0,6,0.0699396184540639,0.8907310485839843,0.6506069042064525,5,0.0050502501825502,0.7102010726928711,59.96002664890073
shruti_filming_1_flipped.mp4,1854,0,6,0.0694465097979776,0.891063944498698,0.6529044257269965,5,0.0050147925301442,0.7101215362548828,59.96002664890073
shruti_filming_1_flipped.mp4,1855,0,6,0.0690895585010703,0.8913219451904297,0.6547562775788484,5,0.0050424960075394,0.7095428466796875,59.96002664890073
shruti_filming_1_flipped.mp4,1856,0,6,0.0679768930877455,0.8923432032267252,0.660643627025463,5,0.0050545225070608,0.7095638275146484,59.96002664890073
shruti_filming_1_flipped.mp4,1857,0,6,0.067221897015029,0.8928350448608399,0.6634514702690972,5,0.0050228739792752,0.7095918655395508,59.96002664890073
shruti_filming_1_flipped.mp4,1858,0,6,0.0656206291634589,0.8910844802856446,0.6682909930193865,5,0.0050015864241868,0.7090600331624349,59.96002664890073
shruti_filming_1_flipped.mp4,1859,0,6,0.0640806198502994,0.8888454437255859,0.6714595088252315,5,0.0050030605506617,0.7092991511027018,59.96002664890073
shruti_filming_1_flipped.mp4,1860,0,6,0.0620779909617138,0.8840967178344726,0.6728557445384838,5,0.0050788985693846,0.7095770517985026,59.96002664890073
shruti_filming_1_flipped.mp4,1861,0,6,0.0602949210482162,0.8805988311767579,0.6761297720449942,5,0.0050543085531723,0.7095869700113933,59.96002664890073
shruti_filming_1_flipped.mp4,1862,0,6,0.0591215700157206,0.8801066080729166,0.6813190036349827,5,0.0049429907020627,0.7098796844482422,59.96002664890073
shruti_filming_1_flipped.mp4,1863,0,6,0.0577945494397297,0.8805074691772461,0.6896368521231192,5,0.0049484565127123,0.7098196665445964,59.96002664890073
shruti_filming_1_flipped.mp4,1864,0,6,0.0568243830405925,0.8807554244995117,0.6936040242513021,5,0.0049311178838413,0.710159174601237,59.96002664890073
shruti_filming_1_flipped.mp4,1865,0,6,0.0558444182802836,0.8805386225382487,0.6968530160409433,5,0.0049391643514779,0.7102228800455729,59.96002664890073
shruti_filming_1_flipped.mp4,1866,0,7,0.0549576891631457,0.8802667617797851,0.6995800442165798,6,0.0052443684089083,0.7101193745930989,59.96002664890073
shruti_filming_1_flipped.mp4,1867,0,6,0.0539242778524446,0.8801376342773437,0.7058082863136574,5,0.0051008222048242,0.7104397455851237,59.96002664890073
shruti_filming_1_flipped.mp4,1868,0,6,0.0524299390424534,0.8801034927368164,0.7126563178168402,5,0.0050874687294708,0.7109424591064453,59.96002664890073
shruti_filming_1_flipped.mp4,1869,0,5,0.0519210787780365,0.8804125467936198,0.7152017664026331,4,0.0051022544208939,0.7114359537760416,59.96002664890073
shruti_filming_1_flipped.mp4,1870,0,6,0.0519186271870879,0.8814886093139649,0.7185473971896701,4,0.0050642868313783,0.7117835998535156,59.96002664890073
shruti_filming_1_flipped.mp4,1871,0,5,0.0509341691999752,0.8812536875406901,0.7232023451063369,4,0.0050429894144084,0.7119656244913737,59.96002664890073
shruti_filming_1_flipped.mp4,1872,0,6,0.048575352149524,0.8797718048095703,0.7283144915545429,5,0.0051452808262655,0.7121135711669921,59.96002664890073
shruti_filming_1_flipped.mp4,1873,0,6,0.0473591327860615,0.8800316492716471,0.7338768853081598,5,0.005073700408587,0.71270751953125,59.96002664890073
shruti_filming_1_flipped.mp4,1874,0,7,0.04630316560881,0.8802780787150065,0.7410169813368056,5,0.005068101724739,0.7129383087158203,59.96002664890073
shruti_filming_1_flipped.mp4,1875,0,7,0.0452948705315874,0.8797454833984375,0.7454096476236979,5,0.0052347582630884,0.7131399154663086,59.96002664890073
shruti_filming_1_flipped.mp4,1876,0,6,0.0436771821153039,0.8791979471842448,0.7535231978804977,5,0.0052311124249536,0.7132345835367838,59.96002664890073
shruti_filming_1_flipped.mp4,1877,0,5,0.0427415750816968,0.8788246790568034,0.7582817360206887,4,0.0055049794610466,0.7128320693969726,59.96002664890073
shruti_filming_1_flipped.mp4,1878,0,6,0.0418279477240651,0.8794231414794922,0.7633829187463831,5,0.0054935318049036,0.7128246943155925,59.96002664890073
shruti_filming_1_flipped.mp4,1879,0,5,0.0406389874936495,0.8798728942871094,0.770829094780816,4,0.0055676220544796,0.71287415822347,59.96002664890073
shruti_filming_1_flipped.mp4,1880,0,5,0.0392251129254603,0.878624153137207,0.7767669677734375,4,0.0054664864215495,0.7128670374552409,59.96002664890073
shruti_filming_1_flipped.mp4,1881,0,4,0.0381269099124862,0.8772613525390625,0.7810060289171007,3,0.0054859382519282,0.7129956563313802,59.96002664890073
shruti_filming_1_flipped.mp4,1882,0,4,0.0369719146543906,0.8780670166015625,0.7872168646918403,3,0.0054078557640479,0.7129811604817708,59.96002664890073
shruti_filming_1_flipped.mp4,1883,0,4,0.0353826498612761,0.8776943842569987,0.7955148767541956,3,0.0054339377264841,0.7129880905151367,59.96002664890073
shruti_filming_1_flipped.mp4,1884,0,4,0.0350925550172946,0.878429094950358,0.8009814792209201,3,0.0053980727401169,0.7128347396850586,59.96002664890073
shruti_filming_1_flipped.mp4,1885,0,4,0.0329390279331494,0.8769392649332682,0.807524334942853,3,0.0054817591724309,0.7131454467773437,59.96002664890073
shruti_filming_1_flipped.mp4,1886,0,4,0.0318056675692787,0.8778829574584961,0.8134986029730903,3,0.0054926489732073,0.7134767532348633,59.96002664890073
shruti_filming_1_flipped.mp4,1887,0,4,0.0304555183763466,0.8786367416381836,0.8222950122974537,3,0.0055709569798771,0.7139591217041016,59.96002664890073
shruti_filming_1_flipped.mp4,1888,0,4,0.0296433775542112,0.8807573954264323,0.8280605174877026,3,0.0055712565967459,0.714489491780599,59.96002664890073
shruti_filming_1_flipped.mp4,1889,0,4,0.028524708371562,0.8837478637695313,0.8353331954390915,3,0.0056319619189602,0.7146228790283203,59.96002664890073
shruti_filming_1_flipped.mp4,1890,0,4,0.0276935253369932,0.8857390085856119,0.8422095404730903,3,0.005594771503626,0.7147490183512369,59.96002664890073
shruti_filming_1_flipped.mp4,1891,0,4,0.0263030948720399,0.887118148803711,0.8494255348488137,3,0.0055891879294196,0.7147504806518554,59.96002664890073
shruti_filming_1_flipped.mp4,1892,0,4,0.0253727058347107,0.8889242172241211,0.8555979410807292,3,0.0055833656430089,0.7150077819824219,59.96002664890073
shruti_filming_1_flipped.mp4,1893,0,4,0.0236139375642394,0.8906151453653971,0.8660456339518229,3,0.0055479668320751,0.7152679443359375,59.96002664890073
shruti_filming_1_flipped.mp4,1894,0,4,0.0223492366208315,0.8917246500651042,0.8727092036494503,3,0.0055355353197848,0.7154747645060221,59.96002664890073
shruti_filming_1_flipped.mp4,1895,0,4,0.0206693766272575,0.8918230692545573,0.8819483439127604,3,0.0055312569777015,0.7156148910522461,59.96002664890073
shruti_filming_1_flipped.mp4,1896,0,4,0.0183662413124442,0.893368911743164,0.8915995845088253,3,0.0054605426388378,0.7157360712687174,59.96002664890073
shruti_filming_1_flipped.mp4,1897,0,4,0.0168458785857203,0.8921962738037109,0.8981509173357928,3,0.0055010876095319,0.7160224914550781,59.96002664890073
shruti_filming_1_flipped.mp4,1898,0,4,0.0148547268245709,0.891324234008789,0.9079589278609664,3,0.0055322188160304,0.7158028284708658,59.96002664890073
shruti_filming_1_flipped.mp4,1899,0,4,0.0120991712686157,0.8818891525268555,0.9165430139612268,3,0.0054796635152565,0.7158948262532552,59.96002664890073
shruti_filming_1_flipped.mp4,1900,0,4,0.0086662743384173,0.8609862009684245,0.9282033284505208,3,0.0054362977172422,0.7160629272460938,59.96002664890073
shruti_filming_1_flipped.mp4,1901,0,4,0.0074631075929048,0.8631851196289062,0.936946784125434,3,0.00544430086027,0.7161771774291992,59.96002664890073
shruti_filming_1_flipped.mp4,1902,0,4,0.0062076625359865,0.8630547205607096,0.9472188313802083,3,0.0054712855027928,0.7162802378336589,59.96002664890073
shruti_filming_1_flipped.mp4,1903,0,3,0.0055697133341648,0.7164713541666666,0.3061956617567274,3,0.0055697133341648,0.7164713541666666,59.96002664890073
shruti_filming_1_flipped.mp4,1904,0,5,0.0056758125795534,0.7164653778076172,0.304251946343316,4,0.0056758125795534,0.7164653778076172,59.96002664890073
shruti_filming_1_flipped.mp4,1905,0,3,0.005663753867201,0.7162232081095378,0.3007932874891493,3,0.005663753867201,0.7162232081095378,59.96002664890073
shruti_filming_1_flipped.mp4,1906,0,4,0.0055956192055762,0.7162598292032878,0.3008744133843316,3,0.0055956192055762,0.7162598292032878,59.96002664890073
shruti_filming_1_flipped.mp4,1907,0,5,0.0056358930680693,0.7162967681884765,0.2999421296296296,4,0.0056358930680693,0.7162967681884765,59.96002664890073
shruti_filming_1_flipped.mp4,1908,0,5,0.0056246950446533,0.7165534337361653,0.2991679156268084,4,0.0056246950446533,0.7165534337361653,59.96002664890073
shruti_filming_1_flipped.mp4,1909,0,5,0.0058326185613016,0.7167350769042968,0.2961403175636574,4,0.0058326185613016,0.7167350769042968,59.96002664890073
shruti_filming_1_flipped.mp4,1910,0,5,0.0059981037202588,0.7166471481323242,0.2915891859266493,4,0.0059981037202588,0.7166471481323242,59.96002664890073
shruti_filming_1_flipped.mp4,1911,0,5,0.0063651722056965,0.7175947825113932,0.2904589335123698,4,0.0063651722056965,0.7175947825113932,59.96002664890073
shruti_filming_1_flipped.mp4,1912,0,4,0.006021565202132,0.7173830032348633,0.2884609081127025,4,0.006021565202132,0.7173830032348633,59.96002664890073
shruti_filming_1_flipped.mp4,1913,0,4,0.0060750689341134,0.718050765991211,0.290337993480541,4,0.0060750689341134,0.718050765991211,59.96002664890073
shruti_filming_1_flipped.mp4,1914,0,4,0.0060474248797011,0.7183059692382813,0.2865226745605468,4,0.0060474248797011,0.7183059692382813,59.96002664890073
shruti_filming_1_flipped.mp4,1915,0,4,0.0059075081209637,0.7176283518473308,0.2861761305067274,4,0.0059075081209637,0.7176283518473308,59.96002664890073
shruti_filming_1_flipped.mp4,1916,0,5,0.005912582486353,0.7179458618164063,0.2854014361346209,4,0.005912582486353,0.7179458618164063,59.96002664890073
shruti_filming_1_flipped.mp4,1917,0,5,0.0058326062338892,0.7192214330037435,0.2835462782118055,4,0.0058326062338892,0.7192214330037435,59.96002664890073
shruti_filming_1_flipped.mp4,1918,0,5,0.0058074081236393,0.7195166269938151,0.282346033166956,4,0.0058074081236393,0.7195166269938151,59.96002664890073
shruti_filming_1_flipped.mp4,1919,0,5,0.0058678938950308,0.7195877075195313,0.2805582682291667,4,0.0058678938950308,0.7195877075195313,59.96002664890073
shruti_filming_1_flipped.mp4,1920,0,5,0.0057685810881796,0.7193443298339843,0.2794229578088831,4,0.0057685810881796,0.7193443298339843,59.96002664890073
shruti_filming_1_flipped.mp4,1921,0,5,0.0058241404097363,0.7191622416178386,0.2739741855197483,4,0.0058241404097363,0.7191622416178386,59.96002664890073
shruti_filming_1_flipped.mp4,1922,0,5,0.0059107916062283,0.719043223063151,0.2697600753219039,4,0.0059107916062283,0.719043223063151,59.96002664890073
shruti_filming_1_flipped.mp4,1923,0,5,0.0061132814633688,0.7192536036173502,0.2669322543674045,4,0.0061132814633688,0.7192536036173502,59.96002664890073
shruti_filming_1_flipped.mp4,1924,0,5,0.0061428641022993,0.7193934122721354,0.2635902687355324,4,0.0061428641022993,0.7193934122721354,59.96002664890073
shruti_filming_1_flipped.mp4,1925,0,4,0.0060191321869691,0.7191231409708659,0.2643237643771701,3,0.0060191321869691,0.7191231409708659,59.96002664890073
shruti_filming_1_flipped.mp4,1926,0,4,0.0059393603844768,0.719144630432129,0.2632030063205295,3,0.0059393603844768,0.719144630432129,59.96002664890073
shruti_filming_1_flipped.mp4,1927,0,4,0.0057603212778081,0.7190974553426107,0.2615025838216145,3,0.0057603212778081,0.7190974553426107,59.96002664890073
shruti_filming_1_flipped.mp4,1928,0,5,0.0059706075904789,0.719083023071289,0.2595745793095341,4,0.0059706075904789,0.719083023071289,59.96002664890073
shruti_filming_1_flipped.mp4,1929,0,4,0.0062277770023178,0.7188030242919922,0.2536148918999566,3,0.0062277770023178,0.7188030242919922,59.96002664890073
shruti_filming_1_flipped.mp4,1930,0,5,0.0061098667578254,0.718869400024414,0.25147705078125,4,0.0061098667578254,0.718869400024414,59.96002664890073
shruti_filming_1_flipped.mp4,1931,0,4,0.0062119898234798,0.718237559000651,0.2484503004286024,3,0.0062119898234798,0.718237559000651,59.96002664890073
shruti_filming_1_flipped.mp4,1932,0,3,0.0063847390220164,0.7184324900309245,0.2491397433810764,3,0.0063847390220164,0.7184324900309245,59.96002664890073
shruti_filming_1_flipped.mp4,1933,0,4,0.0067995215120026,0.7187059402465821,0.2464699639214409,3,0.0067995215120026,0.7187059402465821,59.96002664890073
shruti_filming_1_flipped.mp4,1934,0,3,0.0063937225526509,0.7182778040568034,0.2425394694010416,3,0.0063937225526509,0.7182778040568034,59.96002664890073
shruti_filming_1_flipped.mp4,1935,0,4,0.0060985914820102,0.7182039260864258,0.2414111949779369,3,0.0060985914820102,0.7182039260864258,59.96002664890073
shruti_filming_1_flipped.mp4,1936,0,4,0.0061089589312905,0.7192836761474609,0.2394325538917824,3,0.0061089589312905,0.7192836761474609,59.96002664890073
shruti_filming_1_flipped.mp4,1937,0,3,0.0060218565183458,0.7192206064860026,0.2344985961914062,3,0.0060218565183458,0.7192206064860026,59.96002664890073
shruti_filming_1_flipped.mp4,1938,0,4,0.0060773398808022,0.7192226409912109,0.2274710761176215,4,0.0060773398808022,0.7192226409912109,59.96002664890073
shruti_filming_1_flipped.mp4,1939,0,3,0.0066078256178621,0.7194133758544922,0.2203489515516493,3,0.0066078256178621,0.7194133758544922,59.96002664890073
shruti_filming_1_flipped.mp4,1940,0,3,0.0065182202496281,0.7196526209513346,0.2192408243815104,3,0.0065182202496281,0.7196526209513346,59.96002664890073
shruti_filming_1_flipped.mp4,1941,0,3,0.0064074598292656,0.7196504592895507,0.2144055119267216,3,0.0064074598292656,0.7196504592895507,59.96002664890073
shruti_filming_1_flipped.mp4,1942,0,3,0.006367683444696,0.7195283889770507,0.2106555797435619,3,0.006367683444696,0.7195283889770507,59.96002664890073
shruti_filming_1_flipped.mp4,1943,0,3,0.0063266749162964,0.7198551813761394,0.2060664706759982,3,0.0063266749162964,0.7198551813761394,59.96002664890073
shruti_filming_1_flipped.mp4,1944,0,3,0.0063137322971467,0.7200586954752605,0.2027642144097222,3,0.0063137322971467,0.7200586954752605,59.96002664890073
shruti_filming_1_flipped.mp4,1945,0,3,0.006506185697508,0.7210745493570964,0.2043304443359375,3,0.006506185697508,0.7210745493570964,59.96002664890073
shruti_filming_1_flipped.mp4,1946,0,3,0.0064741853636223,0.7214199066162109,0.2011498345269097,3,0.0064741853636223,0.7214199066162109,59.96002664890073
shruti_filming_1_flipped.mp4,1947,0,3,0.0063515477853878,0.720806884765625,0.1999237908257378,3,0.0063515477853878,0.720806884765625,59.96002664890073
shruti_filming_1_flipped.mp4,1948,0,3,0.0061540271275832,0.7204381942749023,0.1935853746202256,3,0.0061540271275832,0.7204381942749023,59.96002664890073
shruti_filming_1_flipped.mp4,1949,0,3,0.0059697994006758,0.7202467600504557,0.1920489841037326,3,0.0059697994006758,0.7202467600504557,59.96002664890073
shruti_filming_1_flipped.mp4,1950,0,3,0.00606387202269,0.7205415725708008,0.1897711859809027,3,0.00606387202269,0.7205415725708008,59.96002664890073
shruti_filming_1_flipped.mp4,1951,0,4,0.0064125848785624,0.7212977091471354,0.1852806091308593,4,0.0064125848785624,0.7212977091471354,59.96002664890073
shruti_filming_1_flipped.mp4,1952,0,3,0.0067045412678271,0.7217191696166992,0.1784591674804687,3,0.0067045412678271,0.7217191696166992,59.96002664890073
shruti_filming_1_flipped.mp4,1953,0,3,0.0066914035902138,0.7217453638712565,0.1751785278320312,3,0.0066914035902138,0.7217453638712565,59.96002664890073
shruti_filming_1_flipped.mp4,1954,0,3,0.0066789196129927,0.7213871002197265,0.1752359460901331,3,0.0066789196129927,0.7213871002197265,59.96002664890073
shruti_filming_1_flipped.mp4,1955,0,3,0.0066979460068978,0.7215188344319662,0.1735788981119791,3,0.0066979460068978,0.7215188344319662,59.96002664890073
shruti_filming_1_flipped.mp4,1956,0,3,0.0067929451585061,0.7219655990600586,0.1710526642975983,3,0.0067929451585061,0.7219655990600586,59.96002664890073
shruti_filming_1_flipped.mp4,1957,0,3,0.0067944291163089,0.7224369684855143,0.1712214434588397,3,0.0067944291163089,0.7224369684855143,59.96002664890073
shruti_filming_1_flipped.mp4,1958,0,3,0.0068292050611085,0.7225221633911133,0.1698773136845341,3,0.0068292050611085,0.7225221633911133,59.96002664890073
shruti_filming_1_flipped.mp4,1959,0,2,0.0071738998768786,0.7230902353922526,0.1686627140751591,2,0.0071738998768786,0.7230902353922526,59.96002664890073
shruti_filming_1_flipped.mp4,1960,0,2,0.0070617539410563,0.7233920415242513,0.1693424083568431,2,0.0070617539410563,0.7233920415242513,59.96002664890073
shruti_filming_1_flipped.mp4,1961,0,2,0.0072371650123548,0.7232439041137695,0.1657282793963397,2,0.0072371650123548,0.7232439041137695,59.96002664890073
shruti_filming_1_flipped.mp4,1962,0,2,0.0073466944225228,0.7234896341959636,0.1650857996057581,2,0.0073466944225228,0.7234896341959636,59.96002664890073
shruti_filming_1_flipped.mp4,1963,0,2,0.0072995122526517,0.7237213134765625,0.166545980947989,2,0.0072995122526517,0.7237213134765625,59.96002664890073
shruti_filming_1_flipped.mp4,1964,0,2,0.0073008522882203,0.7240423202514649,0.1668191980432581,2,0.0073008522882203,0.7240423202514649,59.96002664890073
shruti_filming_1_flipped.mp4,1965,0,2,0.0072506218586608,0.723988151550293,0.1668310659903067,2,0.0072506218586608,0.723988151550293,59.96002664890073
shruti_filming_1_flipped.mp4,1966,0,2,0.0072673168882762,0.7243694305419922,0.1672284161603009,2,0.0072673168882762,0.7243694305419922,59.96002664890073
shruti_filming_1_flipped.mp4,1967,0,2,0.0073402657547719,0.7244340896606445,0.167041269938151,2,0.0073402657547719,0.7244340896606445,59.96002664890073
shruti_filming_1_flipped.mp4,1968,0,2,0.0072806523950701,0.7249865849812825,0.169748631230107,2,0.0072806523950701,0.7249865849812825,59.96002664890073
shruti_filming_1_flipped.mp4,1969,0,2,0.0072215891125745,0.7258427937825521,0.1703614976671006,2,0.0072215891125745,0.7258427937825521,59.96002664890073
shruti_filming_1_flipped.mp4,1970,0,2,0.0071181178368903,0.7260332743326823,0.1727279945656105,2,0.0071181178368903,0.7260332743326823,59.96002664890073
shruti_filming_1_flipped.mp4,1971,0,2,0.0071581290191812,0.7267595291137695,0.1751161645959924,2,0.0071581290191812,0.7267595291137695,59.96002664890073
shruti_filming_1_flipped.mp4,1972,0,2,0.0074045457636627,0.7276899337768554,0.1767632378472222,2,0.0074045457636627,0.7276899337768554,59.96002664890073
shruti_filming_1_flipped.mp4,1973,0,2,0.0077229102473453,0.728489367167155,0.1754193058720341,2,0.0077229102473453,0.728489367167155,59.96002664890073
shruti_filming_1_flipped.mp4,1974,0,2,0.0079196910472604,0.7283799489339192,0.173883565266927,2,0.0079196910472604,0.7283799489339192,59.96002664890073
shruti_filming_1_flipped.mp4,1975,0,2,0.007927524112941,0.7287416458129883,0.1730007595486111,2,0.007927524112941,0.7287416458129883,59.96002664890073
shruti_filming_1_flipped.mp4,1976,0,2,0.0080311375133959,0.7292577743530273,0.17477131596318,2,0.0080311375133959,0.7292577743530273,59.96002664890073
shruti_filming_1_flipped.mp4,1977,0,2,0.008018701726962,0.7287127176920573,0.1749627855088975,2,0.008018701726962,0.7287127176920573,59.96002664890073
shruti_filming_1_flipped.mp4,1978,0,2,0.0079325228622312,0.7296438852945963,0.1695122612847222,2,0.0079325228622312,0.7296438852945963,59.96002664890073
shruti_filming_1_flipped.mp4,1979,0,3,0.0078026610819614,0.7299185434977213,0.1716558385778356,3,0.0078026610819614,0.7299185434977213,59.96002664890073
shruti_filming_1_flipped.mp4,1980,0,2,0.0075509366200195,0.7301862716674805,0.1749840912995515,2,0.0075509366200195,0.7301862716674805,59.96002664890073
shruti_filming_1_flipped.mp4,1981,0,2,0.0076623106523119,0.730534553527832,0.1752319901077835,2,0.0076623106523119,0.730534553527832,59.96002664890073
shruti_filming_1_flipped.mp4,1982,0,3,0.0082385593126592,0.7309054692586263,0.1704567803276909,3,0.0082385593126592,0.7309054692586263,59.96002664890073
shruti_filming_1_flipped.mp4,1983,0,3,0.0083779023290844,0.7314493179321289,0.1687281290690104,3,0.0083779023290844,0.7314493179321289,59.96002664890073
shruti_filming_1_flipped.mp4,1984,0,2,0.0081446687677816,0.731623649597168,0.1726444668240017,2,0.0081446687677816,0.731623649597168,59.96002664890073
shruti_filming_1_flipped.mp4,1985,0,2,0.0079852535039578,0.7319366455078125,0.1756598861129195,2,0.0079852535039578,0.7319366455078125,59.96002664890073
shruti_filming_1_flipped.mp4,1986,0,2,0.0079063590597501,0.7319553375244141,0.175343351010923,2,0.0079063590597501,0.7319553375244141,59.96002664890073
shruti_filming_1_flipped.mp4,1987,0,2,0.0075474362173904,0.7316246668497721,0.1740065115469473,2,0.0075474362173904,0.7316246668497721,59.96002664890073
shruti_filming_1_flipped.mp4,1988,0,3,0.0075504247490607,0.7317711512247721,0.1707138909233941,3,0.0075504247490607,0.7317711512247721,59.96002664890073
shruti_filming_1_flipped.mp4,1989,0,3,0.0077175899355077,0.7323869705200196,0.1651747244375723,3,0.0077175899355077,0.7323869705200196,59.96002664890073
shruti_filming_1_flipped.mp4,1990,0,2,0.0078588655007479,0.7333433151245117,0.1611908241554542,2,0.0078588655007479,0.7333433151245117,59.96002664890073
shruti_filming_1_flipped.mp4,1991,0,3,0.0080126411185591,0.7334744135538737,0.1594337180808738,3,0.0080126411185591,0.7334744135538737,59.96002664890073
shruti_filming_1_flipped.mp4,1992,0,2,0.0080501641078714,0.7333901087443034,0.1559195059317129,2,0.0080501641078714,0.7333901087443034,59.96002664890073
shruti_filming_1_flipped.mp4,1993,0,2,0.0077856334910891,0.7336922963460286,0.1551179673936631,2,0.0077856334910891,0.7336922963460286,59.96002664890073
shruti_filming_1_flipped.mp4,1994,0,2,0.0076669045657359,0.7336206436157227,0.15306396484375,2,0.0076669045657359,0.7336206436157227,59.96002664890073
shruti_filming_1_flipped.mp4,1995,0,2,0.0076799894250817,0.7336674372355143,0.1481632091380931,2,0.0076799894250817,0.7336674372355143,59.96002664890073
shruti_filming_1_flipped.mp4,1996,0,2,0.0076285206547213,0.7330822626749675,0.1474146525065104,2,0.0076285206547213,0.7330822626749675,59.96002664890073
shruti_filming_1_flipped.mp4,1997,0,3,0.0076615516580986,0.7335412979125977,0.1417364614981192,3,0.0076615516580986,0.7335412979125977,59.96002664890073
shruti_filming_1_flipped.mp4,1998,0,3,0.0076301009373532,0.73358580271403,0.1385138617621527,3,0.0076301009373532,0.73358580271403,59.96002664890073
shruti_filming_1_flipped.mp4,1999,0,2,0.0077217237109962,0.7329403559366862,0.135998393871166,2,0.0077217237109962,0.7329403559366862,59.96002664890073
shruti_filming_1_flipped.mp4,2000,0,2,0.0079020089211149,0.7331310907999674,0.1280836317274305,2,0.0079020089211149,0.7331310907999674,59.96002664890073
shruti_filming_1_flipped.mp4,2001,0,2,0.0078920870477816,0.7330990473429362,0.123792408130787,2,0.0078920870477816,0.7330990473429362,59.96002664890073
shruti_filming_1_flipped.mp4,2002,0,3,0.0077456199190109,0.733560307820638,0.1223383585611979,3,0.0077456199190109,0.733560307820638,59.96002664890073
shruti_filming_1_flipped.mp4,2003,0,3,0.0078004966164169,0.7336441040039062,0.1173852143464265,3,0.0078004966164169,0.7336441040039062,59.96002664890073
shruti_filming_1_flipped.mp4,2004,0,4,0.0076499505448629,0.7336043039957683,0.1122992621527777,4,0.0076499505448629,0.7336043039957683,59.96002664890073
shruti_filming_1_flipped.mp4,2005,0,3,0.007864068818843,0.7346023559570313,0.1085446110478153,3,0.007864068818843,0.7346023559570313,59.96002664890073
shruti_filming_1_flipped.mp4,2006,0,2,0.0080722596870543,0.7351812362670899,0.1081607677318431,2,0.0080722596870543,0.7351812362670899,59.96002664890073
shruti_filming_1_flipped.mp4,2007,0,4,0.0081839589647521,0.7354801177978516,0.1019624498155381,4,0.0081839589647521,0.7354801177978516,59.96002664890073
shruti_filming_1_flipped.mp4,2008,0,4,0.0080149365627827,0.7354264577229818,0.097965833875868,4,0.0080149365627827,0.7354264577229818,59.96002664890073
shruti_filming_1_flipped.mp4,2009,0,3,0.0080250742710317,0.7354732513427734,0.0953538965295862,3,0.0080250742710317,0.7354732513427734,59.96002664890073
shruti_filming_1_flipped.mp4,2010,0,3,0.0078691380471637,0.7357437769571941,0.0876982229727285,3,0.0078691380471637,0.7357437769571941,59.96002664890073
shruti_filming_1_flipped.mp4,2011,0,2,0.0080087667547437,0.7358261744181315,0.0851421780056423,2,0.0080087667547437,0.7358261744181315,59.96002664890073
shruti_filming_1_flipped.mp4,2012,0,2,0.0079797762779883,0.735893440246582,0.0825746606897424,2,0.0079797762779883,0.735893440246582,59.96002664890073
shruti_filming_1_flipped.mp4,2013,0,2,0.0081605468931166,0.7362585067749023,0.0816072534631799,2,0.0081605468931166,0.7362585067749023,59.96002664890073
shruti_filming_1_flipped.mp4,2014,0,3,0.0081338215684,0.7365065256754557,0.0806862160011574,3,0.0081338215684,0.7365065256754557,59.96002664890073
shruti_filming_1_flipped.mp4,2015,0,3,0.0080851676152842,0.7366786321004232,0.0797434771502459,3,0.0080851676152842,0.7366786321004232,59.96002664890073
shruti_filming_1_flipped.mp4,2016,0,2,0.0080670657116085,0.7370039621988932,0.0800191526059751,2,0.0080670657116085,0.7370039621988932,59.96002664890073
shruti_filming_1_flipped.mp4,2017,0,2,0.0080975050868913,0.7373527526855469,0.0795503686975549,2,0.0080975050868913,0.7373527526855469,59.96002664890073
shruti_filming_1_flipped.mp4,2018,0,2,0.0082356990686848,0.7384340922037761,0.0815877561216001,2,0.0082356990686848,0.7384340922037761,59.96002664890073
shruti_filming_1_flipped.mp4,2019,0,2,0.0084162309508731,0.7393552780151367,0.0809734768337673,2,0.0084162309508731,0.7393552780151367,59.96002664890073
shruti_filming_1_flipped.mp4,2020,0,2,0.0085019353656065,0.7400787989298503,0.0805796587908709,2,0.0085019353656065,0.7400787989298503,59.96002664890073
shruti_filming_1_flipped.mp4,2021,0,2,0.0085505666554672,0.7403533935546875,0.080397711859809,2,0.0085505666554672,0.7403533935546875,59.96002664890073
shruti_filming_1_flipped.mp4,2022,0,2,0.0084855899402302,0.740514628092448,0.0805818345811631,2,0.0084855899402302,0.740514628092448,59.96002664890073
shruti_filming_1_flipped.mp4,2023,0,2,0.0085464947504698,0.7409233729044596,0.0820188169126157,2,0.0085464947504698,0.7409233729044596,59.96002664890073
shruti_filming_1_flipped.mp4,2024,0,4,0.0086185099909378,0.7410792668660482,0.0834261858904803,4,0.0086185099909378,0.7410792668660482,59.96002664890073
shruti_filming_1_flipped.mp4,2025,0,4,0.0088316304845621,0.7416861216227214,0.081959561948423,4,0.0088316304845621,0.7416861216227214,59.96002664890073
shruti_filming_1_flipped.mp4,2026,0,5,0.0087894819617105,0.7414988199869792,0.084022550229673,5,0.0087894819617105,0.7414988199869792,59.96002664890073
shruti_filming_1_flipped.mp4,2027,0,4,0.0087867544541411,0.7414673487345378,0.0826296205873842,4,0.0087867544541411,0.7414673487345378,59.96002664890073
shruti_filming_1_flipped.mp4,2028,0,3,0.0085316645979657,0.7411452611287435,0.0908921983506944,3,0.0085316645979657,0.7411452611287435,59.96002664890073
shruti_filming_1_flipped.mp4,2029,0,3,0.0089597358941017,0.7421655654907227,0.0881885387279369,3,0.0089597358941017,0.7421655654907227,59.96002664890073
shruti_filming_1_flipped.mp4,2030,0,4,0.0090097867702813,0.7424259821573893,0.0903598644115306,4,0.0090097867702813,0.7424259821573893,59.96002664890073
shruti_filming_1_flipped.mp4,2031,0,4,0.0088299289206042,0.7421247482299804,0.0988498263888889,4,0.0088299289206042,0.7421247482299804,59.96002664890073
shruti_filming_1_flipped.mp4,2032,0,4,0.0087818862665602,0.7429475784301758,0.0985762136953848,4,0.0087818862665602,0.7429475784301758,59.96002664890073
shruti_filming_1_flipped.mp4,2033,0,3,0.0088778550599171,0.7427084604899089,0.1047656589084201,3,0.0088778550599171,0.7427084604899089,59.96002664890073
shruti_filming_1_flipped.mp4,2034,0,4,0.0089640293241066,0.7438086191813151,0.1084313569245515,4,0.0089640293241066,0.7438086191813151,59.96002664890073
shruti_filming_1_flipped.mp4,2035,0,2,0.0090008728521556,0.7448234558105469,0.1106020044397424,2,0.0090008728521556,0.7448234558105469,59.96002664890073
shruti_filming_1_flipped.mp4,2036,0,2,0.0090663154721389,0.7456335067749024,0.1138473510742187,2,0.0090663154721389,0.7456335067749024,59.96002664890073
shruti_filming_1_flipped.mp4,2037,0,2,0.0092767418282434,0.7469044367472331,0.1141815185546875,2,0.0092767418282434,0.7469044367472331,59.96002664890073
shruti_filming_1_flipped.mp4,2038,0,2,0.0092945413966663,0.7475654602050781,0.1163433498806423,2,0.0092945413966663,0.7475654602050781,59.96002664890073
shruti_filming_1_flipped.mp4,2039,0,2,0.0092457408501326,0.7482031504313151,0.1155429416232639,2,0.0092457408501326,0.7482031504313151,59.96002664890073
shruti_filming_1_flipped.mp4,2040,0,3,0.0092491726058748,0.7486736297607421,0.1168086581759982,3,0.0092491726058748,0.7486736297607421,59.96002664890073
shruti_filming_1_flipped.mp4,2041,0,3,0.0091954534435838,0.7488636652628581,0.1191797892252604,3,0.0091954534435838,0.7488636652628581,59.96002664890073
shruti_filming_1_flipped.mp4,2042,0,2,0.0093120468527841,0.7496145248413086,0.1206168280707465,2,0.0093120468527841,0.7496145248413086,59.96002664890073
shruti_filming_1_flipped.mp4,2043,0,2,0.0091299291869412,0.7494117101033528,0.1228175127947771,2,0.0091299291869412,0.7494117101033528,59.96002664890073
shruti_filming_1_flipped.mp4,2044,0,2,0.0092728952973481,0.7499342600504557,0.1242363258644386,2,0.0092728952973481,0.7499342600504557,59.96002664890073
shruti_filming_1_flipped.mp4,2045,0,2,0.009514717658835,0.7510178248087566,0.1261318913212528,2,0.009514717658835,0.7510178248087566,59.96002664890073
shruti_filming_1_flipped.mp4,2046,0,2,0.0096619780814971,0.7522245407104492,0.127759438973886,2,0.0096619780814971,0.7522245407104492,59.96002664890073
shruti_filming_1_flipped.mp4,2047,0,2,0.009897543857367,0.7538026809692383,0.1302431177209924,2,0.009897543857367,0.7538026809692383,59.96002664890073
shruti_filming_1_flipped.mp4,2048,0,3,0.0099622352740509,0.7546116511027018,0.1330185219093605,3,0.0099622352740509,0.7546116511027018,59.96002664890073
shruti_filming_1_flipped.mp4,2049,0,3,0.0099312874589425,0.7553277969360351,0.1312703450520833,3,0.0099312874589425,0.7553277969360351,59.96002664890073
shruti_filming_1_flipped.mp4,2050,0,3,0.0097337288673346,0.7557055155436198,0.1321338229709201,3,0.0097337288673346,0.7557055155436198,59.96002664890073
shruti_filming_1_flipped.mp4,2051,0,2,0.0098048242410489,0.7557240168253581,0.1306131998697916,2,0.0098048242410489,0.7557240168253581,59.96002664890073
shruti_filming_1_flipped.mp4,2052,0,3,0.0100966876087585,0.7573032379150391,0.1329073022913049,3,0.0100966876087585,0.7573032379150391,59.96002664890073
shruti_filming_1_flipped.mp4,2053,0,3,0.0103472743055964,0.7582450866699219,0.1323406643337673,3,0.0103472743055964,0.7582450866699219,59.96002664890073
shruti_filming_1_flipped.mp4,2054,0,2,0.0102164224302881,0.7586880366007487,0.1299045986599392,2,0.0102164224302881,0.7586880366007487,59.96002664890073
shruti_filming_1_flipped.mp4,2055,0,2,0.010395021993517,0.7595586776733398,0.1291906003598813,2,0.010395021993517,0.7595586776733398,59.96002664890073
shruti_filming_1_flipped.mp4,2056,0,2,0.0104001597511092,0.7598125457763671,0.128525486698857,2,0.0104001597511092,0.7598125457763671,59.96002664890073
shruti_filming_1_flipped.mp4,2057,0,3,0.0104301380687199,0.7604633331298828,0.1274046156141493,3,0.0104301380687199,0.7604633331298828,59.96002664890073
shruti_filming_1_flipped.mp4,2058,0,2,0.0105539829530742,0.7612886428833008,0.1270486054597077,2,0.0105539829530742,0.7612886428833008,59.96002664890073
shruti_filming_1_flipped.mp4,2059,0,2,0.0107427213637641,0.7621348063151042,0.1247736047815393,2,0.0107427213637641,0.7621348063151042,59.96002664890073
shruti_filming_1_flipped.mp4,2060,0,2,0.0106750844893484,0.7624720255533854,0.1232959606029369,2,0.0106750844893484,0.7624720255533854,59.96002664890073
shruti_filming_1_flipped.mp4,2061,0,2,0.0107550295818967,0.7631966908772786,0.1221649452492042,2,0.0107550295818967,0.7631966908772786,59.96002664890073
shruti_filming_1_flipped.mp4,2062,0,3,0.0106797361523606,0.7643225351969402,0.1192983274106626,3,0.0106797361523606,0.7643225351969402,59.96002664890073
shruti_filming_1_flipped.mp4,2063,0,4,0.0105794309019624,0.7644658406575521,0.1169299938060619,4,0.0105794309019624,0.7644658406575521,59.96002664890073
shruti_filming_1_flipped.mp4,2064,0,3,0.0103563706889367,0.7639999389648438,0.1155877855088975,3,0.0103563706889367,0.7639999389648438,59.96002664890073
shruti_filming_1_flipped.mp4,2065,0,3,0.0104307982357568,0.7644461313883464,0.1129996405707465,3,0.0104307982357568,0.7644461313883464,59.96002664890073
shruti_filming_1_flipped.mp4,2066,0,2,0.0103969082134857,0.7646351496378581,0.1099635088885272,2,0.0103969082134857,0.7646351496378581,59.96002664890073
shruti_filming_1_flipped.mp4,2067,0,3,0.0104782158065332,0.7655710220336914,0.1092022365993923,3,0.0104782158065332,0.7655710220336914,59.96002664890073
shruti_filming_1_flipped.mp4,2068,0,3,0.0104354745421463,0.7658195495605469,0.1075995551215277,3,0.0104354745421463,0.7658195495605469,59.96002664890073
shruti_filming_1_flipped.mp4,2069,0,3,0.010593329586504,0.7665165583292644,0.1071004796911169,3,0.010593329586504,0.7665165583292644,59.96002664890073
shruti_filming_1_flipped.mp4,2070,0,2,0.010819910133486,0.7671394348144531,0.106205579969618,2,0.010819910133486,0.7671394348144531,59.96002664890073
shruti_filming_1_flipped.mp4,2071,0,2,0.0107590224245116,0.766485087076823,0.1026518362539785,2,0.0107590224245116,0.766485087076823,59.96002664890073
shruti_filming_1_flipped.mp4,2072,0,2,0.0109372393948163,0.7672464370727539,0.0993229618778935,2,0.0109372393948163,0.7672464370727539,59.96002664890073
shruti_filming_1_flipped.mp4,2073,0,2,0.0110059639128114,0.7676712036132812,0.0954806857638888,2,0.0110059639128114,0.7676712036132812,59.96002664890073
shruti_filming_1_flipped.mp4,2074,0,2,0.0111227867488151,0.7678850809733073,0.0934843840422453,2,0.0111227867488151,0.7678850809733073,59.96002664890073
shruti_filming_1_flipped.mp4,2075,0,2,0.0111855990160903,0.7679012934366862,0.0890644779911747,2,0.0111855990160903,0.7679012934366862,59.96002664890073
shruti_filming_1_flipped.mp4,2076,0,2,0.0114417593042189,0.7679424285888672,0.084995213261357,2,0.0114417593042189,0.7679424285888672,59.96002664890073
shruti_filming_1_flipped.mp4,2077,0,2,0.0113651710136845,0.7680859247843425,0.0816651520905671,2,0.0113651710136845,0.7680859247843425,59.96002664890073
shruti_filming_1_flipped.mp4,2078,0,2,0.011316040202294,0.7681322733561198,0.0781706350821035,2,0.011316040202294,0.7681322733561198,59.96002664890073
shruti_filming_1_flipped.mp4,2079,0,3,0.0115035725277859,0.7684152603149415,0.075923184995298,3,0.0115035725277859,0.7684152603149415,59.96002664890073
shruti_filming_1_flipped.mp4,2080,0,3,0.011419464724604,0.7684867858886719,0.0721974690755208,3,0.011419464724604,0.7684867858886719,59.96002664890073
shruti_filming_1_flipped.mp4,2081,0,3,0.0113188623649896,0.7687284469604492,0.068385993109809,3,0.0113188623649896,0.7687284469604492,59.96002664890073
shruti_filming_1_flipped.mp4,2082,0,2,0.0113133142484002,0.7689657211303711,0.0670215182834201,2,0.0113133142484002,0.7689657211303711,59.96002664890073
shruti_filming_1_flipped.mp4,2083,0,2,0.0112460455444913,0.7685657501220703,0.0634916517469618,2,0.0112460455444913,0.7685657501220703,59.96002664890073
shruti_filming_1_flipped.mp4,2084,0,2,0.011361213521854,0.7683886210123698,0.062375979953342,2,0.011361213521854,0.7683886210123698,59.96002664890073
shruti_filming_1_flipped.mp4,2085,0,2,0.0114833055855382,0.7681369781494141,0.0575602778682002,2,0.0114833055855382,0.7681369781494141,59.96002664890073
shruti_filming_1_flipped.mp4,2086,0,3,0.0116328754209637,0.7678054809570313,0.0541654233579282,3,0.0116328754209637,0.7678054809570313,59.96002664890073
shruti_filming_1_flipped.mp4,2087,0,2,0.0120053088145972,0.7675142288208008,0.0514469005443431,2,0.0120053088145972,0.7675142288208008,59.96002664890073
shruti_filming_1_flipped.mp4,2088,0,2,0.0122670218191126,0.767296028137207,0.0483675073694299,2,0.0122670218191126,0.767296028137207,59.96002664890073
shruti_filming_1_flipped.mp4,2089,0,3,0.0125458416073039,0.7672431310017903,0.0467263398347077,3,0.0125458416073039,0.7672431310017903,59.96002664890073
shruti_filming_1_flipped.mp4,2090,0,2,0.0124578678272276,0.7670940399169922,0.0423576920120804,2,0.0124578678272276,0.7670940399169922,59.96002664890073
shruti_filming_1_flipped.mp4,2091,0,2,0.0125465495688847,0.7667783737182617,0.0407614531340422,2,0.0125465495688847,0.7667783737182617,59.96002664890073
shruti_filming_1_flipped.mp4,2092,0,2,0.0126536375375656,0.7668708801269531,0.0380305254900897,2,0.0126536375375656,0.7668708801269531,59.96002664890073
shruti_filming_1_flipped.mp4,2093,0,2,0.0127788324195016,0.7678747177124023,0.036964049162688,2,0.0127788324195016,0.7678747177124023,59.96002664890073
shruti_filming_1_flipped.mp4,2094,0,2,0.0126369920700219,0.767249870300293,0.0343919542100694,2,0.0126369920700219,0.767249870300293,59.96002664890073
shruti_filming_1_flipped.mp4,2095,0,2,0.0126290796677036,0.7674667358398437,0.0327173586244936,2,0.0126290796677036,0.7674667358398437,59.96002664890073
shruti_filming_1_flipped.mp4,2096,0,2,0.0128750398034124,0.7683143615722656,0.0320214730721932,2,0.0128750398034124,0.7683143615722656,59.96002664890073
shruti_filming_1_flipped.mp4,2097,0,2,0.0128918756872277,0.7682685852050781,0.0307970965350115,2,0.0128918756872277,0.7682685852050781,59.96002664890073
shruti_filming_1_flipped.mp4,2098,0,3,0.0128107759727518,0.767859141031901,0.0281148557309751,3,0.0128107759727518,0.767859141031901,59.96002664890073
shruti_filming_1_flipped.mp4,2099,0,3,0.0127839496950521,0.7672150293986003,0.0249166700575086,3,0.0127839496950521,0.7672150293986003,59.96002664890073
shruti_filming_1_flipped.mp4,2100,0,2,0.0130140790887041,0.7672423044840495,0.022400156656901,2,0.0130140790887041,0.7672423044840495,59.96002664890073
shruti_filming_1_flipped.mp4,2101,0,2,0.0130425526509255,0.7667935053507487,0.0186898125542534,2,0.0130425526509255,0.7667935053507487,59.96002664890073
shruti_filming_1_flipped.mp4,2102,0,3,0.013180948280933,0.7662588119506836,0.0154400578251591,3,0.013180948280933,0.7662588119506836,59.96002664890073
shruti_filming_1_flipped.mp4,2103,0,2,0.0133381535063704,0.7652187347412109,0.0105210480866608,2,0.0133381535063704,0.7652187347412109,59.96002664890073
shruti_filming_1_flipped.mp4,2104,0,3,0.013380896016024,0.764065170288086,0.0098163180881076,3,0.013380896016024,0.764065170288086,59.96002664890073
shruti_filming_1_flipped.mp4,2105,0,3,0.0133484769079303,0.763058090209961,0.0067849053276909,3,0.0133484769079303,0.763058090209961,59.96002664890073
shruti_filming_1_flipped.mp4,2106,0,3,0.0136025795611724,0.7628105163574219,0.0020669160065827,3,0.0136025795611724,0.7628105163574219,59.96002664890073
shruti_filming_1_flipped.mp4,2107,0,3,0.0135559741677436,0.7623215993245442,0.0006505330403645,3,0.0135559741677436,0.7623215993245442,59.96002664890073
shruti_filming_1_flipped.mp4,2108,0,3,0.013483916250793,0.7623190561930339,0.0038621973108362,3,0.013483916250793,0.7623190561930339,59.96002664890073
shruti_filming_1_flipped.mp4,2109,0,4,0.0136863843474449,0.7625988006591797,0.007017743145978,4,0.0136863843474449,0.7625988006591797,59.96002664890073
shruti_filming_1_flipped.mp4,2110,0,4,0.0136982357855756,0.7631385167439778,0.0078099568684895,4,0.0136982357855756,0.7631385167439778,59.96002664890073
shruti_filming_1_flipped.mp4,2111,0,3,0.0139234588425865,0.7638607660929362,0.0112993028428819,3,0.0139234588425865,0.7638607660929362,59.96002664890073
shruti_filming_1_flipped.mp4,2112,0,3,0.0142765047732326,0.7648900985717774,0.0156541612413194,3,0.0142765047732326,0.7648900985717774,59.96002664890073
shruti_filming_1_flipped.mp4,2113,0,3,0.0144766337196536,0.7653238296508789,0.0176813761393229,3,0.0144766337196536,0.7653238296508789,59.96002664890073
shruti_filming_1_flipped.mp4,2114,0,3,0.0145247110139785,0.7656002680460612,0.0224636219165943,3,0.0145247110139785,0.7656002680460612,59.96002664890073
shruti_filming_1_flipped.mp4,2115,0,3,0.0145028191272177,0.7659863154093425,0.0256567778410734,3,0.0145028191272177,0.7659863154093425,59.96002664890073
shruti_filming_1_flipped.mp4,2116,0,4,0.0146077857108213,0.7657432556152344,0.0262839140715422,4,0.0146077857108213,0.7657432556152344,59.96002664890073
shruti_filming_1_flipped.mp4,2117,0,3,0.014707399540542,0.7658548355102539,0.0285475554289641,3,0.014707399540542,0.7658548355102539,59.96002664890073
shruti_filming_1_flipped.mp4,2118,0,4,0.0147363267291802,0.7656540552775065,0.0307164510091145,4,0.0147363267291802,0.7656540552775065,59.96002664890073
shruti_filming_1_flipped.mp4,2119,0,4,0.0148883147867551,0.7656994501749674,0.0350104437934027,4,0.0148883147867551,0.7656994501749674,59.96002664890073
shruti_filming_1_flipped.mp4,2120,0,3,0.01498850558159,0.7656639099121094,0.0367126182273582,3,0.01498850558159,0.7656639099121094,59.96002664890073
shruti_filming_1_flipped.mp4,2121,0,3,0.0147852665923387,0.7658535639444987,0.0410479792842158,3,0.0147852665923387,0.7658535639444987,59.96002664890073
shruti_filming_1_flipped.mp4,2122,0,3,0.0146450682162065,0.7659880320231119,0.0445627848307291,3,0.0146450682162065,0.7659880320231119,59.96002664890073
shruti_filming_1_flipped.mp4,2123,0,3,0.0147252050523623,0.7661158879597981,0.0456683406123408,3,0.0147252050523623,0.7661158879597981,59.96002664890073
shruti_filming_1_flipped.mp4,2124,0,3,0.0147736164919074,0.7664431889851888,0.0473505655924479,3,0.0147736164919074,0.7664431889851888,59.96002664890073
shruti_filming_1_flipped.mp4,2125,0,3,0.014946043660834,0.7666809717814128,0.0502551326045283,3,0.014946043660834,0.7666809717814128,59.96002664890073
shruti_filming_1_flipped.mp4,2126,0,3,0.0150702818537764,0.7670068740844727,0.0522848906340422,3,0.0150702818537764,0.7670068740844727,59.96002664890073
shruti_filming_1_flipped.mp4,2127,0,3,0.0152385056686834,0.7672264099121093,0.0535552695945457,3,0.0152385056686834,0.7672264099121093,59.96002664890073
shruti_filming_1_flipped.mp4,2128,0,4,0.0151575519000471,0.767336082458496,0.0555433202672887,3,0.0151575519000471,0.767336082458496,59.96002664890073
shruti_filming_1_flipped.mp4,2129,0,4,0.015386242076056,0.7675169626871745,0.0558492872450086,3,0.015386242076056,0.7675169626871745,59.96002664890073
shruti_filming_1_flipped.mp4,2130,0,5,0.0154639431673395,0.7677875518798828,0.0593829402217158,4,0.0154639431673395,0.7677875518798828,59.96002664890073
shruti_filming_1_flipped.mp4,2131,0,4,0.0157731932469027,0.7683500289916992,0.0630506162290219,4,0.0157731932469027,0.7683500289916992,59.96002664890073
shruti_filming_1_flipped.mp4,2132,0,4,0.0158818257874938,0.7683149337768554,0.064833747016059,4,0.0158818257874938,0.7683149337768554,59.96002664890073
shruti_filming_1_flipped.mp4,2133,0,4,0.0160924883924976,0.7686914443969727,0.0682087085865162,4,0.0160924883924976,0.7686914443969727,59.96002664890073
shruti_filming_1_flipped.mp4,2134,0,4,0.0161126333495485,0.7685203552246094,0.0712397257486979,4,0.0161126333495485,0.7685203552246094,59.96002664890073
shruti_filming_1_flipped.mp4,2135,0,4,0.016128704516202,0.7687126795450846,0.0763014899359809,4,0.016128704516202,0.7687126795450846,59.96002664890073
shruti_filming_1_flipped.mp4,2136,0,4,0.0161922921421689,0.7690642674763998,0.0788328100133825,4,0.0161922921421689,0.7690642674763998,59.96002664890073
shruti_filming_1_flipped.mp4,2137,0,4,0.0164028062068632,0.7693638483683268,0.0828334949634693,4,0.0164028062068632,0.7693638483683268,59.96002664890073
shruti_filming_1_flipped.mp4,2138,0,4,0.0165668562928719,0.7698663711547852,0.0849981519911024,4,0.0165668562928719,0.7698663711547852,59.96002664890073
shruti_filming_1_flipped.mp4,2139,0,4,0.0165526691750144,0.7707735697428385,0.0877358330620659,4,0.0165526691750144,0.7707735697428385,59.96002664890073
shruti_filming_1_flipped.mp4,2140,0,4,0.0169313649584202,0.7702173868815104,0.0908043755425347,4,0.0169313649584202,0.7702173868815104,59.96002664890073
shruti_filming_1_flipped.mp4,2141,0,3,0.0172789291888734,0.771122932434082,0.0927439371744791,3,0.0172789291888734,0.771122932434082,59.96002664890073
shruti_filming_1_flipped.mp4,2142,0,4,0.0172774353915722,0.772113291422526,0.092971858271846,4,0.0172774353915722,0.772113291422526,59.96002664890073
shruti_filming_1_flipped.mp4,2143,0,4,0.0175062040948556,0.7727590560913086,0.0943924515335648,4,0.0175062040948556,0.7727590560913086,59.96002664890073
shruti_filming_1_flipped.mp4,2144,0,4,0.0176631812882583,0.7734011332194011,0.0961375483760127,4,0.0176631812882583,0.7734011332194011,59.96002664890073
shruti_filming_1_flipped.mp4,2145,0,3,0.017792546147819,0.7737106959025065,0.0984408625849971,3,0.017792546147819,0.7737106959025065,59.96002664890073
shruti_filming_1_flipped.mp4,2146,0,3,0.0178814103783853,0.7740029017130534,0.1003534670229311,3,0.0178814103783853,0.7740029017130534,59.96002664890073
shruti_filming_1_flipped.mp4,2147,0,3,0.0180891842707448,0.7744885126749674,0.103629896375868,3,0.0180891842707448,0.7744885126749674,59.96002664890073
shruti_filming_1_flipped.mp4,2148,0,3,0.0180468810314778,0.7748611450195313,0.1063432481553819,3,0.0180468810314778,0.7748611450195313,59.96002664890073
shruti_filming_1_flipped.mp4,2149,0,3,0.0182320097139314,0.77589537302653,0.1080562167697482,3,0.0182320097139314,0.77589537302653,59.96002664890073
shruti_filming_1_flipped.mp4,2150,0,3,0.0183488191901738,0.7766229629516601,0.1108302646213107,3,0.0183488191901738,0.7766229629516601,59.96002664890073
shruti_filming_1_flipped.mp4,2151,0,4,0.0185055596890419,0.7770244598388671,0.1129977756076388,4,0.0185055596890419,0.7770244598388671,59.96002664890073
shruti_filming_1_flipped.mp4,2152,0,4,0.018810466801919,0.7779892603556315,0.1156319229691116,4,0.018810466801919,0.7779892603556315,59.96002664890073
shruti_filming_1_flipped.mp4,2153,0,3,0.0190008265380607,0.7790052413940429,0.1172573796025028,3,0.0190008265380607,0.7790052413940429,59.96002664890073
shruti_filming_1_flipped.mp4,2154,0,3,0.0194099544889629,0.7801304499308268,0.1175309640389901,3,0.0194099544889629,0.7801304499308268,59.96002664890073
shruti_filming_1_flipped.mp4,2155,0,3,0.0196170209534897,0.7806994120279948,0.1191831518102575,3,0.0196170209534897,0.7806994120279948,59.96002664890073
shruti_filming_1_flipped.mp4,2156,0,3,0.0197692327205246,0.7809862772623698,0.1197230021158854,3,0.0197692327205246,0.7809862772623698,59.96002664890073
shruti_filming_1_flipped.mp4,2157,0,3,0.0197516370846916,0.7813901901245117,0.1214458606861255,3,0.0197516370846916,0.7813901901245117,59.96002664890073
shruti_filming_1_flipped.mp4,2158,0,3,0.0201354013960937,0.7821173350016276,0.1250731291594328,3,0.0201354013960937,0.7821173350016276,59.96002664890073
shruti_filming_1_flipped.mp4,2159,0,3,0.0204733434437205,0.783405876159668,0.1280519273546007,3,0.0204733434437205,0.783405876159668,59.96002664890073
shruti_filming_1_flipped.mp4,2160,0,3,0.0205319984279516,0.7836126963297526,0.1306950604474103,3,0.0205319984279516,0.7836126963297526,59.96002664890073
shruti_filming_1_flipped.mp4,2161,0,4,0.0206945937122024,0.7840449015299479,0.1322189048484519,4,0.0206945937122024,0.7840449015299479,59.96002664890073
shruti_filming_1_flipped.mp4,2162,0,3,0.0207735302021768,0.7839418411254883,0.1327290570294415,3,0.0207735302021768,0.7839418411254883,59.96002664890073
shruti_filming_1_flipped.mp4,2163,0,4,0.0207473139283064,0.7838211059570312,0.1334146852846499,4,0.0207473139283064,0.7838211059570312,59.96002664890073
shruti_filming_1_flipped.mp4,2164,0,3,0.0207011470041003,0.7840936024983723,0.1340346159758391,3,0.0207011470041003,0.7840936024983723,59.96002664890073
shruti_filming_1_flipped.mp4,2165,0,3,0.0209965744515109,0.7848732630411784,0.1329481054235387,3,0.0209965744515109,0.7848732630411784,59.96002664890073
shruti_filming_1_flipped.mp4,2166,0,3,0.0210791772521366,0.7852872848510742,0.133845943874783,3,0.0210791772521366,0.7852872848510742,59.96002664890073
shruti_filming_1_flipped.mp4,2167,0,3,0.0212519099624819,0.7855029424031575,0.1350761978714554,3,0.0212519099624819,0.7855029424031575,59.96002664890073
shruti_filming_1_flipped.mp4,2168,0,4,0.0214009345540155,0.7858827590942383,0.1355326334635416,4,0.0214009345540155,0.7858827590942383,59.96002664890073
shruti_filming_1_flipped.mp4,2169,0,4,0.0217137459046487,0.7864900588989258,0.1344490898980034,4,0.0217137459046487,0.7864900588989258,59.96002664890073
shruti_filming_1_flipped.mp4,2170,0,5,0.0218682013583451,0.7877958297729493,0.1350780910915798,5,0.0218682013583451,0.7877958297729493,59.96002664890073
shruti_filming_1_flipped.mp4,2171,0,5,0.0224095754275374,0.78967711130778,0.1345525670934606,5,0.0224095754275374,0.78967711130778,59.96002664890073
shruti_filming_1_flipped.mp4,2172,0,4,0.0230657844446304,0.7906549453735352,0.1328985426161024,4,0.0230657844446304,0.7906549453735352,59.96002664890073
shruti_filming_1_flipped.mp4,2173,0,7,0.0229613132920349,0.7916535059611003,0.1342332628038194,5,0.0229613132920349,0.7916535059611003,59.96002664890073
shruti_filming_1_flipped.mp4,2174,0,6,0.0235332684605425,0.79319642384847,0.1300937228732639,4,0.0235332684605425,0.79319642384847,59.96002664890073
shruti_filming_1_flipped.mp4,2175,0,5,0.02334802113357,0.7942118326822917,0.1319473266601562,4,0.02334802113357,0.7942118326822917,59.96002664890073
shruti_filming_1_flipped.mp4,2176,0,6,0.0236203225801647,0.795748519897461,0.1281446668836805,6,0.0236203225801647,0.795748519897461,59.96002664890073
shruti_filming_1_flipped.mp4,2177,0,6,0.0237428905423978,0.7965549468994141,0.1274149294252748,6,0.0237428905423978,0.7965549468994141,59.96002664890073
shruti_filming_1_flipped.mp4,2178,0,6,0.0237262732358983,0.7972790400187174,0.1268054255732783,6,0.0237262732358983,0.7972790400187174,59.96002664890073
shruti_filming_1_flipped.mp4,2179,0,4,0.0238349724806849,0.7978615442911784,0.1262693334508825,4,0.0238349724806849,0.7978615442911784,59.96002664890073
shruti_filming_1_flipped.mp4,2180,0,5,0.0239828496026004,0.7985719680786133,0.1260968243634259,5,0.0239828496026004,0.7985719680786133,59.96002664890073
shruti_filming_1_flipped.mp4,2181,0,4,0.0241739440385653,0.7994335174560547,0.1254233183684172,4,0.0241739440385653,0.7994335174560547,59.96002664890073
shruti_filming_1_flipped.mp4,2182,0,5,0.0241510985039906,0.8000741958618164,0.1236589784975405,4,0.0241510985039906,0.8000741958618164,59.96002664890073
shruti_filming_1_flipped.mp4,2183,0,5,0.0247719107669804,0.8006868362426758,0.1216870343243634,5,0.0247719107669804,0.8006868362426758,59.96002664890073
shruti_filming_1_flipped.mp4,2184,0,4,0.0249215344465725,0.8010552088419597,0.1206376817491319,4,0.0249215344465725,0.8010552088419597,59.96002664890073
shruti_filming_1_flipped.mp4,2185,0,4,0.0252008017624514,0.8021483103434245,0.1184798346625434,4,0.0252008017624514,0.8021483103434245,59.96002664890073
shruti_filming_1_flipped.mp4,2186,0,4,0.0255486728472169,0.8027256647745769,0.119338141547309,4,0.0255486728472169,0.8027256647745769,59.96002664890073
shruti_filming_1_flipped.mp4,2187,0,4,0.0257764349764006,0.803654670715332,0.1206575181749132,4,0.0257764349764006,0.803654670715332,59.96002664890073
shruti_filming_1_flipped.mp4,2188,0,4,0.0260366920731246,0.8048145294189453,0.1220725730613425,4,0.0260366920731246,0.8048145294189453,59.96002664890073
shruti_filming_1_flipped.mp4,2189,0,4,0.0260800957701738,0.8057474772135417,0.1236436631944444,4,0.0260800957701738,0.8057474772135417,59.96002664890073
shruti_filming_1_flipped.mp4,2190,0,4,0.0265679007753108,0.8069305419921875,0.1261305067274305,4,0.0265679007753108,0.8069305419921875,59.96002664890073
shruti_filming_1_flipped.mp4,2191,0,4,0.0272793408312416,0.8078954696655274,0.1298211556893808,4,0.0272793408312416,0.8078954696655274,59.96002664890073
shruti_filming_1_flipped.mp4,2192,0,4,0.027585911001041,0.8085615793863933,0.1327761897334346,4,0.027585911001041,0.8085615793863933,59.96002664890073
shruti_filming_1_flipped.mp4,2193,0,4,0.028063485425567,0.8087652842203776,0.1359736124674479,4,0.028063485425567,0.8087652842203776,59.96002664890073
shruti_filming_1_flipped.mp4,2194,0,5,0.028247149766302,0.8089840571085612,0.1371401186342592,4,0.028247149766302,0.8089840571085612,59.96002664890073
shruti_filming_1_flipped.mp4,2195,0,5,0.0285487914169412,0.8097757975260417,0.1415520279495804,4,0.0285487914169412,0.8097757975260417,59.96002664890073
shruti_filming_1_flipped.mp4,2196,0,5,0.0291601746140283,0.8108259201049804,0.1448966697410301,4,0.0291601746140283,0.8108259201049804,59.96002664890073
shruti_filming_1_flipped.mp4,2197,0,4,0.0299775899551739,0.8119350433349609,0.149011739095052,3,0.0299775899551739,0.8119350433349609,59.96002664890073
shruti_filming_1_flipped.mp4,2198,0,4,0.0303758611272011,0.8124956130981446,0.1537183973524305,3,0.0303758611272011,0.8124956130981446,59.96002664890073
shruti_filming_1_flipped.mp4,2199,0,4,0.0308821682027364,0.8126141230265299,0.1611368532533998,3,0.0308821682027364,0.8126141230265299,59.96002664890073
shruti_filming_1_flipped.mp4,2200,0,4,0.0314963129626024,0.813067881266276,0.1680817498101128,3,0.0314963129626024,0.813067881266276,59.96002664890073
shruti_filming_1_flipped.mp4,2201,0,5,0.0318459037078341,0.8133501688639323,0.1756159181948061,3,0.0318459037078341,0.8133501688639323,59.96002664890073
shruti_filming_1_flipped.mp4,2202,0,5,0.0321681657361073,0.81418883005778,0.1837059868706597,3,0.0321681657361073,0.81418883005778,59.96002664890073
shruti_filming_1_flipped.mp4,2203,0,5,0.0326148756029498,0.8144768397013347,0.1916276719835069,3,0.0326148756029498,0.8144768397013347,59.96002664890073
shruti_filming_1_flipped.mp4,2204,0,2,0.0332487914089708,0.8145763397216796,0.1980994330512152,2,0.0332487914089708,0.8145763397216796,59.96002664890073
shruti_filming_1_flipped.mp4,2205,0,5,0.0333344756563791,0.8138641357421875,0.2046731454354745,3,0.0333344756563791,0.8138641357421875,59.96002664890073
shruti_filming_1_flipped.mp4,2206,0,5,0.0332468376448863,0.8144550959269206,0.2120028177897135,4,0.0332468376448863,0.8144550959269206,59.96002664890073
shruti_filming_1_flipped.mp4,2207,0,6,0.0339899090009297,0.815062141418457,0.2191839430067274,4,0.0339899090009297,0.815062141418457,59.96002664890073
shruti_filming_1_flipped.mp4,2208,0,5,0.0340754745526808,0.8152765909830729,0.2264522693775318,4,0.0340754745526808,0.8152765909830729,59.96002664890073
shruti_filming_1_flipped.mp4,2209,0,6,0.035059571071987,0.8153966903686524,0.2360994127061632,5,0.035059571071987,0.8153966903686524,59.96002664890073
shruti_filming_1_flipped.mp4,2210,0,5,0.035306259940729,0.8161898295084635,0.2434809084291811,4,0.035306259940729,0.8161898295084635,59.96002664890073
shruti_filming_1_flipped.mp4,2211,0,3,0.0362748965663788,0.8175605773925781,0.2515780413592303,3,0.0362748965663788,0.8175605773925781,59.96002664890073
shruti_filming_1_flipped.mp4,2212,0,4,0.0372365896693534,0.8175949096679688,0.2562209517867477,3,0.0372365896693534,0.8175949096679688,59.96002664890073
shruti_filming_1_flipped.mp4,2213,0,4,0.037936969321109,0.8184806823730468,0.2682292796947338,3,0.037936969321109,0.8184806823730468,59.96002664890073
shruti_filming_1_flipped.mp4,2214,0,4,0.0377966921620989,0.8185356775919597,0.27670248526114,4,0.0377966921620989,0.8185356775919597,59.96002664890073
shruti_filming_1_flipped.mp4,2215,0,3,0.0378376697495696,0.8174821853637695,0.2814354225441262,3,0.0378376697495696,0.8174821853637695,59.96002664890073
shruti_filming_1_flipped.mp4,2216,0,5,0.0388194965522982,0.8187309265136719,0.2875411987304687,4,0.0388194965522982,0.8187309265136719,59.96002664890073
shruti_filming_1_flipped.mp4,2217,0,5,0.0392669949391037,0.8191977183024088,0.2934711032443576,4,0.0392669949391037,0.8191977183024088,59.96002664890073
shruti_filming_1_flipped.mp4,2218,0,5,0.0403613363904878,0.8199739456176758,0.3014455159505208,3,0.0403613363904878,0.8199739456176758,59.96002664890073
shruti_filming_1_flipped.mp4,2219,0,6,0.0413035064690565,0.8210580825805665,0.3098845870406539,4,0.0413035064690565,0.8210580825805665,59.96002664890073
shruti_filming_1_flipped.mp4,2220,1,5,0.0414264284276093,0.821707026163737,0.3181543986002604,4,0.0414264284276093,0.821707026163737,59.96002664890073
shruti_filming_1_flipped.mp4,2221,1,4,0.0429787566859482,0.8231182098388672,0.3243144847728588,3,0.0429787566859482,0.8231182098388672,59.96002664890073
shruti_filming_1_flipped.mp4,2222,1,6,0.051671645609248,0.9975855509440104,0.8465488009982639,5,0.0430089544943378,0.8233507156372071,59.96002664890073
shruti_filming_1_flipped.mp4,2223,1,7,0.0638716633402509,0.9990696589152018,0.8256197894061054,5,0.0432193541586942,0.8251222610473633,59.96002664890073
shruti_filming_1_flipped.mp4,2224,1,5,0.0733602009869193,0.9990104675292968,0.8075132581922743,4,0.042501406015553,0.8249758402506511,59.96002664890073
shruti_filming_1_flipped.mp4,2225,1,6,0.08070176196235,0.9990739822387696,0.7874339350947628,5,0.0414071570975162,0.8258047103881836,59.96002664890073
shruti_filming_1_flipped.mp4,2226,1,5,0.0888009993138473,0.999240493774414,0.7697940402560763,4,0.0397226342474459,0.8261372248331705,59.96002664890073
shruti_filming_1_flipped.mp4,2227,1,6,0.0949301949585788,0.9993111292521158,0.7541087962962963,5,0.0393153240338843,0.8266577402750651,59.96002664890073
shruti_filming_1_flipped.mp4,2228,1,5,0.0981560852499333,0.9993740081787108,0.746391918041088,4,0.0376113230129703,0.8256109873453776,59.96002664890073
shruti_filming_1_flipped.mp4,2229,1,6,0.104670595885664,0.9993609110514324,0.7304849695276331,5,0.034982766070429,0.8244040171305339,59.96002664890073
shruti_filming_1_flipped.mp4,2230,1,7,0.1110574155027279,0.9994880676269532,0.7149137143735532,6,0.0329439755101015,0.8244243621826172,59.96002664890073
shruti_filming_1_flipped.mp4,2231,1,7,0.1157048884779214,0.9995986938476562,0.7024607340494792,6,0.0314043597695719,0.8246389389038086,59.96002664890073
shruti_filming_1_flipped.mp4,2232,1,5,0.1203869093938394,0.9996774673461916,0.6882493195710359,4,0.0291514052414762,0.8232112884521484,59.96002664890073
shruti_filming_1_flipped.mp4,2233,1,5,0.1272535558388982,0.999693743387858,0.6720768681278935,4,0.0279456892807502,0.8227439880371094,59.96002664890073
shruti_filming_1_flipped.mp4,2234,1,5,0.1322225177745309,0.9992036819458008,0.6593712700737847,4,0.0238999489678988,0.8200558344523112,59.96002664890073
shruti_filming_1_flipped.mp4,2235,1,5,0.1384417847660154,0.9993518829345704,0.6431612933123553,4,0.0195878974144795,0.8074485778808593,59.96002664890073
shruti_filming_1_flipped.mp4,2236,1,5,0.1409723816107725,0.999338150024414,0.6373115822120949,4,0.01812502646421,0.8058137893676758,59.96002664890073
shruti_filming_1_flipped.mp4,2237,1,5,0.1440633291254441,0.9992647171020508,0.6293436686197916,4,0.0161114460369895,0.8056612650553385,59.96002664890073
shruti_filming_1_flipped.mp4,2238,1,5,0.1475977140858217,0.9992624282836914,0.6189688223379629,4,0.0143272184627454,0.8039182662963867,59.96002664890073
shruti_filming_1_flipped.mp4,2239,1,5,0.1508995091864684,0.9992113749186198,0.6093700832790798,4,0.0132219081642364,0.8041706720987956,59.96002664890073
shruti_filming_1_flipped.mp4,2240,1,4,0.1544132778187207,0.9992244720458984,0.5990623191550926,4,0.1544132778187207,0.9992244720458984,59.96002664890073
shruti_filming_1_flipped.mp4,2241,1,5,0.1588745052373269,0.9991811752319336,0.5878525910554109,5,0.1588745052373269,0.9991811752319336,59.96002664890073
shruti_filming_1_flipped.mp4,2242,1,6,0.1649763369626857,0.9992021560668946,0.5716350414134838,6,0.1649763369626857,0.9992021560668946,59.96002664890073
shruti_filming_1_flipped.mp4,2243,1,5,0.1715020441699825,0.9990376154581706,0.5545638472945602,5,0.1715020441699825,0.9990376154581706,59.96002664890073
shruti_filming_1_flipped.mp4,2244,1,4,0.169310832672733,0.9992481231689452,0.5584338717990451,4,0.169310832672733,0.9992481231689452,59.96002664890073
shruti_filming_1_flipped.mp4,2245,1,4,0.1683795944242134,0.9991415023803712,0.556365966796875,4,0.1683795944242134,0.9991415023803712,59.96002664890073
shruti_filming_1_flipped.mp4,2246,1,4,0.1698531134830166,0.9991113662719726,0.5525352195457176,4,0.1698531134830166,0.9991113662719726,59.96002664890073
shruti_filming_1_flipped.mp4,2247,1,4,0.1729440872138581,0.9991674423217772,0.5435016773365162,4,0.1729440872138581,0.9991674423217772,59.96002664890073
shruti_filming_1_flipped.mp4,2248,1,4,0.1746953041769059,0.999108378092448,0.5356543081778067,4,0.1746953041769059,0.999108378092448,59.96002664890073
shruti_filming_1_flipped.mp4,2249,1,5,0.176679520814645,0.9990687052408854,0.5299637405960648,5,0.176679520814645,0.9990687052408854,59.96002664890073
shruti_filming_1_flipped.mp4,2250,1,4,0.1797788544374778,0.9992670059204102,0.5225331059208622,4,0.1797788544374778,0.9992670059204102,59.96002664890073
shruti_filming_1_flipped.mp4,2251,1,4,0.1789244229696729,0.9992280960083008,0.5204250194408275,4,0.1789244229696729,0.9992280960083008,59.96002664890073
shruti_filming_1_flipped.mp4,2252,1,5,0.1820643302798271,0.9993621826171876,0.5131639268663194,5,0.1820643302798271,0.9993621826171876,59.96002664890073
shruti_filming_1_flipped.mp4,2253,1,5,0.1834984077634376,0.9994171142578124,0.5068321510597512,5,0.1834984077634376,0.9994171142578124,59.96002664890073
shruti_filming_1_flipped.mp4,2254,1,5,0.1842469934229652,0.999026870727539,0.5006239149305556,5,0.1842469934229652,0.999026870727539,59.96002664890073
shruti_filming_1_flipped.mp4,2255,1,5,0.1863248364200505,0.9994546890258788,0.4932628490306713,5,0.1863248364200505,0.9994546890258788,59.96002664890073
shruti_filming_1_flipped.mp4,2256,1,5,0.1880042960740522,0.9994721094767252,0.4866453947844328,5,0.1880042960740522,0.9994721094767252,59.96002664890073
shruti_filming_1_flipped.mp4,2257,1,5,0.1881752891905812,0.9994531631469726,0.4838807847764756,5,0.1881752891905812,0.9994531631469726,59.96002664890073
shruti_filming_1_flipped.mp4,2258,1,5,0.1893099435413239,0.9991970698038736,0.478166820384838,5,0.1893099435413239,0.9991970698038736,59.96002664890073
shruti_filming_1_flipped.mp4,2259,1,5,0.1907686463544895,0.9995065689086914,0.4731548168041088,5,0.1907686463544895,0.9995065689086914,59.96002664890073
shruti_filming_1_flipped.mp4,2260,1,5,0.1917920030940634,0.9995904922485352,0.4690070258246527,5,0.1917920030940634,0.9995904922485352,59.96002664890073
shruti_filming_1_flipped.mp4,2261,1,5,0.1914541673366653,0.9995800654093424,0.4653022200972945,5,0.1914541673366653,0.9995800654093424,59.96002664890073
shruti_filming_1_flipped.mp4,2262,1,5,0.1932673349508147,0.999610710144043,0.4593842683015046,5,0.1932673349508147,0.999610710144043,59.96002664890073
shruti_filming_1_flipped.mp4,2263,1,6,0.1946773798732708,0.999614715576172,0.4525065104166667,6,0.1946773798732708,0.999614715576172,59.96002664890073
shruti_filming_1_flipped.mp4,2264,1,4,0.1954858159634103,0.999701754252116,0.4481199476453993,4,0.1954858159634103,0.999701754252116,59.96002664890073
shruti_filming_1_flipped.mp4,2265,1,4,0.1962644585027118,0.9997254053751627,0.4438631976092303,4,0.1962644585027118,0.9997254053751627,59.96002664890073
shruti_filming_1_flipped.mp4,2266,1,4,0.1976315335414256,0.999753252665202,0.4404569837782118,4,0.1976315335414256,0.999753252665202,59.96002664890073
shruti_filming_1_flipped.mp4,2267,1,4,0.1977375501778388,0.9996389389038086,0.4353610851146556,4,0.1977375501778388,0.9996389389038086,59.96002664890073
shruti_filming_1_flipped.mp4,2268,1,3,0.1984243017535104,0.9996339797973632,0.4316878707320601,3,0.1984243017535104,0.9996339797973632,59.96002664890073
shruti_filming_1_flipped.mp4,2269,1,3,0.1994364454680019,0.999024772644043,0.4290066189236111,3,0.1994364454680019,0.999024772644043,59.96002664890073
shruti_filming_1_flipped.mp4,2270,1,4,0.1998439950809309,0.999005126953125,0.4269031100802951,4,0.1998439950809309,0.999005126953125,59.96002664890073
shruti_filming_1_flipped.mp4,2271,1,4,0.2016868941931494,0.9992319107055664,0.4211638556586372,4,0.2016868941931494,0.9992319107055664,59.96002664890073
shruti_filming_1_flipped.mp4,2272,1,4,0.203311051276202,0.9993432998657228,0.4166494581434461,4,0.203311051276202,0.9993432998657228,59.96002664890073
shruti_filming_1_flipped.mp4,2273,1,4,0.205010456169839,0.9996135711669922,0.4113992761682581,4,0.205010456169839,0.9996135711669922,59.96002664890073
shruti_filming_1_flipped.mp4,2274,1,4,0.2060349618696556,0.9995339075724284,0.4075975206163194,4,0.2060349618696556,0.9995339075724284,59.96002664890073
shruti_filming_1_flipped.mp4,2275,1,4,0.2068282486422686,0.999640655517578,0.4024303860134549,4,0.2068282486422686,0.999640655517578,59.96002664890073
shruti_filming_1_flipped.mp4,2276,1,4,0.2069302031723836,0.9995981216430664,0.4012587088125723,4,0.2069302031723836,0.9995981216430664,59.96002664890073
shruti_filming_1_flipped.mp4,2277,1,4,0.2074022026829846,0.9995741526285808,0.3980587146900318,4,0.2074022026829846,0.9995741526285808,59.96002664890073
shruti_filming_1_flipped.mp4,2278,1,4,0.2081009993725779,0.999537722269694,0.393149651421441,4,0.2081009993725779,0.999537722269694,59.96002664890073
shruti_filming_1_flipped.mp4,2279,1,4,0.2086714941464662,0.9995370864868164,0.3900159765172887,4,0.2086714941464662,0.9995370864868164,59.96002664890073
shruti_filming_1_flipped.mp4,2280,1,5,0.2104577831915068,0.9996259689331056,0.3853285895453559,5,0.2104577831915068,0.9996259689331056,59.96002664890073
shruti_filming_1_flipped.mp4,2281,1,5,0.2112607690819358,0.999607531229655,0.3829760516131366,5,0.2112607690819358,0.999607531229655,59.96002664890073
shruti_filming_1_flipped.mp4,2282,1,4,0.2120070380522843,0.9995792388916016,0.3807487770363136,4,0.2120070380522843,0.9995792388916016,59.96002664890073
shruti_filming_1_flipped.mp4,2283,1,3,0.2125473461273779,0.9995604197184244,0.3788864983452691,3,0.2125473461273779,0.9995604197184244,59.96002664890073
shruti_filming_1_flipped.mp4,2284,1,3,0.2138220926684907,0.9996250152587892,0.3757355018898293,3,0.2138220926684907,0.9996250152587892,59.96002664890073
shruti_filming_1_flipped.mp4,2285,1,3,0.2144322833215658,0.9997470855712892,0.3733146950050636,3,0.2144322833215658,0.9997470855712892,59.96002664890073
shruti_filming_1_flipped.mp4,2286,1,3,0.2153326048708954,0.99979248046875,0.3704146491156684,3,0.2153326048708954,0.99979248046875,59.96002664890073
shruti_filming_1_flipped.mp4,2287,1,3,0.2156143856773161,0.999871063232422,0.3680072643138744,3,0.2156143856773161,0.999871063232422,59.96002664890073
shruti_filming_1_flipped.mp4,2288,1,3,0.2164858813371716,0.9998716354370116,0.3646884494357639,3,0.2164858813371716,0.9998716354370116,59.96002664890073
shruti_filming_1_flipped.mp4,2289,1,3,0.2174432056065146,0.9998947779337564,0.361167088261357,3,0.2174432056065146,0.9998947779337564,59.96002664890073
shruti_filming_1_flipped.mp4,2290,1,4,0.2190084292740114,0.9999195098876952,0.3565413581000434,3,0.2190084292740114,0.9999195098876952,59.96002664890073
shruti_filming_1_flipped.mp4,2291,1,4,0.2195157765778195,0.9999743143717448,0.3537609524197048,3,0.2195157765778195,0.9999743143717448,59.96002664890073
shruti_filming_1_flipped.mp4,2292,1,4,0.2189808317966526,0.9991247177124024,0.3526303609212239,3,0.2189808317966526,0.9991247177124024,59.96002664890073
shruti_filming_1_flipped.mp4,2293,1,4,0.2191825201299959,0.999011484781901,0.3501192728678385,3,0.2191825201299959,0.999011484781901,59.96002664890073
shruti_filming_1_flipped.mp4,2294,1,4,0.2195847053425516,0.9991304397583008,0.3490041097005208,3,0.2195847053425516,0.9991304397583008,59.96002664890073
shruti_filming_1_flipped.mp4,2295,1,4,0.2197972277001503,0.999301020304362,0.3453381008572048,3,0.2197972277001503,0.999301020304362,59.96002664890073
shruti_filming_1_flipped.mp4,2296,1,4,0.2209641501513154,0.9994270324707032,0.3432912473325376,3,0.2209641501513154,0.9994270324707032,59.96002664890073
shruti_filming_1_flipped.mp4,2297,1,4,0.22073881398576,0.9993530909220376,0.3415211995442708,3,0.22073881398576,0.9993530909220376,59.96002664890073
shruti_filming_1_flipped.mp4,2298,1,3,0.2211118968375161,0.999264907836914,0.3387253937897859,2,0.2211118968375161,0.999264907836914,59.96002664890073
shruti_filming_1_flipped.mp4,2299,1,3,0.2221398487358075,0.9990718841552736,0.335776858859592,2,0.2221398487358075,0.9990718841552736,59.96002664890073
shruti_filming_1_flipped.mp4,2300,1,3,0.2230024958029066,0.9987938563028972,0.3328143649631076,2,0.2230024958029066,0.9987938563028972,59.96002664890073
shruti_filming_1_flipped.mp4,2301,1,3,0.2242643916446832,0.9987152099609377,0.3292761060926649,2,0.2242643916446832,0.9987152099609377,59.96002664890073
shruti_filming_1_flipped.mp4,2302,1,3,0.224524380357614,0.9977455139160156,0.3273317690248842,2,0.224524380357614,0.9977455139160156,59.96002664890073
shruti_filming_1_flipped.mp4,2303,1,4,0.2212051098893776,0.9907798767089844,0.3240177860966435,3,0.2212051098893776,0.9907798767089844,59.96002664890073
shruti_filming_1_flipped.mp4,2304,1,3,0.2204664952909795,0.9870561599731446,0.322768063015408,2,0.2204664952909795,0.9870561599731446,59.96002664890073
shruti_filming_1_flipped.mp4,2305,1,3,0.219238126171549,0.9831981658935548,0.3176551818847656,2,0.219238126171549,0.9831981658935548,59.96002664890073
shruti_filming_1_flipped.mp4,2306,1,4,0.2213922564216773,0.984157371520996,0.3138809204101562,3,0.2213922564216773,0.984157371520996,59.96002664890073
shruti_filming_1_flipped.mp4,2307,1,3,0.2101463211031579,0.9682605743408204,0.3128480699327257,2,0.2101463211031579,0.9682605743408204,59.96002664890073
shruti_filming_1_flipped.mp4,2308,1,3,0.2082093913012391,0.9633049011230468,0.3035717434353299,2,0.2082093913012391,0.9633049011230468,59.96002664890073
shruti_filming_1_flipped.mp4,2309,1,3,0.2037883719819203,0.955304209391276,0.3000432049786603,2,0.2037883719819203,0.955304209391276,59.96002664890073
shruti_filming_1_flipped.mp4,2310,1,4,0.2062192954915291,0.958643595377604,0.2954910278320312,2,0.2062192954915291,0.958643595377604,59.96002664890073
shruti_filming_1_flipped.mp4,2311,1,3,0.2011477525081459,0.9566986083984376,0.2743499190719039,2,0.2011477525081459,0.9566986083984376,59.96002664890073
shruti_filming_1_flipped.mp4,2312,1,3,0.194307575489058,0.9503652572631835,0.2564458211263021,1,0.194307575489058,0.9503652572631835,59.96002664890073
shruti_filming_1_flipped.mp4,2313,1,3,0.1848077117521704,0.942190170288086,0.2377437167697482,1,0.1848077117521704,0.942190170288086,59.96002664890073
shruti_filming_1_flipped.mp4,2314,1,3,0.1746724098823001,0.9314741770426432,0.2183118184407552,1,0.1746724098823001,0.9314741770426432,59.96002664890073
shruti_filming_1_flipped.mp4,2315,1,3,0.1737359988756684,0.9362516403198242,0.195792982313368,1,0.1737359988756684,0.9362516403198242,59.96002664890073
shruti_filming_1_flipped.mp4,2316,1,3,0.1706695286677697,0.9348661422729492,0.1795055813259548,1,0.1706695286677697,0.9348661422729492,59.96002664890073
shruti_filming_1_flipped.mp4,2317,1,3,0.1678099231507804,0.932595698038737,0.1670816209581163,1,0.1678099231507804,0.932595698038737,59.96002664890073
shruti_filming_1_flipped.mp4,2318,1,3,0.1610521302975798,0.9296291987101236,0.1411215040418836,1,0.1610521302975798,0.9296291987101236,59.96002664890073
shruti_filming_1_flipped.mp4,2319,1,4,0.1557848461405094,0.9254826227823894,0.1213594224717882,1,0.1557848461405094,0.9254826227823894,59.96002664890073
shruti_filming_1_flipped.mp4,2320,1,4,0.153007678960437,0.92296199798584,0.1100005820945457,1,0.153007678960437,0.92296199798584,59.96002664890073
shruti_filming_1_flipped.mp4,2321,1,3,0.1466219502264047,0.9201325098673504,0.0899658768265335,1,0.1466219502264047,0.9201325098673504,59.96002664890073
shruti_filming_1_flipped.mp4,2322,1,3,0.1424943916626216,0.9174175262451172,0.0711812054669415,1,0.1424943916626216,0.9174175262451172,59.96002664890073
shruti_filming_1_flipped.mp4,2323,1,4,0.138141659951444,0.915499496459961,0.0504214534053096,1,0.138141659951444,0.915499496459961,59.96002664890073
shruti_filming_1_flipped.mp4,2324,1,3,0.1359199851715109,0.915363311767578,0.0331354211877893,1,0.1359199851715109,0.915363311767578,59.96002664890073
shruti_filming_1_flipped.mp4,2325,1,4,0.1330067952801502,0.9123991012573244,0.0175691957826967,1,0.1330067952801502,0.9123991012573244,59.96002664890073
shruti_filming_1_flipped.mp4,2326,1,4,0.1285638593846984,0.911455535888672,0.0007837648744936,2,0.1285638593846984,0.911455535888672,59.96002664890073
shruti_filming_1_flipped.mp4,2327,1,4,0.124544176419839,0.9092123667399088,0.0158260769314236,2,0.124544176419839,0.9092123667399088,59.96002664890073
shruti_filming_1_flipped.mp4,2328,1,4,0.1221433523634914,0.9076172510782876,0.026430101747866,2,0.1221433523634914,0.9076172510782876,59.96002664890073
shruti_filming_1_flipped.mp4,2329,1,5,0.1165177258014995,0.9033865610758464,0.0414169170238353,3,0.1165177258014995,0.9033865610758464,59.96002664890073
shruti_filming_1_flipped.mp4,2330,1,5,0.1122738059974896,0.9018198013305664,0.0603643346715856,3,0.1122738059974896,0.9018198013305664,59.96002664890073
shruti_filming_1_flipped.mp4,2331,1,4,0.1177104632514615,0.9993542353312176,0.6547474613896123,2,0.1076919928152347,0.8973608016967773,59.96002664890073
shruti_filming_1_flipped.mp4,2332,1,6,0.122109050038691,0.9993688583374024,0.642874088993779,4,0.106401299149317,0.8967796325683594,59.96002664890073
shruti_filming_1_flipped.mp4,2333,1,5,0.1260395078542556,0.999583625793457,0.6319907859519676,3,0.1047186458216041,0.8980419158935546,59.96002664890073
shruti_filming_1_flipped.mp4,2334,1,5,0.1309733616176527,0.9997098922729492,0.6166916458695023,3,0.1036678374890605,0.898777453104655,59.96002664890073
shruti_filming_1_flipped.mp4,2335,1,5,0.1346965234699504,0.9995534896850586,0.6050483986183449,3,0.0991097270939599,0.8943470001220704,59.96002664890073
shruti_filming_1_flipped.mp4,2336,1,3,0.137325683600308,0.999544334411621,0.5974339803059896,3,0.137325683600308,0.999544334411621,59.96002664890073
shruti_filming_1_flipped.mp4,2337,1,4,0.1411117371182061,0.9996185302734376,0.5873182508680556,4,0.1411117371182061,0.9996185302734376,59.96002664890073
shruti_filming_1_flipped.mp4,2338,1,3,0.144172437108139,0.9995025634765624,0.5779041431568287,2,0.144172437108139,0.9995025634765624,59.96002664890073
shruti_filming_1_flipped.mp4,2339,1,3,0.1467656871330325,0.9995683670043946,0.5678657249168113,2,0.1467656871330325,0.9995683670043946,59.96002664890073
shruti_filming_1_flipped.mp4,2340,1,4,0.1489403107389807,0.9995471954345704,0.5615736219618056,3,0.1489403107389807,0.9995471954345704,59.96002664890073
shruti_filming_1_flipped.mp4,2341,1,5,0.150627945219727,0.9995914459228517,0.5564506813331886,4,0.150627945219727,0.9995914459228517,59.96002664890073
shruti_filming_1_flipped.mp4,2342,1,5,0.153624183996347,0.9996654510498046,0.5464161625614873,3,0.153624183996347,0.9996654510498046,59.96002664890073
shruti_filming_1_flipped.mp4,2343,1,4,0.1567551637627184,0.999544906616211,0.5388800726996528,3,0.1567551637627184,0.999544906616211,59.96002664890073
shruti_filming_1_flipped.mp4,2344,1,3,0.1580941259964472,0.9997002283732096,0.5333031548394097,2,0.1580941259964472,0.9997002283732096,59.96002664890073
shruti_filming_1_flipped.mp4,2345,1,4,0.1584647983062637,0.9997299194335938,0.5301637437608507,2,0.1584647983062637,0.9997299194335938,59.96002664890073
shruti_filming_1_flipped.mp4,2346,1,3,0.1595039250520575,0.9995825449625652,0.5246427182798032,2,0.1595039250520575,0.9995825449625652,59.96002664890073
shruti_filming_1_flipped.mp4,2347,1,3,0.1595830133399584,0.9994091033935548,0.5209039758752894,2,0.1595830133399584,0.9994091033935548,59.96002664890073
shruti_filming_1_flipped.mp4,2348,1,3,0.1599976527610043,0.9993816375732422,0.5155249136465567,2,0.1599976527610043,0.9993816375732422,59.96002664890073
shruti_filming_1_flipped.mp4,2349,1,3,0.1595094552289703,0.9994325637817384,0.5118031254521123,2,0.1595094552289703,0.9994325637817384,59.96002664890073
shruti_filming_1_flipped.mp4,2350,1,3,0.160571189080117,0.9994747797648112,0.5092962759512442,3,0.160571189080117,0.9994747797648112,59.96002664890073
shruti_filming_1_flipped.mp4,2351,1,3,0.1606816252026301,0.999482027689616,0.505073321307147,3,0.1606816252026301,0.999482027689616,59.96002664890073
shruti_filming_1_flipped.mp4,2352,1,3,0.1611306893314597,0.9995711008707684,0.5024217393663194,3,0.1611306893314597,0.9995711008707684,59.96002664890073
shruti_filming_1_flipped.mp4,2353,1,3,0.1621364384576143,0.999553362528483,0.4985505280671296,3,0.1621364384576143,0.999553362528483,59.96002664890073
shruti_filming_1_flipped.mp4,2354,1,2,0.1632927777659885,0.999604098002116,0.4943232218424479,2,0.1632927777659885,0.999604098002116,59.96002664890073
shruti_filming_1_flipped.mp4,2355,1,2,0.1631703759660013,0.9994739532470704,0.4916151258680555,2,0.1631703759660013,0.9994739532470704,59.96002664890073
shruti_filming_1_flipped.mp4,2356,1,2,0.1639477495175001,0.9996189753214518,0.4882262053313079,2,0.1639477495175001,0.9996189753214518,59.96002664890073
shruti_filming_1_flipped.mp4,2357,1,3,0.1646740910523416,0.999713897705078,0.4853580050998264,3,0.1646740910523416,0.999713897705078,59.96002664890073
shruti_filming_1_flipped.mp4,2358,1,2,0.1656553142106794,0.9995726267496744,0.4821181120695891,2,0.1656553142106794,0.9995726267496744,59.96002664890073
shruti_filming_1_flipped.mp4,2359,1,2,0.1658890345826835,0.9995275497436524,0.4793622617368345,2,0.1658890345826835,0.9995275497436524,59.96002664890073
shruti_filming_1_flipped.mp4,2360,1,2,0.1667204393374009,0.9995794296264648,0.4758718985098379,2,0.1667204393374009,0.9995794296264648,59.96002664890073
shruti_filming_1_flipped.mp4,2361,1,3,0.1678525125456508,0.9996376037597656,0.4716793484157986,3,0.1678525125456508,0.9996376037597656,59.96002664890073
shruti_filming_1_flipped.mp4,2362,1,3,0.1686174079808579,0.9995864868164064,0.4670084635416666,3,0.1686174079808579,0.9995864868164064,59.96002664890073
shruti_filming_1_flipped.mp4,2363,1,3,0.168642445892853,0.9995561599731444,0.4650710494429977,3,0.168642445892853,0.9995561599731444,59.96002664890073
shruti_filming_1_flipped.mp4,2364,1,3,0.1687661594713507,0.9996829986572264,0.4626954820421007,3,0.1687661594713507,0.9996829986572264,59.96002664890073
shruti_filming_1_flipped.mp4,2365,1,3,0.1684910879911816,0.9993651072184244,0.4605687459309895,3,0.1684910879911816,0.9993651072184244,59.96002664890073
shruti_filming_1_flipped.mp4,2366,1,3,0.169830793899665,0.9996587753295898,0.4553513703522859,3,0.169830793899665,0.9996587753295898,59.96002664890073
shruti_filming_1_flipped.mp4,2367,1,2,0.1702302619172001,0.9994301478068034,0.4510265774197048,2,0.1702302619172001,0.9994301478068034,59.96002664890073
shruti_filming_1_flipped.mp4,2368,1,2,0.1714481460162291,0.9993998209635416,0.447555739791305,2,0.1714481460162291,0.9993998209635416,59.96002664890073
shruti_filming_1_flipped.mp4,2369,1,3,0.1730160399043234,0.9994720458984376,0.4426872253417969,3,0.1730160399043234,0.9994720458984376,59.96002664890073
shruti_filming_1_flipped.mp4,2370,1,3,0.1730961526073386,0.9994364420572917,0.440401373969184,3,0.1730961526073386,0.9994364420572917,59.96002664890073
shruti_filming_1_flipped.mp4,2371,1,4,0.174032917706354,0.9993761698404948,0.4368433634440104,4,0.174032917706354,0.9993761698404948,59.96002664890073
shruti_filming_1_flipped.mp4,2372,1,3,0.1755661474962026,0.999404525756836,0.4320326911078559,3,0.1755661474962026,0.999404525756836,59.96002664890073
shruti_filming_1_flipped.mp4,2373,1,3,0.1765568417143314,0.9993959426879884,0.4275699474193432,3,0.1765568417143314,0.9993959426879884,59.96002664890073
shruti_filming_1_flipped.mp4,2374,1,3,0.178802511964723,0.9994016647338868,0.4209115770128038,3,0.178802511964723,0.9994016647338868,59.96002664890073
shruti_filming_1_flipped.mp4,2375,1,3,0.179546374429871,0.9994462966918946,0.417572021484375,3,0.179546374429871,0.9994462966918946,59.96002664890073
shruti_filming_1_flipped.mp4,2376,1,3,0.1804828824469586,0.9994369506835936,0.4154143439398871,3,0.1804828824469586,0.9994369506835936,59.96002664890073
shruti_filming_1_flipped.mp4,2377,1,3,0.1814540707608569,0.9994230270385742,0.4122956452546296,3,0.1814540707608569,0.9994230270385742,59.96002664890073
shruti_filming_1_flipped.mp4,2378,1,3,0.1824635733452548,0.999416160583496,0.4087000528971354,3,0.1824635733452548,0.999416160583496,59.96002664890073
shruti_filming_1_flipped.mp4,2379,1,3,0.1848154050239827,0.9993940353393554,0.4010971069335937,3,0.1848154050239827,0.9993940353393554,59.96002664890073
shruti_filming_1_flipped.mp4,2380,1,4,0.1863590253072174,0.9994047164916992,0.3972410413953993,4,0.1863590253072174,0.9994047164916992,59.96002664890073
shruti_filming_1_flipped.mp4,2381,1,4,0.1871930131317209,0.999399185180664,0.3931614345974392,4,0.1871930131317209,0.999399185180664,59.96002664890073
shruti_filming_1_flipped.mp4,2382,1,3,0.1888517855145403,0.9993757883707682,0.3895432648835358,3,0.1888517855145403,0.9993757883707682,59.96002664890073
shruti_filming_1_flipped.mp4,2383,1,4,0.1899715390061006,0.9993597030639648,0.3851310164840133,4,0.1899715390061006,0.9993597030639648,59.96002664890073
shruti_filming_1_flipped.mp4,2384,1,3,0.1906487687297663,0.9993648529052734,0.3791604218659578,3,0.1906487687297663,0.9993648529052734,59.96002664890073
shruti_filming_1_flipped.mp4,2385,1,3,0.190681738573632,0.9995974222819012,0.3767326920120804,2,0.190681738573632,0.9995974222819012,59.96002664890073
shruti_filming_1_flipped.mp4,2386,1,3,0.1918988792925557,0.9994892120361328,0.3719003465440538,2,0.1918988792925557,0.9994892120361328,59.96002664890073
shruti_filming_1_flipped.mp4,2387,1,3,0.1929420129632732,0.9995274225870768,0.3682627360026042,2,0.1929420129632732,0.9995274225870768,59.96002664890073
shruti_filming_1_flipped.mp4,2388,1,3,0.1940251991658954,0.9994964599609376,0.3641452365451388,2,0.1940251991658954,0.9994964599609376,59.96002664890073
shruti_filming_1_flipped.mp4,2389,1,3,0.1945976460101923,0.9995628356933594,0.3597522311740451,2,0.1945976460101923,0.9995628356933594,59.96002664890073
shruti_filming_1_flipped.mp4,2390,1,3,0.1957098584766154,0.999543062845866,0.3555661801938657,2,0.1957098584766154,0.999543062845866,59.96002664890073
shruti_filming_1_flipped.mp4,2391,1,3,0.1954999854052558,0.9995369593302408,0.353315763120298,2,0.1954999854052558,0.9995369593302408,59.96002664890073
shruti_filming_1_flipped.mp4,2392,1,3,0.1946751002522446,0.9994287490844728,0.3399204112865306,2,0.1946751002522446,0.9994287490844728,59.96002664890073
shruti_filming_1_flipped.mp4,2393,1,3,0.1853117697480397,0.9994434356689452,0.3074291653103299,2,0.1853117697480397,0.9994434356689452,59.96002664890073
shruti_filming_1_flipped.mp4,2394,1,3,0.1805363616043339,0.9995363871256512,0.2867119400589554,2,0.1805363616043339,0.9995363871256512,59.96002664890073
shruti_filming_1_flipped.mp4,2395,1,3,0.1790666099039501,0.999628512064616,0.2741612752278646,2,0.1790666099039501,0.999628512064616,59.96002664890073
shruti_filming_1_flipped.mp4,2396,1,6,0.1723849923716948,0.9995180130004884,0.2477957548918547,3,0.1723849923716948,0.9995180130004884,59.96002664890073
shruti_filming_1_flipped.mp4,2397,1,5,0.1606014468998182,0.9993921279907226,0.2044036865234375,3,0.1606014468998182,0.9993921279907226,59.96002664890073
shruti_filming_1_flipped.mp4,2398,1,4,0.1550445238679552,0.999601173400879,0.1818271778247974,2,0.1550445238679552,0.999601173400879,59.96002664890073
shruti_filming_1_flipped.mp4,2399,1,5,0.1547224172692222,0.9996033350626627,0.1771431534378617,2,0.1547224172692222,0.9996033350626627,59.96002664890073
shruti_filming_1_flipped.mp4,2400,1,6,0.1463936069769261,0.9993988037109376,0.1440594991048177,3,0.1463936069769261,0.9993988037109376,59.96002664890073
shruti_filming_1_flipped.mp4,2401,1,4,0.1433702517262524,0.999391810099284,0.1290946960449218,3,0.1433702517262524,0.999391810099284,59.96002664890073
shruti_filming_1_flipped.mp4,2402,1,4,0.1372636117009851,0.9993820190429688,0.1017035590277777,4,0.1372636117009851,0.9994491577148438,59.96002664890073
shruti_filming_1_flipped.mp4,2403,1,4,0.1349752948344825,0.999134635925293,0.0899418866192853,4,0.1349752948344825,0.9994410196940104,59.96002664890073
shruti_filming_1_flipped.mp4,2404,1,5,0.1282012022090202,0.9978797912597656,0.061844974093967,4,0.1282012022090202,0.9994140625,59.96002664890073
shruti_filming_1_flipped.mp4,2405,1,5,0.1240160420693616,0.9943004608154296,0.0465635229040075,4,0.1240160420693616,0.9994077682495116,59.96002664890073
shruti_filming_1_flipped.mp4,2406,1,4,0.1226686173539039,0.9991365432739258,0.5427528663917824,4,0.1226686173539039,0.9991365432739258,59.96002664890073
shruti_filming_1_flipped.mp4,2407,1,3,0.1264970111881273,0.999689483642578,0.5322118688512731,3,0.1264970111881273,0.999689483642578,59.96002664890073
shruti_filming_1_flipped.mp4,2408,1,3,0.1284691406612896,0.9995402018229168,0.523805010760272,3,0.1284691406612896,0.9995402018229168,59.96002664890073
shruti_filming_1_flipped.mp4,2409,1,3,0.1319179665231301,0.9995508193969728,0.512350011754919,3,0.1319179665231301,0.9995508193969728,59.96002664890073
shruti_filming_1_flipped.mp4,2410,1,3,0.1354954575661449,0.9995098749796548,0.5015961823640046,3,0.1354954575661449,0.9995098749796548,59.96002664890073
shruti_filming_1_flipped.mp4,2411,1,3,0.1361835173944321,0.9995326995849608,0.4976664225260416,3,0.1361835173944321,0.9995326995849608,59.96002664890073
shruti_filming_1_flipped.mp4,2412,1,3,0.1370633054152131,0.999513053894043,0.4945421006944444,3,0.1370633054152131,0.999513053894043,59.96002664890073
shruti_filming_1_flipped.mp4,2413,1,4,0.1395339154955582,0.9995289484659832,0.4874137030707465,3,0.1395339154955582,0.9995289484659832,59.96002664890073
shruti_filming_1_flipped.mp4,2414,1,4,0.1418801342556253,0.9995169321695964,0.47984619140625,3,0.1418801342556253,0.9995169321695964,59.96002664890073
shruti_filming_1_flipped.mp4,2415,1,4,0.1436032889146008,0.999494171142578,0.4754708184136285,3,0.1436032889146008,0.999494171142578,59.96002664890073
shruti_filming_1_flipped.mp4,2416,1,4,0.1459001594249491,0.9995357513427734,0.467636814823857,3,0.1459001594249491,0.9995357513427734,59.96002664890073
shruti_filming_1_flipped.mp4,2417,1,4,0.1472605987831398,0.9995159149169922,0.4625743724681713,4,0.1472605987831398,0.9995159149169922,59.96002664890073
shruti_filming_1_flipped.mp4,2418,1,3,0.1491618289486117,0.9995314280192056,0.4572861282913773,3,0.1491618289486117,0.9995314280192056,59.96002664890073
shruti_filming_1_flipped.mp4,2419,1,3,0.1512465941824484,0.9994581858317058,0.4493726942274305,3,0.1512465941824484,0.9994581858317058,59.96002664890073
shruti_filming_1_flipped.mp4,2420,1,3,0.1525515521585152,0.9994335810343424,0.4457572089301215,3,0.1525515521585152,0.9994335810343424,59.96002664890073
shruti_filming_1_flipped.mp4,2421,1,3,0.1543223931913316,0.9994185129801432,0.4380745781792535,3,0.1543223931913316,0.9994185129801432,59.96002664890073
shruti_filming_1_flipped.mp4,2422,1,3,0.15659021470492,0.9993978500366212,0.4310782538519965,3,0.15659021470492,0.9993978500366212,59.96002664890073
shruti_filming_1_flipped.mp4,2423,1,3,0.1568518494505702,0.9994335810343424,0.4301758942780671,3,0.1568518494505702,0.9994335810343424,59.96002664890073
shruti_filming_1_flipped.mp4,2424,1,3,0.1581776892903036,0.9994621276855468,0.4243478845666956,3,0.1581776892903036,0.9994621276855468,59.96002664890073
shruti_filming_1_flipped.mp4,2425,1,4,0.1605124483211612,0.9993644714355469,0.4169487282081887,4,0.1605124483211612,0.9993644714355469,59.96002664890073
shruti_filming_1_flipped.mp4,2426,1,5,0.1611544361643771,0.9994579315185548,0.4147668626573351,5,0.1611544361643771,0.9994579315185548,59.96002664890073
shruti_filming_1_flipped.mp4,2427,1,5,0.162220486038261,0.9994218826293946,0.4113615247938368,5,0.162220486038261,0.9994218826293946,59.96002664890073
shruti_filming_1_flipped.mp4,2428,1,5,0.1630683170536671,0.9994134902954102,0.4085863184045862,5,0.1630683170536671,0.9994134902954102,59.96002664890073
shruti_filming_1_flipped.mp4,2429,1,5,0.1643512306416071,0.999426523844401,0.4046640466760706,5,0.1643512306416071,0.999426523844401,59.96002664890073
shruti_filming_1_flipped.mp4,2430,1,4,0.166426539941264,0.9994501113891602,0.3986534966362847,3,0.166426539941264,0.9994501113891602,59.96002664890073
shruti_filming_1_flipped.mp4,2431,1,3,0.1675141126999288,0.9994417826334636,0.3945643954806858,3,0.1675141126999288,0.9994417826334636,59.96002664890073
shruti_filming_1_flipped.mp4,2432,1,4,0.1680837861617005,0.9993980407714844,0.3929753903989438,3,0.1680837861617005,0.9993980407714844,59.96002664890073
shruti_filming_1_flipped.mp4,2433,1,4,0.1698158995219597,0.9994001388549804,0.3875405205620659,3,0.1698158995219597,0.9994001388549804,59.96002664890073
shruti_filming_1_flipped.mp4,2434,1,4,0.1707979685116798,0.9994064331054688,0.3845142788357205,3,0.1707979685116798,0.9994064331054688,59.96002664890073
shruti_filming_1_flipped.mp4,2435,1,5,0.171463901498646,0.999418067932129,0.3822962443033854,3,0.171463901498646,0.999418067932129,59.96002664890073
shruti_filming_1_flipped.mp4,2436,1,4,0.1733280581977063,0.9994361877441408,0.3761528297706886,3,0.1733280581977063,0.9994361877441408,59.96002664890073
shruti_filming_1_flipped.mp4,2437,1,4,0.1742195073063744,0.9994843165079752,0.3737628512912326,3,0.1742195073063744,0.9994843165079752,59.96002664890073
shruti_filming_1_flipped.mp4,2438,1,3,0.1751553324227117,0.9994787216186524,0.3710639105902777,3,0.1751553324227117,0.9994787216186524,59.96002664890073
shruti_filming_1_flipped.mp4,2439,1,3,0.1759649006469408,0.9994735717773438,0.3690505981445312,3,0.1759649006469408,0.9994735717773438,59.96002664890073
shruti_filming_1_flipped.mp4,2440,1,3,0.1770401871253852,0.9995271682739256,0.3661053975423177,3,0.1770401871253852,0.9995271682739256,59.96002664890073
shruti_filming_1_flipped.mp4,2441,1,4,0.1781225913369821,0.9994270960489908,0.3625458893952546,3,0.1781225913369821,0.9994270960489908,59.96002664890073
shruti_filming_1_flipped.mp4,2442,1,4,0.1797879526702713,0.9994384765625,0.3584454006618923,3,0.1797879526702713,0.9994384765625,59.96002664890073
shruti_filming_1_flipped.mp4,2443,1,4,0.1813298999309255,0.9993856430053712,0.3549101087782118,3,0.1813298999309255,0.9993856430053712,59.96002664890073
shruti_filming_1_flipped.mp4,2444,1,3,0.183288670827945,0.9994223276774088,0.3495279947916667,3,0.183288670827945,0.9994223276774088,59.96002664890073
shruti_filming_1_flipped.mp4,2445,1,3,0.1844278316149764,0.999444580078125,0.3477837456597222,3,0.1844278316149764,0.999444580078125,59.96002664890073
shruti_filming_1_flipped.mp4,2446,1,3,0.1850861664212425,0.9994417190551758,0.3468757629394531,3,0.1850861664212425,0.9994417190551758,59.96002664890073
shruti_filming_1_flipped.mp4,2447,1,3,0.1861413045381454,0.9994232177734376,0.3429507785373263,3,0.1861413045381454,0.9994232177734376,59.96002664890073
shruti_filming_1_flipped.mp4,2448,1,3,0.1872296885794235,0.9994333267211916,0.3399115668402778,3,0.1872296885794235,0.9994333267211916,59.96002664890073
shruti_filming_1_flipped.mp4,2449,1,4,0.1879214123629208,0.9994352340698244,0.3377143859863281,3,0.1879214123629208,0.9994352340698244,59.96002664890073
shruti_filming_1_flipped.mp4,2450,1,4,0.1900074851929093,0.9994330088297526,0.330550299750434,3,0.1900074851929093,0.9994330088297526,59.96002664890073
shruti_filming_1_flipped.mp4,2451,1,4,0.1908104155535693,0.9994471232096356,0.3289237976074218,3,0.1908104155535693,0.9994471232096356,59.96002664890073
shruti_filming_1_flipped.mp4,2452,1,4,0.1918916837971752,0.999453353881836,0.3257184911657262,3,0.1918916837971752,0.999453353881836,59.96002664890073
shruti_filming_1_flipped.mp4,2453,1,4,0.19352084659732,0.999452781677246,0.3196755303276909,3,0.19352084659732,0.999452781677246,59.96002664890073
shruti_filming_1_flipped.mp4,2454,1,5,0.1943783772852718,0.9994504928588868,0.3171157554343894,3,0.1943783772852718,0.9994504928588868,59.96002664890073
shruti_filming_1_flipped.mp4,2455,1,4,0.1959689330382389,0.9994484583536783,0.3130633036295573,3,0.1959689330382389,0.9994484583536783,59.96002664890073
shruti_filming_1_flipped.mp4,2456,1,4,0.1972149717124045,0.9994644165039064,0.3097993356210214,3,0.1972149717124045,0.9994644165039064,59.96002664890073
shruti_filming_1_flipped.mp4,2457,1,4,0.1981836343549366,0.999720255533854,0.3088356018066406,3,0.1981836343549366,0.999720255533854,59.96002664890073
shruti_filming_1_flipped.mp4,2458,1,4,0.1965183261106452,0.9996800104777018,0.2997599001283998,3,0.1965183261106452,0.9996800104777018,59.96002664890073
shruti_filming_1_flipped.mp4,2459,1,5,0.186512527507331,0.9994360605875652,0.254771903709129,3,0.186512527507331,0.9994360605875652,59.96002664890073
shruti_filming_1_flipped.mp4,2460,1,5,0.1767921897286641,0.9996356964111328,0.2202269377531828,3,0.1767921897286641,0.9996356964111328,59.96002664890073
shruti_filming_1_flipped.mp4,2461,1,5,0.1678174491836775,0.9995512008666992,0.1796946772822627,3,0.1678174491836775,0.9995512008666992,59.96002664890073
shruti_filming_1_flipped.mp4,2462,1,5,0.1609293580550002,0.9995948791503906,0.1478392989547164,3,0.1609293580550002,0.9995948791503906,59.96002664890073
shruti_filming_1_flipped.mp4,2463,1,5,0.154219607428294,0.9996063232421876,0.1200319643373842,3,0.154219607428294,0.9996063232421876,59.96002664890073
shruti_filming_1_flipped.mp4,2464,1,5,0.148734386218356,0.9995527903238932,0.0897461502640335,4,0.148734386218356,0.9995527903238932,59.96002664890073
shruti_filming_1_flipped.mp4,2465,1,4,0.1453334789432119,0.9996235529581706,0.0616345440899884,3,0.1453334789432119,0.9996235529581706,59.96002664890073
shruti_filming_1_flipped.mp4,2466,1,4,0.1390000894266187,0.9995975494384766,0.0291373076262297,3,0.1390000894266187,0.9995975494384766,59.96002664890073
shruti_filming_1_flipped.mp4,2467,1,4,0.1350124250600735,0.9997013092041016,0.0089667426215277,3,0.1350124250600735,0.9997013092041016,59.96002664890073
shruti_filming_1_flipped.mp4,2468,1,4,0.1299881815538457,0.9980461120605468,0.0080878363715277,3,0.1299881815538457,0.9980461120605468,59.96002664890073
shruti_filming_1_flipped.mp4,2469,1,4,0.1247108180161416,0.9983182907104492,0.0287994667335792,3,0.1247108180161416,0.9983182907104492,59.96002664890073
shruti_filming_1_flipped.mp4,2470,1,4,0.1319933754595587,0.999579620361328,0.6558210019712095,3,0.1215138971506773,0.9967628479003906,59.96002664890073
shruti_filming_1_flipped.mp4,2471,1,4,0.1370253060696996,0.9996437708536784,0.6446731567382813,3,0.1146043876116218,0.9928504943847656,59.96002664890073
shruti_filming_1_flipped.mp4,2472,1,4,0.1436170660520696,0.9999121348063152,0.6295274522569444,3,0.1104225911482299,0.9894209543863932,59.96002664890073
shruti_filming_1_flipped.mp4,2473,1,4,0.1509984353055996,0.9999032974243164,0.610276624891493,3,0.1076646545990823,0.983362833658854,59.96002664890073
shruti_filming_1_flipped.mp4,2474,1,4,0.1545741381288583,0.9993162790934244,0.5992464983904803,4,0.1545741381288583,0.9993162790934244,59.96002664890073
shruti_filming_1_flipped.mp4,2475,1,4,0.1596343023585548,0.9992891311645508,0.5862116495768229,4,0.1596343023585548,0.9992891311645508,59.96002664890073
shruti_filming_1_flipped.mp4,2476,1,4,0.1647717777050616,1.0,0.5738860518844039,4,0.1647717777050616,1.0,59.96002664890073
shruti_filming_1_flipped.mp4,2477,1,4,0.1698816001475077,0.9996871948242188,0.560660637749566,4,0.1698816001475077,0.9996871948242188,59.96002664890073
shruti_filming_1_flipped.mp4,2478,1,4,0.1733662747230415,0.9992973963419596,0.5507010000723379,4,0.1733662747230415,0.9992973963419596,59.96002664890073
shruti_filming_1_flipped.mp4,2479,1,4,0.1781379830330196,0.9992951075236004,0.5387399178964121,4,0.1781379830330196,0.9992951075236004,59.96002664890073
shruti_filming_1_flipped.mp4,2480,1,4,0.1822294172411137,0.9992507934570312,0.5297576339156539,4,0.1822294172411137,0.9992507934570312,59.96002664890073
shruti_filming_1_flipped.mp4,2481,1,4,0.1857066167737853,0.9992127100626628,0.5190408777307581,4,0.1857066167737853,0.9992127100626628,59.96002664890073
shruti_filming_1_flipped.mp4,2482,1,4,0.1886370476523923,0.9991598765055338,0.5133369728370949,4,0.1886370476523923,0.9991598765055338,59.96002664890073
shruti_filming_1_flipped.mp4,2483,1,4,0.1912802900362186,0.9990415573120116,0.5065429122359665,4,0.1912802900362186,0.9990415573120116,59.96002664890073
shruti_filming_1_flipped.mp4,2484,1,4,0.1931097977318697,0.99952761332194,0.4975104437934027,4,0.1931097977318697,0.99952761332194,59.96002664890073
shruti_filming_1_flipped.mp4,2485,1,4,0.1934993838492556,0.9991188049316406,0.4914651376229745,4,0.1934993838492556,0.9991188049316406,59.96002664890073
shruti_filming_1_flipped.mp4,2486,1,4,0.1955766505334112,0.9990774154663086,0.4838100857204861,4,0.1955766505334112,0.9990774154663086,59.96002664890073
shruti_filming_1_flipped.mp4,2487,1,4,0.1958515108976927,0.9995183944702148,0.4782459400318287,4,0.1958515108976927,0.9995183944702148,59.96002664890073
shruti_filming_1_flipped.mp4,2488,1,4,0.1978833341869176,0.9989931106567382,0.4687543798376012,4,0.1978833341869176,0.9989931106567382,59.96002664890073
shruti_filming_1_flipped.mp4,2489,1,4,0.1982506161921709,0.9990562438964844,0.4637705767596209,4,0.1982506161921709,0.9990562438964844,59.96002664890073
shruti_filming_1_flipped.mp4,2490,1,4,0.1983369547184944,0.999005889892578,0.4604368986906829,4,0.1983369547184944,0.999005889892578,59.96002664890073
shruti_filming_1_flipped.mp4,2491,1,4,0.199260485374166,0.9989936828613282,0.4554552996600116,4,0.199260485374166,0.9989936828613282,59.96002664890073
shruti_filming_1_flipped.mp4,2492,1,4,0.2005292706908032,0.9996109008789062,0.4504236574526186,4,0.2005292706908032,0.9996109008789062,59.96002664890073
shruti_filming_1_flipped.mp4,2493,1,5,0.2011929874938774,0.9991272608439128,0.446410737214265,5,0.2011929874938774,0.9991272608439128,59.96002664890073
shruti_filming_1_flipped.mp4,2494,1,5,0.2025348181061282,0.9995991388956704,0.4424317536530671,5,0.2025348181061282,0.9995991388956704,59.96002664890073
shruti_filming_1_flipped.mp4,2495,1,5,0.2054095510247862,0.9998653411865236,0.4340806466561777,5,0.2054095510247862,0.9998653411865236,59.96002664890073
shruti_filming_1_flipped.mp4,2496,1,5,0.2084585814151688,0.999378776550293,0.4231105945728443,5,0.2084585814151688,0.999378776550293,59.96002664890073
shruti_filming_1_flipped.mp4,2497,1,5,0.2078661777457455,0.9994220733642578,0.4211040920681423,5,0.2078661777457455,0.9994220733642578,59.96002664890073
shruti_filming_1_flipped.mp4,2498,1,5,0.2076545890114114,0.9993570963541668,0.417940182156033,5,0.2076545890114114,0.9993570963541668,59.96002664890073
shruti_filming_1_flipped.mp4,2499,1,5,0.2070771588730794,0.9993338267008464,0.4134419193974247,5,0.2070771588730794,0.9993338267008464,59.96002664890073
shruti_filming_1_flipped.mp4,2500,1,4,0.2085402788575825,0.9993627548217774,0.4093679922598379,4,0.2085402788575825,0.9993627548217774,59.96002664890073
shruti_filming_1_flipped.mp4,2501,1,4,0.2088035004074077,0.9993054072062174,0.4064173380533854,4,0.2088035004074077,0.9993054072062174,59.96002664890073
shruti_filming_1_flipped.mp4,2502,1,4,0.2090211870573801,0.9994348526000976,0.4038394786693431,4,0.2090211870573801,0.9994348526000976,59.96002664890073
shruti_filming_1_flipped.mp4,2503,1,4,0.2124026842485182,0.9995375315348308,0.3930427551269531,4,0.2124026842485182,0.9995375315348308,59.96002664890073
shruti_filming_1_flipped.mp4,2504,1,4,0.2124285154043173,0.999544334411621,0.3929833023636429,4,0.2124285154043173,0.999544334411621,59.96002664890073
shruti_filming_1_flipped.mp4,2505,1,4,0.2129433567593676,0.9995859781901042,0.387532721625434,4,0.2129433567593676,0.9995859781901042,59.96002664890073
shruti_filming_1_flipped.mp4,2506,1,4,0.2134190763036895,0.9996490478515624,0.3844309206362123,4,0.2134190763036895,0.9996490478515624,59.96002664890073
shruti_filming_1_flipped.mp4,2507,1,4,0.2132589394400323,0.9995813369750975,0.3824654473198784,4,0.2132589394400323,0.9995813369750975,59.96002664890073
shruti_filming_1_flipped.mp4,2508,1,5,0.2143691154960887,0.9995916366577148,0.3803057635271991,5,0.2143691154960887,0.9995916366577148,59.96002664890073
shruti_filming_1_flipped.mp4,2509,1,4,0.2153260822696029,0.9996252059936525,0.3733115019621672,4,0.2153260822696029,0.9996252059936525,59.96002664890073
shruti_filming_1_flipped.mp4,2510,1,4,0.2168081295903054,0.9995897928873698,0.3679154855233651,4,0.2168081295903054,0.9995897928873698,59.96002664890073
shruti_filming_1_flipped.mp4,2511,1,4,0.2171829288769772,0.9995058059692384,0.3651430483217592,4,0.2171829288769772,0.9995058059692384,59.96002664890073
shruti_filming_1_flipped.mp4,2512,1,3,0.2182523735513031,0.9995326995849608,0.361280201099537,3,0.2182523735513031,0.9995326995849608,59.96002664890073
shruti_filming_1_flipped.mp4,2513,1,4,0.2205552336986767,0.999509620666504,0.3543214586046007,4,0.2205552336986767,0.999509620666504,59.96002664890073
shruti_filming_1_flipped.mp4,2514,1,4,0.2240434596732181,0.9996702194213868,0.3453859117296007,4,0.2240434596732181,0.9996702194213868,59.96002664890073
shruti_filming_1_flipped.mp4,2515,1,4,0.224358324663416,0.9997322718302408,0.3431268480088976,4,0.224358324663416,0.9997322718302408,59.96002664890073
shruti_filming_1_flipped.mp4,2516,1,4,0.2256627292737054,0.9997068405151368,0.3382120768229166,4,0.2256627292737054,0.9997068405151368,59.96002664890073
shruti_filming_1_flipped.mp4,2517,1,3,0.2261635664891218,0.9996694564819336,0.3348297119140625,3,0.2261635664891218,0.9996694564819336,59.96002664890073
shruti_filming_1_flipped.mp4,2518,1,5,0.2274590103308897,0.9996452331542968,0.3292522289134837,5,0.2274590103308897,0.9996452331542968,59.96002664890073
shruti_filming_1_flipped.mp4,2519,1,5,0.2278241191509382,0.9995784759521484,0.3264658327455874,5,0.2278241191509382,0.9995784759521484,59.96002664890073
shruti_filming_1_flipped.mp4,2520,1,4,0.229298630666033,0.9996342341105144,0.322470940483941,4,0.229298630666033,0.9996342341105144,59.96002664890073
shruti_filming_1_flipped.mp4,2521,1,5,0.2300771150724526,0.9991460800170898,0.3170309843840422,5,0.2300771150724526,0.9991460800170898,59.96002664890073
shruti_filming_1_flipped.mp4,2522,1,3,0.2324299879008483,0.999392318725586,0.3099298265245225,3,0.2324299879008483,0.999392318725586,59.96002664890073
shruti_filming_1_flipped.mp4,2523,1,5,0.2336826736904877,0.999406051635742,0.3048244335033275,5,0.2336826736904877,0.999406051635742,59.96002664890073
shruti_filming_1_flipped.mp4,2524,1,5,0.2340887298150186,0.9994707107543944,0.3018087881582754,5,0.2340887298150186,0.9994707107543944,59.96002664890073
shruti_filming_1_flipped.mp4,2525,1,5,0.2334710252736436,1.0,0.3040195041232639,4,0.2334710252736436,1.0,59.96002664890073
shruti_filming_1_flipped.mp4,2526,1,5,0.2354577068759762,0.9995643615722656,0.2957482797128183,4,0.2354577068759762,0.9995643615722656,59.96002664890073
shruti_filming_1_flipped.mp4,2527,1,6,0.2373003509733826,0.9994186401367188,0.2913180881076389,4,0.2373003509733826,0.9994186401367188,59.96002664890073
shruti_filming_1_flipped.mp4,2528,1,5,0.2397444615869446,0.999591827392578,0.2842466566297743,4,0.2397444615869446,0.999591827392578,59.96002664890073
shruti_filming_1_flipped.mp4,2529,1,5,0.240523576319818,0.9995779037475586,0.2818514506022135,3,0.240523576319818,0.9995779037475586,59.96002664890073
shruti_filming_1_flipped.mp4,2530,1,5,0.2400907622910906,0.9996278762817384,0.2817277696397569,3,0.2400907622910906,0.9996278762817384,59.96002664890073
shruti_filming_1_flipped.mp4,2531,1,5,0.2414590752959581,0.999439811706543,0.2764410230848524,3,0.2414590752959581,0.9996133804321288,59.96002664890073
shruti_filming_1_flipped.mp4,2532,1,8,0.2423954135913655,0.9997285842895508,0.2719866717303241,4,0.2423954135913655,0.9997285842895508,59.96002664890073
shruti_filming_1_flipped.mp4,2533,1,6,0.2432866636865785,0.999736213684082,0.2693474098488136,4,0.2432866636865785,0.999736213684082,59.96002664890073
shruti_filming_1_flipped.mp4,2534,1,6,0.2437553512375517,0.9996876398722332,0.2656678376374421,3,0.2437553512375517,0.9996876398722332,59.96002664890073
shruti_filming_1_flipped.mp4,2535,1,6,0.2440107409209896,0.9997657775878906,0.2573067841706452,4,0.2440107409209896,0.9997657775878906,59.96002664890073
shruti_filming_1_flipped.mp4,2536,1,7,0.2346305439424597,0.9998889923095704,0.2321197509765625,4,0.2346305439424597,0.9998889923095704,59.96002664890073
shruti_filming_1_flipped.mp4,2537,1,6,0.2277576854499056,0.9997856140136718,0.2097934299045138,3,0.2277576854499056,0.9997856140136718,59.96002664890073
shruti_filming_1_flipped.mp4,2538,1,8,0.2201674646234702,0.9996078491210938,0.1845200997811776,4,0.2201674646234702,0.9996078491210938,59.96002664890073
shruti_filming_1_flipped.mp4,2539,1,6,0.2136511466396903,0.9995352427164712,0.161467206036603,3,0.2136511466396903,0.9995352427164712,59.96002664890073
shruti_filming_1_flipped.mp4,2540,1,7,0.2020858044241969,0.999875831604004,0.1225435610170717,3,0.2020858044241969,0.999875831604004,59.96002664890073
shruti_filming_1_flipped.mp4,2541,1,5,0.1928986776439059,0.9995357513427734,0.0924943712022569,3,0.1928986776439059,0.9995357513427734,59.96002664890073
shruti_filming_1_flipped.mp4,2542,1,4,0.1900318999697144,0.999542236328125,0.0768196105957031,2,0.1900318999697144,0.999542236328125,59.96002664890073
shruti_filming_1_flipped.mp4,2543,1,5,0.1860814181473095,0.9994855880737304,0.0601541872377748,2,0.1860814181473095,0.9994855880737304,59.96002664890073
shruti_filming_1_flipped.mp4,2544,1,3,0.1753816824905067,0.9986200332641602,0.0279619570131655,2,0.1753816824905067,0.9986200332641602,59.96002664890073
shruti_filming_1_flipped.mp4,2545,1,3,0.1713426907896064,0.9967695236206054,0.0156016031901041,2,0.1713426907896064,0.9967695236206054,59.96002664890073
shruti_filming_1_flipped.mp4,2546,1,3,0.1642614874619822,0.994332758585612,0.0035999721950954,2,0.1642614874619822,0.994332758585612,59.96002664890073
shruti_filming_1_flipped.mp4,2547,1,5,0.1573891130783886,0.9875921249389648,0.0211018032497829,2,0.1573891130783886,0.9875921249389648,59.96002664890073
shruti_filming_1_flipped.mp4,2548,1,5,0.1511632582409462,0.9787662506103516,0.0304551866319444,2,0.1511632582409462,0.9787662506103516,59.96002664890073
shruti_filming_1_flipped.mp4,2549,1,5,0.1447175207772913,0.9772384643554688,0.0567491319444444,2,0.1447175207772913,0.9772384643554688,59.96002664890073
shruti_filming_1_flipped.mp4,2550,1,5,0.1390621322293548,0.9729042053222656,0.0708285013834635,2,0.1390621322293548,0.9729042053222656,59.96002664890073
shruti_filming_1_flipped.mp4,2551,1,4,0.1349316029023126,0.96911989847819,0.079889170328776,2,0.1349316029023126,0.96911989847819,59.96002664890073
shruti_filming_1_flipped.mp4,2552,1,4,0.1398008146713255,1.0,0.6098211782949942,2,0.1302783630180433,0.9649109522501628,59.96002664890073
shruti_filming_1_flipped.mp4,2553,1,4,0.148871538599552,1.0,0.5960082442672164,3,0.148871538599552,1.0,59.96002664890073
shruti_filming_1_flipped.mp4,2554,1,4,0.1514772481207425,0.999416160583496,0.58367919921875,3,0.1514772481207425,0.999416160583496,59.96002664890073
shruti_filming_1_flipped.mp4,2555,1,4,0.1548421403828413,0.9994486490885416,0.5729529486762153,3,0.1548421403828413,0.9994486490885416,59.96002664890073
shruti_filming_1_flipped.mp4,2556,1,4,0.1548177009140232,0.9995556513468424,0.5642402366355613,3,0.1548177009140232,0.9995556513468424,59.96002664890073
shruti_filming_1_flipped.mp4,2557,1,4,0.1593064990047261,0.999404525756836,0.5536783854166667,3,0.1593064990047261,0.999404525756836,59.96002664890073
shruti_filming_1_flipped.mp4,2558,1,4,0.1629471944062108,0.9995668411254884,0.5458412452980325,3,0.1629471944062108,0.9995668411254884,59.96002664890073
shruti_filming_1_flipped.mp4,2559,1,4,0.159849339711234,0.9992870966593425,0.5364523428457755,3,0.159849339711234,0.9992870966593425,59.96002664890073
shruti_filming_1_flipped.mp4,2560,1,4,0.1626487329927989,0.9992637634277344,0.5282027067961517,3,0.1626487329927989,0.9992637634277344,59.96002664890073
shruti_filming_1_flipped.mp4,2561,1,4,0.1708561429846385,0.9994625727335612,0.5193826180917246,3,0.1708561429846385,0.9994625727335612,59.96002664890073
shruti_filming_1_flipped.mp4,2562,1,5,0.1675502238986599,0.999514643351237,0.5111169885706018,3,0.1675502238986599,0.999514643351237,59.96002664890073
shruti_filming_1_flipped.mp4,2563,1,6,0.1674240373645012,0.9994489669799804,0.5008576569733796,3,0.1674240373645012,0.9994489669799804,59.96002664890073
shruti_filming_1_flipped.mp4,2564,1,4,0.1712888104096055,0.9991493225097656,0.4945658365885416,3,0.1712888104096055,0.9991493225097656,59.96002664890073
shruti_filming_1_flipped.mp4,2565,1,5,0.171804802843943,0.999103037516276,0.4896400169089988,3,0.171804802843943,0.999103037516276,59.96002664890073
shruti_filming_1_flipped.mp4,2566,1,5,0.173387405626838,0.9991275787353516,0.4829694394712095,3,0.173387405626838,0.9991275787353516,59.96002664890073
shruti_filming_1_flipped.mp4,2567,1,7,0.175173351314863,0.9991384506225586,0.4748504638671875,3,0.175173351314863,0.9991384506225586,59.96002664890073
shruti_filming_1_flipped.mp4,2568,1,7,0.1771297426480386,0.999188232421875,0.4693874782986111,3,0.1771297426480386,0.999188232421875,59.96002664890073
shruti_filming_1_flipped.mp4,2569,1,6,0.1788126276041967,0.9991912841796876,0.4630902890805844,3,0.1788126276041967,0.9991912841796876,59.96002664890073
shruti_filming_1_flipped.mp4,2570,1,6,0.1793068698299567,0.9991767883300782,0.4586767691153067,3,0.1793068698299567,0.9991767883300782,59.96002664890073
shruti_filming_1_flipped.mp4,2571,1,6,0.18054189179312,0.9991548538208008,0.4552131087691695,3,0.18054189179312,0.9991548538208008,59.96002664890073
shruti_filming_1_flipped.mp4,2572,1,6,0.1819681649152793,0.9995716094970704,0.4517014680085359,4,0.1819681649152793,0.9995716094970704,59.96002664890073
shruti_filming_1_flipped.mp4,2573,1,6,0.1840706139849966,0.9996076583862304,0.4451612119321469,3,0.1840706139849966,0.9996076583862304,59.96002664890073
shruti_filming_1_flipped.mp4,2574,1,5,0.186319287003296,0.9995815277099608,0.4383138868543836,3,0.186319287003296,0.9995815277099608,59.96002664890073
shruti_filming_1_flipped.mp4,2575,1,6,0.1884999963494569,0.999481201171875,0.4324955692997685,3,0.1884999963494569,0.999481201171875,59.96002664890073
shruti_filming_1_flipped.mp4,2576,1,5,0.1895101209159475,0.999521255493164,0.4301625569661458,3,0.1895101209159475,0.999521255493164,59.96002664890073
shruti_filming_1_flipped.mp4,2577,1,6,0.1903344037192356,0.9994270324707032,0.4254373338487413,3,0.1903344037192356,0.9994270324707032,59.96002664890073
shruti_filming_1_flipped.mp4,2578,1,6,0.1910364118205091,0.9993854522705078,0.4205738774052373,4,0.1910364118205091,0.9993854522705078,59.96002664890073
shruti_filming_1_flipped.mp4,2579,1,6,0.191373680715268,0.9993953704833984,0.4179521348741319,3,0.191373680715268,0.9993953704833984,59.96002664890073
shruti_filming_1_flipped.mp4,2580,1,5,0.1920003138216109,0.9994220733642578,0.4141055636935764,3,0.1920003138216109,0.9994220733642578,59.96002664890073
shruti_filming_1_flipped.mp4,2581,1,5,0.1926563329704933,0.9993946075439452,0.4108995225694444,3,0.1926563329704933,0.9993946075439452,59.96002664890073
shruti_filming_1_flipped.mp4,2582,1,5,0.1938216869436049,0.9993812561035156,0.406054433186849,3,0.1938216869436049,0.9993812561035156,59.96002664890073
shruti_filming_1_flipped.mp4,2583,1,5,0.1945433829789463,0.9995197296142578,0.403233167860243,3,0.1945433829789463,0.9995197296142578,59.96002664890073
shruti_filming_1_flipped.mp4,2584,1,5,0.1957861098976098,0.9993684768676758,0.4003879405834056,3,0.1957861098976098,0.9993684768676758,59.96002664890073
shruti_filming_1_flipped.mp4,2585,1,6,0.1975090270096229,0.9995540618896483,0.3943698459201389,4,0.1975090270096229,0.9995540618896483,59.96002664890073
shruti_filming_1_flipped.mp4,2586,1,6,0.1988507787800497,0.9995542526245116,0.3895272148980034,4,0.1988507787800497,0.9995542526245116,59.96002664890073
shruti_filming_1_flipped.mp4,2587,1,6,0.1990742929567932,0.9995333353678384,0.388373452645761,4,0.1990742929567932,0.9995333353678384,59.96002664890073
shruti_filming_1_flipped.mp4,2588,1,6,0.1994687787555934,0.9995311737060548,0.3866336398654514,4,0.1994687787555934,0.9995311737060548,59.96002664890073
shruti_filming_1_flipped.mp4,2589,1,6,0.2003222089175445,0.999530029296875,0.3836341010199652,4,0.2003222089175445,0.999530029296875,59.96002664890073
shruti_filming_1_flipped.mp4,2590,1,5,0.2006515140091424,0.9995159149169922,0.3820155673556857,3,0.2006515140091424,0.9995159149169922,59.96002664890073
shruti_filming_1_flipped.mp4,2591,1,6,0.2011207835748791,0.9996271133422852,0.380340576171875,4,0.2011207835748791,0.9996271133422852,59.96002664890073
shruti_filming_1_flipped.mp4,2592,1,5,0.2011133317201489,0.9989296595255532,0.3777375962999132,4,0.2011133317201489,0.9989296595255532,59.96002664890073
shruti_filming_1_flipped.mp4,2593,1,5,0.2018610224007042,0.9987497965494792,0.3741288361725984,3,0.2018610224007042,0.9987497965494792,59.96002664890073
shruti_filming_1_flipped.mp4,2594,1,6,0.2035355736910585,0.9997325897216796,0.3694993195710359,4,0.2035355736910585,0.9997325897216796,59.96002664890073
shruti_filming_1_flipped.mp4,2595,1,5,0.2037842494736994,0.9998274485270182,0.3681208857783565,4,0.2037842494736994,0.9998274485270182,59.96002664890073
shruti_filming_1_flipped.mp4,2596,1,6,0.2032029499225771,0.9997886657714844,0.3668017069498698,4,0.2032029499225771,0.9997886657714844,59.96002664890073
shruti_filming_1_flipped.mp4,2597,1,6,0.2020313480218842,0.9996734619140624,0.3676551253707321,4,0.2020313480218842,0.9996734619140624,59.96002664890073
shruti_filming_1_flipped.mp4,2598,1,5,0.2019645156351099,1.0,0.3653962877061631,4,0.2019645156351099,1.0,59.96002664890073
shruti_filming_1_flipped.mp4,2599,1,6,0.2032194866441811,0.9995416641235352,0.3644505818684896,4,0.2032194866441811,0.9995416641235352,59.96002664890073
shruti_filming_1_flipped.mp4,2600,1,6,0.2026964958093055,0.999486796061198,0.3618617022479022,4,0.2026964958093055,0.999486796061198,59.96002664890073
shruti_filming_1_flipped.mp4,2601,1,6,0.2037770603601476,0.9996954600016276,0.3598091408058449,4,0.2037770603601476,0.9996954600016276,59.96002664890073
shruti_filming_1_flipped.mp4,2602,1,6,0.2041631525780852,0.999560038248698,0.3571997465910735,4,0.2041631525780852,0.999560038248698,59.96002664890073
shruti_filming_1_flipped.mp4,2603,1,5,0.2043660106230527,0.9994976043701173,0.354852294921875,4,0.2043660106230527,0.9994976043701173,59.96002664890073
shruti_filming_1_flipped.mp4,2604,1,5,0.2053272799665703,0.9996028900146484,0.3511472913953993,3,0.2053272799665703,0.9996028900146484,59.96002664890073
shruti_filming_1_flipped.mp4,2605,1,5,0.2052853140509673,0.9992311477661132,0.3499004222728588,3,0.2052853140509673,0.9992311477661132,59.96002664890073
shruti_filming_1_flipped.mp4,2606,1,5,0.2047730748430735,0.9993829727172852,0.3512622409396701,3,0.2047730748430735,0.9993829727172852,59.96002664890073
shruti_filming_1_flipped.mp4,2607,1,4,0.205231112272013,0.9992785135904948,0.3496220058865017,3,0.205231112272013,0.9992785135904948,59.96002664890073
shruti_filming_1_flipped.mp4,2608,1,6,0.2048266055249611,0.9989534378051758,0.3486329255280671,4,0.2048266055249611,0.9989534378051758,59.96002664890073
shruti_filming_1_flipped.mp4,2609,1,6,0.2037765111394347,0.9961423873901368,0.3453821252893518,4,0.2037765111394347,0.9961423873901368,59.96002664890073
shruti_filming_1_flipped.mp4,2610,1,4,0.1998847129147853,0.9901710510253906,0.34378012197989,3,0.1998847129147853,0.9901710510253906,59.96002664890073
shruti_filming_1_flipped.mp4,2611,1,5,0.1977766932697785,0.9873737335205078,0.3428926255967882,3,0.1977766932697785,0.9873737335205078,59.96002664890073
shruti_filming_1_flipped.mp4,2612,1,4,0.1958776376847635,0.9837578455607096,0.3415955154984085,3,0.1958776376847635,0.9837578455607096,59.96002664890073
shruti_filming_1_flipped.mp4,2613,1,6,0.1895008884883201,0.9779973983764648,0.3300187004937066,3,0.1895008884883201,0.9779973983764648,59.96002664890073
shruti_filming_1_flipped.mp4,2614,1,7,0.1826584182250048,0.9722586313883465,0.316644541422526,4,0.1826584182250048,0.9722586313883465,59.96002664890073
shruti_filming_1_flipped.mp4,2615,1,6,0.1798994931175925,0.9706095377604168,0.3089780454282407,4,0.1798994931175925,0.9706095377604168,59.96002664890073
shruti_filming_1_flipped.mp4,2616,1,7,0.1756006902990931,0.966501808166504,0.3054688630280671,4,0.1756006902990931,0.966501808166504,59.96002664890073
shruti_filming_1_flipped.mp4,2617,1,7,0.1720608840467563,0.9620474497477214,0.3042021009657118,4,0.1720608840467563,0.9620474497477214,59.96002664890073
shruti_filming_1_flipped.mp4,2618,1,5,0.1600684114236436,0.9551132202148438,0.268210940890842,3,0.1600684114236436,0.9551132202148438,59.96002664890073
shruti_filming_1_flipped.mp4,2619,1,5,0.1536483362688321,0.9506046295166016,0.2544179280598958,3,0.1536483362688321,0.9506046295166016,59.96002664890073
shruti_filming_1_flipped.mp4,2620,1,5,0.1477750588805281,0.9476621627807618,0.238552658646195,4,0.1477750588805281,0.9476621627807618,59.96002664890073
shruti_filming_1_flipped.mp4,2621,1,5,0.1416849550200816,0.9441418329874676,0.2241876955385561,4,0.1416849550200816,0.9441418329874676,59.96002664890073
shruti_filming_1_flipped.mp4,2622,1,6,0.1362787211012223,0.9406251907348632,0.2098549454300491,4,0.1362787211012223,0.9406251907348632,59.96002664890073
shruti_filming_1_flipped.mp4,2623,1,7,0.1303757302195784,0.9371384302775064,0.1927133348253038,3,0.1303757302195784,0.9371384302775064,59.96002664890073
shruti_filming_1_flipped.mp4,2624,1,5,0.124561287826299,0.9352749506632488,0.1783796239782262,3,0.124561287826299,0.9352749506632488,59.96002664890073
shruti_filming_1_flipped.mp4,2625,1,6,0.1276408648617022,0.9330394744873048,0.1706598917643229,4,0.1276408648617022,0.9330394744873048,59.96002664890073
shruti_filming_1_flipped.mp4,2626,1,6,0.1256754923427339,0.9322898864746094,0.1631763599537037,5,0.1256754923427339,0.9322898864746094,59.96002664890073
shruti_filming_1_flipped.mp4,2627,1,6,0.1226907065929521,0.9295255661010742,0.1526207252785011,4,0.1226907065929521,0.9295255661010742,59.96002664890073
shruti_filming_1_flipped.mp4,2628,1,6,0.1183057399552867,0.9257321039835612,0.1392156530309606,3,0.1183057399552867,0.9257321039835612,59.96002664890073
shruti_filming_1_flipped.mp4,2629,1,6,0.1155915081522026,0.9234027862548828,0.1310896979437934,3,0.1155915081522026,0.9234027862548828,59.96002664890073
shruti_filming_1_flipped.mp4,2630,1,7,0.1116631866142981,0.919639778137207,0.1230463663736979,4,0.1116631866142981,0.919639778137207,59.96002664890073
shruti_filming_1_flipped.mp4,2631,1,6,0.1071397658575733,0.9178407669067384,0.1073674237286603,4,0.1071397658575733,0.9178407669067384,59.96002664890073
shruti_filming_1_flipped.mp4,2632,1,6,0.1040397871981581,0.9155635833740234,0.0983005099826389,4,0.1040397871981581,0.9155635833740234,59.96002664890073
shruti_filming_1_flipped.mp4,2633,1,5,0.1028714039828628,0.9147262573242188,0.0915830824110243,4,0.1028714039828628,0.9147262573242188,59.96002664890073
shruti_filming_1_flipped.mp4,2634,1,8,0.1004679024867989,0.9136621475219726,0.0832038031684027,5,0.1004679024867989,0.9136621475219726,59.96002664890073
shruti_filming_1_flipped.mp4,2635,1,7,0.0968624803108805,0.9110580444335936,0.0711005881980613,4,0.0968624803108805,0.9110580444335936,59.96002664890073
shruti_filming_1_flipped.mp4,2636,1,6,0.0944301507746179,0.9094287872314452,0.0626747979058159,4,0.0944301507746179,0.9094287872314452,59.96002664890073
shruti_filming_1_flipped.mp4,2637,1,6,0.0924951338339694,0.9070313135782878,0.0566411053692853,5,0.0924951338339694,0.9070313135782878,59.96002664890073
shruti_filming_1_flipped.mp4,2638,1,7,0.0907181942940331,0.9057907104492188,0.0498514528627748,5,0.0907181942940331,0.9057907104492188,59.96002664890073
shruti_filming_1_flipped.mp4,2639,1,9,0.0885399140984615,0.9039650599161784,0.0416509840223524,6,0.0885399140984615,0.9039650599161784,59.96002664890073
shruti_filming_1_flipped.mp4,2640,1,8,0.0864120679318202,0.9014567057291668,0.0337608902542679,5,0.0864120679318202,0.9014567057291668,59.96002664890073
shruti_filming_1_flipped.mp4,2641,1,8,0.0834196682307864,0.8988777160644531,0.0232944912380642,5,0.0834196682307864,0.8988777160644531,59.96002664890073
shruti_filming_1_flipped.mp4,2642,1,6,0.0804938414163835,0.8962229410807292,0.0118236965603298,5,0.0804938414163835,0.8962229410807292,59.96002664890073
shruti_filming_1_flipped.mp4,2643,1,6,0.0789151022606044,0.8942394892374674,0.0037722834834346,5,0.0789151022606044,0.8942394892374674,59.96002664890073
shruti_filming_1_flipped.mp4,2644,1,6,0.0783031849873562,0.8909086227416992,0.0047890557183159,4,0.0783031849873562,0.8909086227416992,59.96002664890073
shruti_filming_1_flipped.mp4,2645,1,6,0.0755944918976941,0.8887445449829101,0.0034264458550347,4,0.0755944918976941,0.8887445449829101,59.96002664890073
shruti_filming_1_flipped.mp4,2646,1,6,0.0730901875239322,0.887928835550944,0.0154213234230324,3,0.0730901875239322,0.887928835550944,59.96002664890073
shruti_filming_1_flipped.mp4,2647,1,6,0.0712145666799646,0.8866521835327148,0.0232816060384114,3,0.0712145666799646,0.8866521835327148,59.96002664890073
shruti_filming_1_flipped.mp4,2648,1,4,0.069888977543079,0.8856884638468424,0.031310385244864,3,0.069888977543079,0.8856884638468424,59.96002664890073
shruti_filming_1_flipped.mp4,2649,1,5,0.0687114129705896,0.8843782424926758,0.0382090815791377,4,0.0687114129705896,0.8843782424926758,59.96002664890073
shruti_filming_1_flipped.mp4,2650,1,5,0.0677030685190312,0.8829597473144531,0.0440258732548466,4,0.0677030685190312,0.8829597473144531,59.96002664890073
shruti_filming_1_flipped.mp4,2651,1,5,0.0665487152165345,0.8813978830973307,0.0510646678783275,4,0.0665487152165345,0.8813978830973307,59.96002664890073
shruti_filming_1_flipped.mp4,2652,1,5,0.0660461283599983,0.9159228006998698,0.6750878228081597,4,0.0648175123302779,0.8794888178507487,59.96002664890073
shruti_filming_1_flipped.mp4,2653,1,6,0.0647795244320231,0.9164022445678712,0.6822210806387442,4,0.0629744807466556,0.8779752731323243,59.96002664890073
shruti_filming_1_flipped.mp4,2654,1,7,0.0638633799378078,0.9177446365356444,0.6871425487377025,4,0.0610376843807494,0.8761293411254882,59.96002664890073
shruti_filming_1_flipped.mp4,2655,1,7,0.0632733654070438,0.9186573664347332,0.6905426025390625,4,0.0600594167814738,0.8750373840332031,59.96002664890073
shruti_filming_1_flipped.mp4,2656,1,7,0.0631409278874182,0.9198217391967772,0.6933858235677083,4,0.0583928357775396,0.8726921081542969,59.96002664890073
shruti_filming_1_flipped.mp4,2657,1,8,0.0620909290629788,0.9177146911621094,0.6951276425962095,5,0.0573284878680715,0.8716570536295573,59.96002664890073
shruti_filming_1_flipped.mp4,2658,1,7,0.0611841086344793,0.9160146713256836,0.6965874565972222,4,0.0562549770895745,0.8704572677612304,59.96002664890073
shruti_filming_1_flipped.mp4,2659,1,8,0.0596005467994082,0.9131609598795573,0.7009673507125289,5,0.0563078957998925,0.8695837656656901,59.96002664890073
shruti_filming_1_flipped.mp4,2660,1,8,0.058091885359684,0.9101844787597656,0.7030622129087095,6,0.0547276301764779,0.8680727640787761,59.96002664890073
shruti_filming_1_flipped.mp4,2661,1,7,0.0571238201261601,0.9094232559204102,0.7052992078993056,5,0.053826648952586,0.8658697764078777,59.96002664890073
shruti_filming_1_flipped.mp4,2662,1,8,0.0564951981749834,0.9080101013183594,0.7086099695276331,6,0.053477727986939,0.8648870468139649,59.96002664890073
shruti_filming_1_flipped.mp4,2663,1,7,0.0580679355072142,0.9168937683105468,0.7126178317599826,5,0.0524470719497346,0.8637734095255534,59.96002664890073
shruti_filming_1_flipped.mp4,2664,1,11,0.0517151210969583,0.8630613327026367,0.1282759207266348,7,0.0517151210969583,0.8630613327026367,59.96002664890073
shruti_filming_1_flipped.mp4,2665,1,12,0.0503687869195817,0.8623737970987956,0.1332111217357494,7,0.0503687869195817,0.8623737970987956,59.96002664890073
shruti_filming_1_flipped.mp4,2666,1,11,0.0490548170831454,0.8619429270426432,0.1387519271285445,7,0.0490548170831454,0.8619429270426432,59.96002664890073
shruti_filming_1_flipped.mp4,2667,1,10,0.0486198249850174,0.8612741470336914,0.1447283426920572,6,0.0486198249850174,0.8612741470336914,59.96002664890073
shruti_filming_1_flipped.mp4,2668,1,10,0.0485682197241112,1.0,0.8414419668692129,6,0.0478817553083947,0.8601030349731446,59.96002664890073
shruti_filming_1_flipped.mp4,2669,1,9,0.0576718672462178,0.9991913477579752,0.8125321564850984,5,0.0468207446008455,0.8584799448649089,59.96002664890073
shruti_filming_1_flipped.mp4,2670,1,10,0.0626274078804999,0.999628448486328,0.8004141913519965,6,0.0456350850968953,0.8566710154215494,59.96002664890073
shruti_filming_1_flipped.mp4,2671,1,9,0.069181749732018,0.9994991938273112,0.7827980324074074,5,0.0444302183094259,0.8555620829264323,59.96002664890073
shruti_filming_1_flipped.mp4,2672,1,9,0.0784549452685305,0.999606704711914,0.7572558367693866,5,0.0437001010904593,0.8547810236612956,59.96002664890073
shruti_filming_1_flipped.mp4,2673,1,7,0.0852252286409112,0.9995943069458008,0.7400491785120081,4,0.0439969881305907,0.8554359436035156,59.96002664890073
shruti_filming_1_flipped.mp4,2674,1,7,0.0895927745855361,0.999501673380534,0.728389655219184,4,0.0429233072923635,0.8548197428385417,59.96002664890073
shruti_filming_1_flipped.mp4,2675,1,7,0.0957963351341378,0.9996346155802408,0.7126688639322917,4,0.0420793984559606,0.8539522806803386,59.96002664890073
shruti_filming_1_flipped.mp4,2676,1,7,0.1002487143232698,0.9994590759277344,0.7008591828522859,4,0.0420372730767768,0.851467514038086,59.96002664890073
shruti_filming_1_flipped.mp4,2677,1,7,0.1047279891415023,0.9994960784912108,0.6874790332935474,4,0.0411586585372667,0.8501045227050781,59.96002664890073
shruti_filming_1_flipped.mp4,2678,1,6,0.1073334153743322,0.9995051066080728,0.6796984637225115,4,0.0399752911158699,0.8490577697753906,59.96002664890073
shruti_filming_1_flipped.mp4,2679,1,6,0.1126810610474354,0.9997438430786132,0.6660799944842303,4,0.0395435059614828,0.8485363006591797,59.96002664890073
shruti_filming_1_flipped.mp4,2680,1,7,0.1151077366278817,0.999718157450358,0.6586478904441551,4,0.0382210557043436,0.8464914957682291,59.96002664890073
shruti_filming_1_flipped.mp4,2681,1,7,0.1183799701944614,0.9998125712076824,0.646922132703993,4,0.0375220035719771,0.8448301951090494,59.96002664890073
shruti_filming_1_flipped.mp4,2682,1,7,0.1210092092337759,0.999907112121582,0.6383205837673611,4,0.0372387221369556,0.8435609817504883,59.96002664890073
shruti_filming_1_flipped.mp4,2683,1,8,0.1249808608791984,0.9993385314941406,0.6253236558702256,4,0.0361605013988015,0.8423709869384766,59.96002664890073
shruti_filming_1_flipped.mp4,2684,1,8,0.127822060263112,0.9999149322509766,0.6199060510706018,4,0.0351253279743509,0.8419684092203776,59.96002664890073
shruti_filming_1_flipped.mp4,2685,1,9,0.1300232755035782,0.9993948618570964,0.612343908239294,4,0.0349254169520551,0.8413963317871094,59.96002664890073
shruti_filming_1_flipped.mp4,2686,1,8,0.1347858754268963,0.999985694885254,0.5974429095232928,5,0.1347858754268963,0.999985694885254,59.96002664890073
shruti_filming_1_flipped.mp4,2687,1,8,0.1340679405298498,0.9997503280639648,0.5928263346354167,6,0.1340679405298498,0.9997503280639648,59.96002664890073
shruti_filming_1_flipped.mp4,2688,1,7,0.1358727616416204,0.9994489669799804,0.5847297385886864,6,0.1358727616416204,0.9994489669799804,59.96002664890073
shruti_filming_1_flipped.mp4,2689,1,8,0.1376477966365335,0.9993610382080078,0.5764199716073496,6,0.1376477966365335,0.9993610382080078,59.96002664890073
shruti_filming_1_flipped.mp4,2690,1,8,0.1390252977789431,0.9993623733520508,0.5711844550238715,6,0.1390252977789431,0.9993623733520508,59.96002664890073
shruti_filming_1_flipped.mp4,2691,1,7,0.1410889239516109,0.9993099212646483,0.5624125162760417,5,0.1410889239516109,0.9993099212646483,59.96002664890073
shruti_filming_1_flipped.mp4,2692,1,7,0.1430696950304425,0.9988975524902344,0.5533422399450232,5,0.1430696950304425,0.9988975524902344,59.96002664890073
shruti_filming_1_flipped.mp4,2693,1,6,0.1455462322830809,0.9989809036254884,0.5479180795175058,4,0.1455462322830809,0.9989809036254884,59.96002664890073
shruti_filming_1_flipped.mp4,2694,1,8,0.1467720944533357,0.999704933166504,0.5416120175962095,6,0.1467720944533357,0.999704933166504,59.96002664890073
shruti_filming_1_flipped.mp4,2695,1,8,0.1480959388137476,0.9997350692749024,0.5352775291160301,6,0.1480959388137476,0.9997350692749024,59.96002664890073
shruti_filming_1_flipped.mp4,2696,1,7,0.1500085407320875,0.9998479843139648,0.5309337474681713,5,0.1500085407320875,0.9998479843139648,59.96002664890073
shruti_filming_1_flipped.mp4,2697,1,7,0.1526669561524694,0.9996637344360352,0.5227705213758681,5,0.1526669561524694,0.9996637344360352,59.96002664890073
shruti_filming_1_flipped.mp4,2698,1,7,0.1541568219221813,0.9995624542236328,0.5165084838867188,5,0.1541568219221813,0.9995624542236328,59.96002664890073
shruti_filming_1_flipped.mp4,2699,1,6,0.1571493968630696,0.9994106292724608,0.5079246803566262,4,0.1571493968630696,0.9994106292724608,59.96002664890073
shruti_filming_1_flipped.mp4,2700,1,6,0.156930593103332,0.999350357055664,0.5032328852900753,4,0.156930593103332,0.999350357055664,59.96002664890073
shruti_filming_1_flipped.mp4,2701,1,6,0.1583458565636739,0.9987096786499025,0.4987824616608796,4,0.1583458565636739,0.9987096786499025,59.96002664890073
shruti_filming_1_flipped.mp4,2702,1,6,0.1594259981216035,0.9989721298217772,0.4945559466326678,4,0.1594259981216035,0.9989721298217772,59.96002664890073
shruti_filming_1_flipped.mp4,2703,1,6,0.1610255520400177,0.9996159235636394,0.4871806957103587,4,0.1610255520400177,0.9996159235636394,59.96002664890073
shruti_filming_1_flipped.mp4,2704,1,7,0.1624169913946146,0.9992197036743165,0.482374346697772,4,0.1624169913946146,0.9992197036743165,59.96002664890073
shruti_filming_1_flipped.mp4,2705,1,7,0.163495443376014,0.999332046508789,0.4765671906647858,4,0.163495443376014,0.999332046508789,59.96002664890073
shruti_filming_1_flipped.mp4,2706,1,6,0.1653887243683372,0.9991134643554688,0.4705307006835937,4,0.1653887243683372,0.9991134643554688,59.96002664890073
shruti_filming_1_flipped.mp4,2707,1,7,0.1659496269524162,0.9994739532470704,0.4674615648057725,5,0.1659496269524162,0.9994739532470704,59.96002664890073
shruti_filming_1_flipped.mp4,2708,1,6,0.1667674645653999,0.999273935953776,0.464271319354022,3,0.1667674645653999,0.999273935953776,59.96002664890073
shruti_filming_1_flipped.mp4,2709,1,5,0.1677001737819174,0.9994524002075196,0.4615410133644386,3,0.1677001737819174,0.9994524002075196,59.96002664890073
shruti_filming_1_flipped.mp4,2710,1,6,0.1687656349967788,0.9991006851196288,0.4570632086859809,3,0.1687656349967788,0.9991006851196288,59.96002664890073
shruti_filming_1_flipped.mp4,2711,1,6,0.1696390796916445,0.9992603302001952,0.4541181211118344,3,0.1696390796916445,0.9992603302001952,59.96002664890073
shruti_filming_1_flipped.mp4,2712,1,6,0.1704165742412765,0.9993120193481444,0.4514194912380642,3,0.1704165742412765,0.9993120193481444,59.96002664890073
shruti_filming_1_flipped.mp4,2713,1,6,0.1719944231575667,0.9994674682617188,0.4455518651891638,3,0.1719944231575667,0.9994674682617188,59.96002664890073
shruti_filming_1_flipped.mp4,2714,1,6,0.1741354088139444,0.9995416641235352,0.4414866412127459,3,0.1741354088139444,0.9995416641235352,59.96002664890073
shruti_filming_1_flipped.mp4,2715,1,6,0.176119888475417,0.9995264053344728,0.4365628560384114,3,0.176119888475417,0.9995264053344728,59.96002664890073
shruti_filming_1_flipped.mp4,2716,1,6,0.1772036148153495,0.9997084299723308,0.4327583595558449,3,0.1772036148153495,0.9997084299723308,59.96002664890073
shruti_filming_1_flipped.mp4,2717,1,6,0.1782616302817284,0.999396006266276,0.4286351521809896,3,0.1782616302817284,0.999396006266276,59.96002664890073
shruti_filming_1_flipped.mp4,2718,1,5,0.1803256654299804,0.9995159149169922,0.4214826230649595,3,0.1803256654299804,0.9995159149169922,59.96002664890073
shruti_filming_1_flipped.mp4,2719,1,6,0.1815287086156227,0.9994417190551758,0.4179795441804109,3,0.1815287086156227,0.9994417190551758,59.96002664890073
shruti_filming_1_flipped.mp4,2720,1,6,0.1812402769131585,0.9994255065917969,0.4197509765625,3,0.1812402769131585,0.9994255065917969,59.96002664890073
shruti_filming_1_flipped.mp4,2721,1,6,0.1814258060461725,0.9994497299194336,0.4161109924316406,3,0.1814258060461725,0.9994497299194336,59.96002664890073
shruti_filming_1_flipped.mp4,2722,1,6,0.183207318506708,0.9994558334350586,0.4117993672688802,3,0.183207318506708,0.9994558334350586,59.96002664890073
shruti_filming_1_flipped.mp4,2723,1,5,0.1841999778688962,0.9994964599609376,0.4084406534830729,3,0.1841999778688962,0.9994964599609376,59.96002664890073
shruti_filming_1_flipped.mp4,2724,1,5,0.1851077380234697,0.999560801188151,0.4055381209762008,3,0.1851077380234697,0.999560801188151,59.96002664890073
shruti_filming_1_flipped.mp4,2725,1,5,0.1860727433214682,0.9995646158854168,0.4000733269585503,3,0.1860727433214682,0.9995646158854168,59.96002664890073
shruti_filming_1_flipped.mp4,2726,1,5,0.1815009515465903,0.9996559143066406,0.3839663752803096,3,0.1815009515465903,0.9996559143066406,59.96002664890073
shruti_filming_1_flipped.mp4,2727,1,7,0.1742553613032214,0.9996761322021483,0.3545389811197916,3,0.1742553613032214,0.9996761322021483,59.96002664890073
shruti_filming_1_flipped.mp4,2728,1,7,0.1666038330325017,0.99976863861084,0.3197233977141204,3,0.1666038330325017,0.99976863861084,59.96002664890073
shruti_filming_1_flipped.mp4,2729,1,7,0.1618563410437006,0.9995790481567384,0.2962784661187066,3,0.1618563410437006,0.9995790481567384,59.96002664890073
shruti_filming_1_flipped.mp4,2730,1,7,0.1553309594620544,0.9994125366210938,0.2670672663935908,3,0.1553309594620544,0.9994125366210938,59.96002664890073
shruti_filming_1_flipped.mp4,2731,1,8,0.1497383386616194,0.9993864059448242,0.2459419815628616,3,0.1497383386616194,0.9993864059448242,59.96002664890073
shruti_filming_1_flipped.mp4,2732,1,9,0.142505194963343,0.9988512674967448,0.2253061647768373,3,0.142505194963343,0.9988512674967448,59.96002664890073
shruti_filming_1_flipped.mp4,2733,1,9,0.1389716763741388,0.999196497599284,0.2044217145001446,4,0.1389716763741388,0.999196497599284,59.96002664890073
shruti_filming_1_flipped.mp4,2734,1,9,0.1343316702546629,0.9992599487304688,0.1892166137695312,4,0.1343316702546629,0.9992599487304688,59.96002664890073
shruti_filming_1_flipped.mp4,2735,1,6,0.1293867785618069,0.99815616607666,0.1686333267777054,3,0.1293867785618069,0.99815616607666,59.96002664890073
shruti_filming_1_flipped.mp4,2736,1,6,0.1248124928027876,0.9945793787638346,0.1476173400878906,3,0.1248124928027876,0.9945793787638346,59.96002664890073
shruti_filming_1_flipped.mp4,2737,1,6,0.1180031366013766,0.9879987716674804,0.1320882161458333,3,0.1180031366013766,0.9879987716674804,59.96002664890073
shruti_filming_1_flipped.mp4,2738,1,6,0.1151094509611397,0.9874106089274088,0.113851335313585,3,0.1151094509611397,0.9874106089274088,59.96002664890073
shruti_filming_1_flipped.mp4,2739,1,8,0.116789731224988,0.9991876602172852,0.6779757464373554,3,0.1110522526727301,0.9843334197998048,59.96002664890073
shruti_filming_1_flipped.mp4,2740,1,7,0.1220820249224198,0.999508285522461,0.6616036309136285,3,0.1051468457124428,0.9747852325439452,59.96002664890073
shruti_filming_1_flipped.mp4,2741,1,6,0.1268531049156768,0.9994279861450196,0.6518400969328704,3,0.0999026575394694,0.9689058303833008,59.96002664890073
shruti_filming_1_flipped.mp4,2742,1,6,0.1297126018416343,1.0,0.6422957808883102,3,0.0932548742754928,0.96324520111084,59.96002664890073
shruti_filming_1_flipped.mp4,2743,1,8,0.1347767632611147,0.99989382425944,0.6290612114800347,3,0.089382638422022,0.957685661315918,59.96002664890073
shruti_filming_1_flipped.mp4,2744,1,7,0.1400148288234292,0.999321746826172,0.615366956922743,3,0.0862046372962585,0.954547882080078,59.96002664890073
shruti_filming_1_flipped.mp4,2745,1,7,0.1431574662138936,0.9992956161499024,0.604845795808015,4,0.0836805695568909,0.9525913874308268,59.96002664890073
shruti_filming_1_flipped.mp4,2746,1,7,0.1469327060688886,0.9993927001953123,0.5956138893410011,4,0.1469327060688886,0.9993927001953123,59.96002664890073
shruti_filming_1_flipped.mp4,2747,1,6,0.1507324319432653,0.9993040084838868,0.5837819417317708,4,0.1507324319432653,0.9993040084838868,59.96002664890073
shruti_filming_1_flipped.mp4,2748,1,5,0.1527448012508102,0.9993980407714844,0.574847920735677,4,0.1527448012508102,0.9993980407714844,59.96002664890073
shruti_filming_1_flipped.mp4,2749,1,5,0.154775553262551,0.9993368148803712,0.5672503436053241,4,0.154775553262551,0.9993368148803712,59.96002664890073
shruti_filming_1_flipped.mp4,2750,1,7,0.1566827550167893,0.9994115829467772,0.5595168502242477,5,0.1566827550167893,0.9994115829467772,59.96002664890073
shruti_filming_1_flipped.mp4,2751,1,6,0.159639283114682,0.9993579864501954,0.5494739673755787,4,0.159639283114682,0.9993579864501954,59.96002664890073
shruti_filming_1_flipped.mp4,2752,1,8,0.1646073124270575,0.999468994140625,0.537847391764323,5,0.1646073124270575,0.999468994140625,59.96002664890073
shruti_filming_1_flipped.mp4,2753,1,5,0.1647896433188321,0.9994808832804362,0.5318141795970776,4,0.1647896433188321,0.9994808832804362,59.96002664890073
shruti_filming_1_flipped.mp4,2754,1,4,0.1685664981899188,0.9994516372680664,0.5238926640263311,4,0.1685664981899188,0.9994516372680664,59.96002664890073
shruti_filming_1_flipped.mp4,2755,1,5,0.1705816072309001,0.9994234720865884,0.5176340173791956,4,0.1705816072309001,0.9994234720865884,59.96002664890073
shruti_filming_1_flipped.mp4,2756,1,6,0.1737461072442022,0.999579111735026,0.5091358891239872,4,0.1737461072442022,0.999579111735026,59.96002664890073
shruti_filming_1_flipped.mp4,2757,1,6,0.1727193181829514,0.9994749704996744,0.50254556161386,4,0.1727193181829514,0.9994749704996744,59.96002664890073
shruti_filming_1_flipped.mp4,2758,1,6,0.1716899511537997,0.9995439529418946,0.4939093695746527,4,0.1716899511537997,0.9995439529418946,59.96002664890073
shruti_filming_1_flipped.mp4,2759,1,7,0.1748506516094009,0.9994428634643556,0.4945518211082176,5,0.1748506516094009,0.9994428634643556,59.96002664890073
shruti_filming_1_flipped.mp4,2760,1,8,0.1777489068397941,0.9996061325073242,0.4871697319878472,5,0.1777489068397941,0.9996061325073242,59.96002664890073
shruti_filming_1_flipped.mp4,2761,1,8,0.1816252894223887,0.9995270411173502,0.4802749633789062,5,0.1816252894223887,0.9995270411173502,59.96002664890073
shruti_filming_1_flipped.mp4,2762,1,7,0.1820479831830016,0.9995857874552408,0.4751964992947048,5,0.1820479831830016,0.9995857874552408,59.96002664890073
shruti_filming_1_flipped.mp4,2763,1,7,0.1844003950901053,0.9994940439860026,0.4704675745081018,5,0.1844003950901053,0.9994940439860026,59.96002664890073
shruti_filming_1_flipped.mp4,2764,1,7,0.1882749405902965,0.999529266357422,0.461637058964482,5,0.1882749405902965,0.999529266357422,59.96002664890073
shruti_filming_1_flipped.mp4,2765,1,7,0.1919614424375403,0.9994951248168944,0.4536310831705729,6,0.1919614424375403,0.9994951248168944,59.96002664890073
shruti_filming_1_flipped.mp4,2766,1,7,0.189191729740964,0.9995738983154296,0.4509726065176505,6,0.189191729740964,0.9995738983154296,59.96002664890073
shruti_filming_1_flipped.mp4,2767,1,8,0.1940259900450958,0.9994590759277344,0.4471140261049623,7,0.1940259900450958,0.9994590759277344,59.96002664890073
shruti_filming_1_flipped.mp4,2768,1,6,0.1913603864554628,0.9995667139689128,0.4424655207881221,6,0.1913603864554628,0.9995667139689128,59.96002664890073
shruti_filming_1_flipped.mp4,2769,1,6,0.2017709644412424,0.9995477676391602,0.4375474152741608,6,0.2017709644412424,0.9995477676391602,59.96002664890073
shruti_filming_1_flipped.mp4,2770,1,7,0.2054629912548666,0.9995592117309572,0.4332932931405526,7,0.2054629912548666,0.9995592117309572,59.96002664890073
shruti_filming_1_flipped.mp4,2771,1,8,0.2062463408434188,0.999611473083496,0.4297444378888165,6,0.2062463408434188,0.999611473083496,59.96002664890073
shruti_filming_1_flipped.mp4,2772,1,8,0.2002662199863698,0.9996641159057618,0.4235411467375579,7,0.2002662199863698,0.9996641159057618,59.96002664890073
shruti_filming_1_flipped.mp4,2773,1,7,0.1967922067259083,0.9995969772338869,0.4192297476309317,5,0.1967922067259083,0.9995969772338869,59.96002664890073
shruti_filming_1_flipped.mp4,2774,1,5,0.1969590320282603,0.9994522094726562,0.4175194069191261,4,0.1969590320282603,0.9994522094726562,59.96002664890073
shruti_filming_1_flipped.mp4,2775,1,5,0.1978099639629902,0.9993978500366212,0.4143421879521122,4,0.1978099639629902,0.9993978500366212,59.96002664890073
shruti_filming_1_flipped.mp4,2776,1,6,0.1980401785111839,0.9993736267089844,0.4118004692925347,5,0.1980401785111839,0.9993736267089844,59.96002664890073
shruti_filming_1_flipped.mp4,2777,1,7,0.1982530863815756,0.9993689219156902,0.4094110276963976,5,0.1982530863815756,0.9993689219156902,59.96002664890073
shruti_filming_1_flipped.mp4,2778,1,7,0.1995404732579697,0.9994171142578124,0.4051464504665799,5,0.1995404732579697,0.9994171142578124,59.96002664890073
shruti_filming_1_flipped.mp4,2779,1,5,0.2001759327153235,0.9995365142822266,0.4036053127712674,5,0.2001759327153235,0.9995365142822266,59.96002664890073
shruti_filming_1_flipped.mp4,2780,1,5,0.2003961220066412,0.9995541254679362,0.4000174628363715,5,0.2003961220066412,0.9995541254679362,59.96002664890073
shruti_filming_1_flipped.mp4,2781,1,6,0.2019641498672484,0.999574851989746,0.3948373865198206,6,0.2019641498672484,0.999574851989746,59.96002664890073
shruti_filming_1_flipped.mp4,2782,1,5,0.2028343233081007,0.9996723175048828,0.3916600545247395,5,0.2028343233081007,0.9996723175048828,59.96002664890073
shruti_filming_1_flipped.mp4,2783,1,5,0.2042486366015186,0.999659538269043,0.3868036905924479,5,0.2042486366015186,0.999659538269043,59.96002664890073
shruti_filming_1_flipped.mp4,2784,1,6,0.2056269594701007,0.9998081207275392,0.3821919759114583,5,0.2056269594701007,0.9998081207275392,59.96002664890073
shruti_filming_1_flipped.mp4,2785,1,6,0.2063174779567311,0.9998600006103516,0.3800871107313368,5,0.2063174779567311,0.9998600006103516,59.96002664890073
shruti_filming_1_flipped.mp4,2786,1,6,0.2064462559970734,0.9998468399047852,0.3783210189254196,5,0.2064462559970734,0.9998468399047852,59.96002664890073
shruti_filming_1_flipped.mp4,2787,1,6,0.2063629265809949,0.9998865127563475,0.377413488317419,5,0.2063629265809949,0.9998865127563475,59.96002664890073
shruti_filming_1_flipped.mp4,2788,1,6,0.2089864327343659,0.9998139063517252,0.3681937323676215,5,0.2089864327343659,0.9998139063517252,59.96002664890073
shruti_filming_1_flipped.mp4,2789,1,6,0.2096066561392702,1.0,0.3667753431532118,4,0.2096066561392702,1.0,59.96002664890073
shruti_filming_1_flipped.mp4,2790,1,6,0.2102978125815409,1.0,0.3633025557906539,4,0.2102978125815409,1.0,59.96002664890073
shruti_filming_1_flipped.mp4,2791,1,6,0.2128735953305537,1.0,0.3572857326931423,4,0.2128735953305537,1.0,59.96002664890073
shruti_filming_1_flipped.mp4,2792,1,6,0.2133447186035563,1.0,0.3570162455240885,4,0.2133447186035563,1.0,59.96002664890073
shruti_filming_1_flipped.mp4,2793,1,6,0.2111051380279025,0.9991544723510742,0.3550989221643518,5,0.2111051380279025,0.9991544723510742,59.96002664890073
shruti_filming_1_flipped.mp4,2794,1,6,0.210957548778323,0.998445192972819,0.3557640075683593,5,0.210957548778323,0.998445192972819,59.96002664890073
shruti_filming_1_flipped.mp4,2795,1,6,0.2108424959416906,0.9971794128417968,0.3542591801396123,4,0.2108424959416906,0.9971794128417968,59.96002664890073
shruti_filming_1_flipped.mp4,2796,1,5,0.2069440870904751,0.9916246414184572,0.347574304651331,4,0.2069440870904751,0.9916246414184572,59.96002664890073
shruti_filming_1_flipped.mp4,2797,1,6,0.1944747768370089,0.9860615412394206,0.3145884761103877,4,0.1944747768370089,0.9860615412394206,59.96002664890073
shruti_filming_1_flipped.mp4,2798,1,6,0.1833970466046594,0.9795185089111328,0.2896135118272569,4,0.1833970466046594,0.9795185089111328,59.96002664890073
shruti_filming_1_flipped.mp4,2799,1,5,0.1775418835168238,0.9747549057006836,0.2765016343858507,4,0.1775418835168238,0.9747549057006836,59.96002664890073
shruti_filming_1_flipped.mp4,2800,1,6,0.1671393473260751,0.9682846705118816,0.2421435885959201,4,0.1671393473260751,0.9682846705118816,59.96002664890073
shruti_filming_1_flipped.mp4,2801,1,8,0.1691546746571354,0.9646245956420898,0.2480907864040798,6,0.1691546746571354,0.9646245956420898,59.96002664890073
shruti_filming_1_flipped.mp4,2802,1,8,0.1643403413026707,0.9606836318969728,0.2388616773817274,6,0.1643403413026707,0.9606836318969728,59.96002664890073
shruti_filming_1_flipped.mp4,2803,1,9,0.1578667868450187,0.9564728418986004,0.2201671176486545,7,0.1578667868450187,0.9564728418986004,59.96002664890073
shruti_filming_1_flipped.mp4,2804,1,8,0.1562100488449343,0.9492790222167968,0.2268500434027777,6,0.1562100488449343,0.9492790222167968,59.96002664890073
shruti_filming_1_flipped.mp4,2805,1,9,0.1398534861246783,0.9463162104288736,0.1725167168511284,7,0.1398534861246783,0.9463162104288736,59.96002664890073
shruti_filming_1_flipped.mp4,2806,1,7,0.1305267206639037,0.9422174453735352,0.1421549196596498,5,0.1305267206639037,0.9422174453735352,59.96002664890073
shruti_filming_1_flipped.mp4,2807,1,8,0.1245477284968634,0.93773193359375,0.1173030429416232,6,0.1245477284968634,0.93773193359375,59.96002664890073
shruti_filming_1_flipped.mp4,2808,1,8,0.1327931493185072,0.9338787078857422,0.1565088625307436,6,0.1327931493185072,0.9338787078857422,59.96002664890073
shruti_filming_1_flipped.mp4,2809,1,8,0.1249955232411351,0.9297197977701824,0.1191089206271701,6,0.1249955232411351,0.9297197977701824,59.96002664890073
shruti_filming_1_flipped.mp4,2810,1,7,0.1236799635654703,0.9258803049723308,0.124065116599754,5,0.1236799635654703,0.9258803049723308,59.96002664890073
shruti_filming_1_flipped.mp4,2811,1,7,0.1216259351729402,0.9230263392130534,0.1230172051323784,5,0.1216259351729402,0.9230263392130534,59.96002664890073
shruti_filming_1_flipped.mp4,2812,1,8,0.1138332286435211,0.918232790629069,0.0977821915237991,6,0.1138332286435211,0.918232790629069,59.96002664890073
shruti_filming_1_flipped.mp4,2813,1,8,0.1116685172045739,0.91886412302653,0.0828125847710503,6,0.1116685172045739,0.91886412302653,59.96002664890073
shruti_filming_1_flipped.mp4,2814,1,8,0.1100454597522337,0.9176446914672852,0.0801411664044415,5,0.1100454597522337,0.9176446914672852,59.96002664890073
shruti_filming_1_flipped.mp4,2815,1,6,0.1047274034220673,0.9115512847900392,0.0702705665870949,4,0.1047274034220673,0.9115512847900392,59.96002664890073
shruti_filming_1_flipped.mp4,2816,1,8,0.1029727028158312,0.911550776163737,0.0594668918185763,5,0.1029727028158312,0.911550776163737,59.96002664890073
shruti_filming_1_flipped.mp4,2817,1,8,0.1015777383615366,0.9994505564371744,0.6346333821614584,6,0.1007538664928834,0.9099123636881512,59.96002664890073
shruti_filming_1_flipped.mp4,2818,1,8,0.1040931830803876,0.9994701385498048,0.6249662611219619,7,0.0979974434823897,0.9061643600463868,59.96002664890073
shruti_filming_1_flipped.mp4,2819,1,8,0.1061010330844308,0.999470329284668,0.6167204115125868,6,0.0959919263737672,0.9000247955322266,59.96002664890073
shruti_filming_1_flipped.mp4,2820,1,8,0.1090241061307433,0.9994182586669922,0.6080409862377025,7,0.0916853776432065,0.8983656565348307,59.96002664890073
shruti_filming_1_flipped.mp4,2821,1,7,0.112082011511504,0.9993757247924804,0.5984207153320312,7,0.112082011511504,0.9993757247924804,59.96002664890073
shruti_filming_1_flipped.mp4,2822,1,7,0.1151677606471477,0.999273935953776,0.5912872314453125,7,0.1151677606471477,0.999273935953776,59.96002664890073
shruti_filming_1_flipped.mp4,2823,1,6,0.1179486987605923,0.9994529724121094,0.5865585892288773,6,0.1179486987605923,0.9994529724121094,59.96002664890073
shruti_filming_1_flipped.mp4,2824,1,6,0.1204159684376403,0.9993341445922852,0.5771969265407986,6,0.1204159684376403,0.9993341445922852,59.96002664890073
shruti_filming_1_flipped.mp4,2825,1,6,0.1221554136069284,0.9993396759033204,0.5716169569227431,6,0.1221554136069284,0.9993396759033204,59.96002664890073
shruti_filming_1_flipped.mp4,2826,1,8,0.1241514690486817,0.9995644251505534,0.5630771213107639,8,0.1241514690486817,0.9995644251505534,59.96002664890073
shruti_filming_1_flipped.mp4,2827,1,6,0.1264348533527169,0.9993513107299804,0.5567795364945023,6,0.1264348533527169,0.9993513107299804,59.96002664890073
shruti_filming_1_flipped.mp4,2828,1,6,0.1299029298859467,0.9994810104370118,0.5481412534360532,6,0.1299029298859467,0.9994810104370118,59.96002664890073
shruti_filming_1_flipped.mp4,2829,1,5,0.1321461902547809,0.9995561599731444,0.5414665504738136,5,0.1321461902547809,0.9995561599731444,59.96002664890073
shruti_filming_1_flipped.mp4,2830,1,8,0.1340894611995382,0.999614969889323,0.5348147922092014,8,0.1340894611995382,0.999614969889323,59.96002664890073
shruti_filming_1_flipped.mp4,2831,1,8,0.1340417621452124,0.9994562149047852,0.529231036150897,8,0.1340417621452124,0.9994562149047852,59.96002664890073
shruti_filming_1_flipped.mp4,2832,1,7,0.135901487362571,0.9994132995605468,0.5225970232928241,7,0.135901487362571,0.9994132995605468,59.96002664890073
shruti_filming_1_flipped.mp4,2833,1,5,0.138405781891779,0.9994930267333983,0.5163428412543403,5,0.138405781891779,0.9994930267333983,59.96002664890073
shruti_filming_1_flipped.mp4,2834,1,6,0.1399734607849192,0.9994819641113282,0.5110305786132813,6,0.1399734607849192,0.9994819641113282,59.96002664890073
shruti_filming_1_flipped.mp4,2835,1,5,0.1420481733591684,0.9990947723388672,0.5043928358289931,5,0.1420481733591684,0.9990947723388672,59.96002664890073
shruti_filming_1_flipped.mp4,2836,1,5,0.1440626145988655,0.9982057571411131,0.4974638197157118,5,0.1440626145988655,0.9982057571411131,59.96002664890073
shruti_filming_1_flipped.mp4,2837,1,7,0.1450982925017726,0.999142837524414,0.4934326737015335,7,0.1450982925017726,0.999142837524414,59.96002664890073
shruti_filming_1_flipped.mp4,2838,1,7,0.146122748253078,0.9994640986124674,0.4893710101092303,7,0.146122748253078,0.9994640986124674,59.96002664890073
shruti_filming_1_flipped.mp4,2839,1,5,0.1476762823772151,0.9994672775268556,0.4846978081597222,5,0.1476762823772151,0.9994672775268556,59.96002664890073
shruti_filming_1_flipped.mp4,2840,1,8,0.1496745794958918,0.9994382858276368,0.480187592683015,8,0.1496745794958918,0.9994382858276368,59.96002664890073
shruti_filming_1_flipped.mp4,2841,1,8,0.1490834463884756,0.9995298385620116,0.4771612661856192,7,0.1490834463884756,0.9995298385620116,59.96002664890073
shruti_filming_1_flipped.mp4,2842,1,8,0.1522664886902688,0.9994302749633788,0.468611568874783,7,0.1522664886902688,0.9994302749633788,59.96002664890073
shruti_filming_1_flipped.mp4,2843,1,6,0.1549157186585459,0.9993326187133788,0.4658239576551649,6,0.1549157186585459,0.9993326187133788,59.96002664890073
shruti_filming_1_flipped.mp4,2844,1,5,0.1554634602822867,0.998317591349284,0.4609048631456163,5,0.1554634602822867,0.998317591349284,59.96002664890073
shruti_filming_1_flipped.mp4,2845,1,4,0.1574361874737466,0.9984535853068034,0.4570393880208333,4,0.1574361874737466,0.9984535853068034,59.96002664890073
shruti_filming_1_flipped.mp4,2846,1,5,0.1594225520117659,0.9994598388671876,0.4532507154676649,5,0.1594225520117659,0.9994598388671876,59.96002664890073
shruti_filming_1_flipped.mp4,2847,1,4,0.1591704552029518,0.9987142562866212,0.4488817003038194,4,0.1591704552029518,0.9987142562866212,59.96002664890073
shruti_filming_1_flipped.mp4,2848,1,5,0.1607941786765231,0.9986190795898438,0.4435176425509982,5,0.1607941786765231,0.9986190795898438,59.96002664890073
shruti_filming_1_flipped.mp4,2849,1,5,0.1628207849484655,0.9996376673380534,0.4403777793601707,5,0.1628207849484655,0.9996376673380534,59.96002664890073
shruti_filming_1_flipped.mp4,2850,1,4,0.1633188499488083,0.9995996475219726,0.4385912859881365,4,0.1633188499488083,0.9995996475219726,59.96002664890073
shruti_filming_1_flipped.mp4,2851,1,3,0.1648597584314426,0.9993650436401368,0.4364452220775462,3,0.1648597584314426,0.9993650436401368,59.96002664890073
shruti_filming_1_flipped.mp4,2852,1,3,0.1656853212155531,0.9994333267211916,0.4332776104962384,3,0.1656853212155531,0.9994333267211916,59.96002664890073
shruti_filming_1_flipped.mp4,2853,1,3,0.1657860643270477,0.9994213104248046,0.4215707849573206,3,0.1657860643270477,0.9994213104248046,59.96002664890073
shruti_filming_1_flipped.mp4,2854,1,3,0.1595250503993237,0.9992141723632812,0.395469241672092,3,0.1595250503993237,0.9992141723632812,59.96002664890073
shruti_filming_1_flipped.mp4,2855,1,6,0.1529432216188676,0.998440933227539,0.3616340072066695,4,0.1529432216188676,0.998440933227539,59.96002664890073
shruti_filming_1_flipped.mp4,2856,1,6,0.1484901997542571,0.9988054275512696,0.3393875969780816,4,0.1484901997542571,0.9988054275512696,59.96002664890073
shruti_filming_1_flipped.mp4,2857,1,5,0.1416188934266015,0.998882293701172,0.3139392994068287,3,0.1416188934266015,0.998882293701172,59.96002664890073
shruti_filming_1_flipped.mp4,2858,1,5,0.1356073481478314,0.9993066787719728,0.2894168429904514,3,0.1356073481478314,0.9993066787719728,59.96002664890073
shruti_filming_1_flipped.mp4,2859,1,4,0.1327287990578204,0.9994423548380534,0.2667956882052951,3,0.1327287990578204,0.9994423548380534,59.96002664890073
shruti_filming_1_flipped.mp4,2860,1,4,0.1283685958874358,0.998241106669108,0.2444956179018373,3,0.1283685958874358,0.998241106669108,59.96002664890073
shruti_filming_1_flipped.mp4,2861,1,4,0.1209901266894087,0.9898151397705078,0.231527766474971,3,0.1209901266894087,0.9898151397705078,59.96002664890073
shruti_filming_1_flipped.mp4,2862,1,4,0.1159620228596031,0.985403060913086,0.2161431206597222,3,0.1159620228596031,0.985403060913086,59.96002664890073
shruti_filming_1_flipped.mp4,2863,1,4,0.1120124974779577,0.9813451766967772,0.2013668484157986,3,0.1120124974779577,0.9813451766967772,59.96002664890073
shruti_filming_1_flipped.mp4,2864,1,4,0.1055680420176941,0.97606143951416,0.1806042989095052,3,0.1055680420176941,0.97606143951416,59.96002664890073
shruti_filming_1_flipped.mp4,2865,1,4,0.109730500390212,0.9997011184692384,0.6911955091688368,3,0.1007595984750272,0.969329833984375,59.96002664890073
shruti_filming_1_flipped.mp4,2866,1,4,0.1158012757583896,0.999676513671875,0.6758401941370081,3,0.0971049971844574,0.9662075678507488,59.96002664890073
shruti_filming_1_flipped.mp4,2867,1,4,0.1202650091424584,0.999640655517578,0.6652355052806713,3,0.0921824858467637,0.9598663965861004,59.96002664890073
shruti_filming_1_flipped.mp4,2868,1,4,0.1207606537301879,0.9997304916381836,0.6640156498661748,3,0.0902467517651665,0.959178352355957,59.96002664890073
shruti_filming_1_flipped.mp4,2869,1,4,0.1228746256085017,0.999593989054362,0.6590714631257234,3,0.0860022634540089,0.9522367477416992,59.96002664890073
shruti_filming_1_flipped.mp4,2870,1,4,0.1227656229841522,0.9994186401367188,0.659954042787905,3,0.0814120057763756,0.9467296600341796,59.96002664890073
shruti_filming_1_flipped.mp4,2871,1,4,0.1273496330291877,0.9994972229003908,0.6471114547164352,3,0.0776362788587209,0.9432231903076173,59.96002664890073
shruti_filming_1_flipped.mp4,2872,1,4,0.131009672327588,0.9996461868286132,0.6372608326099537,3,0.0752337132027605,0.9391027450561524,59.96002664890073
shruti_filming_1_flipped.mp4,2873,1,6,0.1345544386609819,0.9993019739786784,0.6274639553493924,5,0.0723876060024809,0.9372088114420573,59.96002664890073
shruti_filming_1_flipped.mp4,2874,1,6,0.1359860786690842,0.9993303934733072,0.621422944245515,5,0.0697798481996869,0.93745059967041,59.96002664890073
shruti_filming_1_flipped.mp4,2875,1,6,0.1402579984856183,0.9993857065836588,0.6066583704065394,5,0.0649284983032245,0.9294111251831054,59.96002664890073
shruti_filming_1_flipped.mp4,2876,1,6,0.1432333492134973,0.9994123458862304,0.5966477570710359,6,0.1432333492134973,0.9994123458862304,59.96002664890073
shruti_filming_1_flipped.mp4,2877,1,6,0.1458785531499436,0.9992233912150064,0.588195405183015,6,0.1458785531499436,0.9992233912150064,59.96002664890073
shruti_filming_1_flipped.mp4,2878,1,5,0.1494785267616949,0.9992621103922528,0.5786768030237268,5,0.1494785267616949,0.9992621103922528,59.96002664890073
shruti_filming_1_flipped.mp4,2879,1,5,0.1503379373063648,0.9993474960327148,0.5744341249819155,5,0.1503379373063648,0.9993474960327148,59.96002664890073
shruti_filming_1_flipped.mp4,2880,1,5,0.1524996882617361,0.9993623733520508,0.5668676870840567,5,0.1524996882617361,0.9993623733520508,59.96002664890073
shruti_filming_1_flipped.mp4,2881,1,5,0.1577734356038854,0.9993602752685546,0.5485261705186631,5,0.1577734356038854,0.9993602752685546,59.96002664890073
shruti_filming_1_flipped.mp4,2882,1,5,0.1562700992926127,0.9990639368693034,0.5530164930555556,5,0.1562700992926127,0.9990639368693034,59.96002664890073
shruti_filming_1_flipped.mp4,2883,1,7,0.1592404302326354,0.9992471694946288,0.5447449295609086,5,0.1592404302326354,0.9992471694946288,59.96002664890073
shruti_filming_1_flipped.mp4,2884,1,5,0.1611883685305243,0.99925479888916,0.5380088523582176,5,0.1611883685305243,0.99925479888916,59.96002664890073
shruti_filming_1_flipped.mp4,2885,1,5,0.1626733423339923,0.999277687072754,0.5311840481228298,5,0.1626733423339923,0.999277687072754,59.96002664890073
shruti_filming_1_flipped.mp4,2886,1,5,0.1647083419789042,0.9993097305297852,0.5259205570927372,5,0.1647083419789042,0.9993097305297852,59.96002664890073
shruti_filming_1_flipped.mp4,2887,1,5,0.1667730943998321,0.999403953552246,0.5205903229890047,5,0.1667730943998321,0.999403953552246,59.96002664890073
shruti_filming_1_flipped.mp4,2888,1,5,0.1683538355517817,0.9994036356608073,0.5155659428349247,5,0.1683538355517817,0.9994036356608073,59.96002664890073
shruti_filming_1_flipped.mp4,2889,1,5,0.1681229924251157,0.9994668960571288,0.5144059357819734,5,0.1681229924251157,0.9994668960571288,59.96002664890073
shruti_filming_1_flipped.mp4,2890,1,4,0.169607850543847,0.9994449615478516,0.5107948585792824,4,0.169607850543847,0.9994449615478516,59.96002664890073
shruti_filming_1_flipped.mp4,2891,1,5,0.1693223412562575,0.9994464874267578,0.5071216724537037,5,0.1693223412562575,0.9994464874267578,59.96002664890073
shruti_filming_1_flipped.mp4,2892,1,5,0.1709913162160255,0.999587631225586,0.5006872671621817,5,0.1709913162160255,0.999587631225586,59.96002664890073
shruti_filming_1_flipped.mp4,2893,1,4,0.1728234517137106,0.999676513671875,0.4945823386863426,4,0.1728234517137106,0.999676513671875,59.96002664890073
shruti_filming_1_flipped.mp4,2894,1,5,0.1742347883998364,0.999547004699707,0.4885144269024884,5,0.1742347883998364,0.999547004699707,59.96002664890073
shruti_filming_1_flipped.mp4,2895,1,5,0.1737303216984771,0.9995141983032226,0.4894929108796296,5,0.1737303216984771,0.9995141983032226,59.96002664890073
shruti_filming_1_flipped.mp4,2896,1,6,0.1762076008319854,0.9995066324869792,0.479578540943287,6,0.1762076008319854,0.9995066324869792,59.96002664890073
shruti_filming_1_flipped.mp4,2897,1,5,0.1775865478216373,0.9995384852091472,0.4762385050455729,5,0.1775865478216373,0.9995384852091472,59.96002664890073
shruti_filming_1_flipped.mp4,2898,1,5,0.1799593224216854,0.9995635986328124,0.4692748740867332,5,0.1799593224216854,0.9995635986328124,59.96002664890073
shruti_filming_1_flipped.mp4,2899,1,5,0.1802181471530477,0.999522590637207,0.4667831986038773,5,0.1802181471530477,0.999522590637207,59.96002664890073
shruti_filming_1_flipped.mp4,2900,1,5,0.1804355880177496,0.9995037078857422,0.4675380848072193,5,0.1804355880177496,0.9995037078857422,59.96002664890073
shruti_filming_1_flipped.mp4,2901,1,5,0.1836774650731725,0.999551264444987,0.4611854553222656,5,0.1836774650731725,0.999551264444987,59.96002664890073
shruti_filming_1_flipped.mp4,2902,1,5,0.1837305228657521,0.9996055603027344,0.4596485844364872,5,0.1837305228657521,0.9996055603027344,59.96002664890073
shruti_filming_1_flipped.mp4,2903,1,5,0.1846198055873834,0.9996660232543946,0.4571253741229022,5,0.1846198055873834,0.9996660232543946,59.96002664890073
shruti_filming_1_flipped.mp4,2904,1,5,0.1855828728059929,0.9998573303222656,0.452449459499783,5,0.1855828728059929,0.9998573303222656,59.96002664890073
shruti_filming_1_flipped.mp4,2905,1,4,0.1863934863042797,0.999888038635254,0.448496585422092,4,0.1863934863042797,0.999888038635254,59.96002664890073
shruti_filming_1_flipped.mp4,2906,1,4,0.1869815857141791,0.999903933207194,0.4455487004032841,4,0.1869815857141791,0.999903933207194,59.96002664890073
shruti_filming_1_flipped.mp4,2907,1,4,0.1875544823140404,0.9998968124389648,0.442378658718533,4,0.1875544823140404,0.9998968124389648,59.96002664890073
shruti_filming_1_flipped.mp4,2908,1,5,0.1881839468807986,0.999833297729492,0.4396241929796007,5,0.1881839468807986,0.999833297729492,59.96002664890073
shruti_filming_1_flipped.mp4,2909,1,5,0.1883852732183489,0.9998952865600584,0.438346693250868,5,0.1883852732183489,0.9998952865600584,59.96002664890073
shruti_filming_1_flipped.mp4,2910,1,5,0.1896063321171724,0.999306869506836,0.4338563424569589,5,0.1896063321171724,0.999306869506836,59.96002664890073
shruti_filming_1_flipped.mp4,2911,1,5,0.189299372206442,0.9997236887613932,0.4360107421875,5,0.189299372206442,0.9997236887613932,59.96002664890073
shruti_filming_1_flipped.mp4,2912,1,6,0.1893152939527364,0.9992836634318034,0.4358148645471643,5,0.1893152939527364,0.9992836634318034,59.96002664890073
shruti_filming_1_flipped.mp4,2913,1,6,0.1899493794849452,0.9992061614990234,0.4338235078034577,5,0.1899493794849452,0.9992061614990234,59.96002664890073
shruti_filming_1_flipped.mp4,2914,1,6,0.1907294369778052,0.9991119384765624,0.4301240709092881,5,0.1907294369778052,0.9991119384765624,59.96002664890073
shruti_filming_1_flipped.mp4,2915,1,5,0.1905268633191978,0.9993125915527344,0.430293952094184,4,0.1905268633191978,0.9993125915527344,59.96002664890073
shruti_filming_1_flipped.mp4,2916,1,5,0.191964867011368,0.9993981043497722,0.426442238136574,4,0.191964867011368,0.9993981043497722,59.96002664890073
shruti_filming_1_flipped.mp4,2917,1,4,0.1919276941340164,0.9994749069213869,0.4249310811360677,3,0.1919276941340164,0.9994749069213869,59.96002664890073
shruti_filming_1_flipped.mp4,2918,1,4,0.19148933856955,0.9981941223144531,0.4219975224247685,3,0.19148933856955,0.9981941223144531,59.96002664890073
shruti_filming_1_flipped.mp4,2919,1,4,0.1871268489137583,0.9907381057739256,0.422674306233724,3,0.1871268489137583,0.9907381057739256,59.96002664890073
shruti_filming_1_flipped.mp4,2920,1,4,0.1852104100893484,0.987274169921875,0.4210802714029948,3,0.1852104100893484,0.987274169921875,59.96002664890073
shruti_filming_1_flipped.mp4,2921,1,4,0.1775774872923244,0.9729692459106444,0.4165220472547743,3,0.1775774872923244,0.9729692459106444,59.96002664890073
shruti_filming_1_flipped.mp4,2922,1,4,0.1753132691513746,0.9686134338378908,0.4166549682617187,3,0.1753132691513746,0.9686134338378908,59.96002664890073
shruti_filming_1_flipped.mp4,2923,1,4,0.1725734192020037,0.9622703552246094,0.4099849842212818,3,0.1725734192020037,0.9622703552246094,59.96002664890073
shruti_filming_1_flipped.mp4,2924,1,5,0.17239658780244,0.9611358642578124,0.4041447957356771,4,0.17239658780244,0.9611358642578124,59.96002664890073
shruti_filming_1_flipped.mp4,2925,1,5,0.1702945234752001,0.9568233489990234,0.4024540653935185,4,0.1702945234752001,0.9568233489990234,59.96002664890073
shruti_filming_1_flipped.mp4,2926,1,4,0.169440083646569,0.9556310653686524,0.4026144522207754,3,0.169440083646569,0.9556310653686524,59.96002664890073
shruti_filming_1_flipped.mp4,2927,1,5,0.1629745735347064,0.9484003067016602,0.3827172173394097,4,0.1629745735347064,0.9484003067016602,59.96002664890073
shruti_filming_1_flipped.mp4,2928,1,6,0.1542483401087035,0.9396497726440428,0.3575569152832031,4,0.1542483401087035,0.9396497726440428,59.96002664890073
shruti_filming_1_flipped.mp4,2929,1,6,0.1455252631613984,0.9374187469482422,0.3314161512586805,4,0.1455252631613984,0.9374187469482422,59.96002664890073
shruti_filming_1_flipped.mp4,2930,1,6,0.1410411054652326,0.9372772216796876,0.3206941392686632,3,0.1410411054652326,0.9372772216796876,59.96002664890073
shruti_filming_1_flipped.mp4,2931,1,6,0.1343871513972731,0.933782196044922,0.3026994493272569,3,0.1343871513972731,0.933782196044922,59.96002664890073
shruti_filming_1_flipped.mp4,2932,1,6,0.130092347424943,0.930059051513672,0.2845131768120659,3,0.130092347424943,0.930059051513672,59.96002664890073
shruti_filming_1_flipped.mp4,2933,1,6,0.1249897883496143,0.9249695460001628,0.2717141045464409,3,0.1249897883496143,0.9249695460001628,59.96002664890073
shruti_filming_1_flipped.mp4,2934,1,6,0.120056034936548,0.9201134363810222,0.2585936369719329,3,0.120056034936548,0.9201134363810222,59.96002664890073
shruti_filming_1_flipped.mp4,2935,1,5,0.1150895755527017,0.9166841506958008,0.2471694098578559,3,0.1150895755527017,0.9166841506958008,59.96002664890073
shruti_filming_1_flipped.mp4,2936,1,6,0.1107805541483685,0.9143510818481444,0.225714111328125,5,0.1107805541483685,0.9143510818481444,59.96002664890073
shruti_filming_1_flipped.mp4,2937,1,5,0.1073452207753089,0.9107861200968425,0.2183633309823495,4,0.1073452207753089,0.9107861200968425,59.96002664890073
shruti_filming_1_flipped.mp4,2938,1,5,0.1061308849076805,0.9062076568603517,0.1883800082736545,4,0.1061308849076805,0.9062076568603517,59.96002664890073
shruti_filming_1_flipped.mp4,2939,1,5,0.1097900348997899,0.9035732905069987,0.1554921468098958,4,0.1097900348997899,0.9035732905069987,59.96002664890073
shruti_filming_1_flipped.mp4,2940,0,5,0.1048752225907487,0.9003975550333659,0.1337068063241464,4,0.1048752225907487,0.9003975550333659,59.96002664890073
shruti_filming_1_flipped.mp4,2941,0,5,0.0978835270078303,0.8976839065551758,0.1098312095359519,4,0.0978835270078303,0.8976839065551758,59.96002664890073
shruti_filming_1_flipped.mp4,2942,0,5,0.0933338362481272,0.8947402954101562,0.1173624674479166,4,0.0933338362481272,0.8947402954101562,59.96002664890073
shruti_filming_1_flipped.mp4,2943,0,5,0.0927414702266914,0.8936338424682617,0.0995355394151475,4,0.0927414702266914,0.8936338424682617,59.96002664890073
shruti_filming_1_flipped.mp4,2944,0,5,0.0867891662278127,0.8926656723022461,0.0813506797507957,4,0.0867891662278127,0.8926656723022461,59.96002664890073
shruti_filming_1_flipped.mp4,2945,0,5,0.0881839226103491,0.9991209030151368,0.7082368073640046,4,0.0845320991497417,0.8882424036661783,59.96002664890073
shruti_filming_1_flipped.mp4,2946,0,5,0.0909608963949183,0.9989959716796876,0.6999436555085359,4,0.0819577403744484,0.8845255533854167,59.96002664890073
shruti_filming_1_flipped.mp4,2947,0,4,0.0936467600079938,0.9992700576782226,0.6873110735857928,3,0.0804949341632891,0.882928466796875,59.96002664890073
shruti_filming_1_flipped.mp4,2948,0,4,0.0957144477281447,0.9994099299112956,0.6793320832429108,3,0.0772683520466204,0.8792036056518555,59.96002664890073
shruti_filming_1_flipped.mp4,2949,0,4,0.0986409678153641,0.9994303385416666,0.6705423990885416,3,0.07606939192027,0.8775295893351237,59.96002664890073
shruti_filming_1_flipped.mp4,2950,0,5,0.1014144571424306,0.9994369506835936,0.6617523193359375,4,0.0764364319525365,0.87677001953125,59.96002664890073
shruti_filming_1_flipped.mp4,2951,0,6,0.1037055152308312,0.99940128326416,0.655448235405816,5,0.074659734153829,0.8771873474121094,59.96002664890073
shruti_filming_1_flipped.mp4,2952,0,4,0.1060003604760384,0.9993996302286784,0.6479565655743634,3,0.0745238400960968,0.8755895614624023,59.96002664890073
shruti_filming_1_flipped.mp4,2953,0,4,0.1082252673339098,0.9993877410888672,0.6396233452690973,3,0.0710225063763209,0.8704607009887695,59.96002664890073
shruti_filming_1_flipped.mp4,2954,0,4,0.1117037800669506,0.999464480082194,0.6312527691876447,3,0.0676960788719588,0.8656957626342774,59.96002664890073
shruti_filming_1_flipped.mp4,2955,0,3,0.1132949729058762,0.9993343353271484,0.624630285192419,2,0.0662573456022792,0.8655107498168946,59.96002664890073
shruti_filming_1_flipped.mp4,2956,0,4,0.1157984687258161,0.999418830871582,0.6179287380642361,3,0.0622907967206427,0.862872568766276,59.96002664890073
shruti_filming_1_flipped.mp4,2957,0,4,0.1191081486999367,0.9988693237304688,0.6096435546875,3,0.0602946335793401,0.861224365234375,59.96002664890073
shruti_filming_1_flipped.mp4,2958,0,4,0.1203908596000954,0.9988014221191406,0.6049041182906539,3,0.0581977974400959,0.8590651194254557,59.96002664890073
shruti_filming_1_flipped.mp4,2959,0,4,0.122383398478053,0.9988000869750976,0.5988261470088252,4,0.122383398478053,0.9988000869750976,59.96002664890073
shruti_filming_1_flipped.mp4,2960,0,4,0.1243648240063339,0.9987682978312176,0.5915439181857639,4,0.1243648240063339,0.9987682978312176,59.96002664890073
shruti_filming_1_flipped.mp4,2961,0,4,0.1262151963271511,0.9988245010375976,0.5840457492404514,4,0.1262151963271511,0.9988245010375976,59.96002664890073
shruti_filming_1_flipped.mp4,2962,0,4,0.1278541747803647,0.9987194061279296,0.579172205041956,4,0.1278541747803647,0.9987194061279296,59.96002664890073
shruti_filming_1_flipped.mp4,2963,0,3,0.1290719924711932,0.998952293395996,0.5712296097366898,3,0.1290719924711932,0.998952293395996,59.96002664890073
shruti_filming_1_flipped.mp4,2964,0,3,0.1311450825551421,0.998951530456543,0.5655615912543402,3,0.1311450825551421,0.998951530456543,59.96002664890073
shruti_filming_1_flipped.mp4,2965,0,3,0.1325508021456577,0.9988828659057616,0.56096270525897,3,0.1325508021456577,0.9988828659057616,59.96002664890073
shruti_filming_1_flipped.mp4,2966,0,4,0.134422227663971,0.9988787333170572,0.5548404269748264,4,0.134422227663971,0.9988787333170572,59.96002664890073
shruti_filming_1_flipped.mp4,2967,0,3,0.1360237045707051,0.9989168802897136,0.5502712108470775,3,0.1360237045707051,0.9989168802897136,59.96002664890073
shruti_filming_1_flipped.mp4,2968,0,3,0.1381617208267562,0.9990688323974608,0.5435529920789931,3,0.1381617208267562,0.9990688323974608,59.96002664890073
shruti_filming_1_flipped.mp4,2969,0,3,0.1401338206169074,0.9990516662597656,0.5379585548683449,3,0.1401338206169074,0.9990516662597656,59.96002664890073
shruti_filming_1_flipped.mp4,2970,0,3,0.1414283145154412,0.9990477244059244,0.5344557020399305,3,0.1414283145154412,0.9990477244059244,59.96002664890073
shruti_filming_1_flipped.mp4,2971,0,3,0.1430186389932512,0.9991251627604166,0.5307112517180266,3,0.1430186389932512,0.9991251627604166,59.96002664890073
shruti_filming_1_flipped.mp4,2972,0,3,0.1441360937483194,0.9991308212280272,0.5260635941116898,3,0.1441360937483194,0.9991308212280272,59.96002664890073
shruti_filming_1_flipped.mp4,2973,0,3,0.1467371425946044,0.999171257019043,0.5187485306351273,3,0.1467371425946044,0.999171257019043,59.96002664890073
shruti_filming_1_flipped.mp4,2974,0,3,0.1482317690640712,0.9990900039672852,0.5136231033890336,3,0.1482317690640712,0.9990900039672852,59.96002664890073
shruti_filming_1_flipped.mp4,2975,0,3,0.1491993502041118,0.9991711298624676,0.5102710300021701,3,0.1491993502041118,0.9991711298624676,59.96002664890073
shruti_filming_1_flipped.mp4,2976,0,3,0.1501888857147854,0.9983449935913086,0.5039615772388599,3,0.1501888857147854,0.9983449935913086,59.96002664890073
shruti_filming_1_flipped.mp4,2977,0,3,0.1514666258076236,0.9987045288085936,0.5005265412507234,3,0.1514666258076236,0.9987045288085936,59.96002664890073
shruti_filming_1_flipped.mp4,2978,0,3,0.1530329729914579,0.9987234751383464,0.495575855396412,3,0.1530329729914579,0.9987234751383464,59.96002664890073
shruti_filming_1_flipped.mp4,2979,0,4,0.1541403338081565,0.998443603515625,0.4919928656684028,3,0.1541403338081565,0.998443603515625,59.96002664890073
shruti_filming_1_flipped.mp4,2980,0,4,0.1548111496231932,0.9983986536661784,0.489763104474103,3,0.1548111496231932,0.9983986536661784,59.96002664890073
shruti_filming_1_flipped.mp4,2981,0,4,0.1565193296613654,0.9994198481241862,0.4876103153935185,3,0.1565193296613654,0.9994198481241862,59.96002664890073
shruti_filming_1_flipped.mp4,2982,0,3,0.1567567524751993,0.9989494323730468,0.4860044126157407,3,0.1567567524751993,0.9989494323730468,59.96002664890073
shruti_filming_1_flipped.mp4,2983,0,3,0.157979116308464,0.9986848831176758,0.4815790812174479,3,0.157979116308464,0.9986848831176758,59.96002664890073
shruti_filming_1_flipped.mp4,2984,0,3,0.1598751079776169,0.9984752655029296,0.4753835042317708,3,0.1598751079776169,0.9984752655029296,59.96002664890073
shruti_filming_1_flipped.mp4,2985,0,3,0.1599706516471795,0.998993746439616,0.4744021945529514,3,0.1599706516471795,0.998993746439616,59.96002664890073
shruti_filming_1_flipped.mp4,2986,0,3,0.1608641719525352,0.9980422973632812,0.4702064796730324,3,0.1608641719525352,0.9980422973632812,59.96002664890073
shruti_filming_1_flipped.mp4,2987,0,3,0.1612531421302507,0.9952253341674804,0.4644236246744792,3,0.1612531421302507,0.9952253341674804,59.96002664890073
shruti_filming_1_flipped.mp4,2988,0,3,0.1572918852154786,0.988347053527832,0.4648746066623264,3,0.1572918852154786,0.988347053527832,59.96002664890073
shruti_filming_1_flipped.mp4,2989,0,3,0.1537898824014701,0.9770308176676432,0.4582210964626736,3,0.1537898824014701,0.9770308176676432,59.96002664890073
shruti_filming_1_flipped.mp4,2990,0,3,0.155144402719161,0.9782084147135416,0.4533159891764323,3,0.155144402719161,0.9782084147135416,59.96002664890073
shruti_filming_1_flipped.mp4,2991,0,4,0.149738716999957,0.9675935745239258,0.4519379792390046,3,0.149738716999957,0.9675935745239258,59.96002664890073
shruti_filming_1_flipped.mp4,2992,0,4,0.1467619815649231,0.961636734008789,0.448909674750434,3,0.1467619815649231,0.961636734008789,59.96002664890073
shruti_filming_1_flipped.mp4,2993,0,4,0.1450571806195107,0.9560789108276369,0.4437890794542101,3,0.1450571806195107,0.9560789108276369,59.96002664890073
shruti_filming_1_flipped.mp4,2994,0,4,0.1441438738256693,0.9536028544108072,0.4413323296440972,3,0.1441438738256693,0.9536028544108072,59.96002664890073
shruti_filming_1_flipped.mp4,2995,0,4,0.1415314305496091,0.9475797653198242,0.4377373589409722,3,0.1415314305496091,0.9475797653198242,59.96002664890073
shruti_filming_1_flipped.mp4,2996,0,4,0.1389042902020931,0.9419634501139325,0.4340266757541232,3,0.1389042902020931,0.9419634501139325,59.96002664890073
shruti_filming_1_flipped.mp4,2997,0,4,0.1358706775354221,0.9362062454223632,0.4245438187210648,3,0.1358706775354221,0.9362062454223632,59.96002664890073
shruti_filming_1_flipped.mp4,2998,0,4,0.1343367483479798,0.933985710144043,0.4222892478660301,3,0.1343367483479798,0.933985710144043,59.96002664890073
shruti_filming_1_flipped.mp4,2999,0,4,0.1356527331833408,0.9318068186442058,0.4239264029043692,3,0.1356527331833408,0.9318068186442058,59.96002664890073
shruti_filming_1_flipped.mp4,3000,0,4,0.1336634078207943,0.928123919169108,0.4205033478913483,3,0.1336634078207943,0.928123919169108,59.96002664890073
shruti_filming_1_flipped.mp4,3001,0,4,0.1282624412813338,0.925334612528483,0.4009785687481915,3,0.1282624412813338,0.925334612528483,59.96002664890073
shruti_filming_1_flipped.mp4,3002,0,4,0.1236260331567124,0.9195199966430664,0.3896922076189959,3,0.1236260331567124,0.9195199966430664,59.96002664890073
shruti_filming_1_flipped.mp4,3003,0,4,0.1190340612908605,0.9162279764811198,0.3716308311179832,3,0.1190340612908605,0.9162279764811198,59.96002664890073
shruti_filming_1_flipped.mp4,3004,0,4,0.119012198888576,0.916181755065918,0.3716643721969039,3,0.119012198888576,0.916181755065918,59.96002664890073
shruti_filming_1_flipped.mp4,3005,0,4,0.1146563451684778,0.913577651977539,0.3581851535373264,3,0.1146563451684778,0.913577651977539,59.96002664890073
shruti_filming_1_flipped.mp4,3006,0,4,0.1126732199803356,0.913106600443522,0.3402131539803964,3,0.1126732199803356,0.913106600443522,59.96002664890073
shruti_filming_1_flipped.mp4,3007,0,4,0.1106373438715915,0.9141003290812174,0.3227442140932436,3,0.1106373438715915,0.9141003290812174,59.96002664890073
shruti_filming_1_flipped.mp4,3008,0,4,0.1052422599874531,0.9048309326171876,0.3092325846354166,3,0.1052422599874531,0.9048309326171876,59.96002664890073
shruti_filming_1_flipped.mp4,3009,0,4,0.103114086593802,0.903953742980957,0.2977390713161892,3,0.103114086593802,0.903953742980957,59.96002664890073
shruti_filming_1_flipped.mp4,3010,0,4,0.1021350972029419,0.904694430033366,0.2833874172634548,3,0.1021350972029419,0.904694430033366,59.96002664890073
shruti_filming_1_flipped.mp4,3011,0,4,0.1006410315798388,0.9070789337158204,0.2713473849826389,3,0.1006410315798388,0.9070789337158204,59.96002664890073
shruti_filming_1_flipped.mp4,3012,0,5,0.0942707326435387,0.8962894439697265,0.2610501607259115,4,0.0942707326435387,0.8962894439697265,59.96002664890073
shruti_filming_1_flipped.mp4,3013,0,5,0.0911526734046753,0.8930830001831055,0.2478824756763599,4,0.0911526734046753,0.8930830001831055,59.96002664890073
shruti_filming_1_flipped.mp4,3014,0,4,0.0888692348996173,0.8917553583780925,0.2319676717122396,3,0.0888692348996173,0.8917553583780925,59.96002664890073
shruti_filming_1_flipped.mp4,3015,0,5,0.0876709362895646,0.8922943751017253,0.2211116932056568,4,0.0876709362895646,0.8922943751017253,59.96002664890073
shruti_filming_1_flipped.mp4,3016,0,4,0.0855380719082313,0.8908416748046875,0.2083469814724392,3,0.0855380719082313,0.8908416748046875,59.96002664890073
shruti_filming_1_flipped.mp4,3017,0,4,0.0828269603895023,0.8872776031494141,0.1980150010850694,3,0.0828269603895023,0.8872776031494141,59.96002664890073
shruti_filming_1_flipped.mp4,3018,0,4,0.0779332041554153,0.8804865519205729,0.1853386490433304,3,0.0779332041554153,0.8804865519205729,59.96002664890073
shruti_filming_1_flipped.mp4,3019,0,4,0.0772383060828454,0.8809588114420573,0.1753694039803964,3,0.0772383060828454,0.8809588114420573,59.96002664890073
shruti_filming_1_flipped.mp4,3020,0,4,0.077156364334967,0.8844235102335612,0.1625603569878472,3,0.077156364334967,0.8844235102335612,59.96002664890073
shruti_filming_1_flipped.mp4,3021,0,4,0.0737467754143937,0.8802632013956706,0.1491234390823929,3,0.0737467754143937,0.8802632013956706,59.96002664890073
shruti_filming_1_flipped.mp4,3022,0,4,0.0695028670799608,0.8708496729532877,0.1423000759548611,3,0.0695028670799608,0.8708496729532877,59.96002664890073
shruti_filming_1_flipped.mp4,3023,0,6,0.0671473578552724,0.8678245544433594,0.1283583464445891,5,0.0671473578552724,0.8678245544433594,59.96002664890073
shruti_filming_1_flipped.mp4,3024,0,5,0.0644980098891796,0.8636847178141276,0.1162105984157986,4,0.0644980098891796,0.8636847178141276,59.96002664890073
shruti_filming_1_flipped.mp4,3025,0,4,0.064169969110824,0.8652559916178385,0.1052371272334346,3,0.064169969110824,0.8652559916178385,59.96002664890073
shruti_filming_1_flipped.mp4,3026,0,4,0.0629999725064004,0.8639699935913085,0.0960743091724537,3,0.0629999725064004,0.8639699935913085,59.96002664890073
shruti_filming_1_flipped.mp4,3027,0,4,0.0619641009787382,0.8645222345987956,0.0838136461046007,3,0.0619641009787382,0.8645222345987956,59.96002664890073
shruti_filming_1_flipped.mp4,3028,0,5,0.0609571268449481,0.8633774439493815,0.0768207126193576,4,0.0609571268449481,0.8633774439493815,59.96002664890073
shruti_filming_1_flipped.mp4,3029,0,6,0.0582560904837431,0.8589088439941406,0.0674230504918981,5,0.0582560904837431,0.8589088439941406,59.96002664890073
shruti_filming_1_flipped.mp4,3030,0,6,0.0561712821542945,0.855874506632487,0.0580744425455729,5,0.0561712821542945,0.855874506632487,59.96002664890073
shruti_filming_1_flipped.mp4,3031,0,8,0.0551724269405369,0.8541540145874024,0.0504183451334635,7,0.0551724269405369,0.8541540145874024,59.96002664890073
shruti_filming_1_flipped.mp4,3032,0,7,0.0547427400990811,0.8558188120524088,0.0406876175491898,6,0.0547427400990811,0.8558188120524088,59.96002664890073
shruti_filming_1_flipped.mp4,3033,0,6,0.0539898649105991,0.8566538492838541,0.0287531252260561,5,0.0539898649105991,0.8566538492838541,59.96002664890073
shruti_filming_1_flipped.mp4,3034,0,6,0.0528279289585124,0.8546215057373047,0.0217026321976273,5,0.0528279289585124,0.8546215057373047,59.96002664890073
shruti_filming_1_flipped.mp4,3035,0,6,0.0511972022165233,0.8530567804972331,0.0140797932942708,5,0.0511972022165233,0.8530567804972331,59.96002664890073
shruti_filming_1_flipped.mp4,3036,0,6,0.0501681278386339,0.8509891510009766,0.0056098372847945,5,0.0501681278386339,0.8509891510009766,59.96002664890073
shruti_filming_1_flipped.mp4,3037,0,6,0.0481577555613842,0.8470499674479167,0.0024120189525462,5,0.0481577555613842,0.8470499674479167,59.96002664890073
shruti_filming_1_flipped.mp4,3038,0,6,0.0473506304999076,0.8444955825805665,0.008388434516059,5,0.0473506304999076,0.8444955825805665,59.96002664890073
shruti_filming_1_flipped.mp4,3039,0,6,0.0463032555769853,0.8429484049479167,0.0200710720486111,5,0.0463032555769853,0.8429484049479167,59.96002664890073
shruti_filming_1_flipped.mp4,3040,0,7,0.0447980810589312,0.8400482177734375,0.0306322168420862,6,0.0447980810589312,0.8400482177734375,59.96002664890073
shruti_filming_1_flipped.mp4,3041,0,6,0.0443652506417183,0.8393167495727539,0.0390022277832031,5,0.0443652506417183,0.8393167495727539,59.96002664890073
shruti_filming_1_flipped.mp4,3042,0,6,0.0438709770023706,0.8397408167521159,0.0450376722547743,5,0.0438709770023706,0.8397408167521159,59.96002664890073
shruti_filming_1_flipped.mp4,3043,0,6,0.0429925183642384,0.8381659189860026,0.0527230156792534,5,0.0429925183642384,0.8381659189860026,59.96002664890073
shruti_filming_1_flipped.mp4,3044,0,6,0.0416761963321654,0.8349001566569011,0.061085538510923,5,0.0416761963321654,0.8349001566569011,59.96002664890073
shruti_filming_1_flipped.mp4,3045,0,6,0.0403500435007218,0.8326587677001953,0.0686276471173321,5,0.0403500435007218,0.8326587677001953,59.96002664890073
shruti_filming_1_flipped.mp4,3046,0,6,0.0402171581810991,0.8335161844889323,0.0723164311161747,5,0.0402171581810991,0.8335161844889323,59.96002664890073
shruti_filming_1_flipped.mp4,3047,0,6,0.0399316667410959,0.8346818923950196,0.0811284948278356,5,0.0399316667410959,0.8346818923950196,59.96002664890073
shruti_filming_1_flipped.mp4,3048,0,6,0.0392402207083068,0.833384895324707,0.0879624825936776,5,0.0392402207083068,0.833384895324707,59.96002664890073
shruti_filming_1_flipped.mp4,3049,0,8,0.0380134172085115,0.829927126566569,0.0946557221589265,7,0.0380134172085115,0.829927126566569,59.96002664890073
shruti_filming_1_flipped.mp4,3050,0,8,0.0377594346895811,0.8285921096801758,0.1003565752947771,7,0.0377594346895811,0.8285921096801758,59.96002664890073
shruti_filming_1_flipped.mp4,3051,0,7,0.0374723457431213,0.8300878524780273,0.1072901973017939,6,0.0374723457431213,0.8300878524780273,59.96002664890073
shruti_filming_1_flipped.mp4,3052,0,6,0.0360029569748332,0.8364015579223633,0.7234443947120949,5,0.0357593336108321,0.8260421752929688,59.96002664890073
shruti_filming_1_flipped.mp4,3053,0,7,0.0366615718707692,0.8375442504882813,0.7207251089590567,6,0.0358112485181643,0.8263959884643555,59.96002664890073
shruti_filming_1_flipped.mp4,3054,0,6,0.0372192400070424,0.8372486114501954,0.7160042091652199,5,0.0353202427652852,0.825628916422526,59.96002664890073
shruti_filming_1_flipped.mp4,3055,0,7,0.0375641355398693,0.8373461405436198,0.7139922530562789,6,0.0347625725434099,0.8246702829996745,59.96002664890073
shruti_filming_1_flipped.mp4,3056,0,7,0.0381005474275953,0.837617301940918,0.7094186853479456,6,0.034016575212682,0.8222473780314128,59.96002664890073
shruti_filming_1_flipped.mp4,3057,0,7,0.0381406504796662,0.8366707483927409,0.7079184072989004,6,0.0325471723614329,0.8195381800333659,59.96002664890073
shruti_filming_1_flipped.mp4,3058,0,7,0.0382787130003432,0.837582778930664,0.707891845703125,6,0.0308077304911178,0.8158792495727539,59.96002664890073
shruti_filming_1_flipped.mp4,3059,0,6,0.0380376939692305,0.8387042999267578,0.7102755511248553,5,0.0309342689228328,0.8172552744547527,59.96002664890073
shruti_filming_1_flipped.mp4,3060,0,7,0.0379951577628445,0.839418601989746,0.7119242350260416,6,0.0312729650828987,0.8194141387939453,59.96002664890073
shruti_filming_1_flipped.mp4,3061,0,8,0.0386868159986032,0.8402080535888672,0.707974186650029,7,0.0309455264846393,0.8188861846923828,59.96002664890073
shruti_filming_1_flipped.mp4,3062,0,8,0.0377770351112552,0.8399528503417969,0.7136706882052951,7,0.0304583151786236,0.8169385910034179,59.96002664890073
shruti_filming_1_flipped.mp4,3063,0,8,0.0377901671453771,0.8411857604980468,0.7167370266384548,7,0.0287324650937628,0.8136667887369792,59.96002664890073
shruti_filming_1_flipped.mp4,3064,0,8,0.0384974678667883,0.8430639902750651,0.7155442979600695,7,0.0279858851383323,0.8112098693847656,59.96002664890073
shruti_filming_1_flipped.mp4,3065,0,7,0.0397196355577411,0.8453414916992188,0.7116390652126736,6,0.0273557336151134,0.809870719909668,59.96002664890073
shruti_filming_1_flipped.mp4,3066,0,7,0.0383889083017884,0.8462377548217773,0.7230268125180845,6,0.0276737917593413,0.8118582407633463,59.96002664890073
shruti_filming_1_flipped.mp4,3067,0,7,0.0392767748698437,0.8465480804443359,0.717655266655816,6,0.0277013101052607,0.8125503540039063,59.96002664890073
shruti_filming_1_flipped.mp4,3068,0,9,0.0389383393027431,0.8457993189493815,0.7180728488498264,8,0.0267140733963166,0.8095176696777344,59.96002664890073
shruti_filming_1_flipped.mp4,3069,0,7,0.0425416450347337,0.8455347696940104,0.6938569810655382,6,0.0260719875488818,0.8079343795776367,59.96002664890073
shruti_filming_1_flipped.mp4,3070,0,8,0.0441375959407283,0.8463720321655274,0.6836628666630498,7,0.0256408073267084,0.8069076538085938,59.96002664890073
shruti_filming_1_flipped.mp4,3071,0,7,0.039786977254797,0.8468340555826823,0.7146833066587095,6,0.0252766031171712,0.8057854334513347,59.96002664890073
shruti_filming_1_flipped.mp4,3072,0,9,0.0400259929973011,0.8485220591227214,0.7163994683159722,8,0.0249527598838939,0.8051169077555339,59.96002664890073
shruti_filming_1_flipped.mp4,3073,0,9,0.0388921352272154,0.8490442911783854,0.723341539171007,8,0.0250573779499254,0.806947390238444,59.96002664890073
shruti_filming_1_flipped.mp4,3074,0,8,0.0399537514481279,0.8493296305338541,0.7185594346788194,7,0.0250996839228416,0.80765380859375,59.96002664890073
shruti_filming_1_flipped.mp4,3075,0,10,0.0406087433333892,0.8492620468139649,0.7127549348054109,9,0.0246002037404105,0.8067047754923503,59.96002664890073
shruti_filming_1_flipped.mp4,3076,0,9,0.039649761045897,0.8504600524902344,0.7188889680085359,8,0.0245050355486778,0.8069294611612956,59.96002664890073
shruti_filming_1_flipped.mp4,3077,0,7,0.0398796586162427,0.8505487442016602,0.7173858077437789,6,0.0239553137894512,0.8060200373331706,59.96002664890073
shruti_filming_1_flipped.mp4,3078,0,9,0.0404890334786075,0.8502740859985352,0.7150940506546586,8,0.0235399927200611,0.8049510955810547,59.96002664890073
shruti_filming_1_flipped.mp4,3079,0,11,0.0404263777847518,0.8499087015787761,0.7145112779405381,10,0.0231963838467677,0.8035842895507812,59.96002664890073
shruti_filming_1_flipped.mp4,3080,0,10,0.0410850557950677,0.8499584833780924,0.7108140168366609,9,0.022285754510915,0.8008529663085937,59.96002664890073
shruti_filming_1_flipped.mp4,3081,0,11,0.0411953859088114,0.8500883102416992,0.7109057391131366,10,0.0221867044014194,0.8003796259562175,59.96002664890073
shruti_filming_1_flipped.mp4,3082,0,10,0.0405847715056734,0.8504631042480468,0.7154347737630208,9,0.0223571770841469,0.8023958841959635,59.96002664890073
shruti_filming_1_flipped.mp4,3083,0,10,0.0404363276412995,0.8499499003092448,0.7157892862955729,9,0.0216619412713043,0.8008041381835938,59.96002664890073
shruti_filming_1_flipped.mp4,3084,0,10,0.0401189681196464,0.8499468485514323,0.7173560248480902,9,0.0215916265034131,0.8005062103271484,59.96002664890073
shruti_filming_1_flipped.mp4,3085,0,10,0.0401969753463614,0.8504561106363933,0.7176970305266204,9,0.0214095412692619,0.7999191284179688,59.96002664890073
shruti_filming_1_flipped.mp4,3086,0,10,0.0393127214149744,0.8501588821411132,0.7210849338107639,9,0.020827102078086,0.7984919230143229,59.96002664890073
shruti_filming_1_flipped.mp4,3087,0,9,0.0389012953955938,0.8511273066202799,0.7245415581597222,8,0.020439221357142,0.797519302368164,59.96002664890073
shruti_filming_1_flipped.mp4,3088,0,10,0.0388263640768343,0.8515186309814453,0.7253122965494792,9,0.0198386019264257,0.7965313593546549,59.96002664890073
shruti_filming_1_flipped.mp4,3089,0,9,0.0386897857679287,0.8518950144449869,0.7271453292281539,8,0.0191254475707602,0.7935093561808269,59.96002664890073
shruti_filming_1_flipped.mp4,3090,0,8,0.0385816903741359,0.8520977020263671,0.7243695859555845,7,0.0186805409206405,0.7899937311808268,59.96002664890073
shruti_filming_1_flipped.mp4,3091,0,9,0.0384586451371002,0.8522891998291016,0.7252126057942708,8,0.018773352224218,0.7902997970581055,59.96002664890073
shruti_filming_1_flipped.mp4,3092,0,8,0.0391929060038334,0.8521399180094401,0.7226314968532986,7,0.0180812292720656,0.7890430450439453,59.96002664890073
shruti_filming_1_flipped.mp4,3093,0,8,0.0394799374478558,0.8533750534057617,0.7226671006944444,7,0.0189736716222089,0.7926202774047851,59.96002664890073
shruti_filming_1_flipped.mp4,3094,0,8,0.0394028547707151,0.8529899597167969,0.7222703721788194,7,0.0184850911129615,0.7907732009887696,59.96002664890073
shruti_filming_1_flipped.mp4,3095,0,8,0.0394454432641052,0.8536638895670573,0.7230489095052083,7,0.018603560646168,0.7927131017049154,59.96002664890073
shruti_filming_1_flipped.mp4,3096,0,9,0.0400908253089895,0.8543018341064453,0.7199687816478588,8,0.0177978016472964,0.7901775360107421,59.96002664890073
shruti_filming_1_flipped.mp4,3097,0,9,0.0410700851813696,0.8546087265014648,0.7134119669596354,8,0.0177408947506154,0.7917486190795898,59.96002664890073
shruti_filming_1_flipped.mp4,3098,0,8,0.0397151179374325,0.8555044174194336,0.7215016682942709,7,0.0181519340741053,0.7943986892700196,59.96002664890073
shruti_filming_1_flipped.mp4,3099,0,8,0.0396555014102386,0.8556248346964518,0.7218354401765046,7,0.0177660273310417,0.7932498931884766,59.96002664890073
shruti_filming_1_flipped.mp4,3100,0,8,0.0390797803887916,0.8558317820231119,0.7264233059353299,7,0.0173824954591044,0.7908403396606445,59.96002664890073
shruti_filming_1_flipped.mp4,3101,0,9,0.0392865942551267,0.8562487284342448,0.7263603493019387,8,0.0179069049327787,0.7928396860758463,59.96002664890073
shruti_filming_1_flipped.mp4,3102,0,9,0.039611938800325,0.8563973108927408,0.7241863109447338,8,0.017810295467045,0.7918682098388672,59.96002664890073
shruti_filming_1_flipped.mp4,3103,0,8,0.0400681952845174,0.8568997065226237,0.7217820344147858,7,0.0167474253511237,0.7894670486450195,59.96002664890073
shruti_filming_1_flipped.mp4,3104,0,9,0.0405362417101127,0.856967035929362,0.7189028704607928,8,0.0169216223518985,0.7904518763224284,59.96002664890073
shruti_filming_1_flipped.mp4,3105,0,9,0.0409355438448219,0.8571638743082682,0.7171111495406539,8,0.0158404441733997,0.7867343902587891,59.96002664890073
shruti_filming_1_flipped.mp4,3106,0,8,0.0412812144729491,0.8574666976928711,0.7154716774269386,7,0.015746723063677,0.7854652404785156,59.96002664890073
shruti_filming_1_flipped.mp4,3107,0,11,0.0423109735724412,0.8571617126464843,0.7142832438151042,10,0.0159210924460785,0.7872856140136719,59.96002664890073
shruti_filming_1_flipped.mp4,3108,0,10,0.0427852307877037,0.8572876612345378,0.7109410603841145,9,0.0154884607637601,0.7855213165283204,59.96002664890073
shruti_filming_1_flipped.mp4,3109,0,10,0.0429245441892029,0.8571158091227213,0.7093612670898437,9,0.0147955745093834,0.7823321024576823,59.96002664890073
shruti_filming_1_flipped.mp4,3110,0,10,0.043067692559497,0.8573089599609375,0.7087948269314236,9,0.0155058095481945,0.7853123982747395,59.96002664890073
shruti_filming_1_flipped.mp4,3111,0,10,0.0432919620106824,0.8576275507609049,0.7074238529911747,9,0.0156934734214101,0.7854393005371094,59.96002664890073
shruti_filming_1_flipped.mp4,3112,0,9,0.0433048204485546,0.8580111185709636,0.7065170288085938,8,0.0184268284833524,0.7868158340454101,59.96002664890073
shruti_filming_1_flipped.mp4,3113,0,10,0.0433114129138994,0.8580617904663086,0.7061421147099247,9,0.0174416577836705,0.7846412658691406,59.96002664890073
shruti_filming_1_flipped.mp4,3114,0,10,0.0443663448546323,0.8583507537841797,0.6987044157805267,9,0.0164307243996235,0.7840815226236979,59.96002664890073
shruti_filming_1_flipped.mp4,3115,0,10,0.0432123234699247,0.8585583368937174,0.7070010715060764,9,0.0158208666468272,0.7845143000284831,59.96002664890073
shruti_filming_1_flipped.mp4,3116,0,11,0.0422962411262819,0.858487892150879,0.7131442599826389,10,0.01579925979673,0.7841493606567382,59.96002664890073
shruti_filming_1_flipped.mp4,3117,0,9,0.0427147854789574,0.8585203170776368,0.7104124281141493,8,0.0156301679871507,0.7834925333658854,59.96002664890073
shruti_filming_1_flipped.mp4,3118,0,9,0.0425654308885956,0.8591129938761394,0.7121129353841146,8,0.014776330273081,0.7817763010660808,59.96002664890073
shruti_filming_1_flipped.mp4,3119,0,11,0.0400276435750614,0.8592609405517578,0.7288145277235243,10,0.0134276852726449,0.7800753275553386,59.96002664890073
shruti_filming_1_flipped.mp4,3120,0,11,0.0390409018053712,0.8591885248819987,0.7355321248372396,10,0.0128473768294363,0.779748280843099,59.96002664890073
shruti_filming_1_flipped.mp4,3121,0,10,0.0388356647184075,0.8595362345377604,0.7368289523654514,9,0.0130051113253715,0.7800815582275391,59.96002664890073
shruti_filming_1_flipped.mp4,3122,0,10,0.0393006894361359,0.8602345148722331,0.7332010339807581,9,0.0125524689404604,0.7812119801839192,59.96002664890073
shruti_filming_1_flipped.mp4,3123,0,10,0.0401543485354826,0.8602537155151367,0.7272972389503761,9,0.0121370661576899,0.78122984568278,59.96002664890073
shruti_filming_1_flipped.mp4,3124,0,10,0.0394861629354676,0.8605602264404297,0.7321295279043692,9,0.0120142229074877,0.7810295740763347,59.96002664890073
shruti_filming_1_flipped.mp4,3125,0,10,0.0402061732656201,0.8601873397827149,0.7261075620298032,9,0.011968878370438,0.780747667948405,59.96002664890073
shruti_filming_1_flipped.mp4,3126,0,10,0.0419148347525495,0.8611689249674479,0.7168299357096354,9,0.0121529807016647,0.7808825174967448,59.96002664890073
shruti_filming_1_flipped.mp4,3127,0,10,0.0394989735969661,0.8607901255289714,0.7267275774920429,9,0.0126116490020865,0.7811511993408203,59.96002664890073
shruti_filming_1_flipped.mp4,3128,0,10,0.0402791434840764,0.8611522674560547,0.7268100314670138,9,0.0122514593360958,0.7807394027709961,59.96002664890073
shruti_filming_1_flipped.mp4,3129,0,9,0.0393238896014561,0.8614202499389648,0.728169024432147,8,0.012281497051653,0.7814277013142904,59.96002664890073
shruti_filming_1_flipped.mp4,3130,0,10,0.0396816907411751,0.8616426467895508,0.7258443196614583,9,0.012382265125246,0.7814905166625976,59.96002664890073
shruti_filming_1_flipped.mp4,3131,0,10,0.0398406333257271,0.8614194869995118,0.7281810619212963,9,0.012366833150445,0.7819063822428386,59.96002664890073
shruti_filming_1_flipped.mp4,3132,0,9,0.0399465983681794,0.8615938822428385,0.7232794867621528,8,0.0123220109554084,0.7836349487304688,59.96002664890073
shruti_filming_1_flipped.mp4,3133,0,10,0.0397253226765638,0.8620287577311198,0.7256778293185764,9,0.0122245209635164,0.7802977244059245,59.96002664890073
shruti_filming_1_flipped.mp4,3134,0,10,0.0390826439790759,0.8617055892944336,0.7296728628653067,9,0.0122849181815274,0.7810955047607422,59.96002664890073
shruti_filming_1_flipped.mp4,3135,0,10,0.0385980747869226,0.861479377746582,0.7323178891782407,9,0.0121500424142455,0.7840762456258138,59.96002664890073
shruti_filming_1_flipped.mp4,3136,0,10,0.0385354157238422,0.8619768142700195,0.7338060167100694,9,0.0119165931619095,0.7850212732950846,59.96002664890073
shruti_filming_1_flipped.mp4,3137,0,11,0.0383623870074128,0.8619150161743164,0.7351406521267361,10,0.0116479905704532,0.785922114054362,59.96002664890073
shruti_filming_1_flipped.mp4,3138,0,11,0.0382327805583244,0.8615181605021159,0.7353021692346644,10,0.0116885492871127,0.7858301798502604,59.96002664890073
shruti_filming_1_flipped.mp4,3139,0,11,0.0385965556317629,0.8618383407592773,0.7338494194878472,10,0.0112427723195853,0.7861454010009765,59.96002664890073
shruti_filming_1_flipped.mp4,3140,0,11,0.0386937572874982,0.8616752624511719,0.7335258766456887,10,0.0110819459734355,0.784207534790039,59.96002664890073
shruti_filming_1_flipped.mp4,3141,0,11,0.0389022886116031,0.8614433924357097,0.7320315890842014,10,0.0107712315068846,0.7844591776529948,59.96002664890073
shruti_filming_1_flipped.mp4,3142,0,9,0.0388434206422297,0.8612833658854167,0.7325592041015625,8,0.0103913719353941,0.7855903625488281,59.96002664890073
shruti_filming_1_flipped.mp4,3143,0,10,0.0388866586948099,0.8614498138427734,0.7332851268627025,9,0.0102498140959263,0.7850289026896159,59.96002664890073
shruti_filming_1_flipped.mp4,3144,0,9,0.0386934807359702,0.8619298934936523,0.7347801491066261,8,0.0102312785058489,0.7842974344889323,59.96002664890073
shruti_filming_1_flipped.mp4,3145,0,10,0.0383386923295782,0.8613842646280925,0.7358306884765625,9,0.010305731581102,0.784663200378418,59.96002664890073
shruti_filming_1_flipped.mp4,3146,0,11,0.0382556848800353,0.86118590037028,0.7361401593243634,10,0.0102235053930295,0.7853244781494141,59.96002664890073
shruti_filming_1_flipped.mp4,3147,0,11,0.0383187683655544,0.861473274230957,0.7365525422272858,10,0.0100796791948097,0.785764503479004,59.96002664890073
shruti_filming_1_flipped.mp4,3148,0,10,0.0382662345110158,0.8615255355834961,0.7370445534035012,9,0.0099464166957693,0.785977554321289,59.96002664890073
shruti_filming_1_flipped.mp4,3149,0,11,0.0381157333956151,0.8610527038574218,0.7372629236291957,10,0.0099161375352802,0.7846499760945638,59.96002664890073
shruti_filming_1_flipped.mp4,3150,0,11,0.038085595470879,0.8613888422648112,0.7378763834635417,10,0.0097190923719608,0.7834491729736328,59.96002664890073
shruti_filming_1_flipped.mp4,3151,0,11,0.0382879552767068,0.8616256713867188,0.7366255018446181,10,0.0096518247725584,0.7842189788818359,59.96002664890073
shruti_filming_1_flipped.mp4,3152,0,11,0.0381613569845514,0.8616008758544922,0.7369172272858796,10,0.0094972055297667,0.7846270243326823,59.96002664890073
shruti_filming_1_flipped.mp4,3153,0,12,0.0380000408024837,0.8612200419108073,0.7370090060763889,11,0.0095723975902257,0.7824092229207357,59.96002664890073
shruti_filming_1_flipped.mp4,3154,0,11,0.0379955896812801,0.8613520304361979,0.7375838668258102,10,0.0094301173228207,0.7834678649902344,59.96002664890073
shruti_filming_1_flipped.mp4,3155,0,11,0.0381470619563953,0.861522928873698,0.7365888242368345,10,0.0092903121986078,0.7842484792073567,59.96002664890073
shruti_filming_1_flipped.mp4,3156,0,12,0.0380000195438171,0.8614946365356445,0.7365518640588831,11,0.0091148119426415,0.7822346369425456,59.96002664890073
shruti_filming_1_flipped.mp4,3157,0,11,0.0380195944022529,0.8611517588297526,0.7359703346535011,10,0.0090519496320161,0.7822150548299154,59.96002664890073
shruti_filming_1_flipped.mp4,3158,0,11,0.0382016570191797,0.8611970901489258,0.7357133088288483,10,0.0087920048721571,0.7830638885498047,59.96002664890073
shruti_filming_1_flipped.mp4,3159,0,11,0.0382116048356531,0.8612255732218425,0.7354562830041956,10,0.008813762705904,0.78631591796875,59.96002664890073
shruti_filming_1_flipped.mp4,3160,0,11,0.0384319868489789,0.8614092508951823,0.7344811333550347,10,0.0089970378031527,0.7870100021362305,59.96002664890073
shruti_filming_1_flipped.mp4,3161,0,11,0.0384566415644561,0.8607343673706055,0.7333102756076388,10,0.0090409593403132,0.7859901428222656,59.96002664890073
shruti_filming_1_flipped.mp4,3162,0,12,0.0388450852412131,0.8610734939575195,0.7315553453233506,11,0.0091346041425519,0.7844600041707357,59.96002664890073
shruti_filming_1_flipped.mp4,3163,0,11,0.0390045413438929,0.8611965179443359,0.7298969975224248,10,0.0090579037600724,0.7840726852416993,59.96002664890073
shruti_filming_1_flipped.mp4,3164,0,11,0.0391704889155355,0.8611767450968425,0.7284487688982928,10,0.0088708892869181,0.7843679428100586,59.96002664890073
shruti_filming_1_flipped.mp4,3165,0,12,0.039123586927994,0.8610266367594401,0.7280561093930845,11,0.0085197311049948,0.7836466471354167,59.96002664890073
shruti_filming_1_flipped.mp4,3166,0,12,0.0391007035106483,0.8610602060953776,0.728230059588397,11,0.0085282788370063,0.7836529413859049,59.96002664890073
shruti_filming_1_flipped.mp4,3167,0,9,0.0390693838408441,0.8610674540201823,0.7285582930953415,8,0.0085427744246165,0.7824114481608073,59.96002664890073
shruti_filming_1_flipped.mp4,3168,0,11,0.0391444092060555,0.861029307047526,0.7284608629014757,10,0.0085408690165948,0.782241694132487,59.96002664890073
shruti_filming_1_flipped.mp4,3169,0,11,0.0389694659850836,0.8608091354370118,0.7294331868489583,10,0.0086835819663247,0.7822599411010742,59.96002664890073
shruti_filming_1_flipped.mp4,3170,0,11,0.038951984693197,0.8603684107462565,0.7282036110206886,10,0.0086011349111091,0.7821575164794922,59.96002664890073
shruti_filming_1_flipped.mp4,3171,0,10,0.0391892661042166,0.8609954833984375,0.7277507640697338,9,0.0085809747739565,0.7821180343627929,59.96002664890073
shruti_filming_1_flipped.mp4,3172,0,12,0.0391413254870308,0.860598627726237,0.7270724826388889,11,0.0084386271587357,0.7820734024047852,59.96002664890073
shruti_filming_1_flipped.mp4,3173,0,12,0.0394800206299017,0.8610042572021485,0.7254024929470486,11,0.0082283408170527,0.7807461420694987,59.96002664890073
shruti_filming_1_flipped.mp4,3174,0,12,0.0393246280474596,0.8607820510864258,0.7254226684570313,11,0.0084095507311738,0.7812740961710612,59.96002664890073
shruti_filming_1_flipped.mp4,3175,0,12,0.0398520924677471,0.8609497706095378,0.7226110952871817,11,0.0080478646956099,0.7773949305216471,59.96002664890073
shruti_filming_1_flipped.mp4,3176,0,11,0.0400616434214559,0.8610266367594401,0.7208886040581597,10,0.008363920269456,0.7763820648193359,59.96002664890073
shruti_filming_1_flipped.mp4,3177,0,10,0.0406273008747504,0.8614053726196289,0.7212315877278646,9,0.0084459471011736,0.7797335306803386,59.96002664890073
shruti_filming_1_flipped.mp4,3178,0,11,0.0411191251662697,0.8616007486979167,0.7182714391637731,10,0.0084274555680221,0.7779811223347982,59.96002664890073
shruti_filming_1_flipped.mp4,3179,0,11,0.041369808462023,0.861370849609375,0.7167421694155093,10,0.0089090257343141,0.7761023839314779,59.96002664890073
shruti_filming_1_flipped.mp4,3180,0,10,0.0417404773656097,0.8615602493286133,0.7146053738064236,9,0.0087162832738411,0.7767416000366211,59.96002664890073
shruti_filming_1_flipped.mp4,3181,0,9,0.0422677219920377,0.8611450831095377,0.7099097357855902,8,0.0078916498266119,0.7759370803833008,59.96002664890073
shruti_filming_1_flipped.mp4,3182,0,10,0.0425622960765677,0.8616714477539062,0.7089878223560474,9,0.0094162909216161,0.7781768163045247,59.96002664890073
shruti_filming_1_flipped.mp4,3183,0,10,0.0428076424316451,0.861844825744629,0.7078226725260417,9,0.0094320709869929,0.7777510325113932,59.96002664890073
shruti_filming_1_flipped.mp4,3184,0,10,0.0433294045191723,0.8622162501017253,0.7048709445529514,9,0.0078204608343205,0.7779015858968099,59.96002664890073
shruti_filming_1_flipped.mp4,3185,0,8,0.0433454445817861,0.8617563247680664,0.7015145195855035,7,0.0089473585375032,0.7736873626708984,59.96002664890073
shruti_filming_1_flipped.mp4,3186,0,10,0.0438688941027704,0.8618246714274088,0.6976171422887731,9,0.0097529756522918,0.7774738311767578,59.96002664890073
shruti_filming_1_flipped.mp4,3187,0,10,0.0443370203235341,0.8616008758544922,0.6938564724392361,9,0.0100859780610065,0.7759716033935546,59.96002664890073
shruti_filming_1_flipped.mp4,3188,0,9,0.045405326421476,0.8606876373291016,0.6845001220703125,8,0.0093773600368472,0.7770776748657227,59.96002664890073
shruti_filming_1_flipped.mp4,3189,0,9,0.0454472935054865,0.8602596918741862,0.683440257884838,8,0.0087048657138452,0.7770109176635742,59.96002664890073
shruti_filming_1_flipped.mp4,3190,0,10,0.0460544365685847,0.8603811899820963,0.6800699304651331,9,0.0082555725572941,0.7775007247924804,59.96002664890073
shruti_filming_1_flipped.mp4,3191,0,10,0.0466512341079134,0.8613075256347656,0.6779671563042535,9,0.0074575480131898,0.7726408640543619,59.96002664890073
shruti_filming_1_flipped.mp4,3192,0,11,0.0468950834232964,0.8602540969848633,0.6747412222403067,9,0.0071289109899737,0.7730080922444661,59.96002664890073
shruti_filming_1_flipped.mp4,3193,0,10,0.047619945682624,0.8601814905802408,0.6705483895760995,8,0.0069048876699454,0.7706489562988281,59.96002664890073
shruti_filming_1_flipped.mp4,3194,0,10,0.0485848584246101,0.8607259750366211,0.6658229686595776,8,0.0067990757281411,0.7681180953979492,59.96002664890073
shruti_filming_1_flipped.mp4,3195,0,12,0.0485997195468129,0.85950927734375,0.6658091227213542,10,0.0070123024249537,0.768382453918457,59.96002664890073
shruti_filming_1_flipped.mp4,3196,0,10,0.0487359171128547,0.8593364715576172,0.6618142587167245,9,0.007244268992131,0.7705209732055665,59.96002664890073
shruti_filming_1_flipped.mp4,3197,0,12,0.0488249999218308,0.8591993967692058,0.6614182648835358,11,0.0088028040850784,0.7710943222045898,59.96002664890073
shruti_filming_1_flipped.mp4,3198,0,11,0.0494884401066429,0.8598217010498047,0.658350909197772,10,0.0084041445357164,0.7713254928588867,59.96002664890073
shruti_filming_1_flipped.mp4,3199,0,12,0.0498583863338636,0.8600542704264323,0.6565961484555844,10,0.0073586345181145,0.7719057083129883,59.96002664890073
shruti_filming_1_flipped.mp4,3200,0,14,0.0501962756947901,0.8605047861735026,0.6554074322735822,11,0.0070318277352661,0.7713520685831706,59.96002664890073
shruti_filming_1_flipped.mp4,3201,0,11,0.049766175663325,0.8588279724121094,0.6552967777958623,10,0.0069262259308986,0.7700504302978516,59.96002664890073
shruti_filming_1_flipped.mp4,3202,0,10,0.0488305199322007,0.8587499618530273,0.6610964739764178,9,0.0062845248644481,0.7662704467773438,59.96002664890073
shruti_filming_1_flipped.mp4,3203,0,10,0.0477817575572156,0.8585897445678711,0.6691826149269386,9,0.0083591713389129,0.7680776596069336,59.96002664890073
shruti_filming_1_flipped.mp4,3204,0,10,0.0468302671409522,0.8583103815714518,0.6751896610966435,9,0.0088205690454978,0.767341423034668,59.96002664890073
shruti_filming_1_flipped.mp4,3205,0,10,0.0467899139702139,0.8574016571044922,0.6743027298538773,9,0.0064610444035982,0.7671393076578776,59.96002664890073
shruti_filming_1_flipped.mp4,3206,0,10,0.0462294128667929,0.8566864013671875,0.6757796110930266,9,0.0083526342200648,0.7722634633382162,59.96002664890073
shruti_filming_1_flipped.mp4,3207,0,11,0.0484105563038431,0.856329345703125,0.6610825715241608,10,0.0063464328258608,0.7713495254516601,59.96002664890073
shruti_filming_1_flipped.mp4,3208,0,13,0.0494874470076454,0.8554958979288737,0.6542186595775463,11,0.0062081919528686,0.7713497161865235,59.96002664890073
shruti_filming_1_flipped.mp4,3209,0,13,0.0473319058266416,0.8554447809855144,0.6722213745117187,11,0.0069016343323164,0.7714687347412109,59.96002664890073
shruti_filming_1_flipped.mp4,3210,0,13,0.0468685047777641,0.8548080444335937,0.6688089441370081,11,0.0065664026182558,0.7723539352416993,59.96002664890073
shruti_filming_1_flipped.mp4,3211,0,11,0.047920724326266,0.8540394465128581,0.6613420274522569,9,0.0061898215654461,0.7720471064249674,59.96002664890073
shruti_filming_1_flipped.mp4,3212,0,10,0.0517683243204373,0.8528198877970378,0.6341181437174479,8,0.0064524126055443,0.769023323059082,59.96002664890073
shruti_filming_1_flipped.mp4,3213,0,10,0.0541637027951461,0.8522031784057618,0.622074211968316,8,0.0061383795068347,0.7691049575805664,59.96002664890073
shruti_filming_1_flipped.mp4,3214,0,11,0.0539182090460046,0.8527203241984049,0.6200362594039351,9,0.0060456353106807,0.7697579065958658,59.96002664890073
shruti_filming_1_flipped.mp4,3215,0,10,0.0550523312343284,0.8521950403849284,0.6103953043619792,8,0.0058604883984662,0.7624577204386394,59.96002664890073
shruti_filming_1_flipped.mp4,3216,0,10,0.0513217001230158,0.8527680079142252,0.6407635158962673,8,0.0061302492598123,0.7699012756347656,59.96002664890073
shruti_filming_1_flipped.mp4,3217,0,12,0.0483480309621599,0.8525283813476563,0.6621538515444155,10,0.0056913690089627,0.7701508204142252,59.96002664890073
shruti_filming_1_flipped.mp4,3218,0,11,0.049039221337323,0.8519668579101562,0.6594074955692998,9,0.005586602039273,0.7712427139282226,59.96002664890073
shruti_filming_1_flipped.mp4,3219,0,13,0.0499754487329887,0.8522449493408203,0.652813720703125,11,0.0056406083970796,0.7701688766479492,59.96002664890073
shruti_filming_1_flipped.mp4,3220,0,12,0.0499262034386952,0.8516590754191081,0.6513578626844618,10,0.0058467093771927,0.7690061569213867,59.96002664890073
shruti_filming_1_flipped.mp4,3221,0,11,0.0505485582771642,0.8518250147501628,0.6424282497829861,9,0.0056118563917267,0.7672128677368164,59.96002664890073
shruti_filming_1_flipped.mp4,3222,0,11,0.0498776649154994,0.8519210815429688,0.6468747174298322,9,0.0056323211535345,0.7678221384684245,59.96002664890073
shruti_filming_1_flipped.mp4,3223,0,11,0.0508652789358166,0.8514753341674804,0.640528643572772,10,0.0058056987392684,0.7688268025716146,59.96002664890073
shruti_filming_1_flipped.mp4,3224,0,12,0.0513119702698895,0.8501854578653971,0.6398630777994792,11,0.0055710492615536,0.7695152282714843,59.96002664890073
shruti_filming_1_flipped.mp4,3225,0,11,0.0506706983509852,0.8508694330851237,0.6429456922743055,10,0.0056326634554554,0.7705296834309896,59.96002664890073
shruti_filming_1_flipped.mp4,3226,0,12,0.0508811550906587,0.8499027887980143,0.6408764309353299,10,0.0055192560154979,0.7682596206665039,59.96002664890073
shruti_filming_1_flipped.mp4,3227,0,11,0.0511864304156646,0.8475502014160157,0.6323351824725115,9,0.005449990545711,0.7660853068033854,59.96002664890073
shruti_filming_1_flipped.mp4,3228,0,12,0.0513902598684567,0.8467566172281901,0.6291023536964699,9,0.0053826642603747,0.767738151550293,59.96002664890073
shruti_filming_1_flipped.mp4,3229,0,12,0.052591910234388,0.8458988825480144,0.624812599464699,9,0.0053911482099404,0.767276382446289,59.96002664890073
shruti_filming_1_flipped.mp4,3230,0,11,0.0526889404871488,0.8458415985107421,0.6186102407949942,9,0.0054220318100393,0.7639107386271159,59.96002664890073
shruti_filming_1_flipped.mp4,3231,0,11,0.0527159404172777,0.8463522593180338,0.6213603832103588,9,0.0055204699898604,0.7641729354858399,59.96002664890073
shruti_filming_1_flipped.mp4,3232,0,11,0.0515543265837348,0.8460197448730469,0.6298467565465856,9,0.0055308872040606,0.764324442545573,59.96002664890073
shruti_filming_1_flipped.mp4,3233,0,11,0.0525048034647221,0.8455011367797851,0.6250942654079861,9,0.0055750251387103,0.7649635950724284,59.96002664890073
shruti_filming_1_flipped.mp4,3234,0,11,0.0529383123748832,0.8456750869750976,0.6220370822482639,9,0.005792113610692,0.765449587504069,59.96002664890073
shruti_filming_1_flipped.mp4,3235,0,11,0.0528863588040716,0.8453273773193359,0.6212300053349248,9,0.0056701277559235,0.7658744812011719,59.96002664890073
shruti_filming_1_flipped.mp4,3236,0,11,0.0532536942999663,0.8441353480021159,0.6185963383427373,9,0.0057507773640099,0.765370241800944,59.96002664890073
shruti_filming_1_flipped.mp4,3237,0,11,0.0537055870712113,0.8440682093302408,0.6160498159903067,9,0.0059968939286773,0.7650684992472331,59.96002664890073
shruti_filming_1_flipped.mp4,3238,0,12,0.0529688162364376,0.8430484771728516,0.6181209988064236,10,0.0059780019793636,0.7642513275146484,59.96002664890073
shruti_filming_1_flipped.mp4,3239,0,12,0.0532210907239479,0.842631975809733,0.6164417973271122,10,0.005867709105595,0.7646987915039063,59.96002664890073
shruti_filming_1_flipped.mp4,3240,0,10,0.0532329682716496,0.8421451568603515,0.6148972687897859,8,0.0055099537057685,0.7632253646850586,59.96002664890073
shruti_filming_1_flipped.mp4,3241,0,10,0.0529110167725917,0.8400735855102539,0.6120579472294561,8,0.005363943616976,0.7625589370727539,59.96002664890073
shruti_filming_1_flipped.mp4,3242,0,11,0.0533708854584364,0.841340446472168,0.6116796988028067,9,0.0054077444516588,0.7620118459065756,59.96002664890073
shruti_filming_1_flipped.mp4,3243,0,9,0.0530571515489524,0.8394596099853515,0.6102681477864583,7,0.0053114985368598,0.7587233225504557,59.96002664890073
shruti_filming_1_flipped.mp4,3244,0,11,0.0536011522548937,0.8395538330078125,0.6066219753689236,9,0.0056279389108358,0.7619681040445964,59.96002664890073
shruti_filming_1_flipped.mp4,3245,0,9,0.0537759314695183,0.8394874572753906,0.6053514268663195,7,0.0054624253798586,0.759411112467448,59.96002664890073
shruti_filming_1_flipped.mp4,3246,0,10,0.0544388675108914,0.8395702997843425,0.5984900015371817,9,0.0544388675108914,0.8395702997843425,59.96002664890073
shruti_filming_1_flipped.mp4,3247,0,11,0.0547180823024569,0.8382586161295573,0.5933840151186343,10,0.0547180823024569,0.8382586161295573,59.96002664890073
shruti_filming_1_flipped.mp4,3248,0,10,0.0548097732258288,0.8382389704386394,0.5939232720269098,9,0.0548097732258288,0.8382389704386394,59.96002664890073
shruti_filming_1_flipped.mp4,3249,0,10,0.0549030073980382,0.8372308731079101,0.5911953961407697,9,0.0549030073980382,0.8372308731079101,59.96002664890073
shruti_filming_1_flipped.mp4,3250,0,10,0.0546776477813923,0.8364613215128581,0.5888874760380498,9,0.0546776477813923,0.8364613215128581,59.96002664890073
shruti_filming_1_flipped.mp4,3251,0,10,0.0544513588247642,0.8360671997070312,0.587216130009404,9,0.0544513588247642,0.8360671997070312,59.96002664890073
shruti_filming_1_flipped.mp4,3252,0,11,0.0544695747179233,0.8358705520629883,0.5797993412724247,9,0.0544695747179233,0.8358705520629883,59.96002664890073
shruti_filming_1_flipped.mp4,3253,0,12,0.0537615955693368,0.8346015930175781,0.5773499665436921,10,0.0537615955693368,0.8346015930175781,59.96002664890073
shruti_filming_1_flipped.mp4,3254,0,10,0.0541253289879144,0.8344751358032226,0.5713628698278357,8,0.0541253289879144,0.8344751358032226,59.96002664890073
shruti_filming_1_flipped.mp4,3255,0,10,0.0538551609065774,0.8344935099283854,0.5685286910445602,9,0.0538551609065774,0.8344935099283854,59.96002664890073
shruti_filming_1_flipped.mp4,3256,0,11,0.0531345821608879,0.833387819925944,0.5625842624240451,10,0.0531345821608879,0.833387819925944,59.96002664890073
shruti_filming_1_flipped.mp4,3257,0,9,0.0527541273428748,0.8325145721435547,0.5573816370081018,8,0.0527541273428748,0.8325145721435547,59.96002664890073
shruti_filming_1_flipped.mp4,3258,0,10,0.0526793801881528,0.8326998392740885,0.553834816261574,9,0.0526793801881528,0.8326998392740885,59.96002664890073
shruti_filming_1_flipped.mp4,3259,0,12,0.0523848260825939,0.8324247996012369,0.5497154518410011,11,0.0523848260825939,0.8324247996012369,59.96002664890073
shruti_filming_1_flipped.mp4,3260,0,12,0.0515424617698213,0.831222407023112,0.54917642098886,11,0.0515424617698213,0.831222407023112,59.96002664890073
shruti_filming_1_flipped.mp4,3261,0,12,0.0513230328579622,0.830450439453125,0.545172119140625,11,0.0513230328579622,0.830450439453125,59.96002664890073
shruti_filming_1_flipped.mp4,3262,0,13,0.0510887857643099,0.8309309005737304,0.5396266795970776,12,0.0510887857643099,0.8309309005737304,59.96002664890073
shruti_filming_1_flipped.mp4,3263,0,10,0.0507767918162668,0.8296908060709636,0.536175537109375,9,0.0507767918162668,0.8296908060709636,59.96002664890073
shruti_filming_1_flipped.mp4,3264,0,10,0.0503602453468246,0.8295447031656901,0.5330231843171296,9,0.0503602453468246,0.8295447031656901,59.96002664890073
shruti_filming_1_flipped.mp4,3265,0,10,0.0503539503023839,0.8292690912882487,0.5269517121491609,9,0.0503539503023839,0.8292690912882487,59.96002664890073
shruti_filming_1_flipped.mp4,3266,0,9,0.0496570308660343,0.8287956237792968,0.5241166291413484,8,0.0496570308660343,0.8287956237792968,59.96002664890073
shruti_filming_1_flipped.mp4,3267,0,10,0.0504651210847077,0.8294893900553385,0.5117109510633681,9,0.0504651210847077,0.8294893900553385,59.96002664890073
shruti_filming_1_flipped.mp4,3268,0,10,0.0515203570396773,0.8289578119913737,0.4973815352828414,9,0.0515203570396773,0.8289578119913737,59.96002664890073
shruti_filming_1_flipped.mp4,3269,0,12,0.0529233228008264,0.8278584162394206,0.4819935551396123,11,0.0529233228008264,0.8278584162394206,59.96002664890073
shruti_filming_1_flipped.mp4,3270,0,13,0.0527909905562733,0.826696268717448,0.476256928620515,12,0.0527909905562733,0.8286308924357096,59.96002664890073
shruti_filming_1_flipped.mp4,3271,0,12,0.0514367800247338,0.8277977625528972,0.4821465386284722,11,0.0514367800247338,0.8277977625528972,59.96002664890073
shruti_filming_1_flipped.mp4,3272,0,9,0.0507507959520444,0.8273272196451823,0.482887042010272,8,0.0507507959520444,0.8273272196451823,59.96002664890073
shruti_filming_1_flipped.mp4,3273,0,9,0.0498244976666238,0.8269039154052734,0.4878946940104167,8,0.0498244976666238,0.8269039154052734,59.96002664890073
shruti_filming_1_flipped.mp4,3274,0,10,0.0492324846502742,0.8266874313354492,0.4904018260814525,9,0.0492324846502742,0.8266874313354492,59.96002664890073
shruti_filming_1_flipped.mp4,3275,0,10,0.0505254780499187,0.8265094757080078,0.4776874118381076,9,0.0505254780499187,0.8265094757080078,59.96002664890073
shruti_filming_1_flipped.mp4,3276,0,10,0.047657637141162,0.8255892435709635,0.4910386827256944,9,0.047657637141162,0.8255892435709635,59.96002664890073
shruti_filming_1_flipped.mp4,3277,0,11,0.0468376488359839,0.8244173685709636,0.4881706520363136,9,0.0468376488359839,0.8244173685709636,59.96002664890073
shruti_filming_1_flipped.mp4,3278,0,12,0.0441115500100092,0.8216620127360026,0.4750175758644386,9,0.0441115500100092,0.8216620127360026,59.96002664890073
shruti_filming_1_flipped.mp4,3279,0,12,0.0500766353185912,0.9983190536499024,0.8474800392433449,10,0.0412591492341088,0.8184606552124023,59.96002664890073
shruti_filming_1_flipped.mp4,3280,0,11,0.0382861508366962,0.816685676574707,0.4356196085611979,10,0.0382861508366962,0.816685676574707,59.96002664890073
shruti_filming_1_flipped.mp4,3281,0,10,0.0356354459939757,0.815593401590983,0.4154849017107928,9,0.0356354459939757,0.815593401590983,59.96002664890073
shruti_filming_1_flipped.mp4,3282,0,12,0.0783017446303145,0.9982597351074218,0.7877451013635706,9,0.0328880445048088,0.8137636184692383,59.96002664890073
shruti_filming_1_flipped.mp4,3283,0,9,0.0867375819911076,0.9979019165039062,0.7685570045753761,7,0.0307153933228821,0.8125255584716797,59.96002664890073
shruti_filming_1_flipped.mp4,3284,0,9,0.095900841230921,0.998432985941569,0.7486339992947049,7,0.0288143555132275,0.8109383265177409,59.96002664890073
shruti_filming_1_flipped.mp4,3285,0,11,0.10336554083708,0.9985267639160156,0.7312796698676215,9,0.0259828753956632,0.8091131846110026,59.96002664890073
shruti_filming_1_flipped.mp4,3286,0,11,0.1098994630559658,0.9984034220377604,0.7151537859881366,9,0.0225618784769903,0.8044168472290039,59.96002664890073
shruti_filming_1_flipped.mp4,3287,0,10,0.1171775737077998,0.9990334192911784,0.696227123119213,8,0.0194572401150233,0.7990882873535157,59.96002664890073
shruti_filming_1_flipped.mp4,3288,0,11,0.1224444442752024,0.9991729736328124,0.6824342515733507,9,0.01755443939204,0.7955771128336588,59.96002664890073
shruti_filming_1_flipped.mp4,3289,0,10,0.1297901395739366,0.9994104385375976,0.6661752771448206,8,0.0163676789499327,0.7935714721679688,59.96002664890073
shruti_filming_1_flipped.mp4,3290,0,10,0.1328318002278037,0.9987356185913084,0.655595228407118,8,0.0151522407794003,0.7924091974894206,59.96002664890073
shruti_filming_1_flipped.mp4,3291,0,11,0.1382621697278874,0.9986141204833984,0.64174154776114,9,0.0133450194257333,0.7891653060913086,59.96002664890073
shruti_filming_1_flipped.mp4,3292,0,10,0.1423568243741627,0.99870974222819,0.6315699259440104,8,0.0121341780183785,0.7883819580078125,59.96002664890073
shruti_filming_1_flipped.mp4,3293,0,10,0.147612734881954,0.9988374710083008,0.6188698097511575,8,0.0116718242643401,0.7884020487467448,59.96002664890073
shruti_filming_1_flipped.mp4,3294,0,11,0.1523469612780199,0.9989364624023438,0.6088064688223379,9,0.0105064520168687,0.7888737360636393,59.96002664890073
shruti_filming_1_flipped.mp4,3295,0,11,0.1567627579418735,0.9989299774169922,0.5975292064525463,10,0.1567627579418735,0.9989299774169922,59.96002664890073
shruti_filming_1_flipped.mp4,3296,0,9,0.159772349121049,0.9992380142211914,0.5904954698350694,8,0.159772349121049,0.9992380142211914,59.96002664890073
shruti_filming_1_flipped.mp4,3297,0,9,0.1657466889282309,0.9993398666381836,0.5786437423140914,8,0.1657466889282309,0.9993398666381836,59.96002664890073
shruti_filming_1_flipped.mp4,3298,0,10,0.16719255005003,0.999273681640625,0.5708582560221355,9,0.16719255005003,0.999273681640625,59.96002664890073
shruti_filming_1_flipped.mp4,3299,0,11,0.1708871187364652,0.9992355982462564,0.5617960046838831,10,0.1708871187364652,0.9992355982462564,59.96002664890073
shruti_filming_1_flipped.mp4,3300,1,9,0.1739860608682567,0.9992414474487304,0.5536680433485243,8,0.1739860608682567,0.9992414474487304,59.96002664890073
shruti_filming_1_flipped.mp4,3301,1,10,0.1762634388239045,0.9992082595825196,0.5474056667751737,9,0.1762634388239045,0.9992082595825196,59.96002664890073
shruti_filming_1_flipped.mp4,3302,1,9,0.1785371682573006,0.9992588043212892,0.5422414143880209,8,0.1785371682573006,0.9992588043212892,59.96002664890073
shruti_filming_1_flipped.mp4,3303,1,8,0.1805261618789733,0.999205207824707,0.5359063607675058,7,0.1805261618789733,0.999205207824707,59.96002664890073
shruti_filming_1_flipped.mp4,3304,1,8,0.1823396335900394,0.9992204666137696,0.5287538316514757,7,0.1823396335900394,0.9992204666137696,59.96002664890073
shruti_filming_1_flipped.mp4,3305,1,9,0.1837458481523208,0.9992305755615234,0.5207441541883681,8,0.1837458481523208,0.9992305755615234,59.96002664890073
shruti_filming_1_flipped.mp4,3306,1,7,0.185861362282454,0.999172019958496,0.5152515552662037,6,0.185861362282454,0.999172019958496,59.96002664890073
shruti_filming_1_flipped.mp4,3307,1,8,0.1872716912549394,0.9991287231445312,0.5092277809425637,7,0.1872716912549394,0.9991287231445312,59.96002664890073
shruti_filming_1_flipped.mp4,3308,1,9,0.1882789338714684,0.9991369247436525,0.5043840761537906,8,0.1882789338714684,0.9991369247436525,59.96002664890073
shruti_filming_1_flipped.mp4,3309,1,10,0.1900239756511938,0.9993659973144532,0.4966590033637152,9,0.1900239756511938,0.9993659973144532,59.96002664890073
shruti_filming_1_flipped.mp4,3310,1,10,0.1909636624159584,0.9993581771850586,0.4908806129738136,9,0.1909636624159584,0.9993581771850586,59.96002664890073
shruti_filming_1_flipped.mp4,3311,1,11,0.1915588103250829,0.9993576049804688,0.4859008223922164,10,0.1915588103250829,0.9993576049804688,59.96002664890073
shruti_filming_1_flipped.mp4,3312,1,12,0.1912406051515265,0.9990453720092772,0.4834265814887152,11,0.1912406051515265,0.9990453720092772,59.96002664890073
shruti_filming_1_flipped.mp4,3313,1,12,0.1917507860943442,0.9990943908691406,0.4787030820493345,11,0.1917507860943442,0.9990943908691406,59.96002664890073
shruti_filming_1_flipped.mp4,3314,1,12,0.1928413875059535,0.9994837443033854,0.4746097140842014,11,0.1928413875059535,0.9994837443033854,59.96002664890073
shruti_filming_1_flipped.mp4,3315,1,12,0.1937717807769325,0.9995089213053384,0.4695673907244647,11,0.1937717807769325,0.9995089213053384,59.96002664890073
shruti_filming_1_flipped.mp4,3316,1,10,0.1943972061147495,0.9996789932250976,0.4640955607096354,9,0.1943972061147495,0.9996789932250976,59.96002664890073
shruti_filming_1_flipped.mp4,3317,1,11,0.1941207470774598,0.999331283569336,0.4601360744900173,10,0.1941207470774598,0.999331283569336,59.96002664890073
shruti_filming_1_flipped.mp4,3318,1,12,0.1940542047222455,0.999295997619629,0.4575464319299768,11,0.1940542047222455,0.999295997619629,59.96002664890073
shruti_filming_1_flipped.mp4,3319,1,10,0.194720360288888,0.9993487040201824,0.4531059547706886,9,0.194720360288888,0.9993487040201824,59.96002664890073
shruti_filming_1_flipped.mp4,3320,1,11,0.1963289436060262,0.9995162963867188,0.4483152036313657,10,0.1963289436060262,0.9995162963867188,59.96002664890073
shruti_filming_1_flipped.mp4,3321,1,8,0.1935315877006602,0.9990511576334636,0.4482217576768663,7,0.1935315877006602,0.9990511576334636,59.96002664890073
shruti_filming_1_flipped.mp4,3322,1,8,0.1930625656397832,0.999004618326823,0.4444425229673032,7,0.1930625656397832,0.999004618326823,59.96002664890073
shruti_filming_1_flipped.mp4,3323,1,8,0.1942525970336552,0.999346923828125,0.4398545724374276,7,0.1942525970336552,0.999346923828125,59.96002664890073
shruti_filming_1_flipped.mp4,3324,1,9,0.1959467214803832,0.9994714736938476,0.4358877959074797,8,0.1959467214803832,0.9994714736938476,59.96002664890073
shruti_filming_1_flipped.mp4,3325,1,8,0.1975742279299366,0.9994588851928712,0.4303549024793837,7,0.1975742279299366,0.9994588851928712,59.96002664890073
shruti_filming_1_flipped.mp4,3326,1,8,0.197902499053679,0.999379539489746,0.426737806532118,7,0.197902499053679,0.999379539489746,59.96002664890073
shruti_filming_1_flipped.mp4,3327,1,5,0.1974488393220559,0.9994171142578124,0.4255693223741319,4,0.1974488393220559,0.9994171142578124,59.96002664890073
shruti_filming_1_flipped.mp4,3328,1,5,0.197638564799854,0.9994122187296548,0.4237226415563512,4,0.197638564799854,0.9994122187296548,59.96002664890073
shruti_filming_1_flipped.mp4,3329,1,5,0.1972506321947892,0.9994473139444988,0.4220048692491319,4,0.1972506321947892,0.9994473139444988,59.96002664890073
shruti_filming_1_flipped.mp4,3330,1,8,0.1965608241500578,0.9994311014811198,0.4202217102050781,7,0.1965608241500578,0.9994311014811198,59.96002664890073
shruti_filming_1_flipped.mp4,3331,1,8,0.1966884575945894,0.9994312286376952,0.4186782271773727,7,0.1966884575945894,0.9994312286376952,59.96002664890073
shruti_filming_1_flipped.mp4,3332,1,10,0.1967014469818807,0.9994093577067056,0.4159298366970486,9,0.1967014469818807,0.9994093577067056,59.96002664890073
shruti_filming_1_flipped.mp4,3333,1,8,0.1963955626416093,0.9994650522867838,0.4144442522967303,7,0.1963955626416093,0.9994650522867838,59.96002664890073
shruti_filming_1_flipped.mp4,3334,1,9,0.1952530117179978,0.9993841171264648,0.4168099297417534,8,0.1952530117179978,0.9993841171264648,59.96002664890073
shruti_filming_1_flipped.mp4,3335,1,8,0.1953565399641696,0.9994525909423828,0.4141747086136429,7,0.1953565399641696,0.9994525909423828,59.96002664890073
shruti_filming_1_flipped.mp4,3336,1,8,0.1943543478915752,0.9993896484375,0.4146189371744792,7,0.1943543478915752,0.9993896484375,59.96002664890073
shruti_filming_1_flipped.mp4,3337,1,6,0.1945141303851172,0.9994944254557292,0.4127889845106336,5,0.1945141303851172,0.9994944254557292,59.96002664890073
shruti_filming_1_flipped.mp4,3338,1,7,0.1946033780041789,0.9994855880737304,0.4099869339554398,6,0.1946033780041789,0.9994855880737304,59.96002664890073
shruti_filming_1_flipped.mp4,3339,1,7,0.1939021427696786,0.999445343017578,0.4104726155598958,6,0.1939021427696786,0.999445343017578,59.96002664890073
shruti_filming_1_flipped.mp4,3340,1,8,0.1955330403076692,0.999492073059082,0.4057311446578414,7,0.1955330403076692,0.999492073059082,59.96002664890073
shruti_filming_1_flipped.mp4,3341,1,5,0.1941760777020439,0.9995388666788736,0.4054577862774884,4,0.1941760777020439,0.9995388666788736,59.96002664890073
shruti_filming_1_flipped.mp4,3342,1,8,0.1922955221593535,0.9994979858398436,0.404407642505787,7,0.1922955221593535,0.9994979858398436,59.96002664890073
shruti_filming_1_flipped.mp4,3343,1,7,0.192822495104952,0.9994148890177408,0.398659176296658,6,0.192822495104952,0.9994148890177408,59.96002664890073
shruti_filming_1_flipped.mp4,3344,1,9,0.1918738952387852,0.9994255701700846,0.40032309072989,8,0.1918738952387852,0.9994255701700846,59.96002664890073
shruti_filming_1_flipped.mp4,3345,1,10,0.1905650063279447,0.9994529724121094,0.4003898903175636,9,0.1905650063279447,0.9994529724121094,59.96002664890073
shruti_filming_1_flipped.mp4,3346,1,8,0.1893233155424241,0.9994738260904948,0.4022564358181423,7,0.1893233155424241,0.9994738260904948,59.96002664890073
shruti_filming_1_flipped.mp4,3347,1,8,0.1893062640052058,0.999514389038086,0.401176933006004,7,0.1893062640052058,0.999514389038086,59.96002664890073
shruti_filming_1_flipped.mp4,3348,1,8,0.1879847826248155,0.9995452880859376,0.4018833019115306,7,0.1879847826248155,0.9995452880859376,59.96002664890073
shruti_filming_1_flipped.mp4,3349,1,8,0.1882488328540542,0.9995952606201172,0.4011996799045139,7,0.1882488328540542,0.9995952606201172,59.96002664890073
shruti_filming_1_flipped.mp4,3350,1,8,0.187638050223166,0.9995779037475586,0.4006772641782407,7,0.187638050223166,0.9995779037475586,59.96002664890073
shruti_filming_1_flipped.mp4,3351,1,9,0.187582711359072,0.9996214548746744,0.3999009874131944,8,0.187582711359072,0.9996214548746744,59.96002664890073
shruti_filming_1_flipped.mp4,3352,1,6,0.1866845226551968,0.9996330261230468,0.4004848338939525,6,0.1866845226551968,0.9996330261230468,59.96002664890073
shruti_filming_1_flipped.mp4,3353,1,6,0.1862413807450502,0.999614143371582,0.3988780551486545,6,0.1862413807450502,0.999614143371582,59.96002664890073
shruti_filming_1_flipped.mp4,3354,1,8,0.1860040730021622,0.999619483947754,0.3988957722981771,8,0.1860040730021622,0.999619483947754,59.96002664890073
shruti_filming_1_flipped.mp4,3355,1,7,0.1847465950430422,0.9996015548706054,0.3994820488823785,7,0.1847465950430422,0.9996015548706054,59.96002664890073
shruti_filming_1_flipped.mp4,3356,1,8,0.1852025131638705,0.9998202006022135,0.3976755777994791,8,0.1852025131638705,0.9998202006022135,59.96002664890073
shruti_filming_1_flipped.mp4,3357,1,7,0.1841176983276612,1.0,0.3977496111834491,7,0.1841176983276612,1.0,59.96002664890073
shruti_filming_1_flipped.mp4,3358,1,7,0.1837239738924836,0.9996078491210938,0.3998207092285156,6,0.1837239738924836,0.9996078491210938,59.96002664890073
shruti_filming_1_flipped.mp4,3359,1,8,0.1832314395791144,0.9995437622070312,0.3995061521176938,7,0.1832314395791144,0.9995437622070312,59.96002664890073
shruti_filming_1_flipped.mp4,3360,0,7,0.1833329846776905,0.9996445337931316,0.3991542957447193,6,0.1833329846776905,0.9996445337931316,59.96002664890073
shruti_filming_1_flipped.mp4,3361,0,7,0.1820101868822314,0.9994457244873048,0.3994395220721209,6,0.1820101868822314,0.9994457244873048,59.96002664890073
shruti_filming_1_flipped.mp4,3362,0,7,0.1810075888579983,0.9993555068969726,0.3996342976888021,6,0.1810075888579983,0.9993555068969726,59.96002664890073
shruti_filming_1_flipped.mp4,3363,0,6,0.1807358790034777,0.999347686767578,0.4000717163085937,5,0.1807358790034777,0.999347686767578,59.96002664890073
shruti_filming_1_flipped.mp4,3364,0,6,0.1801567653327193,0.9991838455200196,0.4000366493507667,5,0.1801567653327193,0.9991838455200196,59.96002664890073
shruti_filming_1_flipped.mp4,3365,0,6,0.1797880112734209,0.9993486404418944,0.3999504937065972,5,0.1797880112734209,0.9993486404418944,59.96002664890073
shruti_filming_1_flipped.mp4,3366,0,7,0.1794371625570074,0.9994781494140624,0.3986346209490741,6,0.1794371625570074,0.9994781494140624,59.96002664890073
shruti_filming_1_flipped.mp4,3367,0,7,0.1789949488482239,0.9994293212890624,0.3990276195384838,6,0.1789949488482239,0.9994293212890624,59.96002664890073
shruti_filming_1_flipped.mp4,3368,0,7,0.1788318559225849,0.9994760513305664,0.3985744617603443,6,0.1788318559225849,0.9994760513305664,59.96002664890073
shruti_filming_1_flipped.mp4,3369,0,8,0.1776124066591405,0.99921875,0.4002488595468026,7,0.1776124066591405,0.99921875,59.96002664890073
shruti_filming_1_flipped.mp4,3370,0,8,0.1766263783640547,0.9992472330729166,0.3986759044505931,7,0.1766263783640547,0.9992472330729166,59.96002664890073
shruti_filming_1_flipped.mp4,3371,0,10,0.1733687855202502,0.99565486907959,0.4007809391728154,8,0.1733687855202502,0.99565486907959,59.96002664890073
shruti_filming_1_flipped.mp4,3372,0,8,0.1709090796995399,0.9940863291422526,0.402841638635706,6,0.1709090796995399,0.9940863291422526,59.96002664890073
shruti_filming_1_flipped.mp4,3373,0,7,0.167155406829002,0.9895496368408204,0.4034031338161892,6,0.167155406829002,0.9895496368408204,59.96002664890073
shruti_filming_1_flipped.mp4,3374,0,6,0.1648502284625148,0.987376848856608,0.4037862424497251,5,0.1648502284625148,0.987376848856608,59.96002664890073
shruti_filming_1_flipped.mp4,3375,0,6,0.164225275650711,0.9846807479858398,0.401018637197989,5,0.164225275650711,0.9846807479858398,59.96002664890073
shruti_filming_1_flipped.mp4,3376,0,6,0.1617009158039905,0.9828462600708008,0.4002652768735532,4,0.1617009158039905,0.9828462600708008,59.96002664890073
shruti_filming_1_flipped.mp4,3377,0,7,0.158387078748395,0.9816335678100586,0.4007073296440972,5,0.158387078748395,0.9816335678100586,59.96002664890073
shruti_filming_1_flipped.mp4,3378,0,7,0.1557569664825374,0.98070494333903,0.3941275137442129,5,0.1557569664825374,0.98070494333903,59.96002664890073
shruti_filming_1_flipped.mp4,3379,0,7,0.1520760603889357,0.978297996520996,0.3847583912037037,4,0.1520760603889357,0.978297996520996,59.96002664890073
shruti_filming_1_flipped.mp4,3380,0,7,0.1477636726998241,0.9753419876098632,0.3741942794234664,5,0.1477636726998241,0.9753419876098632,59.96002664890073
shruti_filming_1_flipped.mp4,3381,0,7,0.1462696729941052,0.9741886138916016,0.3702675148292824,5,0.1462696729941052,0.9741886138916016,59.96002664890073
shruti_filming_1_flipped.mp4,3382,0,6,0.1432818941865116,0.9732168833414714,0.3604956167715567,4,0.1432818941865116,0.9732168833414714,59.96002664890073
shruti_filming_1_flipped.mp4,3383,0,8,0.1404585707472331,0.971571413675944,0.3533225448043258,6,0.1404585707472331,0.971571413675944,59.96002664890073
shruti_filming_1_flipped.mp4,3384,0,5,0.1358732501002291,0.9685779571533204,0.344095696343316,3,0.1358732501002291,0.9685779571533204,59.96002664890073
shruti_filming_1_flipped.mp4,3385,0,7,0.1324027911556725,0.966225814819336,0.3378439726652922,5,0.1324027911556725,0.966225814819336,59.96002664890073
shruti_filming_1_flipped.mp4,3386,0,6,0.1279904288346491,0.9642932891845704,0.3282290988498264,4,0.1279904288346491,0.9642932891845704,59.96002664890073
shruti_filming_1_flipped.mp4,3387,0,7,0.1253836686870393,0.9632513682047528,0.3201700846354167,5,0.1253836686870393,0.9632513682047528,59.96002664890073
shruti_filming_1_flipped.mp4,3388,0,7,0.1228764331103108,0.9617205301920572,0.3150462680392795,5,0.1228764331103108,0.9617205301920572,59.96002664890073
shruti_filming_1_flipped.mp4,3389,0,7,0.1201725456014079,0.9602067947387696,0.3095648023817274,5,0.1201725456014079,0.9602067947387696,59.96002664890073
shruti_filming_1_flipped.mp4,3390,0,6,0.1173955848478524,0.958713976542155,0.3040325306080005,4,0.1173955848478524,0.958713976542155,59.96002664890073
shruti_filming_1_flipped.mp4,3391,0,8,0.1149166708460284,0.9567289352416992,0.2981991238064236,6,0.1149166708460284,0.9567289352416992,59.96002664890073
shruti_filming_1_flipped.mp4,3392,0,8,0.1109033719827291,0.954904556274414,0.2888995700412326,6,0.1109033719827291,0.954904556274414,59.96002664890073
shruti_filming_1_flipped.mp4,3393,0,8,0.1085528700892511,0.9539176940917968,0.2812954090259693,6,0.1085528700892511,0.9539176940917968,59.96002664890073
shruti_filming_1_flipped.mp4,3394,0,7,0.1058350024642681,0.9512486139933268,0.2750522189670139,5,0.1058350024642681,0.9512486139933268,59.96002664890073
shruti_filming_1_flipped.mp4,3395,0,7,0.1035834508307743,0.9486124038696288,0.2689388699001736,5,0.1035834508307743,0.9486124038696288,59.96002664890073
shruti_filming_1_flipped.mp4,3396,0,6,0.1020833418304876,0.9477102279663084,0.2630459255642361,4,0.1020833418304876,0.9477102279663084,59.96002664890073
shruti_filming_1_flipped.mp4,3397,0,5,0.1000290016895397,0.946003532409668,0.2561995329680266,3,0.1000290016895397,0.946003532409668,59.96002664890073
shruti_filming_1_flipped.mp4,3398,0,4,0.0979461804391919,0.9441413879394532,0.2501905653211805,2,0.0979461804391919,0.9441413879394532,59.96002664890073
shruti_filming_1_flipped.mp4,3399,0,4,0.0961635859310627,0.9431952158610026,0.2441680908203125,2,0.0961635859310627,0.9431952158610026,59.96002664890073
shruti_filming_1_flipped.mp4,3400,0,5,0.094244227297604,0.9419116973876952,0.2379757351345486,3,0.094244227297604,0.9419116973876952,59.96002664890073
shruti_filming_1_flipped.mp4,3401,0,5,0.0922693637427356,0.9410884857177736,0.2302086724175347,3,0.0922693637427356,0.9410884857177736,59.96002664890073
shruti_filming_1_flipped.mp4,3402,0,4,0.090517178123483,0.9405557632446288,0.2275200455277054,2,0.090517178123483,0.9405557632446288,59.96002664890073
shruti_filming_1_flipped.mp4,3403,0,5,0.0890315992499624,0.9396977106730144,0.2214528401692708,3,0.0890315992499624,0.9396977106730144,59.96002664890073
shruti_filming_1_flipped.mp4,3404,0,5,0.0874180319968339,0.9389988581339518,0.2149409823947482,3,0.0874180319968339,0.9389988581339518,59.96002664890073
shruti_filming_1_flipped.mp4,3405,0,5,0.0855295753125122,0.9366966883341472,0.2093930279767071,3,0.0855295753125122,0.9366966883341472,59.96002664890073
shruti_filming_1_flipped.mp4,3406,0,5,0.084115437236636,0.9362951278686524,0.2048828125,3,0.084115437236636,0.9362951278686524,59.96002664890073
shruti_filming_1_flipped.mp4,3407,0,4,0.0823734259731201,0.9346939086914062,0.1998591105143229,2,0.0823734259731201,0.9346939086914062,59.96002664890073
shruti_filming_1_flipped.mp4,3408,0,4,0.0809710031542905,0.933755111694336,0.1964428089283131,2,0.0809710031542905,0.933755111694336,59.96002664890073
shruti_filming_1_flipped.mp4,3409,0,4,0.0788660702405549,0.9310993194580078,0.1910610622829861,2,0.0788660702405549,0.9310993194580078,59.96002664890073
shruti_filming_1_flipped.mp4,3410,0,5,0.0772783235377843,0.9302433013916016,0.1878100925021701,3,0.0772783235377843,0.9302433013916016,59.96002664890073
shruti_filming_1_flipped.mp4,3411,0,4,0.0761367336447842,0.9293397903442384,0.1804234822591146,2,0.0761367336447842,0.9293397903442384,59.96002664890073
shruti_filming_1_flipped.mp4,3412,0,4,0.0754426256896598,0.9292245864868164,0.1763974507649739,2,0.0754426256896598,0.9292245864868164,59.96002664890073
shruti_filming_1_flipped.mp4,3413,0,4,0.0740819377050502,0.928078842163086,0.1718009666160301,2,0.0740819377050502,0.928078842163086,59.96002664890073
shruti_filming_1_flipped.mp4,3414,0,4,0.0729493002225515,0.9255369822184244,0.16966552734375,2,0.0729493002225515,0.9255369822184244,59.96002664890073
shruti_filming_1_flipped.mp4,3415,0,4,0.0714005334033734,0.9241707483927408,0.1621951633029514,2,0.0714005334033734,0.9241707483927408,59.96002664890073
shruti_filming_1_flipped.mp4,3416,0,4,0.0700970950903443,0.9231229782104492,0.1578168798376012,2,0.0700970950903443,0.9231229782104492,59.96002664890073
shruti_filming_1_flipped.mp4,3417,0,5,0.0681604556564096,0.9210786819458008,0.1572795161494502,3,0.0681604556564096,0.9210786819458008,59.96002664890073
shruti_filming_1_flipped.mp4,3418,0,5,0.0665089255503779,0.9190471649169922,0.1508532206217448,3,0.0665089255503779,0.9190471649169922,59.96002664890073
shruti_filming_1_flipped.mp4,3419,0,4,0.0656119571403057,0.9181089401245116,0.1446723937988281,2,0.0656119571403057,0.9181089401245116,59.96002664890073
shruti_filming_1_flipped.mp4,3420,1,4,0.0645414568970672,0.9167165756225586,0.1408031039767795,2,0.0645414568970672,0.9167165756225586,59.96002664890073
shruti_filming_1_flipped.mp4,3421,1,4,0.0626454996640893,0.9147537231445312,0.132672769052011,2,0.0626454996640893,0.9147537231445312,59.96002664890073
shruti_filming_1_flipped.mp4,3422,1,4,0.061742295501689,0.9136991500854492,0.126969740125868,2,0.061742295501689,0.9136991500854492,59.96002664890073
shruti_filming_1_flipped.mp4,3423,1,4,0.0606116615571523,0.913326644897461,0.120726493552879,2,0.0606116615571523,0.913326644897461,59.96002664890073
shruti_filming_1_flipped.mp4,3424,1,4,0.0585885520876898,0.9109188079833984,0.1159554375542534,2,0.0585885520876898,0.9109188079833984,59.96002664890073
shruti_filming_1_flipped.mp4,3425,1,4,0.0573704987397973,0.9101932525634766,0.1126964992947048,3,0.0573704987397973,0.9101932525634766,59.96002664890073
shruti_filming_1_flipped.mp4,3426,1,4,0.0559361705838549,0.9082789103190104,0.1063752633553964,2,0.0559361705838549,0.9082789103190104,59.96002664890073
shruti_filming_1_flipped.mp4,3427,1,4,0.0546300287245011,0.9066708246866862,0.101347831443504,2,0.0546300287245011,0.9066708246866862,59.96002664890073
shruti_filming_1_flipped.mp4,3428,1,5,0.0535898870917811,0.9055879592895508,0.0946873700177228,3,0.0535898870917811,0.9055879592895508,59.96002664890073
shruti_filming_1_flipped.mp4,3429,1,4,0.0524464795849699,0.9037604014078776,0.0881781684027777,3,0.0524464795849699,0.9037604014078776,59.96002664890073
shruti_filming_1_flipped.mp4,3430,1,4,0.0515328014043377,0.9031242370605468,0.0804098906340422,2,0.0515328014043377,0.9031242370605468,59.96002664890073
shruti_filming_1_flipped.mp4,3431,1,4,0.0503958380774646,0.9020450592041016,0.0750237358940972,3,0.0503958380774646,0.9020450592041016,59.96002664890073
shruti_filming_1_flipped.mp4,3432,1,4,0.0505019865488564,0.9025307337443034,0.0683473940248842,3,0.0505019865488564,0.9025307337443034,59.96002664890073
shruti_filming_1_flipped.mp4,3433,1,5,0.0493962697656307,0.9015015284220378,0.061009046766493,4,0.0493962697656307,0.9015015284220378,59.96002664890073
shruti_filming_1_flipped.mp4,3434,1,6,0.049170207913827,0.900633430480957,0.0564476578323929,4,0.049170207913827,0.900633430480957,59.96002664890073
shruti_filming_1_flipped.mp4,3435,1,6,0.0481355916629157,0.899464225769043,0.0484024047851562,4,0.0481355916629157,0.899464225769043,59.96002664890073
shruti_filming_1_flipped.mp4,3436,1,5,0.0470284587358118,0.8984664916992188,0.044892515959563,4,0.0470284587358118,0.8984664916992188,59.96002664890073
shruti_filming_1_flipped.mp4,3437,1,5,0.0461595972337441,0.8962606430053711,0.0375552707248263,4,0.0461595972337441,0.8962606430053711,59.96002664890073
shruti_filming_1_flipped.mp4,3438,1,5,0.0448101986658703,0.8940273920694987,0.0326101232458043,4,0.0448101986658703,0.8940273920694987,59.96002664890073
shruti_filming_1_flipped.mp4,3439,1,5,0.0441097207711815,0.8924367904663086,0.0272442287868923,4,0.0441097207711815,0.8924367904663086,59.96002664890073
shruti_filming_1_flipped.mp4,3440,1,6,0.0424346168963529,0.8909725189208985,0.0165903444643373,5,0.0424346168963529,0.8909725189208985,59.96002664890073
shruti_filming_1_flipped.mp4,3441,1,7,0.0429433285835505,0.8901886622111003,0.0119794774938512,6,0.0429433285835505,0.8901886622111003,59.96002664890073
shruti_filming_1_flipped.mp4,3442,1,8,0.0420134741493449,0.8882541656494141,0.0060345685040509,6,0.0420134741493449,0.8882541656494141,59.96002664890073
shruti_filming_1_flipped.mp4,3443,1,7,0.04106535412452,0.8865938186645508,0.0002470228407118,6,0.04106535412452,0.8865938186645508,59.96002664890073
shruti_filming_1_flipped.mp4,3444,1,6,0.0408900914751251,0.8860162734985352,0.0083085801866319,5,0.0408900914751251,0.8860162734985352,59.96002664890073
shruti_filming_1_flipped.mp4,3445,1,6,0.039571990452401,0.8852935791015625,0.0141779864275897,5,0.039571990452401,0.8852935791015625,59.96002664890073
shruti_filming_1_flipped.mp4,3446,1,6,0.0397559561837018,0.8850284576416015,0.019229832401982,5,0.0397559561837018,0.8850284576416015,59.96002664890073
shruti_filming_1_flipped.mp4,3447,1,7,0.038373007638183,0.8826160430908203,0.0250886140046296,6,0.038373007638183,0.8826160430908203,59.96002664890073
shruti_filming_1_flipped.mp4,3448,1,7,0.0374294767613011,0.8809982299804687,0.0317995142053674,6,0.0374294767613011,0.8809982299804687,59.96002664890073
shruti_filming_1_flipped.mp4,3449,1,6,0.0367404116666229,0.8797496795654297,0.0342059382685908,5,0.0367404116666229,0.8797496795654297,59.96002664890073
shruti_filming_1_flipped.mp4,3450,1,6,0.0361314251126411,0.8787136077880859,0.043067960385923,5,0.0361314251126411,0.8787136077880859,59.96002664890073
shruti_filming_1_flipped.mp4,3451,1,7,0.0363227667317209,0.8783132553100585,0.0523043597186053,5,0.0363227667317209,0.8783132553100585,59.96002664890073
shruti_filming_1_flipped.mp4,3452,1,6,0.0363748959460644,0.8775238037109375,0.0570672776963975,4,0.0363748959460644,0.8775238037109375,59.96002664890073
shruti_filming_1_flipped.mp4,3453,1,7,0.035589760440295,0.8758235931396484,0.060821787516276,5,0.035589760440295,0.8758235931396484,59.96002664890073
shruti_filming_1_flipped.mp4,3454,1,7,0.0350668094956738,0.8741067886352539,0.0668609054000289,5,0.0350668094956738,0.8741067886352539,59.96002664890073
shruti_filming_1_flipped.mp4,3455,1,9,0.0341326775991614,0.8735603968302409,0.0706831472891348,6,0.0341326775991614,0.8735603968302409,59.96002664890073
shruti_filming_1_flipped.mp4,3456,1,8,0.0339473244198867,0.8727755228678385,0.0812557926884404,5,0.0339473244198867,0.8727755228678385,59.96002664890073
shruti_filming_1_flipped.mp4,3457,1,8,0.0331824119255934,0.8718433380126953,0.0913175794813368,6,0.0331824119255934,0.8718433380126953,59.96002664890073
shruti_filming_1_flipped.mp4,3458,1,7,0.0327259463735282,0.8690903345743816,0.090514091209129,5,0.0327259463735282,0.8690903345743816,59.96002664890073
shruti_filming_1_flipped.mp4,3459,1,8,0.036635148441419,0.999948501586914,0.8600748697916667,6,0.0326887410546812,0.8685468673706055,59.96002664890073
shruti_filming_1_flipped.mp4,3460,1,8,0.043502938001658,0.9997360865275066,0.838011791087963,6,0.0320925664705929,0.8680184046427409,59.96002664890073
shruti_filming_1_flipped.mp4,3461,1,8,0.0492345062031462,0.9998984018961588,0.8213043212890625,6,0.031504882297789,0.867032814025879,59.96002664890073
shruti_filming_1_flipped.mp4,3462,1,8,0.0563484182185601,0.9995697021484377,0.8058511804651332,6,0.0312672657940883,0.8665536880493164,59.96002664890073
shruti_filming_1_flipped.mp4,3463,1,7,0.0624064566265722,0.9989971160888672,0.7856102272316262,5,0.0310831102918557,0.865426508585612,59.96002664890073
shruti_filming_1_flipped.mp4,3464,1,8,0.0676377012581926,0.9987934112548827,0.7695991798683449,6,0.0307546832045773,0.8638025283813476,59.96002664890073
shruti_filming_1_flipped.mp4,3465,1,9,0.0729152803745819,0.9993361155192058,0.7519491690176504,8,0.0301205697348039,0.8621437708536784,59.96002664890073
shruti_filming_1_flipped.mp4,3466,1,8,0.0781535787381775,0.9983640670776368,0.7398126672815394,7,0.0296274920728454,0.8614366531372071,59.96002664890073
shruti_filming_1_flipped.mp4,3467,1,7,0.0824799335755897,0.9986251831054688,0.7272253530996817,6,0.0296066772286172,0.8608338038126627,59.96002664890073
shruti_filming_1_flipped.mp4,3468,1,7,0.0876457095667461,0.9986244837443032,0.7111477322048612,6,0.0289148528700483,0.8595088958740235,59.96002664890073
shruti_filming_1_flipped.mp4,3469,1,6,0.092376804787976,0.9993731180826824,0.6961801599573206,5,0.0279739877985169,0.8578024546305338,59.96002664890073
shruti_filming_1_flipped.mp4,3470,1,9,0.0961643768746706,0.9994318008422852,0.6819382844147859,8,0.0272911224334449,0.8564271926879883,59.96002664890073
shruti_filming_1_flipped.mp4,3471,1,7,0.1000608613581668,0.999540138244629,0.6700739542643229,6,0.0264018259034492,0.8546382904052734,59.96002664890073
shruti_filming_1_flipped.mp4,3472,1,10,0.1028366566457164,0.999361801147461,0.6596692120587384,9,0.0263658925087872,0.8540199915568034,59.96002664890073
shruti_filming_1_flipped.mp4,3473,1,8,0.1058679229513358,0.9993227005004884,0.6484897754810475,7,0.0261291735533719,0.8535367965698242,59.96002664890073
shruti_filming_1_flipped.mp4,3474,1,7,0.1089664524395225,0.9993515014648438,0.6385240342881945,6,0.0255771345696121,0.8526088714599609,59.96002664890073
shruti_filming_1_flipped.mp4,3475,1,8,0.1126369142513377,0.9993357340494792,0.623866045916522,7,0.0254510806647077,0.8515193939208985,59.96002664890073
shruti_filming_1_flipped.mp4,3476,1,7,0.1146365122711803,0.9993854522705078,0.6141210485387731,6,0.0251266751230448,0.8503836313883464,59.96002664890073
shruti_filming_1_flipped.mp4,3477,1,7,0.1175531841368259,0.9993850708007812,0.605092027452257,6,0.0250708450749516,0.8492982864379883,59.96002664890073
shruti_filming_1_flipped.mp4,3478,1,6,0.1204368888552805,0.9994688034057616,0.5966174655490452,6,0.1204368888552805,0.9994688034057616,59.96002664890073
shruti_filming_1_flipped.mp4,3479,1,6,0.1227584892663354,0.9994091033935548,0.5886232164171007,6,0.1227584892663354,0.9994091033935548,59.96002664890073
shruti_filming_1_flipped.mp4,3480,1,5,0.1245503655591056,0.9993022918701172,0.5802788063331886,5,0.1245503655591056,0.9993022918701172,59.96002664890073
shruti_filming_1_flipped.mp4,3481,1,5,0.1276318990695505,0.9992635726928712,0.5677979645905671,5,0.1276318990695505,0.9992635726928712,59.96002664890073
shruti_filming_1_flipped.mp4,3482,1,7,0.1299946963088586,0.9994110107421876,0.560239495171441,7,0.1299946963088586,0.9994110107421876,59.96002664890073
shruti_filming_1_flipped.mp4,3483,1,9,0.132135629456348,0.9994918823242188,0.5494930691189236,9,0.132135629456348,0.9994918823242188,59.96002664890073
shruti_filming_1_flipped.mp4,3484,1,8,0.1345639506051206,0.9995059967041016,0.5387494687680845,8,0.1345639506051206,0.9995059967041016,59.96002664890073
shruti_filming_1_flipped.mp4,3485,1,8,0.1367913153057021,0.9995161692301432,0.5301586009837963,8,0.1367913153057021,0.9995161692301432,59.96002664890073
shruti_filming_1_flipped.mp4,3486,1,9,0.1395042378236798,0.9995405197143554,0.5228021692346644,9,0.1395042378236798,0.9995405197143554,59.96002664890073
shruti_filming_1_flipped.mp4,3487,1,7,0.1417840942181646,0.9993131637573244,0.5133497450086806,7,0.1417840942181646,0.9993131637573244,59.96002664890073
shruti_filming_1_flipped.mp4,3488,1,8,0.1441821832648538,0.9994598388671876,0.5079159206814237,8,0.1441821832648538,0.9994598388671876,59.96002664890073
shruti_filming_1_flipped.mp4,3489,1,7,0.1466951903488442,0.9994733810424804,0.4970927485713252,7,0.1466951903488442,0.9994733810424804,59.96002664890073
shruti_filming_1_flipped.mp4,3490,1,9,0.1483000854211988,0.9995192209879558,0.4900287204318576,9,0.1483000854211988,0.9995192209879558,59.96002664890073
shruti_filming_1_flipped.mp4,3491,1,8,0.1500254514360589,0.999497413635254,0.4839171798140914,8,0.1500254514360589,0.999497413635254,59.96002664890073
shruti_filming_1_flipped.mp4,3492,1,6,0.1518111853368787,0.9994896570841472,0.477915785047743,6,0.1518111853368787,0.9994896570841472,59.96002664890073
shruti_filming_1_flipped.mp4,3493,1,6,0.1536559850988043,0.9994816462198892,0.4707643296983507,6,0.1536559850988043,0.9994816462198892,59.96002664890073
shruti_filming_1_flipped.mp4,3494,1,5,0.1554126284093729,0.9994121551513672,0.46355551260489,5,0.1554126284093729,0.9994121551513672,59.96002664890073
shruti_filming_1_flipped.mp4,3495,1,6,0.1572767059551552,0.9994714736938476,0.4580522325303819,6,0.1572767059551552,0.9994714736938476,59.96002664890073
shruti_filming_1_flipped.mp4,3496,1,6,0.1601439682883965,0.9995197931925456,0.4499290748878761,6,0.1601439682883965,0.9995197931925456,59.96002664890073
shruti_filming_1_flipped.mp4,3497,1,3,0.1620784216588018,0.999500846862793,0.4423693621600115,3,0.1620784216588018,0.999500846862793,59.96002664890073
shruti_filming_1_flipped.mp4,3498,1,4,0.1631879039054156,0.9994909286499024,0.436152677182798,4,0.1631879039054156,0.9994909286499024,59.96002664890073
shruti_filming_1_flipped.mp4,3499,1,4,0.165167580396713,0.9994955062866212,0.4283771091037326,4,0.165167580396713,0.9994955062866212,59.96002664890073
shruti_filming_1_flipped.mp4,3500,1,4,0.166267802699607,0.9994710922241212,0.424645346182364,4,0.166267802699607,0.9994710922241212,59.96002664890073
shruti_filming_1_flipped.mp4,3501,1,4,0.1679694737709791,0.9994468688964844,0.417863294813368,4,0.1679694737709791,0.9994468688964844,59.96002664890073
shruti_filming_1_flipped.mp4,3502,1,4,0.1686946055528446,0.9994391123453776,0.4140031885217737,4,0.1686946055528446,0.9994391123453776,59.96002664890073
shruti_filming_1_flipped.mp4,3503,1,3,0.1706490665407586,0.9994331995646158,0.4076613532172309,3,0.1706490665407586,0.9994331995646158,59.96002664890073
shruti_filming_1_flipped.mp4,3504,1,4,0.1725516671667638,0.9994140625,0.4014178805881076,4,0.1725516671667638,0.9994140625,59.96002664890073
shruti_filming_1_flipped.mp4,3505,1,4,0.1745259228572077,0.9993841171264648,0.3943563955801504,4,0.1745259228572077,0.9993841171264648,59.96002664890073
shruti_filming_1_flipped.mp4,3506,1,4,0.1759102585569295,0.9994029998779296,0.3889348347981771,4,0.1759102585569295,0.9994029998779296,59.96002664890073
shruti_filming_1_flipped.mp4,3507,1,4,0.1769131431001976,0.9994165420532226,0.3839477821632668,4,0.1769131431001976,0.9994165420532226,59.96002664890073
shruti_filming_1_flipped.mp4,3508,1,4,0.1775099343890852,0.9994408289591472,0.3803788644296151,4,0.1775099343890852,0.9994408289591472,59.96002664890073
shruti_filming_1_flipped.mp4,3509,1,5,0.1793548089229443,0.9994461059570312,0.3738929748535156,4,0.1793548089229443,0.9994461059570312,59.96002664890073
shruti_filming_1_flipped.mp4,3510,1,5,0.1802878660001119,0.9994344711303712,0.3704735649956597,4,0.1802878660001119,0.9994344711303712,59.96002664890073
shruti_filming_1_flipped.mp4,3511,1,4,0.1812542405588707,0.999544334411621,0.365788099500868,3,0.1812542405588707,0.999544334411621,59.96002664890073
shruti_filming_1_flipped.mp4,3512,1,4,0.1830042792822415,0.9992259979248048,0.3604692247178819,3,0.1830042792822415,0.9992259979248048,59.96002664890073
shruti_filming_1_flipped.mp4,3513,1,4,0.1848863823424552,0.9993480682373048,0.3535021464029947,3,0.1848863823424552,0.9993480682373048,59.96002664890073
shruti_filming_1_flipped.mp4,3514,1,5,0.1859745255378463,0.9995161056518554,0.3502690633138021,2,0.1859745255378463,0.9995161056518554,59.96002664890073
shruti_filming_1_flipped.mp4,3515,1,4,0.1877320685240071,0.999314562479655,0.3447466532389323,2,0.1877320685240071,0.999314562479655,59.96002664890073
shruti_filming_1_flipped.mp4,3516,1,4,0.1889629571402825,0.9993658065795898,0.3394219292534722,2,0.1889629571402825,0.9993658065795898,59.96002664890073
shruti_filming_1_flipped.mp4,3517,1,4,0.1899969360879428,0.9994951248168944,0.3362469991048177,2,0.1899969360879428,0.9994951248168944,59.96002664890073
shruti_filming_1_flipped.mp4,3518,1,4,0.1907607027591115,0.999486796061198,0.3316537645128038,2,0.1907607027591115,0.999486796061198,59.96002664890073
shruti_filming_1_flipped.mp4,3519,1,5,0.1893894572444454,0.999795150756836,0.3136286417643229,2,0.1893894572444454,0.999795150756836,59.96002664890073
shruti_filming_1_flipped.mp4,3520,1,5,0.1828750899160729,0.999574343363444,0.2789719758210359,2,0.1828750899160729,0.999574343363444,59.96002664890073
shruti_filming_1_flipped.mp4,3521,1,5,0.1726480356453652,0.9995147705078123,0.2364566096553096,2,0.1726480356453652,0.9995147705078123,59.96002664890073
shruti_filming_1_flipped.mp4,3522,1,5,0.1629456918784934,0.9996164957682292,0.1948832194010416,2,0.1629456918784934,0.9996164957682292,59.96002664890073
shruti_filming_1_flipped.mp4,3523,1,4,0.1568203637776605,0.9995337168375652,0.1623617384168836,2,0.1568203637776605,0.9995337168375652,59.96002664890073
shruti_filming_1_flipped.mp4,3524,1,4,0.1513701675981563,0.9994627634684244,0.1395588910138165,2,0.1513701675981563,0.9994627634684244,59.96002664890073
shruti_filming_1_flipped.mp4,3525,1,4,0.1481589633462189,0.9996585845947266,0.123838890923394,2,0.1481589633462189,0.9996585845947266,59.96002664890073
shruti_filming_1_flipped.mp4,3526,1,4,0.1429021900705885,0.9993104934692384,0.0900000395598235,2,0.1429021900705885,0.9993104934692384,59.96002664890073
shruti_filming_1_flipped.mp4,3527,1,4,0.138378837670704,0.9988768259684244,0.0708910624186198,2,0.138378837670704,0.9988768259684244,59.96002664890073
shruti_filming_1_flipped.mp4,3528,1,4,0.1343963239876083,0.9993619918823242,0.055776779739945,2,0.1343963239876083,0.9993619918823242,59.96002664890073
shruti_filming_1_flipped.mp4,3529,1,4,0.1285560098344716,0.9989900588989258,0.0336579781991464,2,0.1285560098344716,0.9989900588989258,59.96002664890073
shruti_filming_1_flipped.mp4,3530,1,4,0.1232963019775019,0.9993133544921876,0.011506031177662,2,0.1232963019775019,0.9993133544921876,59.96002664890073
shruti_filming_1_flipped.mp4,3531,1,4,0.1212830407660254,0.9980459213256836,0.0065523783365885,2,0.1212830407660254,0.9980459213256836,59.96002664890073
shruti_filming_1_flipped.mp4,3532,1,4,0.1163669932847066,0.9994368235270182,0.6475404527452256,2,0.1146723377934864,0.995612907409668,59.96002664890073
shruti_filming_1_flipped.mp4,3533,1,4,0.1216544324804864,0.9994349161783854,0.6314767908166956,2,0.111647505514508,0.9947081247965496,59.96002664890073
shruti_filming_1_flipped.mp4,3534,1,4,0.1267345521839646,0.9994564056396484,0.6196804470486111,2,0.1059168347110091,0.9878679275512696,59.96002664890073
shruti_filming_1_flipped.mp4,3535,1,4,0.1332858147208304,0.99946346282959,0.605610430682147,2,0.1011097466270547,0.981646728515625,59.96002664890073
shruti_filming_1_flipped.mp4,3536,1,4,0.1375361732271267,0.9994040171305338,0.5905959517867477,3,0.1375361732271267,0.9994040171305338,59.96002664890073
shruti_filming_1_flipped.mp4,3537,1,4,0.1424582199047371,0.999425760904948,0.582804701063368,3,0.1424582199047371,0.999425760904948,59.96002664890073
shruti_filming_1_flipped.mp4,3538,1,4,0.1455817824765108,0.9994037628173827,0.5685417457863137,3,0.1455817824765108,0.9994037628173827,59.96002664890073
shruti_filming_1_flipped.mp4,3539,1,4,0.1486984597824091,0.9994897842407228,0.5618320606372974,3,0.1486984597824091,0.9994897842407228,59.96002664890073
shruti_filming_1_flipped.mp4,3540,0,4,0.1524444039787502,0.9993432998657228,0.5539632726598669,3,0.1524444039787502,0.9993432998657228,59.96002664890073
shruti_filming_1_flipped.mp4,3541,0,4,0.1577555029885843,0.999416732788086,0.5388115776909722,3,0.1577555029885843,0.999416732788086,59.96002664890073
shruti_filming_1_flipped.mp4,3542,0,4,0.1604811750542204,0.9993919372558594,0.5327459829824942,3,0.1604811750542204,0.9993919372558594,59.96002664890073
shruti_filming_1_flipped.mp4,3543,0,4,0.1630649937631096,0.9993786493937176,0.5251208835177952,3,0.1630649937631096,0.9993786493937176,59.96002664890073
shruti_filming_1_flipped.mp4,3544,0,4,0.1655043256070348,0.9994484583536783,0.5176339043511284,3,0.1655043256070348,0.9994484583536783,59.96002664890073
shruti_filming_1_flipped.mp4,3545,0,4,0.1684370284772335,0.9994640986124674,0.5105480617947049,3,0.1684370284772335,0.9994640986124674,59.96002664890073
shruti_filming_1_flipped.mp4,3546,0,5,0.1699626513830757,0.9994295120239258,0.5021344785337095,3,0.1699626513830757,0.9994295120239258,59.96002664890073
shruti_filming_1_flipped.mp4,3547,0,5,0.1711874117117474,0.9994028091430665,0.4950364289460359,3,0.1711874117117474,0.9994028091430665,59.96002664890073
shruti_filming_1_flipped.mp4,3548,0,5,0.172050484094523,0.9992525736490886,0.4881123295536748,3,0.172050484094523,0.9992525736490886,59.96002664890073
shruti_filming_1_flipped.mp4,3549,0,4,0.1729320585239933,0.9992334365844726,0.4829270539460358,3,0.1729320585239933,0.9992334365844726,59.96002664890073
shruti_filming_1_flipped.mp4,3550,0,4,0.1752014788850728,0.9996892929077148,0.4777316623263888,3,0.1752014788850728,0.9996892929077148,59.96002664890073
shruti_filming_1_flipped.mp4,3551,0,5,0.1764810114479041,0.999211311340332,0.4709950482403791,3,0.1764810114479041,0.999211311340332,59.96002664890073
shruti_filming_1_flipped.mp4,3552,0,5,0.1762737121336905,0.9992557525634764,0.4681060225875289,3,0.1762737121336905,0.9992557525634764,59.96002664890073
shruti_filming_1_flipped.mp4,3553,0,4,0.1761448167678382,0.9996885935465496,0.4651674058702257,3,0.1761448167678382,0.9996885935465496,59.96002664890073
shruti_filming_1_flipped.mp4,3554,0,4,0.1773683755338425,0.9997339248657228,0.4597634209526909,3,0.1773683755338425,0.9997339248657228,59.96002664890073
shruti_filming_1_flipped.mp4,3555,0,4,0.1789414653824254,0.9996573130289712,0.4540109422471788,3,0.1789414653824254,0.9996573130289712,59.96002664890073
shruti_filming_1_flipped.mp4,3556,0,4,0.1791010287717681,0.9997198104858398,0.4507217124656394,3,0.1791010287717681,0.9997198104858398,59.96002664890073
shruti_filming_1_flipped.mp4,3557,0,4,0.1795968612036409,0.999736785888672,0.4433209454571759,3,0.1795968612036409,0.999736785888672,59.96002664890073
shruti_filming_1_flipped.mp4,3558,0,4,0.1819803155416998,0.99964656829834,0.4345043606228299,3,0.1819803155416998,0.99964656829834,59.96002664890073
shruti_filming_1_flipped.mp4,3559,0,4,0.1821200642003451,0.999587059020996,0.4326432122124566,3,0.1821200642003451,0.999587059020996,59.96002664890073
shruti_filming_1_flipped.mp4,3560,0,4,0.1833316054318048,0.9996238708496094,0.4283039234302662,3,0.1833316054318048,0.9996238708496094,59.96002664890073
shruti_filming_1_flipped.mp4,3561,0,4,0.1848415684507927,0.9996370315551758,0.4224271986219618,3,0.1848415684507927,0.9996370315551758,59.96002664890073
shruti_filming_1_flipped.mp4,3562,0,4,0.1848443563358159,0.9995523452758788,0.4178805598506221,3,0.1848443563358159,0.9995523452758788,59.96002664890073
shruti_filming_1_flipped.mp4,3563,0,4,0.1858234043292274,0.9996347427368164,0.4137744479709201,3,0.1858234043292274,0.9996347427368164,59.96002664890073
shruti_filming_1_flipped.mp4,3564,0,4,0.1869077334185432,0.9995272318522136,0.409402917932581,3,0.1869077334185432,0.9995272318522136,59.96002664890073
shruti_filming_1_flipped.mp4,3565,0,4,0.1864722433970288,0.9994578043619792,0.4080287792064525,3,0.1864722433970288,0.9994578043619792,59.96002664890073
shruti_filming_1_flipped.mp4,3566,0,4,0.186835465174275,0.9993786493937176,0.4073814392089844,3,0.186835465174275,0.9993786493937176,59.96002664890073
shruti_filming_1_flipped.mp4,3567,0,4,0.1881165679073878,0.999472999572754,0.4033977367259838,3,0.1881165679073878,0.999472999572754,59.96002664890073
shruti_filming_1_flipped.mp4,3568,0,4,0.188949366393596,0.9995121002197266,0.4002169291178385,3,0.188949366393596,0.9995121002197266,59.96002664890073
shruti_filming_1_flipped.mp4,3569,0,4,0.1906222978869078,0.9995376586914062,0.393903887713397,3,0.1906222978869078,0.9995376586914062,59.96002664890073
shruti_filming_1_flipped.mp4,3570,0,4,0.1917393156283328,0.9995088577270508,0.3891024554217303,3,0.1917393156283328,0.9995088577270508,59.96002664890073
shruti_filming_1_flipped.mp4,3571,0,5,0.1918348194233193,0.9995155334472656,0.3855594211154514,4,0.1918348194233193,0.9995155334472656,59.96002664890073
shruti_filming_1_flipped.mp4,3572,0,5,0.1914262176697148,0.9995114008585612,0.3849120811179832,4,0.1914262176697148,0.9995114008585612,59.96002664890073
shruti_filming_1_flipped.mp4,3573,0,4,0.1917313654547723,0.9994972229003908,0.382416421395761,3,0.1917313654547723,0.9994972229003908,59.96002664890073
shruti_filming_1_flipped.mp4,3574,0,4,0.1924219756610303,0.9995651245117188,0.3794381035698784,3,0.1924219756610303,0.9995651245117188,59.96002664890073
shruti_filming_1_flipped.mp4,3575,0,5,0.1930197599003207,0.9995649337768556,0.3770454971878617,4,0.1930197599003207,0.9995649337768556,59.96002664890073
shruti_filming_1_flipped.mp4,3576,0,5,0.1940417813571898,0.999650192260742,0.3736019840946904,4,0.1940417813571898,0.999650192260742,59.96002664890073
shruti_filming_1_flipped.mp4,3577,0,5,0.1948087744469133,0.9996786117553712,0.3706471761067708,4,0.1948087744469133,0.9996786117553712,59.96002664890073
shruti_filming_1_flipped.mp4,3578,0,5,0.195463851156237,0.999697494506836,0.3677963256835937,3,0.195463851156237,0.999697494506836,59.96002664890073
shruti_filming_1_flipped.mp4,3579,0,4,0.195445536263093,0.9997243881225586,0.365499030219184,3,0.195445536263093,0.9997243881225586,59.96002664890073
shruti_filming_1_flipped.mp4,3580,0,5,0.1943584175655484,0.99976863861084,0.3665711862069589,4,0.1943584175655484,0.99976863861084,59.96002664890073
shruti_filming_1_flipped.mp4,3581,0,4,0.1951127951987372,0.9998621622721354,0.3619623254846643,3,0.1951127951987372,0.9998621622721354,59.96002664890073
shruti_filming_1_flipped.mp4,3582,0,4,0.1948323078886541,0.999875259399414,0.3615571763780382,3,0.1948323078886541,0.999875259399414,59.96002664890073
shruti_filming_1_flipped.mp4,3583,0,4,0.1953313441547302,0.9998371124267578,0.3586703547724971,3,0.1953313441547302,0.9998371124267578,59.96002664890073
shruti_filming_1_flipped.mp4,3584,0,5,0.1952822157591678,0.9997909545898438,0.3557394239637587,3,0.1952822157591678,0.9997909545898438,59.96002664890073
shruti_filming_1_flipped.mp4,3585,0,5,0.1950203363353028,0.999681536356608,0.3549420957212095,3,0.1950203363353028,0.999681536356608,59.96002664890073
shruti_filming_1_flipped.mp4,3586,0,6,0.1939444108820235,0.999631182352702,0.3556596544053819,3,0.1939444108820235,0.999631182352702,59.96002664890073
shruti_filming_1_flipped.mp4,3587,0,7,0.1937195036609126,0.9996288935343424,0.3568917168511284,3,0.1937195036609126,0.9996288935343424,59.96002664890073
shruti_filming_1_flipped.mp4,3588,0,7,0.1933859199640358,0.9990041732788086,0.3558093035662615,3,0.1933859199640358,0.9990041732788086,59.96002664890073
shruti_filming_1_flipped.mp4,3589,0,5,0.1941059075703163,0.9996774673461916,0.355246423791956,3,0.1941059075703163,0.9996774673461916,59.96002664890073
shruti_filming_1_flipped.mp4,3590,0,6,0.1942523510327899,0.9994812647501627,0.3544482760959201,3,0.1942523510327899,0.9994812647501627,59.96002664890073
shruti_filming_1_flipped.mp4,3591,0,4,0.1930556221750642,0.9995775858561198,0.354343753390842,3,0.1930556221750642,0.9995775858561198,59.96002664890073
shruti_filming_1_flipped.mp4,3592,0,5,0.1926603719627019,0.999510383605957,0.3540506716127748,3,0.1926603719627019,0.999510383605957,59.96002664890073
shruti_filming_1_flipped.mp4,3593,0,5,0.194518356497089,0.9995598475138346,0.3483213071469907,3,0.194518356497089,0.9995598475138346,59.96002664890073
shruti_filming_1_flipped.mp4,3594,0,5,0.1943587120331358,0.999545160929362,0.34705810546875,3,0.1943587120331358,0.999545160929362,59.96002664890073
shruti_filming_1_flipped.mp4,3595,0,5,0.1930590779084013,0.9993070602416992,0.3497776455349392,3,0.1930590779084013,0.9993070602416992,59.96002664890073
shruti_filming_1_flipped.mp4,3596,0,5,0.1931562770177886,0.99930419921875,0.3469637270326967,3,0.1931562770177886,0.99930419921875,59.96002664890073
shruti_filming_1_flipped.mp4,3597,0,5,0.1924770165426134,0.9991554260253906,0.3466828805428964,3,0.1924770165426134,0.9991554260253906,59.96002664890073
shruti_filming_1_flipped.mp4,3598,0,6,0.1926160166568243,0.9995092391967774,0.3474561903211806,3,0.1926160166568243,0.9995092391967774,59.96002664890073
shruti_filming_1_flipped.mp4,3599,0,6,0.1940299568745993,0.9996786753336588,0.3439888848198785,3,0.1940299568745993,0.9996786753336588,59.96002664890073
shruti_filming_1_flipped.mp4,3600,0,7,0.1943051875893595,0.999627685546875,0.3427671644422743,3,0.1943051875893595,0.999627685546875,59.96002664890073
shruti_filming_1_flipped.mp4,3601,0,7,0.1940729756604371,0.9995420455932618,0.3447997481734664,3,0.1940729756604371,0.9995420455932618,59.96002664890073
shruti_filming_1_flipped.mp4,3602,0,6,0.1940070415766159,0.9995342890421548,0.342469815854673,3,0.1940070415766159,0.9995342890421548,59.96002664890073
shruti_filming_1_flipped.mp4,3603,0,6,0.1939645001939627,0.9995328903198242,0.342877705891927,5,0.1939645001939627,0.9995328903198242,59.96002664890073
shruti_filming_1_flipped.mp4,3604,0,6,0.1932321106853541,0.9994232813517252,0.341702722620081,5,0.1932321106853541,0.9994232813517252,59.96002664890073
shruti_filming_1_flipped.mp4,3605,0,8,0.1912211296225238,0.9987679163614908,0.336251237657335,5,0.1912211296225238,0.9987679163614908,59.96002664890073
shruti_filming_1_flipped.mp4,3606,0,8,0.1855902617309766,0.9969327926635744,0.3196686073585792,5,0.1855902617309766,0.9969327926635744,59.96002664890073
shruti_filming_1_flipped.mp4,3607,0,7,0.1834755822545978,0.996844736735026,0.3080005221896701,5,0.1834755822545978,0.996844736735026,59.96002664890073
shruti_filming_1_flipped.mp4,3608,0,6,0.179974536562513,0.9933458964029948,0.3013663397894965,5,0.179974536562513,0.9933458964029948,59.96002664890073
shruti_filming_1_flipped.mp4,3609,0,6,0.1710098043009319,0.9861848831176758,0.2894876833315248,5,0.1710098043009319,0.9861848831176758,59.96002664890073
shruti_filming_1_flipped.mp4,3610,0,6,0.1676802361244335,0.9841115951538086,0.2787760416666666,5,0.1676802361244335,0.9841115951538086,59.96002664890073
shruti_filming_1_flipped.mp4,3611,0,6,0.1611499702158552,0.9809711456298827,0.2671944512261284,5,0.1611499702158552,0.9809711456298827,59.96002664890073
shruti_filming_1_flipped.mp4,3612,0,6,0.1579554831291898,0.9783302942911783,0.2530702379014757,5,0.1579554831291898,0.9783302942911783,59.96002664890073
shruti_filming_1_flipped.mp4,3613,0,6,0.1517988386909645,0.9735065460205078,0.2449276111744068,5,0.1517988386909645,0.9735065460205078,59.96002664890073
shruti_filming_1_flipped.mp4,3614,0,6,0.1475533313711316,0.9720125198364258,0.2324722290039062,5,0.1475533313711316,0.9720125198364258,59.96002664890073
shruti_filming_1_flipped.mp4,3615,0,7,0.1430572094680166,0.968496576944987,0.2186424255371093,6,0.1430572094680166,0.968496576944987,59.96002664890073
shruti_filming_1_flipped.mp4,3616,0,7,0.1399638350686776,0.9646663665771484,0.2108221266004774,6,0.1399638350686776,0.9646663665771484,59.96002664890073
shruti_filming_1_flipped.mp4,3617,0,7,0.13545103466294,0.9613423029581706,0.1975877267343026,6,0.13545103466294,0.9613423029581706,59.96002664890073
shruti_filming_1_flipped.mp4,3618,0,7,0.131748334972508,0.959532610575358,0.1906003316243489,6,0.131748334972508,0.959532610575358,59.96002664890073
shruti_filming_1_flipped.mp4,3619,0,6,0.1282157077793575,0.9566913604736328,0.1831307305230034,5,0.1282157077793575,0.9566913604736328,59.96002664890073
shruti_filming_1_flipped.mp4,3620,0,6,0.1248823631194277,0.9533426920572916,0.1711874220106337,5,0.1248823631194277,0.9533426920572916,59.96002664890073
shruti_filming_1_flipped.mp4,3621,0,6,0.1227754768398073,0.9497549057006835,0.160783216688368,5,0.1227754768398073,0.9497549057006835,59.96002664890073
shruti_filming_1_flipped.mp4,3622,0,7,0.1187004735701743,0.947303581237793,0.1532057868109809,6,0.1187004735701743,0.947303581237793,59.96002664890073
shruti_filming_1_flipped.mp4,3623,0,7,0.1140108444938367,0.9431947708129884,0.1467919243706597,6,0.1140108444938367,0.9431947708129884,59.96002664890073
shruti_filming_1_flipped.mp4,3624,0,10,0.1104476520078695,0.9398761749267578,0.1432662681297019,9,0.1104476520078695,0.9398761749267578,59.96002664890073
shruti_filming_1_flipped.mp4,3625,0,7,0.1062100006905772,0.9370812098185222,0.134987555609809,6,0.1062100006905772,0.9370812098185222,59.96002664890073
shruti_filming_1_flipped.mp4,3626,0,7,0.1044591963292731,0.9359344482421876,0.1301811783402054,6,0.1044591963292731,0.9359344482421876,59.96002664890073
shruti_filming_1_flipped.mp4,3627,0,7,0.1021832543426393,0.9343832015991212,0.1248544481065538,6,0.1021832543426393,0.9343832015991212,59.96002664890073
shruti_filming_1_flipped.mp4,3628,0,8,0.0998985359928984,0.932419204711914,0.1156264128508391,7,0.0998985359928984,0.932419204711914,59.96002664890073
shruti_filming_1_flipped.mp4,3629,0,7,0.0974655873494662,0.930175272623698,0.1097939385308159,6,0.0974655873494662,0.930175272623698,59.96002664890073
shruti_filming_1_flipped.mp4,3630,0,8,0.0950078971757062,0.9279390335083008,0.1045520358615451,7,0.0950078971757062,0.9279390335083008,59.96002664890073
shruti_filming_1_flipped.mp4,3631,0,7,0.0915218189016579,0.9236202875773112,0.0968869244610821,6,0.0915218189016579,0.9236202875773112,59.96002664890073
shruti_filming_1_flipped.mp4,3632,0,7,0.0921599394304212,0.9230951309204102,0.0791090223524305,6,0.0921599394304212,0.9230951309204102,59.96002664890073
shruti_filming_1_flipped.mp4,3633,0,8,0.0899176028651817,0.9223518371582032,0.0733642295554832,7,0.0899176028651817,0.9223518371582032,59.96002664890073
shruti_filming_1_flipped.mp4,3634,0,8,0.0865102434841295,0.9192488352457684,0.0743361579047309,7,0.0865102434841295,0.9192488352457684,59.96002664890073
shruti_filming_1_flipped.mp4,3635,0,7,0.0842328422221018,0.915164566040039,0.0618061772099247,6,0.0842328422221018,0.915164566040039,59.96002664890073
shruti_filming_1_flipped.mp4,3636,0,7,0.0824276463886619,0.9135582605997722,0.0548229076244212,6,0.0824276463886619,0.9135582605997722,59.96002664890073
shruti_filming_1_flipped.mp4,3637,0,7,0.0830167011296133,0.9116623560587566,0.0373914647985387,6,0.0830167011296133,0.9116623560587566,59.96002664890073
shruti_filming_1_flipped.mp4,3638,0,6,0.0833657942671777,0.909362284342448,0.0235373320402922,5,0.0833657942671777,0.909362284342448,59.96002664890073
shruti_filming_1_flipped.mp4,3639,0,7,0.080376390790722,0.9072556177775064,0.0216261121961805,6,0.080376390790722,0.9072556177775064,59.96002664890073
shruti_filming_1_flipped.mp4,3640,0,6,0.0809411665609999,0.906663195292155,0.0051376342773437,5,0.0809411665609999,0.906663195292155,59.96002664890073
shruti_filming_1_flipped.mp4,3641,0,9,0.0797896388554094,0.9058937708536784,0.0027788232873987,8,0.0797896388554094,0.9058937708536784,59.96002664890073
shruti_filming_1_flipped.mp4,3642,0,9,0.0788280776650019,0.9034883499145508,0.0126821447301793,8,0.0788280776650019,0.9034883499145508,59.96002664890073
shruti_filming_1_flipped.mp4,3643,0,8,0.0768375528174995,0.9007967631022136,0.0202387491861979,7,0.0768375528174995,0.9007967631022136,59.96002664890073
shruti_filming_1_flipped.mp4,3644,0,6,0.0756838509556837,0.8993765513102213,0.0256715845178674,5,0.0756838509556837,0.8993765513102213,59.96002664890073
shruti_filming_1_flipped.mp4,3645,0,7,0.072889597208155,0.8963315963745118,0.0267551563404224,6,0.072889597208155,0.8963315963745118,59.96002664890073
shruti_filming_1_flipped.mp4,3646,0,7,0.0707023266467149,0.8934173583984375,0.0314145123517071,6,0.0707023266467149,0.8934173583984375,59.96002664890073
shruti_filming_1_flipped.mp4,3647,0,7,0.0671952608816004,0.8905126571655273,0.0305510061758535,6,0.0671952608816004,0.8905126571655273,59.96002664890073
shruti_filming_1_flipped.mp4,3648,0,7,0.0673561199913092,0.8913098017374674,0.0403046502007378,6,0.0673561199913092,0.8913098017374674,59.96002664890073
shruti_filming_1_flipped.mp4,3649,0,7,0.065881093946195,0.8895380020141601,0.0447518242730034,6,0.065881093946195,0.8895380020141601,59.96002664890073
shruti_filming_1_flipped.mp4,3650,0,7,0.0638655123514601,0.8882364273071289,0.0435657077365451,6,0.0638655123514601,0.8882364273071289,59.96002664890073
shruti_filming_1_flipped.mp4,3651,0,8,0.062477751498712,0.8868038813273112,0.0450765256528501,7,0.062477751498712,0.8868038813273112,59.96002664890073
shruti_filming_1_flipped.mp4,3652,0,8,0.0619366073033975,0.885917854309082,0.054852803548177,7,0.0619366073033975,0.885917854309082,59.96002664890073
shruti_filming_1_flipped.mp4,3653,0,7,0.0593247808462991,0.8852221171061198,0.0518124615704571,6,0.0593247808462991,0.8852221171061198,59.96002664890073
shruti_filming_1_flipped.mp4,3654,0,7,0.0594870299835909,0.885397211710612,0.062691413031684,6,0.0594870299835909,0.885397211710612,59.96002664890073
shruti_filming_1_flipped.mp4,3655,0,7,0.0577346011693266,0.8834837595621745,0.0640365883156105,6,0.0577346011693266,0.8834837595621745,59.96002664890073
shruti_filming_1_flipped.mp4,3656,0,7,0.0566078556971559,0.8809040069580079,0.0708392673068576,6,0.0566078556971559,0.8809040069580079,59.96002664890073
shruti_filming_1_flipped.mp4,3657,0,7,0.0571858922160161,0.879319445292155,0.086805103443287,6,0.0571858922160161,0.879319445292155,59.96002664890073
shruti_filming_1_flipped.mp4,3658,0,7,0.0561630305294508,0.8775054931640625,0.0917160599320023,6,0.0561630305294508,0.8775054931640625,59.96002664890073
shruti_filming_1_flipped.mp4,3659,0,7,0.0552566046350855,0.8767874399820964,0.1000550164116753,6,0.0552566046350855,0.8767874399820964,59.96002664890073
shruti_filming_1_flipped.mp4,3660,0,6,0.0540330517196788,0.8759575525919596,0.1047729209617332,5,0.0540330517196788,0.8759575525919596,59.96002664890073
shruti_filming_1_flipped.mp4,3661,0,7,0.0530667896964263,0.8750157038370768,0.1087711475513599,6,0.0530667896964263,0.8750157038370768,59.96002664890073
shruti_filming_1_flipped.mp4,3662,0,7,0.0521824844933386,0.8738749186197917,0.1146045260959201,6,0.0521824844933386,0.8738749186197917,59.96002664890073
shruti_filming_1_flipped.mp4,3663,0,8,0.0514915509677181,0.8733013153076172,0.1202963369864004,6,0.0514915509677181,0.8733013153076172,59.96002664890073
shruti_filming_1_flipped.mp4,3664,0,7,0.0503735403413884,0.8724536895751953,0.1206271701388888,5,0.0503735403413884,0.8724536895751953,59.96002664890073
shruti_filming_1_flipped.mp4,3665,0,7,0.0491475616463382,0.8713837305704752,0.1196418479636863,5,0.0491475616463382,0.8713837305704752,59.96002664890073
shruti_filming_1_flipped.mp4,3666,0,7,0.0493128755252756,0.8701581954956055,0.1289067021122685,5,0.0493128755252756,0.8701581954956055,59.96002664890073
shruti_filming_1_flipped.mp4,3667,0,8,0.0480734092013333,0.8685304641723632,0.1288267064977575,6,0.0480734092013333,0.8685304641723632,59.96002664890073
shruti_filming_1_flipped.mp4,3668,0,9,0.0463673843858554,0.8675635019938152,0.1265218381528501,7,0.0463673843858554,0.8675635019938152,59.96002664890073
shruti_filming_1_flipped.mp4,3669,0,8,0.0456181170224833,0.8673067728678385,0.1344112820095486,6,0.0456181170224833,0.8673067728678385,59.96002664890073
shruti_filming_1_flipped.mp4,3670,0,8,0.0442310850005984,0.8669281005859375,0.1346962257667824,6,0.0442310850005984,0.8669281005859375,59.96002664890073
shruti_filming_1_flipped.mp4,3671,0,9,0.0441059875405712,0.8658711115519205,0.1427877355504919,7,0.0441059875405712,0.8658711115519205,59.96002664890073
shruti_filming_1_flipped.mp4,3672,0,8,0.0442254718814015,0.8648338953653971,0.1543357283980758,6,0.0442254718814015,0.8648338953653971,59.96002664890073
shruti_filming_1_flipped.mp4,3673,0,8,0.0435372208588451,0.8640741984049479,0.1559312891077112,6,0.0435372208588451,0.8640741984049479,59.96002664890073
shruti_filming_1_flipped.mp4,3674,0,11,0.0415862821327898,0.8629175821940104,0.1523386072229456,9,0.0415862821327898,0.8629175821940104,59.96002664890073
shruti_filming_1_flipped.mp4,3675,0,11,0.0409937592284584,0.8625932693481445,0.1570922286422164,9,0.0409937592284584,0.8625932693481445,59.96002664890073
shruti_filming_1_flipped.mp4,3676,0,11,0.0381221876143374,0.8611642837524414,0.1423239248770254,9,0.0381221876143374,0.8611642837524414,59.96002664890073
shruti_filming_1_flipped.mp4,3677,0,12,0.038152416932431,0.8605258941650391,0.1496932418258101,9,0.038152416932431,0.8605258941650391,59.96002664890073
shruti_filming_1_flipped.mp4,3678,0,11,0.0375239747747804,0.8598766962687174,0.1544159783257378,8,0.0375239747747804,0.8598766962687174,59.96002664890073
shruti_filming_1_flipped.mp4,3679,0,13,0.0368908386302387,0.8594099044799804,0.1594759340639467,11,0.0368908386302387,0.8594099044799804,59.96002664890073
shruti_filming_1_flipped.mp4,3680,0,12,0.0368787182185311,0.8583887736002604,0.1688424287018952,10,0.0368787182185311,0.8583887736002604,59.96002664890073
shruti_filming_1_flipped.mp4,3681,0,11,0.0363437157824874,0.8570856094360352,0.1765284502947772,10,0.0363437157824874,0.8570856094360352,59.96002664890073
shruti_filming_1_flipped.mp4,3682,0,12,0.0353409549258692,0.8565568923950195,0.1732712074562355,11,0.0353409549258692,0.8565568923950195,59.96002664890073
shruti_filming_1_flipped.mp4,3683,0,12,0.0348530718653475,0.8550051371256511,0.1768077426486545,11,0.0348530718653475,0.8550051371256511,59.96002664890073
shruti_filming_1_flipped.mp4,3684,0,13,0.0361289876702358,0.8542301813761394,0.1932441146285445,12,0.0361289876702358,0.8542301813761394,59.96002664890073
shruti_filming_1_flipped.mp4,3685,0,14,0.0356597783333402,0.8534538269042968,0.1978452894422743,12,0.0356597783333402,0.8534538269042968,59.96002664890073
shruti_filming_1_flipped.mp4,3686,0,12,0.0347539575555721,0.8533302942911783,0.1974080686216001,10,0.0347539575555721,0.8533302942911783,59.96002664890073
shruti_filming_1_flipped.mp4,3687,0,13,0.0348171332613371,0.8521631876627604,0.2051947134512442,11,0.0348171332613371,0.8521631876627604,59.96002664890073
shruti_filming_1_flipped.mp4,3688,0,10,0.0339942471801381,0.8516311645507812,0.2078844706217447,9,0.0339942471801381,0.8516311645507812,59.96002664890073
shruti_filming_1_flipped.mp4,3689,0,10,0.0334685717304819,0.8508033752441406,0.2085789150661892,8,0.0334685717304819,0.8508033752441406,59.96002664890073
shruti_filming_1_flipped.mp4,3690,0,10,0.0332459777634843,0.8503430048624675,0.2123911822283709,9,0.0332459777634843,0.8503430048624675,59.96002664890073
shruti_filming_1_flipped.mp4,3691,0,11,0.0328312487706878,0.8497524261474609,0.215580579969618,10,0.0328312487706878,0.8497524261474609,59.96002664890073
shruti_filming_1_flipped.mp4,3692,0,11,0.0321956064462601,0.8490850448608398,0.21633871572989,10,0.0321956064462601,0.8490850448608398,59.96002664890073
shruti_filming_1_flipped.mp4,3693,0,9,0.0309768290569384,0.8487251917521159,0.2140526665581597,8,0.0309768290569384,0.8487251917521159,59.96002664890073
shruti_filming_1_flipped.mp4,3694,0,10,0.0305189216723859,0.8476650238037109,0.2186531632034866,9,0.0305189216723859,0.8476650238037109,59.96002664890073
shruti_filming_1_flipped.mp4,3695,0,10,0.0297523169401231,0.8473297119140625,0.2201190524631076,9,0.0297523169401231,0.8473297119140625,59.96002664890073
shruti_filming_1_flipped.mp4,3696,0,9,0.0292336810378926,0.8465235392252605,0.224321209942853,8,0.0292336810378926,0.8465235392252605,59.96002664890073
shruti_filming_1_flipped.mp4,3697,0,9,0.0291594735899437,0.8452208201090495,0.2294667844419126,8,0.0291594735899437,0.8452208201090495,59.96002664890073
shruti_filming_1_flipped.mp4,3698,0,10,0.0286206468145408,0.8440397262573243,0.231241551151982,9,0.0286206468145408,0.8440397262573243,59.96002664890073
shruti_filming_1_flipped.mp4,3699,0,11,0.0278601891214795,0.8431049982706705,0.234080335828993,10,0.0278601891214795,0.8431049982706705,59.96002664890073
shruti_filming_1_flipped.mp4,3700,0,9,0.0273294948604113,0.8429623285929362,0.2358265629521122,8,0.0273294948604113,0.8429623285929362,59.96002664890073
shruti_filming_1_flipped.mp4,3701,0,10,0.0272414041641524,0.8426816940307618,0.2382713317871093,8,0.0272414041641524,0.8426816940307618,59.96002664890073
shruti_filming_1_flipped.mp4,3702,0,10,0.0270101858912622,0.8422014236450195,0.2433914749710648,8,0.0270101858912622,0.8422014236450195,59.96002664890073
shruti_filming_1_flipped.mp4,3703,0,10,0.0266699073573195,0.8415695826212565,0.2468683596010561,9,0.0266699073573195,0.8415695826212565,59.96002664890073
shruti_filming_1_flipped.mp4,3704,0,12,0.0259794703210193,0.8414005915323893,0.2489646346480758,11,0.0259794703210193,0.8414005915323893,59.96002664890073
shruti_filming_1_flipped.mp4,3705,0,11,0.0257125749877714,0.8413426081339518,0.2539966159396701,10,0.0257125749877714,0.8413426081339518,59.96002664890073
shruti_filming_1_flipped.mp4,3706,0,9,0.0256908201633066,0.8410874048868815,0.2574200382939091,8,0.0256908201633066,0.8410874048868815,59.96002664890073
shruti_filming_1_flipped.mp4,3707,0,9,0.0256938576875028,0.8408159891764323,0.2613961396393952,8,0.0256938576875028,0.8408159891764323,59.96002664890073
shruti_filming_1_flipped.mp4,3708,0,9,0.0254193821018037,0.8401163736979167,0.2668063976146557,8,0.0254193821018037,0.8401163736979167,59.96002664890073
shruti_filming_1_flipped.mp4,3709,0,9,0.0247235079760804,0.8397178649902344,0.2653970789026331,8,0.0247235079760804,0.8397178649902344,59.96002664890073
shruti_filming_1_flipped.mp4,3710,0,8,0.0240739133739326,0.8394085566202799,0.2679248385959201,7,0.0240739133739326,0.8394085566202799,59.96002664890073
shruti_filming_1_flipped.mp4,3711,0,9,0.0239419283715391,0.8388490676879883,0.2728085835774739,8,0.0239419283715391,0.8388490676879883,59.96002664890073
shruti_filming_1_flipped.mp4,3712,0,11,0.0235838000623819,0.8382378260294596,0.2781931559244792,10,0.0235838000623819,0.8382378260294596,59.96002664890073
shruti_filming_1_flipped.mp4,3713,0,10,0.0231616944307946,0.8368013381958008,0.283652835422092,9,0.0231616944307946,0.8368013381958008,59.96002664890073
shruti_filming_1_flipped.mp4,3714,0,11,0.0229862279672158,0.8371935526529948,0.2868603459110966,10,0.0229862279672158,0.8371935526529948,59.96002664890073
shruti_filming_1_flipped.mp4,3715,0,10,0.0233313360046322,0.8373943964640299,0.2946024859393084,9,0.0233313360046322,0.8373943964640299,59.96002664890073
shruti_filming_1_flipped.mp4,3716,0,13,0.022579771906021,0.8371158599853515,0.2953936541521991,12,0.022579771906021,0.8371158599853515,59.96002664890073
shruti_filming_1_flipped.mp4,3717,0,13,0.0220241961516633,0.8366017023722331,0.2953389485677083,12,0.0220241961516633,0.8366017023722331,59.96002664890073
shruti_filming_1_flipped.mp4,3718,0,14,0.0219694913621761,0.8363520304361979,0.3013833787706163,12,0.0219694913621761,0.8363520304361979,59.96002664890073
shruti_filming_1_flipped.mp4,3719,0,10,0.0212343891345113,0.8346363067626953,0.3027142277470341,8,0.0212343891345113,0.8346363067626953,59.96002664890073
shruti_filming_1_flipped.mp4,3720,0,11,0.0215277699533746,0.8350353240966797,0.3143744574652777,9,0.0215277699533746,0.8350353240966797,59.96002664890073
shruti_filming_1_flipped.mp4,3721,0,13,0.0213693789530144,0.8346574783325196,0.3206539577907986,11,0.0213693789530144,0.8346574783325196,59.96002664890073
shruti_filming_1_flipped.mp4,3722,0,9,0.0212493207187206,0.8345860163370769,0.3240560743543836,7,0.0212493207187206,0.8345860163370769,59.96002664890073
shruti_filming_1_flipped.mp4,3723,0,10,0.020906651788542,0.8337837219238281,0.3276004367404513,8,0.020906651788542,0.8337837219238281,59.96002664890073
shruti_filming_1_flipped.mp4,3724,0,10,0.0204803312412282,0.8331398646036784,0.3306474332456235,8,0.0204803312412282,0.8331398646036784,59.96002664890073
shruti_filming_1_flipped.mp4,3725,0,10,0.0200725087815971,0.8327913920084635,0.3315787703902633,8,0.0200725087815971,0.8327913920084635,59.96002664890073
shruti_filming_1_flipped.mp4,3726,0,14,0.0199294519294387,0.8330971399943033,0.3345380288583261,12,0.0199294519294387,0.8330971399943033,59.96002664890073
shruti_filming_1_flipped.mp4,3727,0,13,0.0195018242087098,0.8323309580485027,0.3409608629014757,11,0.0195018242087098,0.8323309580485027,59.96002664890073
shruti_filming_1_flipped.mp4,3728,0,13,0.0195484550354497,0.8318546295166016,0.3498769124348958,11,0.0195484550354497,0.8318546295166016,59.96002664890073
shruti_filming_1_flipped.mp4,3729,0,10,0.0193405255178349,0.8310293197631836,0.3550114808259187,8,0.0193405255178349,0.8310293197631836,59.96002664890073
shruti_filming_1_flipped.mp4,3730,0,12,0.019083505360519,0.8305420557657878,0.3587327038800275,10,0.019083505360519,0.8305420557657878,59.96002664890073
shruti_filming_1_flipped.mp4,3731,0,11,0.0188940658982755,0.8300380706787109,0.363354421544958,9,0.0188940658982755,0.8300380706787109,59.96002664890073
shruti_filming_1_flipped.mp4,3732,0,10,0.0187120134712942,0.8294300079345703,0.3639009405065466,8,0.0187120134712942,0.8294300079345703,59.96002664890073
shruti_filming_1_flipped.mp4,3733,0,11,0.0185582707475942,0.8288385391235351,0.369050951357241,9,0.0185582707475942,0.8288385391235351,59.96002664890073
shruti_filming_1_flipped.mp4,3734,0,11,0.0184892753829222,0.8287689844767253,0.3734341091579861,9,0.0184892753829222,0.8287689844767253,59.96002664890073
shruti_filming_1_flipped.mp4,3735,0,9,0.0181382176227419,0.8280514399210612,0.3783626980251736,7,0.0181382176227419,0.8280514399210612,59.96002664890073
shruti_filming_1_flipped.mp4,3736,0,9,0.0179313540743788,0.8281867980957032,0.3836893717447917,7,0.0179313540743788,0.8281867980957032,59.96002664890073
shruti_filming_1_flipped.mp4,3737,0,10,0.0179457573380204,0.8281864166259766,0.3902765062120226,9,0.0179457573380204,0.8281864166259766,59.96002664890073
shruti_filming_1_flipped.mp4,3738,0,10,0.0178085740111706,0.8282786051432292,0.394960120872215,9,0.0178085740111706,0.8282786051432292,59.96002664890073
shruti_filming_1_flipped.mp4,3739,0,12,0.0175167749082498,0.8275293350219727,0.3969551510281033,10,0.0175167749082498,0.8275293350219727,59.96002664890073
shruti_filming_1_flipped.mp4,3740,0,12,0.0176637577897054,0.82814146677653,0.3992693583170573,11,0.0176637577897054,0.82814146677653,59.96002664890073
shruti_filming_1_flipped.mp4,3741,0,10,0.0175434659064436,0.827734375,0.4032687717013888,8,0.0175434659064436,0.827734375,59.96002664890073
shruti_filming_1_flipped.mp4,3742,0,10,0.0174912614397558,0.8275797526041667,0.406365966796875,8,0.0174912614397558,0.8275797526041667,59.96002664890073
shruti_filming_1_flipped.mp4,3743,0,9,0.0168930251353109,0.8256607055664062,0.4060429890950521,7,0.0168930251353109,0.8256607055664062,59.96002664890073
shruti_filming_1_flipped.mp4,3744,0,10,0.0169850568949186,0.8264812469482422,0.4110021803114149,8,0.0169850568949186,0.8264812469482422,59.96002664890073
shruti_filming_1_flipped.mp4,3745,0,10,0.0168962749202425,0.8259493509928385,0.4109430948893229,8,0.0168962749202425,0.8259493509928385,59.96002664890073
shruti_filming_1_flipped.mp4,3746,0,10,0.0168141641308708,0.8261080423990885,0.4139092339409722,8,0.0168141641308708,0.8261080423990885,59.96002664890073
shruti_filming_1_flipped.mp4,3747,0,11,0.0165552480801933,0.8255462646484375,0.4141027662489149,9,0.0165552480801933,0.8255462646484375,59.96002664890073
shruti_filming_1_flipped.mp4,3748,0,10,0.0170627862857158,0.8275539398193359,0.4168206956651475,8,0.0170627862857158,0.8275539398193359,59.96002664890073
shruti_filming_1_flipped.mp4,3749,0,9,0.0169264943213299,0.8272831598917644,0.4183672587076822,7,0.0169264943213299,0.8272831598917644,59.96002664890073
shruti_filming_1_flipped.mp4,3750,0,11,0.0164742920057809,0.8259767532348633,0.4193683624267578,9,0.0164742920057809,0.8259767532348633,59.96002664890073
shruti_filming_1_flipped.mp4,3751,0,10,0.0161654361743583,0.8254142761230469,0.4205925835503472,8,0.0161654361743583,0.8254142761230469,59.96002664890073
shruti_filming_1_flipped.mp4,3752,0,10,0.0161745200960689,0.8433018366495768,0.8169589572482638,8,0.0159240309145317,0.8247358322143554,59.96002664890073
shruti_filming_1_flipped.mp4,3753,0,10,0.0165288448911505,0.8432896296183269,0.8146124380606192,8,0.0154512884909733,0.823788070678711,59.96002664890073
shruti_filming_1_flipped.mp4,3754,0,10,0.0167773619301891,0.8438183466593424,0.8136480825918692,8,0.0152691186765312,0.8234758377075195,59.96002664890073
shruti_filming_1_flipped.mp4,3755,0,10,0.0166921374150034,0.842497444152832,0.8109916969581886,8,0.0150965464791375,0.8233166376749674,59.96002664890073
shruti_filming_1_flipped.mp4,3756,0,9,0.0166561206155542,0.8413357416788737,0.8075515181929976,8,0.0144999684715811,0.8228813807169596,59.96002664890073
shruti_filming_1_flipped.mp4,3757,0,9,0.0168453183014773,0.8405806223551432,0.804296875,8,0.0141539347648116,0.8221014658610026,59.96002664890073
shruti_filming_1_flipped.mp4,3758,0,8,0.0169496671279409,0.8398868560791015,0.8026538990162037,7,0.0142224720320222,0.8214000701904297,59.96002664890073
shruti_filming_1_flipped.mp4,3759,0,9,0.0171055709097008,0.8391607284545899,0.8006591231734664,8,0.0142899423817289,0.8206740061442057,59.96002664890073
shruti_filming_1_flipped.mp4,3760,0,9,0.0172974348145847,0.8392864227294922,0.7983357747395833,8,0.0144826464819036,0.820335578918457,59.96002664890073
shruti_filming_1_flipped.mp4,3761,0,9,0.0174160986457682,0.8391741434733073,0.7967226946795428,8,0.0142120065428762,0.8197494506835937,59.96002664890073
shruti_filming_1_flipped.mp4,3762,0,9,0.0175608071076459,0.8389710108439128,0.7941054732711227,8,0.0138126819717904,0.8193655649820963,59.96002664890073
shruti_filming_1_flipped.mp4,3763,0,9,0.0174363281240221,0.8386137008666992,0.7941246880425348,8,0.0139270386857592,0.8188826243082682,59.96002664890073
shruti_filming_1_flipped.mp4,3764,0,9,0.0174249883091837,0.8384103775024414,0.7944108185944734,8,0.0139673812357068,0.8184879938761394,59.96002664890073
shruti_filming_1_flipped.mp4,3765,0,10,0.0175285936603257,0.8384723663330078,0.7927986992730035,9,0.0132659727828232,0.8182409286499024,59.96002664890073
shruti_filming_1_flipped.mp4,3766,0,9,0.0176004900564051,0.8383150736490885,0.7924570719401042,8,0.0136910076242363,0.8180656433105469,59.96002664890073
shruti_filming_1_flipped.mp4,3767,0,9,0.017740120943862,0.8382488886515299,0.7909538551613137,8,0.0132659118641575,0.8177719116210938,59.96002664890073
shruti_filming_1_flipped.mp4,3768,0,10,0.0178209060522365,0.8375986099243165,0.7879188255027488,9,0.0121605947143743,0.8177015304565429,59.96002664890073
shruti_filming_1_flipped.mp4,3769,0,10,0.0176193122543541,0.8367903391520183,0.7882845843279803,9,0.0122440589080837,0.8174858729044596,59.96002664890073
shruti_filming_1_flipped.mp4,3770,0,10,0.0179862256694827,0.8371496200561523,0.7839392202871817,9,0.0126651429318978,0.8174109141031901,59.96002664890073
shruti_filming_1_flipped.mp4,3771,0,11,0.0177736078265028,0.835120964050293,0.7813888549804687,10,0.0125695771581026,0.8173345565795899,59.96002664890073
shruti_filming_1_flipped.mp4,3772,0,10,0.0178044249614079,0.8349494934082031,0.7812961154513889,9,0.0119822591389836,0.8171636581420898,59.96002664890073
shruti_filming_1_flipped.mp4,3773,0,11,0.0178857591900008,0.8351160685221354,0.7781157882125289,10,0.0118687110646903,0.817111587524414,59.96002664890073
shruti_filming_1_flipped.mp4,3774,0,10,0.0182748630133358,0.8361784617106119,0.7757489804868345,9,0.0115480186083974,0.8170742670694987,59.96002664890073
shruti_filming_1_flipped.mp4,3775,0,10,0.0183383965027126,0.8359828948974609,0.7738463790328415,9,0.0114643929990793,0.8168787638346354,59.96002664890073
shruti_filming_1_flipped.mp4,3776,0,9,0.0185706195909814,0.8367552439371745,0.7722083197699653,8,0.0114428458464654,0.8167154947916667,59.96002664890073
shruti_filming_1_flipped.mp4,3777,0,9,0.0184068757816459,0.8365723292032877,0.7702442875614872,8,0.0113533993857143,0.8167383193969726,59.96002664890073
shruti_filming_1_flipped.mp4,3778,0,9,0.0181037125976204,0.8354789733886718,0.7688429090711806,8,0.0112413769641321,0.8166334152221679,59.96002664890073
shruti_filming_1_flipped.mp4,3779,0,9,0.0183312924702315,0.8361647288004558,0.7694976806640625,8,0.0110023339140294,0.8161873499552409,59.96002664890073
shruti_filming_1_flipped.mp4,3780,0,8,0.0184742130804806,0.8359334945678711,0.7670037163628473,7,0.0109713141490323,0.8157621383666992,59.96002664890073
shruti_filming_1_flipped.mp4,3781,0,8,0.0186059333469192,0.8368501663208008,0.7672918814199942,7,0.0108251868236564,0.8151380538940429,59.96002664890073
shruti_filming_1_flipped.mp4,3782,0,8,0.0186377097289854,0.8363252639770508,0.7656870524088542,7,0.0107975616323528,0.8149295806884765,59.96002664890073
shruti_filming_1_flipped.mp4,3783,0,8,0.0184742967054868,0.8352121988932292,0.7626727068865741,7,0.0109042875985,0.8146627426147461,59.96002664890073
shruti_filming_1_flipped.mp4,3784,0,8,0.018914892784475,0.8352724075317383,0.755035400390625,7,0.010748344798361,0.8143015543619792,59.96002664890073
shruti_filming_1_flipped.mp4,3785,0,9,0.0189050530657146,0.8351715723673503,0.7554588600441262,8,0.0106002917011749,0.813936424255371,59.96002664890073
shruti_filming_1_flipped.mp4,3786,0,9,0.0190257617601848,0.8355051040649414,0.7542910540545428,8,0.0104573002701228,0.813471794128418,59.96002664890073
shruti_filming_1_flipped.mp4,3787,0,9,0.0191861487718092,0.8359832763671875,0.7525587293836805,8,0.0103334082339845,0.8132072448730469,59.96002664890073
shruti_filming_1_flipped.mp4,3788,0,9,0.0192327633187071,0.8364089965820313,0.7510158962673611,8,0.0102206731100644,0.8129778544108073,59.96002664890073
shruti_filming_1_flipped.mp4,3789,0,8,0.019405300454215,0.8364432017008464,0.7503076058846933,7,0.0101310577125237,0.8127748489379882,59.96002664890073
shruti_filming_1_flipped.mp4,3790,0,9,0.0190562059218063,0.8364669799804687,0.7427157931857639,8,0.0100131270405593,0.8125755945841472,59.96002664890073
shruti_filming_1_flipped.mp4,3791,0,8,0.0191983343799559,0.8377275466918945,0.7384343465169271,7,0.0098739113154236,0.8122575759887696,59.96002664890073
shruti_filming_1_flipped.mp4,3792,0,8,0.0189966140171788,0.8376840591430664,0.7351071958188657,7,0.0097823134520149,0.8123756408691406,59.96002664890073
shruti_filming_1_flipped.mp4,3793,0,8,0.0187142470122866,0.8374771118164063,0.7291148432978878,7,0.0096990124307248,0.8123527526855469,59.96002664890073
shruti_filming_1_flipped.mp4,3794,0,8,0.0183104934409385,0.8370494842529297,0.7218057703088832,7,0.0096358226419801,0.8122400919596354,59.96002664890073
shruti_filming_1_flipped.mp4,3795,0,8,0.0182189912261027,0.836700439453125,0.7140211317274305,7,0.0096360325556694,0.8116012573242187,59.96002664890073
shruti_filming_1_flipped.mp4,3796,0,8,0.0183993168100844,0.8371603647867839,0.7104176274052373,7,0.0095537251913143,0.8119789123535156,59.96002664890073
shruti_filming_1_flipped.mp4,3797,0,8,0.0184490790741372,0.8379283905029297,0.7045623214156539,7,0.0094680594283757,0.8123491287231446,59.96002664890073
shruti_filming_1_flipped.mp4,3798,0,8,0.0188465712691928,0.8383905410766601,0.697681172688802,7,0.0093508800436069,0.8124011993408203,59.96002664890073
shruti_filming_1_flipped.mp4,3799,0,8,0.018751040568872,0.8379837036132812,0.694062579119647,7,0.0092768920934444,0.8114999771118164,59.96002664890073
shruti_filming_1_flipped.mp4,3800,0,9,0.018519608790251,0.8371842066446941,0.6886701230649594,8,0.0092149071951765,0.8113453547159831,59.96002664890073
shruti_filming_1_flipped.mp4,3801,0,9,0.0179316864229406,0.8369312922159831,0.6815642745406539,8,0.0092792040933757,0.8115821838378906,59.96002664890073
shruti_filming_1_flipped.mp4,3802,0,10,0.0179048505128486,0.837708854675293,0.6717013323748553,9,0.0094392369041775,0.811849848429362,59.96002664890073
shruti_filming_1_flipped.mp4,3803,0,9,0.0183852697114667,0.8376056671142578,0.6603541056315104,8,0.0094837486478758,0.8118753433227539,59.96002664890073
shruti_filming_1_flipped.mp4,3804,0,9,0.0177516418696743,0.8364021301269531,0.664340662073206,8,0.009334875630011,0.8120637893676758,59.96002664890073
shruti_filming_1_flipped.mp4,3805,0,11,0.0180960447478961,0.8367755889892579,0.6531565348307292,10,0.0092645359916302,0.8118972778320312,59.96002664890073
shruti_filming_1_flipped.mp4,3806,0,9,0.0177482368071408,0.8365717569986979,0.6511508517795139,8,0.0092772588511038,0.8120212554931641,59.96002664890073
shruti_filming_1_flipped.mp4,3807,0,9,0.0175846506119705,0.8363020579020183,0.6440761990017361,8,0.0092105152008891,0.8129255294799804,59.96002664890073
shruti_filming_1_flipped.mp4,3808,0,9,0.0173105602759298,0.8364142100016276,0.6369798448350694,8,0.009146786264367,0.8129889170328776,59.96002664890073
shruti_filming_1_flipped.mp4,3809,0,10,0.0169869727563087,0.836968994140625,0.6352491590711805,9,0.0090361542479755,0.8131465911865234,59.96002664890073
shruti_filming_1_flipped.mp4,3810,0,10,0.017320273273605,0.8376719156901041,0.6289481268988715,9,0.0088851497021096,0.8133297602335612,59.96002664890073
shruti_filming_1_flipped.mp4,3811,0,9,0.0171142585768959,0.8393207550048828,0.6243312694408275,8,0.0087477634039748,0.8128601710001627,59.96002664890073
shruti_filming_1_flipped.mp4,3812,0,10,0.0175865480915914,0.8392606735229492,0.6112633034035012,9,0.008700888865852,0.812876574198405,59.96002664890073
shruti_filming_1_flipped.mp4,3813,0,10,0.0174841212021419,0.8393147150675456,0.6010752360026042,9,0.0085474633794041,0.8133640289306641,59.96002664890073
shruti_filming_1_flipped.mp4,3814,0,9,0.0171403690567886,0.839032236735026,0.5969653659396701,9,0.0171403690567886,0.839032236735026,59.96002664890073
shruti_filming_1_flipped.mp4,3815,0,10,0.017220591301577,0.8388801574707031,0.5876454106083623,10,0.017220591301577,0.8388801574707031,59.96002664890073
shruti_filming_1_flipped.mp4,3816,0,9,0.0167231114141436,0.8392436981201172,0.587571546766493,9,0.0167231114141436,0.8392436981201172,59.96002664890073
shruti_filming_1_flipped.mp4,3817,0,8,0.0166425162739728,0.8400529861450196,0.5796717325846354,8,0.0166425162739728,0.8400529861450196,59.96002664890073
shruti_filming_1_flipped.mp4,3818,0,8,0.016595284316443,0.8386471430460612,0.5753550211588542,8,0.016595284316443,0.8386471430460612,59.96002664890073
shruti_filming_1_flipped.mp4,3819,0,8,0.0153921781125245,0.8380081812540691,0.5786363389756944,8,0.0153921781125245,0.8380081812540691,59.96002664890073
shruti_filming_1_flipped.mp4,3820,0,9,0.0152247178280958,0.8383501688639323,0.572698974609375,9,0.0152247178280958,0.8383501688639323,59.96002664890073
shruti_filming_1_flipped.mp4,3821,0,7,0.015290309173374,0.8373201370239258,0.5611355251736111,7,0.015290309173374,0.8373201370239258,59.96002664890073
shruti_filming_1_flipped.mp4,3822,0,7,0.0152114978805184,0.8378050486246745,0.5563893636067708,7,0.0152114978805184,0.8378050486246745,59.96002664890073
shruti_filming_1_flipped.mp4,3823,0,9,0.0152159381679181,0.837591044108073,0.5497386791087963,9,0.0152159381679181,0.837591044108073,59.96002664890073
shruti_filming_1_flipped.mp4,3824,0,9,0.0161737824279892,0.8392267227172852,0.5356224907769097,9,0.0161737824279892,0.8392267227172852,59.96002664890073
shruti_filming_1_flipped.mp4,3825,0,7,0.015508919342947,0.8393604278564453,0.5351738258644386,7,0.015508919342947,0.8393604278564453,59.96002664890073
shruti_filming_1_flipped.mp4,3826,0,7,0.0151400471359698,0.8385265350341797,0.5269673665364584,7,0.0151400471359698,0.8385265350341797,59.96002664890073
shruti_filming_1_flipped.mp4,3827,0,7,0.0151668312150933,0.8385971705118815,0.5167904324001736,7,0.0151668312150933,0.8385971705118815,59.96002664890073
shruti_filming_1_flipped.mp4,3828,0,7,0.0151686980191799,0.8385679244995117,0.5166189688223379,7,0.0151686980191799,0.8385679244995117,59.96002664890073
shruti_filming_1_flipped.mp4,3829,0,6,0.0155797044610759,0.8388695398966471,0.5071849681712963,6,0.0155797044610759,0.8388695398966471,59.96002664890073
shruti_filming_1_flipped.mp4,3830,0,9,0.015112327246364,0.8393063227335612,0.5075319078233507,9,0.015112327246364,0.8393063227335612,59.96002664890073
shruti_filming_1_flipped.mp4,3831,0,9,0.0154979848502747,0.8391813278198242,0.4966395060221354,9,0.0154979848502747,0.8391813278198242,59.96002664890073
shruti_filming_1_flipped.mp4,3832,0,8,0.0146088337008323,0.839291000366211,0.5026160346137153,8,0.0146088337008323,0.839291000366211,59.96002664890073
shruti_filming_1_flipped.mp4,3833,0,9,0.0149497247587553,0.8381830215454101,0.4821200900607639,9,0.0149497247587553,0.8381830215454101,59.96002664890073
shruti_filming_1_flipped.mp4,3834,0,8,0.0144389566072236,0.8381607055664062,0.479765941478588,8,0.0144389566072236,0.8381607055664062,59.96002664890073
shruti_filming_1_flipped.mp4,3835,0,9,0.0142104743101366,0.8382490158081055,0.4756367436161747,9,0.0142104743101366,0.8382490158081055,59.96002664890073
shruti_filming_1_flipped.mp4,3836,0,8,0.0138307843511251,0.8385776519775391,0.4768839518229166,8,0.0138307843511251,0.8385776519775391,59.96002664890073
shruti_filming_1_flipped.mp4,3837,0,7,0.0137070885934453,0.8383325576782227,0.4714607521339699,7,0.0137070885934453,0.8383325576782227,59.96002664890073
shruti_filming_1_flipped.mp4,3838,0,6,0.0135762969070735,0.8382135391235351,0.4652503119574653,6,0.0135762969070735,0.8382135391235351,59.96002664890073
shruti_filming_1_flipped.mp4,3839,0,7,0.0141125016050904,0.8385232925415039,0.4480990939670138,7,0.0141125016050904,0.8385232925415039,59.96002664890073
shruti_filming_1_flipped.mp4,3840,0,8,0.0133562753421978,0.8383306503295899,0.4470791286892361,8,0.0133562753421978,0.8383306503295899,59.96002664890073
shruti_filming_1_flipped.mp4,3841,0,5,0.0132221112537512,0.8384428024291992,0.4436004073531539,5,0.0132221112537512,0.8384428024291992,59.96002664890073
shruti_filming_1_flipped.mp4,3842,0,6,0.0140152201551245,0.8382411956787109,0.4207296865957755,6,0.0140152201551245,0.8382411956787109,59.96002664890073
shruti_filming_1_flipped.mp4,3843,0,7,0.0135363970801268,0.8382746378580729,0.4198828238028067,7,0.0135363970801268,0.8382746378580729,59.96002664890073
shruti_filming_1_flipped.mp4,3844,0,6,0.0129696567403152,0.8367458343505859,0.4255649142795139,6,0.0129696567403152,0.8367458343505859,59.96002664890073
shruti_filming_1_flipped.mp4,3845,0,6,0.0123651319762503,0.8375143051147461,0.4230430885597511,6,0.0123651319762503,0.8375143051147461,59.96002664890073
shruti_filming_1_flipped.mp4,3846,0,9,0.0125706826008239,0.8376544952392578,0.4123819421838831,9,0.0125706826008239,0.8376544952392578,59.96002664890073
shruti_filming_1_flipped.mp4,3847,0,7,0.013105339358509,0.8362371444702148,0.3935598867910879,7,0.013105339358509,0.8362371444702148,59.96002664890073
shruti_filming_1_flipped.mp4,3848,0,8,0.0128493732075569,0.8369534174601237,0.3908345540364583,8,0.0128493732075569,0.8369534174601237,59.96002664890073
shruti_filming_1_flipped.mp4,3849,0,6,0.0134390971742686,0.8379474639892578,0.3804900557906539,6,0.0134390971742686,0.8379474639892578,59.96002664890073
shruti_filming_1_flipped.mp4,3850,0,8,0.0136255553161997,0.8379291534423828,0.3741466946072048,7,0.0136255553161997,0.8379291534423828,59.96002664890073
shruti_filming_1_flipped.mp4,3851,0,9,0.0128677463113692,0.8372999827067057,0.3718805383752893,8,0.0128677463113692,0.8372999827067057,59.96002664890073
shruti_filming_1_flipped.mp4,3852,0,8,0.0124325206805951,0.8371240615844726,0.3702362060546875,7,0.0124325206805951,0.8371240615844726,59.96002664890073
shruti_filming_1_flipped.mp4,3853,0,8,0.0127445618342608,0.8369944254557292,0.3576098406756365,7,0.0127445618342608,0.8369944254557292,59.96002664890073
shruti_filming_1_flipped.mp4,3854,0,9,0.0119352839162133,0.8371118545532227,0.3601169162326388,8,0.0119352839162133,0.8371118545532227,59.96002664890073
shruti_filming_1_flipped.mp4,3855,0,8,0.0117883092573417,0.8371956507364909,0.3533455742730034,7,0.0117883092573417,0.8371956507364909,59.96002664890073
shruti_filming_1_flipped.mp4,3856,0,9,0.0118267893918608,0.8372602462768555,0.3458196004231771,8,0.0118267893918608,0.8372602462768555,59.96002664890073
shruti_filming_1_flipped.mp4,3857,0,7,0.011569406944133,0.8365045547485351,0.3443895128038194,6,0.011569406944133,0.8365045547485351,59.96002664890073
shruti_filming_1_flipped.mp4,3858,0,8,0.0113356972300486,0.8358511606852214,0.3364703708224826,7,0.0113356972300486,0.8358511606852214,59.96002664890073
shruti_filming_1_flipped.mp4,3859,0,7,0.0114786668067487,0.8348079681396484,0.3223496048538773,6,0.0114786668067487,0.8348079681396484,59.96002664890073
shruti_filming_1_flipped.mp4,3860,0,8,0.0112564802573911,0.8351236343383789,0.3211465906213831,7,0.0112564802573911,0.8351236343383789,59.96002664890073
shruti_filming_1_flipped.mp4,3861,0,9,0.0118940921560473,0.8355762481689453,0.30732421875,8,0.0118940921560473,0.8355762481689453,59.96002664890073
shruti_filming_1_flipped.mp4,3862,0,9,0.0110359536879695,0.835856819152832,0.3140545315212674,8,0.0110359536879695,0.835856819152832,59.96002664890073
shruti_filming_1_flipped.mp4,3863,0,8,0.0115872276285921,0.8363863627115885,0.302986823187934,7,0.0115872276285921,0.8363863627115885,59.96002664890073
shruti_filming_1_flipped.mp4,3864,0,10,0.0113786549404418,0.8359264373779297,0.2952834517867477,8,0.0113786549404418,0.8359264373779297,59.96002664890073
shruti_filming_1_flipped.mp4,3865,0,9,0.0116606428429346,0.8347469329833984,0.2828893590856481,7,0.0116606428429346,0.8347469329833984,59.96002664890073
shruti_filming_1_flipped.mp4,3866,0,9,0.0115783138636982,0.8767721811930339,0.8759939688223379,7,0.0115213362973493,0.8337377548217774,59.96002664890073
shruti_filming_1_flipped.mp4,3867,0,10,0.0120414798085888,0.8764860153198242,0.8696709526909723,9,0.0114548192290951,0.8340698877970377,59.96002664890073
shruti_filming_1_flipped.mp4,3868,0,9,0.012505683002905,0.8779350280761719,0.8656571564850983,8,0.0109840857604645,0.8332450866699219,59.96002664890073
shruti_filming_1_flipped.mp4,3869,0,8,0.0132555563390875,0.8769568125406901,0.8579664442274305,7,0.0107654525241943,0.8337946573893229,59.96002664890073
shruti_filming_1_flipped.mp4,3870,0,8,0.0133100392084775,0.877818743387858,0.8578182644314236,7,0.0100759955422836,0.834288215637207,59.96002664890073
shruti_filming_1_flipped.mp4,3871,0,9,0.014556439410673,0.8786871592203777,0.8474881207501447,7,0.0100152664957675,0.8336669921875,59.96002664890073
shruti_filming_1_flipped.mp4,3872,0,9,0.0156478094751946,0.8805604934692383,0.8385162353515625,7,0.0100600198574829,0.8325958251953125,59.96002664890073
shruti_filming_1_flipped.mp4,3873,0,7,0.0156176659132082,0.8810596466064453,0.8392577559859664,5,0.0102243611087194,0.8327900568644205,59.96002664890073
shruti_filming_1_flipped.mp4,3874,0,8,0.0159843683918976,0.8810937881469727,0.8360061645507812,6,0.009795039619332,0.832806396484375,59.96002664890073
shruti_filming_1_flipped.mp4,3875,0,9,0.0169927915066256,0.8821005503336589,0.8278163768627026,7,0.0096792971209463,0.8326370239257812,59.96002664890073
shruti_filming_1_flipped.mp4,3876,0,9,0.0169301206070748,0.882115364074707,0.8276424831814236,7,0.0095974769603667,0.8324634552001953,59.96002664890073
shruti_filming_1_flipped.mp4,3877,0,8,0.0171075757096857,0.8816560745239258,0.8240041097005208,6,0.0100906042688681,0.8321594874064128,59.96002664890073
shruti_filming_1_flipped.mp4,3878,0,8,0.0175514709835665,0.882021713256836,0.821209716796875,6,0.0094075177649911,0.8313334147135417,59.96002664890073
shruti_filming_1_flipped.mp4,3879,0,9,0.0179956739902012,0.8818214416503907,0.8156663117585359,7,0.0089157130929136,0.8308401743570963,59.96002664890073
shruti_filming_1_flipped.mp4,3880,0,8,0.018593841365892,0.8833290100097656,0.8122422394929109,6,0.0088237569096963,0.8314322153727214,59.96002664890073
shruti_filming_1_flipped.mp4,3881,0,9,0.0187174638001144,0.8820989608764649,0.8091695149739583,7,0.0087961255202147,0.8311420440673828,59.96002664890073
shruti_filming_1_flipped.mp4,3882,0,8,0.0193135650886041,0.8827859878540039,0.8046537611219619,6,0.00870988718234,0.8306411743164063,59.96002664890073
shruti_filming_1_flipped.mp4,3883,0,8,0.0195887252033248,0.8815504709879557,0.8017954508463542,6,0.0086432859430917,0.830803108215332,59.96002664890073
shruti_filming_1_flipped.mp4,3884,0,8,0.0197382250932666,0.8805488586425781,0.7986531575520833,6,0.008687387153213,0.8309288024902344,59.96002664890073
shruti_filming_1_flipped.mp4,3885,0,8,0.0199268789798521,0.8794780731201172,0.7957994249131944,6,0.0085054196554766,0.8291651407877604,59.96002664890073
shruti_filming_1_flipped.mp4,3886,0,8,0.0202492346176101,0.8795923868815104,0.7918745252821181,6,0.0087387839551471,0.8307537078857422,59.96002664890073
shruti_filming_1_flipped.mp4,3887,0,8,0.0206106743280722,0.8793399810791016,0.7886324847186054,6,0.0089398233441817,0.8303031921386719,59.96002664890073
shruti_filming_1_flipped.mp4,3888,0,9,0.0213345996751363,0.8790576934814454,0.7825093022099248,7,0.0087866364008772,0.8301804224650066,59.96002664890073
shruti_filming_1_flipped.mp4,3889,0,9,0.0213100572561746,0.8781401316324869,0.7790143613462095,7,0.0092760396312439,0.8296720504760742,59.96002664890073
shruti_filming_1_flipped.mp4,3890,0,8,0.0215412056313491,0.8781606674194335,0.7755636709707755,6,0.0087588311473976,0.8278650283813477,59.96002664890073
shruti_filming_1_flipped.mp4,3891,0,9,0.0211635868210901,0.8753723780314128,0.7727123684353299,7,0.0080500828710501,0.8271160125732422,59.96002664890073
shruti_filming_1_flipped.mp4,3892,0,8,0.0216858966261174,0.8767120997111003,0.7697514851888021,6,0.0077749312793215,0.8260566711425781,59.96002664890073
shruti_filming_1_flipped.mp4,3893,0,9,0.0220220377190142,0.8771326065063476,0.7667242544668692,7,0.0077484145577505,0.8259556452433269,59.96002664890073
shruti_filming_1_flipped.mp4,3894,0,7,0.0222636258972407,0.8764958063761393,0.7638235021520544,5,0.0080418408289875,0.8253913879394531,59.96002664890073
shruti_filming_1_flipped.mp4,3895,0,8,0.022762299728541,0.8764728546142578,0.7603291264286748,6,0.007993728973174,0.8257198333740234,59.96002664890073
shruti_filming_1_flipped.mp4,3896,0,8,0.0235346735436663,0.877456537882487,0.7564703482168692,6,0.0077360621657916,0.8243606567382813,59.96002664890073
shruti_filming_1_flipped.mp4,3897,0,8,0.0235185387339708,0.8753484725952149,0.7544881750036169,6,0.0075862706400113,0.8235149383544922,59.96002664890073
shruti_filming_1_flipped.mp4,3898,0,8,0.0230709553859196,0.8724807739257813,0.7517325507269965,6,0.0075683798985756,0.8239866256713867,59.96002664890073
shruti_filming_1_flipped.mp4,3899,0,9,0.0228542089712573,0.8709259033203125,0.7501334296332465,7,0.0075481437424551,0.8234518686930339,59.96002664890073
shruti_filming_1_flipped.mp4,3900,1,8,0.0232115951102847,0.8715967178344727,0.7478513929578993,6,0.0078375400410732,0.8236673990885417,59.96002664890073
shruti_filming_1_flipped.mp4,3901,1,8,0.023219006625543,0.8705850601196289,0.7450976336443865,6,0.0076301155471204,0.8233242034912109,59.96002664890073
shruti_filming_1_flipped.mp4,3902,1,8,0.0240792418529249,0.8712898254394531,0.7413176925094039,6,0.0077984481866156,0.8238514582316081,59.96002664890073
shruti_filming_1_flipped.mp4,3903,1,8,0.0240432209639779,0.8699386596679688,0.7376131976092303,6,0.0079465908575501,0.8240253448486328,59.96002664890073
shruti_filming_1_flipped.mp4,3904,1,8,0.0244732912654095,0.8701595942179362,0.7347061157226562,6,0.007632414845284,0.8227975845336915,59.96002664890073
shruti_filming_1_flipped.mp4,3905,1,8,0.0244000544375416,0.8693111419677735,0.7313988014503762,6,0.0075596399033222,0.822564697265625,59.96002664890073
shruti_filming_1_flipped.mp4,3906,1,8,0.0243025894307841,0.8678251266479492,0.7245013201678241,6,0.0074357515065801,0.8221497217814128,59.96002664890073
shruti_filming_1_flipped.mp4,3907,1,8,0.0238069629571853,0.866431999206543,0.7166003757052951,6,0.0074285215622189,0.8211111704508464,59.96002664890073
shruti_filming_1_flipped.mp4,3908,1,8,0.0232263547603765,0.865090815226237,0.7077917593496817,6,0.0073535186595593,0.8210556030273437,59.96002664890073
shruti_filming_1_flipped.mp4,3909,1,8,0.0228472878715062,0.8640621185302735,0.7006851196289062,6,0.0069198042883955,0.817685890197754,59.96002664890073
shruti_filming_1_flipped.mp4,3910,1,8,0.0227193806574889,0.8633548736572265,0.6941893400969329,6,0.0072523784339729,0.8197350184122721,59.96002664890073
shruti_filming_1_flipped.mp4,3911,1,9,0.0227370478508399,0.8622494379679362,0.6891684072989005,7,0.0066232407816439,0.8171091079711914,59.96002664890073
shruti_filming_1_flipped.mp4,3912,1,8,0.0223807237314327,0.8616889953613281,0.6820392749927662,6,0.0072596005847056,0.8187187194824219,59.96002664890073
shruti_filming_1_flipped.mp4,3913,1,8,0.0218371646641753,0.8607124964396159,0.6763851589626736,6,0.007197999131814,0.8180662155151367,59.96002664890073
shruti_filming_1_flipped.mp4,3914,1,7,0.0213799065898638,0.8594748179117838,0.6710336190682871,5,0.0071477374901102,0.8178148905436198,59.96002664890073
shruti_filming_1_flipped.mp4,3915,1,7,0.0209542141188932,0.8589925765991211,0.6639230798791956,5,0.0071264659310583,0.8174606323242187,59.96002664890073
shruti_filming_1_flipped.mp4,3916,1,7,0.0210662419976304,0.8581837336222331,0.6562189172815394,5,0.0070407227939641,0.8170963923136393,59.96002664890073
shruti_filming_1_flipped.mp4,3917,1,7,0.0210110403957595,0.8573240915934245,0.6508361251265914,5,0.0069980070894234,0.8163640975952149,59.96002664890073
shruti_filming_1_flipped.mp4,3918,1,8,0.0207207796241467,0.8560904184977214,0.6433112250434028,6,0.0068082558879352,0.8150442123413086,59.96002664890073
shruti_filming_1_flipped.mp4,3919,1,9,0.0208854495058336,0.8555063247680664,0.6366970486111111,6,0.0065155670207847,0.813325309753418,59.96002664890073
shruti_filming_1_flipped.mp4,3920,1,8,0.0204559815957111,0.8543445587158203,0.6295676337348091,5,0.0064997562061115,0.812144152323405,59.96002664890073
shruti_filming_1_flipped.mp4,3921,1,8,0.0201202071091393,0.8534596125284831,0.6230594211154514,5,0.0062570489356639,0.8114130020141601,59.96002664890073
shruti_filming_1_flipped.mp4,3922,1,9,0.0199728811748274,0.8527072906494141,0.6177796540436922,6,0.0063840337246253,0.8108434677124023,59.96002664890073
shruti_filming_1_flipped.mp4,3923,1,10,0.0197611259506084,0.8515406290690104,0.6147901746961806,7,0.0064328098074636,0.8107802073160807,59.96002664890073
shruti_filming_1_flipped.mp4,3924,1,9,0.0196278429420716,0.850986099243164,0.61136474609375,6,0.0064835938096641,0.8106378555297852,59.96002664890073
shruti_filming_1_flipped.mp4,3925,1,9,0.0195460769398939,0.8501781463623047,0.6081427680121527,6,0.0064169196006238,0.8105528513590495,59.96002664890073
shruti_filming_1_flipped.mp4,3926,1,9,0.019286268277706,0.8490659713745117,0.6011350278501157,6,0.0065719221618793,0.8100447336832682,59.96002664890073
shruti_filming_1_flipped.mp4,3927,1,9,0.0189116211426961,0.8483762741088867,0.5897952609592014,7,0.0189116211426961,0.8483762741088867,59.96002664890073
shruti_filming_1_flipped.mp4,3928,1,8,0.0188935343879792,0.8484247207641602,0.5867127595124422,6,0.0188935343879792,0.8484247207641602,59.96002664890073
shruti_filming_1_flipped.mp4,3929,1,8,0.0188047035212339,0.8474241256713867,0.5813244289822048,6,0.0188047035212339,0.8474241256713867,59.96002664890073
shruti_filming_1_flipped.mp4,3930,1,9,0.0187024963570163,0.8460620880126953,0.5735751116717304,7,0.0187024963570163,0.8460620880126953,59.96002664890073
shruti_filming_1_flipped.mp4,3931,1,10,0.0184133952396223,0.8451071421305338,0.569560072157118,8,0.0184133952396223,0.8451071421305338,59.96002664890073
shruti_filming_1_flipped.mp4,3932,1,10,0.0185165573333183,0.8447917938232422,0.566571044921875,8,0.0185165573333183,0.8447917938232422,59.96002664890073
shruti_filming_1_flipped.mp4,3933,1,10,0.0181129118179712,0.8434822082519531,0.5622171472620081,8,0.0181129118179712,0.8434822082519531,59.96002664890073
shruti_filming_1_flipped.mp4,3934,1,9,0.0173243604642684,0.8417644500732422,0.555612634729456,7,0.0173243604642684,0.8417644500732422,59.96002664890073
shruti_filming_1_flipped.mp4,3935,1,10,0.0171508061949215,0.841625467936198,0.5522777981228298,8,0.0171508061949215,0.841625467936198,59.96002664890073
shruti_filming_1_flipped.mp4,3936,1,10,0.0170946317691575,0.8412399927775065,0.5496116920753762,7,0.0170946317691575,0.8412399927775065,59.96002664890073
shruti_filming_1_flipped.mp4,3937,1,10,0.0175368476550405,0.997303581237793,0.906961907280816,7,0.0168010384540927,0.8400485992431641,59.96002664890073
shruti_filming_1_flipped.mp4,3938,1,10,0.0256929902950219,0.9989512125651042,0.8833183571144386,7,0.0165117416575473,0.8389755249023437,59.96002664890073
shruti_filming_1_flipped.mp4,3939,1,11,0.0342606909614901,0.9984325408935548,0.8608798556857639,8,0.0165384759381413,0.8389259338378906,59.96002664890073
shruti_filming_1_flipped.mp4,3940,1,11,0.0444738191630286,0.9994442621866862,0.8396656742802373,9,0.0156137018496412,0.8374130249023437,59.96002664890073
shruti_filming_1_flipped.mp4,3941,1,11,0.0533056147214396,0.9994279861450196,0.8156574955692998,9,0.014437101630075,0.8329180399576823,59.96002664890073
shruti_filming_1_flipped.mp4,3942,1,11,0.0602026680369615,0.9994429270426431,0.7951066193757234,9,0.013531963018597,0.8312467575073242,59.96002664890073
shruti_filming_1_flipped.mp4,3943,1,10,0.0673058167058991,0.999112892150879,0.7747308801721644,8,0.0127706231147749,0.8309530258178711,59.96002664890073
shruti_filming_1_flipped.mp4,3944,1,10,0.0734263259548202,0.9987529754638672,0.7575702808521412,8,0.0111256050401263,0.8265007019042969,59.96002664890073
shruti_filming_1_flipped.mp4,3945,1,9,0.0809315243283183,0.99854793548584,0.740957585087529,7,0.0101798954931803,0.8280122756958008,59.96002664890073
shruti_filming_1_flipped.mp4,3946,1,9,0.0874862437886703,0.998775863647461,0.7295928389937789,7,0.0095557563543035,0.8240742365519206,59.96002664890073
shruti_filming_1_flipped.mp4,3947,1,9,0.0926346364410387,0.9985382715861004,0.7137851291232639,7,0.0086194668999329,0.8220291137695312,59.96002664890073
shruti_filming_1_flipped.mp4,3948,1,8,0.0976046118241114,0.9995649337768556,0.699143812391493,6,0.0077825568181449,0.8196414947509766,59.96002664890073
shruti_filming_1_flipped.mp4,3949,1,8,0.1030706328580897,0.9995720545450848,0.6835560551396123,6,0.0069353340186191,0.8169411341349284,59.96002664890073
shruti_filming_1_flipped.mp4,3950,1,7,0.1068400727002881,0.9994464874267578,0.6717574508101852,5,0.0056453606077465,0.7980671564737956,59.96002664890073
shruti_filming_1_flipped.mp4,3951,1,7,0.1111981043723493,0.9994234085083008,0.6614969324182581,5,0.0055209511275299,0.797336196899414,59.96002664890073
shruti_filming_1_flipped.mp4,3952,1,7,0.114931642861888,0.999420420328776,0.6522711294668692,5,0.0054908685889892,0.8077634811401367,59.96002664890073
shruti_filming_1_flipped.mp4,3953,1,6,0.1178410425567482,0.9993989944458008,0.642034403483073,4,0.0053448634024908,0.7957919438680013,59.96002664890073
shruti_filming_1_flipped.mp4,3954,1,7,0.1230436120895643,0.9994112014770508,0.6296625207971643,5,0.0052680766726876,0.7953718821207683,59.96002664890073
shruti_filming_1_flipped.mp4,3955,1,7,0.1270300019471647,0.9993490219116212,0.6183814154730902,5,0.0050007417930033,0.7943249384562174,59.96002664890073
shruti_filming_1_flipped.mp4,3956,1,9,0.1293220819292926,0.9993294397989908,0.6103291264286748,7,0.0050283277424535,0.7954879760742187,59.96002664890073
shruti_filming_1_flipped.mp4,3957,1,10,0.1324838279052831,0.9993664423624674,0.6005838464807581,8,0.0049054505763234,0.7943873087565104,59.96002664890073
shruti_filming_1_flipped.mp4,3958,1,7,0.1358355800778048,0.9993944803873698,0.5913531833224827,6,0.1358355800778048,0.9993944803873698,59.96002664890073
shruti_filming_1_flipped.mp4,3959,1,6,0.1386224877108664,0.9993478775024414,0.5824448762116609,5,0.1386224877108664,0.9993478775024414,59.96002664890073
shruti_filming_1_flipped.mp4,3960,1,7,0.1406314567335519,0.9993179321289064,0.5753114488389757,6,0.1406314567335519,0.9993179321289064,59.96002664890073
shruti_filming_1_flipped.mp4,3961,1,7,0.1426043990650214,0.999311892191569,0.5679555257161458,6,0.1426043990650214,0.999311892191569,59.96002664890073
shruti_filming_1_flipped.mp4,3962,1,6,0.1452306370483495,0.9994679133097332,0.5592265941478588,5,0.1452306370483495,0.9994679133097332,59.96002664890073
shruti_filming_1_flipped.mp4,3963,1,6,0.1474309120340385,0.9993846893310548,0.5535042091652199,5,0.1474309120340385,0.9993846893310548,59.96002664890073
shruti_filming_1_flipped.mp4,3964,1,6,0.1500373505657383,0.999394416809082,0.5450441148546007,5,0.1500373505657383,0.999394416809082,59.96002664890073
shruti_filming_1_flipped.mp4,3965,1,8,0.1517162260607195,0.9993976593017578,0.5382425944010417,7,0.1517162260607195,0.9993976593017578,59.96002664890073
shruti_filming_1_flipped.mp4,3966,1,9,0.1525307905750297,0.9994840621948242,0.5336038094979746,8,0.1525307905750297,0.9994840621948242,59.96002664890073
shruti_filming_1_flipped.mp4,3967,1,8,0.1534583594955297,0.9995187759399414,0.5270067003038195,7,0.1534583594955297,0.9995187759399414,59.96002664890073
shruti_filming_1_flipped.mp4,3968,1,7,0.1529134511628998,0.9993734359741212,0.5215936731409143,6,0.1529134511628998,0.9993734359741212,59.96002664890073
shruti_filming_1_flipped.mp4,3969,1,7,0.153388865069428,0.9993206024169922,0.5151576854564526,6,0.153388865069428,0.9993206024169922,59.96002664890073
shruti_filming_1_flipped.mp4,3970,1,7,0.156095571396355,0.9993124643961588,0.5105066370081018,6,0.156095571396355,0.9993124643961588,59.96002664890073
shruti_filming_1_flipped.mp4,3971,1,6,0.1576592903531639,0.9993569056193032,0.5035866066261574,5,0.1576592903531639,0.9993569056193032,59.96002664890073
shruti_filming_1_flipped.mp4,3972,1,6,0.1583638445048968,0.9994078318277996,0.5024193092628761,5,0.1583638445048968,0.9994078318277996,59.96002664890073
shruti_filming_1_flipped.mp4,3973,1,7,0.16039045583806,0.9996082305908204,0.4958694458007812,6,0.16039045583806,0.9996082305908204,59.96002664890073
shruti_filming_1_flipped.mp4,3974,1,8,0.1603407909149407,0.9994230270385742,0.4927280002170139,7,0.1603407909149407,0.9994230270385742,59.96002664890073
shruti_filming_1_flipped.mp4,3975,1,7,0.1622151339332857,0.9994577407836914,0.484621344672309,7,0.1622151339332857,0.9994577407836914,59.96002664890073
shruti_filming_1_flipped.mp4,3976,1,8,0.1612959359792984,0.999599838256836,0.4815981829607928,7,0.1612959359792984,0.999599838256836,59.96002664890073
shruti_filming_1_flipped.mp4,3977,1,5,0.1628169287080958,0.999679946899414,0.4766489099573206,4,0.1628169287080958,0.999679946899414,59.96002664890073
shruti_filming_1_flipped.mp4,3978,1,6,0.1644876110307329,0.999529266357422,0.4714977688259548,5,0.1644876110307329,0.999529266357422,59.96002664890073
shruti_filming_1_flipped.mp4,3979,1,5,0.164960822372749,0.999679946899414,0.4707624364782263,4,0.164960822372749,0.999679946899414,59.96002664890073
shruti_filming_1_flipped.mp4,3980,1,5,0.1666453350981788,0.9995506286621094,0.4666858249240451,5,0.1666453350981788,0.9995506286621094,59.96002664890073
shruti_filming_1_flipped.mp4,3981,1,6,0.166631543476542,0.9995851516723632,0.4661361694335937,5,0.166631543476542,0.9995851516723632,59.96002664890073
shruti_filming_1_flipped.mp4,3982,1,6,0.1674436950604654,0.999555778503418,0.4611666644061053,5,0.1674436950604654,0.999555778503418,59.96002664890073
shruti_filming_1_flipped.mp4,3983,1,6,0.1682981821005577,0.9996631622314454,0.4578014232494213,6,0.1682981821005577,0.9996631622314454,59.96002664890073
shruti_filming_1_flipped.mp4,3984,1,6,0.1693619852366729,0.9996978759765623,0.4556809601960359,6,0.1693619852366729,0.9996978759765623,59.96002664890073
shruti_filming_1_flipped.mp4,3985,1,6,0.1700094388671116,0.9996614456176758,0.4510695845992477,6,0.1700094388671116,0.9996614456176758,59.96002664890073
shruti_filming_1_flipped.mp4,3986,1,6,0.1710266316775232,0.9995784759521484,0.446474767614294,6,0.1710266316775232,0.9995784759521484,59.96002664890073
shruti_filming_1_flipped.mp4,3987,1,5,0.1718726866421531,0.9995712916056316,0.4439683137116609,5,0.1718726866421531,0.9995712916056316,59.96002664890073
shruti_filming_1_flipped.mp4,3988,1,5,0.1723980118396812,0.999733543395996,0.4421650639286748,5,0.1723980118396812,0.999733543395996,59.96002664890073
shruti_filming_1_flipped.mp4,3989,1,5,0.1732140178530891,0.9997032165527344,0.4396959092881944,5,0.1732140178530891,0.9997032165527344,59.96002664890073
shruti_filming_1_flipped.mp4,3990,1,5,0.1729568976698081,0.9997739791870116,0.4375838668258102,5,0.1729568976698081,0.9997739791870116,59.96002664890073
shruti_filming_1_flipped.mp4,3991,1,5,0.1729301461484031,0.9996427536010742,0.4353484542281539,5,0.1729301461484031,0.9996427536010742,59.96002664890073
shruti_filming_1_flipped.mp4,3992,1,4,0.1745796425088364,0.9996769587198894,0.4313991405345775,4,0.1745796425088364,0.9996769587198894,59.96002664890073
shruti_filming_1_flipped.mp4,3993,1,5,0.1757976235719979,0.9996382395426432,0.4267455772117332,5,0.1757976235719979,0.9996382395426432,59.96002664890073
shruti_filming_1_flipped.mp4,3994,1,5,0.17570690441757,0.999688720703125,0.4249415927463107,5,0.17570690441757,0.999688720703125,59.96002664890073
shruti_filming_1_flipped.mp4,3995,1,5,0.17677144132063,0.9996761322021483,0.4226075349030671,5,0.17677144132063,0.9996761322021483,59.96002664890073
shruti_filming_1_flipped.mp4,3996,1,5,0.1772139479245783,0.9996553421020508,0.4196448432074652,5,0.1772139479245783,0.9996553421020508,59.96002664890073
shruti_filming_1_flipped.mp4,3997,1,6,0.1776863122545074,0.9995094299316406,0.4167287473325376,6,0.1776863122545074,0.9995094299316406,59.96002664890073
shruti_filming_1_flipped.mp4,3998,1,5,0.1783543855465703,0.9994779586791992,0.4146178351508247,5,0.1783543855465703,0.9994779586791992,59.96002664890073
shruti_filming_1_flipped.mp4,3999,1,5,0.1782826377311721,0.9995809555053712,0.4130889892578125,5,0.1782826377311721,0.9995809555053712,59.96002664890073
shruti_filming_1_flipped.mp4,4000,1,6,0.1794437560420839,0.9995864868164064,0.410927242702908,6,0.1794437560420839,0.9995864868164064,59.96002664890073
shruti_filming_1_flipped.mp4,4001,1,6,0.1805331599075968,0.9996706008911131,0.4082998770254629,6,0.1805331599075968,0.9996706008911131,59.96002664890073
shruti_filming_1_flipped.mp4,4002,1,5,0.1816960667894454,0.999684715270996,0.4050474378797743,5,0.1816960667894454,0.999684715270996,59.96002664890073
shruti_filming_1_flipped.mp4,4003,1,6,0.1821570126713292,0.9997007369995116,0.4009641011555989,6,0.1821570126713292,0.9997007369995116,59.96002664890073
shruti_filming_1_flipped.mp4,4004,1,6,0.1831949536714711,0.9996807098388673,0.3977094297055845,5,0.1831949536714711,0.9996807098388673,59.96002664890073
shruti_filming_1_flipped.mp4,4005,1,5,0.1837773385302959,0.9996420542399088,0.3942270067003038,4,0.1837773385302959,0.9996420542399088,59.96002664890073
shruti_filming_1_flipped.mp4,4006,1,6,0.1843818736902903,0.9997177759806316,0.3925425211588542,5,0.1843818736902903,0.9997177759806316,59.96002664890073
shruti_filming_1_flipped.mp4,4007,1,6,0.1855053478410829,0.9996641794840496,0.390571368182147,5,0.1855053478410829,0.9996641794840496,59.96002664890073
shruti_filming_1_flipped.mp4,4008,1,5,0.1853178483873381,0.9996953964233398,0.3888098257559317,4,0.1853178483873381,0.9996953964233398,59.96002664890073
shruti_filming_1_flipped.mp4,4009,1,6,0.1858144342495372,0.9997111002604168,0.3865812796133536,5,0.1858144342495372,0.9997111002604168,59.96002664890073
shruti_filming_1_flipped.mp4,4010,1,6,0.1864527512090151,0.9997556686401368,0.3837573581271701,5,0.1864527512090151,0.9997556686401368,59.96002664890073
shruti_filming_1_flipped.mp4,4011,1,5,0.1872199878469379,0.999691073099772,0.3801380016185619,4,0.1872199878469379,0.999691073099772,59.96002664890073
shruti_filming_1_flipped.mp4,4012,1,5,0.1861874845849848,0.9996936798095704,0.380897945827908,4,0.1861874845849848,0.9996936798095704,59.96002664890073
shruti_filming_1_flipped.mp4,4013,1,6,0.1867504803942089,0.9997173309326172,0.3786211649576823,4,0.1867504803942089,0.9997173309326172,59.96002664890073
shruti_filming_1_flipped.mp4,4014,1,6,0.1869756083458843,0.9996139526367188,0.3745194894296151,4,0.1869756083458843,0.9996139526367188,59.96002664890073
shruti_filming_1_flipped.mp4,4015,1,8,0.1881914078136388,0.9995100021362304,0.372304054542824,6,0.1881914078136388,0.9995100021362304,59.96002664890073
shruti_filming_1_flipped.mp4,4016,1,7,0.1882159858698044,0.9995041529337564,0.3718741805465133,5,0.1882159858698044,0.9995041529337564,59.96002664890073
shruti_filming_1_flipped.mp4,4017,1,6,0.1882846005437669,0.9994040171305338,0.3700289973506221,4,0.1882846005437669,0.9994040171305338,59.96002664890073
shruti_filming_1_flipped.mp4,4018,1,5,0.187675285114293,0.9981895446777344,0.3679363109447338,4,0.187675285114293,0.9981895446777344,59.96002664890073
shruti_filming_1_flipped.mp4,4019,1,6,0.185762378310707,0.9949178695678712,0.3664143597638165,4,0.185762378310707,0.9949178695678712,59.96002664890073
shruti_filming_1_flipped.mp4,4020,1,5,0.1790048508081667,0.9851055145263672,0.3597342597113715,3,0.1790048508081667,0.9851055145263672,59.96002664890073
shruti_filming_1_flipped.mp4,4021,1,5,0.1750871500898049,0.980832290649414,0.3457918520326967,3,0.1750871500898049,0.980832290649414,59.96002664890073
shruti_filming_1_flipped.mp4,4022,1,6,0.1706713988487468,0.9777204513549804,0.3341609530978732,4,0.1706713988487468,0.9777204513549804,59.96002664890073
shruti_filming_1_flipped.mp4,4023,1,7,0.1655782249999767,0.9730295181274414,0.3199483518247251,4,0.1655782249999767,0.9730295181274414,59.96002664890073
shruti_filming_1_flipped.mp4,4024,1,7,0.1596716656014636,0.968145243326823,0.3043508176450376,5,0.1596716656014636,0.968145243326823,59.96002664890073
shruti_filming_1_flipped.mp4,4025,1,9,0.153793583473016,0.962998644510905,0.291884528266059,4,0.153793583473016,0.962998644510905,59.96002664890073
shruti_filming_1_flipped.mp4,4026,1,9,0.1484304922222293,0.9590840021769206,0.2770162511754919,5,0.1484304922222293,0.9590840021769206,59.96002664890073
shruti_filming_1_flipped.mp4,4027,1,10,0.144430655379924,0.9567686080932616,0.2640531751844618,6,0.144430655379924,0.9567686080932616,59.96002664890073
shruti_filming_1_flipped.mp4,4028,1,10,0.1405160308420373,0.953963088989258,0.2542485555013021,5,0.1405160308420373,0.953963088989258,59.96002664890073
shruti_filming_1_flipped.mp4,4029,1,7,0.1352548161130269,0.9479971567789712,0.2458262690791377,5,0.1352548161130269,0.9479971567789712,59.96002664890073
shruti_filming_1_flipped.mp4,4030,1,7,0.129633604636183,0.9462682723999024,0.2227474636501736,5,0.129633604636183,0.9462682723999024,59.96002664890073
shruti_filming_1_flipped.mp4,4031,1,6,0.1246195393829947,0.9431353251139324,0.2066414444534867,4,0.1246195393829947,0.9431353251139324,59.96002664890073
shruti_filming_1_flipped.mp4,4032,1,8,0.119126751781894,0.9399919509887696,0.1882191975911458,6,0.119126751781894,0.9399919509887696,59.96002664890073
shruti_filming_1_flipped.mp4,4033,1,5,0.1114961702513823,0.9355575561523436,0.1640789455837673,4,0.1114961702513823,0.9355575561523436,59.96002664890073
shruti_filming_1_flipped.mp4,4034,1,5,0.1079064729488523,0.933677864074707,0.1471620065194589,4,0.1079064729488523,0.933677864074707,59.96002664890073
shruti_filming_1_flipped.mp4,4035,1,5,0.1031034582235453,0.9316969553629556,0.1253769486038773,4,0.1031034582235453,0.9316969553629556,59.96002664890073
shruti_filming_1_flipped.mp4,4036,1,5,0.0990013421095769,0.9280633926391602,0.1113405580873842,4,0.0990013421095769,0.9280633926391602,59.96002664890073
shruti_filming_1_flipped.mp4,4037,1,5,0.0962000504384114,0.9271746317545572,0.0994360182020399,4,0.0962000504384114,0.9271746317545572,59.96002664890073
shruti_filming_1_flipped.mp4,4038,1,7,0.0918270469233027,0.9238067626953124,0.0832137778953269,6,0.0918270469233027,0.9238067626953124,59.96002664890073
shruti_filming_1_flipped.mp4,4039,1,7,0.0912364545690878,0.999319076538086,0.7172176784939236,6,0.0878814669860164,0.9205150604248048,59.96002664890073
shruti_filming_1_flipped.mp4,4040,1,6,0.0949755824662538,0.9977684020996094,0.7081692165798611,5,0.0853738270998561,0.9180385589599608,59.96002664890073
shruti_filming_1_flipped.mp4,4041,1,5,0.0996353631775235,0.99941775004069,0.6926740293149595,4,0.0821344923346381,0.9156801223754882,59.96002664890073
shruti_filming_1_flipped.mp4,4042,1,5,0.1029001723387045,0.9990310668945312,0.6816590485749421,4,0.0788731459269507,0.914375114440918,59.96002664890073
shruti_filming_1_flipped.mp4,4043,1,4,0.1063718416929866,0.9990327835083008,0.6725128173828125,3,0.0756228190163771,0.9100143432617188,59.96002664890073
shruti_filming_1_flipped.mp4,4044,1,5,0.1099167980855606,0.9996959686279296,0.662311582212095,4,0.0742025730761169,0.9102916717529296,59.96002664890073
shruti_filming_1_flipped.mp4,4045,1,5,0.1131509239142286,0.9999233245849608,0.6529665911639179,4,0.0724772995562051,0.9088571548461916,59.96002664890073
shruti_filming_1_flipped.mp4,4046,1,5,0.1147965585698451,0.9997961044311524,0.6453602543583623,4,0.0684417104591072,0.9057959238688152,59.96002664890073
shruti_filming_1_flipped.mp4,4047,1,4,0.1169399658764854,0.9998018264770508,0.6372131912796586,3,0.0677329873266366,0.904836146036784,59.96002664890073
shruti_filming_1_flipped.mp4,4048,1,4,0.1194064926472492,0.9999502182006836,0.6282616509331598,3,0.0667617213897756,0.9025221506754556,59.96002664890073
shruti_filming_1_flipped.mp4,4049,1,4,0.1219410387129755,0.9993196487426758,0.6153432210286458,3,0.0630261385464432,0.9003853480021159,59.96002664890073
shruti_filming_1_flipped.mp4,4050,1,4,0.1239715306954077,0.9993350982666016,0.6055878250687211,3,0.060163391955559,0.8977676391601562,59.96002664890073
shruti_filming_1_flipped.mp4,4051,1,4,0.1265600200548457,0.999418830871582,0.5980383413809317,4,0.1265600200548457,0.999418830871582,59.96002664890073
shruti_filming_1_flipped.mp4,4052,1,4,0.1288754827380547,0.9993982950846354,0.5910645096390336,4,0.1288754827380547,0.9993982950846354,59.96002664890073
shruti_filming_1_flipped.mp4,4053,1,4,0.1312723375837366,0.9993500391642252,0.5818518179434317,4,0.1312723375837366,0.9993500391642252,59.96002664890073
shruti_filming_1_flipped.mp4,4054,1,4,0.1342442196498935,0.999336051940918,0.5718230070891204,4,0.1342442196498935,0.999336051940918,59.96002664890073
shruti_filming_1_flipped.mp4,4055,1,4,0.1359293330993926,0.9993284861246744,0.5666560985423901,4,0.1359293330993926,0.9993284861246744,59.96002664890073
shruti_filming_1_flipped.mp4,4056,1,4,0.1375018001190943,0.9993762969970704,0.5606569078233506,4,0.1375018001190943,0.9993762969970704,59.96002664890073
shruti_filming_1_flipped.mp4,4057,1,4,0.1398851141307709,0.9993874231974283,0.5534281412760417,4,0.1398851141307709,0.9993874231974283,59.96002664890073
shruti_filming_1_flipped.mp4,4058,1,4,0.1411091284178999,0.9993704477945964,0.5480410540545428,4,0.1411091284178999,0.9993704477945964,59.96002664890073
shruti_filming_1_flipped.mp4,4059,1,4,0.1427432677079923,0.9993703842163086,0.5407023111979167,4,0.1427432677079923,0.9993703842163086,59.96002664890073
shruti_filming_1_flipped.mp4,4060,1,5,0.1456356718897478,0.9995227813720704,0.5310207225658276,5,0.1456356718897478,0.9995227813720704,59.96002664890073
shruti_filming_1_flipped.mp4,4061,1,5,0.1467974953591194,0.999431610107422,0.5270666616934317,5,0.1467974953591194,0.999431610107422,59.96002664890073
shruti_filming_1_flipped.mp4,4062,1,5,0.1487089587239703,0.9994606018066406,0.5202325891565394,5,0.1487089587239703,0.9994606018066406,59.96002664890073
shruti_filming_1_flipped.mp4,4063,1,4,0.1500072419480744,0.9994429270426431,0.5166106612594039,4,0.1500072419480744,0.9994429270426431,59.96002664890073
shruti_filming_1_flipped.mp4,4064,1,4,0.1514020358993784,0.9994123458862304,0.5099513301142939,4,0.1514020358993784,0.9994123458862304,59.96002664890073
shruti_filming_1_flipped.mp4,4065,1,4,0.1530407146502316,0.999462890625,0.5047220300745081,4,0.1530407146502316,0.999462890625,59.96002664890073
shruti_filming_1_flipped.mp4,4066,1,4,0.1540145257633412,0.99946715037028,0.4993599785698784,4,0.1540145257633412,0.99946715037028,59.96002664890073
shruti_filming_1_flipped.mp4,4067,1,4,0.1550693865840892,0.9994982401529948,0.4969327573423032,4,0.1550693865840892,0.9994982401529948,59.96002664890073
shruti_filming_1_flipped.mp4,4068,1,4,0.1561156744466387,0.999260139465332,0.4908642804181134,4,0.1561156744466387,0.999260139465332,59.96002664890073
shruti_filming_1_flipped.mp4,4069,1,4,0.1571067818605634,0.9993654251098631,0.4857306586371527,4,0.1571067818605634,0.9993654251098631,59.96002664890073
shruti_filming_1_flipped.mp4,4070,1,4,0.1595815848356456,0.999531364440918,0.4773138540762442,4,0.1595815848356456,0.999531364440918,59.96002664890073
shruti_filming_1_flipped.mp4,4071,1,4,0.1612569003223648,0.9996377944946288,0.4716627332899306,4,0.1612569003223648,0.9996377944946288,59.96002664890073
shruti_filming_1_flipped.mp4,4072,1,4,0.1614142760352276,0.999814287821452,0.4692336188422309,4,0.1614142760352276,0.999814287821452,59.96002664890073
shruti_filming_1_flipped.mp4,4073,1,4,0.1632208126020689,0.9996374130249024,0.4620179070366753,4,0.1632208126020689,0.9996374130249024,59.96002664890073
shruti_filming_1_flipped.mp4,4074,1,4,0.1639055842211302,0.9996013641357422,0.4586653815375434,4,0.1639055842211302,0.9996013641357422,59.96002664890073
shruti_filming_1_flipped.mp4,4075,1,5,0.1658476648933881,0.9998573303222656,0.4527753194173177,5,0.1658476648933881,0.9998573303222656,59.96002664890073
shruti_filming_1_flipped.mp4,4076,1,5,0.1664201541695015,0.9998545328776042,0.4495921099627459,4,0.1664201541695015,0.9998545328776042,59.96002664890073
shruti_filming_1_flipped.mp4,4077,1,4,0.1673341169811061,0.9998497009277344,0.4456846449110243,4,0.1673341169811061,0.9998497009277344,59.96002664890073
shruti_filming_1_flipped.mp4,4078,1,4,0.1688757002291472,0.9998005549112956,0.440417084870515,4,0.1688757002291472,0.9998005549112956,59.96002664890073
shruti_filming_1_flipped.mp4,4079,1,5,0.1699047862629716,0.999750518798828,0.4347202724880642,4,0.1699047862629716,0.999750518798828,59.96002664890073
shruti_filming_1_flipped.mp4,4080,1,5,0.1711969434391034,0.9997018814086914,0.4285909016927083,4,0.1711969434391034,0.9997018814086914,59.96002664890073
shruti_filming_1_flipped.mp4,4081,1,5,0.1726395504394464,0.999579620361328,0.4237177813494647,4,0.1726395504394464,0.999579620361328,59.96002664890073
shruti_filming_1_flipped.mp4,4082,1,4,0.1715090033815445,0.9996356964111328,0.4249863801179109,4,0.1715090033815445,0.9996356964111328,59.96002664890073
shruti_filming_1_flipped.mp4,4083,1,4,0.1721539057814947,0.9996711730957032,0.4223917078088831,4,0.1721539057814947,0.9996711730957032,59.96002664890073
shruti_filming_1_flipped.mp4,4084,1,4,0.1741516743430165,0.9997751871744792,0.4158141524703414,4,0.1741516743430165,0.9997751871744792,59.96002664890073
shruti_filming_1_flipped.mp4,4085,1,4,0.1754580807104745,0.9998613357543944,0.4101808336046006,4,0.1754580807104745,0.9998613357543944,59.96002664890073
shruti_filming_1_flipped.mp4,4086,1,4,0.1755895263347257,0.9998633066813152,0.4084321198640046,4,0.1755895263347257,0.9998633066813152,59.96002664890073
shruti_filming_1_flipped.mp4,4087,1,4,0.1766103949984244,0.9998203913370768,0.4056782757794415,4,0.1766103949984244,0.9998203913370768,59.96002664890073
shruti_filming_1_flipped.mp4,4088,1,6,0.1771004177000442,0.9998755137125652,0.4045012862594039,4,0.1771004177000442,0.9998755137125652,59.96002664890073
shruti_filming_1_flipped.mp4,4089,1,6,0.1791211007736166,0.99988956451416,0.3982694272641782,4,0.1791211007736166,0.99988956451416,59.96002664890073
shruti_filming_1_flipped.mp4,4090,1,6,0.1802014084793498,0.9992164611816406,0.392299567328559,4,0.1802014084793498,0.9992164611816406,59.96002664890073
shruti_filming_1_flipped.mp4,4091,1,6,0.1796866611540274,0.9993405024210612,0.385458826135706,4,0.1796866611540274,0.9993405024210612,59.96002664890073
shruti_filming_1_flipped.mp4,4092,1,6,0.1737436569571771,0.999494743347168,0.3505551938657407,4,0.1737436569571771,0.999494743347168,59.96002664890073
shruti_filming_1_flipped.mp4,4093,1,6,0.1659277665057905,0.9994403839111328,0.3236054879647714,4,0.1659277665057905,0.9994403839111328,59.96002664890073
shruti_filming_1_flipped.mp4,4094,1,6,0.1589584025605775,0.9994085311889648,0.3066268920898437,4,0.1589584025605775,0.9994085311889648,59.96002664890073
shruti_filming_1_flipped.mp4,4095,1,6,0.1509374765929209,0.9995925903320312,0.2879664103190104,4,0.1509374765929209,0.9995925903320312,59.96002664890073
shruti_filming_1_flipped.mp4,4096,1,6,0.1455785929006082,0.9995592753092448,0.2704725194860388,5,0.1455785929006082,0.9995592753092448,59.96002664890073
shruti_filming_1_flipped.mp4,4097,1,5,0.1405305112464702,0.9987815856933594,0.2482282002766927,4,0.1405305112464702,0.9987815856933594,59.96002664890073
shruti_filming_1_flipped.mp4,4098,1,6,0.1358811489396935,0.9985076904296876,0.2247443305121527,4,0.1358811489396935,0.9985076904296876,59.96002664890073
shruti_filming_1_flipped.mp4,4099,1,6,0.1310905750300756,0.997111701965332,0.2104236178927951,5,0.1310905750300756,0.997111701965332,59.96002664890073
shruti_filming_1_flipped.mp4,4100,1,7,0.1250763656293404,0.9935909271240234,0.1981068081325954,5,0.1250763656293404,0.9935909271240234,59.96002664890073
shruti_filming_1_flipped.mp4,4101,1,6,0.119192930200661,0.9901594161987304,0.1797697279188368,5,0.119192930200661,0.9901594161987304,59.96002664890073
shruti_filming_1_flipped.mp4,4102,1,5,0.1129326660448094,0.9822589874267578,0.1686265450936776,4,0.1129326660448094,0.9822589874267578,59.96002664890073
shruti_filming_1_flipped.mp4,4103,1,5,0.1073270568715636,0.9760095596313476,0.1538773995858651,4,0.1073270568715636,0.9760095596313476,59.96002664890073
shruti_filming_1_flipped.mp4,4104,1,5,0.1045812571222389,0.9761270523071288,0.1365141126844618,4,0.1045812571222389,0.9761270523071288,59.96002664890073
shruti_filming_1_flipped.mp4,4105,1,5,0.099849784664952,0.970465850830078,0.1237418280707465,4,0.099849784664952,0.970465850830078,59.96002664890073
shruti_filming_1_flipped.mp4,4106,1,6,0.1019132412675686,0.9996843338012696,0.6960638540762442,4,0.0980517782988533,0.970636749267578,59.96002664890073
shruti_filming_1_flipped.mp4,4107,1,6,0.1052562758691298,0.9993326822916668,0.6859381781684027,4,0.0944640128913926,0.9679473876953124,59.96002664890073
shruti_filming_1_flipped.mp4,4108,1,5,0.1084753998710463,0.9993109385172526,0.6747775607638888,4,0.0915751927304599,0.9647568384806317,59.96002664890073
shruti_filming_1_flipped.mp4,4109,1,5,0.1131406074701226,0.9994888305664062,0.6636640195493345,4,0.0865670426888445,0.9586228052775064,59.96002664890073
shruti_filming_1_flipped.mp4,4110,1,6,0.1168314187245279,0.9995636622111004,0.6503805655020255,5,0.0835536426212476,0.9551158905029296,59.96002664890073
shruti_filming_1_flipped.mp4,4111,1,7,0.1192229473773234,0.9993738174438476,0.642209710015191,5,0.0815726519225993,0.9557609558105468,59.96002664890073
shruti_filming_1_flipped.mp4,4112,1,7,0.1215054515439098,0.9994497299194336,0.6364669799804688,5,0.07850532645088,0.9504955291748048,59.96002664890073
shruti_filming_1_flipped.mp4,4113,1,7,0.1240500139771029,0.9992991129557292,0.6295661078559027,5,0.0749995201629644,0.9447565714518228,59.96002664890073
shruti_filming_1_flipped.mp4,4114,1,6,0.1278015725370777,0.999538230895996,0.6183067604347512,4,0.0724739254236919,0.9423803329467774,59.96002664890073
shruti_filming_1_flipped.mp4,4115,1,6,0.1308190017752313,0.9996877670288086,0.608228838885272,4,0.0705080072662486,0.9412918090820312,59.96002664890073
shruti_filming_1_flipped.mp4,4116,1,6,0.1321422009615236,0.9994644165039064,0.6007931179470486,4,0.0683310462040147,0.9390548706054688,59.96002664890073
shruti_filming_1_flipped.mp4,4117,1,5,0.1345693990882783,0.9995464324951172,0.5934315434208622,5,0.1345693990882783,0.9995464324951172,59.96002664890073
shruti_filming_1_flipped.mp4,4118,1,6,0.1365444889576691,0.9995477676391602,0.585394287109375,5,0.1365444889576691,0.9995477676391602,59.96002664890073
shruti_filming_1_flipped.mp4,4119,1,6,0.1384469311002693,0.9995065689086914,0.5771521674262152,5,0.1384469311002693,0.9995065689086914,59.96002664890073
shruti_filming_1_flipped.mp4,4120,1,6,0.140021282156274,0.9994408289591472,0.5690296314380787,5,0.140021282156274,0.9994408289591472,59.96002664890073
shruti_filming_1_flipped.mp4,4121,1,6,0.1417732750261446,0.9995187759399414,0.5625875967520254,5,0.1417732750261446,0.9995187759399414,59.96002664890073
shruti_filming_1_flipped.mp4,4122,1,6,0.1426820702086034,0.9993927001953123,0.5579650313765915,5,0.1426820702086034,0.9993927001953123,59.96002664890073
shruti_filming_1_flipped.mp4,4123,1,6,0.1439133155869785,0.999474589029948,0.5519150345413774,5,0.1439133155869785,0.999474589029948,59.96002664890073
shruti_filming_1_flipped.mp4,4124,1,6,0.145268622581433,0.999537150065104,0.5452090793185764,5,0.145268622581433,0.999537150065104,59.96002664890073
shruti_filming_1_flipped.mp4,4125,1,6,0.1473112707869236,0.9995556513468424,0.5380353574399594,5,0.1473112707869236,0.9995556513468424,59.96002664890073
shruti_filming_1_flipped.mp4,4126,1,7,0.1485716211431038,0.999570083618164,0.5307192201967592,6,0.1485716211431038,0.999570083618164,59.96002664890073
shruti_filming_1_flipped.mp4,4127,1,6,0.1498088081902824,0.9995148340861004,0.5268242730034722,5,0.1498088081902824,0.9995148340861004,59.96002664890073
shruti_filming_1_flipped.mp4,4128,1,5,0.1515545838983962,0.9996712366739908,0.5217478434244792,5,0.1515545838983962,0.9996712366739908,59.96002664890073
shruti_filming_1_flipped.mp4,4129,1,6,0.1517680649156682,0.9996532440185548,0.518831154152199,5,0.1517680649156682,0.9996532440185548,59.96002664890073
shruti_filming_1_flipped.mp4,4130,1,5,0.1527616791772069,0.999614715576172,0.5136226512767651,5,0.1527616791772069,0.999614715576172,59.96002664890073
shruti_filming_1_flipped.mp4,4131,1,6,0.1539536215531148,0.9995592117309572,0.5095125551576968,6,0.1539536215531148,0.9995592117309572,59.96002664890073
shruti_filming_1_flipped.mp4,4132,1,6,0.1543391197687985,0.999223518371582,0.5030431111653646,6,0.1543391197687985,0.999223518371582,59.96002664890073
shruti_filming_1_flipped.mp4,4133,1,5,0.1557826245611067,0.9992952982584636,0.4960015756112558,5,0.1557826245611067,0.9992952982584636,59.96002664890073
shruti_filming_1_flipped.mp4,4134,1,5,0.1569016412545511,0.9992637634277344,0.4921438146520544,5,0.1569016412545511,0.9992637634277344,59.96002664890073
shruti_filming_1_flipped.mp4,4135,1,5,0.1609095357930615,0.9995418548583984,0.4763001618561921,5,0.1609095357930615,0.9995418548583984,59.96002664890073
shruti_filming_1_flipped.mp4,4136,1,5,0.1623842988405118,0.999517059326172,0.4714772542317708,5,0.1623842988405118,0.999517059326172,59.96002664890073
shruti_filming_1_flipped.mp4,4137,1,6,0.1639878656102087,0.9988184611002604,0.4659801624439381,6,0.1639878656102087,0.9988184611002604,59.96002664890073
shruti_filming_1_flipped.mp4,4138,1,5,0.1646421298812277,0.9994876861572266,0.4618856076841001,5,0.1646421298812277,0.9994876861572266,59.96002664890073
shruti_filming_1_flipped.mp4,4139,1,5,0.1661817768783604,0.9994710922241212,0.4557433799461082,5,0.1661817768783604,0.9994710922241212,59.96002664890073
shruti_filming_1_flipped.mp4,4140,1,4,0.1665511315614168,0.9994804382324218,0.4540040475350839,4,0.1665511315614168,0.9994804382324218,59.96002664890073
shruti_filming_1_flipped.mp4,4141,1,4,0.1657399260718159,0.9995150248209635,0.4568864045319734,4,0.1657399260718159,0.9995150248209635,59.96002664890073
shruti_filming_1_flipped.mp4,4142,1,5,0.1683377998623958,0.9995150248209635,0.4442591349283854,5,0.1683377998623958,0.9995150248209635,59.96002664890073
shruti_filming_1_flipped.mp4,4143,1,4,0.1681399912049528,0.999422836303711,0.4455343458387586,4,0.1681399912049528,0.999422836303711,59.96002664890073
shruti_filming_1_flipped.mp4,4144,1,5,0.167969014008952,0.9994290033976236,0.4454202722620081,5,0.167969014008952,0.9994290033976236,59.96002664890073
shruti_filming_1_flipped.mp4,4145,1,5,0.1688111941050738,0.999522590637207,0.4415011935763889,5,0.1688111941050738,0.999522590637207,59.96002664890073
shruti_filming_1_flipped.mp4,4146,1,4,0.1691775050861502,0.9994850158691406,0.4379696316189236,4,0.1691775050861502,0.9994850158691406,59.96002664890073
shruti_filming_1_flipped.mp4,4147,1,4,0.1708453321772847,0.999460792541504,0.4330373975965711,4,0.1708453321772847,0.999460792541504,59.96002664890073
shruti_filming_1_flipped.mp4,4148,1,4,0.1695529741389974,0.9995010375976564,0.436313572636357,4,0.1695529741389974,0.9995010375976564,59.96002664890073
shruti_filming_1_flipped.mp4,4149,1,4,0.1692541040271613,0.999582290649414,0.4369087784378617,4,0.1692541040271613,0.999582290649414,59.96002664890073
shruti_filming_1_flipped.mp4,4150,1,4,0.1699036901736636,0.9995824813842772,0.4349082381637008,4,0.1699036901736636,0.9995824813842772,59.96002664890073
shruti_filming_1_flipped.mp4,4151,1,4,0.1703530038042097,0.9994991302490236,0.4314276801215277,4,0.1703530038042097,0.9994991302490236,59.96002664890073
shruti_filming_1_flipped.mp4,4152,1,4,0.170530429627106,0.9995559692382812,0.4289721171061197,4,0.170530429627106,0.9995559692382812,59.96002664890073
shruti_filming_1_flipped.mp4,4153,1,4,0.1714516553783054,0.9996070861816406,0.4246907269513165,4,0.1714516553783054,0.9996070861816406,59.96002664890073
shruti_filming_1_flipped.mp4,4154,1,4,0.1719798581939755,0.9995937347412108,0.4229334513346354,4,0.1719798581939755,0.9995937347412108,59.96002664890073
shruti_filming_1_flipped.mp4,4155,1,4,0.1726332373326295,0.9994199752807618,0.4213233947753906,4,0.1726332373326295,0.9994199752807618,59.96002664890073
shruti_filming_1_flipped.mp4,4156,1,4,0.1734058423748744,0.9995824813842772,0.4177221792715567,4,0.1734058423748744,0.9995824813842772,59.96002664890073
shruti_filming_1_flipped.mp4,4157,1,4,0.174526661841756,0.9995746612548828,0.4119838855884693,4,0.174526661841756,0.9995746612548828,59.96002664890073
shruti_filming_1_flipped.mp4,4158,1,4,0.1768573447990153,0.9995136260986328,0.4047120270905671,4,0.1768573447990153,0.9995136260986328,59.96002664890073
shruti_filming_1_flipped.mp4,4159,1,4,0.176808861644046,0.9995195388793944,0.4054351806640625,4,0.176808861644046,0.9995195388793944,59.96002664890073
shruti_filming_1_flipped.mp4,4160,1,4,0.1777683233195502,0.9993904113769532,0.4025234646267361,4,0.1777683233195502,0.9993904113769532,59.96002664890073
shruti_filming_1_flipped.mp4,4161,1,4,0.1782900433873982,0.9997007369995116,0.4002841525607639,4,0.1782900433873982,0.9997007369995116,59.96002664890073
shruti_filming_1_flipped.mp4,4162,1,4,0.1784178298871362,0.9997183481852212,0.3999716016981336,4,0.1784178298871362,0.9997183481852212,59.96002664890073
shruti_filming_1_flipped.mp4,4163,1,4,0.1785525315601585,0.9997233072916668,0.3981515672471788,4,0.1785525315601585,0.9997233072916668,59.96002664890073
shruti_filming_1_flipped.mp4,4164,1,4,0.1793148585071321,0.999696159362793,0.3949066444679542,4,0.1793148585071321,0.999696159362793,59.96002664890073
shruti_filming_1_flipped.mp4,4165,1,4,0.1806754845002271,0.9998558680216472,0.3915609571668836,4,0.1806754845002271,0.9998558680216472,59.96002664890073
shruti_filming_1_flipped.mp4,4166,1,4,0.1806802410335513,0.999844741821289,0.3900177001953125,4,0.1806802410335513,0.999844741821289,59.96002664890073
shruti_filming_1_flipped.mp4,4167,1,4,0.1808332023097641,0.9998527526855469,0.389060295952691,4,0.1808332023097641,0.9998527526855469,59.96002664890073
shruti_filming_1_flipped.mp4,4168,1,5,0.1799088091762193,0.9995574951171876,0.3895177205403646,4,0.1799088091762193,0.9995574951171876,59.96002664890073
shruti_filming_1_flipped.mp4,4169,1,5,0.179247719013462,0.9994269053141276,0.3884102715386284,4,0.179247719013462,0.9994269053141276,59.96002664890073
shruti_filming_1_flipped.mp4,4170,1,5,0.1796988655830716,0.9994058609008788,0.386777185510706,4,0.1796988655830716,0.9994058609008788,59.96002664890073
shruti_filming_1_flipped.mp4,4171,1,5,0.1801682605442625,0.9994510650634766,0.3844373632360388,4,0.1801682605442625,0.9994510650634766,59.96002664890073
shruti_filming_1_flipped.mp4,4172,1,5,0.1804234141911567,0.9995352427164712,0.3830562167697482,4,0.1804234141911567,0.9995352427164712,59.96002664890073
shruti_filming_1_flipped.mp4,4173,1,5,0.1827454366257923,0.9994359970092772,0.3757196497034143,4,0.1827454366257923,0.9994359970092772,59.96002664890073
shruti_filming_1_flipped.mp4,4174,1,5,0.1799476667683726,0.9991137186686198,0.3736137107566551,4,0.1799476667683726,0.9991137186686198,59.96002664890073
shruti_filming_1_flipped.mp4,4175,1,4,0.178767005443989,0.9994206110636392,0.3669371993453414,4,0.178767005443989,0.9994206110636392,59.96002664890073
shruti_filming_1_flipped.mp4,4176,1,4,0.174254049171437,0.9989964167277018,0.3336113258644386,4,0.174254049171437,0.9989964167277018,59.96002664890073
shruti_filming_1_flipped.mp4,4177,1,4,0.1703871976550241,0.996876335144043,0.3075974358452691,4,0.1703871976550241,0.996876335144043,59.96002664890073
shruti_filming_1_flipped.mp4,4178,1,5,0.1641709055852455,0.9944662729899088,0.291051991780599,4,0.1641709055852455,0.9944662729899088,59.96002664890073
shruti_filming_1_flipped.mp4,4179,1,5,0.1568482427812543,0.992922592163086,0.2686909993489583,5,0.1568482427812543,0.992922592163086,59.96002664890073
shruti_filming_1_flipped.mp4,4180,1,5,0.1555928023154761,0.9949895858764648,0.2590619970251013,4,0.1555928023154761,0.9949895858764648,59.96002664890073
shruti_filming_1_flipped.mp4,4181,1,6,0.1497479999634541,0.9955984751383464,0.2378565470377604,5,0.1497479999634541,0.9955984751383464,59.96002664890073
shruti_filming_1_flipped.mp4,4182,1,6,0.1370118917085993,0.9917537689208984,0.200737225567853,5,0.1370118917085993,0.9917537689208984,59.96002664890073
shruti_filming_1_flipped.mp4,4183,1,5,0.1269952163827838,0.979710833231608,0.1789304945203993,4,0.1269952163827838,0.979710833231608,59.96002664890073
shruti_filming_1_flipped.mp4,4184,1,6,0.1201489802324471,0.9762531280517578,0.1611080593532986,4,0.1201489802324471,0.9762531280517578,59.96002664890073
shruti_filming_1_flipped.mp4,4185,1,6,0.1116182915467167,0.966407585144043,0.1427041795518663,4,0.1116182915467167,0.966407585144043,59.96002664890073
shruti_filming_1_flipped.mp4,4186,1,7,0.1096721153423358,0.9641419092814127,0.138153330485026,5,0.1096721153423358,0.9641419092814127,59.96002664890073
shruti_filming_1_flipped.mp4,4187,1,7,0.1032426117222833,0.959442138671875,0.1190054999457465,5,0.1032426117222833,0.959442138671875,59.96002664890073
shruti_filming_1_flipped.mp4,4188,1,5,0.0983947979429353,0.9577028274536132,0.1000945762351707,4,0.0983947979429353,0.9577028274536132,59.96002664890073
shruti_filming_1_flipped.mp4,4189,1,6,0.0931694990221229,0.9496505737304688,0.0876620822482638,4,0.0931694990221229,0.9496505737304688,59.96002664890073
shruti_filming_1_flipped.mp4,4190,1,7,0.0886178389753762,0.9435283660888673,0.0746361343948929,5,0.0886178389753762,0.9435283660888673,59.96002664890073
shruti_filming_1_flipped.mp4,4191,1,5,0.086698557733972,0.9993101119995116,0.6740206117983217,4,0.0848342343576465,0.9408291498819988,59.96002664890073
shruti_filming_1_flipped.mp4,4192,1,5,0.0885417965638744,0.9993492126464844,0.6654950742368345,4,0.0822092383165835,0.939486312866211,59.96002664890073
shruti_filming_1_flipped.mp4,4193,1,6,0.0921067687204211,0.9992490768432616,0.6532402321144387,4,0.079232570383093,0.9370403289794922,59.96002664890073
shruti_filming_1_flipped.mp4,4194,1,6,0.0941518143527382,0.9993352890014648,0.6446980794270833,4,0.0762034886034585,0.9347553888956706,59.96002664890073
shruti_filming_1_flipped.mp4,4195,1,6,0.0980375019564396,0.9996320724487304,0.631085205078125,5,0.0739723328661254,0.9335248947143556,59.96002664890073
shruti_filming_1_flipped.mp4,4196,1,5,0.0705227992787075,0.9312562942504884,0.0077070165563512,4,0.0705227992787075,0.9312562942504884,59.96002664890073
shruti_filming_1_flipped.mp4,4197,1,7,0.1498547742667142,0.9988344192504884,0.6226547241210938,6,0.068808309455635,0.926137924194336,59.96002664890073
shruti_filming_1_flipped.mp4,4198,1,6,0.1545083160201708,0.9988968531290692,0.6152350531684028,5,0.0658411444492715,0.922360102335612,59.96002664890073
shruti_filming_1_flipped.mp4,4199,1,6,0.1604700408499532,0.9990652084350586,0.6046067979600694,4,0.0640483143519668,0.9180519104003906,59.96002664890073
shruti_filming_1_flipped.mp4,4200,0,6,0.1645532329663789,0.9992252985636392,0.5971060858832465,5,0.1645532329663789,0.9992252985636392,59.96002664890073
shruti_filming_1_flipped.mp4,4201,0,5,0.1645993027841833,0.9992752075195312,0.5907849347149884,5,0.1645993027841833,0.9992752075195312,59.96002664890073
shruti_filming_1_flipped.mp4,4202,0,6,0.1667748276056882,0.9993206024169922,0.5828041359230324,6,0.1667748276056882,0.9993206024169922,59.96002664890073
shruti_filming_1_flipped.mp4,4203,0,6,0.1683906773048996,0.9990822474161783,0.5779367517541956,6,0.1683906773048996,0.9994977951049804,59.96002664890073
shruti_filming_1_flipped.mp4,4204,0,6,0.1713552400161063,0.9998384475708008,0.5717194733796296,6,0.1713552400161063,0.9998384475708008,59.96002664890073
shruti_filming_1_flipped.mp4,4205,0,6,0.1736251669569892,0.9991247812906902,0.5631855152271412,6,0.1736251669569892,0.9997692108154296,59.96002664890073
shruti_filming_1_flipped.mp4,4206,0,7,0.1763086482061987,0.999356460571289,0.5571837248625578,7,0.1763086482061987,0.999745750427246,59.96002664890073
shruti_filming_1_flipped.mp4,4207,0,7,0.1793876707361131,0.9985239664713542,0.5509027551721644,7,0.1793876707361131,0.9997343063354492,59.96002664890073
shruti_filming_1_flipped.mp4,4208,0,7,0.1811723692437711,0.9986316680908204,0.5438527425130208,7,0.1811723692437711,0.9998596827189128,59.96002664890073
shruti_filming_1_flipped.mp4,4209,0,7,0.182958958709302,0.9986970901489258,0.5386954413519965,7,0.182958958709302,0.9986970901489258,59.96002664890073
shruti_filming_1_flipped.mp4,4210,0,6,0.1844191745589314,0.9985090255737304,0.5332223397714121,6,0.1844191745589314,0.9985090255737304,59.96002664890073
shruti_filming_1_flipped.mp4,4211,0,6,0.1854052827715942,0.9983062744140624,0.5308652524594908,6,0.1854052827715942,0.999469757080078,59.96002664890073
shruti_filming_1_flipped.mp4,4212,0,6,0.187337244905831,0.9982545852661132,0.5252678200050637,6,0.187337244905831,0.9991662979125976,59.96002664890073
shruti_filming_1_flipped.mp4,4213,0,7,0.1890666437340055,0.9986629486083984,0.5192948517975984,7,0.1890666437340055,0.9992074966430664,59.96002664890073
shruti_filming_1_flipped.mp4,4214,0,7,0.1898113296828577,0.9992172241210936,0.5152540418836805,7,0.1898113296828577,0.9992172241210936,59.96002664890073
shruti_filming_1_flipped.mp4,4215,0,6,0.1912889759558149,0.9992204666137696,0.5110819498697917,5,0.1912889759558149,0.9992204666137696,59.96002664890073
shruti_filming_1_flipped.mp4,4216,0,6,0.192923828018937,0.9991749445597332,0.5056538334599248,5,0.192923828018937,0.9992096583048504,59.96002664890073
shruti_filming_1_flipped.mp4,4217,0,6,0.1933839067034164,0.9991966247558594,0.5025864212601273,5,0.1933839067034164,0.9991966247558594,59.96002664890073
shruti_filming_1_flipped.mp4,4218,0,6,0.194025627303571,0.9991697947184244,0.4984478420681423,5,0.194025627303571,0.9991697947184244,59.96002664890073
shruti_filming_1_flipped.mp4,4219,0,7,0.1952335406793281,0.9990397135416668,0.4947679307725694,6,0.1952335406793281,0.9991175333658854,59.96002664890073
shruti_filming_1_flipped.mp4,4220,0,6,0.193178802189553,0.9990966796875,0.4921998765733507,5,0.193178802189553,0.9990966796875,59.96002664890073
shruti_filming_1_flipped.mp4,4221,0,6,0.1931923848106547,0.9991266250610352,0.4890092072663484,5,0.1931923848106547,0.9991266250610352,59.96002664890073
shruti_filming_1_flipped.mp4,4222,0,7,0.1933965803625674,0.9991289138793944,0.4869254783347801,6,0.1933965803625674,0.9991289138793944,59.96002664890073
shruti_filming_1_flipped.mp4,4223,0,8,0.1959716329131172,0.9993741989135744,0.4810960557725694,7,0.1959716329131172,0.9993741989135744,59.96002664890073
shruti_filming_1_flipped.mp4,4224,0,7,0.1985242163600439,0.999365234375,0.4738280402289496,6,0.1985242163600439,0.999365234375,59.96002664890073
shruti_filming_1_flipped.mp4,4225,0,7,0.1992864912249457,0.9991287231445312,0.4692455433033131,6,0.1992864912249457,0.9993691126505534,59.96002664890073
shruti_filming_1_flipped.mp4,4226,0,7,0.2006562815348216,0.9991046905517578,0.461108652750651,6,0.2006562815348216,0.9993284861246744,59.96002664890073
shruti_filming_1_flipped.mp4,4227,0,7,0.1997189724205721,0.9990982055664064,0.4602581448025173,6,0.1997189724205721,0.9992258071899414,59.96002664890073
shruti_filming_1_flipped.mp4,4228,0,7,0.1998579397604205,0.9991554896036784,0.4602130466037326,6,0.1998579397604205,0.999435806274414,59.96002664890073
shruti_filming_1_flipped.mp4,4229,0,7,0.2000651594048152,0.9992555618286132,0.457429928249783,6,0.2000651594048152,0.9992555618286132,59.96002664890073
shruti_filming_1_flipped.mp4,4230,0,6,0.1997790811560116,0.9992321650187176,0.4544807434082031,6,0.1997790811560116,0.9992321650187176,59.96002664890073
shruti_filming_1_flipped.mp4,4231,0,6,0.2001669392266841,0.9993496576944988,0.4516206529405382,6,0.2001669392266841,0.9993496576944988,59.96002664890073
shruti_filming_1_flipped.mp4,4232,0,6,0.201613672854437,0.9993135452270508,0.4469212002224392,6,0.201613672854437,0.9993135452270508,59.96002664890073
shruti_filming_1_flipped.mp4,4233,0,7,0.2007102923707862,0.999169921875,0.4451103210449219,7,0.2007102923707862,0.999326515197754,59.96002664890073
shruti_filming_1_flipped.mp4,4234,0,6,0.2012135553645705,0.9991926193237304,0.4436297381365741,6,0.2012135553645705,0.9993658065795898,59.96002664890073
shruti_filming_1_flipped.mp4,4235,0,6,0.2007845576127371,0.9991788864135742,0.4404872753002025,6,0.2007845576127371,0.999367332458496,59.96002664890073
shruti_filming_1_flipped.mp4,4236,0,6,0.2003802518248859,0.9994091033935548,0.439885683412905,6,0.2003802518248859,0.9994091033935548,59.96002664890073
shruti_filming_1_flipped.mp4,4237,0,6,0.2006378594157286,0.9994539260864258,0.4384455928096065,6,0.2006378594157286,0.9994539260864258,59.96002664890073
shruti_filming_1_flipped.mp4,4238,0,7,0.201254113855061,0.9992120742797852,0.4332488448531539,7,0.201254113855061,0.999372673034668,59.96002664890073
shruti_filming_1_flipped.mp4,4239,0,7,0.2021597015284638,0.999005126953125,0.4292290016456886,7,0.2021597015284638,0.9994638442993165,59.96002664890073
shruti_filming_1_flipped.mp4,4240,0,7,0.2024792159158437,0.9988515853881836,0.4254765263310185,7,0.2024792159158437,0.9994131088256836,59.96002664890073
shruti_filming_1_flipped.mp4,4241,0,6,0.2021367329488189,0.998796272277832,0.4222236068160445,6,0.2021367329488189,0.998796272277832,59.96002664890073
shruti_filming_1_flipped.mp4,4242,0,6,0.2026528157487642,0.9989484786987304,0.4217382925528067,6,0.2026528157487642,0.9989484786987304,59.96002664890073
shruti_filming_1_flipped.mp4,4243,0,7,0.2022191090107662,0.9992437362670898,0.4215084499782986,7,0.2022191090107662,0.9992437362670898,59.96002664890073
shruti_filming_1_flipped.mp4,4244,0,7,0.2025006995968075,0.999285888671875,0.4228481999150029,7,0.2025006995968075,0.9993114471435548,59.96002664890073
shruti_filming_1_flipped.mp4,4245,0,7,0.2026045177793554,0.9991329193115236,0.4201378151222512,7,0.2026045177793554,0.9991329193115236,59.96002664890073
shruti_filming_1_flipped.mp4,4246,0,6,0.2021379015080068,0.9992748260498048,0.41689128169307,6,0.2021379015080068,0.9992748260498048,59.96002664890073
shruti_filming_1_flipped.mp4,4247,0,7,0.2018429746916,0.9986665725708008,0.4165783352322049,7,0.2018429746916,0.9993370056152344,59.96002664890073
shruti_filming_1_flipped.mp4,4248,0,7,0.2025749104875474,0.9993513107299804,0.4161265337908709,7,0.2025749104875474,0.9993513107299804,59.96002664890073
shruti_filming_1_flipped.mp4,4249,0,7,0.2023966188156434,0.9993152618408204,0.4137027316623264,7,0.2023966188156434,0.9993152618408204,59.96002664890073
shruti_filming_1_flipped.mp4,4250,0,7,0.2032330810138201,0.99937686920166,0.4119459081579137,7,0.2032330810138201,0.99937686920166,59.96002664890073
shruti_filming_1_flipped.mp4,4251,0,7,0.2029482485621055,0.9989503860473632,0.4084687974717882,7,0.2029482485621055,0.9993539810180664,59.96002664890073
shruti_filming_1_flipped.mp4,4252,0,6,0.2027240225136241,0.9994112014770508,0.4077645478425202,6,0.2027240225136241,0.9994112014770508,59.96002664890073
shruti_filming_1_flipped.mp4,4253,0,7,0.2025673703475654,0.9996477762858073,0.4075652793601707,7,0.2025673703475654,0.9996477762858073,59.96002664890073
shruti_filming_1_flipped.mp4,4254,0,8,0.2013913219096139,0.9995887756347656,0.4077621459960937,8,0.2013913219096139,0.9995887756347656,59.96002664890073
shruti_filming_1_flipped.mp4,4255,0,8,0.2019623620053365,0.9994245529174804,0.4086756388346354,8,0.2019623620053365,0.9994245529174804,59.96002664890073
shruti_filming_1_flipped.mp4,4256,0,7,0.2017964657236977,0.9983844757080078,0.4040225558810764,7,0.2017964657236977,0.99962215423584,59.96002664890073
shruti_filming_1_flipped.mp4,4257,0,6,0.2023969350727081,0.9987472534179688,0.4013900756835937,6,0.2023969350727081,0.9996942520141602,59.96002664890073
shruti_filming_1_flipped.mp4,4258,0,5,0.2022685548208957,0.9995794932047526,0.4009352789984809,5,0.2022685548208957,0.9995794932047526,59.96002664890073
shruti_filming_1_flipped.mp4,4259,0,5,0.2029279815070733,0.9993804931640624,0.3983348705150463,5,0.2029279815070733,0.9993804931640624,59.96002664890073
shruti_filming_1_flipped.mp4,4260,1,6,0.2025710191694088,0.9993146896362304,0.3970718383789062,6,0.2025710191694088,0.9993146896362304,59.96002664890073
shruti_filming_1_flipped.mp4,4261,1,5,0.2024940852411048,0.9994255065917969,0.3960893419053819,5,0.2024940852411048,0.9994255065917969,59.96002664890073
shruti_filming_1_flipped.mp4,4262,1,6,0.2029883987701032,0.999443244934082,0.3933568318684896,6,0.2029883987701032,0.999443244934082,59.96002664890073
shruti_filming_1_flipped.mp4,4263,1,6,0.2027800894914738,0.9992063522338868,0.3924535115559895,6,0.2027800894914738,0.9992063522338868,59.96002664890073
shruti_filming_1_flipped.mp4,4264,1,7,0.2045873732297062,0.9992908477783204,0.38791749742296,7,0.2045873732297062,0.9992908477783204,59.96002664890073
shruti_filming_1_flipped.mp4,4265,1,7,0.2054264032405141,0.999051284790039,0.3846205817328559,7,0.2054264032405141,0.999051284790039,59.96002664890073
shruti_filming_1_flipped.mp4,4266,1,7,0.206796408877902,0.9993717193603516,0.3818918016221788,7,0.206796408877902,0.9993717193603516,59.96002664890073
shruti_filming_1_flipped.mp4,4267,1,7,0.2069824836349235,0.9992798487345378,0.3801879317672164,7,0.2069824836349235,0.9992798487345378,59.96002664890073
shruti_filming_1_flipped.mp4,4268,1,7,0.2061088297340191,0.998296356201172,0.3789176093207465,7,0.2061088297340191,0.9992502212524416,59.96002664890073
shruti_filming_1_flipped.mp4,4269,1,6,0.2072472750529414,0.9991607666015624,0.3764639960394965,6,0.2072472750529414,0.9991607666015624,59.96002664890073
shruti_filming_1_flipped.mp4,4270,1,5,0.2069131084190545,0.9980714797973632,0.375085703531901,5,0.2069131084190545,0.9980714797973632,59.96002664890073
shruti_filming_1_flipped.mp4,4271,1,7,0.2055025311731313,0.9953540802001952,0.3729035271538628,7,0.2055025311731313,0.9953540802001952,59.96002664890073
shruti_filming_1_flipped.mp4,4272,1,7,0.2014774114557076,0.989283561706543,0.3711860656738281,7,0.2014774114557076,0.989283561706543,59.96002664890073
shruti_filming_1_flipped.mp4,4273,1,6,0.1977802812006417,0.9833572387695312,0.3692884939688223,6,0.1977802812006417,0.9833572387695312,59.96002664890073
shruti_filming_1_flipped.mp4,4274,1,6,0.1989780437533692,0.9835219065348308,0.365208265516493,6,0.1989780437533692,0.9835219065348308,59.96002664890073
shruti_filming_1_flipped.mp4,4275,1,7,0.1967412269400665,0.9788995742797852,0.360061193395544,5,0.1967412269400665,0.9788995742797852,59.96002664890073
shruti_filming_1_flipped.mp4,4276,1,7,0.1943435877095908,0.9770425796508788,0.3549458821614583,5,0.1943435877095908,0.9770425796508788,59.96002664890073
shruti_filming_1_flipped.mp4,4277,1,7,0.187138112904989,0.9687999725341796,0.3483089023166232,5,0.187138112904989,0.9687999725341796,59.96002664890073
shruti_filming_1_flipped.mp4,4278,1,6,0.1782363873188054,0.9650137583414714,0.3299210442437066,5,0.1782363873188054,0.9650137583414714,59.96002664890073
shruti_filming_1_flipped.mp4,4279,1,7,0.1717433960337398,0.9641091028849283,0.3092885335286458,5,0.1717433960337398,0.9641091028849283,59.96002664890073
shruti_filming_1_flipped.mp4,4280,1,6,0.1613262973469035,0.9553102493286132,0.2902147081163194,5,0.1613262973469035,0.9553102493286132,59.96002664890073
shruti_filming_1_flipped.mp4,4281,1,7,0.15682956271779,0.951478385925293,0.2811835394965278,6,0.15682956271779,0.951478385925293,59.96002664890073
shruti_filming_1_flipped.mp4,4282,1,8,0.15129341004882,0.9499622344970704,0.2590542263454861,7,0.15129341004882,0.9499622344970704,59.96002664890073
shruti_filming_1_flipped.mp4,4283,1,7,0.1460481879104918,0.9450853983561198,0.2433833652072482,6,0.1460481879104918,0.9450853983561198,59.96002664890073
shruti_filming_1_flipped.mp4,4284,1,7,0.1401334447589276,0.94086971282959,0.2309250725640191,6,0.1401334447589276,0.94086971282959,59.96002664890073
shruti_filming_1_flipped.mp4,4285,1,7,0.1350379230279941,0.9386886596679688,0.2148501925998263,6,0.1350379230279941,0.9386886596679688,59.96002664890073
shruti_filming_1_flipped.mp4,4286,1,6,0.1299678760226622,0.9363853454589844,0.1988963656955295,5,0.1299678760226622,0.9363853454589844,59.96002664890073
shruti_filming_1_flipped.mp4,4287,1,7,0.1259329269245737,0.9346517562866212,0.1833174528899016,6,0.1259329269245737,0.9346517562866212,59.96002664890073
shruti_filming_1_flipped.mp4,4288,1,6,0.1221552671415082,0.93111572265625,0.1753707603172019,5,0.1221552671415082,0.93111572265625,59.96002664890073
shruti_filming_1_flipped.mp4,4289,1,7,0.1197846335108948,0.930380630493164,0.1633722658510561,6,0.1197846335108948,0.930380630493164,59.96002664890073
shruti_filming_1_flipped.mp4,4290,1,7,0.1165610539263138,0.9267419815063476,0.1564214918348524,6,0.1165610539263138,0.9267419815063476,59.96002664890073
shruti_filming_1_flipped.mp4,4291,1,7,0.1117424400099952,0.9226146697998048,0.1414638660572193,6,0.1117424400099952,0.9226146697998048,59.96002664890073
shruti_filming_1_flipped.mp4,4292,1,6,0.1095203885316409,0.9200738906860352,0.1335047403971354,5,0.1095203885316409,0.9200738906860352,59.96002664890073
shruti_filming_1_flipped.mp4,4293,1,6,0.1055210923902686,0.9186817169189452,0.1159790604202835,5,0.1055210923902686,0.9186817169189452,59.96002664890073
shruti_filming_1_flipped.mp4,4294,1,6,0.1038367228466086,0.917378298441569,0.1070142110188802,5,0.1038367228466086,0.917378298441569,59.96002664890073
shruti_filming_1_flipped.mp4,4295,1,7,0.1009728209109097,0.91553955078125,0.0980061848958333,6,0.1009728209109097,0.91553955078125,59.96002664890073
shruti_filming_1_flipped.mp4,4296,1,7,0.098361221302292,0.913955561319987,0.0892252604166666,6,0.098361221302292,0.913955561319987,59.96002664890073
shruti_filming_1_flipped.mp4,4297,1,6,0.0985445671099673,0.9995704650878906,0.6747811211480035,5,0.0953259001800432,0.9097888946533204,59.96002664890073
shruti_filming_1_flipped.mp4,4298,1,6,0.1025435718579467,0.9991659164428712,0.6662420767324942,5,0.0930541799960257,0.9064999262491862,59.96002664890073
shruti_filming_1_flipped.mp4,4299,1,6,0.1044975738033449,0.9995862960815428,0.6570974279333044,5,0.0905009133175567,0.9069829940795898,59.96002664890073
shruti_filming_1_flipped.mp4,4300,1,6,0.1076618450709308,0.9991111755371094,0.6489232946325232,5,0.0885012152129773,0.9051008224487304,59.96002664890073
shruti_filming_1_flipped.mp4,4301,1,6,0.1088951676293746,0.999143409729004,0.6455451682761864,5,0.0845366068495463,0.901169204711914,59.96002664890073
shruti_filming_1_flipped.mp4,4302,1,6,0.1105081944383952,0.9992439270019532,0.6375154283311631,5,0.0816361871833322,0.8973739624023438,59.96002664890073
shruti_filming_1_flipped.mp4,4303,1,7,0.1121467265961433,0.9999116897583008,0.6305375275788484,6,0.079931055070192,0.8946645736694336,59.96002664890073
shruti_filming_1_flipped.mp4,4304,1,6,0.1138447525823074,1.0,0.6226704350224248,5,0.0773509034259014,0.8941902796427409,59.96002664890073
shruti_filming_1_flipped.mp4,4305,1,6,0.1165365629363805,1.0,0.6164849175347222,5,0.075992640614972,0.8935552597045898,59.96002664890073
shruti_filming_1_flipped.mp4,4306,1,7,0.1191958570634597,1.0,0.6077787611219618,6,0.0739094255619177,0.8926310221354167,59.96002664890073
shruti_filming_1_flipped.mp4,4307,1,6,0.1198216337852473,0.9993106842041016,0.6041350753219039,5,0.0708759011669705,0.8890530268351237,59.96002664890073
shruti_filming_1_flipped.mp4,4308,1,5,0.1206640394239608,0.99929625193278,0.5988375063295718,5,0.1206640394239608,0.99929625193278,59.96002664890073
shruti_filming_1_flipped.mp4,4309,1,5,0.12289425635332,0.9993139902750652,0.5902241459599248,5,0.12289425635332,0.9993139902750652,59.96002664890073
shruti_filming_1_flipped.mp4,4310,1,5,0.1250979169918638,0.9992815653483073,0.5840223524305556,5,0.1250979169918638,0.9992815653483073,59.96002664890073
shruti_filming_1_flipped.mp4,4311,1,5,0.1270725545065943,0.9993535995483398,0.5759289776837384,5,0.1270725545065943,0.9993535995483398,59.96002664890073
shruti_filming_1_flipped.mp4,4312,1,6,0.1272054021002259,0.9994272232055664,0.5742549189814815,6,0.1272054021002259,0.9994272232055664,59.96002664890073
shruti_filming_1_flipped.mp4,4313,1,7,0.1300327091457438,0.9992710749308268,0.5637013188114872,7,0.1300327091457438,0.9992710749308268,59.96002664890073
shruti_filming_1_flipped.mp4,4314,1,6,0.1322300118911597,0.9992406845092774,0.5587517632378473,6,0.1322300118911597,0.9992406845092774,59.96002664890073
shruti_filming_1_flipped.mp4,4315,1,5,0.13283361024773,0.9994075775146484,0.5562804610640915,5,0.13283361024773,0.9994075775146484,59.96002664890073
shruti_filming_1_flipped.mp4,4316,1,6,0.1345110151673348,0.9993810653686525,0.5509255868417245,6,0.1345110151673348,0.9993810653686525,59.96002664890073
shruti_filming_1_flipped.mp4,4317,1,6,0.1369417934290444,0.9994955698649088,0.5439622667100694,6,0.1369417934290444,0.9994955698649088,59.96002664890073
shruti_filming_1_flipped.mp4,4318,1,6,0.138306226107557,0.9994081497192384,0.5371085272894965,6,0.138306226107557,0.9994081497192384,59.96002664890073
shruti_filming_1_flipped.mp4,4319,1,6,0.1405671889340737,0.998615264892578,0.5277469211154514,6,0.1405671889340737,0.998615264892578,59.96002664890073
shruti_filming_1_flipped.mp4,4320,1,7,0.1417359591383676,0.9995279947916668,0.5247691966869213,7,0.1417359591383676,0.9995279947916668,59.96002664890073
shruti_filming_1_flipped.mp4,4321,1,7,0.1441517737197379,0.998965072631836,0.5171061197916667,7,0.1441517737197379,0.998965072631836,59.96002664890073
shruti_filming_1_flipped.mp4,4322,1,7,0.1459246248247412,0.9995477676391602,0.5087440773292824,7,0.1459246248247412,0.9995477676391602,59.96002664890073
shruti_filming_1_flipped.mp4,4323,1,8,0.1472640556439054,0.9995552698771158,0.5058767248083044,8,0.1472640556439054,0.9995552698771158,59.96002664890073
shruti_filming_1_flipped.mp4,4324,1,8,0.1475505558555596,0.9994837443033854,0.5044673778392651,8,0.1475505558555596,0.9994837443033854,59.96002664890073
shruti_filming_1_flipped.mp4,4325,1,7,0.1491946051134383,0.9995056788126628,0.4988189132125289,7,0.1491946051134383,0.9995056788126628,59.96002664890073
shruti_filming_1_flipped.mp4,4326,1,7,0.1509814361513902,0.9993822733561198,0.4920592696578414,7,0.1509814361513902,0.9993822733561198,59.96002664890073
shruti_filming_1_flipped.mp4,4327,1,6,0.1528397717494172,0.9996620178222656,0.4880290278682002,5,0.1528397717494172,0.9996620178222656,59.96002664890073
shruti_filming_1_flipped.mp4,4328,1,7,0.1562347225178382,0.999641482035319,0.4774484705041956,6,0.1562347225178382,0.999641482035319,59.96002664890073
shruti_filming_1_flipped.mp4,4329,1,7,0.1574503490526694,0.9996349970499676,0.4737270779079861,6,0.1574503490526694,0.9996349970499676,59.96002664890073
shruti_filming_1_flipped.mp4,4330,1,6,0.1598093716065503,0.9995859146118165,0.4672885470920139,5,0.1598093716065503,0.9995859146118165,59.96002664890073
shruti_filming_1_flipped.mp4,4331,1,6,0.1588546397955118,0.9996431986490886,0.4705808003743489,5,0.1588546397955118,0.9996431986490886,59.96002664890073
shruti_filming_1_flipped.mp4,4332,1,7,0.1590126039180904,0.9995813369750975,0.4705376519097222,5,0.1590126039180904,0.9995813369750975,59.96002664890073
shruti_filming_1_flipped.mp4,4333,1,7,0.1602703373030817,0.9996334711710612,0.465381113688151,5,0.1602703373030817,0.9996334711710612,59.96002664890073
shruti_filming_1_flipped.mp4,4334,1,7,0.1618658935834699,0.999542236328125,0.4584787156846788,5,0.1618658935834699,0.999542236328125,59.96002664890073
shruti_filming_1_flipped.mp4,4335,1,11,0.1634310478797501,0.9995912551879884,0.4545467800564236,7,0.1634310478797501,0.9995912551879884,59.96002664890073
shruti_filming_1_flipped.mp4,4336,1,9,0.1650950046639385,0.9995937983194988,0.4487787882486979,6,0.1650950046639385,0.9995937983194988,59.96002664890073
shruti_filming_1_flipped.mp4,4337,1,7,0.165351169921503,0.9996121088663736,0.4467022365993923,4,0.165351169921503,0.9996121088663736,59.96002664890073
shruti_filming_1_flipped.mp4,4338,1,6,0.1661330157136731,0.9996738433837892,0.4451729103370949,4,0.1661330157136731,0.9996738433837892,59.96002664890073
shruti_filming_1_flipped.mp4,4339,1,5,0.1671804668457156,0.9996081034342448,0.4410198635525174,3,0.1671804668457156,0.9996081034342448,59.96002664890073
shruti_filming_1_flipped.mp4,4340,1,8,0.1676415287499549,0.999313735961914,0.4384780883789062,5,0.1676415287499549,0.999313735961914,59.96002664890073
shruti_filming_1_flipped.mp4,4341,1,8,0.1679894013665573,0.9988869349161784,0.435525964807581,5,0.1679894013665573,0.9988869349161784,59.96002664890073
shruti_filming_1_flipped.mp4,4342,1,9,0.1687340364652293,0.9989433924357096,0.4310998139558015,6,0.1687340364652293,0.9989433924357096,59.96002664890073
shruti_filming_1_flipped.mp4,4343,1,8,0.1706523062018149,0.9986516952514648,0.4263330247667101,6,0.1706523062018149,0.9986516952514648,59.96002664890073
shruti_filming_1_flipped.mp4,4344,1,11,0.1687461829034361,0.9936697006225584,0.4193136992277922,9,0.1687461829034361,0.9936697006225584,59.96002664890073
shruti_filming_1_flipped.mp4,4345,1,10,0.1669102082798296,0.9904434204101562,0.4131820678710937,7,0.1669102082798296,0.9904434204101562,59.96002664890073
shruti_filming_1_flipped.mp4,4346,1,13,0.1598741615691364,0.9886194229125976,0.3873367309570312,9,0.1598741615691364,0.9886194229125976,59.96002664890073
shruti_filming_1_flipped.mp4,4347,1,11,0.1444132292045321,0.9768923441569012,0.3408448678475839,7,0.1444132292045321,0.9768923441569012,59.96002664890073
shruti_filming_1_flipped.mp4,4348,1,8,0.1405477293971408,0.9777435302734376,0.3210440741644965,5,0.1405477293971408,0.9777435302734376,59.96002664890073
shruti_filming_1_flipped.mp4,4349,1,7,0.1321157090145542,0.9677425384521484,0.2984201784487124,5,0.1321157090145542,0.9677425384521484,59.96002664890073
shruti_filming_1_flipped.mp4,4350,1,7,0.1352438775012463,0.9798992156982422,0.2744413587782118,5,0.1352438775012463,0.9798992156982422,59.96002664890073
shruti_filming_1_flipped.mp4,4351,1,9,0.1233748376110506,0.960283088684082,0.2619807773166233,5,0.1233748376110506,0.960283088684082,59.96002664890073
shruti_filming_1_flipped.mp4,4352,1,8,0.1215474897441001,0.9637022654215496,0.243578056052879,5,0.1215474897441001,0.9637022654215496,59.96002664890073
shruti_filming_1_flipped.mp4,4353,1,8,0.1185972050456136,0.96307373046875,0.2243451436360677,6,0.1185972050456136,0.96307373046875,59.96002664890073
shruti_filming_1_flipped.mp4,4354,1,8,0.1108356903921554,0.9539535522460938,0.2073486328125,5,0.1108356903921554,0.9539535522460938,59.96002664890073
shruti_filming_1_flipped.mp4,4355,1,7,0.1092016833873801,0.9565139770507812,0.1898510403103298,4,0.1092016833873801,0.9565139770507812,59.96002664890073
shruti_filming_1_flipped.mp4,4356,1,7,0.1030393679377286,0.9476889292399088,0.1692318386501736,5,0.1030393679377286,0.9476889292399088,59.96002664890073
shruti_filming_1_flipped.mp4,4357,1,8,0.0977931818409059,0.941068458557129,0.1537195841471354,5,0.0977931818409059,0.941068458557129,59.96002664890073
shruti_filming_1_flipped.mp4,4358,1,10,0.0950811191349445,0.9994417190551758,0.7006566365559895,7,0.0948243649707378,0.937777328491211,59.96002664890073
shruti_filming_1_flipped.mp4,4359,1,9,0.0988737696261766,0.9993621826171876,0.6889987521701388,6,0.0904074589457013,0.9329105377197264,59.96002664890073
shruti_filming_1_flipped.mp4,4360,1,7,0.1032036074548226,0.9992841720581056,0.6756882279007523,5,0.0877852483160354,0.9273880004882812,59.96002664890073
shruti_filming_1_flipped.mp4,4361,1,8,0.1064018073184113,0.9990026473999024,0.6656388459382234,5,0.0842073563045252,0.9225286483764648,59.96002664890073
shruti_filming_1_flipped.mp4,4362,1,9,0.1107002078958235,0.9991048812866212,0.6537809018735532,6,0.0826947940938407,0.9224047342936198,59.96002664890073
shruti_filming_1_flipped.mp4,4363,1,7,0.1145493336537145,0.999775505065918,0.6432290536385995,5,0.0800343662471277,0.9187105178833008,59.96002664890073
shruti_filming_1_flipped.mp4,4364,1,7,0.1175723352234733,0.9994756698608398,0.6334380538375289,5,0.0772447344728668,0.9137943267822266,59.96002664890073
shruti_filming_1_flipped.mp4,4365,1,6,0.121962804098924,0.9996702194213868,0.6234822591145833,4,0.0745602126049602,0.9114378611246744,59.96002664890073
shruti_filming_1_flipped.mp4,4366,1,6,0.1258405101492017,0.9995645523071288,0.6098358154296875,4,0.0724506853000235,0.908766746520996,59.96002664890073
shruti_filming_1_flipped.mp4,4367,1,6,0.128217673389116,0.9996744791666666,0.6046625207971643,3,0.0689171479153357,0.902264404296875,59.96002664890073
shruti_filming_1_flipped.mp4,4368,1,8,0.1349221372350627,0.9997148513793944,0.5844658180519386,6,0.1349221372350627,0.9997148513793944,59.96002664890073
shruti_filming_1_flipped.mp4,4369,1,7,0.1383558534512391,0.9996479670206706,0.5739904898184317,6,0.1383558534512391,0.9996479670206706,59.96002664890073
shruti_filming_1_flipped.mp4,4370,1,6,0.1437821221076718,0.9993762969970704,0.5579616405345775,5,0.1437821221076718,0.9993762969970704,59.96002664890073
shruti_filming_1_flipped.mp4,4371,1,6,0.1469543838291429,0.999604860941569,0.5504814995659723,5,0.1469543838291429,0.999604860941569,59.96002664890073
shruti_filming_1_flipped.mp4,4372,1,6,0.1503076400889161,0.9992721557617188,0.5392084192346643,5,0.1503076400889161,0.9992721557617188,59.96002664890073
shruti_filming_1_flipped.mp4,4373,1,6,0.1541099136771151,0.9993330001831054,0.5276624891493056,4,0.1541099136771151,0.9993330001831054,59.96002664890073
shruti_filming_1_flipped.mp4,4374,1,7,0.1582221163963226,0.999311065673828,0.5165354410807291,6,0.1582221163963226,0.999311065673828,59.96002664890073
shruti_filming_1_flipped.mp4,4375,1,7,0.1632578419338204,0.9993253707885742,0.50068359375,6,0.1632578419338204,0.9993253707885742,59.96002664890073
shruti_filming_1_flipped.mp4,4376,1,7,0.1648786670094705,0.999298922220866,0.4968878286856192,6,0.1648786670094705,0.999298922220866,59.96002664890073
shruti_filming_1_flipped.mp4,4377,1,7,0.159836359929759,0.9993816375732422,0.5139305397316262,6,0.159836359929759,0.9993816375732422,59.96002664890073
shruti_filming_1_flipped.mp4,4378,1,5,0.1592944981711399,0.9994194030761718,0.5171648943865741,4,0.1592944981711399,0.9994194030761718,59.96002664890073
shruti_filming_1_flipped.mp4,4379,1,6,0.1591023332361753,0.999384307861328,0.5186350504557292,4,0.1591023332361753,0.999384307861328,59.96002664890073
shruti_filming_1_flipped.mp4,4380,1,7,0.160799506804259,0.9994421005249025,0.5151162606698495,5,0.160799506804259,0.9994421005249025,59.96002664890073
shruti_filming_1_flipped.mp4,4381,1,8,0.1611900245034808,0.9994009017944336,0.514089513708044,6,0.1611900245034808,0.9994009017944336,59.96002664890073
shruti_filming_1_flipped.mp4,4382,1,9,0.1629674654453022,0.9994471232096356,0.509610833062066,6,0.1629674654453022,0.9994471232096356,59.96002664890073
shruti_filming_1_flipped.mp4,4383,1,7,0.1654649449653785,0.9993881225585938,0.5018202605070892,5,0.1654649449653785,0.9993881225585938,59.96002664890073
shruti_filming_1_flipped.mp4,4384,1,7,0.1671602277258514,0.9994632720947264,0.4984690348307292,5,0.1671602277258514,0.9994632720947264,59.96002664890073
shruti_filming_1_flipped.mp4,4385,1,5,0.1686574087106984,0.9994062423706056,0.4940205891927083,4,0.1686574087106984,0.9994062423706056,59.96002664890073
shruti_filming_1_flipped.mp4,4386,1,6,0.1709942299698013,0.9992069880167644,0.4904876708984375,5,0.1709942299698013,0.9992069880167644,59.96002664890073
shruti_filming_1_flipped.mp4,4387,1,4,0.1730859453536039,0.9991621653238932,0.484824456108941,3,0.1730859453536039,0.9991621653238932,59.96002664890073
shruti_filming_1_flipped.mp4,4388,1,6,0.1755572034992898,0.9991415023803712,0.4781142623336227,5,0.1755572034992898,0.9991415023803712,59.96002664890073
shruti_filming_1_flipped.mp4,4389,1,6,0.1781843266379983,0.9992624282836914,0.4696356314199942,5,0.1781843266379983,0.9992624282836914,59.96002664890073
shruti_filming_1_flipped.mp4,4390,1,6,0.1777094462641333,0.9991334915161132,0.4718409785517939,5,0.1777094462641333,0.9991334915161132,59.96002664890073
shruti_filming_1_flipped.mp4,4391,1,6,0.1788734722114491,0.9990749994913736,0.4682655334472656,5,0.1788734722114491,0.9990749994913736,59.96002664890073
shruti_filming_1_flipped.mp4,4392,1,7,0.1805932218362512,0.999003791809082,0.4638765123155381,6,0.1805932218362512,0.999003791809082,59.96002664890073
shruti_filming_1_flipped.mp4,4393,1,6,0.18266697352412,0.9989685694376628,0.4586705243145978,5,0.18266697352412,0.9989685694376628,59.96002664890073
shruti_filming_1_flipped.mp4,4394,1,7,0.1852036191266171,0.9989261627197266,0.4547506826895254,5,0.1852036191266171,0.9989261627197266,59.96002664890073
shruti_filming_1_flipped.mp4,4395,1,8,0.1871840400484291,0.9985872268676758,0.449279389558015,6,0.1871840400484291,0.9985872268676758,59.96002664890073
shruti_filming_1_flipped.mp4,4396,1,8,0.1883433921029791,0.9984079360961914,0.4496612548828125,6,0.1883433921029791,0.9984079360961914,59.96002664890073
shruti_filming_1_flipped.mp4,4397,1,7,0.1907944253683348,0.9979588190714518,0.4453426784939236,5,0.1907944253683348,0.9979588190714518,59.96002664890073
shruti_filming_1_flipped.mp4,4398,1,5,0.1933060110474859,0.9983144760131836,0.4407292683919271,4,0.1933060110474859,0.9983144760131836,59.96002664890073
shruti_filming_1_flipped.mp4,4399,1,7,0.1959298827949128,0.9985352198282876,0.434823015001085,4,0.1959298827949128,0.9985352198282876,59.96002664890073
shruti_filming_1_flipped.mp4,4400,1,7,0.196565543551524,0.9982346216837564,0.4324631867585359,5,0.196565543551524,0.9982346216837564,59.96002664890073
shruti_filming_1_flipped.mp4,4401,1,5,0.1987820654410299,0.9983827590942382,0.4277834856951678,3,0.1987820654410299,0.9983827590942382,59.96002664890073
shruti_filming_1_flipped.mp4,4402,1,5,0.19836817912918,0.998550033569336,0.4290489479347512,3,0.19836817912918,0.998550033569336,59.96002664890073
shruti_filming_1_flipped.mp4,4403,1,4,0.2000390081506015,0.9989325205485026,0.4266651294849537,3,0.2000390081506015,0.9989325205485026,59.96002664890073
shruti_filming_1_flipped.mp4,4404,1,5,0.201984857262788,0.9989315032958984,0.4230051393862123,4,0.201984857262788,0.9989315032958984,59.96002664890073
shruti_filming_1_flipped.mp4,4405,1,6,0.2033342014260577,0.9991260528564452,0.4194467332628038,5,0.2033342014260577,0.9991260528564452,59.96002664890073
shruti_filming_1_flipped.mp4,4406,1,5,0.2052245969555116,0.9990432739257812,0.4154184412073206,4,0.2052245969555116,0.9990432739257812,59.96002664890073
shruti_filming_1_flipped.mp4,4407,1,5,0.2066327552018682,0.9992435455322266,0.4127651921025029,4,0.2066327552018682,0.9992435455322266,59.96002664890073
shruti_filming_1_flipped.mp4,4408,1,6,0.2075757428996601,0.9991094589233398,0.4096122741699218,4,0.2075757428996601,0.9991094589233398,59.96002664890073
shruti_filming_1_flipped.mp4,4409,1,5,0.2093691252999835,0.9984111785888672,0.4054025438096788,4,0.2093691252999835,0.9984111785888672,59.96002664890073
shruti_filming_1_flipped.mp4,4410,1,5,0.207629403461728,0.9930576960245768,0.4033197473596643,4,0.207629403461728,0.9930576960245768,59.96002664890073
shruti_filming_1_flipped.mp4,4411,1,6,0.2061370381808956,0.9844314575195312,0.3948460896809896,4,0.2061370381808956,0.9844314575195312,59.96002664890073
shruti_filming_1_flipped.mp4,4412,1,8,0.1996734531942962,0.97421875,0.3953405309606481,6,0.1996734531942962,0.97421875,59.96002664890073
shruti_filming_1_flipped.mp4,4413,1,7,0.1963709569185125,0.9665142059326172,0.3937680562337239,6,0.1963709569185125,0.9665142059326172,59.96002664890073
shruti_filming_1_flipped.mp4,4414,1,7,0.1927531145143636,0.9597341537475584,0.3918165701406973,5,0.1927531145143636,0.9597341537475584,59.96002664890073
shruti_filming_1_flipped.mp4,4415,1,9,0.1895105854053043,0.9512205123901368,0.3876793472855179,6,0.1895105854053043,0.9512205123901368,59.96002664890073
shruti_filming_1_flipped.mp4,4416,1,7,0.1909287468297407,0.943247667948405,0.3665618048773871,4,0.1909287468297407,0.943247667948405,59.96002664890073
shruti_filming_1_flipped.mp4,4417,1,8,0.1912968139240304,0.93887939453125,0.3605498419867621,5,0.1912968139240304,0.93887939453125,59.96002664890073
shruti_filming_1_flipped.mp4,4418,1,6,0.1907976700234899,0.9345163981119792,0.3526449415418837,3,0.1907976700234899,0.9345163981119792,59.96002664890073
shruti_filming_1_flipped.mp4,4419,1,6,0.1862794905142746,0.9293704986572264,0.3572556672272858,3,0.1862794905142746,0.9293704986572264,59.96002664890073
shruti_filming_1_flipped.mp4,4420,1,6,0.1857266703950648,0.927604866027832,0.3549858375831886,3,0.1857266703950648,0.927604866027832,59.96002664890073
shruti_filming_1_flipped.mp4,4421,1,6,0.180491281250994,0.9233963012695312,0.3619831791630498,3,0.180491281250994,0.9233963012695312,59.96002664890073
shruti_filming_1_flipped.mp4,4422,1,6,0.1785447695744719,0.9218151092529296,0.3645177205403646,3,0.1785447695744719,0.9218151092529296,59.96002664890073
shruti_filming_1_flipped.mp4,4423,1,6,0.1778679908658694,0.9138952255249024,0.3494174815990307,3,0.1778679908658694,0.9138952255249024,59.96002664890073
shruti_filming_1_flipped.mp4,4424,1,6,0.1800516027262589,0.9096548080444335,0.3314066569010416,3,0.1800516027262589,0.9096548080444335,59.96002664890073
shruti_filming_1_flipped.mp4,4425,1,6,0.1750698234054747,0.9062281290690104,0.340035163031684,3,0.1750698234054747,0.9062281290690104,59.96002664890073
shruti_filming_1_flipped.mp4,4426,1,6,0.1760708036728384,0.905468241373698,0.3314610799153646,3,0.1760708036728384,0.905468241373698,59.96002664890073
shruti_filming_1_flipped.mp4,4427,1,6,0.1714039887375353,0.9021291732788086,0.3398066202799479,3,0.1714039887375353,0.9021291732788086,59.96002664890073
shruti_filming_1_flipped.mp4,4428,1,6,0.1670689248676461,0.8982172648111979,0.3471870422363281,3,0.1670689248676461,0.8982172648111979,59.96002664890073
shruti_filming_1_flipped.mp4,4429,1,6,0.1721334291965953,0.8940476099650065,0.3192970275878906,3,0.1721334291965953,0.8940476099650065,59.96002664890073
shruti_filming_1_flipped.mp4,4430,1,4,0.1641349203988082,0.8863962809244792,0.3238037109375,3,0.1641349203988082,0.8863962809244792,59.96002664890073
shruti_filming_1_flipped.mp4,4431,1,6,0.1576116004759387,0.8848962783813477,0.3345738446270978,3,0.1576116004759387,0.8848962783813477,59.96002664890073
shruti_filming_1_flipped.mp4,4432,1,4,0.1551611686293265,0.8808265686035156,0.331969310619213,3,0.1551611686293265,0.8808265686035156,59.96002664890073
shruti_filming_1_flipped.mp4,4433,1,5,0.1495930824315938,0.8783821105957031,0.2883539835611979,3,0.1495930824315938,0.8783821105957031,59.96002664890073
shruti_filming_1_flipped.mp4,4434,1,7,0.1425413535949472,0.8743588129679362,0.2728351169162326,5,0.1425413535949472,0.8743588129679362,59.96002664890073
shruti_filming_1_flipped.mp4,4435,1,6,0.1379990838764395,0.8719770431518554,0.2671053568522135,4,0.1379990838764395,0.8719770431518554,59.96002664890073
shruti_filming_1_flipped.mp4,4436,1,6,0.1272267734305555,0.869599978129069,0.2737038223831742,4,0.1272267734305555,0.869599978129069,59.96002664890073
shruti_filming_1_flipped.mp4,4437,1,6,0.1241642615524513,0.865816307067871,0.2622141237612124,4,0.1241642615524513,0.865816307067871,59.96002664890073
shruti_filming_1_flipped.mp4,4438,1,6,0.1211357449509802,0.8630940119425455,0.2536480091236255,4,0.1211357449509802,0.8630940119425455,59.96002664890073
shruti_filming_1_flipped.mp4,4439,1,7,0.11439055303808,0.8578815460205078,0.2447948031955295,5,0.11439055303808,0.8578815460205078,59.96002664890073
shruti_filming_1_flipped.mp4,4440,1,7,0.1133299189076448,0.8557199478149414,0.2153845893012153,5,0.1133299189076448,0.8557199478149414,59.96002664890073
shruti_filming_1_flipped.mp4,4441,1,8,0.1082347995831514,0.8535854975382487,0.2164261711968316,6,0.1082347995831514,0.8535854975382487,59.96002664890073
shruti_filming_1_flipped.mp4,4442,1,10,0.1048894397706479,0.8518257141113281,0.2018139309353298,9,0.1048894397706479,0.8518257141113281,59.96002664890073
shruti_filming_1_flipped.mp4,4443,1,7,0.1019853608378131,0.8467189788818359,0.1915198432074653,6,0.1019853608378131,0.8467189788818359,59.96002664890073
shruti_filming_1_flipped.mp4,4444,1,6,0.0943433954397376,0.8435866038004557,0.197614175302011,5,0.0943433954397376,0.8435866038004557,59.96002664890073
shruti_filming_1_flipped.mp4,4445,1,7,0.090596428868378,0.8388926188151041,0.1845201280381944,6,0.090596428868378,0.8388926188151041,59.96002664890073
shruti_filming_1_flipped.mp4,4446,1,6,0.0861753512938423,0.9937586466471354,0.7924932409215857,5,0.0856339495146002,0.8357670466105144,59.96002664890073
shruti_filming_1_flipped.mp4,4447,1,7,0.0908651044301223,0.9943870544433594,0.7822019788953993,6,0.0852062615613815,0.8353895823160807,59.96002664890073
shruti_filming_1_flipped.mp4,4448,1,8,0.0943630160133636,0.999763298034668,0.775556719744647,7,0.0838510428516666,0.8324715296427408,59.96002664890073
shruti_filming_1_flipped.mp4,4449,1,7,0.0994765614392236,0.9973276774088542,0.7650619506835937,6,0.0854619752170725,0.8309429168701172,59.96002664890073
shruti_filming_1_flipped.mp4,4450,1,8,0.1026076732317192,0.9976810455322266,0.7590053982204861,7,0.0836194019278843,0.8291879653930664,59.96002664890073
shruti_filming_1_flipped.mp4,4451,1,6,0.1067315848369185,0.9976295471191406,0.7497966059932002,5,0.0808007452000553,0.8257710138956705,59.96002664890073
shruti_filming_1_flipped.mp4,4452,1,6,0.1090165846861459,0.9976114908854168,0.7451968722873263,5,0.0784127000523361,0.8257005691528321,59.96002664890073
shruti_filming_1_flipped.mp4,4453,1,5,0.1124902400275459,0.997566286722819,0.7376093546549479,4,0.0713079429947861,0.8245082855224609,59.96002664890073
shruti_filming_1_flipped.mp4,4454,1,5,0.1138025014628914,0.9974987030029296,0.7336212158203125,4,0.0674510129043537,0.8223049163818359,59.96002664890073
shruti_filming_1_flipped.mp4,4455,1,4,0.1174367156118279,0.9978031158447266,0.7243981820565683,3,0.0712632049345605,0.8199443817138672,59.96002664890073
shruti_filming_1_flipped.mp4,4456,1,5,0.1186954862420356,0.998041025797526,0.7223666155779803,4,0.0689305915493362,0.8200262069702149,59.96002664890073
shruti_filming_1_flipped.mp4,4457,1,5,0.1205402206386479,0.9979297637939452,0.715999914098669,4,0.0680707672464012,0.8170251846313477,59.96002664890073
shruti_filming_1_flipped.mp4,4458,1,6,0.1235971065169634,0.9989134470621744,0.7110459504304109,5,0.0644161591334785,0.8172930399576823,59.96002664890073
shruti_filming_1_flipped.mp4,4459,1,6,0.1249259604513645,0.997953224182129,0.7048258463541667,5,0.0586451319220941,0.8153125762939453,59.96002664890073
shruti_filming_1_flipped.mp4,4460,1,5,0.1272695866267356,0.9976795196533204,0.7000213057906539,4,0.0594834626816754,0.8142644882202148,59.96002664890073
shruti_filming_1_flipped.mp4,4461,1,5,0.1293035569327185,0.9976211547851562,0.6958404541015625,4,0.0607741243066912,0.8144512176513672,59.96002664890073
shruti_filming_1_flipped.mp4,4462,1,5,0.1326857131255006,0.9987058639526368,0.6897559837058739,4,0.0563391405128641,0.8116415023803711,59.96002664890073
shruti_filming_1_flipped.mp4,4463,1,5,0.1340746007794385,0.9988178888956706,0.6854170057508681,4,0.0565370819333043,0.8091158548990885,59.96002664890073
shruti_filming_1_flipped.mp4,4464,1,6,0.13680209192221,0.9987482070922852,0.6793385823567708,5,0.0543934300449877,0.807411257425944,59.96002664890073
shruti_filming_1_flipped.mp4,4465,1,6,0.1389173775954447,0.9976523081461588,0.6737505877459491,5,0.0477318619255028,0.8048637390136719,59.96002664890073
shruti_filming_1_flipped.mp4,4466,1,5,0.1409937483455445,0.9969746271769204,0.6677656950774016,4,0.0468512092054718,0.8039323806762695,59.96002664890073
shruti_filming_1_flipped.mp4,4467,1,5,0.1419998091351266,0.996531359354655,0.6640160454644097,4,0.0449854450213114,0.8035269419352213,59.96002664890073
shruti_filming_1_flipped.mp4,4468,1,5,0.1436420573395056,0.9961238861083984,0.6588929918077256,4,0.0449425937080135,0.8040211359659831,59.96002664890073
shruti_filming_1_flipped.mp4,4469,1,7,0.1459418387044678,0.9953832626342772,0.6517441926179108,6,0.0436612407757989,0.8030160903930664,59.96002664890073
shruti_filming_1_flipped.mp4,4470,1,5,0.1421068700806548,0.9832626342773436,0.6506603099681713,4,0.0434380224736135,0.8024274826049804,59.96002664890073
shruti_filming_1_flipped.mp4,4471,1,7,0.1455087009692215,0.9847185770670572,0.6433121857819734,6,0.0422411145541506,0.8033278147379558,59.96002664890073
shruti_filming_1_flipped.mp4,4472,1,7,0.1469373549100473,0.986963907877604,0.6406403153030961,6,0.0415403523921508,0.8021406809488932,59.96002664890073
shruti_filming_1_flipped.mp4,4473,1,5,0.1473724888165748,0.9836225509643556,0.6348045631691261,4,0.0418845439631668,0.8013498306274414,59.96002664890073
shruti_filming_1_flipped.mp4,4474,1,6,0.148308858621167,0.9816961924235026,0.6292193377459491,5,0.0409933609899491,0.8009323120117188,59.96002664890073
shruti_filming_1_flipped.mp4,4475,1,5,0.150317468201845,0.9839784622192382,0.6256483289930556,4,0.0392942041055141,0.7995140711466472,59.96002664890073
shruti_filming_1_flipped.mp4,4476,1,5,0.1505699959325957,0.9826509475708008,0.6215985898618345,4,0.0375927504048902,0.7988775253295899,59.96002664890073
shruti_filming_1_flipped.mp4,4477,1,5,0.1503963687893054,0.9803503036499024,0.6186219957139757,4,0.0356707068998797,0.7980226516723633,59.96002664890073
shruti_filming_1_flipped.mp4,4478,1,5,0.1528810139374022,0.9829107920328776,0.6134741323965567,4,0.0339855783308545,0.7963226954142253,59.96002664890073
shruti_filming_1_flipped.mp4,4479,1,7,0.1554027741730937,0.9857493082682292,0.6083532827871817,6,0.0329515289868383,0.7958388010660807,59.96002664890073
shruti_filming_1_flipped.mp4,4480,1,6,0.1578216522099359,0.9860427856445312,0.6023299040617767,5,0.031269471148348,0.7962111155192058,59.96002664890073
shruti_filming_1_flipped.mp4,4481,1,6,0.1580888306924478,0.985107421875,0.5991582799840857,6,0.1580888306924478,0.985107421875,59.96002664890073
shruti_filming_1_flipped.mp4,4482,1,6,0.1585669668194734,0.986514663696289,0.5966066713686342,6,0.1585669668194734,0.986514663696289,59.96002664890073
shruti_filming_1_flipped.mp4,4483,1,5,0.1593359907999933,0.9871013641357422,0.5938481083622685,5,0.1593359907999933,0.9871013641357422,59.96002664890073
shruti_filming_1_flipped.mp4,4484,1,5,0.1605114841219188,0.9887051264444988,0.5897914745189525,5,0.1605114841219188,0.9887051264444988,59.96002664890073
shruti_filming_1_flipped.mp4,4485,1,5,0.1633670969303973,0.9930885950724284,0.5855819137008101,5,0.1633670969303973,0.9930885950724284,59.96002664890073
shruti_filming_1_flipped.mp4,4486,1,5,0.1652413956060384,0.99266414642334,0.5786844889322916,5,0.1652413956060384,0.99266414642334,59.96002664890073
shruti_filming_1_flipped.mp4,4487,1,5,0.1661295351179433,0.9946081797281902,0.5753647980866609,5,0.1661295351179433,0.9946081797281902,59.96002664890073
shruti_filming_1_flipped.mp4,4488,1,5,0.1671996754157589,0.9972270965576172,0.5735650521737558,5,0.1671996754157589,0.9972270965576172,59.96002664890073
shruti_filming_1_flipped.mp4,4489,1,5,0.167061925134406,0.9970097223917644,0.5736653080692997,5,0.167061925134406,0.9970097223917644,59.96002664890073
shruti_filming_1_flipped.mp4,4490,1,4,0.1677576685671868,0.9965122222900392,0.5684573138201678,4,0.1677576685671868,0.9965122222900392,59.96002664890073
shruti_filming_1_flipped.mp4,4491,1,6,0.171307208766833,0.997357940673828,0.5630704526548033,6,0.171307208766833,0.997357940673828,59.96002664890073
shruti_filming_1_flipped.mp4,4492,1,4,0.1742679479355704,0.9984121322631836,0.5570206818757234,4,0.1742679479355704,0.9984121322631836,59.96002664890073
shruti_filming_1_flipped.mp4,4493,1,4,0.1740288435737135,0.9981029510498048,0.555555499041522,4,0.1740288435737135,0.9981029510498048,59.96002664890073
shruti_filming_1_flipped.mp4,4494,1,4,0.1746162242791615,0.9983263651529948,0.5532424926757813,4,0.1746162242791615,0.9983263651529948,59.96002664890073
shruti_filming_1_flipped.mp4,4495,1,5,0.1754533790026713,0.998468017578125,0.550388420952691,5,0.1754533790026713,0.998468017578125,59.96002664890073
shruti_filming_1_flipped.mp4,4496,1,4,0.176115761490073,0.998834228515625,0.5471211751302083,4,0.176115761490073,0.998834228515625,59.96002664890073
shruti_filming_1_flipped.mp4,4497,1,4,0.1778830957488461,0.9989631652832032,0.5414155183015046,4,0.1778830957488461,0.9989631652832032,59.96002664890073
shruti_filming_1_flipped.mp4,4498,1,5,0.1783019235509629,0.9988359451293946,0.5378839563440394,5,0.1783019235509629,0.9988359451293946,59.96002664890073
shruti_filming_1_flipped.mp4,4499,1,3,0.178005477592362,0.9984779357910156,0.5352773030598958,3,0.178005477592362,0.9984779357910156,59.96002664890073
shruti_filming_1_flipped.mp4,4500,0,4,0.177765138810522,0.9983697891235352,0.5336955882884838,4,0.177765138810522,0.9983697891235352,59.96002664890073
shruti_filming_1_flipped.mp4,4501,0,6,0.1774561759389083,0.9984785079956054,0.531605699327257,6,0.1774561759389083,0.9984785079956054,59.96002664890073
shruti_filming_1_flipped.mp4,4502,0,4,0.177896161018418,0.9986206690470376,0.5274376763237847,4,0.177896161018418,0.9986206690470376,59.96002664890073
shruti_filming_1_flipped.mp4,4503,0,4,0.1786904649898901,0.998752784729004,0.5233766343858507,4,0.1786904649898901,0.998752784729004,59.96002664890073
shruti_filming_1_flipped.mp4,4504,0,4,0.1790013455094541,0.9986569086710612,0.5205970481589989,4,0.1790013455094541,0.9986569086710612,59.96002664890073
shruti_filming_1_flipped.mp4,4505,0,4,0.1781904519158221,0.9985147476196288,0.5199295043945312,4,0.1781904519158221,0.9985147476196288,59.96002664890073
shruti_filming_1_flipped.mp4,4506,0,4,0.1787827466754242,0.998661994934082,0.5175230803313079,4,0.1787827466754242,0.998661994934082,59.96002664890073
shruti_filming_1_flipped.mp4,4507,0,4,0.1791081647228242,0.9986374537150066,0.5149615252459491,4,0.1791081647228242,0.9986374537150066,59.96002664890073
shruti_filming_1_flipped.mp4,4508,0,3,0.179498939609998,0.998499870300293,0.5126469930013021,3,0.179498939609998,0.998499870300293,59.96002664890073
shruti_filming_1_flipped.mp4,4509,0,4,0.180379939460534,0.99884459177653,0.5097808272750289,4,0.180379939460534,0.99884459177653,59.96002664890073
shruti_filming_1_flipped.mp4,4510,0,5,0.1818187099334965,0.9990571975708008,0.5047414143880208,5,0.1818187099334965,0.9990571975708008,59.96002664890073
shruti_filming_1_flipped.mp4,4511,0,4,0.1827278369184286,0.9991869608561198,0.5015348646375868,4,0.1827278369184286,0.9991869608561198,59.96002664890073
shruti_filming_1_flipped.mp4,4512,0,4,0.1830885172088164,0.9989631652832032,0.4990850377965856,4,0.1830885172088164,0.9989631652832032,59.96002664890073
shruti_filming_1_flipped.mp4,4513,0,4,0.1834803111618277,0.9987693786621094,0.4960821646231192,4,0.1834803111618277,0.9987693786621094,59.96002664890073
shruti_filming_1_flipped.mp4,4514,0,4,0.1840546454522215,0.9985280990600586,0.4930134526005498,4,0.1840546454522215,0.9985280990600586,59.96002664890073
shruti_filming_1_flipped.mp4,4515,0,4,0.1852349292918074,0.9988655090332031,0.4902965404369213,4,0.1852349292918074,0.9988655090332031,59.96002664890073
shruti_filming_1_flipped.mp4,4516,0,4,0.1856431572325527,0.9989245096842448,0.4873738606770833,4,0.1856431572325527,0.9989245096842448,59.96002664890073
shruti_filming_1_flipped.mp4,4517,0,3,0.1842055930758439,0.9948038101196288,0.4844163117585359,3,0.1842055930758439,0.9948038101196288,59.96002664890073
shruti_filming_1_flipped.mp4,4518,0,3,0.1789094656127876,0.9862440745035808,0.4847980640552662,3,0.1789094656127876,0.9862440745035808,59.96002664890073
shruti_filming_1_flipped.mp4,4519,0,3,0.1762296995446646,0.9808300018310548,0.4831557097258391,3,0.1762296995446646,0.9808300018310548,59.96002664890073
shruti_filming_1_flipped.mp4,4520,0,3,0.1744371685668334,0.9772129058837892,0.4821124606662326,3,0.1744371685668334,0.9772129058837892,59.96002664890073
shruti_filming_1_flipped.mp4,4521,0,3,0.174117138919731,0.9728693008422852,0.4776645236545139,3,0.174117138919731,0.9728693008422852,59.96002664890073
shruti_filming_1_flipped.mp4,4522,0,3,0.1719079127319424,0.9674853006998698,0.4754248159903067,3,0.1719079127319424,0.9674853006998698,59.96002664890073
shruti_filming_1_flipped.mp4,4523,0,4,0.1701545519848608,0.963132667541504,0.4729800188982928,4,0.1701545519848608,0.963132667541504,59.96002664890073
shruti_filming_1_flipped.mp4,4524,0,3,0.1678995303849256,0.9583242416381836,0.4712520175509982,3,0.1678995303849256,0.9583242416381836,59.96002664890073
shruti_filming_1_flipped.mp4,4525,0,5,0.164843069580901,0.9522940317789712,0.4704562717013889,5,0.164843069580901,0.9522940317789712,59.96002664890073
shruti_filming_1_flipped.mp4,4526,0,5,0.163717585367267,0.949723434448242,0.4694636027018229,5,0.163717585367267,0.949723434448242,59.96002664890073
shruti_filming_1_flipped.mp4,4527,0,5,0.1625778955340573,0.9466188430786132,0.4669878076623987,5,0.1625778955340573,0.9466188430786132,59.96002664890073
shruti_filming_1_flipped.mp4,4528,0,4,0.1608547875181991,0.941346549987793,0.4642183091905382,4,0.1608547875181991,0.941346549987793,59.96002664890073
shruti_filming_1_flipped.mp4,4529,0,5,0.1589791342386053,0.9372582117716473,0.4621985541449653,5,0.1589791342386053,0.9372582117716473,59.96002664890073
shruti_filming_1_flipped.mp4,4530,0,4,0.1578230984892191,0.934516143798828,0.4604055616590712,4,0.1578230984892191,0.934516143798828,59.96002664890073
shruti_filming_1_flipped.mp4,4531,0,6,0.1563666257312191,0.9313130060831706,0.4589335406268084,6,0.1563666257312191,0.9313130060831706,59.96002664890073
shruti_filming_1_flipped.mp4,4532,0,6,0.15563284473664,0.9279821395874024,0.4552264743381076,6,0.15563284473664,0.9279821395874024,59.96002664890073
shruti_filming_1_flipped.mp4,4533,0,6,0.1541176504361512,0.9241856257120769,0.4531273735894097,6,0.1541176504361512,0.9241856257120769,59.96002664890073
shruti_filming_1_flipped.mp4,4534,0,4,0.1524677177650489,0.920648447672526,0.4503996955023872,4,0.1524677177650489,0.920648447672526,59.96002664890073
shruti_filming_1_flipped.mp4,4535,0,4,0.1503569944643374,0.9156067530314128,0.4481974566424334,4,0.1503569944643374,0.9156067530314128,59.96002664890073
shruti_filming_1_flipped.mp4,4536,0,5,0.1493759063884104,0.9122980117797852,0.446048425745081,5,0.1493759063884104,0.9122980117797852,59.96002664890073
shruti_filming_1_flipped.mp4,4537,0,4,0.1473074714059799,0.908344332377116,0.4451207478841146,4,0.1473074714059799,0.908344332377116,59.96002664890073
shruti_filming_1_flipped.mp4,4538,0,5,0.14582900681209,0.9053074518839518,0.4441973933467159,5,0.14582900681209,0.9053074518839518,59.96002664890073
shruti_filming_1_flipped.mp4,4539,0,5,0.1451102676442166,0.9027681986490884,0.4426057886194299,5,0.1451102676442166,0.9027681986490884,59.96002664890073
shruti_filming_1_flipped.mp4,4540,0,4,0.1437250952313102,0.8998550415039063,0.4407834653501157,4,0.1437250952313102,0.8998550415039063,59.96002664890073
shruti_filming_1_flipped.mp4,4541,0,5,0.1411677684181497,0.8949169794718425,0.4400770681875723,5,0.1411677684181497,0.8949169794718425,59.96002664890073
shruti_filming_1_flipped.mp4,4542,0,5,0.1398298158204448,0.8920822143554688,0.4399749473289207,5,0.1398298158204448,0.8920822143554688,59.96002664890073
shruti_filming_1_flipped.mp4,4543,0,5,0.1384654020988576,0.8886244455973308,0.4383649755407263,5,0.1384654020988576,0.8886244455973308,59.96002664890073
shruti_filming_1_flipped.mp4,4544,0,4,0.1377843315588625,0.8879117965698242,0.4344889605486834,4,0.1377843315588625,0.8879117965698242,59.96002664890073
shruti_filming_1_flipped.mp4,4545,0,4,0.1340993938442638,0.8843379974365234,0.4250608373571325,3,0.1340993938442638,0.8843379974365234,59.96002664890073
shruti_filming_1_flipped.mp4,4546,0,5,0.1306300194500363,0.8808452606201171,0.4136247705530237,4,0.1306300194500363,0.8808452606201171,59.96002664890073
shruti_filming_1_flipped.mp4,4547,0,6,0.1278788314696673,0.8785240173339843,0.4024266560872396,5,0.1278788314696673,0.8785240173339843,59.96002664890073
shruti_filming_1_flipped.mp4,4548,0,5,0.1239914974069688,0.8763219833374023,0.3867567274305555,4,0.1239914974069688,0.8763219833374023,59.96002664890073
shruti_filming_1_flipped.mp4,4549,0,4,0.1230938753150015,0.8745840072631836,0.3773169340910735,3,0.1230938753150015,0.8745840072631836,59.96002664890073
shruti_filming_1_flipped.mp4,4550,0,4,0.1201270869278232,0.8707611083984375,0.3559084856951678,3,0.1201270869278232,0.8707611083984375,59.96002664890073
shruti_filming_1_flipped.mp4,4551,0,4,0.1179227409892094,0.867267100016276,0.3436050415039062,3,0.1179227409892094,0.867267100016276,59.96002664890073
shruti_filming_1_flipped.mp4,4552,0,5,0.1132255130071037,0.8654698053995769,0.3281096281828703,4,0.1132255130071037,0.8654698053995769,59.96002664890073
shruti_filming_1_flipped.mp4,4553,0,4,0.1119422988655145,0.8622411727905274,0.3160395021791811,3,0.1119422988655145,0.8622411727905274,59.96002664890073
shruti_filming_1_flipped.mp4,4554,0,4,0.1095314527859941,0.8595880508422852,0.3041658189561632,3,0.1095314527859941,0.8595880508422852,59.96002664890073
shruti_filming_1_flipped.mp4,4555,0,5,0.1064700466334707,0.8558727264404297,0.2926520453559028,4,0.1064700466334707,0.8558727264404297,59.96002664890073
shruti_filming_1_flipped.mp4,4556,0,6,0.1039746853553281,0.8534596125284831,0.2826570864076967,5,0.1039746853553281,0.8534596125284831,59.96002664890073
shruti_filming_1_flipped.mp4,4557,0,7,0.1015453790687186,0.8520451227823893,0.270556386311849,6,0.1015453790687186,0.8520451227823893,59.96002664890073
shruti_filming_1_flipped.mp4,4558,0,8,0.0994737593257579,0.8502035140991211,0.2581771850585937,7,0.0994737593257579,0.8502035140991211,59.96002664890073
shruti_filming_1_flipped.mp4,4559,0,6,0.0973562458380884,0.8472309748331706,0.2465049461082176,4,0.0973562458380884,0.8472309748331706,59.96002664890073
shruti_filming_1_flipped.mp4,4560,1,7,0.0943211526279036,0.8441385269165039,0.2338656955295139,5,0.0943211526279036,0.8441385269165039,59.96002664890073
shruti_filming_1_flipped.mp4,4561,1,7,0.0921181675633609,0.8420337677001953,0.2245221455891927,5,0.0921181675633609,0.8420337677001953,59.96002664890073
shruti_filming_1_flipped.mp4,4562,1,5,0.0896601518662341,0.8391269683837891,0.2162261680320457,3,0.0896601518662341,0.8391269683837891,59.96002664890073
shruti_filming_1_flipped.mp4,4563,1,6,0.087466894404143,0.8383193969726562,0.2055095813892505,4,0.087466894404143,0.8383193969726562,59.96002664890073
shruti_filming_1_flipped.mp4,4564,1,6,0.0859860943024978,0.8363689422607422,0.1964118957519531,4,0.0859860943024978,0.8363689422607422,59.96002664890073
shruti_filming_1_flipped.mp4,4565,1,6,0.0844370068376129,0.8331581115722656,0.1845962241843894,4,0.0844370068376129,0.8331581115722656,59.96002664890073
shruti_filming_1_flipped.mp4,4566,1,7,0.0820439777302521,0.8298673629760742,0.1746011239510995,5,0.0820439777302521,0.8298673629760742,59.96002664890073
shruti_filming_1_flipped.mp4,4567,1,7,0.0805631432814213,0.8276201883951823,0.164349365234375,5,0.0805631432814213,0.8276201883951823,59.96002664890073
shruti_filming_1_flipped.mp4,4568,1,6,0.0801245654305482,0.8260868072509766,0.1500690036349826,4,0.0801245654305482,0.8260868072509766,59.96002664890073
shruti_filming_1_flipped.mp4,4569,1,7,0.0780752291238272,0.8244365692138672,0.1380416587547019,6,0.0780752291238272,0.8244365692138672,59.96002664890073
shruti_filming_1_flipped.mp4,4570,1,7,0.07715720379295,0.8230735778808593,0.1322009616427951,6,0.07715720379295,0.8230735778808593,59.96002664890073
shruti_filming_1_flipped.mp4,4571,1,7,0.0800690643338991,0.9975212097167968,0.7902816772460938,6,0.0755032196536464,0.8211964289347331,59.96002664890073
shruti_filming_1_flipped.mp4,4572,1,8,0.0842303778025476,0.9977546691894532,0.7817460236725984,7,0.0739856299417766,0.819348398844401,59.96002664890073
shruti_filming_1_flipped.mp4,4573,1,9,0.0894298443541305,0.9966094970703124,0.7684744940863715,8,0.0722110976468495,0.8169634501139323,59.96002664890073
shruti_filming_1_flipped.mp4,4574,1,9,0.0927570042703559,0.9967714309692384,0.7587235627350983,8,0.0704120087831455,0.8147080103556316,59.96002664890073
shruti_filming_1_flipped.mp4,4575,1,8,0.0970461069970761,0.9973325729370116,0.7497483430085359,7,0.0689663943373899,0.812916374206543,59.96002664890073
shruti_filming_1_flipped.mp4,4576,1,7,0.1019232425533657,0.9991348266601564,0.7380485817238137,6,0.0678571642114548,0.8121555964152019,59.96002664890073
shruti_filming_1_flipped.mp4,4577,1,6,0.110759644460071,0.9981002807617188,0.7178194399233218,5,0.0664936135877656,0.810199228922526,59.96002664890073
shruti_filming_1_flipped.mp4,4578,1,5,0.111113590413006,0.9977981567382812,0.7142367892795138,4,0.0656246647540171,0.8084671020507812,59.96002664890073
shruti_filming_1_flipped.mp4,4579,1,5,0.1147357343149911,0.9993629455566406,0.706772302698206,4,0.064253065342491,0.8065876007080078,59.96002664890073
shruti_filming_1_flipped.mp4,4580,1,6,0.1184125463686521,0.9994085311889648,0.698191663953993,5,0.0628178420396633,0.8041113535563151,59.96002664890073
shruti_filming_1_flipped.mp4,4581,1,6,0.1194732292124967,0.9984760920206706,0.6947466814959491,5,0.061770151602212,0.8021127700805664,59.96002664890073
shruti_filming_1_flipped.mp4,4582,1,5,0.1227684558951727,0.9986459732055664,0.686669526276765,4,0.0602020804730677,0.8012272516886393,59.96002664890073
shruti_filming_1_flipped.mp4,4583,1,5,0.1255537104859939,0.998422622680664,0.680238116229022,4,0.0585205289174768,0.7997011184692383,59.96002664890073
shruti_filming_1_flipped.mp4,4584,1,5,0.1278152051639748,0.9985334396362304,0.6755696049442997,4,0.0572325783529474,0.7988218307495117,59.96002664890073
shruti_filming_1_flipped.mp4,4585,1,5,0.1311643109340716,0.9987224578857422,0.6677608348705151,4,0.056960441227528,0.7974040985107422,59.96002664890073
shruti_filming_1_flipped.mp4,4586,1,7,0.1337054541503312,0.9987880706787108,0.661709142614294,6,0.0554018321686696,0.7957235336303711,59.96002664890073
shruti_filming_1_flipped.mp4,4587,1,8,0.1357754603436397,0.9990713755289714,0.656019761827257,7,0.0543760713802475,0.7938989639282227,59.96002664890073
shruti_filming_1_flipped.mp4,4588,1,6,0.1377315652311598,0.9989296595255532,0.6510667023835359,5,0.0531434081306441,0.7928490320841471,59.96002664890073
shruti_filming_1_flipped.mp4,4589,1,6,0.1408354690531268,0.9988517761230468,0.642156078197338,5,0.0522577116300063,0.7919881820678711,59.96002664890073
shruti_filming_1_flipped.mp4,4590,1,6,0.1420132966457548,0.9989326477050782,0.6382823237666377,5,0.0514843965255217,0.7909040451049805,59.96002664890073
shruti_filming_1_flipped.mp4,4591,1,6,0.1446895548278382,0.9988405863444012,0.6327787046079283,5,0.0501376612007906,0.7900560379028321,59.96002664890073
shruti_filming_1_flipped.mp4,4592,1,8,0.1460613634990295,0.9987478892008465,0.6283871120876736,7,0.0491251021111384,0.7889097213745118,59.96002664890073
shruti_filming_1_flipped.mp4,4593,1,9,0.1483070288904415,0.9987924575805665,0.622498858416522,8,0.0489480271425822,0.7877742131551106,59.96002664890073
shruti_filming_1_flipped.mp4,4594,1,8,0.1488355658500186,0.9980949401855468,0.6179795441804109,7,0.0471177293155859,0.7863601684570313,59.96002664890073
shruti_filming_1_flipped.mp4,4595,1,9,0.1518048674408612,0.9990699768066408,0.6115840770580151,8,0.0462169968969775,0.7854609807332357,59.96002664890073
shruti_filming_1_flipped.mp4,4596,1,7,0.1524783974640929,0.9982887268066406,0.6061160052264178,6,0.0455567893380928,0.784493891398112,59.96002664890073
shruti_filming_1_flipped.mp4,4597,1,7,0.1553948486334088,0.99903990427653,0.6019761262116609,6,0.0454272791837704,0.7820613861083985,59.96002664890073
shruti_filming_1_flipped.mp4,4598,1,7,0.1575098414776665,0.9989999771118164,0.5985132853190104,7,0.1575098414776665,0.9989999771118164,59.96002664890073
shruti_filming_1_flipped.mp4,4599,1,6,0.1588754497657969,0.9990053176879884,0.5953238593207465,6,0.1588754497657969,0.9990053176879884,59.96002664890073
shruti_filming_1_flipped.mp4,4600,1,6,0.160970702941219,0.9989647547403973,0.592436839916088,6,0.160970702941219,0.9989647547403973,59.96002664890073
shruti_filming_1_flipped.mp4,4601,1,8,0.1612511743902211,0.999073600769043,0.5895241066261574,8,0.1612511743902211,0.999073600769043,59.96002664890073
shruti_filming_1_flipped.mp4,4602,1,6,0.163374576306281,0.9991989135742188,0.586167738172743,6,0.163374576306281,0.9991989135742188,59.96002664890073
shruti_filming_1_flipped.mp4,4603,1,6,0.1647410844993902,0.9991941452026368,0.5839053118670429,6,0.1647410844993902,0.9991941452026368,59.96002664890073
shruti_filming_1_flipped.mp4,4604,1,5,0.1657981782664299,0.999213473002116,0.5817548398618345,5,0.1657981782664299,0.999213473002116,59.96002664890073
shruti_filming_1_flipped.mp4,4605,1,5,0.166331163662835,0.999189821879069,0.5773271348741319,5,0.166331163662835,0.999189821879069,59.96002664890073
shruti_filming_1_flipped.mp4,4606,1,5,0.1672372132361892,0.9987548828125,0.5739200168185764,5,0.1672372132361892,0.9987548828125,59.96002664890073
shruti_filming_1_flipped.mp4,4607,1,5,0.1680068147460783,0.9989648818969726,0.5702027497468172,5,0.1680068147460783,0.9989648818969726,59.96002664890073
shruti_filming_1_flipped.mp4,4608,1,4,0.1717641514689118,0.9986289978027344,0.5638254801432292,4,0.1717641514689118,0.9986289978027344,59.96002664890073
shruti_filming_1_flipped.mp4,4609,1,4,0.1734649906813542,0.9977994918823242,0.5600221421983507,4,0.1734649906813542,0.9977994918823242,59.96002664890073
shruti_filming_1_flipped.mp4,4610,1,6,0.1736608143768454,0.9982266108194988,0.5595348782009548,6,0.1736608143768454,0.9982266108194988,59.96002664890073
shruti_filming_1_flipped.mp4,4611,1,5,0.1747839681893755,0.9985636393229168,0.5566597832573785,5,0.1747839681893755,0.9985636393229168,59.96002664890073
shruti_filming_1_flipped.mp4,4612,1,4,0.1765705871419696,0.9985867182413736,0.5538272433810764,4,0.1765705871419696,0.9985867182413736,59.96002664890073
shruti_filming_1_flipped.mp4,4613,1,4,0.1779142577400794,0.9987188339233398,0.55016439932364,4,0.1779142577400794,0.9987188339233398,59.96002664890073
shruti_filming_1_flipped.mp4,4614,1,4,0.1774008156821838,0.9984482447306317,0.5473286381474247,4,0.1774008156821838,0.9984482447306317,59.96002664890073
shruti_filming_1_flipped.mp4,4615,1,4,0.1782635312717096,0.9984479904174804,0.5431670577437789,4,0.1782635312717096,0.9984479904174804,59.96002664890073
shruti_filming_1_flipped.mp4,4616,1,5,0.1802799183042414,0.9989887873331704,0.5412651344581887,5,0.1802799183042414,0.9989887873331704,59.96002664890073
shruti_filming_1_flipped.mp4,4617,1,4,0.1787780290443657,0.9981817881266276,0.5395495944552952,4,0.1787780290443657,0.9981817881266276,59.96002664890073
shruti_filming_1_flipped.mp4,4618,1,4,0.1801823971371157,0.9984745025634766,0.5372968320493345,4,0.1801823971371157,0.9984745025634766,59.96002664890073
shruti_filming_1_flipped.mp4,4619,1,5,0.1818371303307099,0.9990383783976235,0.5364417182074652,5,0.1818371303307099,0.9990383783976235,59.96002664890073
shruti_filming_1_flipped.mp4,4620,1,7,0.1818801507638353,0.9986734390258788,0.5326113100405092,7,0.1818801507638353,0.9986734390258788,59.96002664890073
shruti_filming_1_flipped.mp4,4621,1,5,0.1831267755884097,0.998532485961914,0.5300780684859664,5,0.1831267755884097,0.998532485961914,59.96002664890073
